INSERT INTO art_ping.calendar VALUES ('e31b3594-0266-4258-8e30-9d1022e4efe0', 'calendar0', true, '2021-12-23T15:56:45.350735100', 0, null, '09:00', '18:00');
INSERT INTO art_ping.calendar VALUES ('67246d3f-8701-4c01-8736-41cff0bbc062', 'calendar1', true, '2021-12-23T15:56:45.350735100', 0, null, '09:00', '18:00');
INSERT INTO art_ping.calendar VALUES ('306a5472-189c-4972-b016-25d8da988d9a', 'calendar2', true, '2021-12-23T15:56:45.350735100', 0, null, '09:00', '18:00');
INSERT INTO art_ping.calendar VALUES ('fc205b82-2a93-4ea6-87ec-587b082bc0f5', 'calendar3', true, '2021-12-23T15:56:45.350735100', 0, null, '09:00', '18:00');
INSERT INTO art_ping.calendar VALUES ('5e882683-de03-498b-99f7-8e12bc3ec1cb', 'calendar4', true, '2021-12-23T15:56:45.350735100', 0, null, '09:00', '18:00');
INSERT INTO art_ping.calendar VALUES ('4fb9de68-e7b6-45af-aa38-5912b6c3a7ad', 'calendar5', true, '2021-12-23T15:56:45.351735900', 0, null, '09:00', '18:00');
INSERT INTO art_ping.calendar VALUES ('4d1c6b46-b965-439f-9fcc-0e45453ba2b6', 'calendar6', true, '2021-12-23T15:56:45.351735900', 0, null, '09:00', '18:00');
INSERT INTO art_ping.calendar VALUES ('3ea41cd2-2e35-467b-a976-9406d9c891da', 'calendar7', true, '2021-12-23T15:56:45.351735900', 0, null, '09:00', '18:00');
INSERT INTO art_ping.calendar VALUES ('6eab5509-7a0b-41f7-b4cc-4cba817a5a6d', 'calendar8', true, '2021-12-23T15:56:45.351735900', 0, null, '09:00', '18:00');
INSERT INTO art_ping.calendar VALUES ('5a3150d1-0daf-45c3-81b2-90d6309551af', 'calendar9', true, '2021-12-23T15:56:45.351735900', 0, null, '09:00', '18:00');
INSERT INTO art_ping.calendar VALUES ('802b57b2-dc55-4ffa-b4fa-195259182c8c', 'calendar10', true, '2021-12-23T15:56:45.351735900', 0, null, '09:00', '18:00');
INSERT INTO art_ping.calendar VALUES ('b064dd5f-52a1-4b23-a462-daf5a3f31f3b', 'calendar11', true, '2021-12-23T15:56:45.351735900', 0, null, '09:00', '18:00');
INSERT INTO art_ping.calendar VALUES ('ca70c6d6-f9ce-4038-82f0-9962fb960763', 'calendar12', true, '2021-12-23T15:56:45.351735900', 0, null, '09:00', '18:00');
INSERT INTO art_ping.calendar VALUES ('4780f695-b40f-41e9-9e69-fed72d1b2522', 'calendar13', true, '2021-12-23T15:56:45.351735900', 0, null, '09:00', '18:00');
INSERT INTO art_ping.calendar VALUES ('6a3fc83c-5be8-4ae8-a267-c99e818c896d', 'calendar14', true, '2021-12-23T15:56:45.351735900', 0, null, '09:00', '18:00');
INSERT INTO art_ping.calendar VALUES ('0698bb6d-7505-49ea-99c4-f4d66e57172b', 'calendar15', true, '2021-12-23T15:56:45.352735700', 0, null, '09:00', '18:00');
INSERT INTO art_ping.calendar VALUES ('72be929c-8187-459f-a698-1a08fa9a158b', 'calendar16', true, '2021-12-23T15:56:45.352735700', 0, null, '09:00', '18:00');
INSERT INTO art_ping.calendar VALUES ('a1c18b37-669c-4ad4-80f8-daa8d99c24d9', 'calendar17', true, '2021-12-23T15:56:45.352735700', 0, null, '09:00', '18:00');
INSERT INTO art_ping.calendar VALUES ('43c5a337-ec92-4fc9-955e-599163eab623', 'calendar18', true, '2021-12-23T15:56:45.352735700', 0, null, '09:00', '18:00');
INSERT INTO art_ping.calendar VALUES ('4f6093ac-29bf-457b-9d82-0d7d7c2f089f', 'calendar19', true, '2021-12-23T15:56:45.352735700', 0, null, '09:00', '18:00');
INSERT INTO art_ping.calendar VALUES ('4612e905-6868-46e2-a497-c81d84aa4e17', 'calendar20', true, '2021-12-23T15:56:45.352735700', 0, null, '09:00', '18:00');
INSERT INTO art_ping.calendar VALUES ('df7cd170-3522-42ba-a7fa-9716ad07d655', 'calendar21', true, '2021-12-23T15:56:45.352735700', 0, null, '09:00', '18:00');
INSERT INTO art_ping.calendar VALUES ('622396c0-963d-4851-a3c8-5f5c6a5ff6bb', 'calendar22', true, '2021-12-23T15:56:45.352735700', 0, null, '09:00', '18:00');
INSERT INTO art_ping.calendar VALUES ('611b024c-b6c6-4bf8-a1f4-2706452ffe8d', 'calendar23', true, '2021-12-23T15:56:45.352735700', 0, null, '09:00', '18:00');
INSERT INTO art_ping.calendar VALUES ('4e8599db-4282-47bf-8d07-a9a0f4be8445', 'calendar24', true, '2021-12-23T15:56:45.352735700', 0, null, '09:00', '18:00');
INSERT INTO art_ping.calendar VALUES ('b3c2f88d-2941-46c1-b33d-0ffb2dbb0c85', 'calendar25', true, '2021-12-23T15:56:45.353737700', 0, null, '09:00', '18:00');
INSERT INTO art_ping.calendar VALUES ('2f770549-a4ad-4a69-822b-3db886f9dc7f', 'calendar26', true, '2021-12-23T15:56:45.353737700', 0, null, '09:00', '18:00');
INSERT INTO art_ping.calendar VALUES ('fbbbbd43-e6f6-4627-bd74-24d84772a586', 'calendar27', true, '2021-12-23T15:56:45.353737700', 0, null, '09:00', '18:00');
INSERT INTO art_ping.calendar VALUES ('4b1b94fa-03ec-44bf-bfd0-17cc42b6ce76', 'calendar28', true, '2021-12-23T15:56:45.353737700', 0, null, '09:00', '18:00');
INSERT INTO art_ping.calendar VALUES ('debfb7a9-fe4c-45c7-9a4f-2c5143c9c1ca', 'calendar29', true, '2021-12-23T15:56:45.353737700', 0, null, '09:00', '18:00');
INSERT INTO art_ping.calendar VALUES ('3ca8d6d0-3ab2-4e7d-b43a-e789476d70cd', 'calendar30', true, '2021-12-23T15:56:45.353737700', 0, null, '09:00', '18:00');
INSERT INTO art_ping.calendar VALUES ('78c12def-4023-47c7-aa79-f78ace80f3c6', 'calendar31', true, '2021-12-23T15:56:45.353737700', 0, null, '09:00', '18:00');
INSERT INTO art_ping.calendar VALUES ('efaf2c31-3480-421a-bb39-03aa8dad35d8', 'calendar32', true, '2021-12-23T15:56:45.354737400', 0, null, '09:00', '18:00');
INSERT INTO art_ping.calendar VALUES ('f85375e3-ece3-447f-81a6-2931737032df', 'calendar33', true, '2021-12-23T15:56:45.354737400', 0, null, '09:00', '18:00');
INSERT INTO art_ping.calendar VALUES ('4f8309e8-83d1-4eaf-9912-b667ae17a8f4', 'calendar34', true, '2021-12-23T15:56:45.354737400', 0, null, '09:00', '18:00');
INSERT INTO art_ping.calendar VALUES ('afb13774-007e-435b-bf7b-173551fd2c8e', 'calendar35', true, '2021-12-23T15:56:45.354737400', 0, null, '09:00', '18:00');
INSERT INTO art_ping.calendar VALUES ('6075a23e-038c-470c-a0bb-d3277b3efb72', 'calendar36', true, '2021-12-23T15:56:45.354737400', 0, null, '09:00', '18:00');
INSERT INTO art_ping.calendar VALUES ('d7c4b3c8-6301-414d-b394-9c6ca223a4ce', 'calendar37', true, '2021-12-23T15:56:45.354737400', 0, null, '09:00', '18:00');
INSERT INTO art_ping.calendar VALUES ('8f58430d-dc78-447d-b06c-c901317bc8d2', 'calendar38', true, '2021-12-23T15:56:45.354737400', 0, null, '09:00', '18:00');
INSERT INTO art_ping.calendar VALUES ('6566ab75-9d9c-4b15-a7da-d064ec296488', 'calendar39', true, '2021-12-23T15:56:45.355735800', 0, null, '09:00', '18:00');
INSERT INTO art_ping.calendar VALUES ('1efce7ca-fc5b-4e84-ab9b-e1eb6771660f', 'calendar40', true, '2021-12-23T15:56:45.355735800', 0, null, '09:00', '18:00');
INSERT INTO art_ping.calendar VALUES ('774135d2-f0e3-47c2-8496-78319f1757d0', 'calendar41', true, '2021-12-23T15:56:45.355735800', 0, null, '09:00', '18:00');
INSERT INTO art_ping.calendar VALUES ('8d334fa6-c85d-4b3d-b6ed-68e7e0b4c937', 'calendar42', true, '2021-12-23T15:56:45.355735800', 0, null, '09:00', '18:00');
INSERT INTO art_ping.calendar VALUES ('d8388a24-a630-4227-8cf0-087dcf0f37b9', 'calendar43', true, '2021-12-23T15:56:45.355735800', 0, null, '09:00', '18:00');
INSERT INTO art_ping.calendar VALUES ('f0ff4fa0-137f-466d-bc0e-38e49a2efaa5', 'calendar44', true, '2021-12-23T15:56:45.355735800', 0, null, '09:00', '18:00');
INSERT INTO art_ping.calendar VALUES ('a4209d3d-5caf-4758-a5f1-9042192715fe', 'calendar45', true, '2021-12-23T15:56:45.355735800', 0, null, '09:00', '18:00');
INSERT INTO art_ping.calendar VALUES ('6740ee80-af1f-4f7c-830d-0022eb5c71ff', 'calendar46', true, '2021-12-23T15:56:45.355735800', 0, null, '09:00', '18:00');
INSERT INTO art_ping.calendar VALUES ('98884dec-90c3-4401-a86e-6547cddf37b8', 'calendar47', true, '2021-12-23T15:56:45.355735800', 0, null, '09:00', '18:00');
INSERT INTO art_ping.calendar VALUES ('63f37abf-72e7-4621-85dc-6b7f966e5f16', 'calendar48', true, '2021-12-23T15:56:45.355735800', 0, null, '09:00', '18:00');
INSERT INTO art_ping.calendar VALUES ('79f0840b-c9b7-4da8-a723-94850b7de070', 'calendar49', true, '2021-12-23T15:56:45.355735800', 0, null, '09:00', '18:00');
INSERT INTO art_ping.calendar VALUES ('aade0833-a5ef-43d2-b86a-fd91831abead', 'calendar50', true, '2021-12-23T15:56:45.355735800', 0, null, '09:00', '18:00');
INSERT INTO art_ping.calendar VALUES ('005f8dc7-725b-4ee4-83ab-d907b9988944', 'calendar51', true, '2021-12-23T15:56:45.355735800', 0, null, '09:00', '18:00');
INSERT INTO art_ping.calendar VALUES ('be21ba46-06d5-42d8-bc3f-703f93cb2233', 'calendar52', true, '2021-12-23T15:56:45.355735800', 0, null, '09:00', '18:00');
INSERT INTO art_ping.calendar VALUES ('8312d085-9406-4947-8103-df526897834a', 'calendar53', true, '2021-12-23T15:56:45.355735800', 0, null, '09:00', '18:00');
INSERT INTO art_ping.calendar VALUES ('27382e9f-cf4e-4481-97bc-1f9e98d854fb', 'calendar54', true, '2021-12-23T15:56:45.355735800', 0, null, '09:00', '18:00');
INSERT INTO art_ping.calendar VALUES ('c6f8565c-983c-4f3a-bf19-90c83d1ac25e', 'calendar55', true, '2021-12-23T15:56:45.356737', 0, null, '09:00', '18:00');
INSERT INTO art_ping.calendar VALUES ('42967912-6ba9-4728-ba0d-afa5525b1b25', 'calendar56', true, '2021-12-23T15:56:45.356737', 0, null, '09:00', '18:00');
INSERT INTO art_ping.calendar VALUES ('ca196dd7-5deb-45a2-b88b-ae966af9b597', 'calendar57', true, '2021-12-23T15:56:45.356737', 0, null, '09:00', '18:00');
INSERT INTO art_ping.calendar VALUES ('a75f9563-6d25-4f63-9f5c-55202d6b830f', 'calendar58', true, '2021-12-23T15:56:45.356737', 0, null, '09:00', '18:00');
INSERT INTO art_ping.calendar VALUES ('65b30d5f-f607-43c7-8c6d-7ca7ced24c0c', 'calendar59', true, '2021-12-23T15:56:45.356737', 0, null, '09:00', '18:00');
INSERT INTO art_ping.calendar VALUES ('75ffb36c-275b-4fff-bc47-d5ad63139032', 'calendar60', true, '2021-12-23T15:56:45.356737', 0, null, '09:00', '18:00');
INSERT INTO art_ping.calendar VALUES ('4887c24d-fb47-4d03-a3d5-c84d4cc9d748', 'calendar61', true, '2021-12-23T15:56:45.356737', 0, null, '09:00', '18:00');
INSERT INTO art_ping.calendar VALUES ('ece84e5d-f32a-4165-aaeb-9c7fcf4ad087', 'calendar62', true, '2021-12-23T15:56:45.356737', 0, null, '09:00', '18:00');
INSERT INTO art_ping.calendar VALUES ('e82d3ca7-23bd-48c0-a0c3-b52d05aeaced', 'calendar63', true, '2021-12-23T15:56:45.356737', 0, null, '09:00', '18:00');
INSERT INTO art_ping.calendar VALUES ('3921a3c2-4c27-4f38-a3d7-31155177d4b4', 'calendar64', true, '2021-12-23T15:56:45.356737', 0, null, '09:00', '18:00');
INSERT INTO art_ping.calendar VALUES ('d31f9382-b96d-477a-9079-9453e36b1b8d', 'calendar65', true, '2021-12-23T15:56:45.356737', 0, null, '09:00', '18:00');
INSERT INTO art_ping.calendar VALUES ('5d0fe03f-ed10-4373-bb72-2206c079ab4d', 'calendar66', true, '2021-12-23T15:56:45.356737', 0, null, '09:00', '18:00');
INSERT INTO art_ping.calendar VALUES ('48846e78-d51d-43cd-95d8-4f963493c3af', 'calendar67', true, '2021-12-23T15:56:45.356737', 0, null, '09:00', '18:00');
INSERT INTO art_ping.calendar VALUES ('90405144-abf7-4c23-bb5e-c4c60b07823c', 'calendar68', true, '2021-12-23T15:56:45.356737', 0, null, '09:00', '18:00');
INSERT INTO art_ping.calendar VALUES ('0d7171bd-533b-42d4-81b6-b83f59151ca6', 'calendar69', true, '2021-12-23T15:56:45.357737', 0, null, '09:00', '18:00');
INSERT INTO art_ping.calendar VALUES ('f83e41d6-04f0-4b04-b4f1-949c46b31d00', 'calendar70', true, '2021-12-23T15:56:45.357737', 0, null, '09:00', '18:00');
INSERT INTO art_ping.calendar VALUES ('6602d6f2-fafc-4385-8b9f-17a298f78595', 'calendar71', true, '2021-12-23T15:56:45.357737', 0, null, '09:00', '18:00');
INSERT INTO art_ping.calendar VALUES ('0765f6e0-08a7-4421-bd3c-97e427c474fc', 'calendar72', true, '2021-12-23T15:56:45.357737', 0, null, '09:00', '18:00');
INSERT INTO art_ping.calendar VALUES ('5733cf63-c111-4b7e-b3c6-b2db6beecb07', 'calendar73', true, '2021-12-23T15:56:45.357737', 0, null, '09:00', '18:00');
INSERT INTO art_ping.calendar VALUES ('cd21ba88-d073-4a67-a7c0-5eaef8b85809', 'calendar74', true, '2021-12-23T15:56:45.358151500', 0, null, '09:00', '18:00');
INSERT INTO art_ping.calendar VALUES ('eca3e110-990e-41b7-ba9d-a62f8a56a4f3', 'calendar75', true, '2021-12-23T15:56:45.358151500', 0, null, '09:00', '18:00');
INSERT INTO art_ping.calendar VALUES ('23775748-0ced-4446-a6d7-d6913f30ff57', 'calendar76', true, '2021-12-23T15:56:45.358151500', 0, null, '09:00', '18:00');
INSERT INTO art_ping.calendar VALUES ('b2e5aa59-05c9-4c12-9328-18bce88ee49a', 'calendar77', true, '2021-12-23T15:56:45.358151500', 0, null, '09:00', '18:00');
INSERT INTO art_ping.calendar VALUES ('e8bd2e59-8616-4a24-a43d-18aa57a45a96', 'calendar78', true, '2021-12-23T15:56:45.358151500', 0, null, '09:00', '18:00');
INSERT INTO art_ping.calendar VALUES ('a669e8f0-dd0f-4e0d-bf3a-e16bd701feca', 'calendar79', true, '2021-12-23T15:56:45.358151500', 0, null, '09:00', '18:00');
INSERT INTO art_ping.calendar VALUES ('567f95ff-0272-471e-a091-5ba82268387c', 'calendar80', true, '2021-12-23T15:56:45.358151500', 0, null, '09:00', '18:00');
INSERT INTO art_ping.calendar VALUES ('f85b781d-f893-42df-9968-5685647133ee', 'calendar81', true, '2021-12-23T15:56:45.358151500', 0, null, '09:00', '18:00');
INSERT INTO art_ping.calendar VALUES ('49e35ed1-5eb8-47d3-988b-e65d5c65f597', 'calendar82', true, '2021-12-23T15:56:45.358151500', 0, null, '09:00', '18:00');
INSERT INTO art_ping.calendar VALUES ('d3cd12c5-22c2-4632-9750-1b44ccdbe5c8', 'calendar83', true, '2021-12-23T15:56:45.358151500', 0, null, '09:00', '18:00');
INSERT INTO art_ping.calendar VALUES ('fb545b92-c2c4-4225-be9c-77449368ff15', 'calendar84', true, '2021-12-23T15:56:45.358151500', 0, null, '09:00', '18:00');
INSERT INTO art_ping.calendar VALUES ('886154e8-0b6b-4b1a-9712-137acd2d2b8b', 'calendar85', true, '2021-12-23T15:56:45.358151500', 0, null, '09:00', '18:00');
INSERT INTO art_ping.calendar VALUES ('bac72bd4-1f06-4610-b7e0-d68506e54a15', 'calendar86', true, '2021-12-23T15:56:45.358151500', 0, null, '09:00', '18:00');
INSERT INTO art_ping.calendar VALUES ('b66bb045-a363-45f8-a092-7b71249790c5', 'calendar87', true, '2021-12-23T15:56:45.358151500', 0, null, '09:00', '18:00');
INSERT INTO art_ping.calendar VALUES ('ba2e1531-bb80-4079-88e9-ad92712dc869', 'calendar88', true, '2021-12-23T15:56:45.358151500', 0, null, '09:00', '18:00');
INSERT INTO art_ping.calendar VALUES ('0f73303c-5a23-4777-9c8b-720a36f1b310', 'calendar89', true, '2021-12-23T15:56:45.358151500', 0, null, '09:00', '18:00');
INSERT INTO art_ping.calendar VALUES ('9e1dbd73-6f0f-400c-ab9f-a68b5bb6d464', 'calendar90', true, '2021-12-23T15:56:45.358734500', 0, null, '09:00', '18:00');
INSERT INTO art_ping.calendar VALUES ('29489e16-430c-414f-9fc9-1ba60487d240', 'calendar91', true, '2021-12-23T15:56:45.358734500', 0, null, '09:00', '18:00');
INSERT INTO art_ping.calendar VALUES ('3d16975c-4312-4f03-b5d5-27a4eae6925c', 'calendar92', true, '2021-12-23T15:56:45.358734500', 0, null, '09:00', '18:00');
INSERT INTO art_ping.calendar VALUES ('f1544fbc-c53f-47dc-8c5a-1940e4ed4cd2', 'calendar93', true, '2021-12-23T15:56:45.358734500', 0, null, '09:00', '18:00');
INSERT INTO art_ping.calendar VALUES ('0c938dfe-6bdb-4fd6-bb0a-df38a9e1ae80', 'calendar94', true, '2021-12-23T15:56:45.358734500', 0, null, '09:00', '18:00');
INSERT INTO art_ping.calendar VALUES ('8aa49b9c-600d-460b-8503-fb9de25b7174', 'calendar95', true, '2021-12-23T15:56:45.358734500', 0, null, '09:00', '18:00');
INSERT INTO art_ping.calendar VALUES ('d7310f65-c734-4e83-b875-7c01e33250dc', 'calendar96', true, '2021-12-23T15:56:45.358734500', 0, null, '09:00', '18:00');
INSERT INTO art_ping.calendar VALUES ('9ecad47a-2227-4f3d-8f7d-f1e21389be51', 'calendar97', true, '2021-12-23T15:56:45.358734500', 0, null, '09:00', '18:00');
INSERT INTO art_ping.calendar VALUES ('982dd106-6950-49b2-b95a-27220c22ee37', 'calendar98', true, '2021-12-23T15:56:45.358734500', 0, null, '09:00', '18:00');
INSERT INTO art_ping.calendar VALUES ('453ead52-aea1-4f91-b834-f75909f84808', 'calendar99', true, '2021-12-23T15:56:45.358734500', 0, null, '09:00', '18:00');
INSERT INTO art_ping.calendar VALUES ('bcca4f69-b16f-4f53-8049-036acb833630', 'calendar100', true, '2021-12-23T15:56:45.358734500', 0, null, '09:00', '18:00');
INSERT INTO art_ping.calendar VALUES ('9d39e79d-c72a-4ba8-a106-e0bd5b4a2c9b', 'calendar101', true, '2021-12-23T15:56:45.358734500', 0, null, '09:00', '18:00');
INSERT INTO art_ping.calendar VALUES ('a235b392-0594-447a-8cf4-57ea8864c784', 'calendar102', true, '2021-12-23T15:56:45.358734500', 0, null, '09:00', '18:00');
INSERT INTO art_ping.calendar VALUES ('81d84e96-db7c-46b3-aaef-338fbf47544a', 'calendar103', true, '2021-12-23T15:56:45.358734500', 0, null, '09:00', '18:00');
INSERT INTO art_ping.calendar VALUES ('85e5ef9a-7ad5-4834-83ec-edf2dccc3ef9', 'calendar104', true, '2021-12-23T15:56:45.358734500', 0, null, '09:00', '18:00');
INSERT INTO art_ping.calendar VALUES ('838a71f7-3398-46e5-bd09-1c7b53c6b0eb', 'calendar105', true, '2021-12-23T15:56:45.358734500', 0, null, '09:00', '18:00');
INSERT INTO art_ping.calendar VALUES ('7061fcee-5c59-426b-ba35-44c82724e8b7', 'calendar106', true, '2021-12-23T15:56:45.358734500', 0, null, '09:00', '18:00');
INSERT INTO art_ping.calendar VALUES ('987a48d2-2eed-492e-adbb-718872384007', 'calendar107', true, '2021-12-23T15:56:45.358734500', 0, null, '09:00', '18:00');
INSERT INTO art_ping.calendar VALUES ('83fb83f4-7544-4f51-993a-47cabe040e5c', 'calendar108', true, '2021-12-23T15:56:45.358734500', 0, null, '09:00', '18:00');
INSERT INTO art_ping.calendar VALUES ('e68ad155-c07f-4b3c-8022-66f96be8c2bf', 'calendar109', true, '2021-12-23T15:56:45.358734500', 0, null, '09:00', '18:00');
INSERT INTO art_ping.calendar VALUES ('0a939078-93cc-4024-be1c-fce3e236261e', 'calendar110', true, '2021-12-23T15:56:45.358734500', 0, null, '09:00', '18:00');
INSERT INTO art_ping.calendar VALUES ('7adf3ff0-be1c-46b4-831a-11f4faf1b392', 'calendar111', true, '2021-12-23T15:56:45.358734500', 0, null, '09:00', '18:00');
INSERT INTO art_ping.calendar VALUES ('18b737d7-d971-4249-b85a-545311ad1dca', 'calendar112', true, '2021-12-23T15:56:45.358734500', 0, null, '09:00', '18:00');
INSERT INTO art_ping.calendar VALUES ('4b1ba17b-5803-4657-aeff-19741575fd9d', 'calendar113', true, '2021-12-23T15:56:45.358734500', 0, null, '09:00', '18:00');
INSERT INTO art_ping.calendar VALUES ('79addf55-93b8-4c64-b146-17a58580b4ff', 'calendar114', true, '2021-12-23T15:56:45.358734500', 0, null, '09:00', '18:00');
INSERT INTO art_ping.calendar VALUES ('4ad4a8b0-be32-4038-8805-842060a2a44a', 'calendar115', true, '2021-12-23T15:56:45.358734500', 0, null, '09:00', '18:00');
INSERT INTO art_ping.calendar VALUES ('d4552982-6b20-4953-a229-ab5c109eda88', 'calendar116', true, '2021-12-23T15:56:45.358734500', 0, null, '09:00', '18:00');
INSERT INTO art_ping.calendar VALUES ('0cf01225-a8a0-423e-aaa4-cabdeddf233e', 'calendar117', true, '2021-12-23T15:56:45.358734500', 0, null, '09:00', '18:00');
INSERT INTO art_ping.calendar VALUES ('df638e33-b2a7-45be-9e78-c44dd676c73c', 'calendar118', true, '2021-12-23T15:56:45.358734500', 0, null, '09:00', '18:00');
INSERT INTO art_ping.calendar VALUES ('eab6a16f-e17b-4322-93d4-ad382394206d', 'calendar119', true, '2021-12-23T15:56:45.358734500', 0, null, '09:00', '18:00');
INSERT INTO art_ping.calendar VALUES ('414993a3-0e1d-4c3b-8fe5-03d8e5b8cc47', 'calendar120', true, '2021-12-23T15:56:45.359737200', 0, null, '09:00', '18:00');
INSERT INTO art_ping.calendar VALUES ('cdce9691-aa7a-4610-8b37-8d2c9209c72d', 'calendar121', true, '2021-12-23T15:56:45.359737200', 0, null, '09:00', '18:00');
INSERT INTO art_ping.calendar VALUES ('a7486ce1-a4d7-43a8-a3e9-a9bc45473eaa', 'calendar122', true, '2021-12-23T15:56:45.359737200', 0, null, '09:00', '18:00');
INSERT INTO art_ping.calendar VALUES ('3e282a1a-a35a-4b7c-b629-a2f1b356f0fe', 'calendar123', true, '2021-12-23T15:56:45.359737200', 0, null, '09:00', '18:00');
INSERT INTO art_ping.calendar VALUES ('bd33e50b-d99e-4f0f-b2eb-191673b80876', 'calendar124', true, '2021-12-23T15:56:45.359737200', 0, null, '09:00', '18:00');
INSERT INTO art_ping.calendar VALUES ('560183ad-37a6-4a3b-b797-75616dada42a', 'calendar125', true, '2021-12-23T15:56:45.359737200', 0, null, '09:00', '18:00');
INSERT INTO art_ping.calendar VALUES ('ad61be45-0c7f-4c95-be8b-608340beb8ee', 'calendar126', true, '2021-12-23T15:56:45.359737200', 0, null, '09:00', '18:00');
INSERT INTO art_ping.calendar VALUES ('fc694cb1-0f0a-4453-b24f-ef2f835f9ef6', 'calendar127', true, '2021-12-23T15:56:45.359737200', 0, null, '09:00', '18:00');
INSERT INTO art_ping.calendar VALUES ('bf441199-ac71-46e6-966f-13b0db15c311', 'calendar128', true, '2021-12-23T15:56:45.359737200', 0, null, '09:00', '18:00');
INSERT INTO art_ping.calendar VALUES ('1a3e5cab-ecf1-4f1a-b2f2-d8a796f6110d', 'calendar129', true, '2021-12-23T15:56:45.359737200', 0, null, '09:00', '18:00');
INSERT INTO art_ping.calendar VALUES ('d1376795-a931-4377-9d64-ded7eca835e0', 'calendar130', true, '2021-12-23T15:56:45.359737200', 0, null, '09:00', '18:00');
INSERT INTO art_ping.calendar VALUES ('10387938-3ba2-4382-8a36-f7a5769851e4', 'calendar131', true, '2021-12-23T15:56:45.359737200', 0, null, '09:00', '18:00');
INSERT INTO art_ping.calendar VALUES ('bef94631-81a4-4874-8f09-aa1fc75cd486', 'calendar132', true, '2021-12-23T15:56:45.359737200', 0, null, '09:00', '18:00');
INSERT INTO art_ping.office VALUES ('4330eb01-454e-4065-9e70-f771f076717e', 'office0', 'UTC+3', 'd31f9382-b96d-477a-9079-9453e36b1b8d');
INSERT INTO art_ping.office VALUES ('d24c78d8-6b42-4ed4-bfc1-eb123b4a5ed9', 'office1', 'UTC+3', '611b024c-b6c6-4bf8-a1f4-2706452ffe8d');
INSERT INTO art_ping.office VALUES ('0afa91b4-4fa1-4d4a-9595-bd88b0e4343d', 'office2', 'UTC+3', '78c12def-4023-47c7-aa79-f78ace80f3c6');
INSERT INTO art_ping.office VALUES ('81e49bb0-54db-4824-95ef-7122914d5db9', 'office3', 'UTC+3', '5d0fe03f-ed10-4373-bb72-2206c079ab4d');
INSERT INTO art_ping.office VALUES ('adde6dde-4b74-4bc9-96eb-c669a83b2d84', 'office4', 'UTC+3', '65b30d5f-f607-43c7-8c6d-7ca7ced24c0c');
INSERT INTO art_ping.office VALUES ('5c322c41-716b-4d07-923b-2eb7f71f904b', 'office5', 'UTC+3', 'e31b3594-0266-4258-8e30-9d1022e4efe0');
INSERT INTO art_ping.office VALUES ('b1f71f64-45b7-448f-b083-ed2be3f9998d', 'office6', 'UTC+3', '987a48d2-2eed-492e-adbb-718872384007');
INSERT INTO art_ping.office VALUES ('00c14cae-f5ac-4c4b-81c9-5fee65111124', 'office7', 'UTC+3', '987a48d2-2eed-492e-adbb-718872384007');
INSERT INTO art_ping.office VALUES ('35d77b8a-b542-42e0-a83b-64520a4d29a1', 'office8', 'UTC+3', 'f85b781d-f893-42df-9968-5685647133ee');
INSERT INTO art_ping.office VALUES ('b7476a80-ff1b-4ab6-aca1-ed386fd6cea7', 'office9', 'UTC+3', '18b737d7-d971-4249-b85a-545311ad1dca');
INSERT INTO art_ping.office VALUES ('5b44dfd0-97dd-42b7-8d15-3bcab60d918b', 'office10', 'UTC+3', '4f8309e8-83d1-4eaf-9912-b667ae17a8f4');
INSERT INTO art_ping.office VALUES ('a9debb53-7785-4bea-9ca6-38044230ba68', 'office11', 'UTC+3', 'debfb7a9-fe4c-45c7-9a4f-2c5143c9c1ca');
INSERT INTO art_ping.office VALUES ('6b0dc313-a4e3-459b-af6f-c13d4471c1d0', 'office12', 'UTC+3', '29489e16-430c-414f-9fc9-1ba60487d240');
INSERT INTO art_ping.office VALUES ('3ac0b996-bf45-49a7-9f36-d3215e21e78c', 'office13', 'UTC+3', 'a669e8f0-dd0f-4e0d-bf3a-e16bd701feca');
INSERT INTO art_ping.office VALUES ('ca2e1e0b-d565-4162-aabe-ecfc4ee4b57e', 'office14', 'UTC+3', '81d84e96-db7c-46b3-aaef-338fbf47544a');
INSERT INTO art_ping.office VALUES ('4422374d-8cc5-4ebb-9d30-0bc218591413', 'office15', 'UTC+3', 'be21ba46-06d5-42d8-bc3f-703f93cb2233');
INSERT INTO art_ping.office VALUES ('03f442a7-fa77-471e-bcee-63dc42c09237', 'office16', 'UTC+3', '453ead52-aea1-4f91-b834-f75909f84808');
INSERT INTO art_ping.office VALUES ('aaf860f0-5e92-4402-b1e5-3189959dfa93', 'office17', 'UTC+3', '4f8309e8-83d1-4eaf-9912-b667ae17a8f4');
INSERT INTO art_ping.office VALUES ('105cec0a-b10a-4b12-9728-8aa01b5f71a2', 'office18', 'UTC+3', '4f8309e8-83d1-4eaf-9912-b667ae17a8f4');
INSERT INTO art_ping.office VALUES ('6e2fe5ac-16ab-475c-beb6-ff08a69e00b1', 'office19', 'UTC+3', '8f58430d-dc78-447d-b06c-c901317bc8d2');
INSERT INTO art_ping.office VALUES ('bf85fb9d-ecf7-446a-a494-3b2274494aa5', 'office20', 'UTC+3', '4f8309e8-83d1-4eaf-9912-b667ae17a8f4');
INSERT INTO art_ping.office VALUES ('c2f21410-d133-4849-858a-620aad1936f0', 'office21', 'UTC+3', '7adf3ff0-be1c-46b4-831a-11f4faf1b392');
INSERT INTO art_ping.office VALUES ('cdfc4153-cbd4-409e-9afc-d49d7eafabf9', 'office22', 'UTC+3', '23775748-0ced-4446-a6d7-d6913f30ff57');
INSERT INTO art_ping.office VALUES ('2b34bfdd-df0e-44c6-9bb5-d29e0e760872', 'office23', 'UTC+3', 'd8388a24-a630-4227-8cf0-087dcf0f37b9');
INSERT INTO art_ping.office VALUES ('2a92e308-ec20-4501-a759-f21d3229d7cd', 'office24', 'UTC+3', 'b3c2f88d-2941-46c1-b33d-0ffb2dbb0c85');
INSERT INTO art_ping.office VALUES ('3d32f490-0192-41f8-af4c-658dea840975', 'office25', 'UTC+3', 'f85375e3-ece3-447f-81a6-2931737032df');
INSERT INTO art_ping.office VALUES ('be2d97dd-d637-4b80-bc60-23e12ba4d20b', 'office26', 'UTC+3', 'd7c4b3c8-6301-414d-b394-9c6ca223a4ce');
INSERT INTO art_ping.office VALUES ('c50c06a7-a0bc-4a6f-9448-f25f3722420e', 'office27', 'UTC+3', 'df638e33-b2a7-45be-9e78-c44dd676c73c');
INSERT INTO art_ping.office VALUES ('1d35fe93-6f2d-479e-9aa6-001c3226b8ec', 'office28', 'UTC+3', 'd3cd12c5-22c2-4632-9750-1b44ccdbe5c8');
INSERT INTO art_ping.office VALUES ('2b70346c-14c6-4b71-9682-b3cbba3e0f86', 'office29', 'UTC+3', '8aa49b9c-600d-460b-8503-fb9de25b7174');
INSERT INTO art_ping.office VALUES ('448231ec-fa7b-4ab8-b465-6961fe443b85', 'office30', 'UTC+3', '2f770549-a4ad-4a69-822b-3db886f9dc7f');
INSERT INTO art_ping.office VALUES ('a9fabc73-257d-460a-999a-26ae8efd69ed', 'office31', 'UTC+3', '65b30d5f-f607-43c7-8c6d-7ca7ced24c0c');
INSERT INTO art_ping.office VALUES ('a9ab5f2a-45b7-4659-824e-522d90911896', 'office32', 'UTC+3', 'd7310f65-c734-4e83-b875-7c01e33250dc');
INSERT INTO art_ping.office VALUES ('b48f482a-020f-44cb-b6c8-3d8b564a28ff', 'office33', 'UTC+3', '8f58430d-dc78-447d-b06c-c901317bc8d2');
INSERT INTO art_ping.office VALUES ('78cd6bf8-41ab-4afb-bed2-433596cf0975', 'office34', 'UTC+3', 'ba2e1531-bb80-4079-88e9-ad92712dc869');
INSERT INTO art_ping.office VALUES ('e63d3821-598f-4d4f-b2b1-4af38751bc6e', 'office35', 'UTC+3', 'd8388a24-a630-4227-8cf0-087dcf0f37b9');
INSERT INTO art_ping.office VALUES ('040e05bc-01ba-4310-909d-e6eab838e130', 'office36', 'UTC+3', '18b737d7-d971-4249-b85a-545311ad1dca');
INSERT INTO art_ping.office VALUES ('cf27de8f-0377-4eca-b531-628550951c67', 'office37', 'UTC+3', 'b3c2f88d-2941-46c1-b33d-0ffb2dbb0c85');
INSERT INTO art_ping.office VALUES ('1f03c294-6d0a-48b5-8851-1a8fc407d3c0', 'office38', 'UTC+3', '8312d085-9406-4947-8103-df526897834a');
INSERT INTO art_ping.office VALUES ('83376007-5a80-45a2-8ca8-075c0dc9b06d', 'office39', 'UTC+3', '0d7171bd-533b-42d4-81b6-b83f59151ca6');
INSERT INTO art_ping.office VALUES ('eef2db16-7b4d-4e59-9dc9-5fba8f81c9d5', 'office40', 'UTC+3', 'a7486ce1-a4d7-43a8-a3e9-a9bc45473eaa');
INSERT INTO art_ping.office VALUES ('705c8058-f791-437a-810f-8741daced0dc', 'office41', 'UTC+3', '3921a3c2-4c27-4f38-a3d7-31155177d4b4');
INSERT INTO art_ping.office VALUES ('9d04c43c-2c50-484b-b092-ef5a5d109212', 'office42', 'UTC+3', 'bef94631-81a4-4874-8f09-aa1fc75cd486');
INSERT INTO art_ping.office VALUES ('31451352-bcb4-4b69-a0fd-21014c730046', 'office43', 'UTC+3', 'e8bd2e59-8616-4a24-a43d-18aa57a45a96');
INSERT INTO art_ping.office VALUES ('15243564-f7cb-498c-8316-d0778b206271', 'office44', 'UTC+3', '414993a3-0e1d-4c3b-8fe5-03d8e5b8cc47');
INSERT INTO art_ping.office VALUES ('a038b84b-5540-4d7e-924d-f4f0b098e887', 'office45', 'UTC+3', '4fb9de68-e7b6-45af-aa38-5912b6c3a7ad');
INSERT INTO art_ping.office VALUES ('33ab8005-0453-4d26-a47d-aa567174d60d', 'office46', 'UTC+3', '75ffb36c-275b-4fff-bc47-d5ad63139032');
INSERT INTO art_ping.office VALUES ('df6d2e68-e264-4807-beca-b25f7f33702a', 'office47', 'UTC+3', 'debfb7a9-fe4c-45c7-9a4f-2c5143c9c1ca');
INSERT INTO art_ping.office VALUES ('a7838bcf-b110-4929-ab44-a9e739f3f481', 'office48', 'UTC+3', '48846e78-d51d-43cd-95d8-4f963493c3af');
INSERT INTO art_ping.office VALUES ('d6e3748b-fa18-483c-b001-e8cd88140fc3', 'office49', 'UTC+3', 'ca70c6d6-f9ce-4038-82f0-9962fb960763');
INSERT INTO art_ping.office VALUES ('6f6fcc68-bccd-4479-b0db-2fd2371e883c', 'office50', 'UTC+3', 'a7486ce1-a4d7-43a8-a3e9-a9bc45473eaa');
INSERT INTO art_ping.office VALUES ('2b501799-9b58-476f-80ec-c7ecbfc21080', 'office51', 'UTC+3', '4d1c6b46-b965-439f-9fcc-0e45453ba2b6');
INSERT INTO art_ping.office VALUES ('9e6f20c8-57de-46fa-a77d-17f3fcdcdba5', 'office52', 'UTC+3', '3ea41cd2-2e35-467b-a976-9406d9c891da');
INSERT INTO art_ping.office VALUES ('93ed210b-8b2b-44fc-bf1c-f007ba561f74', 'office53', 'UTC+3', 'be21ba46-06d5-42d8-bc3f-703f93cb2233');
INSERT INTO art_ping.office VALUES ('48e75f7d-29ed-462e-8028-b504652c6e29', 'office54', 'UTC+3', '48846e78-d51d-43cd-95d8-4f963493c3af');
INSERT INTO art_ping.office VALUES ('365690ba-23f8-47fd-8dbe-d252927bf89d', 'office55', 'UTC+3', '72be929c-8187-459f-a698-1a08fa9a158b');
INSERT INTO art_ping.office VALUES ('62d79b48-c4fa-459b-9d87-48d38dff6380', 'office56', 'UTC+3', 'be21ba46-06d5-42d8-bc3f-703f93cb2233');
INSERT INTO art_ping.office VALUES ('20c73b6b-64ba-45a3-a578-29ff4c470244', 'office57', 'UTC+3', 'bcca4f69-b16f-4f53-8049-036acb833630');
INSERT INTO art_ping.office VALUES ('b8ecfb73-a769-4299-a2a0-cbd0b8a0aa5a', 'office58', 'UTC+3', '4780f695-b40f-41e9-9e69-fed72d1b2522');
INSERT INTO art_ping.office VALUES ('6ddb3d3e-4058-449d-b442-86e191f62c95', 'office59', 'UTC+3', '83fb83f4-7544-4f51-993a-47cabe040e5c');
INSERT INTO art_ping.office VALUES ('f7ac85bd-3a86-42a6-beee-0ea739972660', 'office60', 'UTC+3', '306a5472-189c-4972-b016-25d8da988d9a');
INSERT INTO art_ping.office VALUES ('2f010fc1-91aa-4de5-96bd-159cd45c4924', 'office61', 'UTC+3', '78c12def-4023-47c7-aa79-f78ace80f3c6');
INSERT INTO art_ping.office VALUES ('39a25e6d-b1ed-48f6-835a-91191306882f', 'office62', 'UTC+3', '567f95ff-0272-471e-a091-5ba82268387c');
INSERT INTO art_ping.office VALUES ('c58a84f2-ca58-4a59-ae19-b96e5a0f5e4b', 'office63', 'UTC+3', '79f0840b-c9b7-4da8-a723-94850b7de070');
INSERT INTO art_ping.office VALUES ('f349e859-4ba1-441a-9ab4-3f430e897efb', 'office64', 'UTC+3', '6740ee80-af1f-4f7c-830d-0022eb5c71ff');
INSERT INTO art_ping.office VALUES ('69ccc84e-7d3b-4660-ac62-23b978276b1c', 'office65', 'UTC+3', 'bcca4f69-b16f-4f53-8049-036acb833630');
INSERT INTO art_ping.office VALUES ('4672af58-336a-41a9-8ed5-366a579aaa39', 'office66', 'UTC+3', '3ca8d6d0-3ab2-4e7d-b43a-e789476d70cd');
INSERT INTO art_ping.office VALUES ('146e9fd6-459a-483c-a673-444dbd89fdea', 'office67', 'UTC+3', '7adf3ff0-be1c-46b4-831a-11f4faf1b392');
INSERT INTO art_ping.office VALUES ('e53bff0f-dcae-46c0-a892-6a99de326f0f', 'office68', 'UTC+3', '5d0fe03f-ed10-4373-bb72-2206c079ab4d');
INSERT INTO art_ping.office VALUES ('14942791-4335-4153-94a4-635de3369e11', 'office69', 'UTC+3', '560183ad-37a6-4a3b-b797-75616dada42a');
INSERT INTO art_ping.office VALUES ('80a14896-aa09-4314-8cf0-905dba6428bd', 'office70', 'UTC+3', 'eca3e110-990e-41b7-ba9d-a62f8a56a4f3');
INSERT INTO art_ping.office VALUES ('565edd6a-7af8-4f02-a54a-05068ba22c2a', 'office71', 'UTC+3', 'f85b781d-f893-42df-9968-5685647133ee');
INSERT INTO art_ping.office VALUES ('48b7f107-c888-475a-a137-2607474b4ad9', 'office72', 'UTC+3', 'd7310f65-c734-4e83-b875-7c01e33250dc');
INSERT INTO art_ping.office VALUES ('b9c0e7fb-63ed-453d-9935-7acaf1c8439d', 'office73', 'UTC+3', 'ad61be45-0c7f-4c95-be8b-608340beb8ee');
INSERT INTO art_ping.office VALUES ('5ca1ef18-8f9d-4c63-aa63-a271ed99c637', 'office74', 'UTC+3', '0698bb6d-7505-49ea-99c4-f4d66e57172b');
INSERT INTO art_ping.office VALUES ('dd555d67-0b33-4c94-9df1-1c2db24dbe3a', 'office75', 'UTC+3', '7adf3ff0-be1c-46b4-831a-11f4faf1b392');
INSERT INTO art_ping.office VALUES ('e2ea5d24-ea45-406e-a50c-476615cea7a8', 'office76', 'UTC+3', 'bac72bd4-1f06-4610-b7e0-d68506e54a15');
INSERT INTO art_ping.office VALUES ('f0ae8cc6-ce7c-4272-8e15-619998d00d3b', 'office77', 'UTC+3', '10387938-3ba2-4382-8a36-f7a5769851e4');
INSERT INTO art_ping.office VALUES ('a0e91a61-45d3-453c-bc61-021fbeee3cd2', 'office78', 'UTC+3', '3ea41cd2-2e35-467b-a976-9406d9c891da');
INSERT INTO art_ping.office VALUES ('fd00704a-88bf-4753-b1e1-76aee083544a', 'office79', 'UTC+3', '3d16975c-4312-4f03-b5d5-27a4eae6925c');
INSERT INTO art_ping.office VALUES ('0b459aa2-d5d7-4701-b62a-57e2dc8f6efd', 'office80', 'UTC+3', 'efaf2c31-3480-421a-bb39-03aa8dad35d8');
INSERT INTO art_ping.office VALUES ('c144f757-bc48-40bc-befb-cab7f8b51d2b', 'office81', 'UTC+3', '2f770549-a4ad-4a69-822b-3db886f9dc7f');
INSERT INTO art_ping.office VALUES ('965cc221-ef53-4a0c-9887-31f95d91fc2e', 'office82', 'UTC+3', 'f85b781d-f893-42df-9968-5685647133ee');
INSERT INTO art_ping.office VALUES ('17a77d1b-439f-42db-b463-81b67237ad4b', 'office83', 'UTC+3', '5733cf63-c111-4b7e-b3c6-b2db6beecb07');
INSERT INTO art_ping.office VALUES ('99c33af9-ca97-4c47-8c5e-7b1cb423002a', 'office84', 'UTC+3', '4f8309e8-83d1-4eaf-9912-b667ae17a8f4');
INSERT INTO art_ping.office VALUES ('bbec8f4e-4931-47fd-b16d-fc75f56e3c9e', 'office85', 'UTC+3', '0f73303c-5a23-4777-9c8b-720a36f1b310');
INSERT INTO art_ping.office VALUES ('bbb1d713-b80d-4cdc-95c3-19f7f2c3a0fa', 'office86', 'UTC+3', '982dd106-6950-49b2-b95a-27220c22ee37');
INSERT INTO art_ping.office VALUES ('55374a26-0408-453c-b70f-e3b8dfa1ac4b', 'office87', 'UTC+3', 'df638e33-b2a7-45be-9e78-c44dd676c73c');
INSERT INTO art_ping.office VALUES ('9a3acbce-f6d7-4576-ade4-94768e3a98ad', 'office88', 'UTC+3', '987a48d2-2eed-492e-adbb-718872384007');
INSERT INTO art_ping.office VALUES ('185a6ae7-c744-4531-91d2-c1d2de187c9b', 'office89', 'UTC+3', '567f95ff-0272-471e-a091-5ba82268387c');
INSERT INTO art_ping.office VALUES ('6c096465-a22c-46b9-b090-757d9f87d082', 'office90', 'UTC+3', 'be21ba46-06d5-42d8-bc3f-703f93cb2233');
INSERT INTO art_ping.office VALUES ('6654e18c-4364-489c-b6d6-0c24625345c4', 'office91', 'UTC+3', 'ad61be45-0c7f-4c95-be8b-608340beb8ee');
INSERT INTO art_ping.office VALUES ('80982b63-73cb-4741-beb6-20975313fc05', 'office92', 'UTC+3', '6eab5509-7a0b-41f7-b4cc-4cba817a5a6d');
INSERT INTO art_ping.office VALUES ('79ff63db-c91a-46e1-91f5-e7e3b973bb51', 'office93', 'UTC+3', 'c6f8565c-983c-4f3a-bf19-90c83d1ac25e');
INSERT INTO art_ping.office VALUES ('92603ccc-7290-44ce-99fb-12ae38c85d01', 'office94', 'UTC+3', '6602d6f2-fafc-4385-8b9f-17a298f78595');
INSERT INTO art_ping.office VALUES ('73b637aa-3104-4262-a40d-39ef22999d14', 'office95', 'UTC+3', 'ad61be45-0c7f-4c95-be8b-608340beb8ee');
INSERT INTO art_ping.office VALUES ('833ab0c4-af02-4d67-a0ab-7870bcdc7a4b', 'office96', 'UTC+3', 'ece84e5d-f32a-4165-aaeb-9c7fcf4ad087');
INSERT INTO art_ping.office VALUES ('90a43a38-2343-4505-963a-ca2e26b7c5e2', 'office97', 'UTC+3', '4d1c6b46-b965-439f-9fcc-0e45453ba2b6');
INSERT INTO art_ping.office VALUES ('c672907f-e958-4f1e-86d4-7882249ed64f', 'office98', 'UTC+3', 'e82d3ca7-23bd-48c0-a0c3-b52d05aeaced');
INSERT INTO art_ping.office VALUES ('7f29efa4-58b5-4d5c-93c8-dbd6ec15f051', 'office99', 'UTC+3', 'e68ad155-c07f-4b3c-8022-66f96be8c2bf');
INSERT INTO art_ping.office VALUES ('4c42fded-ca53-4a9a-85e2-4f8f849bbc34', 'office100', 'UTC+3', '4fb9de68-e7b6-45af-aa38-5912b6c3a7ad');
INSERT INTO art_ping.office VALUES ('5e8caa4c-4ecc-4a11-bbd0-f6ec0ebd6880', 'office101', 'UTC+3', '4fb9de68-e7b6-45af-aa38-5912b6c3a7ad');
INSERT INTO art_ping.office VALUES ('a0b7fbb1-8c32-4012-9a59-6a8537abb43a', 'office102', 'UTC+3', '567f95ff-0272-471e-a091-5ba82268387c');
INSERT INTO art_ping.office VALUES ('25da4074-ba9d-42e6-ad0f-0573b950b4cb', 'office103', 'UTC+3', 'e68ad155-c07f-4b3c-8022-66f96be8c2bf');
INSERT INTO art_ping.office VALUES ('5c014899-14b3-4cf4-9c99-e57154c32387', 'office104', 'UTC+3', 'a7486ce1-a4d7-43a8-a3e9-a9bc45473eaa');
INSERT INTO art_ping.office VALUES ('32e07a05-e7ff-448a-810d-fb68d7668522', 'office105', 'UTC+3', '0f73303c-5a23-4777-9c8b-720a36f1b310');
INSERT INTO art_ping.office VALUES ('a87116d0-f523-4b8f-a9da-4939ef4762d2', 'office106', 'UTC+3', '987a48d2-2eed-492e-adbb-718872384007');
INSERT INTO art_ping.office VALUES ('6c9aa967-edf8-463b-8bb2-bb937374c1d4', 'office107', 'UTC+3', '27382e9f-cf4e-4481-97bc-1f9e98d854fb');
INSERT INTO art_ping.office VALUES ('923a707e-87d5-4940-a23f-e415d42d1f09', 'office108', 'UTC+3', '414993a3-0e1d-4c3b-8fe5-03d8e5b8cc47');
INSERT INTO art_ping.office VALUES ('5d88860e-031e-4d3b-9d5b-c1856814135d', 'office109', 'UTC+3', '43c5a337-ec92-4fc9-955e-599163eab623');
INSERT INTO art_ping.office VALUES ('92cf1ba4-4898-458d-90b7-2fa55a9446a1', 'office110', 'UTC+3', 'debfb7a9-fe4c-45c7-9a4f-2c5143c9c1ca');
INSERT INTO art_ping.office VALUES ('46ea5f4a-40ea-470a-8690-f0c475b1e5e7', 'office111', 'UTC+3', '65b30d5f-f607-43c7-8c6d-7ca7ced24c0c');
INSERT INTO art_ping.office VALUES ('b8ad9f27-b217-4bf8-a78f-65a305d4d3b3', 'office112', 'UTC+3', '4e8599db-4282-47bf-8d07-a9a0f4be8445');
INSERT INTO art_ping.office VALUES ('12d17978-c84f-4e8c-a4fc-fdfae5d4adb3', 'office113', 'UTC+3', 'fbbbbd43-e6f6-4627-bd74-24d84772a586');
INSERT INTO art_ping.office VALUES ('3510b8be-d9ed-4ebb-b694-ae1ccecc4d6f', 'office114', 'UTC+3', 'e68ad155-c07f-4b3c-8022-66f96be8c2bf');
INSERT INTO art_ping.office VALUES ('c8f8fe82-8d32-4b70-a36f-51b68aa6e19d', 'office115', 'UTC+3', '9e1dbd73-6f0f-400c-ab9f-a68b5bb6d464');
INSERT INTO art_ping.office VALUES ('56c88884-0843-405e-a6bd-a4a740ce5845', 'office116', 'UTC+3', '79addf55-93b8-4c64-b146-17a58580b4ff');
INSERT INTO art_ping.office VALUES ('d014cdcb-f321-4616-abfb-3bffd695ae2d', 'office117', 'UTC+3', 'f83e41d6-04f0-4b04-b4f1-949c46b31d00');
INSERT INTO art_ping.office VALUES ('d83cf062-9fad-4458-b8f2-f3a228f8b3a6', 'office118', 'UTC+3', '83fb83f4-7544-4f51-993a-47cabe040e5c');
INSERT INTO art_ping.office VALUES ('f8ef62fc-a39b-40a2-be6f-c0e42ecea2e7', 'office119', 'UTC+3', '560183ad-37a6-4a3b-b797-75616dada42a');
INSERT INTO art_ping.office VALUES ('51bbd74e-d50b-4083-9758-07fde28380ae', 'office120', 'UTC+3', '48846e78-d51d-43cd-95d8-4f963493c3af');
INSERT INTO art_ping.office VALUES ('2faf0455-0444-435e-8f7a-1f90b3114361', 'office121', 'UTC+3', '802b57b2-dc55-4ffa-b4fa-195259182c8c');
INSERT INTO art_ping.office VALUES ('e38efea1-e703-4911-99e2-51d63f706d85', 'office122', 'UTC+3', 'b66bb045-a363-45f8-a092-7b71249790c5');
INSERT INTO art_ping.office VALUES ('3c3e50fc-bd68-4ae9-9f2d-eb0be2ff87f9', 'office123', 'UTC+3', '6eab5509-7a0b-41f7-b4cc-4cba817a5a6d');
INSERT INTO art_ping.office VALUES ('bfaf99a6-0b1b-4306-adad-9527717fc497', 'office124', 'UTC+3', '90405144-abf7-4c23-bb5e-c4c60b07823c');
INSERT INTO art_ping.office VALUES ('699f41f3-578c-443b-bfa4-280d099262cb', 'office125', 'UTC+3', '23775748-0ced-4446-a6d7-d6913f30ff57');
INSERT INTO art_ping.office VALUES ('bd672c3e-60ce-4112-b8dd-ed27a8341f2e', 'office126', 'UTC+3', 'ece84e5d-f32a-4165-aaeb-9c7fcf4ad087');
INSERT INTO art_ping.office VALUES ('a6348771-2a1e-486c-aa67-355e25fafcec', 'office127', 'UTC+3', '6eab5509-7a0b-41f7-b4cc-4cba817a5a6d');
INSERT INTO art_ping.office VALUES ('dafe398a-eea8-4d46-8cd0-adebe0ca1125', 'office128', 'UTC+3', '1a3e5cab-ecf1-4f1a-b2f2-d8a796f6110d');
INSERT INTO art_ping.office VALUES ('4faa2949-1c36-4b64-9fe0-0c45a8ffb4e3', 'office129', 'UTC+3', 'f85b781d-f893-42df-9968-5685647133ee');
INSERT INTO art_ping.office VALUES ('6d157e58-182c-481d-a532-6a67a767eef4', 'office130', 'UTC+3', 'b2e5aa59-05c9-4c12-9328-18bce88ee49a');
INSERT INTO art_ping.office VALUES ('bbf85530-8751-4308-a771-efef5c0fe998', 'office131', 'UTC+3', '65b30d5f-f607-43c7-8c6d-7ca7ced24c0c');
INSERT INTO art_ping.office VALUES ('0cf50304-50e2-40ad-ac2f-1fe1dc4380ca', 'office132', 'UTC+3', '6eab5509-7a0b-41f7-b4cc-4cba817a5a6d');
INSERT INTO art_ping.office VALUES ('e01fb763-6076-452d-9f79-2064bb83e099', 'office133', 'UTC+3', '27382e9f-cf4e-4481-97bc-1f9e98d854fb');
INSERT INTO art_ping.office VALUES ('408b1964-209f-4569-a642-79852bbe5d08', 'office134', 'UTC+3', '774135d2-f0e3-47c2-8496-78319f1757d0');
INSERT INTO art_ping.office VALUES ('073ae265-c72d-4742-ab1b-d4b81b0531fe', 'office135', 'UTC+3', '6602d6f2-fafc-4385-8b9f-17a298f78595');
INSERT INTO art_ping.office VALUES ('b5d0b47d-e6fa-4802-adb9-a7ca498ccc1a', 'office136', 'UTC+3', '8d334fa6-c85d-4b3d-b6ed-68e7e0b4c937');
INSERT INTO art_ping.office VALUES ('1bfe1a0d-69dd-4b7d-b5e7-4596182226d0', 'office137', 'UTC+3', '7adf3ff0-be1c-46b4-831a-11f4faf1b392');
INSERT INTO art_ping.office VALUES ('8b70a73f-b3a4-4127-897d-cad5f786246d', 'office138', 'UTC+3', '4f8309e8-83d1-4eaf-9912-b667ae17a8f4');
INSERT INTO art_ping.office VALUES ('8c388b47-7da5-4e3e-8e70-836d62e2d6f1', 'office139', 'UTC+3', '18b737d7-d971-4249-b85a-545311ad1dca');
INSERT INTO art_ping.office VALUES ('41f4ff5b-099f-46f9-969a-749a5e7de5f1', 'office140', 'UTC+3', 'f83e41d6-04f0-4b04-b4f1-949c46b31d00');
INSERT INTO art_ping.office VALUES ('cea30575-f404-4fa5-90fd-b8dd246052ff', 'office141', 'UTC+3', 'ece84e5d-f32a-4165-aaeb-9c7fcf4ad087');
INSERT INTO art_ping.office VALUES ('30cab5f9-838b-4b63-97af-53908babb983', 'office142', 'UTC+3', '774135d2-f0e3-47c2-8496-78319f1757d0');
INSERT INTO art_ping.office VALUES ('13a2e961-b0bd-49cb-a1b9-0d945769f126', 'office143', 'UTC+3', '3ca8d6d0-3ab2-4e7d-b43a-e789476d70cd');
INSERT INTO art_ping.office VALUES ('069b73bd-3ecc-4a42-b4d9-dde51cf61ca1', 'office144', 'UTC+3', '72be929c-8187-459f-a698-1a08fa9a158b');
INSERT INTO art_ping.office VALUES ('ad8de815-c1af-4df4-83b1-ebb24468160c', 'office145', 'UTC+3', '79f0840b-c9b7-4da8-a723-94850b7de070');
INSERT INTO art_ping.office VALUES ('c144044c-441e-432f-aede-345ea24f3646', 'office146', 'UTC+3', '5733cf63-c111-4b7e-b3c6-b2db6beecb07');
INSERT INTO art_ping.office VALUES ('19978d93-bfc5-4945-92ff-755de8815d67', 'office147', 'UTC+3', '75ffb36c-275b-4fff-bc47-d5ad63139032');
INSERT INTO art_ping.office VALUES ('cfb9687b-7b43-49ad-a0b7-481378ab1b6c', 'office148', 'UTC+3', '0f73303c-5a23-4777-9c8b-720a36f1b310');
INSERT INTO art_ping.office VALUES ('d5d8ae97-4dcc-44ac-a549-6c7e45728e60', 'office149', 'UTC+3', '005f8dc7-725b-4ee4-83ab-d907b9988944');
INSERT INTO art_ping.office VALUES ('4f435416-9153-49ad-9b90-11bf998deed8', 'office150', 'UTC+3', '3ca8d6d0-3ab2-4e7d-b43a-e789476d70cd');
INSERT INTO art_ping.office VALUES ('4dcd679c-0cfe-4136-9de9-dff45310ac25', 'office151', 'UTC+3', 'bac72bd4-1f06-4610-b7e0-d68506e54a15');
INSERT INTO art_ping.office VALUES ('cfd71c5b-53bb-49fc-ba3a-80730f44caeb', 'office152', 'UTC+3', 'a4209d3d-5caf-4758-a5f1-9042192715fe');
INSERT INTO art_ping.office VALUES ('35f75a9b-d11b-461f-ada3-29351f4aab2a', 'office153', 'UTC+3', '622396c0-963d-4851-a3c8-5f5c6a5ff6bb');
INSERT INTO art_ping.office VALUES ('8479d6d7-f5b5-476d-abd7-00c9864f2a67', 'office154', 'UTC+3', 'b064dd5f-52a1-4b23-a462-daf5a3f31f3b');
INSERT INTO art_ping.office VALUES ('e2bcc1fc-f9fa-4e77-9f9e-3aa42756139a', 'office155', 'UTC+3', 'f0ff4fa0-137f-466d-bc0e-38e49a2efaa5');
INSERT INTO art_ping.office VALUES ('191b3eba-af02-46f3-b57e-383d54d29583', 'office156', 'UTC+3', 'f83e41d6-04f0-4b04-b4f1-949c46b31d00');
INSERT INTO art_ping.office VALUES ('a57b5b1b-0892-4283-a16a-db0edeb6c8c7', 'office157', 'UTC+3', '1efce7ca-fc5b-4e84-ab9b-e1eb6771660f');
INSERT INTO art_ping.office VALUES ('f718a5e5-a4a9-4746-8dbe-d37a8f07d22b', 'office158', 'UTC+3', '83fb83f4-7544-4f51-993a-47cabe040e5c');
INSERT INTO art_ping.office VALUES ('7e2aca28-2921-40d2-bc4c-67b75847dded', 'office159', 'UTC+3', 'df7cd170-3522-42ba-a7fa-9716ad07d655');
INSERT INTO art_ping.office VALUES ('fb63b07d-264d-421b-8a05-c13d30dbbe50', 'office160', 'UTC+3', '75ffb36c-275b-4fff-bc47-d5ad63139032');
INSERT INTO art_ping.office VALUES ('c1725bee-e207-4659-98f7-8f053310dc10', 'office161', 'UTC+3', '987a48d2-2eed-492e-adbb-718872384007');
INSERT INTO art_ping.office VALUES ('0818408e-9c42-4aad-b6ef-c4293fd4a112', 'office162', 'UTC+3', '987a48d2-2eed-492e-adbb-718872384007');
INSERT INTO art_ping.office VALUES ('023607c5-6844-4ac2-820a-3b6bcf111712', 'office163', 'UTC+3', '4ad4a8b0-be32-4038-8805-842060a2a44a');
INSERT INTO art_ping.office VALUES ('1cc8b113-3b67-4faf-a977-6d453e291627', 'office164', 'UTC+3', '67246d3f-8701-4c01-8736-41cff0bbc062');
INSERT INTO art_ping.office VALUES ('eecd6606-f488-4fed-bc31-0924d4ede1b7', 'office165', 'UTC+3', '67246d3f-8701-4c01-8736-41cff0bbc062');
INSERT INTO art_ping.office VALUES ('94f9517b-f230-4f7a-be99-675c217b6cfd', 'office166', 'UTC+3', '8d334fa6-c85d-4b3d-b6ed-68e7e0b4c937');
INSERT INTO art_ping.office VALUES ('27ee48b3-dde0-4cdc-8839-fcc8a32e6e59', 'office167', 'UTC+3', '7adf3ff0-be1c-46b4-831a-11f4faf1b392');
INSERT INTO art_ping.office VALUES ('475c0752-77c7-4c70-a014-3b4b29250732', 'office168', 'UTC+3', '8d334fa6-c85d-4b3d-b6ed-68e7e0b4c937');
INSERT INTO art_ping.office VALUES ('bd452fe2-982c-44f5-8df7-e570fa228434', 'office169', 'UTC+3', '453ead52-aea1-4f91-b834-f75909f84808');
INSERT INTO art_ping.office VALUES ('557514c6-e2dd-4722-b056-99ae0c2cac3f', 'office170', 'UTC+3', 'e68ad155-c07f-4b3c-8022-66f96be8c2bf');
INSERT INTO art_ping.office VALUES ('d40cfccc-1ae9-46dc-a764-6f929a554bc7', 'office171', 'UTC+3', 'd8388a24-a630-4227-8cf0-087dcf0f37b9');
INSERT INTO art_ping.office VALUES ('6067f3e7-a0b9-40dd-aaa5-ab7d1361eeae', 'office172', 'UTC+3', '4d1c6b46-b965-439f-9fcc-0e45453ba2b6');
INSERT INTO art_ping.office VALUES ('5e6818e2-9198-4e99-a27d-ca6d31c3bf0d', 'office173', 'UTC+3', 'fc694cb1-0f0a-4453-b24f-ef2f835f9ef6');
INSERT INTO art_ping.office VALUES ('0c4a5985-cdab-4ef2-9aec-a81ce849d2f5', 'office174', 'UTC+3', '78c12def-4023-47c7-aa79-f78ace80f3c6');
INSERT INTO art_ping.office VALUES ('703db01e-bbbb-4c93-8102-28dd0f3a228e', 'office175', 'UTC+3', '4f6093ac-29bf-457b-9d82-0d7d7c2f089f');
INSERT INTO art_ping.office VALUES ('114e367b-dac6-40a9-96a5-ab1ffce23456', 'office176', 'UTC+3', '85e5ef9a-7ad5-4834-83ec-edf2dccc3ef9');
INSERT INTO art_ping.office VALUES ('5fda15f5-13e1-442d-a443-9936f3d82904', 'office177', 'UTC+3', 'd7310f65-c734-4e83-b875-7c01e33250dc');
INSERT INTO art_ping.office VALUES ('6da18b9f-a194-476c-ad24-39605d551917', 'office178', 'UTC+3', '560183ad-37a6-4a3b-b797-75616dada42a');
INSERT INTO art_ping.office VALUES ('a07eb9f0-1d2b-46b2-a5cf-73fbf19abe5f', 'office179', 'UTC+3', '4ad4a8b0-be32-4038-8805-842060a2a44a');
INSERT INTO art_ping.office VALUES ('2baf5cd1-ded7-4cb2-9c79-a53bb3bb6b17', 'office180', 'UTC+3', 'a235b392-0594-447a-8cf4-57ea8864c784');
INSERT INTO art_ping.office VALUES ('d7a69be5-2255-406f-a17e-d2b3a006b5c3', 'office181', 'UTC+3', '8f58430d-dc78-447d-b06c-c901317bc8d2');
INSERT INTO art_ping.office VALUES ('6f7889a3-c7de-41bc-8d32-b246010c4e3b', 'office182', 'UTC+3', '567f95ff-0272-471e-a091-5ba82268387c');
INSERT INTO art_ping.office VALUES ('32661f4f-3388-4555-a111-d9bb0e6f9808', 'office183', 'UTC+3', '29489e16-430c-414f-9fc9-1ba60487d240');
INSERT INTO art_ping.office VALUES ('9213eb68-e6c4-43d8-8396-d24754daeebe', 'office184', 'UTC+3', 'e82d3ca7-23bd-48c0-a0c3-b52d05aeaced');
INSERT INTO art_ping.office VALUES ('cfec9647-3fa3-4e92-a721-dbb02360a627', 'office185', 'UTC+3', '3d16975c-4312-4f03-b5d5-27a4eae6925c');
INSERT INTO art_ping.office VALUES ('2e4bfc09-2d7a-419e-9651-64c1d7dd8a0d', 'office186', 'UTC+3', 'fc205b82-2a93-4ea6-87ec-587b082bc0f5');
INSERT INTO art_ping.office VALUES ('b57414d1-26be-4b0a-843b-cb4f3ede54bc', 'office187', 'UTC+3', '5e882683-de03-498b-99f7-8e12bc3ec1cb');
INSERT INTO art_ping.office VALUES ('d3997f77-241d-4e12-94a3-d24648977391', 'office188', 'UTC+3', '7061fcee-5c59-426b-ba35-44c82724e8b7');
INSERT INTO art_ping.office VALUES ('dc90c937-bbce-42dc-bec6-edf45488728d', 'office189', 'UTC+3', 'eca3e110-990e-41b7-ba9d-a62f8a56a4f3');
INSERT INTO art_ping.office VALUES ('cfae4a07-bc7d-4b6b-9710-e636756be021', 'office190', 'UTC+3', '4b1ba17b-5803-4657-aeff-19741575fd9d');
INSERT INTO art_ping.office VALUES ('17440d28-994e-4e1e-987e-073888d15d5f', 'office191', 'UTC+3', 'a235b392-0594-447a-8cf4-57ea8864c784');
INSERT INTO art_ping.office VALUES ('a1354792-b2d9-4e3b-a775-c9611deb75a2', 'office192', 'UTC+3', 'a75f9563-6d25-4f63-9f5c-55202d6b830f');
INSERT INTO art_ping.office VALUES ('d8559ef8-df12-4843-96f6-53a2406dfd0b', 'office193', 'UTC+3', '67246d3f-8701-4c01-8736-41cff0bbc062');
INSERT INTO art_ping.office VALUES ('7ce4c0d9-0faa-46ea-9023-7428d7ab922b', 'office194', 'UTC+3', 'ece84e5d-f32a-4165-aaeb-9c7fcf4ad087');
INSERT INTO art_ping.office VALUES ('2090b51b-8fcd-4e7b-ae61-b53aedcd2b75', 'office195', 'UTC+3', 'b66bb045-a363-45f8-a092-7b71249790c5');
INSERT INTO art_ping.office VALUES ('3a2f05d5-1b40-4048-9a30-e4feb279d5df', 'office196', 'UTC+3', '4612e905-6868-46e2-a497-c81d84aa4e17');
INSERT INTO art_ping.office VALUES ('0d861663-e83a-4818-b059-5c5e416ada33', 'office197', 'UTC+3', '1a3e5cab-ecf1-4f1a-b2f2-d8a796f6110d');
INSERT INTO art_ping.office VALUES ('68e778fb-f10c-45d7-99df-90d394dae58f', 'office198', 'UTC+3', '5d0fe03f-ed10-4373-bb72-2206c079ab4d');
INSERT INTO art_ping.office VALUES ('3aaa3ebd-a671-4b99-aa1f-5e5e03a65d0d', 'office199', 'UTC+3', '8aa49b9c-600d-460b-8503-fb9de25b7174');
INSERT INTO art_ping.office VALUES ('dc89e283-5622-4ba7-8daf-6f59dad40c0e', 'office200', 'UTC+3', 'eca3e110-990e-41b7-ba9d-a62f8a56a4f3');
INSERT INTO art_ping.office VALUES ('d060717d-1115-4425-b9f1-13a2e1e9bb08', 'office201', 'UTC+3', '4887c24d-fb47-4d03-a3d5-c84d4cc9d748');
INSERT INTO art_ping.office VALUES ('abc233d7-636b-4ec1-83b1-fa5309624257', 'office202', 'UTC+3', '0698bb6d-7505-49ea-99c4-f4d66e57172b');
INSERT INTO art_ping.office VALUES ('02e6fd15-1be8-4b6d-94f4-770b85df4d65', 'office203', 'UTC+3', '6602d6f2-fafc-4385-8b9f-17a298f78595');
INSERT INTO art_ping.office VALUES ('afca254d-bf55-44cf-befd-06c4f78e66d7', 'office204', 'UTC+3', '3ca8d6d0-3ab2-4e7d-b43a-e789476d70cd');
INSERT INTO art_ping.office VALUES ('565c8a26-f6f1-4df7-8858-8b0d1655ca5b', 'office205', 'UTC+3', '23775748-0ced-4446-a6d7-d6913f30ff57');
INSERT INTO art_ping.office VALUES ('bdaed81a-6797-411f-bd00-31528a069df3', 'office206', 'UTC+3', 'e68ad155-c07f-4b3c-8022-66f96be8c2bf');
INSERT INTO art_ping.office VALUES ('0389b132-5451-4f6d-b93e-bb6e739e18fe', 'office207', 'UTC+3', '611b024c-b6c6-4bf8-a1f4-2706452ffe8d');
INSERT INTO art_ping.office VALUES ('814b6012-4d10-426e-a01d-95adfc90fae1', 'office208', 'UTC+3', '3d16975c-4312-4f03-b5d5-27a4eae6925c');
INSERT INTO art_ping.office VALUES ('5b059ebb-e167-413d-9788-a2c15eb87e35', 'office209', 'UTC+3', 'b064dd5f-52a1-4b23-a462-daf5a3f31f3b');
INSERT INTO art_ping.office VALUES ('29c90ded-0623-4889-8e35-4864d68fd457', 'office210', 'UTC+3', '414993a3-0e1d-4c3b-8fe5-03d8e5b8cc47');
INSERT INTO art_ping.office VALUES ('08ca9868-9653-4dab-bbb7-c394d84d0edf', 'office211', 'UTC+3', 'be21ba46-06d5-42d8-bc3f-703f93cb2233');
INSERT INTO art_ping.office VALUES ('75f0e1e8-c621-4920-aac6-4e317ba2cee2', 'office212', 'UTC+3', 'ad61be45-0c7f-4c95-be8b-608340beb8ee');
INSERT INTO art_ping.office VALUES ('09ef1510-68ae-4b1c-92be-c33c408d2f35', 'office213', 'UTC+3', 'e31b3594-0266-4258-8e30-9d1022e4efe0');
INSERT INTO art_ping.office VALUES ('7c12f3c6-03fc-4b3f-937f-209221b1ff4a', 'office214', 'UTC+3', '72be929c-8187-459f-a698-1a08fa9a158b');
INSERT INTO art_ping.office VALUES ('8f04ead6-7f2c-4bf5-95b7-d6082a90c3cb', 'office215', 'UTC+3', '982dd106-6950-49b2-b95a-27220c22ee37');
INSERT INTO art_ping.office VALUES ('1b560a1e-95fb-4254-ae29-ecb6cb571579', 'office216', 'UTC+3', '8d334fa6-c85d-4b3d-b6ed-68e7e0b4c937');
INSERT INTO art_ping.office VALUES ('6c30d15f-c0cb-43b4-afdf-34e79c75bf08', 'office217', 'UTC+3', 'f85375e3-ece3-447f-81a6-2931737032df');
INSERT INTO art_ping.office VALUES ('242f8ff9-2990-407f-88ed-4ba82814654a', 'office218', 'UTC+3', '6eab5509-7a0b-41f7-b4cc-4cba817a5a6d');
INSERT INTO art_ping.office VALUES ('e9886fde-932d-4297-bacf-c1df92746b8f', 'office219', 'UTC+3', 'c6f8565c-983c-4f3a-bf19-90c83d1ac25e');
INSERT INTO art_ping.office VALUES ('29ec31f8-4d26-49ba-8442-f12a1461d809', 'office220', 'UTC+3', 'df7cd170-3522-42ba-a7fa-9716ad07d655');
INSERT INTO art_ping.office VALUES ('dbb5198e-f2ec-4bce-9af2-9165a5f07190', 'office221', 'UTC+3', 'a7486ce1-a4d7-43a8-a3e9-a9bc45473eaa');
INSERT INTO art_ping.office VALUES ('7645e1bc-aa8d-40db-b973-1f41417e07b7', 'office222', 'UTC+3', '8d334fa6-c85d-4b3d-b6ed-68e7e0b4c937');
INSERT INTO art_ping.office VALUES ('94a23403-602e-4a56-921e-c4f5c409a428', 'office223', 'UTC+3', '5733cf63-c111-4b7e-b3c6-b2db6beecb07');
INSERT INTO art_ping.office VALUES ('a7627bd2-e1a1-436c-a003-af2b199ae21e', 'office224', 'UTC+3', '4b1ba17b-5803-4657-aeff-19741575fd9d');
INSERT INTO art_ping.office VALUES ('acbb1a78-429e-4743-b945-5a470fdf250c', 'office225', 'UTC+3', '4ad4a8b0-be32-4038-8805-842060a2a44a');
INSERT INTO art_ping.office VALUES ('4abf9944-1b3c-433e-ae00-692f5e3f9c7c', 'office226', 'UTC+3', 'd31f9382-b96d-477a-9079-9453e36b1b8d');
INSERT INTO art_ping.office VALUES ('eb1f0136-9a45-49e1-a7a3-58ed941c3962', 'office227', 'UTC+3', 'f1544fbc-c53f-47dc-8c5a-1940e4ed4cd2');
INSERT INTO art_ping.office VALUES ('17f01040-c915-4377-9778-3bc36f6213b5', 'office228', 'UTC+3', '5d0fe03f-ed10-4373-bb72-2206c079ab4d');
INSERT INTO art_ping.office VALUES ('550cf0f3-bcc7-4fa9-8225-9d8ec6068b44', 'office229', 'UTC+3', 'fc205b82-2a93-4ea6-87ec-587b082bc0f5');
INSERT INTO art_ping.office VALUES ('6349eae1-0921-42a1-8d63-286d921af9fa', 'office230', 'UTC+3', '72be929c-8187-459f-a698-1a08fa9a158b');
INSERT INTO art_ping.office VALUES ('bcf57ce0-5b88-4043-9418-518d44b61d3b', 'office231', 'UTC+3', '23775748-0ced-4446-a6d7-d6913f30ff57');
INSERT INTO art_ping.office VALUES ('45e3e7a5-3be8-43d1-b8db-71f420b6c3e2', 'office232', 'UTC+3', 'e8bd2e59-8616-4a24-a43d-18aa57a45a96');
INSERT INTO art_ping.office VALUES ('98e57c57-f2dd-46ce-8f05-2d4775b7cf15', 'office233', 'UTC+3', '43c5a337-ec92-4fc9-955e-599163eab623');
INSERT INTO art_ping.office VALUES ('2cf5e027-5376-4b87-acc1-c9b05464975c', 'office234', 'UTC+3', '42967912-6ba9-4728-ba0d-afa5525b1b25');
INSERT INTO art_ping.office VALUES ('67b4c46e-921c-4d60-9f49-085f3384af3b', 'office235', 'UTC+3', '4fb9de68-e7b6-45af-aa38-5912b6c3a7ad');
INSERT INTO art_ping.office VALUES ('24619c03-0251-4221-8fad-febe44951058', 'office236', 'UTC+3', '886154e8-0b6b-4b1a-9712-137acd2d2b8b');
INSERT INTO art_ping.office VALUES ('f938a356-daf1-412f-a458-81cb04d0baff', 'office237', 'UTC+3', '7adf3ff0-be1c-46b4-831a-11f4faf1b392');
INSERT INTO art_ping.office VALUES ('c4260d5f-0a7a-4f8c-8a75-f4dd411a4883', 'office238', 'UTC+3', 'debfb7a9-fe4c-45c7-9a4f-2c5143c9c1ca');
INSERT INTO art_ping.office VALUES ('fbb0d772-72bf-4357-9724-4a94e81f03e9', 'office239', 'UTC+3', '4ad4a8b0-be32-4038-8805-842060a2a44a');
INSERT INTO art_ping.office VALUES ('1eff2116-a6fa-4f55-b306-5e7b592e81aa', 'office240', 'UTC+3', '49e35ed1-5eb8-47d3-988b-e65d5c65f597');
INSERT INTO art_ping.office VALUES ('a80066dd-c0e9-4f2c-a3be-473e925fb28f', 'office241', 'UTC+3', '8312d085-9406-4947-8103-df526897834a');
INSERT INTO art_ping.office VALUES ('ad6cc68d-b235-42c7-a160-ca3556ee52c3', 'office242', 'UTC+3', '774135d2-f0e3-47c2-8496-78319f1757d0');
INSERT INTO art_ping.office VALUES ('89bdae97-df36-4dd8-b122-fbd7643ab330', 'office243', 'UTC+3', '63f37abf-72e7-4621-85dc-6b7f966e5f16');
INSERT INTO art_ping.office VALUES ('d23cad61-9fad-4326-bd7a-d960754e9c77', 'office244', 'UTC+3', 'f85375e3-ece3-447f-81a6-2931737032df');
INSERT INTO art_ping.office VALUES ('a9d5fb04-5f91-49ac-8305-ab21d0c76578', 'office245', 'UTC+3', '886154e8-0b6b-4b1a-9712-137acd2d2b8b');
INSERT INTO art_ping.office VALUES ('0c75dfd6-834c-4737-bb1d-b4125b3fe0c1', 'office246', 'UTC+3', '10387938-3ba2-4382-8a36-f7a5769851e4');
INSERT INTO art_ping.office VALUES ('d3209783-abf1-4cf5-bcea-8c7c2147f733', 'office247', 'UTC+3', 'f83e41d6-04f0-4b04-b4f1-949c46b31d00');
INSERT INTO art_ping.office VALUES ('96589e22-51f3-465e-a187-3ea688622fc4', 'office248', 'UTC+3', '72be929c-8187-459f-a698-1a08fa9a158b');
INSERT INTO art_ping.office VALUES ('177fe985-585f-4bce-93c0-c7c10eeb0a2d', 'office249', 'UTC+3', '6602d6f2-fafc-4385-8b9f-17a298f78595');
INSERT INTO art_ping.office VALUES ('31be730d-f6c4-4ba3-8ecc-36779fbf6c5d', 'office250', 'UTC+3', '78c12def-4023-47c7-aa79-f78ace80f3c6');
INSERT INTO art_ping.office VALUES ('3a821c73-ce27-4c7c-a5bc-b1d2df90d3c6', 'office251', 'UTC+3', 'e82d3ca7-23bd-48c0-a0c3-b52d05aeaced');
INSERT INTO art_ping.office VALUES ('daaa06b0-e978-4afc-b28e-76d646efb0fa', 'office252', 'UTC+3', '81d84e96-db7c-46b3-aaef-338fbf47544a');
INSERT INTO art_ping.office VALUES ('fc283323-8776-4600-8a5c-61d372a03bc4', 'office253', 'UTC+3', '3e282a1a-a35a-4b7c-b629-a2f1b356f0fe');
INSERT INTO art_ping.office VALUES ('e5ea3dc7-1348-47a8-bbe6-a5ae24092a55', 'office254', 'UTC+3', '9d39e79d-c72a-4ba8-a106-e0bd5b4a2c9b');
INSERT INTO art_ping.office VALUES ('c07534a9-6bf0-45fc-b299-f8aab13c2f3e', 'office255', 'UTC+3', '6602d6f2-fafc-4385-8b9f-17a298f78595');
INSERT INTO art_ping.office VALUES ('27cab027-c45f-4452-97ce-1943ab898a88', 'office256', 'UTC+3', '3ea41cd2-2e35-467b-a976-9406d9c891da');
INSERT INTO art_ping.office VALUES ('e4994d9f-0415-4ed4-820e-68f94e66f86a', 'office257', 'UTC+3', '453ead52-aea1-4f91-b834-f75909f84808');
INSERT INTO art_ping.office VALUES ('75ae830a-0f5f-45ae-ab83-ea53a218d53f', 'office258', 'UTC+3', 'a75f9563-6d25-4f63-9f5c-55202d6b830f');
INSERT INTO art_ping.office VALUES ('8427dc92-5873-4b4f-ae4c-d04ba0394c67', 'office259', 'UTC+3', '90405144-abf7-4c23-bb5e-c4c60b07823c');
INSERT INTO art_ping.office VALUES ('a9365a07-b379-4ce2-b419-cc22ad4c4e86', 'office260', 'UTC+3', '5a3150d1-0daf-45c3-81b2-90d6309551af');
INSERT INTO art_ping.office VALUES ('c476b8de-bb4f-464a-814b-fd43d3de7ce2', 'office261', 'UTC+3', '6740ee80-af1f-4f7c-830d-0022eb5c71ff');
INSERT INTO art_ping.office VALUES ('d55e0902-3c35-4d35-8544-19ca783dd0d5', 'office262', 'UTC+3', '414993a3-0e1d-4c3b-8fe5-03d8e5b8cc47');
INSERT INTO art_ping.office VALUES ('b7026028-e3d0-4a62-a60c-2e5fe1f75046', 'office263', 'UTC+3', '453ead52-aea1-4f91-b834-f75909f84808');
INSERT INTO art_ping.office VALUES ('a5d4841d-8f52-4d9e-bf2c-6e7522027918', 'office264', 'UTC+3', '4780f695-b40f-41e9-9e69-fed72d1b2522');
INSERT INTO art_ping.office VALUES ('22293623-1673-4203-a0d1-6dab0aba04a6', 'office265', 'UTC+3', '1a3e5cab-ecf1-4f1a-b2f2-d8a796f6110d');
INSERT INTO art_ping.office VALUES ('9e7a0db5-96b2-42bb-a37b-6de2557cc99d', 'office266', 'UTC+3', 'be21ba46-06d5-42d8-bc3f-703f93cb2233');
INSERT INTO art_ping.office VALUES ('30c3c936-5730-49ca-bb0f-be6b713cac21', 'office267', 'UTC+3', 'fc694cb1-0f0a-4453-b24f-ef2f835f9ef6');
INSERT INTO art_ping.office VALUES ('234d55e7-8a7d-4cb7-8a73-8e6e203bc988', 'office268', 'UTC+3', '0765f6e0-08a7-4421-bd3c-97e427c474fc');
INSERT INTO art_ping.office VALUES ('8188a203-01eb-4496-a5bc-374e81f5b8ad', 'office269', 'UTC+3', '98884dec-90c3-4401-a86e-6547cddf37b8');
INSERT INTO art_ping.office VALUES ('deeb8205-ffab-47f8-84fb-e447d79258d9', 'office270', 'UTC+3', '3e282a1a-a35a-4b7c-b629-a2f1b356f0fe');
INSERT INTO art_ping.office VALUES ('dc162f6a-357f-42c8-bfc6-4c812d575ae1', 'office271', 'UTC+3', 'fb545b92-c2c4-4225-be9c-77449368ff15');
INSERT INTO art_ping.office VALUES ('bfa673d8-c1ec-4165-98d6-4ed987093465', 'office272', 'UTC+3', '48846e78-d51d-43cd-95d8-4f963493c3af');
INSERT INTO art_ping.office VALUES ('599a9143-838c-4e48-8c31-3c46b4be252e', 'office273', 'UTC+3', 'a669e8f0-dd0f-4e0d-bf3a-e16bd701feca');
INSERT INTO art_ping.office VALUES ('89d26319-c205-4dc9-b23a-fe9ab35c1465', 'office274', 'UTC+3', 'b66bb045-a363-45f8-a092-7b71249790c5');
INSERT INTO art_ping.office VALUES ('192cd2f4-0a22-431c-b8ab-e94ce129b7ca', 'office275', 'UTC+3', 'afb13774-007e-435b-bf7b-173551fd2c8e');
INSERT INTO art_ping.office VALUES ('e0668a6a-9925-4544-98fd-333779a16572', 'office276', 'UTC+3', '6566ab75-9d9c-4b15-a7da-d064ec296488');
INSERT INTO art_ping.office VALUES ('b88e0f2b-9724-4381-9474-596e9d95360d', 'office277', 'UTC+3', '29489e16-430c-414f-9fc9-1ba60487d240');
INSERT INTO art_ping.office VALUES ('5b04ae11-93fd-4762-8918-08b6e380b65a', 'office278', 'UTC+3', '3921a3c2-4c27-4f38-a3d7-31155177d4b4');
INSERT INTO art_ping.office VALUES ('ad311f88-32bb-4ba0-948a-63caef0f6fd3', 'office279', 'UTC+3', '43c5a337-ec92-4fc9-955e-599163eab623');
INSERT INTO art_ping.office VALUES ('68f0cd1b-a9c0-4272-9470-e7e02b0bf283', 'office280', 'UTC+3', 'fbbbbd43-e6f6-4627-bd74-24d84772a586');
INSERT INTO art_ping.office VALUES ('2a676724-c216-481e-a749-50e96322c4e2', 'office281', 'UTC+3', '3ea41cd2-2e35-467b-a976-9406d9c891da');
INSERT INTO art_ping.office VALUES ('881c93a5-c42e-462a-8432-455b124b1a7c', 'office282', 'UTC+3', 'e82d3ca7-23bd-48c0-a0c3-b52d05aeaced');
INSERT INTO art_ping.office VALUES ('946738bc-352f-4f45-967e-f934bf5e6785', 'office283', 'UTC+3', '78c12def-4023-47c7-aa79-f78ace80f3c6');
INSERT INTO art_ping.office VALUES ('25ab10e7-b677-4367-9b6a-0beef5826c17', 'office284', 'UTC+3', 'ece84e5d-f32a-4165-aaeb-9c7fcf4ad087');
INSERT INTO art_ping.office VALUES ('44e8a9af-65aa-4203-a45d-27a204cc4f6e', 'office285', 'UTC+3', '4b1b94fa-03ec-44bf-bfd0-17cc42b6ce76');
INSERT INTO art_ping.office VALUES ('96c7369a-6b4f-467b-a20a-e2609e4ef4ac', 'office286', 'UTC+3', '4b1ba17b-5803-4657-aeff-19741575fd9d');
INSERT INTO art_ping.office VALUES ('46e7dc59-0c29-4b6d-9648-3d3d0a93f010', 'office287', 'UTC+3', 'ca70c6d6-f9ce-4038-82f0-9962fb960763');
INSERT INTO art_ping.office VALUES ('a3dce380-6ef0-4acd-8cac-2561799b66e3', 'office288', 'UTC+3', '90405144-abf7-4c23-bb5e-c4c60b07823c');
INSERT INTO art_ping.office VALUES ('f388ac57-8dec-4c3f-a5b4-455eff3339c0', 'office289', 'UTC+3', '4887c24d-fb47-4d03-a3d5-c84d4cc9d748');
INSERT INTO art_ping.office VALUES ('06abaa61-8902-4269-ab6a-c72ffeb14e96', 'office290', 'UTC+3', '6740ee80-af1f-4f7c-830d-0022eb5c71ff');
INSERT INTO art_ping.office VALUES ('703cbc07-43f3-48a4-91db-456b125e9b9e', 'office291', 'UTC+3', 'ad61be45-0c7f-4c95-be8b-608340beb8ee');
INSERT INTO art_ping.office VALUES ('7e583973-d756-4cac-9926-d5362af92f85', 'office292', 'UTC+3', 'f1544fbc-c53f-47dc-8c5a-1940e4ed4cd2');
INSERT INTO art_ping.office VALUES ('61859ba6-5f06-4445-b55b-86fee4fa99d0', 'office293', 'UTC+3', '6a3fc83c-5be8-4ae8-a267-c99e818c896d');
INSERT INTO art_ping.office VALUES ('5b53b4d2-255d-4c87-8e0f-3590e184947d', 'office294', 'UTC+3', 'd3cd12c5-22c2-4632-9750-1b44ccdbe5c8');
INSERT INTO art_ping.office VALUES ('9f06bedc-8241-4416-906a-20bf0a01f86b', 'office295', 'UTC+3', '611b024c-b6c6-4bf8-a1f4-2706452ffe8d');
INSERT INTO art_ping.office VALUES ('5282bfdb-a54b-4a5a-a4b3-aa4e3b4067ec', 'office296', 'UTC+3', 'd7c4b3c8-6301-414d-b394-9c6ca223a4ce');
INSERT INTO art_ping.office VALUES ('4edeaa30-0871-4839-8de9-dff5f94898e1', 'office297', 'UTC+3', '6075a23e-038c-470c-a0bb-d3277b3efb72');
INSERT INTO art_ping.office VALUES ('65aa87e6-ab82-4966-a59e-58fa6c221694', 'office298', 'UTC+3', '4f6093ac-29bf-457b-9d82-0d7d7c2f089f');
INSERT INTO art_ping.office VALUES ('39a3e358-6d19-4a61-a874-80fe05b5f025', 'office299', 'UTC+3', '005f8dc7-725b-4ee4-83ab-d907b9988944');
INSERT INTO art_ping.office VALUES ('e98d2142-b45a-4ade-acef-126a85317154', 'office300', 'UTC+3', '560183ad-37a6-4a3b-b797-75616dada42a');
INSERT INTO art_ping.office VALUES ('06cb0156-67e8-42dc-9403-990eaff36385', 'office301', 'UTC+3', '6740ee80-af1f-4f7c-830d-0022eb5c71ff');
INSERT INTO art_ping.office VALUES ('db38136f-988f-46fa-8de6-d12496e31662', 'office302', 'UTC+3', 'eab6a16f-e17b-4322-93d4-ad382394206d');
INSERT INTO art_ping.office VALUES ('38e2f94f-b47b-4346-be28-72e3c0567cfe', 'office303', 'UTC+3', 'afb13774-007e-435b-bf7b-173551fd2c8e');
INSERT INTO art_ping.office VALUES ('d3e0ee9d-aea3-4b6c-a432-e43ff7bcf56f', 'office304', 'UTC+3', '7adf3ff0-be1c-46b4-831a-11f4faf1b392');
INSERT INTO art_ping.office VALUES ('3079850b-42ba-43fd-bc01-ad1009cee5f0', 'office305', 'UTC+3', '567f95ff-0272-471e-a091-5ba82268387c');
INSERT INTO art_ping.office VALUES ('11155b5c-0803-46b4-a3df-e856cefd5081', 'office306', 'UTC+3', 'b2e5aa59-05c9-4c12-9328-18bce88ee49a');
INSERT INTO art_ping.office VALUES ('2a51f079-445e-4535-92fe-3fd844bae1f3', 'office307', 'UTC+3', '48846e78-d51d-43cd-95d8-4f963493c3af');
INSERT INTO art_ping.office VALUES ('ad35d817-2c6a-4fa0-99c1-600c781bc7ba', 'office308', 'UTC+3', 'be21ba46-06d5-42d8-bc3f-703f93cb2233');
INSERT INTO art_ping.office VALUES ('d7ab7dd7-ae46-4928-854a-b1faea086caa', 'office309', 'UTC+3', 'a75f9563-6d25-4f63-9f5c-55202d6b830f');
INSERT INTO art_ping.office VALUES ('9ab1d299-7f86-4d65-87c0-caec02723ed3', 'office310', 'UTC+3', '67246d3f-8701-4c01-8736-41cff0bbc062');
INSERT INTO art_ping.office VALUES ('63f196d9-b8c1-4486-b311-13825d26b6df', 'office311', 'UTC+3', '8d334fa6-c85d-4b3d-b6ed-68e7e0b4c937');
INSERT INTO art_ping.office VALUES ('a68c155d-9c90-4d40-82b4-930f52d0a7eb', 'office312', 'UTC+3', 'bef94631-81a4-4874-8f09-aa1fc75cd486');
INSERT INTO art_ping.office VALUES ('b5a5d28e-6a96-4924-bbe3-3add5cf8d125', 'office313', 'UTC+3', '8f58430d-dc78-447d-b06c-c901317bc8d2');
INSERT INTO art_ping.office VALUES ('83835ef9-8993-45b1-8d9c-d9b1df87e798', 'office314', 'UTC+3', 'cdce9691-aa7a-4610-8b37-8d2c9209c72d');
INSERT INTO art_ping.office VALUES ('ecd509ee-7cf6-469e-a9d0-3c577f826956', 'office315', 'UTC+3', '3d16975c-4312-4f03-b5d5-27a4eae6925c');
INSERT INTO art_ping.office VALUES ('08ddb4a4-bb51-4c21-a2dc-c611bcb1f5c1', 'office316', 'UTC+3', 'd4552982-6b20-4953-a229-ab5c109eda88');
INSERT INTO art_ping.office VALUES ('c757a99b-e4b6-410e-9147-b39ff24517b8', 'office317', 'UTC+3', '5e882683-de03-498b-99f7-8e12bc3ec1cb');
INSERT INTO art_ping.office VALUES ('45065e26-0fcd-4052-a07d-d4a358856c86', 'office318', 'UTC+3', 'afb13774-007e-435b-bf7b-173551fd2c8e');
INSERT INTO art_ping.office VALUES ('5b8dfc66-ca06-4ead-bdbd-509bdaf63200', 'office319', 'UTC+3', '23775748-0ced-4446-a6d7-d6913f30ff57');
INSERT INTO art_ping.office VALUES ('1ba947e3-eaf1-4929-b987-102328976aa3', 'office320', 'UTC+3', 'd4552982-6b20-4953-a229-ab5c109eda88');
INSERT INTO art_ping.office VALUES ('abc8cca9-482f-4160-a332-5e6a592fc951', 'office321', 'UTC+3', 'a235b392-0594-447a-8cf4-57ea8864c784');
INSERT INTO art_ping.office VALUES ('b5ece68f-1c80-4035-acab-f14e95e0e150', 'office322', 'UTC+3', '611b024c-b6c6-4bf8-a1f4-2706452ffe8d');
INSERT INTO art_ping.office VALUES ('7191f144-3b4e-40ce-b88a-da5afafa21a0', 'office323', 'UTC+3', '6740ee80-af1f-4f7c-830d-0022eb5c71ff');
INSERT INTO art_ping.office VALUES ('688e4de4-013d-4a4c-aff1-13dea7d2ced8', 'office324', 'UTC+3', 'bf441199-ac71-46e6-966f-13b0db15c311');
INSERT INTO art_ping.office VALUES ('2dde1f6a-f344-4646-8114-ddf394cc448f', 'office325', 'UTC+3', 'efaf2c31-3480-421a-bb39-03aa8dad35d8');
INSERT INTO art_ping.office VALUES ('88d6ca75-e17e-4339-b81c-99cafb421932', 'office326', 'UTC+3', 'a7486ce1-a4d7-43a8-a3e9-a9bc45473eaa');
INSERT INTO art_ping.office VALUES ('2f9763e6-08c1-4272-803d-1a352186fbac', 'office327', 'UTC+3', '4d1c6b46-b965-439f-9fcc-0e45453ba2b6');
INSERT INTO art_ping.office VALUES ('5f6aa422-9a06-45cf-abe7-77d00808a32c', 'office328', 'UTC+3', '65b30d5f-f607-43c7-8c6d-7ca7ced24c0c');
INSERT INTO art_ping.office VALUES ('a77b0d5d-3bfb-4e6b-a490-8e840ba23993', 'office329', 'UTC+3', '567f95ff-0272-471e-a091-5ba82268387c');
INSERT INTO art_ping.office VALUES ('3432d797-0000-4b3c-8f9f-8bff3e76a7ab', 'office330', 'UTC+3', '6eab5509-7a0b-41f7-b4cc-4cba817a5a6d');
INSERT INTO art_ping.office VALUES ('a93ca30d-c5c3-480a-836f-6823f860e4f4', 'office331', 'UTC+3', 'd7310f65-c734-4e83-b875-7c01e33250dc');
INSERT INTO art_ping.office VALUES ('786bdd0f-cfaa-48ae-84cb-bef7346a7cff', 'office332', 'UTC+3', '1efce7ca-fc5b-4e84-ab9b-e1eb6771660f');
INSERT INTO art_ping.office VALUES ('b15cc261-dca8-4de6-b0db-028e9fd4c6b0', 'office333', 'UTC+3', 'b3c2f88d-2941-46c1-b33d-0ffb2dbb0c85');
INSERT INTO art_ping.office VALUES ('956cae42-b4e9-40f9-93df-5a5117e0c805', 'office334', 'UTC+3', '4612e905-6868-46e2-a497-c81d84aa4e17');
INSERT INTO art_ping.office VALUES ('947a048f-0080-48d0-b84c-e34043b12ce4', 'office335', 'UTC+3', 'a669e8f0-dd0f-4e0d-bf3a-e16bd701feca');
INSERT INTO art_ping.office VALUES ('8fcc87ab-5015-4961-b9bf-8ff96db50423', 'office336', 'UTC+3', 'fc694cb1-0f0a-4453-b24f-ef2f835f9ef6');
INSERT INTO art_ping.office VALUES ('a7fd52f5-bc9c-4cac-8c37-dcf8ab8848c6', 'office337', 'UTC+3', 'debfb7a9-fe4c-45c7-9a4f-2c5143c9c1ca');
INSERT INTO art_ping.office VALUES ('1fbbbcac-e7fe-4668-82ec-2927f64110c5', 'office338', 'UTC+3', 'ad61be45-0c7f-4c95-be8b-608340beb8ee');
INSERT INTO art_ping.office VALUES ('65d5bd29-e502-4e42-a272-cdff00b41c2c', 'office339', 'UTC+3', '0698bb6d-7505-49ea-99c4-f4d66e57172b');
INSERT INTO art_ping.office VALUES ('8c48adbe-20a7-44bf-b911-77410174a31e', 'office340', 'UTC+3', 'a235b392-0594-447a-8cf4-57ea8864c784');
INSERT INTO art_ping.office VALUES ('3c7ace8f-06e4-49d5-bde7-ae8dcb6b241f', 'office341', 'UTC+3', '4f6093ac-29bf-457b-9d82-0d7d7c2f089f');
INSERT INTO art_ping.office VALUES ('18cf1f18-bee0-4579-8ae0-1885d9400a93', 'office342', 'UTC+3', 'be21ba46-06d5-42d8-bc3f-703f93cb2233');
INSERT INTO art_ping.office VALUES ('c117434e-a20e-4ae4-900f-f2617b6aa3f3', 'office343', 'UTC+3', 'bf441199-ac71-46e6-966f-13b0db15c311');
INSERT INTO art_ping.office VALUES ('f0dc8495-7e77-438f-b17c-9ceca6948f0a', 'office344', 'UTC+3', '1efce7ca-fc5b-4e84-ab9b-e1eb6771660f');
INSERT INTO art_ping.office VALUES ('111f2c27-fae3-4609-bd82-864bdfbc9c20', 'office345', 'UTC+3', '7061fcee-5c59-426b-ba35-44c82724e8b7');
INSERT INTO art_ping.office VALUES ('b698b2d9-e971-4da5-b86b-cd521b1bb301', 'office346', 'UTC+3', '453ead52-aea1-4f91-b834-f75909f84808');
INSERT INTO art_ping.office VALUES ('8ea8658e-442d-4005-b74a-f6d2b420c69c', 'office347', 'UTC+3', 'f1544fbc-c53f-47dc-8c5a-1940e4ed4cd2');
INSERT INTO art_ping.office VALUES ('21cb9ec6-6c01-4b9e-ae44-04f07658a3d0', 'office348', 'UTC+3', 'afb13774-007e-435b-bf7b-173551fd2c8e');
INSERT INTO art_ping.office VALUES ('f639209b-2a9b-44b6-a13f-ff9b6ba4eabe', 'office349', 'UTC+3', '4887c24d-fb47-4d03-a3d5-c84d4cc9d748');
INSERT INTO art_ping.office VALUES ('a1235077-5721-4084-b699-65caf1429316', 'office350', 'UTC+3', '5a3150d1-0daf-45c3-81b2-90d6309551af');
INSERT INTO art_ping.office VALUES ('6e799204-8afc-4bc4-bebc-423977596351', 'office351', 'UTC+3', 'ad61be45-0c7f-4c95-be8b-608340beb8ee');
INSERT INTO art_ping.office VALUES ('49b766f5-1f1e-478a-95e3-89cdcad0a2fa', 'office352', 'UTC+3', 'a669e8f0-dd0f-4e0d-bf3a-e16bd701feca');
INSERT INTO art_ping.office VALUES ('f189bb2b-28b1-49b9-9c27-cb5d04d13215', 'office353', 'UTC+3', '6075a23e-038c-470c-a0bb-d3277b3efb72');
INSERT INTO art_ping.office VALUES ('a8a8f2f0-997a-4c58-9970-65098c66c2fc', 'office354', 'UTC+3', '5d0fe03f-ed10-4373-bb72-2206c079ab4d');
INSERT INTO art_ping.office VALUES ('d8c3dacc-3d00-469b-995b-fd016ff83c55', 'office355', 'UTC+3', 'bf441199-ac71-46e6-966f-13b0db15c311');
INSERT INTO art_ping.office VALUES ('bd94b18f-cf3a-4687-b149-839a3394fcff', 'office356', 'UTC+3', '8d334fa6-c85d-4b3d-b6ed-68e7e0b4c937');
INSERT INTO art_ping.office VALUES ('a388b05e-8ff5-49d6-a9ad-f31a3493e688', 'office357', 'UTC+3', '49e35ed1-5eb8-47d3-988b-e65d5c65f597');
INSERT INTO art_ping.office VALUES ('39c6edc9-7106-4ac8-8b75-2dd6461eeb79', 'office358', 'UTC+3', 'fbbbbd43-e6f6-4627-bd74-24d84772a586');
INSERT INTO art_ping.office VALUES ('255b08ca-0382-457a-b1e5-59691c2fccc3', 'office359', 'UTC+3', '79f0840b-c9b7-4da8-a723-94850b7de070');
INSERT INTO art_ping.office VALUES ('a892b4bd-1376-4812-bb19-9bfe671380c1', 'office360', 'UTC+3', '6740ee80-af1f-4f7c-830d-0022eb5c71ff');
INSERT INTO art_ping.office VALUES ('50366fba-87ae-4fea-93d6-c27f6c3a74e9', 'office361', 'UTC+3', 'bd33e50b-d99e-4f0f-b2eb-191673b80876');
INSERT INTO art_ping.office VALUES ('db0fcc20-9df0-47e7-91cf-0b3967114efb', 'office362', 'UTC+3', 'a669e8f0-dd0f-4e0d-bf3a-e16bd701feca');
INSERT INTO art_ping.office VALUES ('f9283adf-e54a-45c8-9c83-04e195e5dcea', 'office363', 'UTC+3', 'bd33e50b-d99e-4f0f-b2eb-191673b80876');
INSERT INTO art_ping.office VALUES ('7bd07dfc-0748-436f-aa83-5b2127392772', 'office364', 'UTC+3', 'd3cd12c5-22c2-4632-9750-1b44ccdbe5c8');
INSERT INTO art_ping.office VALUES ('e3bf3b1f-99ad-420a-8658-544d19c490b5', 'office365', 'UTC+3', '982dd106-6950-49b2-b95a-27220c22ee37');
INSERT INTO art_ping.office VALUES ('9dcc8d7b-ca00-4ea1-9e65-94b309561b32', 'office366', 'UTC+3', '9ecad47a-2227-4f3d-8f7d-f1e21389be51');
INSERT INTO art_ping.office VALUES ('2581806d-09f9-4a12-9631-e0d9b1896867', 'office367', 'UTC+3', '4e8599db-4282-47bf-8d07-a9a0f4be8445');
INSERT INTO art_ping.office VALUES ('9edd8bbd-262c-4837-a244-f3caf95d9111', 'office368', 'UTC+3', '0f73303c-5a23-4777-9c8b-720a36f1b310');
INSERT INTO art_ping.office VALUES ('2e34b454-ba69-4de5-944f-50f7842bb696', 'office369', 'UTC+3', '81d84e96-db7c-46b3-aaef-338fbf47544a');
INSERT INTO art_ping.office VALUES ('9a508910-d951-494e-9687-369f7c3f9b18', 'office370', 'UTC+3', '18b737d7-d971-4249-b85a-545311ad1dca');
INSERT INTO art_ping.office VALUES ('2ae23ff0-f4d1-496f-ad71-5a0610c6a62f', 'office371', 'UTC+3', 'd7310f65-c734-4e83-b875-7c01e33250dc');
INSERT INTO art_ping.office VALUES ('937ba759-79b7-477c-ae2f-dde3ed137121', 'office372', 'UTC+3', '1a3e5cab-ecf1-4f1a-b2f2-d8a796f6110d');
INSERT INTO art_ping.office VALUES ('3922eb7d-adfb-4550-9949-6266985ac551', 'office373', 'UTC+3', '48846e78-d51d-43cd-95d8-4f963493c3af');
INSERT INTO art_ping.office VALUES ('4b6328a5-8d34-4708-9f3b-be8ff4c78102', 'office374', 'UTC+3', 'cd21ba88-d073-4a67-a7c0-5eaef8b85809');
INSERT INTO art_ping.office VALUES ('2e1e6484-42a4-4036-9431-6bdeabee49c7', 'office375', 'UTC+3', '0765f6e0-08a7-4421-bd3c-97e427c474fc');
INSERT INTO art_ping.office VALUES ('c38e2d0d-d397-45c1-9707-d0b7e10aa748', 'office376', 'UTC+3', '5e882683-de03-498b-99f7-8e12bc3ec1cb');
INSERT INTO art_ping.office VALUES ('a5c3f074-a0d2-44f7-a380-685a10a0bbd2', 'office377', 'UTC+3', 'c6f8565c-983c-4f3a-bf19-90c83d1ac25e');
INSERT INTO art_ping.office VALUES ('e3290671-be30-4229-8fa8-24ad9dc45eea', 'office378', 'UTC+3', '49e35ed1-5eb8-47d3-988b-e65d5c65f597');
INSERT INTO art_ping.office VALUES ('11168cfd-cacd-4709-8b7a-3886b7071722', 'office379', 'UTC+3', '4f8309e8-83d1-4eaf-9912-b667ae17a8f4');
INSERT INTO art_ping.office VALUES ('40cb0b46-f7fd-4e7b-86c9-0ad813650c64', 'office380', 'UTC+3', 'd1376795-a931-4377-9d64-ded7eca835e0');
INSERT INTO art_ping.office VALUES ('c71868ff-2592-483b-aa40-3c007b774d83', 'office381', 'UTC+3', '3e282a1a-a35a-4b7c-b629-a2f1b356f0fe');
INSERT INTO art_ping.office VALUES ('5b2967ef-7015-428e-b3d8-70c5bd6dd7a1', 'office382', 'UTC+3', '0c938dfe-6bdb-4fd6-bb0a-df38a9e1ae80');
INSERT INTO art_ping.office VALUES ('90e9dede-df14-4b73-9fe8-bcab344d69f7', 'office383', 'UTC+3', 'bac72bd4-1f06-4610-b7e0-d68506e54a15');
INSERT INTO art_ping.office VALUES ('20be9325-e606-4db3-ac9b-02c43cac6dc5', 'office384', 'UTC+3', '982dd106-6950-49b2-b95a-27220c22ee37');
INSERT INTO art_ping.office VALUES ('0f190ae3-9eaa-4d06-b5ed-bc08fc486e77', 'office385', 'UTC+3', 'b2e5aa59-05c9-4c12-9328-18bce88ee49a');
INSERT INTO art_ping.office VALUES ('8da65beb-3f12-45d1-818e-d41858007f50', 'office386', 'UTC+3', '10387938-3ba2-4382-8a36-f7a5769851e4');
INSERT INTO art_ping.office VALUES ('389e9b88-ea01-4f5f-97e9-ce84c997a754', 'office387', 'UTC+3', '567f95ff-0272-471e-a091-5ba82268387c');
INSERT INTO art_ping.office VALUES ('b2df0ebb-ac17-4b94-ba8a-dd1d72b637f2', 'office388', 'UTC+3', '85e5ef9a-7ad5-4834-83ec-edf2dccc3ef9');
INSERT INTO art_ping.office VALUES ('ffb2b2d5-976a-472a-9716-01c9dc2cecf7', 'office389', 'UTC+3', 'ca196dd7-5deb-45a2-b88b-ae966af9b597');
INSERT INTO art_ping.office VALUES ('7b44f0ea-883d-4905-a202-7d217943b555', 'office390', 'UTC+3', '79f0840b-c9b7-4da8-a723-94850b7de070');
INSERT INTO art_ping.office VALUES ('46d3538f-a653-4008-ab31-15f7c64e493d', 'office391', 'UTC+3', 'f83e41d6-04f0-4b04-b4f1-949c46b31d00');
INSERT INTO art_ping.office VALUES ('7dcd4bc3-4860-4fb0-a06a-81c8ff496579', 'office392', 'UTC+3', '4f6093ac-29bf-457b-9d82-0d7d7c2f089f');
INSERT INTO art_ping.office VALUES ('e65f0557-45a5-46a0-a7de-72d0401b9d14', 'office393', 'UTC+3', 'c6f8565c-983c-4f3a-bf19-90c83d1ac25e');
INSERT INTO art_ping.office VALUES ('98dd75e5-bbc4-4de1-9c37-b5b5162d59d5', 'office394', 'UTC+3', 'ca70c6d6-f9ce-4038-82f0-9962fb960763');
INSERT INTO art_ping.office VALUES ('bc2a8bdc-2b0f-4f12-a091-53a2dce2d321', 'office395', 'UTC+3', 'a7486ce1-a4d7-43a8-a3e9-a9bc45473eaa');
INSERT INTO art_ping.office VALUES ('193821bf-853a-47a3-8149-8934d576522a', 'office396', 'UTC+3', '4d1c6b46-b965-439f-9fcc-0e45453ba2b6');
INSERT INTO art_ping.office VALUES ('5f1ef821-29cc-4827-820f-b11c4afea03d', 'office397', 'UTC+3', '9e1dbd73-6f0f-400c-ab9f-a68b5bb6d464');
INSERT INTO art_ping.office VALUES ('2f39abc2-0a99-4b9d-ad8b-2ba7a9a5c01c', 'office398', 'UTC+3', '886154e8-0b6b-4b1a-9712-137acd2d2b8b');
INSERT INTO art_ping.office VALUES ('cb64d194-2d23-4ff2-974f-3141f201c283', 'office399', 'UTC+3', '63f37abf-72e7-4621-85dc-6b7f966e5f16');
INSERT INTO art_ping.office VALUES ('cb2c6c4d-0284-4bbf-b0c1-9a624b730216', 'office400', 'UTC+3', '9d39e79d-c72a-4ba8-a106-e0bd5b4a2c9b');
INSERT INTO art_ping.office VALUES ('77b73bf7-1c01-4d1a-b33d-2aa16bc9957e', 'office401', 'UTC+3', '982dd106-6950-49b2-b95a-27220c22ee37');
INSERT INTO art_ping.office VALUES ('ed608764-f5b4-4080-9641-c10de00043ee', 'office402', 'UTC+3', 'bef94631-81a4-4874-8f09-aa1fc75cd486');
INSERT INTO art_ping.office VALUES ('b30fe6c5-7812-4966-86db-8d1d6dbbaba8', 'office403', 'UTC+3', '0698bb6d-7505-49ea-99c4-f4d66e57172b');
INSERT INTO art_ping.office VALUES ('5f1215be-b534-4453-b4a2-5bc9be5d6f8e', 'office404', 'UTC+3', 'eab6a16f-e17b-4322-93d4-ad382394206d');
INSERT INTO art_ping.office VALUES ('bf280fea-44ae-4a9b-b89a-bb074888b398', 'office405', 'UTC+3', '9d39e79d-c72a-4ba8-a106-e0bd5b4a2c9b');
INSERT INTO art_ping.office VALUES ('145adcaf-e860-4af3-8bc1-5034d9b6dc00', 'office406', 'UTC+3', '982dd106-6950-49b2-b95a-27220c22ee37');
INSERT INTO art_ping.office VALUES ('aada6ea8-4a9d-4a86-b30c-d57c40b2529b', 'office407', 'UTC+3', 'df638e33-b2a7-45be-9e78-c44dd676c73c');
INSERT INTO art_ping.office VALUES ('7cb2c52c-65de-4e1d-a999-c0854ace823b', 'office408', 'UTC+3', '83fb83f4-7544-4f51-993a-47cabe040e5c');
INSERT INTO art_ping.office VALUES ('4a93e78c-0494-4f99-9bee-24b83c93c6c0', 'office409', 'UTC+3', 'f0ff4fa0-137f-466d-bc0e-38e49a2efaa5');
INSERT INTO art_ping.office VALUES ('b6c3550a-bf15-4144-ae01-6d3a62474c5d', 'office410', 'UTC+3', '6602d6f2-fafc-4385-8b9f-17a298f78595');
INSERT INTO art_ping.office VALUES ('9718c3d1-df7a-4bf4-8c6f-2ff686cad009', 'office411', 'UTC+3', 'fc205b82-2a93-4ea6-87ec-587b082bc0f5');
INSERT INTO art_ping.office VALUES ('5011ef5c-d725-449a-baed-7b446a4a2308', 'office412', 'UTC+3', '85e5ef9a-7ad5-4834-83ec-edf2dccc3ef9');
INSERT INTO art_ping.office VALUES ('0d908e3a-825a-4f04-bb90-4d9883ae2eed', 'office413', 'UTC+3', '4f6093ac-29bf-457b-9d82-0d7d7c2f089f');
INSERT INTO art_ping.office VALUES ('e1c5512f-df26-45d8-b7ca-2769d4250d0d', 'office414', 'UTC+3', '4887c24d-fb47-4d03-a3d5-c84d4cc9d748');
INSERT INTO art_ping.office VALUES ('94803b95-7500-4bb3-bf94-5d484afb4aba', 'office415', 'UTC+3', '5a3150d1-0daf-45c3-81b2-90d6309551af');
INSERT INTO art_ping.office VALUES ('550d2c2d-741d-4ceb-bccf-d5e9e021d412', 'office416', 'UTC+3', '453ead52-aea1-4f91-b834-f75909f84808');
INSERT INTO art_ping.office VALUES ('1588f6e8-ef9d-441f-92ce-a4502c233ec1', 'office417', 'UTC+3', '4f6093ac-29bf-457b-9d82-0d7d7c2f089f');
INSERT INTO art_ping.office VALUES ('4af0742e-a71f-442c-b404-c96ead4c279e', 'office418', 'UTC+3', '0f73303c-5a23-4777-9c8b-720a36f1b310');
INSERT INTO art_ping.office VALUES ('7639b5ec-bf59-4e20-a7f3-4254df0fa961', 'office419', 'UTC+3', 'f1544fbc-c53f-47dc-8c5a-1940e4ed4cd2');
INSERT INTO art_ping.office VALUES ('ea523e9e-38ee-4b9c-950b-f2f4f1bc84c3', 'office420', 'UTC+3', '8312d085-9406-4947-8103-df526897834a');
INSERT INTO art_ping.office VALUES ('957438d4-25f2-4014-9830-19ec2a75468a', 'office421', 'UTC+3', '10387938-3ba2-4382-8a36-f7a5769851e4');
INSERT INTO art_ping.office VALUES ('b32cf084-d483-48ec-9c63-ff8dc4d12795', 'office422', 'UTC+3', '0698bb6d-7505-49ea-99c4-f4d66e57172b');
INSERT INTO art_ping.office VALUES ('633dc916-e2f3-4097-9546-92e0e7c08ee7', 'office423', 'UTC+3', '9d39e79d-c72a-4ba8-a106-e0bd5b4a2c9b');
INSERT INTO art_ping.office VALUES ('7f104fc3-cb0d-4989-a397-74c2edfd0bdc', 'office424', 'UTC+3', 'a1c18b37-669c-4ad4-80f8-daa8d99c24d9');
INSERT INTO art_ping.office VALUES ('d15966c6-129f-40cc-9043-d4a8a8148780', 'office425', 'UTC+3', '0a939078-93cc-4024-be1c-fce3e236261e');
INSERT INTO art_ping.office VALUES ('4dfdee3f-4344-4694-9797-aa343963b954', 'office426', 'UTC+3', '75ffb36c-275b-4fff-bc47-d5ad63139032');
INSERT INTO art_ping.office VALUES ('f66f4f02-fc2c-4ab8-aeec-50a1047b26e3', 'office427', 'UTC+3', '9e1dbd73-6f0f-400c-ab9f-a68b5bb6d464');
INSERT INTO art_ping.office VALUES ('64e3d95b-66df-4545-a892-c5b44f39ae30', 'office428', 'UTC+3', 'df638e33-b2a7-45be-9e78-c44dd676c73c');
INSERT INTO art_ping.office VALUES ('d8453af2-e32a-4ed6-bfe2-334ebcfd2642', 'office429', 'UTC+3', 'debfb7a9-fe4c-45c7-9a4f-2c5143c9c1ca');
INSERT INTO art_ping.office VALUES ('d4afa6fa-1089-4b33-a723-4c2a09f69803', 'office430', 'UTC+3', '6566ab75-9d9c-4b15-a7da-d064ec296488');
INSERT INTO art_ping.office VALUES ('20d617e0-1224-48e0-bbcd-d5b8e9a79d57', 'office431', 'UTC+3', 'd1376795-a931-4377-9d64-ded7eca835e0');
INSERT INTO art_ping.office VALUES ('94d8b0ff-cc8c-4096-8749-f32ce65ee5d6', 'office432', 'UTC+3', '2f770549-a4ad-4a69-822b-3db886f9dc7f');
INSERT INTO art_ping.office VALUES ('1016ec1c-b32e-4743-a1b9-e9960ed6efb3', 'office433', 'UTC+3', '23775748-0ced-4446-a6d7-d6913f30ff57');
INSERT INTO art_ping.office VALUES ('ba0ae5f5-df7c-4729-a1e9-743a1f4d55ee', 'office434', 'UTC+3', '1a3e5cab-ecf1-4f1a-b2f2-d8a796f6110d');
INSERT INTO art_ping.office VALUES ('afdfa797-0d5b-445f-bc6c-61ab0df59714', 'office435', 'UTC+3', 'd7c4b3c8-6301-414d-b394-9c6ca223a4ce');
INSERT INTO art_ping.office VALUES ('221e9ff7-ef89-470c-b755-7eebc8933f48', 'office436', 'UTC+3', 'a75f9563-6d25-4f63-9f5c-55202d6b830f');
INSERT INTO art_ping.office VALUES ('575f1ddf-d760-4f22-a276-71207f5cbba7', 'office437', 'UTC+3', '982dd106-6950-49b2-b95a-27220c22ee37');
INSERT INTO art_ping.office VALUES ('3d69b3ab-1f28-43cd-942f-00d238714e7b', 'office438', 'UTC+3', '6a3fc83c-5be8-4ae8-a267-c99e818c896d');
INSERT INTO art_ping.office VALUES ('11f0e27c-0131-4578-bd11-ea0a3e7e94a7', 'office439', 'UTC+3', '0a939078-93cc-4024-be1c-fce3e236261e');
INSERT INTO art_ping.office VALUES ('4052bbb4-698b-4e06-8c4f-ad991181b43c', 'office440', 'UTC+3', '0cf01225-a8a0-423e-aaa4-cabdeddf233e');
INSERT INTO art_ping.office VALUES ('a4f4b85e-6192-4dae-8ae5-68f85d79eade', 'office441', 'UTC+3', '9ecad47a-2227-4f3d-8f7d-f1e21389be51');
INSERT INTO art_ping.office VALUES ('fc709772-9e05-466d-8021-966942f13a57', 'office442', 'UTC+3', 'f83e41d6-04f0-4b04-b4f1-949c46b31d00');
INSERT INTO art_ping.office VALUES ('6c670a09-0ea6-4870-b3d1-d38d0038501b', 'office443', 'UTC+3', '49e35ed1-5eb8-47d3-988b-e65d5c65f597');
INSERT INTO art_ping.office VALUES ('b98c96d4-a6a0-4156-932a-d2a07c2f835f', 'office444', 'UTC+3', 'be21ba46-06d5-42d8-bc3f-703f93cb2233');
INSERT INTO art_ping.office VALUES ('81515fde-3909-4380-9b1b-5956857bf600', 'office445', 'UTC+3', 'afb13774-007e-435b-bf7b-173551fd2c8e');
INSERT INTO art_ping.office VALUES ('11e67114-67ad-42d8-b6dc-f30e95151d44', 'office446', 'UTC+3', '29489e16-430c-414f-9fc9-1ba60487d240');
INSERT INTO art_ping.office VALUES ('fd3ef0ae-8d76-420c-9afb-d762f73349d1', 'office447', 'UTC+3', 'efaf2c31-3480-421a-bb39-03aa8dad35d8');
INSERT INTO art_ping.office VALUES ('99de948c-3617-4e32-8f31-60b9f9c622eb', 'office448', 'UTC+3', '774135d2-f0e3-47c2-8496-78319f1757d0');
INSERT INTO art_ping.office VALUES ('96be0587-7628-4870-8795-3ae9a8088dd4', 'office449', 'UTC+3', '81d84e96-db7c-46b3-aaef-338fbf47544a');
INSERT INTO art_ping.office VALUES ('7f06a054-1f15-4af4-b0c5-d8821629370f', 'office450', 'UTC+3', '560183ad-37a6-4a3b-b797-75616dada42a');
INSERT INTO art_ping.office VALUES ('56365ce4-d2be-4608-99fe-1463b5c93a1f', 'office451', 'UTC+3', '7061fcee-5c59-426b-ba35-44c82724e8b7');
INSERT INTO art_ping.office VALUES ('b1dafde9-d159-45bf-836e-02b8950eb446', 'office452', 'UTC+3', '85e5ef9a-7ad5-4834-83ec-edf2dccc3ef9');
INSERT INTO art_ping.office VALUES ('b31feef0-9ac9-4c9f-98f4-fb3e06b5c866', 'office453', 'UTC+3', 'a75f9563-6d25-4f63-9f5c-55202d6b830f');
INSERT INTO art_ping.office VALUES ('a97ea2e3-5140-4082-959c-a7660baeaf6d', 'office454', 'UTC+3', '3ea41cd2-2e35-467b-a976-9406d9c891da');
INSERT INTO art_ping.office VALUES ('d3fd3a60-8844-4307-afab-55fd3101bc4b', 'office455', 'UTC+3', '81d84e96-db7c-46b3-aaef-338fbf47544a');
INSERT INTO art_ping.office VALUES ('4f731e17-19e6-4d3b-8015-bb4154879a24', 'office456', 'UTC+3', '4612e905-6868-46e2-a497-c81d84aa4e17');
INSERT INTO art_ping.office VALUES ('8edbabe8-f2db-4ba2-a255-01d05c6420b2', 'office457', 'UTC+3', 'd1376795-a931-4377-9d64-ded7eca835e0');
INSERT INTO art_ping.office VALUES ('2f90fa42-5634-4cdb-8fe6-d3d6767c4cee', 'office458', 'UTC+3', 'f0ff4fa0-137f-466d-bc0e-38e49a2efaa5');
INSERT INTO art_ping.office VALUES ('2002de5a-d26f-4c49-8f0f-f8be9160d3ea', 'office459', 'UTC+3', 'a75f9563-6d25-4f63-9f5c-55202d6b830f');
INSERT INTO art_ping.office VALUES ('1eb3ac38-ae3d-4c7c-89ec-5ca89e618c4e', 'office460', 'UTC+3', '3ea41cd2-2e35-467b-a976-9406d9c891da');
INSERT INTO art_ping.office VALUES ('6758ddf4-200d-47df-b3ca-904a2d5efc51', 'office461', 'UTC+3', '29489e16-430c-414f-9fc9-1ba60487d240');
INSERT INTO art_ping.office VALUES ('1723eea8-a9a6-48b2-859d-4fcd946ed2f9', 'office462', 'UTC+3', '6eab5509-7a0b-41f7-b4cc-4cba817a5a6d');
INSERT INTO art_ping.office VALUES ('6c73dddc-ed68-4e70-bfde-0d11edec8b11', 'office463', 'UTC+3', '0f73303c-5a23-4777-9c8b-720a36f1b310');
INSERT INTO art_ping.office VALUES ('8dfef94c-434a-4d60-abba-a9004afab6bd', 'office464', 'UTC+3', '5d0fe03f-ed10-4373-bb72-2206c079ab4d');
INSERT INTO art_ping.office VALUES ('04d2f1ee-99f1-4def-afc1-5d4d3cf1f9d5', 'office465', 'UTC+3', 'bd33e50b-d99e-4f0f-b2eb-191673b80876');
INSERT INTO art_ping.office VALUES ('8109956c-c223-4eff-bb0c-37c991415e5c', 'office466', 'UTC+3', '90405144-abf7-4c23-bb5e-c4c60b07823c');
INSERT INTO art_ping.office VALUES ('6d230ab6-3434-4e70-a3b8-69150c519578', 'office467', 'UTC+3', 'f0ff4fa0-137f-466d-bc0e-38e49a2efaa5');
INSERT INTO art_ping.office VALUES ('6134a12e-322d-4533-8659-748e5ba4544f', 'office468', 'UTC+3', '3e282a1a-a35a-4b7c-b629-a2f1b356f0fe');
INSERT INTO art_ping.office VALUES ('fcfdf624-00ef-4319-bf95-ccad4188dc11', 'office469', 'UTC+3', '3ea41cd2-2e35-467b-a976-9406d9c891da');
INSERT INTO art_ping.office VALUES ('76ccd3fc-0c5b-4ab0-b3b6-c8de4146fdd2', 'office470', 'UTC+3', '98884dec-90c3-4401-a86e-6547cddf37b8');
INSERT INTO art_ping.office VALUES ('dd4cf6e1-d499-4200-b884-3d0e4b2b3e27', 'office471', 'UTC+3', '1a3e5cab-ecf1-4f1a-b2f2-d8a796f6110d');
INSERT INTO art_ping.office VALUES ('b8410fbe-75ff-4d73-bd19-5477a82848fa', 'office472', 'UTC+3', 'd7c4b3c8-6301-414d-b394-9c6ca223a4ce');
INSERT INTO art_ping.office VALUES ('4c9c8b32-b694-4c97-9d13-a90f6639020d', 'office473', 'UTC+3', 'b2e5aa59-05c9-4c12-9328-18bce88ee49a');
INSERT INTO art_ping.office VALUES ('29d1e9ce-b814-4587-b431-cb1468366b7f', 'office474', 'UTC+3', '98884dec-90c3-4401-a86e-6547cddf37b8');
INSERT INTO art_ping.office VALUES ('a529a1c9-dab6-4441-9ad0-ce40eb75d706', 'office475', 'UTC+3', '414993a3-0e1d-4c3b-8fe5-03d8e5b8cc47');
INSERT INTO art_ping.office VALUES ('32ac08b6-4380-402c-a3fa-e5cf955ce7f7', 'office476', 'UTC+3', '1efce7ca-fc5b-4e84-ab9b-e1eb6771660f');
INSERT INTO art_ping.office VALUES ('6daa9cc8-aeb7-4f11-8168-643aea3687f8', 'office477', 'UTC+3', '774135d2-f0e3-47c2-8496-78319f1757d0');
INSERT INTO art_ping.office VALUES ('c9eb94e3-1841-4214-baf9-2bd64ce19f7a', 'office478', 'UTC+3', '622396c0-963d-4851-a3c8-5f5c6a5ff6bb');
INSERT INTO art_ping.office VALUES ('3036147a-f1c8-4c51-9e6b-6f80ab62ec6a', 'office479', 'UTC+3', '987a48d2-2eed-492e-adbb-718872384007');
INSERT INTO art_ping.office VALUES ('31d641e9-4849-4366-bc49-bd05627fbc1d', 'office480', 'UTC+3', 'eca3e110-990e-41b7-ba9d-a62f8a56a4f3');
INSERT INTO art_ping.office VALUES ('f6b98a28-cd00-41bb-9857-3bb4d501819d', 'office481', 'UTC+3', '29489e16-430c-414f-9fc9-1ba60487d240');
INSERT INTO art_ping.office VALUES ('7f7a8bab-91c1-454b-8d9f-59188284ea8e', 'office482', 'UTC+3', '0cf01225-a8a0-423e-aaa4-cabdeddf233e');
INSERT INTO art_ping.office VALUES ('a43ab379-abe5-4c19-a272-c1961d580f8f', 'office483', 'UTC+3', '3921a3c2-4c27-4f38-a3d7-31155177d4b4');
INSERT INTO art_ping.office VALUES ('abffaebb-f893-4bbe-982b-0beb02f0bb0d', 'office484', 'UTC+3', '774135d2-f0e3-47c2-8496-78319f1757d0');
INSERT INTO art_ping.office VALUES ('9bf84b81-cd04-48ed-bddd-847ab46a91b6', 'office485', 'UTC+3', '0a939078-93cc-4024-be1c-fce3e236261e');
INSERT INTO art_ping.office VALUES ('d295b9f1-f3c8-45c4-abea-f75a887ba6a6', 'office486', 'UTC+3', 'bd33e50b-d99e-4f0f-b2eb-191673b80876');
INSERT INTO art_ping.office VALUES ('6f3284c5-9ab5-45cc-90e7-b7b092d7eeac', 'office487', 'UTC+3', '774135d2-f0e3-47c2-8496-78319f1757d0');
INSERT INTO art_ping.office VALUES ('c86ae7f2-0d7b-4d02-bbcb-d52302e8128f', 'office488', 'UTC+3', 'a669e8f0-dd0f-4e0d-bf3a-e16bd701feca');
INSERT INTO art_ping.office VALUES ('e6679721-7e39-4484-b349-a77c355e22c1', 'office489', 'UTC+3', '1a3e5cab-ecf1-4f1a-b2f2-d8a796f6110d');
INSERT INTO art_ping.office VALUES ('42d41471-d9c1-42c3-853e-b9f24c423170', 'office490', 'UTC+3', 'd4552982-6b20-4953-a229-ab5c109eda88');
INSERT INTO art_ping.office VALUES ('1474fde4-7488-4ad3-9495-a980a697c2be', 'office491', 'UTC+3', 'ece84e5d-f32a-4165-aaeb-9c7fcf4ad087');
INSERT INTO art_ping.office VALUES ('a33b1aea-6b90-4d10-a011-5b71ca08837f', 'office492', 'UTC+3', '0698bb6d-7505-49ea-99c4-f4d66e57172b');
INSERT INTO art_ping.office VALUES ('cd62ca69-0f41-43fe-8e05-813c2f890549', 'office493', 'UTC+3', 'bef94631-81a4-4874-8f09-aa1fc75cd486');
INSERT INTO art_ping.office VALUES ('d1a9a1fd-f7f8-4089-a751-a28151a96eb2', 'office494', 'UTC+3', 'bf441199-ac71-46e6-966f-13b0db15c311');
INSERT INTO art_ping.office VALUES ('a612cce5-b15b-42eb-bf6d-e0888d1b00cd', 'office495', 'UTC+3', 'f85375e3-ece3-447f-81a6-2931737032df');
INSERT INTO art_ping.office VALUES ('03d47a78-f785-4d9e-a64f-ebe9e467b89a', 'office496', 'UTC+3', '0cf01225-a8a0-423e-aaa4-cabdeddf233e');
INSERT INTO art_ping.office VALUES ('0ef5bd1e-e21c-4e41-92c6-51d2b3a7b81d', 'office497', 'UTC+3', '4887c24d-fb47-4d03-a3d5-c84d4cc9d748');
INSERT INTO art_ping.office VALUES ('2023ce3e-27fb-49d3-b19b-0fd1220b331a', 'office498', 'UTC+3', 'f83e41d6-04f0-4b04-b4f1-949c46b31d00');
INSERT INTO art_ping.office VALUES ('b7a0d83f-629f-47a1-b428-2594776a30a3', 'office499', 'UTC+3', 'afb13774-007e-435b-bf7b-173551fd2c8e');
INSERT INTO art_ping.office VALUES ('3ca1e963-27d6-475e-a6c7-8a7b4f88555a', 'office500', 'UTC+3', 'be21ba46-06d5-42d8-bc3f-703f93cb2233');
INSERT INTO art_ping.office VALUES ('3fd0d7f7-949b-41e7-949b-300f5a7d31d5', 'office501', 'UTC+3', '81d84e96-db7c-46b3-aaef-338fbf47544a');
INSERT INTO art_ping.office VALUES ('181bb7fa-d3f6-4728-922f-effd27fa8a95', 'office502', 'UTC+3', '4780f695-b40f-41e9-9e69-fed72d1b2522');
INSERT INTO art_ping.office VALUES ('be39a5e5-ef09-49e2-9e38-def71c05d851', 'office503', 'UTC+3', '78c12def-4023-47c7-aa79-f78ace80f3c6');
INSERT INTO art_ping.office VALUES ('15dc9d19-cdf7-4cdd-92e0-a91d05433867', 'office504', 'UTC+3', 'e82d3ca7-23bd-48c0-a0c3-b52d05aeaced');
INSERT INTO art_ping.office VALUES ('a3c60b9e-051e-4228-8f81-ef01a64b3e7b', 'office505', 'UTC+3', '9ecad47a-2227-4f3d-8f7d-f1e21389be51');
INSERT INTO art_ping.office VALUES ('825fe4c0-4d89-4d07-9264-e686e214f025', 'office506', 'UTC+3', 'bd33e50b-d99e-4f0f-b2eb-191673b80876');
INSERT INTO art_ping.office VALUES ('a1804e8b-77fa-4631-825e-c3c9c31c898e', 'office507', 'UTC+3', 'd7310f65-c734-4e83-b875-7c01e33250dc');
INSERT INTO art_ping.office VALUES ('efc7f419-1c62-4672-8bf7-25c00ece74a8', 'office508', 'UTC+3', 'a235b392-0594-447a-8cf4-57ea8864c784');
INSERT INTO art_ping.office VALUES ('6ce7b162-3578-4488-a4c2-5c52416e650a', 'office509', 'UTC+3', '567f95ff-0272-471e-a091-5ba82268387c');
INSERT INTO art_ping.office VALUES ('f6d18ce3-3cc7-4546-86f5-faa889dd1d75', 'office510', 'UTC+3', '4ad4a8b0-be32-4038-8805-842060a2a44a');
INSERT INTO art_ping.office VALUES ('66340f2b-f887-48cf-867e-9a594435474e', 'office511', 'UTC+3', '90405144-abf7-4c23-bb5e-c4c60b07823c');
INSERT INTO art_ping.office VALUES ('154f93d9-7083-4ccb-8093-220412ddd376', 'office512', 'UTC+3', '1a3e5cab-ecf1-4f1a-b2f2-d8a796f6110d');
INSERT INTO art_ping.office VALUES ('8bb9a9f2-48e6-4bb6-add6-e6cb2dc0c313', 'office513', 'UTC+3', 'bd33e50b-d99e-4f0f-b2eb-191673b80876');
INSERT INTO art_ping.office VALUES ('608028df-d462-4b45-8c84-719502e737d1', 'office514', 'UTC+3', '0c938dfe-6bdb-4fd6-bb0a-df38a9e1ae80');
INSERT INTO art_ping.office VALUES ('c82fcb6c-db60-4ed7-bb68-1ec92b113617', 'office515', 'UTC+3', 'd7310f65-c734-4e83-b875-7c01e33250dc');
INSERT INTO art_ping.office VALUES ('6142ed64-0187-4a87-94fb-6da715f6e513', 'office516', 'UTC+3', '5d0fe03f-ed10-4373-bb72-2206c079ab4d');
INSERT INTO art_ping.office VALUES ('43ce5455-aa61-4ef6-bd51-95a18fcd1b13', 'office517', 'UTC+3', '9e1dbd73-6f0f-400c-ab9f-a68b5bb6d464');
INSERT INTO art_ping.office VALUES ('01efbb9f-ce39-452b-934d-7126d7938613', 'office518', 'UTC+3', 'd31f9382-b96d-477a-9079-9453e36b1b8d');
INSERT INTO art_ping.office VALUES ('f755fe00-0b97-4600-af66-17cd29a5bbf8', 'office519', 'UTC+3', '8d334fa6-c85d-4b3d-b6ed-68e7e0b4c937');
INSERT INTO art_ping.office VALUES ('71268697-cf00-41be-8cbd-ae1bbc6b5701', 'office520', 'UTC+3', '306a5472-189c-4972-b016-25d8da988d9a');
INSERT INTO art_ping.office VALUES ('0b51ced2-9a5b-4a67-86a1-6a03093db1ad', 'office521', 'UTC+3', '78c12def-4023-47c7-aa79-f78ace80f3c6');
INSERT INTO art_ping.office VALUES ('86fa3364-c5ed-4981-b0a8-9fc98844c0b9', 'office522', 'UTC+3', '98884dec-90c3-4401-a86e-6547cddf37b8');
INSERT INTO art_ping.office VALUES ('d194579f-c05f-4a84-abad-7d574c53b02c', 'office523', 'UTC+3', '0a939078-93cc-4024-be1c-fce3e236261e');
INSERT INTO art_ping.office VALUES ('1df28ec1-7569-47f1-9c01-a93224c287df', 'office524', 'UTC+3', '611b024c-b6c6-4bf8-a1f4-2706452ffe8d');
INSERT INTO art_ping.office VALUES ('180403e0-6c83-410f-a02f-49341c298060', 'office525', 'UTC+3', '802b57b2-dc55-4ffa-b4fa-195259182c8c');
INSERT INTO art_ping.office VALUES ('007615b0-9172-459c-a5bd-4c10ee1b4e1a', 'office526', 'UTC+3', '560183ad-37a6-4a3b-b797-75616dada42a');
INSERT INTO art_ping.office VALUES ('6c8f4a34-7c02-46df-92e4-83726f7c9e92', 'office527', 'UTC+3', 'cd21ba88-d073-4a67-a7c0-5eaef8b85809');
INSERT INTO art_ping.office VALUES ('0a3b4522-e77c-4600-b219-521594d79682', 'office528', 'UTC+3', 'f85375e3-ece3-447f-81a6-2931737032df');
INSERT INTO art_ping.office VALUES ('75addf6a-17e9-4d9a-b9b8-17d4da359761', 'office529', 'UTC+3', '987a48d2-2eed-492e-adbb-718872384007');
INSERT INTO art_ping.office VALUES ('dfc28bc5-9277-4c10-85c8-911a0f2728cb', 'office530', 'UTC+3', '6566ab75-9d9c-4b15-a7da-d064ec296488');
INSERT INTO art_ping.office VALUES ('4060e5ce-24df-4074-a72d-0d096be5e4ca', 'office531', 'UTC+3', 'ca196dd7-5deb-45a2-b88b-ae966af9b597');
INSERT INTO art_ping.office VALUES ('1da5eb06-b201-4143-87c6-316f50e21be3', 'office532', 'UTC+3', 'e82d3ca7-23bd-48c0-a0c3-b52d05aeaced');
INSERT INTO art_ping.office VALUES ('db1bd537-a9e8-4ca2-8d09-22e79c873d4f', 'office533', 'UTC+3', '8aa49b9c-600d-460b-8503-fb9de25b7174');
INSERT INTO art_ping.user VALUES ('cd49b7fb-78d3-4009-a527-eec218cff90c', 'testUser0', '$2a$10$ZV99Ov6aneyChPN4I5PGnumtkHQIaiC/V/hDnquk0CBHcB73Pv.tG', true, null);
INSERT INTO art_ping.user VALUES ('894cb730-26b4-4316-adad-b4dae7405df3', 'testUser1', '$2a$10$ijPye/xIWraEcfvuqEvwg.uPQhzT3UzSGZHX4qidTOaBA62UCzzBC', true, null);
INSERT INTO art_ping.user VALUES ('dd201d84-38c3-4a90-ab64-6aee255d9f60', 'testUser2', '$2a$10$o8oeLo103uBFab/FYm8aROnuS17ZU6eJ25m91WoUHeLPw8bXkQmyW', true, null);
INSERT INTO art_ping.user VALUES ('0b24d632-f1c2-40e6-8c86-e06d90831248', 'testUser3', '$2a$10$k/d8EEKEzt7Cii.kaOWeROF61YeVbzitf9vrjw/eLQ0zNd9bA44oi', true, null);
INSERT INTO art_ping.user VALUES ('9a2690e4-3b0c-4d8f-890d-0b85ed08d9d7', 'testUser4', '$2a$10$/NWj7I2tJFuw1oJHmjPmS.f41nM5D.r5sD1bbWXyrMjOIdSYmZb4e', true, null);
INSERT INTO art_ping.user VALUES ('1362b8ca-deea-48fb-bc7d-ed572f9d11e2', 'testUser5', '$2a$10$FS9yE/bn3alLhuBiJDAHoed8xpB1YS/9TMVZmEFpn6OQ26IkLrS16', true, null);
INSERT INTO art_ping.user VALUES ('7d9f745c-3269-4d3d-aeab-7afc89385f10', 'testUser6', '$2a$10$P1BtBeWKPwQLk.o.eo1QZuNFEKQi.1MXl9wediKA1ORXguIE64MQ6', true, null);
INSERT INTO art_ping.user VALUES ('73612cba-22a7-4a70-bc71-5b363af1a2bc', 'testUser7', '$2a$10$8XH7sHsfFUeL3qdhTCsZjetgKlRMtEdb9WpH4KvByHx2gAc2oChHu', true, null);
INSERT INTO art_ping.user VALUES ('0b06e7de-a390-4fc8-a93f-99b1303a7d4f', 'testUser8', '$2a$10$mIy3ZyoUsPZM1dN4W3VsjOIt289tHUQGkycmEnniG.UkBDL35AJjq', true, null);
INSERT INTO art_ping.user VALUES ('877c9577-a696-4a49-8242-397293342e0e', 'testUser9', '$2a$10$pR5LH00MJdJ3x3AGTIdh7uYfvjZkKl14BTNH6gJb5KS5wwCFF/dNO', true, null);
INSERT INTO art_ping.user VALUES ('01b877f1-ab80-418c-a9d1-51845bf21a65', 'testUser10', '$2a$10$BgNRZaLrV83H96MKT6tXKOh6x5hogSOwMWqJkgU13nUgfUWNX06NW', true, null);
INSERT INTO art_ping.user VALUES ('7c7455a9-103f-448f-8f03-30b2f738f907', 'testUser11', '$2a$10$U/KMo/7yYvdGnbO.8nO0dON3ru/ibMKjZpIZGv1RmoQeaDD/jZvyy', true, null);
INSERT INTO art_ping.user VALUES ('dc1b45ca-fedb-46ca-8095-621f94390c16', 'testUser12', '$2a$10$zjCkoai278.z1Zcequ4tXuSa.HRdSuCTc.CLhWiASuvjeJaXVFuFy', true, null);
INSERT INTO art_ping.user VALUES ('a06d6505-f92d-43d8-8464-1c509ff98097', 'testUser13', '$2a$10$uIckpssDnFBElSjPTMjdG.oSPcxyhpfT6/QpZt2fiOF/WBI1XiFh6', true, null);
INSERT INTO art_ping.user VALUES ('aee74c22-e4b1-475a-900e-a5f9c032129f', 'testUser14', '$2a$10$/x3f/RH.qKkwVwYJT9tGcuw4/A1wsO0JXlG6B/5XsLJhgsMFwYq8m', true, null);
INSERT INTO art_ping.user VALUES ('dbeed98b-e971-47cc-99c5-f01aa4fc3c7c', 'testUser15', '$2a$10$X/.dV6OwgQA4bixVq5Lw8eKEaPBKrXRfukuh54acJBiaMiR2rtRc.', true, null);
INSERT INTO art_ping.user VALUES ('3dcc24fd-0252-485b-a585-fc8f7cb05c78', 'testUser16', '$2a$10$6gMUF8EWte1IJfqJRtMc5un7f/zGujx/fn5PTJGTovlq/y.mSv4q6', true, null);
INSERT INTO art_ping.user VALUES ('e4d22083-1917-473d-a930-f103eaabf630', 'testUser17', '$2a$10$Gc/6eabtHKnzQ2x0sMltAuUcadDFKF5SiTNKKAMXp1EJSTMt7t9l6', true, null);
INSERT INTO art_ping.user VALUES ('0044689d-a0e2-4279-a8b5-83fe7108a9ef', 'testUser18', '$2a$10$CLGEaplurpeyn6nS3R8qOu.scvh0fMwdQjtctvRDBzsKCjVGuZEGG', true, null);
INSERT INTO art_ping.user VALUES ('a5e80a9a-06cd-4b43-9373-5392cb6f3315', 'testUser19', '$2a$10$hm2TYROV20aHr3PnB4/.OuRR6fOoXyfC/WSEmG0f7xncBkIi4/Hza', true, null);
INSERT INTO art_ping.user VALUES ('0fd733fe-ec96-4b31-8027-2f43939ff723', 'testUser20', '$2a$10$gbQWymlSUlKKwtTx7qaBOeu.df0ac5w2/D0R4rYaH42bt1FwmVH1G', true, null);
INSERT INTO art_ping.user VALUES ('1be46c26-a0cc-4fad-86ca-43cd9ced697c', 'testUser21', '$2a$10$/HPabqTfjoP.E4WhOG7aq./0D5wMNzDHyCto72MFDnQ9ZMfFcqVAO', true, null);
INSERT INTO art_ping.user VALUES ('e92f79b2-3f7c-425c-914d-febaf9a56931', 'testUser22', '$2a$10$L180tMn7gbkLXnN43vpRi.wnk0BCKRTvzhOuRdFBEFaltJE49lgKm', true, null);
INSERT INTO art_ping.user VALUES ('e753f559-e492-4168-90c1-ad4dd6c2b1d6', 'testUser23', '$2a$10$xH.oFyxTU/4uSLTcibDzwuRoXm9CPwpq49i58gMc8onTF9yfYP3/y', true, null);
INSERT INTO art_ping.user VALUES ('04e6bb94-bb71-41a6-8567-1f21122ab441', 'testUser24', '$2a$10$lcGJUAunyPcI/Dy9KcX9l./ITpx2zHe7z8JjIP9bIeZBlOMBqsx3G', true, null);
INSERT INTO art_ping.user VALUES ('255f467c-8f2b-4917-8142-db10ec248d8c', 'testUser25', '$2a$10$82lS8N24eE8sJrQpBnvcgOHNlcbQHp4jfbFztmR5BpZ5Qi/rqOHLe', true, null);
INSERT INTO art_ping.user VALUES ('89e802ae-2987-4bbd-8668-3d7d33b14b01', 'testUser26', '$2a$10$tXm7zYnpDFKo/Z6KCispeuWFVPIOyMMxNZWLWlPs/K1BweUXO9Tdq', true, null);
INSERT INTO art_ping.user VALUES ('c643644d-6978-427f-b5a8-99a5a57103ff', 'testUser27', '$2a$10$yI1QVAiJz.zBpSVogXxF1.JQNN62z54rvvut6oq80ePZOc.MZezPO', true, null);
INSERT INTO art_ping.user VALUES ('5cc08d18-7b1c-4aeb-991a-2b7ace5c62b8', 'testUser28', '$2a$10$Obgh700JpDZOC/11mY5siedwOO8TOi6CdFXpYoOzRHoeQLYvnNDqO', true, null);
INSERT INTO art_ping.user VALUES ('9acdf66c-51c9-4865-9b7f-9ab27b7b1f86', 'testUser29', '$2a$10$UG3xriboWrx.kCyJeYgULepWuC2ebYzITPCZPzG2o/G1ub.HL/jGy', true, null);
INSERT INTO art_ping.user VALUES ('8c5402b0-53c0-4fe2-b9bf-f9eec1d60822', 'testUser30', '$2a$10$h4ETNh.a67esFT0vxv8WP.qJ8K/lNQgE6fV5nrw/77kZvRi8SUhsC', true, null);
INSERT INTO art_ping.user VALUES ('cfdb29f8-ecb0-4518-a1ea-1bb48c24a4c3', 'testUser31', '$2a$10$5QeUWbBoZYBXpAy8QuqVhu.088Gl0sxchAwsHmAbE8T0yEOGRP/Cy', true, null);
INSERT INTO art_ping.user VALUES ('7a1055f4-853a-4d35-9554-578f280e71b0', 'testUser32', '$2a$10$xuWQMdrf.aWIo0sSkeImAu6xB1/ehxNxRPSfOtumEkhWn27I.FWlu', true, null);
INSERT INTO art_ping.user VALUES ('83c8e1d9-1c41-46d1-b813-7f97b4894cb8', 'testUser33', '$2a$10$0i4f64mQW.sYZtOxTck.y.iBcAVIwgbahQRIRUtuB26tz8BGgRc1C', true, null);
INSERT INTO art_ping.user VALUES ('b2e0a32a-65e0-429b-a422-c3ac7390fe09', 'testUser34', '$2a$10$vbMFlJ64fYjpkWiQFNI/u.U7E3SV3Gm3Jth8tWw.BfugYJlUZ0rpC', true, null);
INSERT INTO art_ping.user VALUES ('6635c436-81d6-4d90-a2bd-4d7ab18a7481', 'testUser35', '$2a$10$41M7QsFidrg.kjuBA80Oreepi5WExxXENQwgGbGFh5NKMU2FK8h9.', true, null);
INSERT INTO art_ping.user VALUES ('68754348-31e8-4c04-9ca7-081730f91a49', 'testUser36', '$2a$10$TMtiAXsjW2g6Wr/BVcyz4OERbtl/jFPmOZyItAw7gBaL9p6Dh1aC.', true, null);
INSERT INTO art_ping.user VALUES ('8b8e5ff8-0ad4-437c-8f9e-73095a810d3d', 'testUser37', '$2a$10$O5zNGfIpQdAgXZ1E3Nahg.LyWYWCxZLgWbAkKwLdh6ph3VGL5XfJa', true, null);
INSERT INTO art_ping.user VALUES ('d66aa806-9ddb-4bdd-860c-89d4c50cf1f3', 'testUser38', '$2a$10$ap7mLqKoYxOQfxvAzCt3OupyBpwamiM/6losSqyLMUSa7MzmiwGXy', true, null);
INSERT INTO art_ping.user VALUES ('9d2f4020-3aed-4db6-ac49-ae35eb8b8dba', 'testUser39', '$2a$10$6KOFLRWK7GDGxEu/uYwj2umQ9FThgm.Z5GhQHWpCcLfOvMwJEV/jq', true, null);
INSERT INTO art_ping.user VALUES ('71b5a732-61b2-4d62-84a7-8a4de912e3b3', 'testUser40', '$2a$10$M2fxv/sQPx5tTflPosOYeuHFlbPffczHiqEzwyEQRyvZc9zMRXigS', true, null);
INSERT INTO art_ping.user VALUES ('d26ff93d-06c5-46b8-a42f-64b77c6af2c3', 'testUser41', '$2a$10$Iyc/xvXhsR8l4La4vQNxLerhU1vRzz50HKK5OO1ISSgmhBLcVgHiC', true, null);
INSERT INTO art_ping.user VALUES ('59e2f78d-66e7-4004-970c-38cb4bc92410', 'testUser42', '$2a$10$LI.WodLFJEgf2pDCZ/RZdew46CC9OdiDpiSJbsh87A9I5MhiDPXMW', true, null);
INSERT INTO art_ping.user VALUES ('bf487f16-0230-4881-92eb-b664c0ce5578', 'testUser43', '$2a$10$YSZkL70xuC1YiODYoRJS/Om7iA1iclP2sTteJ8DX9k7JN1bixTnJa', true, null);
INSERT INTO art_ping.user VALUES ('6106e7f4-72fb-41b2-be76-467e3e09aaf3', 'testUser44', '$2a$10$h0oiT85H0uYieY7z84cyFu2/32VpnAVKfocz/XNwHMwYmy8lPSAl2', true, null);
INSERT INTO art_ping.user VALUES ('0a9ed4e8-c876-48bc-bcb2-e7a4dad3974e', 'testUser45', '$2a$10$3Y5MLxNUpOKQelamCa8T0uLj.7nkpeCPCQB2S6LhLK9968pXgZPce', true, null);
INSERT INTO art_ping.user VALUES ('c9af0aef-f53f-4a61-9b62-d6719c1d0399', 'testUser46', '$2a$10$GDH.SmZPNth8UT7dU7uhku0GBSkPbXXEz4ptuVA31sP/co4JOEd8m', true, null);
INSERT INTO art_ping.user VALUES ('33dbcf79-90b1-4227-8a5b-f0d9627fc72e', 'testUser47', '$2a$10$gFWnX2nkByVacmX7GEYmCOM5S323TZoSLU/0GdGTDEW/UdgovMQJq', true, null);
INSERT INTO art_ping.user VALUES ('0e34c9d9-d759-4f7e-a156-9feca00d68b4', 'testUser48', '$2a$10$wAi4x6Owajw2TnoHau9YL.lOPE7g0/K.pxkgh5G.bPVORyubK84GC', true, null);
INSERT INTO art_ping.user VALUES ('10c8485b-cb32-498a-9120-e30bf5cabf16', 'testUser49', '$2a$10$x27uMjP7fg0Cb0sYLYpPM.HBdrmW145dIApRUj2q2tNZHvcZfDx7C', true, null);
INSERT INTO art_ping.user VALUES ('2e9a90ee-4a6a-4a1f-ab4c-bda34d77983b', 'testUser50', '$2a$10$kkxpApf68H38UUPTLcRaDecmVfczZIdpnnK5/vu3/dsFoJprpP4wC', true, null);
INSERT INTO art_ping.user VALUES ('08538f8b-305a-4b55-ac29-05f0fd40a4a3', 'testUser51', '$2a$10$C6u0hHsh3A3.sZHEcO48H.chD08Eai2NyI5dUcY3jRD.EPZI6v4B2', true, null);
INSERT INTO art_ping.user VALUES ('8412fdf7-2b09-4b82-b711-6ed67359aa70', 'testUser52', '$2a$10$6xb/gAtZfsBr4Ppi5Y2NO.vo05rFKnF4Y0Kl.viz1aqKLmtwg4R16', true, null);
INSERT INTO art_ping.user VALUES ('80bc7dbb-dc26-4f38-92d9-f285df28e97d', 'testUser53', '$2a$10$a4d/tmXPBHuPzSnsRXLisuQNQ81iDlY35hsroJQj/rmHC1Hocy5ky', true, null);
INSERT INTO art_ping.user VALUES ('d91dcd91-f430-4ff5-95c9-9bca42253db1', 'testUser54', '$2a$10$5CK4mMdchSDG1eIljIk34.FvyHqY57RSKuO8ZutFp7ykyomO6zrue', true, null);
INSERT INTO art_ping.user VALUES ('d3f8e26d-1877-4cce-b597-4d15007c27d8', 'testUser55', '$2a$10$pFxxHlet/ZCA6hqsOx.xne/pD5B.Uipl82.9bavJ26U5K/mcA3TuO', true, null);
INSERT INTO art_ping.user VALUES ('87114627-9e7e-402c-90e2-d1c32ffa8487', 'testUser56', '$2a$10$wLG6YdcPRyJFtaCbAKGmX.MKJjLNxv4apeUj1T665.OYvinmvV8bu', true, null);
INSERT INTO art_ping.user VALUES ('a1175954-168f-4ba4-8717-69717dc97980', 'testUser57', '$2a$10$kTgj03CCPkpwzbJ1v9OiruuvDjCLGvU9TmjkeI6wrhrE.gncg7L0q', true, null);
INSERT INTO art_ping.user VALUES ('c917b123-4fea-41b7-9c12-5b8f1d6fd527', 'testUser58', '$2a$10$GBN8ydtOV4FW36JUG40hcOsXMfZFjJXWw3.8Lv1SMs0IdWVcapy4m', true, null);
INSERT INTO art_ping.user VALUES ('4376808a-7c63-4cf8-a07d-e5a5368a0dd5', 'testUser59', '$2a$10$B4BptP0Jf0hdH2mYNzGpM.46YOe1v0qKjcwiE2mCqHPZA/34k2pwa', true, null);
INSERT INTO art_ping.user VALUES ('0c37964f-f40b-4d78-8cda-b5d179e47cb2', 'testUser60', '$2a$10$SijKuFYN93kxPOFgUa8z9.as.qmbeMUWJhtIfK8gnv1AE3HY7O9V6', true, null);
INSERT INTO art_ping.user VALUES ('4fa2230e-0185-4375-ace2-c74f270b5a12', 'testUser61', '$2a$10$1O/Jzp0nV3KrkowrojBtJ.OzFNg7vA9hYa3cTcWovDxWbNV17q55u', true, null);
INSERT INTO art_ping.user VALUES ('41a828c4-ef71-419f-92b6-b32b931c3b83', 'testUser62', '$2a$10$YjOGlL1M9j9hwHsgmAitvOx4wmpASf4RJl4DrC0JeEPFeG08iRx4W', true, null);
INSERT INTO art_ping.user VALUES ('b98deb7f-bb94-4624-9082-0446d3889d64', 'testUser63', '$2a$10$mT5rQBRJysA2UJCT80M3DugwNdEm9Hku66wR.VJvDjMEnUIrsjTG.', true, null);
INSERT INTO art_ping.user VALUES ('8b90d8b9-da73-4aba-a541-4dad23c1c4a5', 'testUser64', '$2a$10$tAd/c6GlIWeOT1WKbPkOqOULaaa/X4KMmVLsD7KnTa9vHPdc9.iwy', true, null);
INSERT INTO art_ping.user VALUES ('e4c68069-8178-4a91-8c28-4f4119e4b417', 'testUser65', '$2a$10$URSII7o6Zip5923nLymMEu8oLeH0Fa9vFmPTDZ0tl9R8hJLzirKe6', true, null);
INSERT INTO art_ping.user VALUES ('90425919-1be9-4c74-a39d-410705050e82', 'testUser66', '$2a$10$mNld2TeZ7kIEImGF42vKcu8bgadFuGQy1jJ.xtR4NewwEsW3SEe/K', true, null);
INSERT INTO art_ping.user VALUES ('69e93b91-78db-48c5-bdaf-d3b313665f02', 'testUser67', '$2a$10$YeDIMlItyMtvtN6IheK8nuUX1gAsCv8PyDaAai6OwUFmBOzeYAp4G', true, null);
INSERT INTO art_ping.user VALUES ('6b90d848-80d5-4ebb-925c-fa850efe037b', 'testUser68', '$2a$10$MKSjfPGS8wDM8aC5DmYhhOargOBKD4t0Ig7guFA38V6.BhlUeo9E.', true, null);
INSERT INTO art_ping.user VALUES ('5a2a5d52-df61-4640-992b-8eda1f285fd9', 'testUser69', '$2a$10$qpMg7AmXf24YnIoulUhC0uqf1juKxNVzp3TljlZu53MElD40Rx87S', true, null);
INSERT INTO art_ping.user VALUES ('d5c0ae41-5c4b-436c-8be0-e9cb0988d031', 'testUser70', '$2a$10$HQWBQgCVx.vR8i8CgisN3uYg1sk7dkREQmh30xtHQBPW9Qw2/w1cC', true, null);
INSERT INTO art_ping.user VALUES ('9bca34c6-d613-4fb3-a4d0-709d41b70d1a', 'testUser71', '$2a$10$DHdH7ATf1RY.hRyY7vBbg.yr2MKkV6Kx.yczz2I0G8xl.DBKj78Su', true, null);
INSERT INTO art_ping.user VALUES ('6fa6b8b6-89d4-41ed-a359-af21ccb47f54', 'testUser72', '$2a$10$uRb4G8GHCZ.bmekdotZXMOdF/xf1XtfNUU4C21Xt5AiHSABA3NnVO', true, null);
INSERT INTO art_ping.user VALUES ('352ac2a5-2caf-4505-84f3-d7eeb97fdcc1', 'testUser73', '$2a$10$h1/4DxqhycZZxMlgVWr9HumlpLzfIz8qagMVa3qf6XLlvbul7YyqO', true, null);
INSERT INTO art_ping.user VALUES ('a6ebe603-2607-46bd-a402-45f2b8c5cd06', 'testUser74', '$2a$10$d0dpObxE8KMBn1MMFdBOK.fhxPOl.xCIG2XTCRAw9kurMOw.HL7Ve', true, null);
INSERT INTO art_ping.user VALUES ('e31a388c-8653-41ae-b506-ddba240215d3', 'testUser75', '$2a$10$KIGauZ0TOeIFjKC4NCK8MuOORKIb/dg9416LrdxSUBgh/BPV.obea', true, null);
INSERT INTO art_ping.user VALUES ('68d2133b-dac7-4517-bebe-d53abeb54316', 'testUser76', '$2a$10$8vbiO/bH4lRSAHN901cHKuv354mIcomNMgUC1I8o27Lv2brL38zhC', true, null);
INSERT INTO art_ping.user VALUES ('855ca0aa-17a6-432b-82f7-fc3c00d21662', 'testUser77', '$2a$10$qVi.lLnirEiGoc.sUeSjROIwj7kQjvLWa4pAhYeHNvu9Utbr.vTp2', true, null);
INSERT INTO art_ping.user VALUES ('57eb15f5-1f1b-4186-a161-c69a1c30400b', 'testUser78', '$2a$10$DX7Iej7304FMeqxndxnzy.4RtWc.RmK3cXHMJI6J3g6XK3RsdGcn2', true, null);
INSERT INTO art_ping.user VALUES ('3c4140f1-0049-4f82-a4ad-080531dc082f', 'testUser79', '$2a$10$54fs7MIeqrGua07xwqGDReG/ZF8VQN4/WN03WV6vH75EkooB5MykG', true, null);
INSERT INTO art_ping.user VALUES ('bf384ccf-e1c8-42ab-9cd1-f43c2759b895', 'testUser80', '$2a$10$bYSn7qsffK4EP9SMcLLYKuQCbFCNK7v/9ieo59oOvs5gD6PrY5F1W', true, null);
INSERT INTO art_ping.user VALUES ('6e70ea0e-2edb-42ef-9b02-0d4441bf2d66', 'testUser81', '$2a$10$mec1XF9B/Mlf0qXsAamDR.Z4kAZurW/Z46DihaJ7vJvTkmGkdxhWm', true, null);
INSERT INTO art_ping.user VALUES ('054e2d1c-4ee8-4261-8d83-84c5ae8cacb7', 'testUser82', '$2a$10$HSXD.NkOVSArInow9DnZAuAzNbgLqkXqMkRsORYiUv23y2Td4OiTu', true, null);
INSERT INTO art_ping.user VALUES ('b9487210-e822-4c8d-836a-5463f78b21eb', 'testUser83', '$2a$10$quLGpddZAYJYofCqMvsDsOsnVR8ElmVR2YPuMDPdHfTyyPWMob2yG', true, null);
INSERT INTO art_ping.user VALUES ('55312e62-20e9-4a9c-9cf2-9c9522b7022d', 'testUser84', '$2a$10$eIDRm2MmaEvab7HHkv8yWuyK09U3enaMrl6mErHslws1nebPuYBEe', true, null);
INSERT INTO art_ping.user VALUES ('a8de7d54-9645-4637-901a-e97ed92e809c', 'testUser85', '$2a$10$K3nT1gU5uoDPbfOFFS/9o.LQ6exCwQcp51i.14rsjNELJv1T.QhO6', true, null);
INSERT INTO art_ping.user VALUES ('a64b2343-6907-44e2-b2a7-e9bb48488c33', 'testUser86', '$2a$10$UImdeShqkewwL..vZxAmx.6ASRuN.wa/5o7h.EWx9kXhOEzMbMIqm', true, null);
INSERT INTO art_ping.user VALUES ('211487b8-3d8e-4a22-ada1-a83b8b9f0799', 'testUser87', '$2a$10$Tf/kIPjqgSxFBhR121qYI.hW1gqgbL0v5ZibONEYZ5euBWwpk0JeW', true, null);
INSERT INTO art_ping.user VALUES ('53b61315-3b7f-4b2b-8c92-041ddebe9c9d', 'testUser88', '$2a$10$8jcWCCLy173zXEn/7DBPceoREMj/Ys4c7g3TWvGIkz6YvZNbjp6Iy', true, null);
INSERT INTO art_ping.user VALUES ('8a16e2e5-92f0-4aa4-a7b9-9d0e6f326d4b', 'testUser89', '$2a$10$HXDDQOPMPOwBpwj4u3aYhuYXnbUKvs7zwk/QT5OSpycpQA5nZ.nhK', true, null);
INSERT INTO art_ping.user VALUES ('d4d84e13-e3e1-491c-a067-ea9e4024f5fa', 'testUser90', '$2a$10$arUsOvvCFUKU1aVVS4gDI.pLBkBBptG4nF.1/k0B7ZkXwlZwHEkLW', true, null);
INSERT INTO art_ping.user VALUES ('903c816b-6cd6-43c4-ba5b-090e6a4414da', 'testUser91', '$2a$10$QMHdRcmzZHzjZ5cCzY1pru7f07Qi5sUqU1sp7jf4aEGnBsW8sqQxO', true, null);
INSERT INTO art_ping.user VALUES ('626d2fc7-8f70-46b6-9a67-6365be05f634', 'testUser92', '$2a$10$K8m5WN1p/uilFR2EyrXqK.Zivu.5x4EjY/Hh1zhCakt4mP1.0L2LK', true, null);
INSERT INTO art_ping.user VALUES ('4a156077-e204-486a-a9f8-0b4909da4907', 'testUser93', '$2a$10$AjYDJU1EADFrwJlbun1fBOVTDXTbMRuMo47waut3BTa3FDEYPtTDK', true, null);
INSERT INTO art_ping.user VALUES ('c84fb23b-d3b0-4146-9f8e-c08eefb7a529', 'testUser94', '$2a$10$4YhL10F0ZG4dTioiAXpXke1XKMHn.vER4Yh.1bXcLpJeNasikChya', true, null);
INSERT INTO art_ping.user VALUES ('e3be15b5-8da2-4812-9b94-d6a4a203191f', 'testUser95', '$2a$10$W5RKAmk6zBzDxBrVi08nMOo8udUU3xHgWZPyUV2DT8YLuSeN5qxju', true, null);
INSERT INTO art_ping.user VALUES ('79137c23-f179-4ed3-a126-4575c76ad733', 'testUser96', '$2a$10$bQSpRtD0wFY1A5zMC5JXqOUwqCEzvTyd.5mPDhWPV8BAPpeggvPk2', true, null);
INSERT INTO art_ping.user VALUES ('d40fdcc5-b826-4021-8625-9f4fa06f4967', 'testUser97', '$2a$10$sBZsaZSwQ8BxLZiBuWIZvu6KrIt9l1iX6a2BCdMFwScw2TG5hqZ9y', true, null);
INSERT INTO art_ping.user VALUES ('de4cdf1a-5340-47cd-8326-9b4dce51b088', 'testUser98', '$2a$10$8GWU6kCvi4vriDdqBhnEwOEQewEbMtO/btFDfbACpF8W07E14MYCW', true, null);
INSERT INTO art_ping.user VALUES ('31e81a9c-b7aa-4818-ab27-e48612e91efb', 'testUser99', '$2a$10$HGJrjzo3uEd2.EKDsuvsHeXpjk.MfvDtI9k7xHmKsRYdqMK758aSG', true, null);
INSERT INTO art_ping.user VALUES ('a5f7c950-c3df-46d3-ac86-f7ea264dc49f', 'testUser100', '$2a$10$n3xnZ9/J3S0n/jNZ18UlD.dL275qOpPLMY4gmvWD75uDWnR3aYGcy', true, null);
INSERT INTO art_ping.user VALUES ('468f79c9-c4ab-43fc-973a-66fe26036744', 'testUser101', '$2a$10$Fu02IF0vQBCs7JjXge5jneLHyXuKRnFDkUrQCcVzHmoRRBSWimLCq', true, null);
INSERT INTO art_ping.user VALUES ('2ee1a22e-af51-4331-b6d7-3ecb48698f14', 'testUser102', '$2a$10$XXHlmrHcpLSkcexZMNBIXOA1FDFhtB.h4FFpRBuhEk8CNn.sbSkFq', true, null);
INSERT INTO art_ping.user VALUES ('98a3c3ea-0f07-4558-b431-3cba49ce59b8', 'testUser103', '$2a$10$AXs7CSfl1qImPG7SZ12foeo1LTMpFNzwaR2Byz/GVmr.xvWXLZ6ti', true, null);
INSERT INTO art_ping.user VALUES ('5d3e2019-6d5e-449e-9a59-e267db9a004c', 'testUser104', '$2a$10$GZdagoIwGiitrUBDojrQlORjj6HfTkydGOhiBQJuTzdnEZUqGqRYG', true, null);
INSERT INTO art_ping.user VALUES ('f0265a8b-8ec6-447d-a2d8-3e35b1efcc59', 'testUser105', '$2a$10$BV5EjLI6LsX3EzR5jbMK1OaArTyzWw8dFfjotvpjYcXmHDjvgsIlK', true, null);
INSERT INTO art_ping.user VALUES ('ef733b68-f624-49bf-81be-90595b9ddce4', 'testUser106', '$2a$10$xkongoVfTQJ93otmpTLV../bjqHmWv.Gjjk7OjsxCf7vSvljc2zLS', true, null);
INSERT INTO art_ping.user VALUES ('356290b5-092c-439c-a778-f3d5f67dd4de', 'testUser107', '$2a$10$3yBsV3S/d2KadGqYeoMAH.yJXinK4Qo9YZxVWWvW/N4.uZeT6Agwq', true, null);
INSERT INTO art_ping.user VALUES ('598ee5e9-a8e0-40d6-8d14-c6f0d4674234', 'testUser108', '$2a$10$Sf2mKlieLr6Y3mojfF54F.35lYGETI0p.aq76rOJq.ZURTua/bdTK', true, null);
INSERT INTO art_ping.user VALUES ('d7f05b84-b241-49c5-8105-3af1936572b8', 'testUser109', '$2a$10$GD4Z9uZtQ.yz6xmOWktsaOd8M1A6Luw0AhsgviuqEUrPJFgovsQ/u', true, null);
INSERT INTO art_ping.user VALUES ('01b4d5a9-5a92-481e-a27f-9888798ed565', 'testUser110', '$2a$10$ll2rEiRo8EYb2/K9adncLumnBDjjmGhetNRSPVxKodtluQFsqR0Ju', true, null);
INSERT INTO art_ping.user VALUES ('b0c2637f-68b0-4e65-9346-689ff65aec14', 'testUser111', '$2a$10$RdKupjJhoG8XwegivGfdleTp9YYLSnMJk8D29/SPxb.vN/ybFq4M6', true, null);
INSERT INTO art_ping.user VALUES ('9c89e0c8-01ee-463b-871c-2985c2cb7f78', 'testUser112', '$2a$10$me4dLXQBeFfA3.DLSZCXmOW3x/Vql9kg4pwiTiOvcY07ghz5rTDU.', true, null);
INSERT INTO art_ping.user VALUES ('2afefa47-b911-4d3c-9c25-efbcb018b6e5', 'testUser113', '$2a$10$qZrSllqx72S88YY3wXbFkuZsBIX6q/BmXJQu6/Hbu7axdqBC7gQzG', true, null);
INSERT INTO art_ping.user VALUES ('f64acf2c-69d1-41cd-a2fd-3ddf831b6922', 'testUser114', '$2a$10$BA6pQctd0L/1urj9WtL6WOnn/9zy5A7oyiQBu.RHG3mSGQlzSpdU6', true, null);
INSERT INTO art_ping.user VALUES ('d0216249-9c76-473f-9bfe-84d5aba226cc', 'testUser115', '$2a$10$WEQGcaimyTNaS7Dbt58nKOdDMYyxyHFTBD9.A46WSWpisVUlneyfa', true, null);
INSERT INTO art_ping.user VALUES ('d796e33a-ffb7-4fe6-8ef2-801992f5d534', 'testUser116', '$2a$10$RSi28uLJA6qv2F8.SBv.9.83jKJDnNHGVXLvyf3d0ktjdw5je2LHa', true, null);
INSERT INTO art_ping.user VALUES ('7a1f8513-b503-4e3f-a58d-8745331d9adf', 'testUser117', '$2a$10$yvFz51vIqHz1tpKXRgArh..2DKzGYdmV4JsW58OvJswOPTIqEhh/W', true, null);
INSERT INTO art_ping.user VALUES ('635d0301-f681-4829-86e8-917eebc87e7d', 'testUser118', '$2a$10$EsyZBWmjIC.tljHpBNfV2ehLL2tnh4DACNFLCY39p0gtkRZOf6gxC', true, null);
INSERT INTO art_ping.user VALUES ('db5d8040-c9fa-4300-b3fb-c3af7ebb797b', 'testUser119', '$2a$10$dl/nW4xbsflV7hxQRvCJCuD5BZvQFSRsBjLBxsM.DvHhIVjKEB0.O', true, null);
INSERT INTO art_ping.user VALUES ('57eef3e1-d351-44b6-b04a-287f628899c5', 'testUser120', '$2a$10$wJxDvhecS5BM9JCttquGQumjdz/tkWJHR3fbdoEcIVfF4iqWiMq3O', true, null);
INSERT INTO art_ping.user VALUES ('b73f97b2-1480-4934-b184-efdb851e2d21', 'testUser121', '$2a$10$3ZKe1GwM.yTl1yiZA7.QxuLvTUw7DAWmOxpKiix5w8T0AjDKRb49K', true, null);
INSERT INTO art_ping.user VALUES ('35f526ed-6324-4f73-b2fd-e81e0c021549', 'testUser122', '$2a$10$KMBiqzsIK27rpZ6akPFYtO8PI8P7MoEGoOimJ77s3nk4v4v7aO7XS', true, null);
INSERT INTO art_ping.user VALUES ('f37f52c0-9f5f-4cf9-a08e-199e4eb734b6', 'testUser123', '$2a$10$3QDiBkSDlwVbtZFsVE.4UOX96ic9A.2wK9kKVuOxNnFWpMUUZHbKO', true, null);
INSERT INTO art_ping.user VALUES ('4bd29e38-eeb9-4e2a-be8c-83d83bcaa9e5', 'testUser124', '$2a$10$DjkV/.He5J/15XQ21JNS3OSnfyS.fSo6S8rprNMFv0dyaYI/z/IE6', true, null);
INSERT INTO art_ping.user VALUES ('3272ab22-2a72-40ba-a61a-0785b0d83b45', 'testUser125', '$2a$10$qAc8C/m31b7yF6HDf2PBb.tApHF7Gw.iYVQaqb7kfMl1BN5fZXeh.', true, null);
INSERT INTO art_ping.user VALUES ('168f52e9-b9c6-4edc-bb9a-b1fdb4496a03', 'testUser126', '$2a$10$UsypDNz1oBNIHE2TDEIVleKi4hKLq2327c9dPQ9r0cLn0ZNniwff6', true, null);
INSERT INTO art_ping.user VALUES ('26a21145-a442-4bdc-a795-027bf1a816c0', 'testUser127', '$2a$10$GczwZ6tbpFrE/W8tlwWd.udPjTyh5HpvzZtlgzlhZzewpXWb7Vrfi', true, null);
INSERT INTO art_ping.user VALUES ('de046d51-ff9b-4b08-b81e-ac6030892f72', 'testUser128', '$2a$10$1RB6hSwHvDLgNgRktg6LRexR5023h735Nf/C.UZ/vbofmqgFWyf3G', true, null);
INSERT INTO art_ping.user VALUES ('bcd6513c-e09b-4f0a-a06a-44a3fd7a2f18', 'testUser129', '$2a$10$fIU4YlEX0sD5oDyok9UKgOt1nP6AMlUzikgMP73wir2Rv8WnHpPoa', true, null);
INSERT INTO art_ping.user VALUES ('5543ff9f-d813-47d0-a2f6-3354631d2dcd', 'testUser130', '$2a$10$gw2wFPjX.sfN1U0sn48DrOzXUoN9CTlEwMBCHnAzlSar02cz9vGwK', true, null);
INSERT INTO art_ping.user VALUES ('182feb7d-bf62-4d9f-95b0-393bb6539532', 'testUser131', '$2a$10$LzQ739YE0UKNferOn3XKYOcUzgt6CY5lvW1/Mp6xTPlJXkTyoQE7.', true, null);
INSERT INTO art_ping.user VALUES ('1705ea22-d18f-45a1-ab91-ab6e1f52b7de', 'testUser132', '$2a$10$BiuAMoiYaGMiCrslWDSYDO07Xk01rlgfrcAFWva8ESwUqfDt4i9Yy', true, null);
INSERT INTO art_ping.user VALUES ('c4e3f6a6-3d3c-4ea8-981c-dc78345f444b', 'testUser133', '$2a$10$I1ndKAVZnqnuKarsonDojuhIz1fTJVnopG/xmV0sMcmGFEzYiNRga', true, null);
INSERT INTO art_ping.user VALUES ('8129fc49-75cd-4a17-9739-0d5d615ef742', 'testUser134', '$2a$10$tmR6.71ngD8qtTDg7530dezdFV4VieOTjX3cAkonSaSwniXMUt5Qm', true, null);
INSERT INTO art_ping.user VALUES ('7d16e374-9ed3-47c0-af6f-4fd9f95ea7f0', 'testUser135', '$2a$10$BzrTnIh5MTh0CKtFRkdq..0KHbmd2.tC./dBIm2qO6f.SZq1q3x0u', true, null);
INSERT INTO art_ping.user VALUES ('d80819bc-c984-46b3-827b-249c4bd869c9', 'testUser136', '$2a$10$dTONt6onpS8ys1Sqci9GB.SGEX9f9utUsQ040HvnFwmk.1//7113q', true, null);
INSERT INTO art_ping.user VALUES ('6e37c191-6fa1-4540-bd05-95b06bfaee42', 'testUser137', '$2a$10$Cw8myOGR7fjb0WmorUvFqe7HdlqkH/MidLeX6oYive3OpnGMaaVf6', true, null);
INSERT INTO art_ping.user VALUES ('22a13bbf-d162-4a62-a716-a72ad05f255d', 'testUser138', '$2a$10$OU3Ve3VfgbFupV02lCulSuRb.utNlWYR/9/T6ValZtpNp6EMNVtaC', true, null);
INSERT INTO art_ping.user VALUES ('9aa167c5-0225-403c-a5df-2fc8b5d218df', 'testUser139', '$2a$10$mXX.br3MAZrYVuWHauqTMuHL8e32jkxChcNf5Rx72juNLGhPE4tR.', true, null);
INSERT INTO art_ping.user VALUES ('c0452006-0c17-4cb6-90eb-ab8feca2172a', 'testUser140', '$2a$10$TP/N1qv2KuGFxMJTLij9su6jbTkTaWca3jlQB640IrDcu1.vgPcvm', true, null);
INSERT INTO art_ping.user VALUES ('5498b5bf-eb5d-466e-8215-a325b46f79c5', 'testUser141', '$2a$10$X.OK9PJOcPXwkdfURJ7Bt.Sx5ODUut9OjK/D4ipM5wLUSVrSPtkXC', true, null);
INSERT INTO art_ping.user VALUES ('ed6336d1-03a1-415e-830c-d9fb3652cf42', 'testUser142', '$2a$10$g9o5UGtC.TGC5mErxUAHF.V5ogYJzSfjjCAYUwJtiIk5v2d23/fr6', true, null);
INSERT INTO art_ping.user VALUES ('3f0e4a92-0ad3-405a-992e-eb6bdc9662ea', 'testUser143', '$2a$10$9T7nFv1YuXzI6fdlycsGX.QMzvpICqlnkF/FZTJE0CkA5xHfeNica', true, null);
INSERT INTO art_ping.user VALUES ('7116ccd4-48ef-46e1-be84-a2c4e3b95284', 'testUser144', '$2a$10$Ph0NkLKtsy3.IjyjhKaBw.Qscj/XC5bp33hh0uW2BmMeTgfRvVLN2', true, null);
INSERT INTO art_ping.user VALUES ('1def98cb-b5ff-4d71-aa98-a3c8d9ff5047', 'testUser145', '$2a$10$tN7Vjshs1dt3xbrtANtyfObZebvVQWqx7j7qpC6Glxxnt85.dXOBW', true, null);
INSERT INTO art_ping.user VALUES ('63fc5cb3-26b7-4eb7-bbda-a846b1c27d80', 'testUser146', '$2a$10$3o/aaB0hQOcU0dGFLBDrlOkLm4wMCJDmmpCdRKOPVTnrp9seREKlm', true, null);
INSERT INTO art_ping.user VALUES ('f4fa838d-20b1-4222-9d97-3952e64b1789', 'testUser147', '$2a$10$cIbBRvruFWfJM.pU6WxrTO/7DIopctqPaGEZH9QNtvCC1njc8fUPW', true, null);
INSERT INTO art_ping.user VALUES ('d9966b15-059f-45b3-9fb2-57a20c235498', 'testUser148', '$2a$10$Dg/ICxulcrWhKJe2kGIPbuyw7VnBmI00gYeiNjYNoVTefEOK2zYcO', true, null);
INSERT INTO art_ping.user VALUES ('88e70e05-b6e2-4c9a-a7c4-6770721a0c0c', 'testUser149', '$2a$10$kJ7qtbPdCspSVwLf0BKa6O6eIBJEZsmy4EAeQzOHY0y4V7.4X4Z.i', true, null);
INSERT INTO art_ping.user VALUES ('860c05fd-be9b-4693-a9f2-707af70cc0d9', 'testUser150', '$2a$10$9Jty2YFQxY/zvXwVyAjfNOlgvmh/8XnnHt3a2mlREW4MpYnGzN/FC', true, null);
INSERT INTO art_ping.user VALUES ('3169df47-3c78-4820-8184-089d2d5401e7', 'testUser151', '$2a$10$5tGzMotx0LbRUjSAGRkXgOL3fcUY2TfXv2ho6gkNnQiSMV0N7uwN6', true, null);
INSERT INTO art_ping.user VALUES ('ef4e662b-6760-4ba2-a219-5159a2e280d4', 'testUser152', '$2a$10$zVSwbwWTQwSdFUIuM.4MiemrlnrYFFDvbcbpigHPfAXXJ/TItGMCK', true, null);
INSERT INTO art_ping.user VALUES ('55bff470-23d7-475c-a1ac-a85f9ccf2651', 'testUser153', '$2a$10$Qqn70fu5tj3AQZuKSq3RoedUAMEMX2R/9BVI2ZJaIuN4BcH9l/rpi', true, null);
INSERT INTO art_ping.user VALUES ('aad0ad6d-3b1a-442f-bd00-a7ec2e983459', 'testUser154', '$2a$10$Q3ECHoYnnUwgz68QXvY5EOUwkC4kh1/h5gIu3N7Yl0TspfytqsqTW', true, null);
INSERT INTO art_ping.user VALUES ('f5c6ce91-790c-4969-868e-1ba31bf752a3', 'testUser155', '$2a$10$jaGmGumERcl5XOaJvh66ZebChovC.NgwyspOzEG8ON34YJcWBnwTy', true, null);
INSERT INTO art_ping.user VALUES ('f0681140-84ac-4531-944e-3fde06dcdcd7', 'testUser156', '$2a$10$uZ0lPHDcyS669xN6.7sUsOVwYABcqJA22Wtce6IQnpohYhU6MQ4re', true, null);
INSERT INTO art_ping.user VALUES ('fa37086e-d4d2-4eec-94d7-329d7c982e8a', 'testUser157', '$2a$10$5Jgy3Ye8u7N3rnN9WxCKV.3hBga2vLGXzhNEHw61jk55GtQ5q0s6y', true, null);
INSERT INTO art_ping.user VALUES ('b96e9427-a34b-46c3-8e2d-9cae0e285e08', 'testUser158', '$2a$10$3OIdJ0PMD0TUJdIC3u/x7OHfencJmJ1X.Bd7wvmmcrCi.gQ2x6XRW', true, null);
INSERT INTO art_ping.user VALUES ('dfb28f90-0c36-4b01-aacd-cf7101d5b959', 'testUser159', '$2a$10$oIuCLGYTGzQmWG2jOXOtUe94FRjpPgOSGexcxEwOh5.un7yIYvYkS', true, null);
INSERT INTO art_ping.user VALUES ('1a4f66e0-1f17-49dc-8c2a-5ab2b2ddd80d', 'testUser160', '$2a$10$y8bciicKTi95KtUUaz9pw.tW/PuSWy.H1Yxmtv36U9vlnQgozUKxK', true, null);
INSERT INTO art_ping.user VALUES ('ada20409-2d04-40ee-a127-d4ca2d8a639a', 'testUser161', '$2a$10$nE3k86IRnjin7wGU8mPgq.hVUEoKTF.H4hpjk0ogGvjFg7.ZDOUiu', true, null);
INSERT INTO art_ping.user VALUES ('33c2bf66-4681-47bb-b4bf-2c37b94f6f2e', 'testUser162', '$2a$10$EDj4gr3TZ0bKLXjEH.lPguVgpuS7pgmUu1SjZ4.StmZyCBvK1S1d6', true, null);
INSERT INTO art_ping.user VALUES ('b0fb4e8a-283a-42c9-9c4b-135d1882dadd', 'testUser163', '$2a$10$BZ93WqTePauwOUQKbyLeL.UPhib0tZruE2RHN3kA1NpBQgAN4TqQ.', true, null);
INSERT INTO art_ping.user VALUES ('72bd703d-0502-433f-bfdb-99f55963670c', 'testUser164', '$2a$10$MsgouFma7v3g1Aju0ol7suH8XqBoY5algOFw4dbqImwo2svXyE0Zm', true, null);
INSERT INTO art_ping.user VALUES ('cc5de5eb-8b0d-4c21-b2fc-9786d739d99c', 'testUser165', '$2a$10$bzsmhVubGYCpxXpuLKiZoe5Aq6GQ4cb.TimOI1hyxp4L1UznJL.Xy', true, null);
INSERT INTO art_ping.user VALUES ('82451ad0-e60c-4179-a6aa-6f4dd001c827', 'testUser166', '$2a$10$KtZklMYIeg8omcp7e18riuRwQm3mMjqkvNNywpqVwz0zgaXzi/0BS', true, null);
INSERT INTO art_ping.user VALUES ('d0056670-b5cd-4f30-9a45-4049a910e0ed', 'testUser167', '$2a$10$Nt5J5Lz5vJkIhlPhJYyht.qr30.cVCuY8hip/02PvqaS6Kvh8UiEu', true, null);
INSERT INTO art_ping.user VALUES ('531ba10a-d210-46ab-92bb-37eadfcb1491', 'testUser168', '$2a$10$eOoryG9bW21EaSu39xKDMOIOQ3qHwLiO8YKw2.HlYBmjmKaAxjjfC', true, null);
INSERT INTO art_ping.user VALUES ('453a21e8-5b0c-448c-acd5-cb5f9c1d3eef', 'testUser169', '$2a$10$OmhY7l8mqlwP9uUpxkD2gOZhtoYoCxt1.NG72SQVxxN22UNYU466G', true, null);
INSERT INTO art_ping.user VALUES ('ba16d16f-f14e-4f9c-8095-e014c461fac7', 'testUser170', '$2a$10$KugcrseDh.sDVyUYofViZ.f3hX3dRx43T61wf5ijGIhjGQiDCDIMe', true, null);
INSERT INTO art_ping.user VALUES ('ee43d9e7-b127-4303-ade6-b3b2465616d4', 'testUser171', '$2a$10$oEc3ZcuWcgGpfj8dvzmzJeDRN8NKDzntHOIWd5BfNyt3HNHKnnDx6', true, null);
INSERT INTO art_ping.user VALUES ('8083bf25-404b-4115-b5d9-a17ab804b593', 'testUser172', '$2a$10$sdIoMphcG9ViExDnbNfls.yY35BG5N0Z6z/JHFgwGIgaYT7xox/gG', true, null);
INSERT INTO art_ping.user VALUES ('bcb584fa-dbb1-44e0-9d90-26552c36bee4', 'testUser173', '$2a$10$8NzyhVwEfiSOWM7p44Tlp.K9xDagm9O6XanMSwcrR75vCwgEfG9KO', true, null);
INSERT INTO art_ping.user VALUES ('18584a3a-11b1-4cc5-969b-74119c7d41ad', 'testUser174', '$2a$10$lo7D2TmIfryrUzoY0.NXs.qCd8LZ3h5C.wso6MFuGkLy1pdAHhnj6', true, null);
INSERT INTO art_ping.user VALUES ('8eeee2b6-9975-4076-af52-fe0a74b887d3', 'testUser175', '$2a$10$gdQ0IC7W4arhqQgWFaiCqOPg7nPeevHJfAHrIyzq0vZSe0jXnOlKi', true, null);
INSERT INTO art_ping.user VALUES ('139ac6c5-f2b9-47d2-9887-b8851a9a0364', 'testUser176', '$2a$10$NTl2/Gpx8j4d1.eU3KOrzu5awJlch5TueeW5K8cZ5KnACB.8bwmvK', true, null);
INSERT INTO art_ping.user VALUES ('cbe1faf3-ef54-48d2-9eca-0d4e35acc2f9', 'testUser177', '$2a$10$YCkx9QE/wOTqNB4qP4ei3e1EXAp2idt2BCC4Bcws5O9gRUPo48qwa', true, null);
INSERT INTO art_ping.user VALUES ('c5d410dd-fdb9-4507-9245-2c1854ce6c3f', 'testUser178', '$2a$10$aryTHRnfcPEOnjkVn0rfCO9KJ2bGNlhCrihuKrVZupQKB8Pr.3vJm', true, null);
INSERT INTO art_ping.user VALUES ('eb062368-3e09-487c-b1f3-90dd931e50a7', 'testUser179', '$2a$10$IFQn57k2p88uPMHGhk4Woe.G7oeo.donk4kv9OxOp.zsofWjiwFKe', true, null);
INSERT INTO art_ping.user VALUES ('4a82a507-ed27-43d5-993e-6e11555d6729', 'testUser180', '$2a$10$ojW66KTog.Mr07oQ8gB1XuTL9cBLHbpvwmaG36H9nHutw/gyySmyu', true, null);
INSERT INTO art_ping.user VALUES ('105050d7-bde0-44a9-a919-4fbce37e55b8', 'testUser181', '$2a$10$AvLqrZ70js61kdbQQRPjcewp/HnehFYAmATDgYfsAyxHMWrKGbYnK', true, null);
INSERT INTO art_ping.user VALUES ('5c1bc9ab-40b2-446a-a865-eafc0c4395e1', 'testUser182', '$2a$10$q3aBrWCGKd.KPyAyRX.I/ugtDwa7ydszJOWjdWVZf093AEVQGxAI2', true, null);
INSERT INTO art_ping.user VALUES ('fbec4eac-35b5-4d32-9c85-106bbfe3da54', 'testUser183', '$2a$10$Q4hfqMNffco.2tC8F6ksBe2TJMOZJYiArWOCix.oib.Rvd3.f3c9K', true, null);
INSERT INTO art_ping.user VALUES ('aeb317b9-eef4-4298-b7e4-837ce8f16912', 'testUser184', '$2a$10$fOHMzr/iaeVrRuvcjjqGz.xReqe2qXR6CaWxcra0QaTxf8N7h4Kiq', true, null);
INSERT INTO art_ping.user VALUES ('72240258-f028-49b7-9310-69480cb52cf5', 'testUser185', '$2a$10$qkR5lz.X3W/u/qI1t/tY4OQq1LK4tami14ft3nidqFarSc0UvRNQO', true, null);
INSERT INTO art_ping.user VALUES ('337309e9-cef4-40ff-9e16-2f671a33661b', 'testUser186', '$2a$10$w3V1Nb8RCtdptO8.1rFFUu/wN.qXFK6zgJMk4NMGily67sM3J/TV.', true, null);
INSERT INTO art_ping.user VALUES ('20840812-abe9-46cf-8a77-d2be93281dd8', 'testUser187', '$2a$10$L6ubGAHfZC9KManbC0tvIe8kRO15skXF/5PiG9vk9/JZvQ.LhYa4W', true, null);
INSERT INTO art_ping.user VALUES ('6bd10ac3-60ef-4d27-a0a3-31a0ff793886', 'testUser188', '$2a$10$vSZw6BQmyY5iXxqFHor.WuTRW/dwuzmzoSH0amNW3v4yWXyQFLIU2', true, null);
INSERT INTO art_ping.user VALUES ('762a62b6-3ba8-40a5-8048-8826d6a40b6e', 'testUser189', '$2a$10$.NGjs9PacyiPDP2mXV/SC.X2nrMDok69OrEjF06jUTcdpeZY1yUxy', true, null);
INSERT INTO art_ping.user VALUES ('e92d9719-84b2-4e8e-b652-1538315a861d', 'testUser190', '$2a$10$U7IlSuk/w5TQMGgM3x/YnuTPdORxv9UGBzncWu3kUioWX/zMdz72m', true, null);
INSERT INTO art_ping.user VALUES ('5b3941d3-7dd3-4af4-96be-1418438f9085', 'testUser191', '$2a$10$ten84sqGrMz61g6UbMK27umQODqqGAvP9y.D7D60NSu8ddd1F5GYa', true, null);
INSERT INTO art_ping.user VALUES ('879abf87-5086-4b92-bcc1-d22e6e83c5bc', 'testUser192', '$2a$10$.mR/jmlEdvJSPgs7x0A/UeL6Jc8JMX0gQW05U2wE42J5NWZKpqpyW', true, null);
INSERT INTO art_ping.user VALUES ('1f220b30-6d18-4c3f-a424-ba2dbe27859f', 'testUser193', '$2a$10$RyUdpT2ZRObdLae54y8pi.dpJsFF9.99MRUKThqq9TW9Lb.zKKVGi', true, null);
INSERT INTO art_ping.user VALUES ('e85bb924-8719-4b4c-8850-f991bcdab5e2', 'testUser194', '$2a$10$qs.HD/CU2xL5VL5ISJp0EeHiq6QuQfXuS.KoAVBJb9lwKitxdDdTu', true, null);
INSERT INTO art_ping.user VALUES ('285c8b20-05c0-4920-90dc-cfd0aa6170db', 'testUser195', '$2a$10$yBpaZB8FMCTRwUI7eEZ82ukAF9Kgl4J2tqVzZIfP.avO/46aKQWhm', true, null);
INSERT INTO art_ping.user VALUES ('fffe30b1-72e8-492b-b0e5-cf14eab33f25', 'testUser196', '$2a$10$QfB.ZgwRSQj5qOEx3xuFhu/WXu6r5z5/zdgj9Jc65pQmhA1yL0Bbi', true, null);
INSERT INTO art_ping.user VALUES ('a1315a29-4137-4a94-95cb-bfbc13c71b34', 'testUser197', '$2a$10$q4ozH3CAiusdyI0.68kvtuaGiWAS2BbBflZOo3GHRYGRi5S/zYvne', true, null);
INSERT INTO art_ping.user VALUES ('c50c217d-50e1-4239-82a3-dfbd322887f1', 'testUser198', '$2a$10$yaPeAGRZtUVgg/eMblCJGu2MUOaOsv.rDAPbzYiWV03PaAYQHY48u', true, null);
INSERT INTO art_ping.user VALUES ('83818d84-5ae0-4c04-b9b3-16b591e3d9df', 'testUser199', '$2a$10$JSpdC/sMmB1qC8Wg6M7K/.peWaJVttS0haBzo5TFxEUJD2PJsLqDK', true, null);
INSERT INTO art_ping.user VALUES ('d905caff-3df6-47f2-91f2-412226b7b71c', 'testUser200', '$2a$10$/GXzm5Fq.604F7eJ7nm7L.3OGpMhW7El9a0q1SVV/7aIKWfpFgQ8i', true, null);
INSERT INTO art_ping.user VALUES ('e34656b7-cb24-4205-862d-571c74e6d366', 'testUser201', '$2a$10$MInjEH0PPzOA.MiNUSbAveHkWBDFpIbV2MINEzccozRO3ziMsrUQ.', true, null);
INSERT INTO art_ping.user VALUES ('f58de610-df38-4de9-82d7-4926f0123bcf', 'testUser202', '$2a$10$DLAZI.go/9PwXtbNiD0nLORAcc5USlJFgMos4wbPAxLoHiWpkeRfK', true, null);
INSERT INTO art_ping.user VALUES ('9cf561e9-3750-4ce7-ae28-31de715b7a10', 'testUser203', '$2a$10$l9Zq5C8gd4ckn/ny7Eoj2Onthp4Bl1X0JFbcuvqz6B1ZroErfBgOu', true, null);
INSERT INTO art_ping.user VALUES ('61285820-b829-4aaf-8677-50e19ab5d7e3', 'testUser204', '$2a$10$W8Jhjcb31ASTCvoukRwNjeF0.gOpfXSGn1wVsDLC4g5gkCqOZEj4O', true, null);
INSERT INTO art_ping.user VALUES ('ec25e7eb-ab84-43f0-964c-aeabb5589a76', 'testUser205', '$2a$10$v9OmXdukrxJZ0r9hsI6jfOFgq2hk30PYi/6krVEkFzfC0coXTGnQe', true, null);
INSERT INTO art_ping.user VALUES ('98cbb75a-ad03-4173-8283-b6661a2da292', 'testUser206', '$2a$10$7lx6mBWr1kqjrh24W6U1Ge44uil7IpIL0n.gBclGYm5it20C3EQVS', true, null);
INSERT INTO art_ping.user VALUES ('eaab929d-d829-4ccb-bba1-16c1ca8c7864', 'testUser207', '$2a$10$Tjp7RyKGBUlXNuLKX1/x4uMRlYsv6JPwqFljuxZWtGQcQsg6scLSK', true, null);
INSERT INTO art_ping.user VALUES ('d4977644-04e2-45bc-a50c-f4e1664c6cf5', 'testUser208', '$2a$10$JG1fRx7U1PxSztbHXAWsL..QnUC.W7UWLZPlc8FO9mZBDss4hemLO', true, null);
INSERT INTO art_ping.user VALUES ('3d24b414-26eb-49cd-8401-0332acad9ede', 'testUser209', '$2a$10$/rudSl6WvfEl1yEtJQ2MZOgKvA3FHG3HXKAhqkXokEGAC8P48PL6e', true, null);
INSERT INTO art_ping.user VALUES ('38fa534c-cf90-4a6f-9d69-1e62342f05bb', 'testUser210', '$2a$10$IKXXCaWzLDTgt7/PcJx0ve8mxnSicr/zCw5LVxsJJH.3QO1IgD94.', true, null);
INSERT INTO art_ping.user VALUES ('78c8307f-49ab-4957-8fac-e4b4d4d4e0c4', 'testUser211', '$2a$10$Vb01i0vp66JCM9Z0TVXA7.yARL4Pl..pkxeTMviSR3g1t.ncfK2qm', true, null);
INSERT INTO art_ping.user VALUES ('af48ed90-d6d4-4e37-a22e-4fef0b49f99f', 'testUser212', '$2a$10$9VLayC.XTnHQmDQRYq9STuKIG092TQ0JH.cdnC8U9Q2y2SVDGS6tO', true, null);
INSERT INTO art_ping.user VALUES ('aec7f6c5-2408-4d10-949c-72b24e78a53a', 'testUser213', '$2a$10$aAxP4ml2gXcyU96Zt/B64ucszLGJdy6r54tARefsGy8/PDQdrib6O', true, null);
INSERT INTO art_ping.user VALUES ('bbd33fb5-8e2c-4f26-948d-575b3707982f', 'testUser214', '$2a$10$ZCJL0.fIfIPkO/VArad56.JqQLoWvGWhcW5Hab8S91WCBufBuMK46', true, null);
INSERT INTO art_ping.user VALUES ('2c0b6ca8-5a5d-4cf4-9255-58506081b34a', 'testUser215', '$2a$10$kJHNgS2Jka4iHM36SzVtBOsiTNAE5I75BTauta3NPwv6PDYcQuHk.', true, null);
INSERT INTO art_ping.user VALUES ('a41a280a-4e4c-4157-aaea-120384abe6f5', 'testUser216', '$2a$10$7WDf0Rs4XkKzHIeOtDfZUeJPqzQrNQDFpqqQom7SmbHZqlPaWMTRm', true, null);
INSERT INTO art_ping.user VALUES ('f5a9976f-a4fb-4c74-a253-c8a518910521', 'testUser217', '$2a$10$JtP.BGXssjioyctYm.0OxOgym.5aOLCM38d.JPFqDquOe6cfxVn0O', true, null);
INSERT INTO art_ping.user VALUES ('8544f292-6877-4239-b508-b4142c6818f8', 'testUser218', '$2a$10$H2wSZmaBDBANZuQ6QCVBeemwin2QpC3rNB2y4t3KQiTCBWyKzHs3O', true, null);
INSERT INTO art_ping.user VALUES ('94d9da30-4cc3-4522-979f-8b0a6c0f94bf', 'testUser219', '$2a$10$cfw9qJF01zZxWu6ZQuXMpO.nOOvY5IIUQdihzGY7NS4O8F.2KZbba', true, null);
INSERT INTO art_ping.user VALUES ('4ff929ac-f5c8-4f60-9ead-d1e79f7b3360', 'testUser220', '$2a$10$FY1fuiLXGybscmrXslVeEu1v4z0XPFaEi8yvL8iqjMCERfBRNn8r6', true, null);
INSERT INTO art_ping.user VALUES ('c9a1d3a0-018c-4e79-8fa1-912a1de262d0', 'testUser221', '$2a$10$aJb.0atMBs78EVeFUiUHdujyQCav13A4OmzRGq1NLsKkPX8lG8HVy', true, null);
INSERT INTO art_ping.user VALUES ('3376f000-00bf-43cc-9628-6367400ed5d2', 'testUser222', '$2a$10$c5/shtURvcBy0lC93rHgIuT/QBsCR6ijFk.RXrVaZ7rpzCVT8cFHe', true, null);
INSERT INTO art_ping.user VALUES ('f7698c0f-630d-4080-a888-8f827e767c25', 'testUser223', '$2a$10$mtl/2h.sQ7yGA/65oIXs1uTzwoHzpP/GUIjdluJWjeTajmzOC.Uye', true, null);
INSERT INTO art_ping.user VALUES ('d344de8a-b9d2-4698-ab40-2713e0d19fa9', 'testUser224', '$2a$10$0bzZtYjwf30Nsa/MPWVC1OaJZGJkkHT9dzZ4m5WLgW01Hr8dZNAU.', true, null);
INSERT INTO art_ping.user VALUES ('6e1b3b8b-d8ba-4e0f-a878-810459934894', 'testUser225', '$2a$10$feZniAhik1I53u9CmuUIkOXyeMwHY.KkXAr7CuV7yKpxGI2a/PDMO', true, null);
INSERT INTO art_ping.user VALUES ('a1035ec0-bfcc-4984-aed0-1f0b377dc534', 'testUser226', '$2a$10$W.p9weXT7Yah/REqB6tFteRoC/CBXiGBHrNBX2dAHf2V5Kt5TbAIm', true, null);
INSERT INTO art_ping.user VALUES ('358aab34-4883-4a23-ab58-f9c7cb23d652', 'testUser227', '$2a$10$ejGk3b1py14rzwCrVi/OSuU5TtKX2TElWZg7RpGU9RiVqiuuI7WBq', true, null);
INSERT INTO art_ping.user VALUES ('80fb2843-87a0-4711-b066-aec473b7485e', 'testUser228', '$2a$10$0BXZXxKhzY9DJDCrtLuW8uU3BvkVkxyfU6Dj5LD34ums.vqKo51Ym', true, null);
INSERT INTO art_ping.user VALUES ('f8f551b9-deb7-47dc-9c0a-7f81f3ce4f37', 'testUser229', '$2a$10$yXY1UqvmsnTvHZ.L/S65bO3op0NZQUhegKa/7CigapGRgQH0e1Dvy', true, null);
INSERT INTO art_ping.user VALUES ('bc6eeca0-4bf5-48cc-b832-11314f7d46c2', 'testUser230', '$2a$10$VGlvPt91lMuUwtD.9eRSJOcWQf99rxFNj9B7D2T4mPsCzJb6efQWu', true, null);
INSERT INTO art_ping.user VALUES ('8ce0fcd8-9744-47c9-abbe-0cb54abd81ba', 'testUser231', '$2a$10$YqJxOxPeNaiB1QW5hqon2.ohMqlEV/HD1tky1yfIPE6miYPSguQbK', true, null);
INSERT INTO art_ping.user VALUES ('6b61724b-0ce8-474e-8bc6-804bf39cf1bd', 'testUser232', '$2a$10$hhVScsVYnugWX1AVghkX6uK5tllqpJJaD95W/uni0eSKkC9jkPuDG', true, null);
INSERT INTO art_ping.user VALUES ('4f03871d-62b9-4ff4-b377-07268be0eecb', 'testUser233', '$2a$10$91QeAke/j8UeWaCFL.I0DOFSvZHgXDu8kgA6zBpktar3ME.WhD3wW', true, null);
INSERT INTO art_ping.user VALUES ('5d0963ea-6a2a-428a-85a8-83c172bbc2c8', 'testUser234', '$2a$10$/CHmFfy4R8VQcj4oeQD6Ae4kZWIhNG7YVFun.PtCRfsSoaowe3E8C', true, null);
INSERT INTO art_ping.user VALUES ('3b77938b-42d2-46cb-8148-112adcf49b3e', 'testUser235', '$2a$10$gNqKp8/ooWu2OXOh5ZnX8.9cHjavg4Dociqg/NAeNRWfIffuaALbi', true, null);
INSERT INTO art_ping.user VALUES ('2d241ad9-c0dd-4d8b-b208-be9f24bcfc55', 'testUser236', '$2a$10$6ur9a6H5MlSh35u1xW0wweOM538XGbqfDO5DwIJ4xY7phPG2UljO2', true, null);
INSERT INTO art_ping.user VALUES ('5338fc84-90f9-441b-8654-593a53d396f1', 'testUser237', '$2a$10$cWQUaRDI8u6xoTTskcN7M.c5oqsoDyIcayZqBCTUl/QLgYrvJ2ghW', true, null);
INSERT INTO art_ping.user VALUES ('451150ed-e5ee-493e-9daf-3744b66b79fe', 'testUser238', '$2a$10$bXuoANWs2rj1ci48T22P7.7WaN8LhpBfuT1pFbu8PaWJsVfIGzyIK', true, null);
INSERT INTO art_ping.user VALUES ('075458f3-e9c2-4c37-954e-1be896f3382b', 'testUser239', '$2a$10$tVPE9Fud64cO20XQNXbB.OVJZSXxj93ro0q1wma.hgroKqk6KfvMa', true, null);
INSERT INTO art_ping.user VALUES ('0aaf161b-1cd2-4069-88b7-25d6ba19c9cb', 'testUser240', '$2a$10$eoPje.zyXeylDyCVLhSeSOvgccuvYQl5ap2XELoLKzzpID4wFpXR.', true, null);
INSERT INTO art_ping.user VALUES ('5504c3b2-3b64-4623-bfff-5b384d01a8fb', 'testUser241', '$2a$10$mb0SuuX5aVeC8W0yAMH4pOmdxb0XpxGs3T0GKNafPgO8UN9TieHMO', true, null);
INSERT INTO art_ping.user VALUES ('7749e9cb-1293-428d-b2a6-66a00261489a', 'testUser242', '$2a$10$9Cgdfz3KkVS2ozC/Z.ttHuNSpuHe./Jl2Q1MczeNNe6aVBWCJysHm', true, null);
INSERT INTO art_ping.user VALUES ('436aff8a-212a-464b-90b2-8339f7431936', 'testUser243', '$2a$10$Owgh3IHYV8QSCopVXjYWAeW3AP6tsYq5tYfhQymAtJ/uY11b0wXBa', true, null);
INSERT INTO art_ping.user VALUES ('ff240e2d-b878-4a0c-bc52-4d492364590b', 'testUser244', '$2a$10$B0ZiXWq3rS86l7I.mHaZNuEXyqXc2Aw7g4Owdg9EdRMkE4v4ihbM2', true, null);
INSERT INTO art_ping.user VALUES ('d9f7f980-7342-4f84-beb7-3641f56917c0', 'testUser245', '$2a$10$3gyy/3IoZriJeJai9psu4eiomu0XsGbVmB/7dMpkF3eWnVDMvgjGa', true, null);
INSERT INTO art_ping.user VALUES ('e4641934-b747-410b-8b1e-8ac5dff1ecfe', 'testUser246', '$2a$10$Hjds/Oou.yLqYslmAVyXGODAPgVG7BjUeS4BpnHuL3YzK7EtkO/.i', true, null);
INSERT INTO art_ping.user VALUES ('5a4cd21f-a71f-40b1-b37f-05afca2671db', 'testUser247', '$2a$10$5TcQno42UmywI5FmtEIpYOHa3htSMYsKH/WWOPhtwGwuP4fBwvoyq', true, null);
INSERT INTO art_ping.user VALUES ('d624afde-38f1-4193-b84e-5bf7b760dc7a', 'testUser248', '$2a$10$0sBbQtWVz7.otLN7aTzOiu08kxiBF4j7igGhVBJ4ep0ef3Yfc/u8C', true, null);
INSERT INTO art_ping.user VALUES ('f7672318-ed43-4c53-9a4a-50f552586a1e', 'testUser249', '$2a$10$KpMFE/Bxxrv0XaunhTRIdOkMe3o58kXoplRTdw1Cj/6LRBAGzAOJe', true, null);
INSERT INTO art_ping.user VALUES ('2662cc9d-7670-40cc-aadf-86791dc8a6b9', 'testUser250', '$2a$10$c15zE4kj.xb8pPgsLFacgOQ6fo/Nglh/wsZeS1a6DF7Tc4KiugSpW', true, null);
INSERT INTO art_ping.user VALUES ('fc689a5e-6d70-412b-b619-90f48bedf6a4', 'testUser251', '$2a$10$RhQxC253GuZM3KTdNz/1h.R1XwQAw0NsXLg.RqwEHhfMa5TtHQveq', true, null);
INSERT INTO art_ping.user VALUES ('e4eea931-4036-4aba-9728-dd39b8dc4cfd', 'testUser252', '$2a$10$zqi/Ozt7/c3w1eWJkSbJTeoMVZf1IKf1T8UI93gTtE6KJ/I8F.kVm', true, null);
INSERT INTO art_ping.user VALUES ('75abc360-cc07-4520-b844-88ae4c04d96e', 'testUser253', '$2a$10$ITd.TSpqpVl0EnXQwS/LfeZy3U0Wy.1QVM/eO582rVXkSbRIqw/2K', true, null);
INSERT INTO art_ping.user VALUES ('da7f07c9-b00f-4e00-8ceb-0dfc6b50890d', 'testUser254', '$2a$10$oFVQHnrX813uVVzEmBAFk.igayI4KrjPDVYYkBcWLRITKpn4RgGfW', true, null);
INSERT INTO art_ping.user VALUES ('2037c3b0-2be8-4266-8955-817b4ce1800d', 'testUser255', '$2a$10$7ruuPhzYuC4mCUdbFnesOuwTq09isteVpb1GwN1eeMAPYVFIsICbm', true, null);
INSERT INTO art_ping.user VALUES ('0e35cba5-333c-4d0f-af17-ec435894fc21', 'testUser256', '$2a$10$K7V7modZmMj5iGH03PCtmeyb3YRw5FiNeas92CssmChLzX.dEB6Wa', true, null);
INSERT INTO art_ping.user VALUES ('da7dcf3e-5efd-49bc-afd6-30165a60ab61', 'testUser257', '$2a$10$sfHdnK8Ofkm409sOVfgkJeCaIGAcUmEhqOHA0C6x4NQu2CVV3GaIK', true, null);
INSERT INTO art_ping.user VALUES ('3f19efa5-012e-472a-bc02-9c0ecb319449', 'testUser258', '$2a$10$i0FlBCRcwGxqBCzCeixT0e5jjIJm6XZ1AV6ZypCbRVmoAbJ1UJhde', true, null);
INSERT INTO art_ping.user VALUES ('1ab25045-0d66-4d7a-aa69-4c06a5cb0eed', 'testUser259', '$2a$10$.ANrJpRF58v0pDfYodFQq.qbSG5CoQw4BY7lwiQdHblN38Gk2AZrC', true, null);
INSERT INTO art_ping.user VALUES ('4abfdfd4-c6d3-40f8-ad64-d2ef2b8a8c36', 'testUser260', '$2a$10$fv8Nkgt2SXS.dCNJZdPTS.UeNdqEGEuqQeIMiWD.XyY05diL0cl4.', true, null);
INSERT INTO art_ping.user VALUES ('cf53de48-cb71-4072-9c13-38a35422e75b', 'testUser261', '$2a$10$fomY9mWRaKZ4J8cMjBUQL.gMTX3OJvOgI4yp/Y4xD3E9VsiW8feCa', true, null);
INSERT INTO art_ping.user VALUES ('d31a8032-95ee-4c29-8f3d-3d4af87aff73', 'testUser262', '$2a$10$DU2ou34CSzbr9dpA5em/uObyGPbDOzgxTFJqu8r445nu.xfG.ATbW', true, null);
INSERT INTO art_ping.user VALUES ('6f2a7a48-2ffe-495c-a029-29f8e3654f5a', 'testUser263', '$2a$10$KBg5UmY0Ek98LlF675c8Se5DFq38fX.im87EuE/7jYqV5gQR.cip6', true, null);
INSERT INTO art_ping.user VALUES ('97890d25-db37-48a3-8f20-50e1ac7974cd', 'testUser264', '$2a$10$qlCNJBTk2XA.XulaIOPpTO4GM1qP5iojYGZAePLO.CUyPTv4CKPP6', true, null);
INSERT INTO art_ping.user VALUES ('119a3cd9-1695-4f4e-a90a-859665a73d23', 'testUser265', '$2a$10$HK8fclvHQJfxGwwXaygABuFdsmA8nAX2xi5NvP5DDR.B4Gx.UPaTW', true, null);
INSERT INTO art_ping.user VALUES ('10518bfc-5c95-425f-a341-88468f838dea', 'testUser266', '$2a$10$HB4qolk8UMxbVZpZkd/irefnKRZCLhOtHNdFg3L/NZRjqsos3q6Ni', true, null);
INSERT INTO art_ping.user VALUES ('6514050a-1af0-4e19-a67a-f588c9ce4435', 'testUser267', '$2a$10$9uZ0UPI3p0RfPGfOuI/IK.J2iNTQYSCQFY7H6DV9sTmQG2njf0il6', true, null);
INSERT INTO art_ping.user VALUES ('414bf688-8eee-4e1d-80dc-e2b43a87f584', 'testUser268', '$2a$10$2mSeNwq2Tkvcn.zYTVS13el187VVh.mtsf/6tckZDAbHbygayMI8q', true, null);
INSERT INTO art_ping.user VALUES ('e281fa5f-5d24-4c48-af05-9d7010215c88', 'testUser269', '$2a$10$zFt2sPPIntRCtEJeeqtMKOi/sx8Pkr8R/CNjFZPjSjHBGDgro4uvC', true, null);
INSERT INTO art_ping.user VALUES ('5e7aaadc-5dc6-448a-b55a-cd40b974b553', 'testUser270', '$2a$10$sc.cSLbw/iJrf8xsJXdJG.Z4HmsH.X5WQx0Wp8rfHe.C5MBehK1Wi', true, null);
INSERT INTO art_ping.user VALUES ('5a0acd6a-4802-476c-9cdb-e7b5f3a8a74d', 'testUser271', '$2a$10$ajfCmHs7HHmOelfucmowauFD1YUVK8OX.O0qwp0h/BfGaGen0ociu', true, null);
INSERT INTO art_ping.user VALUES ('c24af10d-22f3-45e8-bde9-21aa2403d217', 'testUser272', '$2a$10$aAET/dFtvi6yoj/zBlzTHOe/AUhTCJXUn/IAq4cj9KOLRde8Uz9vq', true, null);
INSERT INTO art_ping.user VALUES ('0aabcbe0-d441-442e-bd72-38a5904c1d01', 'testUser273', '$2a$10$sbHcWCs4oN3VftTIw8kSGuEcKQ.A7L77PrzrBFzVbUrc43MqcqNBO', true, null);
INSERT INTO art_ping.user VALUES ('c5a76fc3-6a09-4232-8db4-509bc5a84f53', 'testUser274', '$2a$10$7dCopJoOS1vA.1/5Ap74LeicOGWmQfoyxT8oKFtcejaEadKUZHFDO', true, null);
INSERT INTO art_ping.user VALUES ('b8a5d161-fdf2-4108-b4aa-7bb97e948854', 'testUser275', '$2a$10$3ldSUPbAoDtk6IKLjNStZeCM3ucKt31EQcjJBVp2bho8E.KWJ3E.m', true, null);
INSERT INTO art_ping.user VALUES ('fd5f9d64-0793-4802-97aa-aca4b777026a', 'testUser276', '$2a$10$RXsUQ8NKUTCwSpvpF3bFXOvrVWZNBdVYWPJiQpYuTlqbgEcMuiLcS', true, null);
INSERT INTO art_ping.user VALUES ('33e156fd-dea6-4b12-bb39-e1881c09059c', 'testUser277', '$2a$10$dAz0bwo0MnDEtzEZz7Dk6.gmA122MchCS7TLbpzKH2OJJvJbtvrMu', true, null);
INSERT INTO art_ping.user VALUES ('96d523e3-e501-47d6-a0bf-7feced46e219', 'testUser278', '$2a$10$vh6EiSn6BMEN5waDRJP6qeF6QBALr1MX84EaaYs.63tb.PfjtqY8W', true, null);
INSERT INTO art_ping.user VALUES ('74a7a677-d319-4535-a172-cb6531ca8a1b', 'testUser279', '$2a$10$YctDrAzSwqZgJNl/fjQnLujfsrcMKKhzLTrOuOg3nfL6A7yeTo87K', true, null);
INSERT INTO art_ping.user VALUES ('e7e60d4d-29be-475c-8cf5-62c883e6c7c2', 'testUser280', '$2a$10$TkL1HajofOS.ugTPmwLAoOKg0n06ifXKViU4b20qdUVR/4h6pygJC', true, null);
INSERT INTO art_ping.user VALUES ('ea9d0dd3-9f41-492b-80e8-c5b6d3483c02', 'testUser281', '$2a$10$BnsIPo1/5RDQBRqflVdn4uv/AW34Z9IhD3a445QBqJII9yk/sdCKS', true, null);
INSERT INTO art_ping.user VALUES ('bffbd2cf-adf7-4c8b-b7bf-49cad8acbeb7', 'testUser282', '$2a$10$1lNAYKoTf9tzOmd.VHjZw.CoUDBKwlz.IEgQTL3Keu6xAT6N93iz.', true, null);
INSERT INTO art_ping.user VALUES ('1b6c2a64-f0e3-4115-807e-dc142bc79cab', 'testUser283', '$2a$10$zOaXb1sQHeAvVgfmmgPNsOlHpcVNjc7WcnVyCaqDdqdC5B.indkDG', true, null);
INSERT INTO art_ping.user VALUES ('5f43acfb-5a88-40d6-a1b4-90ecf886e2dd', 'testUser284', '$2a$10$QjTUOmRuV9h5FuB1avpW8.NBdox/nDHe.2vb/ot1YjWvC/XXG3XMS', true, null);
INSERT INTO art_ping.user VALUES ('77b636ee-e0b4-48b6-9af6-d0a3f433cd12', 'testUser285', '$2a$10$.SO1oL9CsJv2lZjMekS0z./0yxJfPMkWHCC/T4IBEdA/eNpTdFgdm', true, null);
INSERT INTO art_ping.user VALUES ('183f302a-a7ed-48b6-9860-ff607fb289a6', 'testUser286', '$2a$10$2845wPJyfwR3c1NTAnKXRe/7/TvqERe9lfhUzQ4eHv6ozmmK/2FhW', true, null);
INSERT INTO art_ping.user VALUES ('605b613a-0ad3-4806-b700-a9cf0ca32155', 'testUser287', '$2a$10$EZyhdoDFTPSDOAvrAknrquSiV1rAUA.SDqBArMwjZXF7EoOf6vIPi', true, null);
INSERT INTO art_ping.user VALUES ('dddd994b-05fb-4d62-ab85-34cbf75909d8', 'testUser288', '$2a$10$G9kRkL312BNjMbpRm86SpepEgldnq1akQYjv49LtCjsI5bA7Lml5u', true, null);
INSERT INTO art_ping.user VALUES ('5ba3ac33-52c0-495a-ae81-71aa651846ed', 'testUser289', '$2a$10$b0kiapVDe/3Duy/.sNrS7e1DVzeLgsAPeR3ofz0/tlnFbEWLxKZh2', true, null);
INSERT INTO art_ping.user VALUES ('e13832ac-1bd8-4ceb-ae0f-6f6a609ee0bc', 'testUser290', '$2a$10$yCcWNg3baiZ8A4ijiPkBUOVdUH10l933TfMHaJavRR5mD0JRsLGsW', true, null);
INSERT INTO art_ping.user VALUES ('d05f8ceb-9c57-4a0a-ac2c-64d0286f599c', 'testUser291', '$2a$10$t0i6y9M0tXJPiwj2Tte.N.KdS8qzyQ4vbQhQugnRXznWZG47GECz.', true, null);
INSERT INTO art_ping.user VALUES ('6d56d83e-efc2-44bb-8b2f-d78c9bd1bbf4', 'testUser292', '$2a$10$B.F5N.PGl0IOQ.R3bmBAwOx/VmpYm9Magi/Wq.i5ee5tqjM/bXqSG', true, null);
INSERT INTO art_ping.user VALUES ('3773bc81-41cb-44a1-b919-fb397baee062', 'testUser293', '$2a$10$b4LAR.rova40t7Jzq/TFVegNJ2xLykcCg.IlPvzuMOs.NXynmhC2u', true, null);
INSERT INTO art_ping.user VALUES ('7efbbb52-e1f4-42ec-8a5e-08952efcaa2b', 'testUser294', '$2a$10$GWqDVzXDi32I3XRpJp1x2OIkGxZSO.MWP6JSpKsVAGzeLkBLxC/Cq', true, null);
INSERT INTO art_ping.user VALUES ('383bbc71-99a3-4c89-b477-a408ba87f693', 'testUser295', '$2a$10$ZT3To3LfxDM1hEC8FQJshu3d09PadqjD/IQ19HtJcntzU.P1PHUUS', true, null);
INSERT INTO art_ping.user VALUES ('61bcf261-d730-4f36-a771-507548860ce0', 'testUser296', '$2a$10$1dAC5/7NvcxRQ.NcEsfnKOvcwP20Jf2lBeLD4jtSNERBmX36a1LBa', true, null);
INSERT INTO art_ping.user VALUES ('2bba81e9-9775-4912-b59f-c947f308b4f1', 'testUser297', '$2a$10$GXrEVpxzhLdU7oaASIFxU.2Ac.diqKv6MRBuHjJGZAp5Zz4GRK9Jy', true, null);
INSERT INTO art_ping.user VALUES ('48160ef7-c8be-4413-b9d5-0ba945c65b55', 'testUser298', '$2a$10$MKyJYmoQsSgFP86uRyFDRuqAZpnpiEqNdiqOVimJR4z9SSF9uZtVe', true, null);
INSERT INTO art_ping.user VALUES ('927d3af4-685e-433d-809b-ee417600b3c7', 'testUser299', '$2a$10$Oi1tkwlgf7exBdOCMWqrledzqEXPKm5JZSHV8852UlkYp3k.PeLHi', true, null);
INSERT INTO art_ping.user VALUES ('cf446251-851a-44db-9de0-a6d95efcac2b', 'testUser300', '$2a$10$PjPdiXp2r6Oif2JkyX7ZqO5OWaYrRoWTEkr9Z8FTYAqHCJ6uggXnG', true, null);
INSERT INTO art_ping.user VALUES ('2ea22ea4-9d5c-45f9-9d1a-0bb43c1de89b', 'testUser301', '$2a$10$LxeF/3FVgg3KBuIHz5gBpOlhqEg9DtwwdrGyB/uy/rmI7xsK8aNI.', true, null);
INSERT INTO art_ping.user VALUES ('2bdfab07-fd93-41fa-ab85-074a97175026', 'testUser302', '$2a$10$mpf1hA/atsqY8lu.rCe91eznbMZB7RtHqsVvcbgEjI1ZXfpmvbsLG', true, null);
INSERT INTO art_ping.user VALUES ('08395291-5d8a-4b98-8d70-4c0a44631880', 'testUser303', '$2a$10$iNMk74YB750Q7rYdLSbNtOiykRP68E8PabGoE9Qf.faNvDmwFn1j6', true, null);
INSERT INTO art_ping.user VALUES ('2f67f869-3f08-4927-8d90-1f113e1cd3f3', 'testUser304', '$2a$10$IGAgyoxq/q27fWRDez.3Iu4OgFmuBM4fAeau2T1dsN3EaaQ7o6H1K', true, null);
INSERT INTO art_ping.user VALUES ('be81c99d-f6d1-4b05-9454-406d0b7736f0', 'testUser305', '$2a$10$jvhmHAYsp59698YUHvGdUOoK5c95X3pYrKigDEfYuzdyVba7hJ/t2', true, null);
INSERT INTO art_ping.user VALUES ('1029d6e9-b46f-49fe-9b86-a9cea46459a2', 'testUser306', '$2a$10$cjiRd.0jB5RobP2lC94/g.ImRoH3fEUDyGQvyRWiCoG4wRqspD0pG', true, null);
INSERT INTO art_ping.user VALUES ('a1c4f80c-e56d-4c0c-bc93-0915f72c37b0', 'testUser307', '$2a$10$1M7RPlJZtd2JFhViJvxo1ucWiww/b0IAshOkXaZcvgiLsv412qHJa', true, null);
INSERT INTO art_ping.user VALUES ('32ed8881-e2be-4ba1-811a-9c962742d89b', 'testUser308', '$2a$10$sfT/UDYPAaYi8TgyPNkaHOXOtiZTpr3FmtCYzPrJxu.WkRM7rfzmq', true, null);
INSERT INTO art_ping.user VALUES ('5ffe5d49-a83c-407a-bae5-46991962e87a', 'testUser309', '$2a$10$B2qAAFtUd/fnjQPn7A0ycOLFhK/uZRiTwAAkuWOehwcEjJFmOHMGm', true, null);
INSERT INTO art_ping.user VALUES ('6bd83dc8-0c93-4f4f-8686-762f40d2fdc2', 'testUser310', '$2a$10$BnMCg6OHoKpWMZgy4eShdukKIzFqhUNnTUyBR9bWsJ4GW1A7RELni', true, null);
INSERT INTO art_ping.user VALUES ('c1322287-bc7b-4599-bba6-90f6cafe0d26', 'testUser311', '$2a$10$POuMt75bA01F0NVkbJ1JeuIYDoIlmLBXmwAlWmCAQoKbArtQbgvVq', true, null);
INSERT INTO art_ping.user VALUES ('17bcaf06-88aa-4961-b9af-f42ae9c5d254', 'testUser312', '$2a$10$wMYJgPyxhK6RAGIEoITLtO.OVhOlcxaw7kDYu41s.mKL6fy4HhIL.', true, null);
INSERT INTO art_ping.user VALUES ('3b1cd8d5-642f-4238-b2f5-94655b9e959a', 'testUser313', '$2a$10$693ghAwkK58KTKACIR5kXu2fsUJzpt9DLT7eFAYgtja4zudVE9SJK', true, null);
INSERT INTO art_ping.user VALUES ('1fcf58d5-f041-4efe-9357-78603c8cca03', 'testUser314', '$2a$10$SAmA4GNJFHwWg91SAn3HCu2wvr.D4b4jjFDhqtl6OdunV1j7VJmSu', true, null);
INSERT INTO art_ping.user VALUES ('4f5ed2ba-f056-475a-9505-9207be95d5e3', 'testUser315', '$2a$10$VdoBa.JMfGloANy1N04XDujuS8ruB3U9P/k.2OEtRXzZ1BQpMy352', true, null);
INSERT INTO art_ping.user VALUES ('81213444-6df8-4713-9bfa-fbd31d43ddaf', 'testUser316', '$2a$10$6C.LeM93gfc93IakzJ1E9epT9a8m3GM2ZTXaaseTAqECyvSgkjJsW', true, null);
INSERT INTO art_ping.user VALUES ('16f218d0-517b-419e-97ad-36397c172d30', 'testUser317', '$2a$10$Lehi4anaA5rn0F0z9KVBvuce0RaxeBObvsltv/KgMS9fTKx3i9pFG', true, null);
INSERT INTO art_ping.user VALUES ('b632a061-eea9-4e71-884f-e01ec25b593b', 'testUser318', '$2a$10$AnvMBBeP9Ayq1Y4EXtfhf..EpRHs7Jhw2yD0CGl5EarrDB2G3LzuW', true, null);
INSERT INTO art_ping.user VALUES ('6dc839a0-b4a9-423f-a632-0f3e9e38e1cb', 'testUser319', '$2a$10$gXWuxjofFrY/B6XQpTqskum5ZBP.JLCNyoc4vtWoHJ9e3Y/azOhVO', true, null);
INSERT INTO art_ping.user VALUES ('be0c3781-7de7-477b-ae31-3bc715be7651', 'testUser320', '$2a$10$7FwgiWUobqOIF5gZmiflN.0f40ha9kskjs0Iz372B2NYvBh3qauH6', true, null);
INSERT INTO art_ping.user VALUES ('45de2a55-9ba9-4783-a676-2e6ce6c1797b', 'testUser321', '$2a$10$LHkl7cJIs6FCwfWVxjmGTeQ7A0erJpYLOrQqOVHJKx2pGoxSb0Vhm', true, null);
INSERT INTO art_ping.user VALUES ('1971bf67-ce49-458a-93cf-91111a5b9fa6', 'testUser322', '$2a$10$yHYOxRk4fJRiiBQy./uGV.mYrI5o5pONDvaGMsATWm1ka3atqROTS', true, null);
INSERT INTO art_ping.user VALUES ('f1fe7af1-caf5-440c-9d57-9cf78507903a', 'testUser323', '$2a$10$44PIVzy36x20PILpCrJbsO0bYYXLv7s/9ixCE6Qs6zGkkOZbSKfg2', true, null);
INSERT INTO art_ping.user VALUES ('abfc5eae-4c89-4693-bcf7-bf6aed4beb0c', 'testUser324', '$2a$10$g1IZucziGYLxJEurYXxhW.lbg3ZZ2aFtGHseP5vz9fkiqJctPjXPG', true, null);
INSERT INTO art_ping.user VALUES ('c1f2843a-b952-4d1b-be9f-04c29f645b79', 'testUser325', '$2a$10$to1bvmKyZA7UTvuqJ4gEe.GhjEDRk6f5jHaF6B.vWOIYujdHsL9eq', true, null);
INSERT INTO art_ping.user VALUES ('ffa3a38f-683c-4189-99d6-9ce01b60f2d0', 'testUser326', '$2a$10$.yj3o6dd7IqY7TWZLYR/0.fKl5cJ9nrNy3MPpkTPCwGSA40.LYSqi', true, null);
INSERT INTO art_ping.user VALUES ('75026efe-53c6-469c-82dd-8601f7722979', 'testUser327', '$2a$10$7wSMf3zuTu2pYiK5nYksLe4GyIlAuAEq2Wq6vHRwHp8C/8wIC1jXe', true, null);
INSERT INTO art_ping.user VALUES ('6d934fc1-d6ff-4180-b59b-72d5426b8ff4', 'testUser328', '$2a$10$Bxps0O6aVm3VDEjqqr2x7OQvMrb/D/2FrTaV1aU5hOHUY2ZluStUi', true, null);
INSERT INTO art_ping.user VALUES ('d05c243e-300c-4ba1-858e-c42d6597cac3', 'testUser329', '$2a$10$Zf0HL6Y.Gy4dDJuu3dumjOCtYUQNdC55EK4SvT08IfOlJLEGPF4jS', true, null);
INSERT INTO art_ping.user VALUES ('23249973-9cdf-41e8-86ea-f770538fd59f', 'testUser330', '$2a$10$IK.w3VN.D4fhK3x6yI5ifOdpHZxYLsKWNilF4rkuvnSYyDblKfgXq', true, null);
INSERT INTO art_ping.user VALUES ('defd877c-810c-4a2c-865c-ce6e8bc09039', 'testUser331', '$2a$10$5eMsBaw4RVutw/L7rVMM6.S8KZOBZFf8Q1S9UOUma8mFk1CDKLi4y', true, null);
INSERT INTO art_ping.user VALUES ('85caf1f7-8f6b-4dee-a4f1-f2263ab5a054', 'testUser332', '$2a$10$M4sOBa/9gNB4qUsjtlTl/O81IFIxEDksccml.wrY9YQ2J4.kYrhga', true, null);
INSERT INTO art_ping.user VALUES ('ea129c54-2066-4dec-a6b5-787e01230781', 'testUser333', '$2a$10$toPT9r9O4LmpOoAKEDJOQu.V0s/8o/RKBtZXbYuXRRJfSiFCWaVlq', true, null);
INSERT INTO art_ping.user VALUES ('73221738-08cc-419b-b66a-c347be5fbcf6', 'testUser334', '$2a$10$9x1SgGRvjaupMksSCSkEaOrCwwM2ks8gv3Oo2NEoPUDVnb0.rOM.C', true, null);
INSERT INTO art_ping.user VALUES ('a1bf41f3-02fc-416d-a0b4-3298f23c6909', 'testUser335', '$2a$10$302EFDkwy.tncnZimOcvo.eM0.VG5YuoC5DgvY1K.PFedAlvvchxG', true, null);
INSERT INTO art_ping.user VALUES ('fbb301dc-43ae-4adc-8123-911f4451a4f7', 'testUser336', '$2a$10$BrkOHlwhWiTSvPme0osCL.c8VmOuIqYl/0f4KDi7UjUAFtkNYEW5e', true, null);
INSERT INTO art_ping.user VALUES ('83fdf125-13a4-439b-92e2-3836df6849d9', 'testUser337', '$2a$10$uy51.uSox.LgJxTl1CXACeI1LH9GvJsGHN8EHCyN/vEKpfIf7Y90G', true, null);
INSERT INTO art_ping.user VALUES ('27eb9d7f-8beb-428b-8e8d-8425d1ba30e6', 'testUser338', '$2a$10$idUqTiWPTXK3nvitcv9lIOsqi7VMnxtFm2sfChF1a4BjV835v25AW', true, null);
INSERT INTO art_ping.user VALUES ('2872f128-a752-4b1c-bd03-344b231f669e', 'testUser339', '$2a$10$ixpIVpP/8StcZoaD/s9ISeDVb08i.SofNHEi0vYpuiDLPAYuKOlPe', true, null);
INSERT INTO art_ping.user VALUES ('a1d22212-d443-4d76-85e7-9e8de0be6336', 'testUser340', '$2a$10$e4FlXrrcsnMXupW7qZdOgeWX8ntPafAOXMNa9.NUlOwv0remDf6Mq', true, null);
INSERT INTO art_ping.user VALUES ('60ac7e03-a820-4429-837e-96083029f530', 'testUser341', '$2a$10$e7ZrpEQG3ZYUF2PJgGDB4.Q6z78kEzMc86vfmvad.lcqr1dXHwWkC', true, null);
INSERT INTO art_ping.user VALUES ('7f3156ff-c515-4dd1-893a-b1ab31482455', 'testUser342', '$2a$10$nAW/X78phwXSwW6T6up4hOAqV4R.CElSwcxnZujTlecg3NKWryWp2', true, null);
INSERT INTO art_ping.user VALUES ('d242fbbd-e0f0-4c9d-8324-3cdfafc11080', 'testUser343', '$2a$10$xuIWfY7Y.f5cJg4RNg.7Q.fZW3gh0NT3CEfowHjrbVgQZqAiigBGS', true, null);
INSERT INTO art_ping.user VALUES ('3957fd76-67d5-41ae-8ef2-00bd34d3e126', 'testUser344', '$2a$10$sroAxHN3UUVi3ztWlTM.I.2X46irkmISD4FWLuqcOKEJI2PWp0006', true, null);
INSERT INTO art_ping.user VALUES ('8035dd96-d939-4de3-81e3-a247f7a99ea1', 'testUser345', '$2a$10$X2NZUoDpugNl2kp5VaBrp.Ec5fW9i.H43uWvvMMGCq9WQNWaNpAKK', true, null);
INSERT INTO art_ping.user VALUES ('2316ab5c-ceb8-41de-b09f-b78e04029a5b', 'testUser346', '$2a$10$yXXGQQRcbSk2Ai.s0.LG7.PgS25WQv6a5c96nR9K5iJ1yAFDn8ayi', true, null);
INSERT INTO art_ping.user VALUES ('8f25cc32-049e-4377-86c8-a1028b3da45e', 'testUser347', '$2a$10$LGotEg8k7L/Z/ABHz/gose6gQ8X24/73n8qhN3N7WYJhokSNCAIpG', true, null);
INSERT INTO art_ping.user VALUES ('9090613f-2eb3-465d-a0d8-2ae080292aa5', 'testUser348', '$2a$10$Z6SQe.NEGDEJt/kdSanS2eYESi7R1Z65lFBwylGnvGSTynzi88jH.', true, null);
INSERT INTO art_ping.user VALUES ('36455014-60c4-45ff-86a8-3ed2a314d90c', 'testUser349', '$2a$10$6nx2JDmY5rbJ3uIYx6SpneA8IbZC2MNm/vXvSMIZlum8SGzbjehlq', true, null);
INSERT INTO art_ping.user VALUES ('fe3cb64e-1ebc-42cd-95a8-874398074a1d', 'testUser350', '$2a$10$G5J0MXVhP/lfP7NaNnUa8OPxrCivVoRqVCJp7VliJZcGaNTLfFFSW', true, null);
INSERT INTO art_ping.user VALUES ('b4d3f764-a6c3-4dce-84f0-bc8373772715', 'testUser351', '$2a$10$rdHgLaI0BsWw0QDuidtK8eJS0JoumwB0idMPtAxHrm.Y/2TxEFU7y', true, null);
INSERT INTO art_ping.user VALUES ('c63438fd-d7a4-441a-91f5-d98740b1f338', 'testUser352', '$2a$10$LWKH343Psif195SAgPIDHeHMx/ldejsTiyXd121h4rVwyMTVRpKVm', true, null);
INSERT INTO art_ping.user VALUES ('6961cb2e-0f13-4270-aa34-8c3cfadc9f4c', 'testUser353', '$2a$10$pGQ2iAZBIgnEonjbGEyl9uchdIUTQwBSwzQOLYek616UT3RjIYtjC', true, null);
INSERT INTO art_ping.user VALUES ('993b2843-ceac-416b-a6d3-c5dc965535d2', 'testUser354', '$2a$10$ersW/4rWPzHR1Kt2jRj/K.RKXhOwurqwiSZ6pr7BzoZYNf9LfxFRa', true, null);
INSERT INTO art_ping.user VALUES ('51fb81a1-eccc-4ee8-bdc8-1f05631985c5', 'testUser355', '$2a$10$VcwGBTkQJHvDbvTNgqo27eSOa6iS6NeSoYdrgiVJjev2xOZPSKU.e', true, null);
INSERT INTO art_ping.user VALUES ('14be54b1-7a49-4619-abf3-1e5546f9dcad', 'testUser356', '$2a$10$on7I1cPY2EcWOlbeplNF4.1cP1SaQIDUxB0xhtQMZN9nmMbr1UCU2', true, null);
INSERT INTO art_ping.user VALUES ('682adcf8-4672-4a1a-bd06-f6eb55f645f7', 'testUser357', '$2a$10$s.4FRaaj0NxHsSKuKL1yIusbD7L/R19GBI.a0HgxsR4FhJuw2RM2C', true, null);
INSERT INTO art_ping.user VALUES ('976111da-b7dd-486a-a8e7-608f7c2effa4', 'testUser358', '$2a$10$vyGBPoKmpcMTM5oaNt6VDe5c43U1u/V6yts/eyUevgmI3yV4bM8DW', true, null);
INSERT INTO art_ping.user VALUES ('b4240ea6-49c7-41ae-8676-d7fc6e04af4b', 'testUser359', '$2a$10$4TWfb2tuZZQ.ZEUJAmFXOuZBSaHMQ06F5ANS0JO46Y5pf3Nqjca8S', true, null);
INSERT INTO art_ping.user VALUES ('babac181-6c3f-4e6c-99f5-0ee6eca94ddc', 'testUser360', '$2a$10$mR71A/xT.j3svzcpMgBohOKx1tOv3MSnP72fQDC.dge0g/6yH8aCu', true, null);
INSERT INTO art_ping.user VALUES ('1ef845c9-3d76-4204-96b7-d46d7279bcfd', 'testUser361', '$2a$10$./Huj1ZHs0kzhr6NZpJF9eWs5Wcj/q4f2vH0Y0Slx8OuG04kMQiuK', true, null);
INSERT INTO art_ping.user VALUES ('b74bb623-1dbf-4367-953a-d8168f0d81a9', 'testUser362', '$2a$10$OHMi53cRigJgActXWkDhc.K15/LU1iHJy1EBTfGsXF0/8w2mUTzCG', true, null);
INSERT INTO art_ping.user VALUES ('635cf9e8-16b7-4e2e-815b-6bd93cbceafe', 'testUser363', '$2a$10$Yb1C4HYmz1u5h7RNR/f33u4b7M1oZbR0iGMYCihC8d/Iku4np0kLK', true, null);
INSERT INTO art_ping.user VALUES ('3969557a-93f2-496e-9af5-fa18c7d3e738', 'testUser364', '$2a$10$5d57BJC0/ThDgDJhXlupxekhtxWgEg0elBsbruus71zyHdLuGREB6', true, null);
INSERT INTO art_ping.user VALUES ('bf6d32a9-05f6-4af4-a944-ac47bad12d5f', 'testUser365', '$2a$10$9E/SpVScSNnoN3Bd7Xwjs..f0SsAnelLroIF4FL2PklyQWmvQ2/2O', true, null);
INSERT INTO art_ping.user VALUES ('0f39d7fd-89ba-4ddc-a7fa-5bb60bdb2702', 'testUser366', '$2a$10$v7NtMf/ShsPWNpdF18.dZO9rGYD2qFEDogjGw1gaRYDKx0Zpq5B7O', true, null);
INSERT INTO art_ping.user VALUES ('08ac957e-f7e6-4c45-8e67-2ff6859f6131', 'testUser367', '$2a$10$TR5nwjjT0jwUXCuCvdQCBep8RjchAYHugp6ABUpxh4TqiayTdVPjq', true, null);
INSERT INTO art_ping.user VALUES ('7617cf48-5323-470a-a18c-9240296b4635', 'testUser368', '$2a$10$jpIhWipouj57kVqoRSpX0Obxh/3W9FeHFTENzVcox2xuZ5uxQMG6i', true, null);
INSERT INTO art_ping.user VALUES ('a2219e8a-5de8-47ae-b5e2-cc64a4c2dd6b', 'testUser369', '$2a$10$MuDSbvEBJkXca3fU7dpP4exq1kbqKylT.YI/lpuROSX3R1d5TcZoq', true, null);
INSERT INTO art_ping.user VALUES ('9fb25f69-d5a8-41af-b046-43679b8198b2', 'testUser370', '$2a$10$A8Zx9/GBz20CXCuYFur.l.xWelLGqy/5JC72h7KHuVYg/cJMIGXQi', true, null);
INSERT INTO art_ping.user VALUES ('45495740-3614-4e1f-a688-27074aecf63a', 'testUser371', '$2a$10$HvuuoPHBKf2OKWiZFDVPROBPy7UF/Er/l3bKIz9zM9uHo/nLlePii', true, null);
INSERT INTO art_ping.user VALUES ('e347058f-b173-4c23-84c7-e389c282479d', 'testUser372', '$2a$10$GOFvbpGax85Wmjf4ZnH.TOwB7ogSdyI1POcq1MKYOOV2yDJjU.o1G', true, null);
INSERT INTO art_ping.user VALUES ('f7f76700-775b-4300-ac21-646db9db3a69', 'testUser373', '$2a$10$QxtWiXgPS9xsYEOy2WvjLuDjV/XXAGSdreZtXng5d4fwJ5v4dtPoa', true, null);
INSERT INTO art_ping.user VALUES ('e80d67ec-5161-4d15-86b4-e6a6155cacf8', 'testUser374', '$2a$10$VsfmuUxEsrMAk1p0ifG5FupuO1k5h1vDix4HVhdCMkQYcIx3/CWSq', true, null);
INSERT INTO art_ping.user VALUES ('8fc9c22b-4dd4-4224-aa55-4393ec8f2ca0', 'testUser375', '$2a$10$ix57M6eDnoV0CoIW9eH7jueeBS5CxLw2xzzU/AqacTBpOiAieNCre', true, null);
INSERT INTO art_ping.user VALUES ('27da368e-1fbf-4f8e-93ed-c3fd9c5bcd45', 'testUser376', '$2a$10$exHUw5iLNlkVctaRhZh00ehPgBybaTmFc5ozUQWsC/UumOWj9T/CC', true, null);
INSERT INTO art_ping.user VALUES ('817d48de-8046-4c78-b0b1-1b21a882f16c', 'testUser377', '$2a$10$7XgDmNsW7UOGfc73a9IaPOaPK7gPnbxJ5oMr8X.MWdVmE3u0zYLOq', true, null);
INSERT INTO art_ping.user VALUES ('e2370b15-83f1-4f0e-8c3c-67935dec0b4d', 'testUser378', '$2a$10$KP/f4ksey13IspgWIIRGquw8MSYZ/nVrXA4WT1jQTqofRwSqxYSZ6', true, null);
INSERT INTO art_ping.user VALUES ('d7a1d800-c4e8-44cd-89ae-ffbe8ecb6d2a', 'testUser379', '$2a$10$rEzdhEMitAKu2k65A2a7sefZ0lCvCAfRPE0TSjGqMv4.uB6t5BG9K', true, null);
INSERT INTO art_ping.user VALUES ('c3da02f7-b989-4451-84d3-bac8ff00f3cd', 'testUser380', '$2a$10$4xFP6jKt68B1IvNokxKCGOLH/..U4W.moXO5.wZ6hHIvJtOUMNWz.', true, null);
INSERT INTO art_ping.user VALUES ('0a374364-f339-4a36-9530-ad384a9fbfae', 'testUser381', '$2a$10$wHCZM9c5rKw8OimQ8rWuuucO2rc60Wqu6UxXFz.5kgZlAAzGCPhoO', true, null);
INSERT INTO art_ping.user VALUES ('693098e9-8fe9-4313-bbb7-a5520728e5c2', 'testUser382', '$2a$10$38Z7M.vukVQsn.zKDSHnaeOQ.27G03XsQBKrJGvFLC8l4hCD2YUVm', true, null);
INSERT INTO art_ping.user VALUES ('3d43ec78-defc-430a-9d99-594fa7a05dce', 'testUser383', '$2a$10$uJ5PQWZRIl3IkGFgXJ0vi.5Ig1myeDWk8IwwTTkaz1vglRgC2ftC2', true, null);
INSERT INTO art_ping.user VALUES ('ac7bad7e-d02a-4a22-b76e-9d49bc35d593', 'testUser384', '$2a$10$sbkaVZfRMK5diy4kkSIKDOycWy6s5rBG1tzh8.YG2g1c3WWObRDaq', true, null);
INSERT INTO art_ping.user VALUES ('8b99ced3-d080-4f40-8275-7b4dea4d6b5c', 'testUser385', '$2a$10$W8UZ0iSCa525K2n3jxww0un/PSFuhplLiLzjFjIqZOBY76oqJh4Aq', true, null);
INSERT INTO art_ping.user VALUES ('f401d016-e482-403f-917b-78ad603f558b', 'testUser386', '$2a$10$3F3kX3qieZdbsH7LwvbuY.TDqisMu6j3shUSTK7RivEgKAIjEZ89.', true, null);
INSERT INTO art_ping.user VALUES ('1fa181ce-144d-4550-b183-db4bf1dce1de', 'testUser387', '$2a$10$7/PLkzjFIUC7f6AI5l3BgumBeix1RBV9N1w2ZLTujHdNNt0hyxVLS', true, null);
INSERT INTO art_ping.user VALUES ('7c4cf9e9-56ca-4fd4-b111-1328e0fb5a37', 'testUser388', '$2a$10$hVYFNgpe0wtTrsGIiMgpZe7mL0eTg6TxUsApd.GM3jk7RBV7CflkK', true, null);
INSERT INTO art_ping.user VALUES ('22fca7ff-8451-4d1d-bb72-f7d9a9993a59', 'testUser389', '$2a$10$yQpFJfdRdqRLPR3I.E8mWOONVf/9kAMRnfXpEASvbysmkp6Mf8iVy', true, null);
INSERT INTO art_ping.user VALUES ('f4c6cab0-1f6c-43dd-9652-ad2695bc44b3', 'testUser390', '$2a$10$d0CU35L1ecFy4qfe3v/sVOJlMCgaHPwgDlXFYD1uLavJW4EkyINfK', true, null);
INSERT INTO art_ping.user VALUES ('17c5e2d9-4a39-4d5b-b62d-95f81bf239e8', 'testUser391', '$2a$10$MLmSM.MvwmdRXf/WWVso9utJGFPPWYIYadXOaj6z7jK8fLBowQ0Xi', true, null);
INSERT INTO art_ping.user VALUES ('e4d99b89-97b1-4485-9e72-a898a24df2b3', 'testUser392', '$2a$10$JpYdPqZUslOg5155jcy1eePUP36A7BvMLs7qJWuF/BkLoRZkroyIy', true, null);
INSERT INTO art_ping.user VALUES ('8bf3eacb-bcba-4082-b834-e693f4e32a75', 'testUser393', '$2a$10$UzbdvlfURMJrOUIrA63yBeS2PzCkkVSiFNF1YIS5wxvbxLj8Ezg.2', true, null);
INSERT INTO art_ping.user VALUES ('25193376-12f1-4a75-83b4-cdfe7110b147', 'testUser394', '$2a$10$WCcNp2gFZKABJolltj96LOQ2.SWP/e0pD.eQwMsq2kRE9p2uN5PHy', true, null);
INSERT INTO art_ping.user VALUES ('0cfa1e93-bb43-4b41-ae36-e3f7aab48868', 'testUser395', '$2a$10$7ZhsTOrCKcZtb2yd25f4WO3Ns0N65YfrKNv2sqgLLY0bWnTLRJoaS', true, null);
INSERT INTO art_ping.user VALUES ('95d9ff01-7104-4ebe-a5d6-1cda6e29b634', 'testUser396', '$2a$10$q2pcBZxFjuh3W3E1QfpfweQ7x.VqY.uUwIplMLC9DnBfL86gWIQ4y', true, null);
INSERT INTO art_ping.user VALUES ('c14112fb-7ddc-4771-b053-e34148a48b15', 'testUser397', '$2a$10$uOJagDlbaIOiEcXHCsBGEOT35CaYFIvxFfooxHa70V/C5aISbFMvu', true, null);
INSERT INTO art_ping.user VALUES ('da9c6e45-442d-4217-99fe-dae072d0c9f1', 'testUser398', '$2a$10$.V9hLFex1svbmvLe.gp7E.EES7jD7vfWhDUyQ/KCUYGe3lYHMoWJS', true, null);
INSERT INTO art_ping.user VALUES ('a6116fc8-c3e8-40f1-ae0b-9db74099cb89', 'testUser399', '$2a$10$g/fOV8Bl2n/oyJcuMd2U4udZquHzbaLm6sFViCfYgZTcNUez1M6lu', true, null);
INSERT INTO art_ping.user VALUES ('1e92360d-72d5-4769-a980-db17052a3379', 'testUser400', '$2a$10$/HszuHfMipsZ5.Xupxm2a.Gbazu.VFrcn3LrJ8zTpSYVqANWlqB0q', true, null);
INSERT INTO art_ping.user VALUES ('edaad93e-b107-4d12-9bed-8b0d7dc0689f', 'testUser401', '$2a$10$R.Nna7y1ozgSzrutdsAe1Ol7qQDkZ98NB/ebv/h3DaOdaq4QHt.pK', true, null);
INSERT INTO art_ping.user VALUES ('7a3cd8cc-e4bc-45f1-b4f7-57ed8724507f', 'testUser402', '$2a$10$vTLtSpV.niWFmyf566fvqOA0Pr1lCqiH0ZjULe2GxTjvrITNwSa2W', true, null);
INSERT INTO art_ping.user VALUES ('3ffe450f-7ff0-4aed-963e-7f057e413f2d', 'testUser403', '$2a$10$.3B7ZrO2mFaJFsTd.Llrre1PoSJtzo/.pxYMnfkY23frPClrcO7oS', true, null);
INSERT INTO art_ping.user VALUES ('5a0ea990-70b0-490e-b1df-44c67d7d5a52', 'testUser404', '$2a$10$ix1hYZToY.oRxgGKxSa9Q.awHdXXLWrxcmfJ98JnGmKnYRKrT/Sfy', true, null);
INSERT INTO art_ping.user VALUES ('95b2fb5b-bd60-40be-ba64-c95835f9589c', 'testUser405', '$2a$10$tF8qL7mrtLXNWc14AIQJ5O/LpVnuZ0Xx7SYbuGfEs8KgrC7Mo5FqW', true, null);
INSERT INTO art_ping.user VALUES ('727e169f-cad4-4473-b77f-bf780fde6b24', 'testUser406', '$2a$10$iV8Sbj4rrzzwe3FTo6LDgOA7lIkm.JUnVmVCqC6LaYT8htkpe6kJu', true, null);
INSERT INTO art_ping.user VALUES ('f4a3f1b4-97fe-49f0-8ff8-0c386b616683', 'testUser407', '$2a$10$svNV7.AVb9r9HfRAA77bLOAKkcGj3RYZbGSAvoSZUDHY1XFB/m45S', true, null);
INSERT INTO art_ping.user VALUES ('523a8e8a-e14d-4df5-be47-d889403abc2d', 'testUser408', '$2a$10$8cJiKTFtUNpITXao279cU.ICB3E60.1.dPKRyPpE2D9Mmz7X5DVHm', true, null);
INSERT INTO art_ping.user VALUES ('ffb30aa2-c04f-43a5-ab59-9cf0756849fe', 'testUser409', '$2a$10$y8XsrbPuknZGAvbiA2xjuOJVjj70pWo4.QPz6u7W/KK0wz85GHk4O', true, null);
INSERT INTO art_ping.user VALUES ('1944f5fd-2613-4111-b39b-a45f954224b3', 'testUser410', '$2a$10$yyldwR/frj19EGwBewRXMub/DloIqlBwm/HWn25cE/F7HBHfMdLb.', true, null);
INSERT INTO art_ping.user VALUES ('76af7a36-b65c-4bf0-a2a6-6c38139f19cb', 'testUser411', '$2a$10$dOiZhfo2zWUh8qr3MHeRhey/.byfo.Dh7MX8dKY7q4G5WfIzpa9jS', true, null);
INSERT INTO art_ping.user VALUES ('3dc251ba-f6a5-466a-bb4d-324577b4c588', 'testUser412', '$2a$10$ErKeTGSBMOoT40IzlLLYkekr4coRMINGniYkI9pW81FGhpL0iJYSG', true, null);
INSERT INTO art_ping.user VALUES ('35ce615d-9a2e-4b45-8e0f-6094d189a152', 'testUser413', '$2a$10$uVXLePynP3HacXPGiOMM.OoAJ4AWgQ/rjhWo7jPYZ/kMdLDwf2FSW', true, null);
INSERT INTO art_ping.user VALUES ('085f5032-ee51-429c-93c5-687cc2dfffb0', 'testUser414', '$2a$10$687UzdBkvA3hEdfqzNxPc.vyDBpPW/ytZuwodIrcEuREIWjDH6PvS', true, null);
INSERT INTO art_ping.user VALUES ('2ca3531c-5648-44c1-8a44-b6974332f1d1', 'testUser415', '$2a$10$sgOvmTXtbBDut3958yguDuutAUumv2bmLySDZku5rNHOgy7q4ogxu', true, null);
INSERT INTO art_ping.user VALUES ('3426c1bb-7bd5-4b04-adf6-8c60198574df', 'testUser416', '$2a$10$Obgtpj0nioS1eaSVuPUYfutOIj8HQKA5xIp6kp6ilL7YoSm9qZcLW', true, null);
INSERT INTO art_ping.user VALUES ('e2b252b0-42c0-47be-8488-004c686d4a51', 'testUser417', '$2a$10$.neaO.mDSfN0W84d0XydTutJydR1EIkoQquBINDxHw9xrPczzPK1m', true, null);
INSERT INTO art_ping.user VALUES ('f918f93d-b496-4eaf-89c7-e83bb4162f77', 'testUser418', '$2a$10$woVBzifnp.bNavSX00.sKeMtv.NV4YPHBJ1HQnIf4HXitVlfTaNoG', true, null);
INSERT INTO art_ping.user VALUES ('985e4eee-38fd-407f-b8d2-598fbc030926', 'testUser419', '$2a$10$3CkJkFoo03fAHJqlmZKYBu/gc/a3vpDfrjOsfwiyxHlttreTDueRm', true, null);
INSERT INTO art_ping.user VALUES ('ae91847d-5928-49aa-bc49-8c91f1510d0c', 'testUser420', '$2a$10$ZbSfRI4htgV4HXuynlCy5O.Vnf.wytT9r8HVbQXItcuyRI5WLtEQS', true, null);
INSERT INTO art_ping.user VALUES ('8ea5bbb7-7392-4d00-941c-0fee6d0febfc', 'testUser421', '$2a$10$j21gNxztyUMq1ePDI6CEhe2cc7tsAS/G13L2/lrTBEpi3/R/z.voy', true, null);
INSERT INTO art_ping.user VALUES ('6c0046fc-2f0c-4e1e-b302-fd638f13cb42', 'testUser422', '$2a$10$7GzRZ4l4uQMBw/S/WLbgjuECpllkpOO1vvL2ZuJk1sbCofNl7V0yO', true, null);
INSERT INTO art_ping.user VALUES ('06959309-1e6b-4731-acf8-51dd5897f392', 'testUser423', '$2a$10$YXHs64D/40JKill6LUybN.Nea6cU76CcmsDLfATBb3GLgH89R2rTG', true, null);
INSERT INTO art_ping.user VALUES ('828510e4-1051-48d9-bc9f-75ce51d5c3d2', 'testUser424', '$2a$10$n5ACAcrOrp2vSm5Umfc59uott62x63aS2jKeIJkMPMNYD4LpKiJfa', true, null);
INSERT INTO art_ping.user VALUES ('48d1f87f-0a64-4746-858a-eda75a4654c0', 'testUser425', '$2a$10$kicrEOO3fgl2nWqS10bFM.cIaNb1sl2n/gOgFF5Qdtzrf9ipwTraC', true, null);
INSERT INTO art_ping.user VALUES ('63386087-d71e-494d-a3bc-c93d7bf091d6', 'testUser426', '$2a$10$Z2GPSdt.Cm96MqYICY8oUes8r10bpdJC7dP/XFwV/tIwmzWTSHSp6', true, null);
INSERT INTO art_ping.user VALUES ('159261ff-1249-4577-a5ef-36c34ef50934', 'testUser427', '$2a$10$h1N/nPouqO.8xTbzU5pA1Oeqs370zJsxo4fWEnJxtb6BLsqAOoP7G', true, null);
INSERT INTO art_ping.user VALUES ('fe0b0ce6-ff4b-413d-9a2b-553903b88518', 'testUser428', '$2a$10$7y99t.ZgA6u5IRnPPgIgKu4fHNYNh1EsQIrU1PSTP5IVm6dw.CbNK', true, null);
INSERT INTO art_ping.user VALUES ('c9b1bee8-523f-4edc-9451-df8dc63917ce', 'testUser429', '$2a$10$IMOvSmwjA14U94Eg0k/uP.Wy8ttSakGPE7/uUJLVvSrdrGzwoYDjm', true, null);
INSERT INTO art_ping.user VALUES ('44b7162d-806d-46da-9340-904d4fe1a54b', 'testUser430', '$2a$10$CrzHNzzmWEktI3E3kXcAHeSlxhJctOCLYt9GVcszmsc.VJRJqeolS', true, null);
INSERT INTO art_ping.user VALUES ('c757c841-625e-4603-abc3-e1c4b3f310d0', 'testUser431', '$2a$10$fHDjwP2TdNndfJVcKXhPxOojMsuXGZ2wwGcVliFExASjTIVX.lOse', true, null);
INSERT INTO art_ping.user VALUES ('95f1af9c-b3cb-4ab2-b9f7-4425d092bfbd', 'testUser432', '$2a$10$JHq5eneqGn5ZT/viMfzo5OqKzE8Vfev/9dislaZxXrcn0S1PuG8L6', true, null);
INSERT INTO art_ping.user VALUES ('e6323c03-be4d-4e51-b863-c6ce360c453a', 'testUser433', '$2a$10$AYhiu8Dr1mXxepJVAjU5OemGy996nVmx57EDDt2Po4CqtDbk5.h1y', true, null);
INSERT INTO art_ping.user VALUES ('bca3daea-0d03-4f6b-994e-4e4ac203fe4d', 'testUser434', '$2a$10$ra4SRPAYQzcTr8V1TLGA6ut2wsBTjUqslRePg307KjBSdNhW0565G', true, null);
INSERT INTO art_ping.user VALUES ('95f2cce1-a2cd-4689-a7a1-14762351ac2c', 'testUser435', '$2a$10$3iQeENxkTFLJWFY/Nid9euTzr4GZHrD14tezUYygOIa47kk0gBrhi', true, null);
INSERT INTO art_ping.user VALUES ('03381f95-7f57-41aa-aa3b-34ab4fc635da', 'testUser436', '$2a$10$hfr4zRnsOAzZgex8QTCjSuJfZyWoD3q6QoGwDzEoHr6Apuk/VXmbS', true, null);
INSERT INTO art_ping.user VALUES ('98a46c3a-050e-466d-96a8-dfc515c1be68', 'testUser437', '$2a$10$swVPdLBfU8jxreViAvDz4eHX0fhf3Y0r5lHEUqUZwMrKVAEUgVK/K', true, null);
INSERT INTO art_ping.user VALUES ('5de3c01b-6482-4274-942a-ae8c7835e9dc', 'testUser438', '$2a$10$QXooQdCyRrDZRLX1cZxjH.jL4PX74017SBvN3vU6TLfDg5s8lsbry', true, null);
INSERT INTO art_ping.user VALUES ('f0596f30-2ee1-4a61-9a7e-9b5bcf6a179c', 'testUser439', '$2a$10$WMTmVz/nG73G3//M0ut6pefU/7r1O/J/.ijAcoT3LQLO/DymrzgDO', true, null);
INSERT INTO art_ping.user VALUES ('c91a69e9-f370-4fd4-947c-fe5a108be231', 'testUser440', '$2a$10$OepJgq9XnCFY7uhJnFETPO.kqgT2Dzi67avUY71DpPkw6yFjg/km.', true, null);
INSERT INTO art_ping.user VALUES ('623f7b4f-b18d-4a26-84f0-a0ce71031c57', 'testUser441', '$2a$10$rVwGp6DCrI1bHDcIqLtJ9OkVKn1Am4vkZjhQgHHgRVv.suEQg77eO', true, null);
INSERT INTO art_ping.user VALUES ('ab87f8be-77d4-4847-874a-3c03fb0deda2', 'testUser442', '$2a$10$Uk8Ol4a0lNsi0kN6tVBeBO5ZBYXkxlM6IbbYPXCmTmQbc3pg4Aqci', true, null);
INSERT INTO art_ping.user VALUES ('f3e44ccb-1a19-40a7-a6a8-41f654f56231', 'testUser443', '$2a$10$WYwzjnmL8xsDy6cV6G9VjuzzoncdU1GcEggBb2iISwGIprW1ID4vG', true, null);
INSERT INTO art_ping.user VALUES ('0038184c-2b8e-4764-84c3-6b4123badf06', 'testUser444', '$2a$10$rlLcuppo8gnoCs6igpfx/ujreoQTJPGfIrAc7Ob2vC.RF2I0spzDK', true, null);
INSERT INTO art_ping.user VALUES ('03113b34-f376-4ab4-8de9-7dec505b663e', 'testUser445', '$2a$10$FZvzWIXLpCcrvAS0eUUqD.JIIFixYSBTXMruWP37PKZRqVE2hxuO6', true, null);
INSERT INTO art_ping.user VALUES ('0eb37b53-56bc-4f1e-9c7b-29e377803ab7', 'testUser446', '$2a$10$hNIR.xC2HCJ2nMwMoZO43OYjkArSBcha7fiSRhm5WbvdinaN/hnd6', true, null);
INSERT INTO art_ping.user VALUES ('b4c53a8c-bd00-40cd-a3ac-9414dec5292d', 'testUser447', '$2a$10$gPIhAM9Pe2f6VhaxOFMi5uSwjNlC40VWOd6p/ZoGsjxP/sSX/ahFO', true, null);
INSERT INTO art_ping.user VALUES ('2ec8c3f4-66c8-451c-b6e2-f7f21c8b4fb3', 'testUser448', '$2a$10$q1vsNjnpfTWsXOWTs//uoOFDvY5AmBXi1Va.eqD0FaWzzyVAiAjdq', true, null);
INSERT INTO art_ping.user VALUES ('386706d0-1c3c-44be-9226-db7fa7b4a1c7', 'testUser449', '$2a$10$80lyd2n5fC1HwVgvLFS3jOdP53TENyolXRzBrRJAoLq0zNib9YUre', true, null);
INSERT INTO art_ping.user VALUES ('0812d19c-6584-429e-88d1-612b98e34b3f', 'testUser450', '$2a$10$n0SLAgTD6HHczxXMYIQ07e/oEcP/Py9C2kCUyka2LdcuPoOb3ga6W', true, null);
INSERT INTO art_ping.user VALUES ('83f2a5c2-d127-4979-b312-e4af71009b4b', 'testUser451', '$2a$10$TrFSIurKjGDtezO5z0UjCuhSpDxEivYMFLekuCmCtWsOcjDcJGqc.', true, null);
INSERT INTO art_ping.user VALUES ('178a0e0d-753a-408b-9861-1f847cbac041', 'testUser452', '$2a$10$qhZXp6HDAL1vVDWve/TdTODZ1WISpXbvxDekK2WfSIZNtgXXhSV8y', true, null);
INSERT INTO art_ping.user VALUES ('1513db93-591a-4c20-8d0c-4016f875a08b', 'testUser453', '$2a$10$6vXDB9ERdaTRsmhFg.qXV.om00W.wKuGQXatkmdQ/kr.vh7xYmXRG', true, null);
INSERT INTO art_ping.user VALUES ('30bd5adf-133e-49b1-a0cb-0ca9cf691a65', 'testUser454', '$2a$10$Ppe5kGOUuMBY.JVOnpTAaOyDrtIIK8HRp/A1Gb.RGaYYcE1SqEXzq', true, null);
INSERT INTO art_ping.user VALUES ('04eb7b82-fa77-42f4-bf35-b9db8f3fae81', 'testUser455', '$2a$10$t5UTHvo4EnCS9/vWcHtUDekk0TX77v7yAn3YpviT9kXPdhIKdeYrW', true, null);
INSERT INTO art_ping.user VALUES ('805efee2-6bca-4e0d-a28d-b86fb56e848b', 'testUser456', '$2a$10$akE55uSv4pRx3YUD.6DzN.ijp7Iuby8qi/nKm5PcK55FmnTmv8fVG', true, null);
INSERT INTO art_ping.user VALUES ('3f92ddf1-4d36-4bf8-91fa-9b7ce3ae71be', 'testUser457', '$2a$10$lAoMlLqf455dXgdcuBUU5.dKrCh/MlHRytnQMqbE5CTWI6PATfP9u', true, null);
INSERT INTO art_ping.user VALUES ('b16a9a8a-61a9-4345-ab91-ea938be87535', 'testUser458', '$2a$10$Uisyg2pBVGVE3q.COBF2SucKvaM29GdGaRB0IYgsNW42CcLCTAs3C', true, null);
INSERT INTO art_ping.user VALUES ('29fcbc72-72da-401d-9234-95090069ec9a', 'testUser459', '$2a$10$HNiUf/TrY/ndLg.D.PwbCuGjAjgG.FVfV7ohh5kK4u9WVgnGCvZ5S', true, null);
INSERT INTO art_ping.user VALUES ('47c831d3-1e82-47eb-9c5f-2830df792950', 'testUser460', '$2a$10$IU5cd7iiWH7ZL.fCy5uv6u8Wc/mvtbDXY/Py4y6QphYYxEndWQy3i', true, null);
INSERT INTO art_ping.user VALUES ('61fea0c9-c49f-48e3-9cac-ed274d66233e', 'testUser461', '$2a$10$vGqG.aD5HCCGBw6hZTH7VuKDjr/6B31.H0nMSmzGkTczCnD5pb3Bq', true, null);
INSERT INTO art_ping.user VALUES ('95efe351-3c61-47fd-baa8-67fb796eaf04', 'testUser462', '$2a$10$Fk7uOuMp7tcxlCrW0o5JQOprQ5LJTeA0G0rmNIWvx.kcqR/ehHk4e', true, null);
INSERT INTO art_ping.user VALUES ('7f28140e-f435-43a6-b434-c97b9e2e7108', 'testUser463', '$2a$10$x.M2xI.8y/kFZF7LnSOkzOQpf2bu2o1dmXmst24zm18E4zFh37KXO', true, null);
INSERT INTO art_ping.user VALUES ('62add0f1-ab29-4b51-9c3d-cf8256972e75', 'testUser464', '$2a$10$HwDjgCNol9HHf9XHRtYqneYZPGCYVOKY0Cs3ZG21i9SuP78jTkHYa', true, null);
INSERT INTO art_ping.user VALUES ('41c98c8c-539c-417b-b042-44c103a481f6', 'testUser465', '$2a$10$6.5MASw7A7VuhRkg9agJFenDQegi0eicRdqr7N9MLJfFkeykQ0.fC', true, null);
INSERT INTO art_ping.user VALUES ('2229230c-a365-4809-8485-7b6980d3243c', 'testUser466', '$2a$10$jHjmWiM.zdohN/ebGwQpTu4/nE54bim9Pxh65/LZ9AcOvBTT6x4MG', true, null);
INSERT INTO art_ping.user VALUES ('654a4a50-874b-452f-978e-174be22a13c2', 'testUser467', '$2a$10$fuxHBL3h5IB.ElgaN.umbud7unfH4QrQN1LOmbgUKosbLpgZe7MxK', true, null);
INSERT INTO art_ping.user VALUES ('89d33adb-80b3-4920-afbd-7015be34fda6', 'testUser468', '$2a$10$qV64SMdtKtOgqefVpRKJPe7cq2GZkFQ9VcoTqNHzD.lEjxfo6JzGy', true, null);
INSERT INTO art_ping.user VALUES ('d855ce21-5bed-45bf-a03b-c6cfd1a58223', 'testUser469', '$2a$10$ajpgyeHUQad0NNQIXpEI8Os8CpTq7.QtoRxMVfkkQ4KJXYid3RSYq', true, null);
INSERT INTO art_ping.user VALUES ('794f314f-2c01-4517-9588-c0bc2ec7b287', 'testUser470', '$2a$10$hGyrUzADJaqaA0gaiCbce.5t7J7ZSc8C/dX6mPE7oexnMPHLHUlra', true, null);
INSERT INTO art_ping.user VALUES ('0ea45e97-0040-4c8f-9f19-145eae988cb5', 'testUser471', '$2a$10$Wx98Og.Ukn8GeOrewj0g6Okh/RiS2Gt..kDObYJlQqzK2xq9Hpe0y', true, null);
INSERT INTO art_ping.user VALUES ('07e1e287-5bc2-4b62-bc52-17cbf562cefd', 'testUser472', '$2a$10$TOWQLF41udz379HMdkzXHeXp4HQfQp0KBVEFT8L62nQvWncxf5BNC', true, null);
INSERT INTO art_ping.user VALUES ('f864454a-5550-4ae8-bad4-931fb8c87e41', 'testUser473', '$2a$10$92MlMgLcMR0MnVYybw9h7.dQ9OyQiBSuDN6j03pJBSsZn.Sddr00e', true, null);
INSERT INTO art_ping.user VALUES ('478a250d-c67d-40b7-96d7-4e7b64ff0248', 'testUser474', '$2a$10$e5EJdM2izOioOpbeglLEluF3M784vBxcqo0WAXn8HSj0W2I1e3f4a', true, null);
INSERT INTO art_ping.user VALUES ('790b0182-c544-4ed9-8dc6-815852b5904a', 'testUser475', '$2a$10$5VnpsbmZjX9bTZXUltLvoOpiT79Rvbbi9TUJsj85LPjx.7cEl.x.G', true, null);
INSERT INTO art_ping.user VALUES ('221d6b42-541c-4190-b49d-255828e02203', 'testUser476', '$2a$10$E82At1t0EcTzjhyInx9/Kejrp/NBa/tiwY/APM.rKePxG3fR6Efye', true, null);
INSERT INTO art_ping.user VALUES ('0fe8cf76-bfdc-41e7-a4a9-fe6480b61bae', 'testUser477', '$2a$10$/E2uaCN1fz/T/EkCzxNW/u.QGBzR.S7IXRhOE.X3KLpEqCSa6zwK2', true, null);
INSERT INTO art_ping.user VALUES ('51411c9a-d99b-4b7b-97e4-0eeade5c814a', 'testUser478', '$2a$10$KihDwfPEKwoB967srcVYvud/pKovpZbwXBFCtGg9VQOjg5FvCOBl2', true, null);
INSERT INTO art_ping.user VALUES ('064f8eea-4024-4cd2-b601-549ef131cd82', 'testUser479', '$2a$10$TyczZ598qknKvBE8HX1xCOqHrrozMTMA6acJaG4K1RLc1.d8loqzK', true, null);
INSERT INTO art_ping.user VALUES ('c78379cc-09bb-45af-8d49-e1be2de601f3', 'testUser480', '$2a$10$DDP1CBjKHM9qtOrfzM4NqeGje/O3iMUySOPg0FRUMWnz0ruqCYypy', true, null);
INSERT INTO art_ping.user VALUES ('8e5596e3-9416-4228-b616-dfd990d807ee', 'testUser481', '$2a$10$WTByKOvN6JxE7K.O5rFL/.rPsoY1STYTD/Ij/Y9KY05E/lMSMPodu', true, null);
INSERT INTO art_ping.user VALUES ('ee34b110-d784-4921-abda-182ed6a444b7', 'testUser482', '$2a$10$jOERnL3Bk68l0PMT1nO9IOav2fcLy0vDkQHKMIFkqtXjpaGPW5i/q', true, null);
INSERT INTO art_ping.user VALUES ('09149f3a-e346-4035-a501-b3dfbd3bb3b4', 'testUser483', '$2a$10$f1/NaNOwGXdsrvPExh0Fe.7YojmlMHd38hBw5Y1F3d506hDmEZR3.', true, null);
INSERT INTO art_ping.user VALUES ('667f5d23-0156-409c-bb6c-6d98c176b283', 'testUser484', '$2a$10$BU8eVQWE.LnKGvAIOJFGb.ip0KysThEdFm4BcSptatMKncc5Dt7UO', true, null);
INSERT INTO art_ping.user VALUES ('ec5a8739-8738-47db-bf84-5e69d854ac09', 'testUser485', '$2a$10$xw3AyYB7rQaXkKf36Nnr8O5Tj/iOQ6q06rvd6/WHE0jmge9yXw9V6', true, null);
INSERT INTO art_ping.user VALUES ('d66ffe6b-524a-460d-b67b-93db856187e8', 'testUser486', '$2a$10$tVdwUEdeM3ShDwOpB4jMZ.WIJ0ykcYxmlTA0/pyv4sx9QuQ9V4/1O', true, null);
INSERT INTO art_ping.user VALUES ('8b6dfac7-5c34-4a02-a73d-591ebe2dddf0', 'testUser487', '$2a$10$hz8KG2Yah1y4rE.QL7MYx.IDSZgCe/adWp2nFIWprlzymyZbvoi6K', true, null);
INSERT INTO art_ping.user VALUES ('fac4acdf-1794-4a73-8189-7ffbbdbbbe4a', 'testUser488', '$2a$10$pOqqh.L8clbjVIRLTzmUa.1fkq4HO1AIMhCmUgAlLpQW3zEnHc4xy', true, null);
INSERT INTO art_ping.user VALUES ('f98dc3e9-68df-4a11-8ee5-86778629ed44', 'testUser489', '$2a$10$/oM2DbzWtDAvzE16EWzyEeV9xYLv676ut1YPNKkr2zmnG/YfCcV6G', true, null);
INSERT INTO art_ping.user VALUES ('af83e0c2-4454-4f4b-b700-05bc3dfc8c57', 'testUser490', '$2a$10$/O6kFSfMOM7Jr7/nfzJRvuKP.7E2Q6Kc9FR7EwF/9eo587iviO/de', true, null);
INSERT INTO art_ping.user VALUES ('088d043e-a549-4dd8-a1a8-815c93452f02', 'testUser491', '$2a$10$AjIxIWNgYXwi.85j02RRTOu4Sa6GJrWm9srRRMRQvBiNZU4VmI2Zy', true, null);
INSERT INTO art_ping.user VALUES ('f046f69c-cf93-4398-9629-6fe961283456', 'testUser492', '$2a$10$v7DyrGxvib2lihs54ao9qeYFahud0n5PRvmzL73WdJPnAsk6RSL5O', true, null);
INSERT INTO art_ping.user VALUES ('3d389db7-5aca-4d92-a226-427e76275f61', 'testUser493', '$2a$10$Txrnp7ZMGG1XjbAhAaLYzuKBWISpl82rh10h5EwtkJ5U60PkGmVFG', true, null);
INSERT INTO art_ping.user VALUES ('e131c6f7-df2d-4785-9bf4-93fc30119a65', 'testUser494', '$2a$10$7IM97Ijr4qosCR3lsT4lX.bJDLt1FwvvfZX2x/Us8mXOaIpIEtSuq', true, null);
INSERT INTO art_ping.user VALUES ('e4450a84-cbef-4238-aabf-e224f35dea60', 'testUser495', '$2a$10$2j8/HmbhYHKv0o8fB3zQ0eP1gLxuu8erWqGY3/rUspioBoI7cAQzy', true, null);
INSERT INTO art_ping.user VALUES ('466e0100-cc64-41df-8746-5553aa2422bf', 'testUser496', '$2a$10$WAsmwsG/UCLDEetYgpeGZuimbhNC/pc9JZ8Foh0TwfI4qKZtuZDuO', true, null);
INSERT INTO art_ping.user VALUES ('b4978881-dd19-4ab3-b833-a0c98823cee3', 'testUser497', '$2a$10$FLhc8iwLNXMEqJ0IF7gkBeGwdrwXAX/cUPIhWU5jsJOGkBe2oJW4u', true, null);
INSERT INTO art_ping.user VALUES ('6527f049-8475-46a9-bd1d-aec30effbd71', 'testUser498', '$2a$10$DLfzMyf3bSzMsgig5mogKOp5RzKRPb2IOIPC6uZdNFJw7iSDSdRkO', true, null);
INSERT INTO art_ping.user VALUES ('b733f0f8-3d59-4cb9-9f2f-d8f6686d7d45', 'testUser499', '$2a$10$QzW5y6gxhqowvqAYJIDioeaURiCyGHpypcKvNW68vbva9ceTKLbMi', true, null);
INSERT INTO art_ping.user VALUES ('d6e34c5e-78af-4a3c-9c6e-d5f691621d08', 'testUser500', '$2a$10$dkcV5.gJQeyf8Ww7Iwak0OlWlsWqP2ENVqs/v1Bj8wdpOmexP8VVK', true, null);
INSERT INTO art_ping.user VALUES ('64f59034-020e-4c0d-b44c-4c36bc93e4c7', 'testUser501', '$2a$10$.u0DYrGEn..M2GQjXVHQZ.2qy8xjZTVQg4Sutf7u99XJxBKMJGS2e', true, null);
INSERT INTO art_ping.user VALUES ('b6971292-513f-4cfc-be14-bc4516d116ad', 'testUser502', '$2a$10$0l3NdcpibA2VraBk/CldTOkZJYTKs0sTTFiVDGXm0SnDdBYqbwzZe', true, null);
INSERT INTO art_ping.user VALUES ('28fce0ad-9721-4b0e-bc5b-4a6e9641e207', 'testUser503', '$2a$10$2ZzyxD0TxsSxDItOZvr/pOAVdcvFuCKdLZXf/bqzAsywo0qcTYwEe', true, null);
INSERT INTO art_ping.user VALUES ('8a371336-269a-494d-adcc-34786c765f3e', 'testUser504', '$2a$10$P6nwFGANoU5Bf.JxRxGnp.XQN05tRmUHGxeaLw233cL4gPE/QA0OC', true, null);
INSERT INTO art_ping.user VALUES ('36d5e068-9b6a-44e1-bd8d-97f936be6464', 'testUser505', '$2a$10$S9euQlfvEenT5sesBqF6feQ/fuyrlHwSXWhJ99iuxW.L9LSjQlhTq', true, null);
INSERT INTO art_ping.user VALUES ('60236d3b-8133-4b28-9de4-78158b79053b', 'testUser506', '$2a$10$IHF97bpmC3Y.1gPfOFH3ue/5xo.SphfOESz4qN1P.G.zOwAdzhgwO', true, null);
INSERT INTO art_ping.user VALUES ('3a365c0d-49ff-411e-98d4-0e038f4dec64', 'testUser507', '$2a$10$Vg1Hsci0poVhKnQIFF0/GO/XnwMJI24Rx0OdNWhodanAJSGMCvKgS', true, null);
INSERT INTO art_ping.user VALUES ('d9263ae7-107f-4dc3-966b-734e8141c6d8', 'testUser508', '$2a$10$VJ892phZdvupHnv1TsdGbuBk0lKuwSo/Y1qLGoxyr59OK30QJMth6', true, null);
INSERT INTO art_ping.user VALUES ('04e08c0e-7045-4479-8be3-2d6d5de72421', 'testUser509', '$2a$10$Tqs5O2qkAUxkScW8GWmefOidXfl2Puka1mIPOLxH8aMWio/U4/xxq', true, null);
INSERT INTO art_ping.user VALUES ('d2000daf-522b-4c16-bd01-68b47ce819a0', 'testUser510', '$2a$10$FDus8nsIrB1xvUgfSTbnoOkK81QOEQEJgRY3H28x/bLToJv8HQcWC', true, null);
INSERT INTO art_ping.user VALUES ('af3f0a52-430e-4dfe-935b-fee309d83ee3', 'testUser511', '$2a$10$08tnWh8UWyIz1MMDYTCNReySqLiNGk38n5eggc8Otyrk2Zlu.2xiS', true, null);
INSERT INTO art_ping.user VALUES ('c00e9f68-8138-4002-875f-a87a1682244c', 'testUser512', '$2a$10$YeIAG/E0001ng14q0X3iEOF//Olaajqhfrw6aIln55aLYA7QoxDyi', true, null);
INSERT INTO art_ping.user VALUES ('dbb0cf1a-7fd3-49f8-9b65-7e52699cc8fb', 'testUser513', '$2a$10$sEAzxKWG89P/S8/.ifbmf.B0ms.fK6u5WU1L1bNUrwbaUu2zQDiTO', true, null);
INSERT INTO art_ping.user VALUES ('08276a1e-f2cd-4417-9370-893a6ca69b99', 'testUser514', '$2a$10$OFmo0/.BMbLKYjsYyzWGV.n7bU5X.lZOaor7907gSuk3N.dkXZeqy', true, null);
INSERT INTO art_ping.user VALUES ('9f248def-0bd7-4767-a291-df00bee16087', 'testUser515', '$2a$10$deUCgcVgTiriVL3e9O5HEumwWUrb5VAPoFwng6N68AoGJDowI5qn6', true, null);
INSERT INTO art_ping.user VALUES ('06f976c7-0ccb-4ac9-9720-1e0a98e38e44', 'testUser516', '$2a$10$wWJP3ql4TGIhP8wXw0A41ufqsSE3Au3YGV/ZgVqUeD8U4cSwBXNve', true, null);
INSERT INTO art_ping.user VALUES ('866234e6-27b7-44de-930d-c1bdb0a645d7', 'testUser517', '$2a$10$oYivmRN29jx77SXrJ.hkO.sJeTIKvhRBNeBoiYA7whoXKYdE3NJvy', true, null);
INSERT INTO art_ping.user VALUES ('cb8e08f0-1e8f-4680-9225-adabd58eb376', 'testUser518', '$2a$10$mGUn.qC.YsXa45V73ujrPuZaVp41ntoWZ1l7Oez1HnOtpgxGFK9bm', true, null);
INSERT INTO art_ping.user VALUES ('7a4164a5-9d26-4e15-932f-e85914bdea73', 'testUser519', '$2a$10$8aO9Z1eerO7PXwa000XmAe/FcGhRVwFE.QbplDDzoHHx..p8ZaLQa', true, null);
INSERT INTO art_ping.user VALUES ('fe1f3844-7ef7-45a2-8194-cd8e790fd73d', 'testUser520', '$2a$10$EsKHuyJIcP7ggYnGDUgj3egf9V.j83r7AruvO6.Cpdxej13lJiNRq', true, null);
INSERT INTO art_ping.user VALUES ('9a310b3d-f46d-4c6b-bbec-3f0ee4ead910', 'testUser521', '$2a$10$rbGO9Jbo7P3sdlelODcWguM2DsKb8yiDDndbhiBNgYmwXjBmQA5XK', true, null);
INSERT INTO art_ping.user VALUES ('c2c07b70-21d4-401c-ba09-21ccd7377647', 'testUser522', '$2a$10$cJRWFB8/jWgsoZJM/V5RaOmkQdDRv9WhNu/R87n96hRhojuTk1c7K', true, null);
INSERT INTO art_ping.user VALUES ('07258b9a-5230-467f-b7cd-8ff0496d864f', 'testUser523', '$2a$10$Yr7ci1EvLZccpaGU8SyZDeoUvLt7eDFiUtsKpsQiJ9VLA86Pthlsa', true, null);
INSERT INTO art_ping.user VALUES ('77f67026-1235-4f2a-9667-b2afcdcf65a3', 'testUser524', '$2a$10$Z5oL5nm8KDpsTXUONC48w.1k266VehLqER1Niju9pGMAgK1K8MbCS', true, null);
INSERT INTO art_ping.user VALUES ('71576814-b3e3-499a-9dbe-78d59329e233', 'testUser525', '$2a$10$Xq6nsirYwR8qvw7lK0qDfuY6HH3h7VTg7pJUI0am6nl1Z/RV1oSqu', true, null);
INSERT INTO art_ping.user VALUES ('98a7d32f-aacc-427a-8c8b-1b514d10a2af', 'testUser526', '$2a$10$pVMTGmQYZQA5Pi9F2hP80uadkZOwTLjoyue7JzL0E8l/ZXam5IETy', true, null);
INSERT INTO art_ping.user VALUES ('ec54dc9c-ec7d-43e7-a3ec-f631b1128b8f', 'testUser527', '$2a$10$/jZL.6U9d3eSpJZGOPP9COxvq7wKrRAa.jOSSP31OOTmw/w8qsXdO', true, null);
INSERT INTO art_ping.user VALUES ('8da76b1f-1067-4a03-a8b2-609d62eec635', 'testUser528', '$2a$10$..3j/V3mxiXa4x/VjFiJWeYCF9feCy/zl7F.XaD6O4CSMU.tpsVCO', true, null);
INSERT INTO art_ping.user VALUES ('6ec3d888-ade1-4e63-ae13-49fe7d916f93', 'testUser529', '$2a$10$EI/w5535dGAkKBzpK2.gnuRSRFkKg.DWD2wI1i6BK/QT.Keza6tPC', true, null);
INSERT INTO art_ping.user VALUES ('d4b5ecfd-5167-4e7e-83b4-f09098c7b8e6', 'testUser530', '$2a$10$iZa/AHbD8ygZpicUw9RIYe/W6zedSDfNyxFVaNezFgM6Bvukl4gTW', true, null);
INSERT INTO art_ping.user VALUES ('caf567cc-4a42-4906-ab61-bbd2264be9a8', 'testUser531', '$2a$10$rcIL8bx1DKOmTAR2E5KT1urDo.4LHuCDFJFxOpeRYJWGhvTlmSICS', true, null);
INSERT INTO art_ping.user VALUES ('7530dda4-2c33-4103-a633-7b42d0ecc839', 'testUser532', '$2a$10$9WtyOj9g8Fmg.Ak5JQ9V1uXG68wc3AsDwW.mlyg4uwdmLGN0tzx8.', true, null);
INSERT INTO art_ping.user VALUES ('c704e032-705f-464a-8048-7561970737d1', 'testUser533', '$2a$10$c4ekKitTdr.QU2A1aygStuX7NL7U.dlgWvc02bY75aP62LMw0ubIS', true, null);
INSERT INTO art_ping.user VALUES ('648ea792-2bae-4f1a-982e-6032911277fe', 'testUser534', '$2a$10$1nh8MroX1JEcAqfde7x.UOHTNUQrBuPCAH0Yh/1mzQL90MFxhvLmO', true, null);
INSERT INTO art_ping.user VALUES ('93c42c53-75e8-478a-8b80-a871209943a5', 'testUser535', '$2a$10$6l9TtqZvLcEHCIzLE04dD.PCSawwUZkVJiHPvw4sxjCuRkxjhKxd.', true, null);
INSERT INTO art_ping.user VALUES ('c02235d2-27d3-47d1-9cf1-c3818dfeec91', 'testUser536', '$2a$10$qAD1lBzZ/HvYQENw.l8THuRdtMwES7HAgqm2qWD8S8eFPSdE1YP/K', true, null);
INSERT INTO art_ping.user VALUES ('aba03215-8bdf-4649-8028-47248239f8bd', 'testUser537', '$2a$10$1K2h.0UuTqi2UklcRF.DNOSdWfklsXGaREltJFpcvcI8qNPA5Z6nu', true, null);
INSERT INTO art_ping.user VALUES ('ec195a77-54da-4777-9d78-f367a46d5399', 'testUser538', '$2a$10$hElMW.6iHuJqjv4COfOwLeoDE9M3XmHu94BhYQJ.7iOiXHWYRtpyi', true, null);
INSERT INTO art_ping.user VALUES ('16080870-e6db-491a-9545-3424757d4b92', 'testUser539', '$2a$10$OdFdrpoHIgn3gjgTPrAXnO25vSoVUGi4JF74ff9YQk6mNGbkAkaS2', true, null);
INSERT INTO art_ping.user VALUES ('d7add659-be09-4409-9405-76d7625f5cdb', 'testUser540', '$2a$10$g.uRmpk4HfSN3v6iDlYjRuVNR/YE1lUq7ES2Y/sRFysOhuyKM8JFi', true, null);
INSERT INTO art_ping.user VALUES ('2ffe9cf0-662f-48a3-898d-f3e1db4908b6', 'testUser541', '$2a$10$RszPUpo.JG8nT7Whyjh21OHywBUUsLNSJnm/pl.w/VqJr.xZjdGye', true, null);
INSERT INTO art_ping.user VALUES ('e6e9a89a-06f0-42c3-9c26-426f8fe20668', 'testUser542', '$2a$10$ALhnDLof.3jaya4hGD1AJOkwmNKjrBmV4vO4eyRI1kpH2PZpOZvX.', true, null);
INSERT INTO art_ping.user VALUES ('80e863bf-dbf6-4145-86f8-719ea699b229', 'testUser543', '$2a$10$GDRfReZzs1eQud87/vNZSuX99M.2DzL4bxyHbPOVC/Fjhm5mAgjSW', true, null);
INSERT INTO art_ping.user VALUES ('79653c58-7998-41f4-ba4e-ea6e58b213b1', 'testUser544', '$2a$10$rD1od66xYQhK6A3mmws./.ZgjgQxrybM3efX2TeYG0gybF0TgfJWC', true, null);
INSERT INTO art_ping.user VALUES ('2cd4cfe5-ebad-462d-9482-46abf97bd55b', 'testUser545', '$2a$10$pZwBq9iUs60xI1ojd7P18OqAjzm3IcaNIude4zWdU3.ihUov5QhFS', true, null);
INSERT INTO art_ping.user VALUES ('1d4a4d6c-4066-4865-8821-03de2cb15e32', 'testUser546', '$2a$10$wbkseV/jzSBPgTpv9unToec8tWGhiDNVjeuypSZ/4rP5.MQ08QoU6', true, null);
INSERT INTO art_ping.user VALUES ('b0d03c88-e8af-4be8-a4ce-6ffbb4f2e3d5', 'testUser547', '$2a$10$/wsgpWH6V.GtvIviu04TC.ydlQVrMkjTZdBeIfMp1JpUY/JZYtqcK', true, null);
INSERT INTO art_ping.user VALUES ('d362cd36-c379-4584-b00f-61a8133ceb5a', 'testUser548', '$2a$10$3AK20Io0HGXEIU4frx12p.w4fRSVN1BuVA89agY4ge.T16iFBn8lG', true, null);
INSERT INTO art_ping.user VALUES ('fe083983-77ef-4945-9f76-c0cab5e2cc9d', 'testUser549', '$2a$10$hAosVSGwpRX.rc1..rjMN.1jOM5bBb4oSf395nmt2o9Id3TYJ4gJO', true, null);
INSERT INTO art_ping.user VALUES ('5e8c6997-8bc5-4127-9150-b42ce43c8950', 'testUser550', '$2a$10$j00UCpEGzOKI5rRL0BqSCeBl7g6LUzvR4ie8S9eXuqREsbOe0blX2', true, null);
INSERT INTO art_ping.user VALUES ('7dcfb18d-4298-4435-86cd-be8ae2433021', 'testUser551', '$2a$10$P.PNhWV4.pRzz4fUljTcr.V6OtjQxYZCYeW1/Xm7DHou46lahgWkK', true, null);
INSERT INTO art_ping.user VALUES ('f7604a6b-34cc-4d00-bee4-2212a11be82d', 'testUser552', '$2a$10$npbYB6SEx1gP4B9JhCg/uOzTcWL7g.zNDh9yTiFNhGzx0uK118av2', true, null);
INSERT INTO art_ping.user VALUES ('dbdd3a61-a89b-4386-98ac-b8b9f79db732', 'testUser553', '$2a$10$i1aB2cLln.S31N0VwA2GI.wCVNw5Pkrs3bh1lti7grnq49ixbNO5.', true, null);
INSERT INTO art_ping.user VALUES ('7ece6d95-9552-4fe2-a0d5-a78f3f20295b', 'testUser554', '$2a$10$s7/ftHZ2m5YwP0kxqB/SH.L1Cosf3SDHIOYhUMPFFFioslZM02jZW', true, null);
INSERT INTO art_ping.user VALUES ('fe9f4942-8e5c-4e9c-b713-b1320441e89b', 'testUser555', '$2a$10$VgWgvYNuyN8TOuluWrS8W.8ueGVjM5J9YR5HlrFde3TQ/l.w7qxNS', true, null);
INSERT INTO art_ping.user VALUES ('2b011a82-8314-4efc-ad71-2fa82c1f60ab', 'testUser556', '$2a$10$U2eEQde9AQooZTx7BDoQj.4kGDkA6GrrrvXA6Kr6uV1x/LL4oOePy', true, null);
INSERT INTO art_ping.user VALUES ('79cd3e24-5abc-49c6-9aee-0cf519243962', 'testUser557', '$2a$10$ZolDCeKeq6347WQPHCWhQe.rJMY4eTUsHbGpv1iEO/aSkY8Vj1Tme', true, null);
INSERT INTO art_ping.user VALUES ('5d53d190-44ac-4a3f-8bdd-6fee1774d420', 'testUser558', '$2a$10$4p1gpHffZNlf5.9ReTJlYOHJWG1sa29TrIEzZlaqjs0rnIjXg7zNW', true, null);
INSERT INTO art_ping.user VALUES ('235b5c53-c147-4853-afde-7d0cb8716004', 'testUser559', '$2a$10$IrvD9TE5Ft3YhivAQbpUnOmdoPjdVFlL0R84kHhUl1/jiuB40J9cK', true, null);
INSERT INTO art_ping.user VALUES ('ba4db51a-e12d-4e45-8c1b-ccb3a0fd69d2', 'testUser560', '$2a$10$kzpBXQB3EOS21Jnk2G7KXu5BbCqUHYxL3nnKOQrpdxuYNyD/kzmOu', true, null);
INSERT INTO art_ping.user VALUES ('1556ea90-5a7d-45de-bd9c-00e788ebb6fb', 'testUser561', '$2a$10$vL.1rZspNsY6Fphl/XJPje66b3nFC/dycdXTdm0X./lNoOL6Svo56', true, null);
INSERT INTO art_ping.user VALUES ('5fae0095-50fa-44ab-9af4-59e1926a86ca', 'testUser562', '$2a$10$gvu0YEn9kmyGDIBCf2Uph.TFA0tqYLMKa7ZskHyrYP41CmaxthPv6', true, null);
INSERT INTO art_ping.user VALUES ('ca613314-c0a5-4393-b0f7-af78aa898cb6', 'testUser563', '$2a$10$XgcyqF9WvALUQsHqGNZu/e4ANAr0H9hAjJkw2g9myaKVaPoiwGI8e', true, null);
INSERT INTO art_ping.user VALUES ('70e2eb0f-ee50-4756-9981-7d81d5016155', 'testUser564', '$2a$10$uJN1o35XwXcKE/Mnh0RO2.ASvyhrVppCFOEQWntfz7xwL33E44OHG', true, null);
INSERT INTO art_ping.user VALUES ('18c85d5d-2df6-4863-be6d-7f6c851319ec', 'testUser565', '$2a$10$KuYbepzBfrtisd.dhQbV6ObQH39h2F9iRadVIbNVkydycI29VMPiq', true, null);
INSERT INTO art_ping.user VALUES ('94b29e73-1a8c-4bc3-a42d-a6eb80a005c5', 'testUser566', '$2a$10$Jd7ZjeZTe6lSO20cSFFrK.zYkLpQguJ/DBc45AosUaIzQFOoZw8dK', true, null);
INSERT INTO art_ping.user VALUES ('df3d3104-16ea-4708-a2dd-8f50682c664a', 'testUser567', '$2a$10$l93hZ0RQB/R9P8p.G7lLbO5Cufc6f0JWg4I5q82nfmoSwYYyWVyqi', true, null);
INSERT INTO art_ping.user VALUES ('0836fbe2-b2ff-47ab-9cd0-055eea44fde8', 'testUser568', '$2a$10$VUTffA/m5GTf9AHVkgYXR.yWYHrTBQQjgjMhSdlwnr32UbIkJMFE.', true, null);
INSERT INTO art_ping.user VALUES ('78adf81b-05d3-425b-96d9-73b02fd59980', 'testUser569', '$2a$10$KUQVwd2h3Y6G6I1/t.DxUesZdiGb0vscH5XxsXsmuBTWFMhU6hGgu', true, null);
INSERT INTO art_ping.user VALUES ('6ce3d1ce-a4ea-4d21-8059-b08e45b99bf6', 'testUser570', '$2a$10$I64ALmFawbBSp8HiDbIRUOtt8OLsba7.zUur2y51xI96g.zjv8uxW', true, null);
INSERT INTO art_ping.user VALUES ('a45705f3-fc88-4ea6-8830-35f5e993c652', 'testUser571', '$2a$10$O3MPqFbI6uDyLAJAUOl0XOazKTWjuUY9sj3SqPOvJEidY8xIQFYjm', true, null);
INSERT INTO art_ping.user VALUES ('9db26912-1a12-49cb-b562-a09e601737d2', 'testUser572', '$2a$10$iy8pW8fZbHlfuYrphCv/AelBrbHh/yK2rPDZ26Y8un5OWWVANpwOi', true, null);
INSERT INTO art_ping.user VALUES ('d6933005-ab8c-4c99-9fb3-371f90616891', 'testUser573', '$2a$10$ZRCTm7R8oAtz431aAHDPAeJo4qh.Op6Nl23YJ5G2auT1usy4B4sia', true, null);
INSERT INTO art_ping.user VALUES ('647d0565-4d7f-4818-afd9-85c5ec89d419', 'testUser574', '$2a$10$kqQJDAeTxka9vZDrPYlnUuC.Pj9eszRi950qE1SsIy7rUl8oY3FZu', true, null);
INSERT INTO art_ping.user VALUES ('87029361-d20b-4639-9bba-b64112fa7d8c', 'testUser575', '$2a$10$3NHwzCDcmId1hwZr.yw53uq1EAIbEiYVFDUUzjA6de1wSOPxHg.V.', true, null);
INSERT INTO art_ping.user VALUES ('bdac211c-1a14-434d-9cf0-80699e141780', 'testUser576', '$2a$10$OLMyeri8IKsreSQ0CCkTSuhyIEA2ojw2jvN4BbACF7tkd/jv41R3e', true, null);
INSERT INTO art_ping.user VALUES ('65530ff7-4953-4836-81d1-2de71c14f2d0', 'testUser577', '$2a$10$6wNkzts4ox/q6qSQ/JhAjOmiiJNP9oRIrbODZoqv11SUlwCbcz9M6', true, null);
INSERT INTO art_ping.user VALUES ('1baa21d4-79d2-4bda-b641-b624e1be5dad', 'testUser578', '$2a$10$EQnm.kMMGgah6OJpTbC08OACkZDzbFefcs.5V6m2LDeeOXm3t.hr2', true, null);
INSERT INTO art_ping.user VALUES ('8eb41ca4-da4e-431f-95b0-ecba582532ba', 'testUser579', '$2a$10$6y21nUAR6vxwyvR1vjDk8.G5Fls/VnYR4SXa.6vtMrDzCN90ek4mK', true, null);
INSERT INTO art_ping.user VALUES ('9c732d4f-79cf-4f36-9491-173c7b5e1db8', 'testUser580', '$2a$10$lRlRJhLMeDpOQTjyg47ZQOHULCFDGIVDxSh6hiALRxwseIZjiDMOG', true, null);
INSERT INTO art_ping.user VALUES ('454d127e-260d-43af-b3cc-e759660921b3', 'testUser581', '$2a$10$LLSB.DkCv5GSy/zmjmuYAO3pXxBgtMlZPJiSISgUc8g64dlabLcA.', true, null);
INSERT INTO art_ping.user VALUES ('66488f78-e676-4ce5-9ddf-4256caabcd80', 'testUser582', '$2a$10$ARjcAFHhpOc4SdZ3PTAVDuZvEbGrmG5xQHvtQUZ.kl.vHZRlQX7.q', true, null);
INSERT INTO art_ping.user VALUES ('f5fc911f-075b-43b0-811b-cb7e1981b34e', 'testUser583', '$2a$10$JRTXWbeq73hlDqL1O/9Ha.uDpBCs540ZW2pjL8sLW0d.JS21LIi3G', true, null);
INSERT INTO art_ping.user VALUES ('f4d642a3-155b-4aa1-b164-85c4ea6f3f13', 'testUser584', '$2a$10$f3sd5n9IaPgqXR2V05yoCedSSw2hy7A/ZDFExpYSq8XeagrXLLZVu', true, null);
INSERT INTO art_ping.user VALUES ('ed45bf39-b639-4899-a455-304b62063b80', 'testUser585', '$2a$10$j3VeAoYe6VNkF7/y2aCGR.1efDm6CtNxrRdzxbbuPAqxWphn06CdS', true, null);
INSERT INTO art_ping.user VALUES ('0d3c8ba0-796c-4169-93d5-e237a33bf2e0', 'testUser586', '$2a$10$xoPlMJpKUWVX49vd3kvg/OYSxqLxfDemp/NBGi7XLOmg32gHEqw.O', true, null);
INSERT INTO art_ping.user VALUES ('d381a6fe-98f8-4ae4-9267-fcf5390b9589', 'testUser587', '$2a$10$B9CyYD9UUVOyXECJs4Dbc.PzgArxLecd1NnpUHGPJf4JJsIqYEORu', true, null);
INSERT INTO art_ping.user VALUES ('9a398f99-a3ab-4e63-a110-255c4f6e275d', 'testUser588', '$2a$10$LgGj3gf.P39YOebKVS1buuPz1yzyuQ15/.3zFJnXGhJ3blfwWpROe', true, null);
INSERT INTO art_ping.user VALUES ('b237b371-f569-4d10-82a6-c1b75eeceaaf', 'testUser589', '$2a$10$Werv7lrTLiC9TeEVgKgaVOtfZX6F8X2Xwp.7mYsYvRgTgzXgMfLby', true, null);
INSERT INTO art_ping.user VALUES ('9fe5b3fb-57a2-46ee-9a0b-62fb751bfa29', 'testUser590', '$2a$10$ltHZC3mqBbNR8vw4EbroROcM55Yxd0s/OyDfIW5mi/ofyqNRpA4M2', true, null);
INSERT INTO art_ping.user VALUES ('1967a534-5314-4fec-99cf-cf7b2e56cda7', 'testUser591', '$2a$10$qs8enbqC9j/bWBBosRPh0OHBfmFwQLhzxTlpLxk6zMlfWKNHKmocK', true, null);
INSERT INTO art_ping.user VALUES ('b94abab2-d49d-4eaa-a290-6114e06104bb', 'testUser592', '$2a$10$FhoTpPe8R1KFqJZ6xaRlgOr3W11yAg4o06gz0QI2rK743PA07jOPm', true, null);
INSERT INTO art_ping.user VALUES ('5b702964-c12a-479d-b92a-f893ee721bd3', 'testUser593', '$2a$10$XnKJKiIEXsrver6eU9D8F.hzhYWd.6Yn482Y050UsSAh7xR2kdulO', true, null);
INSERT INTO art_ping.user VALUES ('323ce117-4270-4dd9-b202-cc3010e19305', 'testUser594', '$2a$10$trniH74CeNjaQR4w4iwzaOKvX8vgkDytbp.s4bAZ4iywfw7iB8DeC', true, null);
INSERT INTO art_ping.user VALUES ('b049b2b9-703e-434e-89e6-12fb5cc9282e', 'testUser595', '$2a$10$zomGw9DOVSKhgGKST/5jt.F24KL3tZRqdU8SxNaHnoPql.UXRNWqC', true, null);
INSERT INTO art_ping.user VALUES ('0a7ffd75-057e-4b5f-85cd-a506d35ead13', 'testUser596', '$2a$10$Inl/8lTLUrJWg6k8QzptgOk/pq7tPnNsRkxyQmhz024R3BbKdd9Te', true, null);
INSERT INTO art_ping.user VALUES ('b9711cec-5f62-4014-a27a-bbd9a66fdad5', 'testUser597', '$2a$10$f/b3Clc7tINA8AzE2D/LreCIc8mL5XDIcf14ayBW4uR9ww.4N5aiu', true, null);
INSERT INTO art_ping.user VALUES ('e4b2878d-2dfd-4d43-a0ec-50ac70c87f7a', 'testUser598', '$2a$10$faX6v3URJSfGvx.ft0VtLu4aTqSs.fPk5sMmiDCp/vODD4UtrBZXu', true, null);
INSERT INTO art_ping.user VALUES ('c3f634d5-7244-4efa-b21c-180a6374c408', 'testUser599', '$2a$10$7fRk1VGljq/TfkA98BEhF.b6oC.eTaz/Ga0i320Wk/zZ.ja/ipf7e', true, null);
INSERT INTO art_ping.user VALUES ('340c49b2-3859-4dd0-98da-476c020a227e', 'testUser600', '$2a$10$f8HJtqOLyH4FrZL4fCiLguuEsfEOMwjJmQT6fmObJa/dz0wzUP6Pm', true, null);
INSERT INTO art_ping.user VALUES ('072174f3-bae8-43d0-8cc4-5f2649384595', 'testUser601', '$2a$10$x2bRffmCYZccg.kYiTCjh.1gtMjAKnO7VDUnmzg4s0MG0ZosHtDdK', true, null);
INSERT INTO art_ping.user VALUES ('a5d0abfc-42db-4c6a-9e23-c9a19770f9fb', 'testUser602', '$2a$10$9IfWWUyS6/bcMjo7sssht.pGXOmRJOFjdElktyRFsLWlgBZy3lBla', true, null);
INSERT INTO art_ping.user VALUES ('0c9d226b-cf03-451e-8ff2-3600282a8ddd', 'testUser603', '$2a$10$RzrMx2wFgDv5drbw.Ubj5e96LP644LxVc0KjF2PNCDyZ7ceopd0Si', true, null);
INSERT INTO art_ping.user VALUES ('e7bb210d-6f42-4b78-ab20-16fac752efb0', 'testUser604', '$2a$10$B.oQTlK.bwtYeYfWwaakGOniDMytgmRsoNmsLrTtrOm2mvqBhljQK', true, null);
INSERT INTO art_ping.user VALUES ('11031b5c-eb51-4169-a180-28e199ecd252', 'testUser605', '$2a$10$cSJmYZuD8FkHnFfdKei6J.4UEUycdb.fxTU/si0c0ISeRAUhFnl52', true, null);
INSERT INTO art_ping.user VALUES ('b91a00c9-67d6-417e-80d2-4958beab20e9', 'testUser606', '$2a$10$Bc6nCTu4wjG0nxs83GSIoutVJYDwagybY3NcJiV4Uk7szLrl3la/a', true, null);
INSERT INTO art_ping.user VALUES ('1246a312-e025-4259-b376-6da0f5092d1e', 'testUser607', '$2a$10$ML9HbYtT.hI9DZw67ZEzA.PUrBSuHI9PsbpGyh1f25Jf0f9AYxBVq', true, null);
INSERT INTO art_ping.user VALUES ('b0394fc4-b777-4a4f-a19e-07b0f2c78cba', 'testUser608', '$2a$10$vKHTNgB4YMW/N06LYe00reXitNuU8ShAn34BWGfMrEpvQAhslEPYq', true, null);
INSERT INTO art_ping.user VALUES ('552a7bbe-0eee-4277-8e3e-f913962c2ffa', 'testUser609', '$2a$10$ZuFP8E3tR4nl/gQz4IxXPeedWG4jNupnn/XQgg5Xw5C6cicEK7ye.', true, null);
INSERT INTO art_ping.user VALUES ('8ca08dc1-64bc-4605-8ba6-b302db051973', 'testUser610', '$2a$10$xnCPogII355NqRKSFuq66ONapMmitr..mMsUVNNmir78SLlv9EjeW', true, null);
INSERT INTO art_ping.user VALUES ('53f54c2f-6f0f-47f5-8815-14754e82fee0', 'testUser611', '$2a$10$TKIEz59jw0RrYXuDrrKsv.x2t57WRZvAZp7UnLByYsTdDkJX2rYZy', true, null);
INSERT INTO art_ping.user VALUES ('6e41a7bd-1e96-4e9b-9441-ba3207181fde', 'testUser612', '$2a$10$7qF6MtYL/mh0fAKAnE0KPeCvmlCsJ6P5Z3MoSfPnv0QwZFciXzsqy', true, null);
INSERT INTO art_ping.user VALUES ('274be1fd-3ea2-4bbe-80c2-22e2ade7fb38', 'testUser613', '$2a$10$d79YzYTuNrhby8lTuhcP8OY2nrWFe2cNFfjuW22y/RiBl4/zGKiy6', true, null);
INSERT INTO art_ping.user VALUES ('ebfc5772-15f4-4044-bd34-5b5066da37df', 'testUser614', '$2a$10$KdpRdF6ml131j42OIOBF2e88i2CiFdwEmVgIYcyTkqT.8h3lTaC9m', true, null);
INSERT INTO art_ping.user VALUES ('d0d15803-5b1c-40db-97a2-92ab69120035', 'testUser615', '$2a$10$xNqIcUyt4w4tuNmSAIe0hO173.xGfkFXfp2vgkMZoeikfoE7W2Jtq', true, null);
INSERT INTO art_ping.user VALUES ('b88fbbdb-de76-4bc8-bd61-bf3e5bf689ab', 'testUser616', '$2a$10$wYR053elfn/FDPW3cA6up.PVZCvKjCD6uq2MfI8BLfD6zzi4KuFJK', true, null);
INSERT INTO art_ping.user VALUES ('a94077d4-cd60-41c8-aa47-84ffbe2803cc', 'testUser617', '$2a$10$EOt.0YsNwurwiWkr5VAE7eVqOy6d3QNmkcnZy5KgYzPD5q1a3D.F2', true, null);
INSERT INTO art_ping.user VALUES ('c22c54e1-90c6-4c0f-b5ca-1580266b5c6c', 'testUser618', '$2a$10$8IQKAq6Xb6DRKG0F93mXceUYFmLrugXAnzN37JL0zl2opv.k/w4Wi', true, null);
INSERT INTO art_ping.user VALUES ('71c4d73e-d2f5-4e6e-88f6-5b6b63e59bb9', 'testUser619', '$2a$10$eY8PaZFcX6i20xzj9wINdO3ICxlfUWoW6L0kNZo5RKKtkB95P9b1m', true, null);
INSERT INTO art_ping.user VALUES ('1e107e35-44c4-4bfa-a461-2d5c70f65acb', 'testUser620', '$2a$10$xg1o5cX6VxYVpK/7yFfTEeQn/HBxBHYcs7U2YhaSIf6YhBE8ODkpK', true, null);
INSERT INTO art_ping.user VALUES ('274ba8ba-8c6a-40aa-9203-d795bc66c7d9', 'testUser621', '$2a$10$Bf7yZ4W1fNcZTj5xs0awx.o5/XRR1UfPl80bbpwSBDJoNgY03Gc32', true, null);
INSERT INTO art_ping.user VALUES ('96733ec1-c6e9-4056-996d-08b1ec438456', 'testUser622', '$2a$10$4pD9C1sS0CweUflu9SqHg.T2rWyqsc4siuP70DzqppWTfEDxWfBK6', true, null);
INSERT INTO art_ping.user VALUES ('16cb78f1-4ad3-4a55-b211-534a2c9ad0ab', 'testUser623', '$2a$10$Knn0RDrMvE0Yi4G/iZiJV.ciOFLlY6zaHJUsr/DWO1Bt1aC1Py7/G', true, null);
INSERT INTO art_ping.user VALUES ('0a6364a6-1322-4c74-bc78-26042a4376dd', 'testUser624', '$2a$10$.XZJvawAbZxhJ.PqhNNqR.6odGh9dh53ZP.KnfemT1II9/nditIiG', true, null);
INSERT INTO art_ping.user VALUES ('ec5ff9a1-28db-48af-9eeb-86858dffe39a', 'testUser625', '$2a$10$P7CryCdQxunld1OrZY/UsOGP0LvT.AwggX87llInWtA5U2S/sHOva', true, null);
INSERT INTO art_ping.user VALUES ('fdc12938-e922-4007-8ae9-d35df73576fb', 'testUser626', '$2a$10$ueHoQVgDSbBOMYd7CK0R.usdVrfuOKWBfjWASV8K1pYwkjnMq4ZOK', true, null);
INSERT INTO art_ping.user VALUES ('dcf792a9-ff99-48a6-a8e1-f77bbd2422d2', 'testUser627', '$2a$10$DkwTQSQjwtJuzZvTXoJYyuuUQmAVHhG2dH8zymbWIFn9ZHCIcxcta', true, null);
INSERT INTO art_ping.user VALUES ('947969af-bfc2-452c-be6d-86005eb633bd', 'testUser628', '$2a$10$hhUgE33MTeO8Rzb/QiHPFOhtgHsZ9tisGO02uWCqc2JyOrR.TaVrO', true, null);
INSERT INTO art_ping.user VALUES ('0d694244-3d69-45f9-9e09-ec5872927a06', 'testUser629', '$2a$10$aby1LqCC545qWTE.qF9HGux8lU/hxc2c2uOj6YwcXvtughMWSAgBq', true, null);
INSERT INTO art_ping.user VALUES ('b7ccb45e-5cbb-47de-befe-d8b8511f03e7', 'testUser630', '$2a$10$XBTdtRkfP/i6oXvUsI6K0u3A3S3r..gtktbKQ2T6BnT0Cq0cTK8HG', true, null);
INSERT INTO art_ping.user VALUES ('1958f3a9-6ca6-4cf2-a627-2e50c599abb4', 'testUser631', '$2a$10$rjj/nU0xL8UzRgCQSoZOHOmU4BrzTgAbQfMu01nQwLzMqB4ERNizW', true, null);
INSERT INTO art_ping.user VALUES ('117a8d10-841a-4a24-8a09-aafda594d3a1', 'testUser632', '$2a$10$26VJ/Dc5odYwuGFvXgaE1ebWjgi/QlBBjwssP2HGQBG2omEUrivw.', true, null);
INSERT INTO art_ping.user VALUES ('dfa98e87-8f05-4bb0-881f-4e000210c5e8', 'testUser633', '$2a$10$5SWVto.Vw8o0dw4BVTFKF.ZnmtN9PJikHgQEFjwdmdF5tO5Ro9UeG', true, null);
INSERT INTO art_ping.user VALUES ('6e0f49e8-132c-4677-8aec-d603e48b0804', 'testUser634', '$2a$10$8swrB1/qhXdyhuDg9QY.neHVRWL2WGa19AAAnbDnyCiROLoPWAINC', true, null);
INSERT INTO art_ping.user VALUES ('5e6b852b-1b73-4344-880e-ed95cf48377a', 'testUser635', '$2a$10$u5Q/zuemTziDyF.G3oPmSuPUMPq5VTRpRlfigVrqH85KfhdD8hW3e', true, null);
INSERT INTO art_ping.user VALUES ('9bcb8c37-57bb-400c-a9e3-4e1aba093f5a', 'testUser636', '$2a$10$XLqoRf5qiQgxtA6BqfyJRuLswt4veibrLEBKbS4l7FIeFxSpSNV5e', true, null);
INSERT INTO art_ping.user VALUES ('b7e54aee-9051-453f-a7d0-6789c16edcd9', 'testUser637', '$2a$10$52tgYnM18k.EvVyhTMBsZeZfJdFhvH3buzsbwMaWIzla.mQq5DrcK', true, null);
INSERT INTO art_ping.user VALUES ('d14f9830-b349-436e-b407-adea239f8d8a', 'testUser638', '$2a$10$RsFqDzplIDS3LXCb0wOB0OGBglnUbLA1tm9KzPADbEA0jo.4v5ii.', true, null);
INSERT INTO art_ping.user VALUES ('f2fffb68-4b80-4832-8966-bb0ccd974946', 'testUser639', '$2a$10$azs2I2kxt/fsNdK5bjnrYez3Eb1Qg1e03izx0HLoaYBKDmzIRU8nK', true, null);
INSERT INTO art_ping.user VALUES ('6f89dd45-ef18-4907-a367-87b70a5d069a', 'testUser640', '$2a$10$MgMtj5KjZbvr7gAdjYXcY.tRxehLofukAI2mOmQYtdoUXBBP4dG0y', true, null);
INSERT INTO art_ping.user VALUES ('6400f567-145b-4538-a4bc-9523d36f25ec', 'testUser641', '$2a$10$.4tIhAeBo7RV9OITg2/0q.o0zspZrviLoXkoey2DJ2eliDexZhaqW', true, null);
INSERT INTO art_ping.user VALUES ('41ee0f7e-8655-4569-9084-22ffe3432680', 'testUser642', '$2a$10$lm0Z.jduZ7FwDluhxv2KXeXk1Y6FDVdWB8pv6IMpefwGRG/hy5FuG', true, null);
INSERT INTO art_ping.user VALUES ('8ffcb4f0-5813-4d7a-999f-67cec24f317d', 'testUser643', '$2a$10$MOp.biRBGZagmv4QYyfZM.GdAKOv2lS97UQf0UHPp//ivLnPOxGDi', true, null);
INSERT INTO art_ping.user VALUES ('1cb998d7-1cc4-4d4a-a50c-f9a36750121c', 'testUser644', '$2a$10$4wblWM5pZ912n6d6JXF/uOR0Wh4Ow6/RZlH9DpbnxC9jQELq4ZAWK', true, null);
INSERT INTO art_ping.user VALUES ('398bea2f-0411-4ba0-8046-151d3410bd36', 'testUser645', '$2a$10$2HwVJ/zdBAN4HpRQtcb2f.PuiUMuxoLS.QA/b9puCsMyqBexIGzay', true, null);
INSERT INTO art_ping.user VALUES ('7b1a7462-7e3a-4b1c-9459-65c857fad0d9', 'testUser646', '$2a$10$ASxM2jUEChkWHFjtogrvZOJTihy1P40frb7C8MKCC8/Qe50eKQC6a', true, null);
INSERT INTO art_ping.user VALUES ('5103b0db-a1f3-4ba0-85b2-cd12a3c9a2e0', 'testUser647', '$2a$10$hRxy0yVxFp/zlghdrkjDJOPSrPPfWNhXDH./rs85Oxfa6Dp7PzxoG', true, null);
INSERT INTO art_ping.user VALUES ('540040f1-26e6-496c-a8ff-d7a2638ee3f5', 'testUser648', '$2a$10$TzNLsvsg0C6DMOPG2kkAHe8LKFwWI7HshCno1.icwE3//ZPtTY2eW', true, null);
INSERT INTO art_ping.user VALUES ('5e86fd4a-e336-4096-9399-051247e23d27', 'testUser649', '$2a$10$DadDoKMqrYbKwt9opBUkTeNvJbyEgkOFBpimQnsAOkMeT4NPrb.NK', true, null);
INSERT INTO art_ping.user VALUES ('2327bfe7-9c53-4b2a-be18-066232986402', 'testUser650', '$2a$10$c5NqAiHg/hv4D/DisoRdfe3EKF041AkVtdo0DVDZ9Gv.jrZS4.j.C', true, null);
INSERT INTO art_ping.user VALUES ('fc4fda0f-a6b6-4c60-8712-c63755d49add', 'testUser651', '$2a$10$KH.geJ/v3H3S/0P0JxSBkeCEkoC0BcRYyEWGvQMsaSVUHwopTpr4K', true, null);
INSERT INTO art_ping.user VALUES ('4e804cbe-5bdc-488f-911d-2d66c6429b0e', 'testUser652', '$2a$10$7BGZN2LM24NC386wT/HS..WfxdA8cAIhHtfKhKG6/.nOK9wCZG.xe', true, null);
INSERT INTO art_ping.user VALUES ('b7c3aaf1-d778-4742-9136-2767cde9c9cd', 'testUser653', '$2a$10$paBLL1kpLTJDR6goltSpaeBVNjogE/QK.cnmEWq9ebCO0hKO4NVtO', true, null);
INSERT INTO art_ping.user VALUES ('2ab0368f-b0cb-41c6-a0af-3fb05738edb5', 'testUser654', '$2a$10$0sAfZQHybXy9AxqLPEC8mukDGk8VyKnwDwp4K.IM12WxW/1HbVs7.', true, null);
INSERT INTO art_ping.user VALUES ('7d5f1e63-9801-406b-b52c-58b0d998df3e', 'testUser655', '$2a$10$MaLgsbRGgful/2Bh1N9mUeMWkaIzgMSMcxvb.gekk6qzqgk0K/hNO', true, null);
INSERT INTO art_ping.user VALUES ('0cd54bf4-8505-4daa-a2de-84e285d52c38', 'testUser656', '$2a$10$WOnFIQC/hjfAIG8m8JtKZ.d.5BhK8SDAlF2IBu58YyIoySGeoU8.C', true, null);
INSERT INTO art_ping.user VALUES ('c88c0d17-592f-43d8-98c7-ace7712de64c', 'testUser657', '$2a$10$2jXWMxx67Y8g.xQk8qjWheWt2Qurl6o1F.UKXOgdTfnrlHFeYo7yi', true, null);
INSERT INTO art_ping.user VALUES ('a6de5e0d-869b-4895-8433-8290c8355f90', 'testUser658', '$2a$10$q1Kxnxn5fuWbS6srRB6Rl.lxYHd8KWNdMXVYm7IxmWv5Ekjl5WFH6', true, null);
INSERT INTO art_ping.user VALUES ('115f9b2d-57a7-45e6-ab95-889c92f0b881', 'testUser659', '$2a$10$v/5dlVcmree5S.s83ycsuuDwn3yNP4O1Lc.cdnWeJzy7OeRQA/kva', true, null);
INSERT INTO art_ping.user VALUES ('47b7ad0f-d804-43f0-a866-27e3ca13f2b2', 'testUser660', '$2a$10$COlj.2hhrlQI8QwUrEdtbOwajGoHjIT9tapqxK1MeCisv1SHaBDaK', true, null);
INSERT INTO art_ping.user VALUES ('21760a2f-974a-40e6-b1b6-f3a07fc55054', 'testUser661', '$2a$10$AQ3.ni3x/xvdbPxg3Jp.4.QKxBWGGPbz3hd1okjmMblj9M09P/Y5K', true, null);
INSERT INTO art_ping.user VALUES ('d1dae585-7c5a-48d6-82ab-6a2da76f6bd8', 'testUser662', '$2a$10$arSEbwwCnG1zU537lGLj4OUndYYRuo0uD26aQF.4KKANzMtx3tBuy', true, null);
INSERT INTO art_ping.user VALUES ('7ba1610b-1563-41da-8277-b6188f787464', 'testUser663', '$2a$10$XMrPX.skF4AFl5u8M7t0j..GT2JCTQ0fLY9Wee65ZydtoyoWRYUuq', true, null);
INSERT INTO art_ping.user VALUES ('50cb144c-ebdd-40a6-baaa-4c0a40a7dbf6', 'testUser664', '$2a$10$C/aAzqCAkRBBcdMKEXGLguCWu8rilOCw8xiiYSqL7jDbfAFGQ48R6', true, null);
INSERT INTO art_ping.user VALUES ('817fb72f-4f46-48bd-8833-e472006f8bf1', 'testUser665', '$2a$10$8EJpMDduRBAyRnyB94NPIeeaO1RRKmWMID7MTW5A8Qa9lT3Y6hHT.', true, null);
INSERT INTO art_ping.user VALUES ('81978aaa-8d64-4beb-ad79-0adf2ef0b961', 'testUser666', '$2a$10$V8m31MrPcRCUdxyKeT3SU.agHNyiE51wM.eTV3XRG.ZyruKezCjEy', true, null);
INSERT INTO art_ping.user VALUES ('62905d82-99f2-4ecc-9067-37d2119c4ee9', 'testUser667', '$2a$10$5zKKibnNYQJOmT5gnAuvBOIFpbVS10HFBylVr/wEqGW7amoWV7slm', true, null);
INSERT INTO art_ping.user VALUES ('cc34106f-e0ef-4873-9965-4bb7892633cd', 'testUser668', '$2a$10$xW4cSQXkh0P9t3DVWtw2UOu5XqgW09gMjUm09a2QgXQjyueH/js6q', true, null);
INSERT INTO art_ping.user VALUES ('3fb93f35-b825-4913-a009-b69008825e80', 'testUser669', '$2a$10$.qsTP7V7gSNkqmXAxdHPf.mMqu5Rr0bDoMFZv.lhR/n7i5O2EB3uy', true, null);
INSERT INTO art_ping.user VALUES ('dadd6055-0aca-4a10-a110-978e4db42e98', 'testUser670', '$2a$10$A/g1Pg5uSwqEMVYMDeYTHOapvlXRm0Dg6IpHifOvMRr.yxKR1ZwQ6', true, null);
INSERT INTO art_ping.user VALUES ('d4cc763c-084b-4212-8ec7-e7473bde3a5f', 'testUser671', '$2a$10$yhVk8m1M6fwFI1IRcA5mB.jzUVZwOT07RaJlC4mfpzqE6/y7S7b.u', true, null);
INSERT INTO art_ping.user VALUES ('44c92e98-8b45-4eb5-87aa-c2637f88d9d6', 'testUser672', '$2a$10$jnj1slIBEruq4NIi8E4piOjOfo92V1O034AZ4asulRKivIzKFlXmO', true, null);
INSERT INTO art_ping.user VALUES ('6fd5e441-e2f8-4350-8138-554169a2eda6', 'testUser673', '$2a$10$cPbDpad3GWVZpU8bczCaMeQBrhHfeatRtv8txPlSjc9k61Fe8ZAna', true, null);
INSERT INTO art_ping.user VALUES ('59c10aed-5923-4b76-b8db-54df510f3b74', 'testUser674', '$2a$10$cxsC29rc8Por46BNXVBB8OLtN9nLJQCANgwCdBD4Ex6A0rLqYFIqq', true, null);
INSERT INTO art_ping.user VALUES ('6c5ba00f-8407-42ac-ba4b-f24a420e5c88', 'testUser675', '$2a$10$Mt0TNgCUFmUcdr7HjdYKQeUH2BEaVwF2j/rQwP85TBNqjCBVQkR/K', true, null);
INSERT INTO art_ping.user VALUES ('67d72138-ae50-41b2-967f-e79bde1794f4', 'testUser676', '$2a$10$yUwDMQUFZoetRCR0FPobRuRZlMmzYVumYlmU.J/vkeofwXvieVYHK', true, null);
INSERT INTO art_ping.user VALUES ('2c11f0a2-2d33-4966-8f66-f3dea09c0d69', 'testUser677', '$2a$10$jLJ08k7qTPtD5MByFceT1.8hKrmeyJO0t2w8MNBhpk6ncGGtExHE6', true, null);
INSERT INTO art_ping.user VALUES ('1f20b62a-d99e-4b7a-81c8-38c5d283e1f3', 'testUser678', '$2a$10$ZlDn1OChfjVRJzo9n8FRROiTc/E/4Fk8G4fTp/nGZsZAgsE/BLvKu', true, null);
INSERT INTO art_ping.user VALUES ('0841a168-8148-4284-88a0-3bde25708367', 'testUser679', '$2a$10$qiJqC.UFGXQPtupKhO39BOeOSREYhbECIjsKk.CtUzbWNoztb4/qG', true, null);
INSERT INTO art_ping.user VALUES ('15995ee2-f1cd-4b95-b27c-103c98ff54bc', 'testUser680', '$2a$10$KeSyg4ElwVwCu0by/dvxXeZge211hdmY27VforZq0OVxOnNZKtSTu', true, null);
INSERT INTO art_ping.user VALUES ('bf310a96-e9a5-4e7a-b2f9-152eccb26ec7', 'testUser681', '$2a$10$R07F/V5p/8kH.H9ewVmTl.FMq1SnYurHjwd0sCdoRnkM8pSRK.aD6', true, null);
INSERT INTO art_ping.user VALUES ('0de601f2-2713-4047-8b22-2a1dda8e0892', 'testUser682', '$2a$10$jsNI7COoaW6LWcSNgLLqie/ac5anToIOmsj.8uZkfD4DvyHPx/yJu', true, null);
INSERT INTO art_ping.user VALUES ('7c80e73c-f4a0-44d9-b0fa-0da23e8505a5', 'testUser683', '$2a$10$L5tLNU5yzcNygXdN3uafq.Wh/YlRwtMGBkdgGZ8tifAYqyFGSSsp6', true, null);
INSERT INTO art_ping.user VALUES ('5b7bdda1-2b93-44ae-80ce-4d59462eeb77', 'testUser684', '$2a$10$QfCED.PugEo24OPNmj.8Ou2MHP1eLI/3jYsprj8bGA9rLTC4i89Gu', true, null);
INSERT INTO art_ping.user VALUES ('0d6c1172-ef28-4db8-ad27-fa006de1e8d5', 'testUser685', '$2a$10$kNy8WAOpddNXvWPX6Eysoe7PUq1AGrgWAMH6.Zsc.f3meHj/n39N6', true, null);
INSERT INTO art_ping.user VALUES ('c62fa1ef-0c13-4eec-8b7f-dbcde2ed382a', 'testUser686', '$2a$10$crZQUHQzSjPbu9qrzPPBK.dotakQ6J/m8XazYi2tjzU8V6HjM1eie', true, null);
INSERT INTO art_ping.user VALUES ('84dde4f8-5834-4fbb-8bca-2c2a7415504e', 'testUser687', '$2a$10$s.u6GAMKHcVJCv1JB8K2mOxftS0B.5JHDKLKoHotZKksMwSm4uRkG', true, null);
INSERT INTO art_ping.user VALUES ('294b0115-ccb3-4c85-bf73-24cc946753ee', 'testUser688', '$2a$10$oomOL4nCibLUJjRSLU.pR.YU/MQLUlMWRSdV5WMP1ngygNZYEDE.2', true, null);
INSERT INTO art_ping.user VALUES ('00c34e45-eb54-4e27-8abf-9f38608a6507', 'testUser689', '$2a$10$HWMRLBOyyhVJCTW6xlIIxeOAi2tyhtwSS5Y2eSb9nVDwTmrWJvnAS', true, null);
INSERT INTO art_ping.user VALUES ('fa459ee2-72a4-4970-b335-f75a141c9a27', 'testUser690', '$2a$10$zqUo8G8O2V5yyoiPo7.Che8Yf5Bd0mRgB0sjPnU.VnZzO/qdAg5Ue', true, null);
INSERT INTO art_ping.user VALUES ('3a40bd9e-57ca-4ad7-ac82-e0993f736024', 'testUser691', '$2a$10$PKwSjqk2c4iAf/MlYu1Wi.X2Trd0BoISNXfcNs0Zy6XzG9mTSRsAa', true, null);
INSERT INTO art_ping.user VALUES ('231b3e32-b62f-45b0-ab78-0eb91bf074b3', 'testUser692', '$2a$10$V0PEzL4pg.aomftdIvvuEuytdy3pjYoePq5Lyc6np2bkAKQu/jydK', true, null);
INSERT INTO art_ping.user VALUES ('ae3f0201-c1ab-46cd-a799-1799f6501309', 'testUser693', '$2a$10$cwlqygjhnHcl6YT869Je0.xsdJvGStTKMNeqIMEGyuROGe4ttHgLK', true, null);
INSERT INTO art_ping.user VALUES ('6a1b7362-8b47-408f-b408-ca2bbd80919c', 'testUser694', '$2a$10$z7LKYxz1Xqis2oCBS90l8uB5HtZBDUf6Eh5TBQqTqFIcP4BMjWNnO', true, null);
INSERT INTO art_ping.user VALUES ('ea692314-7062-4272-8742-e5069d023269', 'testUser695', '$2a$10$kPnjZCVIcv.28zT1vGTDZ.JviNIlqbrnp3OP66bxoBue9980dJKxu', true, null);
INSERT INTO art_ping.user VALUES ('76fbb666-12c5-43bb-a57a-eff329f4b767', 'testUser696', '$2a$10$mcY68nZjTHkWTeW5GFm5SOyOhcf5QzmCX5fFAs2meLv7j9slcCK8e', true, null);
INSERT INTO art_ping.user VALUES ('affff942-c206-4f6a-8f44-f9c0314ef201', 'testUser697', '$2a$10$hhZ0jhWIyFfwcJCyihMLq.B0M2/zRjorzHBr3EhG4eklWH1jPK.Oq', true, null);
INSERT INTO art_ping.user VALUES ('b266f1c0-a4e0-40a0-9d12-b1de50d31068', 'testUser698', '$2a$10$ygrhfEkMtJziE8aZkQ19beXhWZz1BUR0Apoawn.xTPSErOwMzv0da', true, null);
INSERT INTO art_ping.user VALUES ('fc78faf7-f968-4cf0-a784-4bfd6e33b6eb', 'testUser699', '$2a$10$tNhV5DdJVMGM1zsUgfZ4heSTWAPFMr94H.7g4Ao1f5JlxL4AZt0.C', true, null);
INSERT INTO art_ping.user VALUES ('d9c54e9c-4f7f-4e7e-9979-f234e8973cc3', 'testUser700', '$2a$10$Pq5231IOnfujTCV3etN/zu0snRvivTWOEz9tnv9YAOl.pVE46X3pS', true, null);
INSERT INTO art_ping.user VALUES ('5816f50c-678e-4bfe-96c4-30331c85ee00', 'testUser701', '$2a$10$S.0vBSoFU7a3VBpSduheKuFTZhIv5U2gTZB5Rg.46DjK/ImCNOkkO', true, null);
INSERT INTO art_ping.user VALUES ('c8b67ff2-242c-4445-990a-0fe81fcd9fe0', 'testUser702', '$2a$10$b8FFUY7GI4LRnyZ1jPii5uKsY6oJushdwaXb8r44tHT2VBWlqO.0K', true, null);
INSERT INTO art_ping.user VALUES ('fca2e029-f056-4e56-8637-68ffb3f37bdc', 'testUser703', '$2a$10$3XeX.aPOgu9iFSS791onnePDxAAbDm12nbxLo7x31XZ7abxEAPS9y', true, null);
INSERT INTO art_ping.user VALUES ('ba5ed102-efa3-4a0e-a7a8-1c982be6c10f', 'testUser704', '$2a$10$DCoEitD6r40rctDTzOqd/eAM2QXOig7dGL/QwgHyHluKjx6J1GM5i', true, null);
INSERT INTO art_ping.user VALUES ('2fd7a2dd-aa9d-40a7-9cf8-a088dc5cd9cc', 'testUser705', '$2a$10$fgNVlko4dllaBcl/dzP82udmyiT.t5SCnbiWEUbk9wWIpIzUNQv.u', true, null);
INSERT INTO art_ping.user VALUES ('2dcb3007-d1cc-4fb3-9753-f98c1ec3587e', 'testUser706', '$2a$10$RWSq/aKgBJFfywPLnOzRUOSYP6.hqXJ3.p8BecwSWtuMnYQODql1y', true, null);
INSERT INTO art_ping.user VALUES ('de5457ff-fbb2-46ef-9f50-80cad2290abf', 'testUser707', '$2a$10$Ru7SxmLX2hL7hvBoZ876vuK2mWu1BKEUm4mfAV04aIiXXSVijNSPy', true, null);
INSERT INTO art_ping.user VALUES ('3dd03a04-5314-4fea-8c63-17d6492456ee', 'testUser708', '$2a$10$H6.o4s/kKtdeJi3ivje8cOd7ubAwdeFg3YhurFzhbPc/KziWq50me', true, null);
INSERT INTO art_ping.user VALUES ('8663abcc-6377-4c70-9980-77b86ece097c', 'testUser709', '$2a$10$D3QM4SU3otQ.DEtj5D49RupMgiRECQTytnXFyzDTPX7CLhpDk.Ji6', true, null);
INSERT INTO art_ping.user VALUES ('9f885920-0063-45e1-a866-c0cd9a34ee81', 'testUser710', '$2a$10$zOoqeVA3EDrMK2XKuDz9XeTl9Uk/vkmpb.2EdfLTD/ZL/vMzxvEDW', true, null);
INSERT INTO art_ping.user VALUES ('70133a79-03d1-4927-8ac8-3dce04e58c48', 'testUser711', '$2a$10$pL3TEyqbWqjWRjbCFfKm/ew/ZCrZxKiLw5ureGD9Za3M9S2sUUQFu', true, null);
INSERT INTO art_ping.user VALUES ('a84e8e8e-485e-431a-96f6-28a88b59414c', 'testUser712', '$2a$10$S0OoQxP.5W9lUMeDOqC9zuVEbcdkhPS2EPnu2pnWML7RtB8D5NhX2', true, null);
INSERT INTO art_ping.user VALUES ('953ae983-4227-4e40-b096-1f5852493de3', 'testUser713', '$2a$10$mp0oEFtHOgD1O3bLKvCpnOiY39t6zs1C5/mAEg1FMNjvmyw5hPFPG', true, null);
INSERT INTO art_ping.user VALUES ('7bfe865a-aba7-4c53-9e90-a63e39f8037e', 'testUser714', '$2a$10$vSuhjGEha0HiKKsNcSQIBOKlpQ7cKSVjmjjNMNzJGQL9ldUi0eZdS', true, null);
INSERT INTO art_ping.user VALUES ('3d010666-bc24-4f2c-8f77-672cf94520a0', 'testUser715', '$2a$10$2M3ShjRPZJEB5x9QwO5XtumFeuyOZaKAQDN92nHEo2KXeb8GeQ.eq', true, null);
INSERT INTO art_ping.user VALUES ('1c29cfb9-4833-4865-afea-362f8da225b2', 'testUser716', '$2a$10$eCqvDqsPD9sWin0MzJvTn.CX8SMyVqAWtnW9o6W8s5/WXJ0qQgraS', true, null);
INSERT INTO art_ping.user VALUES ('3a1e904c-4d37-4a0e-9f0a-cf9608c32f8d', 'testUser717', '$2a$10$wEmgiX0OGABCxc5o1USqzO5iJFM1O9kMt4va/AJeSwwp9JIdqG0O.', true, null);
INSERT INTO art_ping.user VALUES ('25c3792b-c429-4c1b-badd-f4aad66b426c', 'testUser718', '$2a$10$pYuKSjcNh1wkuVIbmrCuB.LqUhPZmFIr.HsPSorPW5cu0dMWGqPum', true, null);
INSERT INTO art_ping.user VALUES ('75a4968f-a11b-417d-814e-df5f8ecca68d', 'testUser719', '$2a$10$AhDzK1zdMnBcjryMNTCHt.196k7he6uaS7.HynfZi2M1swbaoDIeW', true, null);
INSERT INTO art_ping.user VALUES ('fce2e348-a9f7-4cca-888c-03e908fe2b73', 'testUser720', '$2a$10$OVGuefJ.FqXnZsmUcKGbsO4GYykyAv0sdMXQOUJOcr/4Sba6pGDAK', true, null);
INSERT INTO art_ping.user VALUES ('38e8790d-d381-4da6-a683-4aee5d2da36f', 'testUser721', '$2a$10$xaQc9bzjcg6Wgw1vQWQQnOQ02x9jPIZh6cmqPlF4JuWc4pJ56zowq', true, null);
INSERT INTO art_ping.user VALUES ('7fb8b0fe-9455-4cab-835d-7b359a8bf1a7', 'testUser722', '$2a$10$4lbaSosuKpQIz5RBsgPdMu4yF1RMfm/cGWnhgx9Uzhbc1sVtkUovO', true, null);
INSERT INTO art_ping.user VALUES ('65b76394-4d35-4b8f-8a27-78e3f813ccc0', 'testUser723', '$2a$10$3bz7mYXTm.CPZHY8QzEnDultZr7vx6nABlLbAj9lmoP3G17u6g8i6', true, null);
INSERT INTO art_ping.user VALUES ('483ed84e-8c5d-4706-9ec1-2bde89ff937e', 'testUser724', '$2a$10$MjZHtJNdy8kiSHR7C6u.vOGkOrk.AQTRUjmt5I0YbHOv6ejE6k/Vi', true, null);
INSERT INTO art_ping.user VALUES ('37a447b6-6264-4501-a967-f413ed0a9969', 'testUser725', '$2a$10$dqqRkUyzwGOvvJ3D.MqhVeUVMBWJJpTJnZwXcZqDDcAJLz6A2hOF2', true, null);
INSERT INTO art_ping.user VALUES ('fc6ef1c4-3f89-44d2-a0a0-ab53d24c96ac', 'testUser726', '$2a$10$YWExHxTBscQTyDipR8hlseR3E4cyWonxN9xVT8XAjVYQYoLJrTTjy', true, null);
INSERT INTO art_ping.user VALUES ('9121063f-51e6-4d31-a593-e85ca9d7988e', 'testUser727', '$2a$10$idTAyZOTpOSmaeltCYutMuJQ137ldvdp20VtnCg/x9aMuP8e1NmYe', true, null);
INSERT INTO art_ping.user VALUES ('9860a653-da99-4a99-be32-8f00c5a25476', 'testUser728', '$2a$10$EciUq8U5BSsOAlUBI9SFJ.qQ6cCAdUC05kwfrL8UbikNw.tZjfjQS', true, null);
INSERT INTO art_ping.user VALUES ('79a9f343-f423-4e12-9ed2-8c8d5cec7175', 'testUser729', '$2a$10$YDpwHZjihqGx5JDGUUgZ6uTnPcFbdegvIrr8b2Vav4ME/owGSIgwO', true, null);
INSERT INTO art_ping.user VALUES ('081e596e-19de-424a-90f2-4acfa3a50cca', 'testUser730', '$2a$10$eD/YpIOpH/GfkRLne0TcKOGosWtyQXQFYE54nLPEHLIsciBlSVrXq', true, null);
INSERT INTO art_ping.user VALUES ('23dea32f-33e7-4cf7-a8d5-d6d30aeda4e4', 'testUser731', '$2a$10$a1ZTJ4pxoK0vLfYNT.obcent3x1dF6ji3bAVztTt.rWR4AHlbWTNe', true, null);
INSERT INTO art_ping.user VALUES ('fdc6c83e-5d65-4cbd-867e-062f8688de35', 'testUser732', '$2a$10$60dbh2O2V.UFUB3LReGJZe8M4XourikxFZsgGVa0x74g9JIj/CcFC', true, null);
INSERT INTO art_ping.user VALUES ('53954491-195f-4c47-badc-0401e3c165c1', 'testUser733', '$2a$10$J6lwSV7i/fGdsbjWXVmPouXfJnYJUL/5ELkeTWf1PHL3M6NLsoRky', true, null);
INSERT INTO art_ping.user VALUES ('aa3a87dd-45c2-46f3-86dc-5a6a42a6c27e', 'testUser734', '$2a$10$LS74XDy18ccRo7p5vcqWOupUeth1xIZrQBF/DyjI/9QNpMOyea06q', true, null);
INSERT INTO art_ping.user VALUES ('d6457ed6-a924-4179-b55f-ecc6ce3817d7', 'testUser735', '$2a$10$mz9qgpBrEAGAdZIX4A02du.uP3DYJXbQ80/aBGL5xfxA285HXe1VC', true, null);
INSERT INTO art_ping.user VALUES ('fa5734a4-4f87-4c52-9020-24daa4c69f75', 'testUser736', '$2a$10$xS/O/lD97py1ab1cW6xUcutZXeLGwE0kGDq1/DMwuypCg0Nq7ci/S', true, null);
INSERT INTO art_ping.user VALUES ('af12ba55-4676-4bb7-93a1-2ca2466a3615', 'testUser737', '$2a$10$DNAkl0v7Wgx6TIVmY.6wSeg2kLzR8tPmP/lIG5UaAj/ptG.rIpJk.', true, null);
INSERT INTO art_ping.user VALUES ('d7ab546e-1bac-4fbc-bdf7-e35282179e78', 'testUser738', '$2a$10$Ksczk9RaBO8P78QlDzAASO3U9hf/Xd40UGat.eCsIwuXtTfG9AvQO', true, null);
INSERT INTO art_ping.user VALUES ('3a287845-7be9-4dfd-8f59-89b49b5bca13', 'testUser739', '$2a$10$Au1Eip3vWz4Av2o6rTwaeO9AG5LFjHM9qaJATE0I2hD2dsvTM7Tem', true, null);
INSERT INTO art_ping.user VALUES ('c0e85b15-d216-42a0-b588-5a943f65dfa8', 'testUser740', '$2a$10$F0xxnT5HN/hwCGKDlMV81.dMWuVlfvn7B2mzFK60nY8tpQ/ygTLbi', true, null);
INSERT INTO art_ping.user VALUES ('689a8bfc-0058-4b7d-ad8d-ab64ccc51f00', 'testUser741', '$2a$10$H45CpVJNNC5VEEj6YJpwlOiqBi.XS6RYmi191LHgBT..agJpElGQW', true, null);
INSERT INTO art_ping.user VALUES ('a58b0af9-7608-4874-a66b-1907d55ddd48', 'testUser742', '$2a$10$v.uWiQTB9ilKwK2mUzp8MeWtjZZupBiAsjDFT0LpFdjMy4A9T2orC', true, null);
INSERT INTO art_ping.user VALUES ('418da012-aa66-4952-a3de-0a124e76c100', 'testUser743', '$2a$10$TJ3HvZg5ADlnzPoZzxHMuO/R1NUbGKEoDRNMrrO0qJ6ZqUy5RdoWK', true, null);
INSERT INTO art_ping.user VALUES ('87e1c5b1-856a-4672-816d-db02f4ba0f61', 'testUser744', '$2a$10$2kAjFce2UYI4h2wdoDljN.elXbgWEqQXmUm91tPs4Ffn6qYe.BGR.', true, null);
INSERT INTO art_ping.user VALUES ('0ae14619-e315-4453-9dcb-4a5698eb258f', 'testUser745', '$2a$10$D8yo7fKfrlArFC13er1cSe7M6e3U2i30RgmEfGpJEwEJvLc6YqSDq', true, null);
INSERT INTO art_ping.user VALUES ('7598642c-a7bd-4b99-90b5-c98c41782ec0', 'testUser746', '$2a$10$MFQAMhmdvEK7O1uVUdlupO1vSnFMLNDPCQZz2Rl76HQraPE2x1O5.', true, null);
INSERT INTO art_ping.user VALUES ('35514c20-78be-4d7b-9388-1c1997f50a06', 'testUser747', '$2a$10$l5TiO09CbY/8h50B/gsz8eHl.r2zUn09Lhv6An6MLiWmVzX3KPVFC', true, null);
INSERT INTO art_ping.user VALUES ('b5114321-3fe0-4535-9a92-87f5b78c00f1', 'testUser748', '$2a$10$F0mthzbvmX32RjSV9fIti.54LU0aSVUq2u8FYdlYCclPJi/1eSWja', true, null);
INSERT INTO art_ping.user VALUES ('4bfdc1fa-f1e5-4677-a71b-d3353b87a5c0', 'testUser749', '$2a$10$/cgQK..3xjn/Bc2AUpDp1.DfK49Z/dnVMP6HLvvooaQF8uGmbbLiy', true, null);
INSERT INTO art_ping.user VALUES ('7cb86668-5c01-431c-af00-4ee3976bc539', 'testUser750', '$2a$10$pJv4slU3lFktYFzCdusRXevNxDs6HMIabgqHX.eXdO.1Ga4DNL0tm', true, null);
INSERT INTO art_ping.user VALUES ('5c316ab2-c1bf-4bd1-9b3d-85ec9fe0fcc2', 'testUser751', '$2a$10$qXUIl3OuSS5G797PT8UzX.MiRDlsGb5Q7qrwjaaspc6B3KcHFJ.se', true, null);
INSERT INTO art_ping.user VALUES ('e4f2491e-8c96-4294-bc87-690dcd9c3d6f', 'testUser752', '$2a$10$AkfnDncqV8xdN5yZ7PhwZeIFu8kg5fpi5asalAfv8Ga8SnF7JeHoK', true, null);
INSERT INTO art_ping.user VALUES ('80547fa3-f7de-4c7e-81fd-dedc39a353f0', 'testUser753', '$2a$10$VO0d7bMXaxdalf9Na5NpVeRfedqdE1RDpvxuGTQ/F/hmQnls5JoRW', true, null);
INSERT INTO art_ping.user VALUES ('7ad82555-0973-4cd9-ae20-6322eda91554', 'testUser754', '$2a$10$U7a0l0z.Ioy7tfbnVKbn8e6AtlHUBaPDrozHv5ZVwEJcXfNPiM7We', true, null);
INSERT INTO art_ping.user VALUES ('ac9bee2d-beda-4703-9934-5dea150456e8', 'testUser755', '$2a$10$f6gFMxOMq9QELtaP6SoRnODzoleQVJ4zSZxvZlxlDx8YIz.ZeB5wa', true, null);
INSERT INTO art_ping.user VALUES ('43bb9fcc-a2b4-4cd4-b80a-ef43bbf2e297', 'testUser756', '$2a$10$NaP8YCeokIezF8FetoSbGe09GKCyIpbfs4NNV/JrmqCSP1wD3le0G', true, null);
INSERT INTO art_ping.user VALUES ('4791ab26-c3a7-4a4c-8139-21322232d211', 'testUser757', '$2a$10$IN6HY6/urvlCMPm87sJwkeaIC4gvVAXzaNKhcfjWEqy0cMY3YCltO', true, null);
INSERT INTO art_ping.user VALUES ('cacfee26-d458-4c7d-bbb9-ec19c3fff65e', 'testUser758', '$2a$10$fO7ofP6Mz2uF7XmsWqaaNOzjrIcz6XWNzE8AV.4XB4OcvUh8fVvES', true, null);
INSERT INTO art_ping.user VALUES ('558f287d-ddca-4c59-b1b5-7a771390f27f', 'testUser759', '$2a$10$DzaM0Gr34yeRALqzKbLq2OU2M6lu2Ap1qYOis04yRoyfi/ZICyIcy', true, null);
INSERT INTO art_ping.user VALUES ('570d4b94-0904-4b53-8714-cebc26b0cb4d', 'testUser760', '$2a$10$SozJZ5bjJw4c2flg34eEkelpkO/j4AA5f2Q2AVwfrG4/fmL9eqLMa', true, null);
INSERT INTO art_ping.user VALUES ('988f3597-ef71-44b2-b13c-b6b0c630d7ce', 'testUser761', '$2a$10$DX/2lNnxsIUS4.d015rDGueyyJEDdtG5sxn/5FSjW5DVgz4W6GHNu', true, null);
INSERT INTO art_ping.user VALUES ('ae88bc19-da72-4f94-a96e-72942a19a5bb', 'testUser762', '$2a$10$AJyxDTax/idKh/xsx0Yuo.LkMkVdKM/xxJ42yupyfZ6KCwE/XanwG', true, null);
INSERT INTO art_ping.user VALUES ('b0f59f3f-a6bb-4ca6-8e40-8a3d339825d9', 'testUser763', '$2a$10$T7yZu7rP29VisnyiU3M7N.TYxFBXKVhyxL.Tyx7b5vCCxVvXqxXHK', true, null);
INSERT INTO art_ping.user VALUES ('7876a3e3-af62-4639-bdc9-e7bda8335872', 'testUser764', '$2a$10$0Ap8b3DL1AlhI9DcU2JY8e.CaGozNXMPYYfcY.Gwc75xQ9mUxw.Q.', true, null);
INSERT INTO art_ping.user VALUES ('c7b94a30-69e3-4a40-98a9-7331219fda41', 'testUser765', '$2a$10$RK2RrOeGBWtsmHiWWWpJKeHB5nkq.GI/p9bAvM5n.HtgClS.HBvJ6', true, null);
INSERT INTO art_ping.user VALUES ('1622ed2b-dd4b-4515-bd18-482f6f3fe164', 'testUser766', '$2a$10$q0taYXNFcdCV3tvJ8yX/cu3nXS1T32rYSW40t0hifiQlVVS9tSDiC', true, null);
INSERT INTO art_ping.user VALUES ('9c9866f2-70a5-46c1-b669-32936e087f9e', 'testUser767', '$2a$10$Jlcu2G.6Gs5Ypksc6rwQ6.bNeAgKeSpkxtROS9r16BDabjUkuO2Zy', true, null);
INSERT INTO art_ping.user VALUES ('ad67c8ec-33c8-41f4-90f5-39d11ebbd186', 'testUser768', '$2a$10$lEOtKpUpvCaFMRb.WP6bL.ep7z874jGAKO/vk5oZV13qqCA5K3eL2', true, null);
INSERT INTO art_ping.user VALUES ('29e325d8-7068-4c2c-9494-bd36d80d4214', 'testUser769', '$2a$10$DyJV5sN6.dHs6kDW8T.9rOsW.dV3C66mrTYClPg2GDwL05klw0gg6', true, null);
INSERT INTO art_ping.user VALUES ('fc3cf1fd-805f-42c9-a088-c7859bd027a9', 'testUser770', '$2a$10$12BVR46joeSDqo9p5/l0PeGnpwqxP86sCRL2PZNGjo2YsXCygzfHm', true, null);
INSERT INTO art_ping.user VALUES ('4982eae2-695a-466a-8e71-5f749ed36814', 'testUser771', '$2a$10$S8tr..MxDoHtl9wv2oy1zeabsp5T5C7/zTFKlPju3Jhy.VKwa/Gcm', true, null);
INSERT INTO art_ping.user VALUES ('87599cce-d9ea-4bad-9ddd-92a65211cd4d', 'testUser772', '$2a$10$piP13s.f17za6mhX3jpkF.opYs0Dwg7AFBuBYPekMzVBJ4NRvQNry', true, null);
INSERT INTO art_ping.user VALUES ('c9232747-6310-4862-a885-ee89edc4e219', 'testUser773', '$2a$10$gzxgd28zFbY4QLi.eknqdOf48VIo4dveIG0PaFDDVoJQYPRYxEmzq', true, null);
INSERT INTO art_ping.user VALUES ('2c458909-b56d-49cc-89d3-64f3c1817207', 'testUser774', '$2a$10$5E0RtNmo4YX6VFDeVPRzTuUj2SCom1Jzdk2K/ytc.c7TrsVMYE2Ce', true, null);
INSERT INTO art_ping.user VALUES ('f8fc34d3-02c8-4eca-9f80-29efb6f39523', 'testUser775', '$2a$10$L4bjn8EV5FNRaSJDC1AEru/eTQKcpf/zNOUUT5JXA9sCEMMTMjwta', true, null);
INSERT INTO art_ping.user VALUES ('3a9006f6-d2c9-467f-9bf8-189a1e900fb4', 'testUser776', '$2a$10$nZcdQeWxIWdAqYe/qNha0ODJdAkgXqkqNdh/F/PMbRgNz7DeDVVSC', true, null);
INSERT INTO art_ping.user VALUES ('fc0259cc-ad32-48f4-b8ea-3c89d51d6721', 'testUser777', '$2a$10$Y703SSaFsg/FapOHU16P/es0kHW86LO0Af3q0A8YoxNKkQj2.IU12', true, null);
INSERT INTO art_ping.user VALUES ('7330a5b6-01fd-4a55-8cbb-14a02684d602', 'testUser778', '$2a$10$K1SxcWfcN/xlUkW.NhalweArULx6oVyyngWpD3NsSef3D1e6QSi76', true, null);
INSERT INTO art_ping.user VALUES ('5c231f99-25d8-41aa-bfe6-2cefb990f4bf', 'testUser779', '$2a$10$D0wUu3wMeLl/W7Hl2imQS.5gJ5lJFEWic2enn8oMiPd74A07lh9Ee', true, null);
INSERT INTO art_ping.user VALUES ('d46f0698-a92b-4aab-845f-6f4a6c6427fc', 'testUser780', '$2a$10$9b5UNtf6vJs5zkPxhiwKyeiTcyBwCNZJu8A2FKGNcBEV6tEwPpELy', true, null);
INSERT INTO art_ping.user VALUES ('4dd1b3ca-2d7f-465a-bc9c-d9ba24ad8499', 'testUser781', '$2a$10$M4DEtyQ7KwTPHtTBeVm3weQQczYYF1mSah.8R3Im0sBT03HJSWNn2', true, null);
INSERT INTO art_ping.user VALUES ('7b52f26c-770f-43d0-b6c9-4e8f2f76d342', 'testUser782', '$2a$10$x.KwPkeH./NZFpQkqj.ZJ.V.4A8lEw3AeAzCK5k6a0E85TyIl/Wae', true, null);
INSERT INTO art_ping.user VALUES ('ece92ccb-a037-4e46-9057-b10a8302f0c3', 'testUser783', '$2a$10$WoxrRf7al4XteFn9UzNT9OV2cyCwZyxk8L5r5W/rhOpLforFFHyf2', true, null);
INSERT INTO art_ping.user VALUES ('6cd7a456-21d5-4ca3-bd9f-0a0495dff061', 'testUser784', '$2a$10$GyvrjhO9yKXRvQbYT7dAwetbBXayIMkoDT4SvIB4.S8EJXxmE2q4y', true, null);
INSERT INTO art_ping.user VALUES ('a169459c-382b-4bda-a4c0-2ff1b76176dc', 'testUser785', '$2a$10$425OQJIQXcFo6Uc3b0eB0.YSEF3QMLUqTKcJzMo0XIjKdj8RWFd8O', true, null);
INSERT INTO art_ping.user VALUES ('6573370a-951f-473d-90d8-ebf5140a8e5c', 'testUser786', '$2a$10$utcRWZ8vl.5jtt60TzTu3OttwxAfrGgEBaoNpZJSz0Kh1bIYcY2Pe', true, null);
INSERT INTO art_ping.user VALUES ('47236a95-3df5-4440-a422-950de9d2d503', 'testUser787', '$2a$10$nhPH7TNaeguXaedpn35lLOXc/5j21SqWT8max8S7RcSHFGbWHjr9S', true, null);
INSERT INTO art_ping.user VALUES ('83f9d66a-0695-41dc-9374-eb24d783bcfc', 'testUser788', '$2a$10$Dh9Nxf4CQgJ2YRpllepvm.ODPqbyX68XAXethVViYWPN428FTbRha', true, null);
INSERT INTO art_ping.user VALUES ('f86518de-6239-4f23-bab4-2fab272d6040', 'testUser789', '$2a$10$Z41uWL34dTT254XSk95SpegAFoxnqSWWSMR98Wb7D46ZMv7oMBfhi', true, null);
INSERT INTO art_ping.user VALUES ('4e436b2b-94f5-4dfb-841d-530c47556733', 'testUser790', '$2a$10$o1V89ioD2bEDtV8jMxGS4uNvyPhRIzxiYO4MMD62aKveZ2tY5A3VO', true, null);
INSERT INTO art_ping.user VALUES ('22e610aa-bd38-4715-9566-418c6a1e3641', 'testUser791', '$2a$10$3w1nOYTr1.6I5q5qGu6c6OUVzY0p/rpSdwl0hDykgTXp0K6FRoLg2', true, null);
INSERT INTO art_ping.user VALUES ('5a773dec-a847-46ad-adca-70d394920a8f', 'testUser792', '$2a$10$lnmd60K86drlPb4WWnPYBu.lS3KFFpLKxPEECEljaIPQDY2avyseW', true, null);
INSERT INTO art_ping.user VALUES ('1c21a0ab-11e4-4c00-875e-6ead37eb3aa3', 'testUser793', '$2a$10$6H9YH5dXGjVU1wSiKguQWeg6Dnps9ydq2INS1o8SgGx3q4IKoVC32', true, null);
INSERT INTO art_ping.user VALUES ('a82114ed-986e-4ce4-a5fe-ac5c34448027', 'testUser794', '$2a$10$ck18W2QrwIZSYBTmd24vYu/ZzakjHu31BRNIdiIFr8sEaAjXWOa1y', true, null);
INSERT INTO art_ping.user VALUES ('9d93d812-a95f-4ead-9755-fdb0d9b19570', 'testUser795', '$2a$10$TtSNdRm6b1NosxK7IPWJHembGfyro55UJpo0DXCYt1N.FECBBDDQW', true, null);
INSERT INTO art_ping.user VALUES ('5cc1f517-2b57-4a58-9c5b-f41419723bae', 'testUser796', '$2a$10$8a3AUdTBGuNApUBHK8trpeLsZnDetGdjPxaxqqzwloIM9pjg/z2/m', true, null);
INSERT INTO art_ping.user VALUES ('5707fa6f-ea71-42ce-8b60-ce26889dc47e', 'testUser797', '$2a$10$zUHWlCB.xpCPNngILPXbvO5g7h1vZ87Xxu5FBtE4RYO03/WCmxVhu', true, null);
INSERT INTO art_ping.user VALUES ('90f76023-52b0-48a6-a6e1-4bb7d876ff8d', 'testUser798', '$2a$10$e38y4CsBFsrckppafY1gruyyEtE7EgLu6PAo3vm4Ug.oq.gnKznf.', true, null);
INSERT INTO art_ping.user VALUES ('0d30f404-814e-4fa1-a85f-27f2f99e9ccc', 'testUser799', '$2a$10$.HMSah/ZZ3sdlIYKC32vCOMDv3xeAWSCRPIeSyssE24T1Fv2pGhqa', true, null);
INSERT INTO art_ping.employee (id, first_name, last_name, office_id, user_id, leave_date, updated, login, email, calendar_id) VALUES ('1a5484bd-7b93-4ed8-a7f7-26e3af3c9b10', 'employeeName0', 'employeeLastName0', '105cec0a-b10a-4b12-9728-8aa01b5f71a2', 'cd49b7fb-78d3-4009-a527-eec218cff90c', null, '2021-12-23T15:57:56.162336500', 'testUser0', 'employee0@em.com', '4f8309e8-83d1-4eaf-9912-b667ae17a8f4');
INSERT INTO art_ping.employee_role VALUES ('755eaa0f-0d36-4b1d-b481-ec4c41e84a3f', '1a5484bd-7b93-4ed8-a7f7-26e3af3c9b10', '9f4932a6-c650-4cd2-9338-2eefa47aeb35');
INSERT INTO art_ping.employee_role VALUES ('e6bd14d7-3ead-4f32-b2ec-0409a268ae94', '1a5484bd-7b93-4ed8-a7f7-26e3af3c9b10', 'e7051ffa-0edb-4ac7-84ed-12c1d3b2b5f8');
INSERT INTO art_ping.employee_role VALUES ('1cf7fa82-c2cc-49e4-b1e6-cca6565e42c0', '1a5484bd-7b93-4ed8-a7f7-26e3af3c9b10', 'eea13552-ad24-4165-bce4-f1b22776739c');
INSERT INTO art_ping.employee (id, first_name, last_name, office_id, user_id, leave_date, updated, login, email, calendar_id) VALUES ('8df33974-bbfb-4503-adc0-d790a20ed541', 'employeeName1', 'employeeLastName1', 'a612cce5-b15b-42eb-bf6d-e0888d1b00cd', '894cb730-26b4-4316-adad-b4dae7405df3', null, '2021-12-23T15:57:56.169332400', 'testUser1', 'employee1@em.com', 'f85375e3-ece3-447f-81a6-2931737032df');
INSERT INTO art_ping.employee_role VALUES ('7bac2f29-ee7b-45e6-b62e-a00a75ee8868', '8df33974-bbfb-4503-adc0-d790a20ed541', '992e5c70-7b14-44ae-b2fc-d0c884659841');
INSERT INTO art_ping.employee_role VALUES ('11c7680b-f13d-4d21-b43b-cd3de650c10f', '8df33974-bbfb-4503-adc0-d790a20ed541', '9f4932a6-c650-4cd2-9338-2eefa47aeb35');
INSERT INTO art_ping.employee_role VALUES ('de04a264-b397-494f-a981-860375c29984', '8df33974-bbfb-4503-adc0-d790a20ed541', 'eea13552-ad24-4165-bce4-f1b22776739c');
INSERT INTO art_ping.employee (id, first_name, last_name, office_id, user_id, leave_date, updated, login, email, calendar_id) VALUES ('fcb8cfae-fc2f-4c8a-87aa-3b3d2c8a5880', 'employeeName2', 'employeeLastName2', 'd014cdcb-f321-4616-abfb-3bffd695ae2d', 'dd201d84-38c3-4a90-ab64-6aee255d9f60', null, '2021-12-23T15:57:56.169332400', 'testUser2', 'employee2@em.com', 'f83e41d6-04f0-4b04-b4f1-949c46b31d00');
INSERT INTO art_ping.employee_role VALUES ('bed937fe-175f-45f7-8a5f-7cd70faa2ee3', 'fcb8cfae-fc2f-4c8a-87aa-3b3d2c8a5880', '992e5c70-7b14-44ae-b2fc-d0c884659841');
INSERT INTO art_ping.employee_role VALUES ('f3709e05-2ec6-4a87-b9aa-3e2fbecd434b', 'fcb8cfae-fc2f-4c8a-87aa-3b3d2c8a5880', '5b204bc5-6430-4939-aa23-17b1482c6d98');
INSERT INTO art_ping.employee_role VALUES ('cd0866ae-bce5-4172-aad3-8a63e1b53ac8', 'fcb8cfae-fc2f-4c8a-87aa-3b3d2c8a5880', 'eea13552-ad24-4165-bce4-f1b22776739c');
INSERT INTO art_ping.employee (id, first_name, last_name, office_id, user_id, leave_date, updated, login, email, calendar_id) VALUES ('d26bf81b-cb46-448c-8011-1909509433d6', 'employeeName3', 'employeeLastName3', 'd8c3dacc-3d00-469b-995b-fd016ff83c55', '0b24d632-f1c2-40e6-8c86-e06d90831248', null, '2021-12-23T15:57:56.169332400', 'testUser3', 'employee3@em.com', 'bf441199-ac71-46e6-966f-13b0db15c311');
INSERT INTO art_ping.employee_role VALUES ('548b33d2-b72c-44f0-8358-37df85298e62', 'd26bf81b-cb46-448c-8011-1909509433d6', '992e5c70-7b14-44ae-b2fc-d0c884659841');
INSERT INTO art_ping.employee_role VALUES ('65e96e80-4516-4a4b-a6fa-b69109b6bc8a', 'd26bf81b-cb46-448c-8011-1909509433d6', '5b204bc5-6430-4939-aa23-17b1482c6d98');
INSERT INTO art_ping.employee_role VALUES ('d976350a-7f10-47f3-8dd3-0df1ab4472f3', 'd26bf81b-cb46-448c-8011-1909509433d6', 'e7051ffa-0edb-4ac7-84ed-12c1d3b2b5f8');
INSERT INTO art_ping.employee_role VALUES ('09f5ff1d-d54b-4280-9141-aa2d96c17510', 'd26bf81b-cb46-448c-8011-1909509433d6', 'eea13552-ad24-4165-bce4-f1b22776739c');
INSERT INTO art_ping.employee (id, first_name, last_name, office_id, user_id, leave_date, updated, login, email, calendar_id) VALUES ('00fc6cb3-34cd-4069-9d7e-99624391bb79', 'employeeName4', 'employeeLastName4', '1723eea8-a9a6-48b2-859d-4fcd946ed2f9', '9a2690e4-3b0c-4d8f-890d-0b85ed08d9d7', null, '2021-12-23T15:57:56.169332400', 'testUser4', 'employee4@em.com', '6eab5509-7a0b-41f7-b4cc-4cba817a5a6d');
INSERT INTO art_ping.employee_role VALUES ('f1af41ef-a948-433c-b24f-f025a5fcd94c', '00fc6cb3-34cd-4069-9d7e-99624391bb79', '5b204bc5-6430-4939-aa23-17b1482c6d98');
INSERT INTO art_ping.employee_role VALUES ('76766c40-5c8c-4498-9b69-ad5bedf987f0', '00fc6cb3-34cd-4069-9d7e-99624391bb79', 'e7051ffa-0edb-4ac7-84ed-12c1d3b2b5f8');
INSERT INTO art_ping.employee_role VALUES ('01b0fb22-66fc-413d-8971-1a46c42727ba', '00fc6cb3-34cd-4069-9d7e-99624391bb79', 'eea13552-ad24-4165-bce4-f1b22776739c');
INSERT INTO art_ping.employee (id, first_name, last_name, office_id, user_id, leave_date, updated, login, email, calendar_id) VALUES ('b64b1095-2d78-4e25-9e05-12a050f5008a', 'employeeName5', 'employeeLastName5', '8da65beb-3f12-45d1-818e-d41858007f50', '1362b8ca-deea-48fb-bc7d-ed572f9d11e2', null, '2021-12-23T15:57:56.169332400', 'testUser5', 'employee5@em.com', '10387938-3ba2-4382-8a36-f7a5769851e4');
INSERT INTO art_ping.employee_role VALUES ('01ae0592-71fc-4e02-a2d5-fa98511af43d', 'b64b1095-2d78-4e25-9e05-12a050f5008a', 'e7051ffa-0edb-4ac7-84ed-12c1d3b2b5f8');
INSERT INTO art_ping.employee_role VALUES ('fa5d3e27-56ab-4cd4-9b8c-efd9e109a03d', 'b64b1095-2d78-4e25-9e05-12a050f5008a', 'eea13552-ad24-4165-bce4-f1b22776739c');
INSERT INTO art_ping.employee (id, first_name, last_name, office_id, user_id, leave_date, updated, login, email, calendar_id) VALUES ('535b7d85-758b-4d74-aa39-21d17204611b', 'employeeName6', 'employeeLastName6', 'a892b4bd-1376-4812-bb19-9bfe671380c1', '7d9f745c-3269-4d3d-aeab-7afc89385f10', null, '2021-12-23T15:57:56.169332400', 'testUser6', 'employee6@em.com', '6740ee80-af1f-4f7c-830d-0022eb5c71ff');
INSERT INTO art_ping.employee_role VALUES ('37c78e81-b875-4916-8353-c9e894f1f1f0', '535b7d85-758b-4d74-aa39-21d17204611b', '5b204bc5-6430-4939-aa23-17b1482c6d98');
INSERT INTO art_ping.employee_role VALUES ('b0ec5d58-3eef-4889-bb3a-336d2ac4d3bc', '535b7d85-758b-4d74-aa39-21d17204611b', 'e7051ffa-0edb-4ac7-84ed-12c1d3b2b5f8');
INSERT INTO art_ping.employee_role VALUES ('46303a29-45c3-427a-a749-5d7483a984a0', '535b7d85-758b-4d74-aa39-21d17204611b', 'eea13552-ad24-4165-bce4-f1b22776739c');
INSERT INTO art_ping.employee (id, first_name, last_name, office_id, user_id, leave_date, updated, login, email, calendar_id) VALUES ('375352c8-70c6-4a89-9ce3-1098a0bf225e', 'employeeName7', 'employeeLastName7', 'acbb1a78-429e-4743-b945-5a470fdf250c', '73612cba-22a7-4a70-bc71-5b363af1a2bc', null, '2021-12-23T15:57:56.170332400', 'testUser7', 'employee7@em.com', '4ad4a8b0-be32-4038-8805-842060a2a44a');
INSERT INTO art_ping.employee_role VALUES ('c7b4e4f8-d03a-4448-8acb-4978e4312c50', '375352c8-70c6-4a89-9ce3-1098a0bf225e', '5b204bc5-6430-4939-aa23-17b1482c6d98');
INSERT INTO art_ping.employee_role VALUES ('77801f17-183b-46a6-998a-82d867d42c76', '375352c8-70c6-4a89-9ce3-1098a0bf225e', 'eea13552-ad24-4165-bce4-f1b22776739c');
INSERT INTO art_ping.employee (id, first_name, last_name, office_id, user_id, leave_date, updated, login, email, calendar_id) VALUES ('ff815e1a-552a-4b9e-bb37-738ff0b16e61', 'employeeName8', 'employeeLastName8', '8479d6d7-f5b5-476d-abd7-00c9864f2a67', '0b06e7de-a390-4fc8-a93f-99b1303a7d4f', null, '2021-12-23T15:57:56.170332400', 'testUser8', 'employee8@em.com', 'b064dd5f-52a1-4b23-a462-daf5a3f31f3b');
INSERT INTO art_ping.employee_role VALUES ('2f511c1a-8162-46bc-8964-bae56b5d793f', 'ff815e1a-552a-4b9e-bb37-738ff0b16e61', '992e5c70-7b14-44ae-b2fc-d0c884659841');
INSERT INTO art_ping.employee_role VALUES ('3e7fde3e-30e9-4195-9f86-c5302bbc9a5c', 'ff815e1a-552a-4b9e-bb37-738ff0b16e61', 'eea13552-ad24-4165-bce4-f1b22776739c');
INSERT INTO art_ping.employee (id, first_name, last_name, office_id, user_id, leave_date, updated, login, email, calendar_id) VALUES ('37507164-90ac-403a-8f6e-c68295cc128e', 'employeeName9', 'employeeLastName9', '833ab0c4-af02-4d67-a0ab-7870bcdc7a4b', '877c9577-a696-4a49-8242-397293342e0e', null, '2021-12-23T15:57:56.170332400', 'testUser9', 'employee9@em.com', 'ece84e5d-f32a-4165-aaeb-9c7fcf4ad087');
INSERT INTO art_ping.employee_role VALUES ('21e1bb99-53d7-4369-a0bf-57504944a100', '37507164-90ac-403a-8f6e-c68295cc128e', '992e5c70-7b14-44ae-b2fc-d0c884659841');
INSERT INTO art_ping.employee_role VALUES ('2d88e030-f57c-4687-92b6-154a24830b73', '37507164-90ac-403a-8f6e-c68295cc128e', '9f4932a6-c650-4cd2-9338-2eefa47aeb35');
INSERT INTO art_ping.employee_role VALUES ('dd233b67-edc8-4e6e-937f-480c6dac4486', '37507164-90ac-403a-8f6e-c68295cc128e', 'e7051ffa-0edb-4ac7-84ed-12c1d3b2b5f8');
INSERT INTO art_ping.employee_role VALUES ('53e2f504-ca5e-4716-8cc7-509d6051fa4f', '37507164-90ac-403a-8f6e-c68295cc128e', 'eea13552-ad24-4165-bce4-f1b22776739c');
INSERT INTO art_ping.employee (id, first_name, last_name, office_id, user_id, leave_date, updated, login, email, calendar_id) VALUES ('853d7de4-dc4c-4eec-915b-3872c26e0cbd', 'employeeName10', 'employeeLastName10', 'd8c3dacc-3d00-469b-995b-fd016ff83c55', '01b877f1-ab80-418c-a9d1-51845bf21a65', null, '2021-12-23T15:57:56.170332400', 'testUser10', 'employee10@em.com', 'bf441199-ac71-46e6-966f-13b0db15c311');
INSERT INTO art_ping.employee_role VALUES ('3ce61c5b-1b02-4c50-b07a-23475622af9b', '853d7de4-dc4c-4eec-915b-3872c26e0cbd', '992e5c70-7b14-44ae-b2fc-d0c884659841');
INSERT INTO art_ping.employee_role VALUES ('fbf94ca8-daaf-4e21-aec1-e58e5a8746b8', '853d7de4-dc4c-4eec-915b-3872c26e0cbd', '9f4932a6-c650-4cd2-9338-2eefa47aeb35');
INSERT INTO art_ping.employee_role VALUES ('990330b8-b358-4610-a1eb-d7a8885e3c26', '853d7de4-dc4c-4eec-915b-3872c26e0cbd', 'eea13552-ad24-4165-bce4-f1b22776739c');
INSERT INTO art_ping.employee (id, first_name, last_name, office_id, user_id, leave_date, updated, login, email, calendar_id) VALUES ('d50a29c0-ef34-44a1-a19c-0889ca4a3ecd', 'employeeName11', 'employeeLastName11', '688e4de4-013d-4a4c-aff1-13dea7d2ced8', '7c7455a9-103f-448f-8f03-30b2f738f907', null, '2021-12-23T15:57:56.170332400', 'testUser11', 'employee11@em.com', 'bf441199-ac71-46e6-966f-13b0db15c311');
INSERT INTO art_ping.employee_role VALUES ('169f0fd2-a0e3-409c-9ddc-cdd05bce532f', 'd50a29c0-ef34-44a1-a19c-0889ca4a3ecd', '992e5c70-7b14-44ae-b2fc-d0c884659841');
INSERT INTO art_ping.employee_role VALUES ('99219353-9a2d-409c-90e0-b4230d56ac57', 'd50a29c0-ef34-44a1-a19c-0889ca4a3ecd', 'e7051ffa-0edb-4ac7-84ed-12c1d3b2b5f8');
INSERT INTO art_ping.employee_role VALUES ('bf6d4bf7-fab3-4fb9-969a-76be87533b8f', 'd50a29c0-ef34-44a1-a19c-0889ca4a3ecd', 'eea13552-ad24-4165-bce4-f1b22776739c');
INSERT INTO art_ping.employee (id, first_name, last_name, office_id, user_id, leave_date, updated, login, email, calendar_id) VALUES ('72a38b2d-0329-4d0b-85d5-6f4be052ef1a', 'employeeName12', 'employeeLastName12', '0818408e-9c42-4aad-b6ef-c4293fd4a112', 'dc1b45ca-fedb-46ca-8095-621f94390c16', null, '2021-12-23T15:57:56.170332400', 'testUser12', 'employee12@em.com', '987a48d2-2eed-492e-adbb-718872384007');
INSERT INTO art_ping.employee_role VALUES ('706ed34b-2be1-417d-8dcf-72fdabd05824', '72a38b2d-0329-4d0b-85d5-6f4be052ef1a', '992e5c70-7b14-44ae-b2fc-d0c884659841');
INSERT INTO art_ping.employee_role VALUES ('6c72a7dd-da1e-4c02-88a5-26b87dfe453d', '72a38b2d-0329-4d0b-85d5-6f4be052ef1a', '5b204bc5-6430-4939-aa23-17b1482c6d98');
INSERT INTO art_ping.employee_role VALUES ('0cb89d10-ee68-411c-b38a-73fce9bdad03', '72a38b2d-0329-4d0b-85d5-6f4be052ef1a', 'eea13552-ad24-4165-bce4-f1b22776739c');
INSERT INTO art_ping.employee (id, first_name, last_name, office_id, user_id, leave_date, updated, login, email, calendar_id) VALUES ('ef15254f-a4cf-4eea-bcd8-6498dd842f78', 'employeeName13', 'employeeLastName13', 'dfc28bc5-9277-4c10-85c8-911a0f2728cb', 'a06d6505-f92d-43d8-8464-1c509ff98097', null, '2021-12-23T15:57:56.170332400', 'testUser13', 'employee13@em.com', '6566ab75-9d9c-4b15-a7da-d064ec296488');
INSERT INTO art_ping.employee_role VALUES ('c13690bb-47c4-4e0c-a085-6930588121de', 'ef15254f-a4cf-4eea-bcd8-6498dd842f78', 'eea13552-ad24-4165-bce4-f1b22776739c');
INSERT INTO art_ping.employee_role VALUES ('c13690bb-47c4-4e0c-a085-6930588121de', 'ef15254f-a4cf-4eea-bcd8-6498dd842f78', '992e5c70-7b14-44ae-b2fc-d0c884659841');
INSERT INTO art_ping.employee (id, first_name, last_name, office_id, user_id, leave_date, updated, login, email, calendar_id) VALUES ('44c9c411-075c-47c0-a41a-30b2b1f2d191', 'employeeName14', 'employeeLastName14', '6349eae1-0921-42a1-8d63-286d921af9fa', 'aee74c22-e4b1-475a-900e-a5f9c032129f', null, '2021-12-23T15:57:56.170332400', 'testUser14', 'employee14@em.com', '72be929c-8187-459f-a698-1a08fa9a158b');
INSERT INTO art_ping.employee_role VALUES ('f140d99c-0cfa-4823-a7b4-e1d675fdf9cc', '44c9c411-075c-47c0-a41a-30b2b1f2d191', '992e5c70-7b14-44ae-b2fc-d0c884659841');
INSERT INTO art_ping.employee_role VALUES ('cf490419-79a2-41e4-b79b-9eda15c638cf', '44c9c411-075c-47c0-a41a-30b2b1f2d191', 'eea13552-ad24-4165-bce4-f1b22776739c');
INSERT INTO art_ping.employee (id, first_name, last_name, office_id, user_id, leave_date, updated, login, email, calendar_id) VALUES ('f1390d56-a7f9-4ed6-a315-8e5d3128590e', 'employeeName15', 'employeeLastName15', 'db0fcc20-9df0-47e7-91cf-0b3967114efb', 'dbeed98b-e971-47cc-99c5-f01aa4fc3c7c', null, '2021-12-23T15:57:56.170332400', 'testUser15', 'employee15@em.com', 'a669e8f0-dd0f-4e0d-bf3a-e16bd701feca');
INSERT INTO art_ping.employee_role VALUES ('f9f6a6fc-0f8a-4fa4-8990-7b5683116945', 'f1390d56-a7f9-4ed6-a315-8e5d3128590e', '992e5c70-7b14-44ae-b2fc-d0c884659841');
INSERT INTO art_ping.employee_role VALUES ('2b579ab1-7a2c-4852-b48e-ecfeac3e868e', 'f1390d56-a7f9-4ed6-a315-8e5d3128590e', 'eea13552-ad24-4165-bce4-f1b22776739c');
INSERT INTO art_ping.employee (id, first_name, last_name, office_id, user_id, leave_date, updated, login, email, calendar_id) VALUES ('5eba329b-26d1-470b-9c1d-9b45c8aef6c1', 'employeeName16', 'employeeLastName16', '5d88860e-031e-4d3b-9d5b-c1856814135d', '3dcc24fd-0252-485b-a585-fc8f7cb05c78', null, '2021-12-23T15:57:56.170332400', 'testUser16', 'employee16@em.com', '43c5a337-ec92-4fc9-955e-599163eab623');
INSERT INTO art_ping.employee_role VALUES ('04bade3b-db66-4356-b244-88b9286711db', '5eba329b-26d1-470b-9c1d-9b45c8aef6c1', '9f4932a6-c650-4cd2-9338-2eefa47aeb35');
INSERT INTO art_ping.employee_role VALUES ('3a0effac-9814-46c0-841f-ae4484fe2eac', '5eba329b-26d1-470b-9c1d-9b45c8aef6c1', 'e7051ffa-0edb-4ac7-84ed-12c1d3b2b5f8');
INSERT INTO art_ping.employee_role VALUES ('f0a058f3-51c8-4e2b-be97-3e242efc22e4', '5eba329b-26d1-470b-9c1d-9b45c8aef6c1', 'eea13552-ad24-4165-bce4-f1b22776739c');
INSERT INTO art_ping.employee (id, first_name, last_name, office_id, user_id, leave_date, updated, login, email, calendar_id) VALUES ('a5c55288-cba6-44c0-a078-d34a51694cb8', 'employeeName17', 'employeeLastName17', 'b15cc261-dca8-4de6-b0db-028e9fd4c6b0', 'e4d22083-1917-473d-a930-f103eaabf630', null, '2021-12-23T15:57:56.170332400', 'testUser17', 'employee17@em.com', 'b3c2f88d-2941-46c1-b33d-0ffb2dbb0c85');
INSERT INTO art_ping.employee_role VALUES ('6f5fea21-06be-4d0a-9f9d-f1dc7a31fe8d', 'a5c55288-cba6-44c0-a078-d34a51694cb8', '992e5c70-7b14-44ae-b2fc-d0c884659841');
INSERT INTO art_ping.employee_role VALUES ('0f03135d-8422-40e5-903f-9a9b1d7e9218', 'a5c55288-cba6-44c0-a078-d34a51694cb8', '5b204bc5-6430-4939-aa23-17b1482c6d98');
INSERT INTO art_ping.employee_role VALUES ('c27fd5cf-0c86-4828-93fd-0fa3efc71fc5', 'a5c55288-cba6-44c0-a078-d34a51694cb8', '9f4932a6-c650-4cd2-9338-2eefa47aeb35');
INSERT INTO art_ping.employee_role VALUES ('6d0e9b9a-d883-455f-a103-6a1880443501', 'a5c55288-cba6-44c0-a078-d34a51694cb8', 'eea13552-ad24-4165-bce4-f1b22776739c');
INSERT INTO art_ping.employee (id, first_name, last_name, office_id, user_id, leave_date, updated, login, email, calendar_id) VALUES ('00a1e1c7-4a51-4f70-84a3-a423c0acacf6', 'employeeName18', 'employeeLastName18', '8f04ead6-7f2c-4bf5-95b7-d6082a90c3cb', '0044689d-a0e2-4279-a8b5-83fe7108a9ef', null, '2021-12-23T15:57:56.170332400', 'testUser18', 'employee18@em.com', '982dd106-6950-49b2-b95a-27220c22ee37');
INSERT INTO art_ping.employee_role VALUES ('d9579a61-be4f-42f2-8f4c-664b77f01499', '00a1e1c7-4a51-4f70-84a3-a423c0acacf6', '992e5c70-7b14-44ae-b2fc-d0c884659841');
INSERT INTO art_ping.employee_role VALUES ('290c8039-e43d-4237-926e-a35df6e3bbd2', '00a1e1c7-4a51-4f70-84a3-a423c0acacf6', '5b204bc5-6430-4939-aa23-17b1482c6d98');
INSERT INTO art_ping.employee_role VALUES ('fd199648-7124-438b-83d6-86b6a8d3fc2a', '00a1e1c7-4a51-4f70-84a3-a423c0acacf6', '9f4932a6-c650-4cd2-9338-2eefa47aeb35');
INSERT INTO art_ping.employee_role VALUES ('38431475-b244-4979-af69-34c4ed648a0f', '00a1e1c7-4a51-4f70-84a3-a423c0acacf6', 'e7051ffa-0edb-4ac7-84ed-12c1d3b2b5f8');
INSERT INTO art_ping.employee_role VALUES ('bd3c4aa7-61fd-458c-a703-56deea111544', '00a1e1c7-4a51-4f70-84a3-a423c0acacf6', 'eea13552-ad24-4165-bce4-f1b22776739c');
INSERT INTO art_ping.employee (id, first_name, last_name, office_id, user_id, leave_date, updated, login, email, calendar_id) VALUES ('de4e9d50-476d-40ba-94d6-4f47e89f11e3', 'employeeName19', 'employeeLastName19', 'a038b84b-5540-4d7e-924d-f4f0b098e887', 'a5e80a9a-06cd-4b43-9373-5392cb6f3315', null, '2021-12-23T15:57:56.170332400', 'testUser19', 'employee19@em.com', '4fb9de68-e7b6-45af-aa38-5912b6c3a7ad');
INSERT INTO art_ping.employee_role VALUES ('a6c7e473-4943-48bf-96b0-beaae8fdb36a', 'de4e9d50-476d-40ba-94d6-4f47e89f11e3', 'e7051ffa-0edb-4ac7-84ed-12c1d3b2b5f8');
INSERT INTO art_ping.employee_role VALUES ('70e07467-d6e0-4672-90b5-fc0372fbd05b', 'de4e9d50-476d-40ba-94d6-4f47e89f11e3', 'eea13552-ad24-4165-bce4-f1b22776739c');
INSERT INTO art_ping.employee (id, first_name, last_name, office_id, user_id, leave_date, updated, login, email, calendar_id) VALUES ('0102be80-9dbd-4f3b-a044-a315c9de6c8b', 'employeeName20', 'employeeLastName20', '105cec0a-b10a-4b12-9728-8aa01b5f71a2', '0fd733fe-ec96-4b31-8027-2f43939ff723', null, '2021-12-23T15:57:56.171332800', 'testUser20', 'employee20@em.com', '4f8309e8-83d1-4eaf-9912-b667ae17a8f4');
INSERT INTO art_ping.employee_role VALUES ('a3ae4322-91ac-491b-a2b3-806a96a92090', '0102be80-9dbd-4f3b-a044-a315c9de6c8b', 'eea13552-ad24-4165-bce4-f1b22776739c');
INSERT INTO art_ping.employee (id, first_name, last_name, office_id, user_id, leave_date, updated, login, email, calendar_id) VALUES ('7d0e9d44-4a81-4cb4-a56a-bfec1177128d', 'employeeName21', 'employeeLastName21', '4b6328a5-8d34-4708-9f3b-be8ff4c78102', '1be46c26-a0cc-4fad-86ca-43cd9ced697c', null, '2021-12-23T15:57:56.171332800', 'testUser21', 'employee21@em.com', 'cd21ba88-d073-4a67-a7c0-5eaef8b85809');
INSERT INTO art_ping.employee_role VALUES ('7bb5a207-9654-4795-96c4-2ef97489ae8d', '7d0e9d44-4a81-4cb4-a56a-bfec1177128d', 'eea13552-ad24-4165-bce4-f1b22776739c');
INSERT INTO art_ping.employee (id, first_name, last_name, office_id, user_id, leave_date, updated, login, email, calendar_id) VALUES ('842e81fd-1abd-4313-95a9-bce6893d360f', 'employeeName22', 'employeeLastName22', 'a3c60b9e-051e-4228-8f81-ef01a64b3e7b', 'e92f79b2-3f7c-425c-914d-febaf9a56931', null, '2021-12-23T15:57:56.171332800', 'testUser22', 'employee22@em.com', '9ecad47a-2227-4f3d-8f7d-f1e21389be51');
INSERT INTO art_ping.employee_role VALUES ('1cb691ba-a212-46d0-9344-f8b2f07bd317', '842e81fd-1abd-4313-95a9-bce6893d360f', '5b204bc5-6430-4939-aa23-17b1482c6d98');
INSERT INTO art_ping.employee_role VALUES ('8d9ecf66-4327-4a43-b1dc-0cfc251d7453', '842e81fd-1abd-4313-95a9-bce6893d360f', '9f4932a6-c650-4cd2-9338-2eefa47aeb35');
INSERT INTO art_ping.employee_role VALUES ('14975495-ea62-408d-ae0d-bc3666dd3ee5', '842e81fd-1abd-4313-95a9-bce6893d360f', 'e7051ffa-0edb-4ac7-84ed-12c1d3b2b5f8');
INSERT INTO art_ping.employee_role VALUES ('68fe284c-a121-47bc-8845-77775df6a555', '842e81fd-1abd-4313-95a9-bce6893d360f', 'eea13552-ad24-4165-bce4-f1b22776739c');
INSERT INTO art_ping.employee (id, first_name, last_name, office_id, user_id, leave_date, updated, login, email, calendar_id) VALUES ('6dc96164-1a4e-4d40-a791-6e3eb28ece7f', 'employeeName23', 'employeeLastName23', '688e4de4-013d-4a4c-aff1-13dea7d2ced8', 'e753f559-e492-4168-90c1-ad4dd6c2b1d6', null, '2021-12-23T15:57:56.171332800', 'testUser23', 'employee23@em.com', 'bf441199-ac71-46e6-966f-13b0db15c311');
INSERT INTO art_ping.employee_role VALUES ('93cc4b8d-c276-4e9f-926c-37e9a6b15551', '6dc96164-1a4e-4d40-a791-6e3eb28ece7f', '992e5c70-7b14-44ae-b2fc-d0c884659841');
INSERT INTO art_ping.employee_role VALUES ('8caa57c4-3336-4d43-b401-4c4a532ceb1a', '6dc96164-1a4e-4d40-a791-6e3eb28ece7f', '5b204bc5-6430-4939-aa23-17b1482c6d98');
INSERT INTO art_ping.employee_role VALUES ('fc281161-938e-43e0-b460-39d3a80c62a9', '6dc96164-1a4e-4d40-a791-6e3eb28ece7f', '9f4932a6-c650-4cd2-9338-2eefa47aeb35');
INSERT INTO art_ping.employee_role VALUES ('9a775a17-4074-4be5-9d57-25e7b5291012', '6dc96164-1a4e-4d40-a791-6e3eb28ece7f', 'e7051ffa-0edb-4ac7-84ed-12c1d3b2b5f8');
INSERT INTO art_ping.employee_role VALUES ('cd0ecef1-c644-4d96-a9c1-8c1a9e2aab25', '6dc96164-1a4e-4d40-a791-6e3eb28ece7f', 'eea13552-ad24-4165-bce4-f1b22776739c');
INSERT INTO art_ping.employee (id, first_name, last_name, office_id, user_id, leave_date, updated, login, email, calendar_id) VALUES ('7b73d822-2b12-434c-b501-c2fece7e80b6', 'employeeName24', 'employeeLastName24', '92cf1ba4-4898-458d-90b7-2fa55a9446a1', '04e6bb94-bb71-41a6-8567-1f21122ab441', null, '2021-12-23T15:57:56.171332800', 'testUser24', 'employee24@em.com', 'debfb7a9-fe4c-45c7-9a4f-2c5143c9c1ca');
INSERT INTO art_ping.employee_role VALUES ('dc8d5e8a-90c0-46aa-b0c3-e4c6c006ecda', '7b73d822-2b12-434c-b501-c2fece7e80b6', '992e5c70-7b14-44ae-b2fc-d0c884659841');
INSERT INTO art_ping.employee_role VALUES ('24f1b4b9-22e8-4eca-bafb-7796f42dfb25', '7b73d822-2b12-434c-b501-c2fece7e80b6', 'eea13552-ad24-4165-bce4-f1b22776739c');
INSERT INTO art_ping.employee (id, first_name, last_name, office_id, user_id, leave_date, updated, login, email, calendar_id) VALUES ('6f72e149-282d-4937-90ea-ff1fd12e9bed', 'employeeName25', 'employeeLastName25', '0d908e3a-825a-4f04-bb90-4d9883ae2eed', '255f467c-8f2b-4917-8142-db10ec248d8c', null, '2021-12-23T15:57:56.171332800', 'testUser25', 'employee25@em.com', '4f6093ac-29bf-457b-9d82-0d7d7c2f089f');
INSERT INTO art_ping.employee_role VALUES ('c9c1794e-85fb-42ec-9685-b19e27050d48', '6f72e149-282d-4937-90ea-ff1fd12e9bed', '992e5c70-7b14-44ae-b2fc-d0c884659841');
INSERT INTO art_ping.employee_role VALUES ('785603db-4f9e-40b0-a2f9-403f68b1cf18', '6f72e149-282d-4937-90ea-ff1fd12e9bed', '5b204bc5-6430-4939-aa23-17b1482c6d98');
INSERT INTO art_ping.employee_role VALUES ('18f0b025-bf58-472c-a20c-f30f17bb1290', '6f72e149-282d-4937-90ea-ff1fd12e9bed', 'e7051ffa-0edb-4ac7-84ed-12c1d3b2b5f8');
INSERT INTO art_ping.employee_role VALUES ('37ad8260-2204-45a9-bc8f-4c3e4fbb656e', '6f72e149-282d-4937-90ea-ff1fd12e9bed', 'eea13552-ad24-4165-bce4-f1b22776739c');
INSERT INTO art_ping.employee (id, first_name, last_name, office_id, user_id, leave_date, updated, login, email, calendar_id) VALUES ('702949cd-8d49-414c-a7c6-d4966977798f', 'employeeName26', 'employeeLastName26', 'a43ab379-abe5-4c19-a272-c1961d580f8f', '89e802ae-2987-4bbd-8668-3d7d33b14b01', null, '2021-12-23T15:57:56.171332800', 'testUser26', 'employee26@em.com', '3921a3c2-4c27-4f38-a3d7-31155177d4b4');
INSERT INTO art_ping.employee_role VALUES ('a2483cd2-aa0c-400d-9c5b-528f41e0bc19', '702949cd-8d49-414c-a7c6-d4966977798f', '992e5c70-7b14-44ae-b2fc-d0c884659841');
INSERT INTO art_ping.employee_role VALUES ('ebfbfb19-f53f-438c-b947-98d9b6fcebaf', '702949cd-8d49-414c-a7c6-d4966977798f', '9f4932a6-c650-4cd2-9338-2eefa47aeb35');
INSERT INTO art_ping.employee_role VALUES ('093e6a51-dedd-46a1-8ec0-5659218aae4a', '702949cd-8d49-414c-a7c6-d4966977798f', 'eea13552-ad24-4165-bce4-f1b22776739c');
INSERT INTO art_ping.employee (id, first_name, last_name, office_id, user_id, leave_date, updated, login, email, calendar_id) VALUES ('8d0a0dc3-0342-45da-8476-e755d0b6f05e', 'employeeName27', 'employeeLastName27', '3d32f490-0192-41f8-af4c-658dea840975', 'c643644d-6978-427f-b5a8-99a5a57103ff', null, '2021-12-23T15:57:56.171332800', 'testUser27', 'employee27@em.com', 'f85375e3-ece3-447f-81a6-2931737032df');
INSERT INTO art_ping.employee_role VALUES ('f4c293c7-02ce-4252-b11c-ed0345179dcc', '8d0a0dc3-0342-45da-8476-e755d0b6f05e', '9f4932a6-c650-4cd2-9338-2eefa47aeb35');
INSERT INTO art_ping.employee_role VALUES ('2a6ce7ec-7919-4d39-b32e-6bff0e309e83', '8d0a0dc3-0342-45da-8476-e755d0b6f05e', 'e7051ffa-0edb-4ac7-84ed-12c1d3b2b5f8');
INSERT INTO art_ping.employee_role VALUES ('78b22acc-a144-4b7c-8b36-72129b419d7e', '8d0a0dc3-0342-45da-8476-e755d0b6f05e', 'eea13552-ad24-4165-bce4-f1b22776739c');
INSERT INTO art_ping.employee (id, first_name, last_name, office_id, user_id, leave_date, updated, login, email, calendar_id) VALUES ('2702af20-e90e-4f75-9325-a90528f21be1', 'employeeName28', 'employeeLastName28', 'dc90c937-bbce-42dc-bec6-edf45488728d', '5cc08d18-7b1c-4aeb-991a-2b7ace5c62b8', null, '2021-12-23T15:57:56.171332800', 'testUser28', 'employee28@em.com', 'eca3e110-990e-41b7-ba9d-a62f8a56a4f3');
INSERT INTO art_ping.employee_role VALUES ('35736342-1d12-4ab1-9da4-ee91db266e4f', '2702af20-e90e-4f75-9325-a90528f21be1', '992e5c70-7b14-44ae-b2fc-d0c884659841');
INSERT INTO art_ping.employee_role VALUES ('b87d1df0-6149-42c2-a804-0f05c86f045a', '2702af20-e90e-4f75-9325-a90528f21be1', '5b204bc5-6430-4939-aa23-17b1482c6d98');
INSERT INTO art_ping.employee_role VALUES ('7f96046d-1272-45fd-a47d-86b4ce082248', '2702af20-e90e-4f75-9325-a90528f21be1', '9f4932a6-c650-4cd2-9338-2eefa47aeb35');
INSERT INTO art_ping.employee_role VALUES ('d1bd9e96-736a-4d39-9eb4-8c3972b1cc55', '2702af20-e90e-4f75-9325-a90528f21be1', 'e7051ffa-0edb-4ac7-84ed-12c1d3b2b5f8');
INSERT INTO art_ping.employee_role VALUES ('54761260-7027-47d0-b374-7e945d2a3a75', '2702af20-e90e-4f75-9325-a90528f21be1', 'eea13552-ad24-4165-bce4-f1b22776739c');
INSERT INTO art_ping.employee (id, first_name, last_name, office_id, user_id, leave_date, updated, login, email, calendar_id) VALUES ('3b01bb4f-3641-47f7-95dc-543b4a0da9a5', 'employeeName29', 'employeeLastName29', 'eecd6606-f488-4fed-bc31-0924d4ede1b7', '9acdf66c-51c9-4865-9b7f-9ab27b7b1f86', null, '2021-12-23T15:57:56.171332800', 'testUser29', 'employee29@em.com', '67246d3f-8701-4c01-8736-41cff0bbc062');
INSERT INTO art_ping.employee_role VALUES ('9b22eae6-31bc-4fc4-9d10-e6bba9aaf3ae', '3b01bb4f-3641-47f7-95dc-543b4a0da9a5', '992e5c70-7b14-44ae-b2fc-d0c884659841');
INSERT INTO art_ping.employee_role VALUES ('9365247b-51fe-4203-aee9-d0a136b80acd', '3b01bb4f-3641-47f7-95dc-543b4a0da9a5', '5b204bc5-6430-4939-aa23-17b1482c6d98');
INSERT INTO art_ping.employee_role VALUES ('11540a0e-fe6d-47b4-b798-4edabf98b584', '3b01bb4f-3641-47f7-95dc-543b4a0da9a5', '9f4932a6-c650-4cd2-9338-2eefa47aeb35');
INSERT INTO art_ping.employee_role VALUES ('c2ad6ce8-68eb-420c-9c37-a8e331f3368a', '3b01bb4f-3641-47f7-95dc-543b4a0da9a5', 'e7051ffa-0edb-4ac7-84ed-12c1d3b2b5f8');
INSERT INTO art_ping.employee_role VALUES ('df0ff47b-cd1c-4056-9736-8bfef63cfa68', '3b01bb4f-3641-47f7-95dc-543b4a0da9a5', 'eea13552-ad24-4165-bce4-f1b22776739c');
INSERT INTO art_ping.employee (id, first_name, last_name, office_id, user_id, leave_date, updated, login, email, calendar_id) VALUES ('312e73e9-183a-46b9-b871-763096d3a647', 'employeeName30', 'employeeLastName30', 'd8559ef8-df12-4843-96f6-53a2406dfd0b', '8c5402b0-53c0-4fe2-b9bf-f9eec1d60822', null, '2021-12-23T15:57:56.171332800', 'testUser30', 'employee30@em.com', '67246d3f-8701-4c01-8736-41cff0bbc062');
INSERT INTO art_ping.employee_role VALUES ('9148014c-cc8f-4aaa-89ca-caa6d95daf14', '312e73e9-183a-46b9-b871-763096d3a647', '5b204bc5-6430-4939-aa23-17b1482c6d98');
INSERT INTO art_ping.employee_role VALUES ('7a95e931-36b4-487f-91a7-9351947af2d0', '312e73e9-183a-46b9-b871-763096d3a647', '9f4932a6-c650-4cd2-9338-2eefa47aeb35');
INSERT INTO art_ping.employee_role VALUES ('ff8cf5e1-aef3-4908-8936-a078e5bf3417', '312e73e9-183a-46b9-b871-763096d3a647', 'eea13552-ad24-4165-bce4-f1b22776739c');
INSERT INTO art_ping.employee (id, first_name, last_name, office_id, user_id, leave_date, updated, login, email, calendar_id) VALUES ('7461a4f0-99f3-4237-92a6-1b7e459a9325', 'employeeName31', 'employeeLastName31', '64e3d95b-66df-4545-a892-c5b44f39ae30', 'cfdb29f8-ecb0-4518-a1ea-1bb48c24a4c3', null, '2021-12-23T15:57:56.171332800', 'testUser31', 'employee31@em.com', 'df638e33-b2a7-45be-9e78-c44dd676c73c');
INSERT INTO art_ping.employee_role VALUES ('b51a41d5-b0be-4165-b69c-fefe4726c4a0', '7461a4f0-99f3-4237-92a6-1b7e459a9325', '5b204bc5-6430-4939-aa23-17b1482c6d98');
INSERT INTO art_ping.employee_role VALUES ('9dfcb4ed-9c9d-4e75-b971-f47f48377d88', '7461a4f0-99f3-4237-92a6-1b7e459a9325', 'e7051ffa-0edb-4ac7-84ed-12c1d3b2b5f8');
INSERT INTO art_ping.employee_role VALUES ('1a0d0587-0b7f-449d-937c-5478120af1d2', '7461a4f0-99f3-4237-92a6-1b7e459a9325', 'eea13552-ad24-4165-bce4-f1b22776739c');
INSERT INTO art_ping.employee (id, first_name, last_name, office_id, user_id, leave_date, updated, login, email, calendar_id) VALUES ('8a88b32e-fc57-48e4-ba53-671bd073ed6c', 'employeeName32', 'employeeLastName32', 'b8410fbe-75ff-4d73-bd19-5477a82848fa', '7a1055f4-853a-4d35-9554-578f280e71b0', null, '2021-12-23T15:57:56.171332800', 'testUser32', 'employee32@em.com', 'd7c4b3c8-6301-414d-b394-9c6ca223a4ce');
INSERT INTO art_ping.employee_role VALUES ('086dd303-288b-4662-91de-ee19edb27ed5', '8a88b32e-fc57-48e4-ba53-671bd073ed6c', '992e5c70-7b14-44ae-b2fc-d0c884659841');
INSERT INTO art_ping.employee_role VALUES ('a32485c2-071e-45a1-9095-a11fc97aed37', '8a88b32e-fc57-48e4-ba53-671bd073ed6c', '5b204bc5-6430-4939-aa23-17b1482c6d98');
INSERT INTO art_ping.employee_role VALUES ('dec3952f-efad-44ca-a295-940539f9b4cc', '8a88b32e-fc57-48e4-ba53-671bd073ed6c', 'e7051ffa-0edb-4ac7-84ed-12c1d3b2b5f8');
INSERT INTO art_ping.employee_role VALUES ('3855aaa3-cf1b-429f-84d0-8ab8a9adca9d', '8a88b32e-fc57-48e4-ba53-671bd073ed6c', 'eea13552-ad24-4165-bce4-f1b22776739c');
INSERT INTO art_ping.employee (id, first_name, last_name, office_id, user_id, leave_date, updated, login, email, calendar_id) VALUES ('528a7e66-23dc-4e86-a30f-9ec391dc3143', 'employeeName33', 'employeeLastName33', 'b698b2d9-e971-4da5-b86b-cd521b1bb301', '83c8e1d9-1c41-46d1-b813-7f97b4894cb8', null, '2021-12-23T15:57:56.171332800', 'testUser33', 'employee33@em.com', '453ead52-aea1-4f91-b834-f75909f84808');
INSERT INTO art_ping.employee_role VALUES ('5a2fa7e8-2c02-417e-980c-888c9d08316a', '528a7e66-23dc-4e86-a30f-9ec391dc3143', '992e5c70-7b14-44ae-b2fc-d0c884659841');
INSERT INTO art_ping.employee_role VALUES ('d45eb0b6-7f2b-47bd-b61e-f28d79949544', '528a7e66-23dc-4e86-a30f-9ec391dc3143', 'e7051ffa-0edb-4ac7-84ed-12c1d3b2b5f8');
INSERT INTO art_ping.employee_role VALUES ('f3eb0e65-b109-405e-819b-b60c6f4e90f1', '528a7e66-23dc-4e86-a30f-9ec391dc3143', 'eea13552-ad24-4165-bce4-f1b22776739c');
INSERT INTO art_ping.employee (id, first_name, last_name, office_id, user_id, leave_date, updated, login, email, calendar_id) VALUES ('c97dbc09-c6ae-491b-9a16-b3b5ab235543', 'employeeName34', 'employeeLastName34', '90e9dede-df14-4b73-9fe8-bcab344d69f7', 'b2e0a32a-65e0-429b-a422-c3ac7390fe09', null, '2021-12-23T15:57:56.172332', 'testUser34', 'employee34@em.com', 'bac72bd4-1f06-4610-b7e0-d68506e54a15');
INSERT INTO art_ping.employee_role VALUES ('5a3dbcf2-44ea-4b31-a222-6ab8f3f3bb6a', 'c97dbc09-c6ae-491b-9a16-b3b5ab235543', '992e5c70-7b14-44ae-b2fc-d0c884659841');
INSERT INTO art_ping.employee_role VALUES ('934b175c-dc9c-4464-8bca-14a5ae2e3404', 'c97dbc09-c6ae-491b-9a16-b3b5ab235543', 'eea13552-ad24-4165-bce4-f1b22776739c');
INSERT INTO art_ping.employee (id, first_name, last_name, office_id, user_id, leave_date, updated, login, email, calendar_id) VALUES ('6ee424aa-e0f1-4a58-93ae-551f7892393b', 'employeeName35', 'employeeLastName35', '2002de5a-d26f-4c49-8f0f-f8be9160d3ea', '6635c436-81d6-4d90-a2bd-4d7ab18a7481', null, '2021-12-23T15:57:56.172332', 'testUser35', 'employee35@em.com', 'a75f9563-6d25-4f63-9f5c-55202d6b830f');
INSERT INTO art_ping.employee_role VALUES ('5402ab50-3f5b-4df8-86fe-c910b88c90be', '6ee424aa-e0f1-4a58-93ae-551f7892393b', 'eea13552-ad24-4165-bce4-f1b22776739c');
INSERT INTO art_ping.employee (id, first_name, last_name, office_id, user_id, leave_date, updated, login, email, calendar_id) VALUES ('8c0aa537-18de-454b-9b44-889e04071437', 'employeeName36', 'employeeLastName36', '39a25e6d-b1ed-48f6-835a-91191306882f', '68754348-31e8-4c04-9ca7-081730f91a49', null, '2021-12-23T15:57:56.172332', 'testUser36', 'employee36@em.com', '567f95ff-0272-471e-a091-5ba82268387c');
INSERT INTO art_ping.employee_role VALUES ('8d2753bf-81c6-4ea6-8a61-095d4bbbd5f4', '8c0aa537-18de-454b-9b44-889e04071437', '9f4932a6-c650-4cd2-9338-2eefa47aeb35');
INSERT INTO art_ping.employee_role VALUES ('c2a93b75-c078-4479-90dd-0e01791dfeff', '8c0aa537-18de-454b-9b44-889e04071437', 'e7051ffa-0edb-4ac7-84ed-12c1d3b2b5f8');
INSERT INTO art_ping.employee_role VALUES ('05f0ce67-1ad3-4559-b064-6f1cacb2c651', '8c0aa537-18de-454b-9b44-889e04071437', 'eea13552-ad24-4165-bce4-f1b22776739c');
INSERT INTO art_ping.employee (id, first_name, last_name, office_id, user_id, leave_date, updated, login, email, calendar_id) VALUES ('0c6d2a1f-a5fb-419a-b16b-998b14649693', 'employeeName37', 'employeeLastName37', '8109956c-c223-4eff-bb0c-37c991415e5c', '8b8e5ff8-0ad4-437c-8f9e-73095a810d3d', null, '2021-12-23T15:57:56.172332', 'testUser37', 'employee37@em.com', '90405144-abf7-4c23-bb5e-c4c60b07823c');
INSERT INTO art_ping.employee_role VALUES ('13fba162-9246-46d4-b638-d2f6866b2b64', '0c6d2a1f-a5fb-419a-b16b-998b14649693', '9f4932a6-c650-4cd2-9338-2eefa47aeb35');
INSERT INTO art_ping.employee_role VALUES ('0a735043-4b2d-4238-a675-19929d822048', '0c6d2a1f-a5fb-419a-b16b-998b14649693', 'eea13552-ad24-4165-bce4-f1b22776739c');
INSERT INTO art_ping.employee (id, first_name, last_name, office_id, user_id, leave_date, updated, login, email, calendar_id) VALUES ('bb778065-93d5-43f6-8bb5-fe5f03389bba', 'employeeName38', 'employeeLastName38', 'dd4cf6e1-d499-4200-b884-3d0e4b2b3e27', 'd66aa806-9ddb-4bdd-860c-89d4c50cf1f3', null, '2021-12-23T15:57:56.172332', 'testUser38', 'employee38@em.com', '1a3e5cab-ecf1-4f1a-b2f2-d8a796f6110d');
INSERT INTO art_ping.employee_role VALUES ('4448e0bb-1ecc-445f-9071-4b75da7249aa', 'bb778065-93d5-43f6-8bb5-fe5f03389bba', '5b204bc5-6430-4939-aa23-17b1482c6d98');
INSERT INTO art_ping.employee_role VALUES ('5fe25ed7-a1c6-4d95-b4db-69a045ed2068', 'bb778065-93d5-43f6-8bb5-fe5f03389bba', 'e7051ffa-0edb-4ac7-84ed-12c1d3b2b5f8');
INSERT INTO art_ping.employee_role VALUES ('b61521c5-5a17-493b-8e2e-90ab80b9863a', 'bb778065-93d5-43f6-8bb5-fe5f03389bba', 'eea13552-ad24-4165-bce4-f1b22776739c');
INSERT INTO art_ping.employee (id, first_name, last_name, office_id, user_id, leave_date, updated, login, email, calendar_id) VALUES ('c180acf8-56d0-4a0c-a171-514360652673', 'employeeName39', 'employeeLastName39', '146e9fd6-459a-483c-a673-444dbd89fdea', '9d2f4020-3aed-4db6-ac49-ae35eb8b8dba', null, '2021-12-23T15:57:56.172332', 'testUser39', 'employee39@em.com', '7adf3ff0-be1c-46b4-831a-11f4faf1b392');
INSERT INTO art_ping.employee_role VALUES ('802481e8-ed63-4b20-9893-3679c516e7fc', 'c180acf8-56d0-4a0c-a171-514360652673', '5b204bc5-6430-4939-aa23-17b1482c6d98');
INSERT INTO art_ping.employee_role VALUES ('151b7b73-6840-4db8-b8c8-3a861f273524', 'c180acf8-56d0-4a0c-a171-514360652673', '9f4932a6-c650-4cd2-9338-2eefa47aeb35');
INSERT INTO art_ping.employee_role VALUES ('b56f50d8-82de-4bef-b57b-dd19a385344d', 'c180acf8-56d0-4a0c-a171-514360652673', 'e7051ffa-0edb-4ac7-84ed-12c1d3b2b5f8');
INSERT INTO art_ping.employee_role VALUES ('7f4da60f-3086-4157-bbb5-eb18deff66ed', 'c180acf8-56d0-4a0c-a171-514360652673', 'eea13552-ad24-4165-bce4-f1b22776739c');
INSERT INTO art_ping.employee (id, first_name, last_name, office_id, user_id, leave_date, updated, login, email, calendar_id) VALUES ('ff4f7cda-e5f9-484b-8b90-c1ad03aa1766', 'employeeName40', 'employeeLastName40', '8f04ead6-7f2c-4bf5-95b7-d6082a90c3cb', '71b5a732-61b2-4d62-84a7-8a4de912e3b3', null, '2021-12-23T15:57:56.172332', 'testUser40', 'employee40@em.com', '982dd106-6950-49b2-b95a-27220c22ee37');
INSERT INTO art_ping.employee_role VALUES ('dd2a6f6a-01e5-4cbd-8d1b-786a383995a9', 'ff4f7cda-e5f9-484b-8b90-c1ad03aa1766', '992e5c70-7b14-44ae-b2fc-d0c884659841');
INSERT INTO art_ping.employee_role VALUES ('61c9311d-de99-45eb-a11a-5e8b913018c9', 'ff4f7cda-e5f9-484b-8b90-c1ad03aa1766', '5b204bc5-6430-4939-aa23-17b1482c6d98');
INSERT INTO art_ping.employee_role VALUES ('a5022bba-de84-4e92-a43d-5cc76578ec31', 'ff4f7cda-e5f9-484b-8b90-c1ad03aa1766', '9f4932a6-c650-4cd2-9338-2eefa47aeb35');
INSERT INTO art_ping.employee_role VALUES ('368cacb7-77b2-43b7-bbf2-45494027fffa', 'ff4f7cda-e5f9-484b-8b90-c1ad03aa1766', 'eea13552-ad24-4165-bce4-f1b22776739c');
INSERT INTO art_ping.employee (id, first_name, last_name, office_id, user_id, leave_date, updated, login, email, calendar_id) VALUES ('71b9601a-d1b9-401d-b260-35ca929bbeec', 'employeeName41', 'employeeLastName41', '22293623-1673-4203-a0d1-6dab0aba04a6', 'd26ff93d-06c5-46b8-a42f-64b77c6af2c3', null, '2021-12-23T15:57:56.172332', 'testUser41', 'employee41@em.com', '1a3e5cab-ecf1-4f1a-b2f2-d8a796f6110d');
INSERT INTO art_ping.employee_role VALUES ('09984dc2-6a6c-4416-abe3-3392a6d2b23e', '71b9601a-d1b9-401d-b260-35ca929bbeec', '5b204bc5-6430-4939-aa23-17b1482c6d98');
INSERT INTO art_ping.employee_role VALUES ('863fdd96-724c-4761-a742-6433c48aff1b', '71b9601a-d1b9-401d-b260-35ca929bbeec', 'eea13552-ad24-4165-bce4-f1b22776739c');
INSERT INTO art_ping.employee (id, first_name, last_name, office_id, user_id, leave_date, updated, login, email, calendar_id) VALUES ('e93ce43a-a49f-4a1b-a03f-e68946c96bb9', 'employeeName42', 'employeeLastName42', 'e2bcc1fc-f9fa-4e77-9f9e-3aa42756139a', '59e2f78d-66e7-4004-970c-38cb4bc92410', null, '2021-12-23T15:57:56.172332', 'testUser42', 'employee42@em.com', 'f0ff4fa0-137f-466d-bc0e-38e49a2efaa5');
INSERT INTO art_ping.employee_role VALUES ('555691e7-fe52-427e-9df3-9335b473d2f7', 'e93ce43a-a49f-4a1b-a03f-e68946c96bb9', '992e5c70-7b14-44ae-b2fc-d0c884659841');
INSERT INTO art_ping.employee_role VALUES ('0453a4ee-db58-49f5-9ef0-db787ef57ed7', 'e93ce43a-a49f-4a1b-a03f-e68946c96bb9', '5b204bc5-6430-4939-aa23-17b1482c6d98');
INSERT INTO art_ping.employee_role VALUES ('f405381d-6720-4faf-a875-b8d7e717e831', 'e93ce43a-a49f-4a1b-a03f-e68946c96bb9', '9f4932a6-c650-4cd2-9338-2eefa47aeb35');
INSERT INTO art_ping.employee_role VALUES ('5bc7c327-38ac-455c-833b-879d0597f05e', 'e93ce43a-a49f-4a1b-a03f-e68946c96bb9', 'e7051ffa-0edb-4ac7-84ed-12c1d3b2b5f8');
INSERT INTO art_ping.employee_role VALUES ('80ea3b99-b108-4328-a5b3-6999a7c70c1e', 'e93ce43a-a49f-4a1b-a03f-e68946c96bb9', 'eea13552-ad24-4165-bce4-f1b22776739c');
INSERT INTO art_ping.employee (id, first_name, last_name, office_id, user_id, leave_date, updated, login, email, calendar_id) VALUES ('f4afc4da-d98c-4f2b-be4a-43ebca9bce04', 'employeeName43', 'employeeLastName43', '94f9517b-f230-4f7a-be99-675c217b6cfd', 'bf487f16-0230-4881-92eb-b664c0ce5578', null, '2021-12-23T15:57:56.172332', 'testUser43', 'employee43@em.com', '8d334fa6-c85d-4b3d-b6ed-68e7e0b4c937');
INSERT INTO art_ping.employee_role VALUES ('04ae68e6-e98e-4974-ae1a-c8048b1b6dca', 'f4afc4da-d98c-4f2b-be4a-43ebca9bce04', '992e5c70-7b14-44ae-b2fc-d0c884659841');
INSERT INTO art_ping.employee_role VALUES ('0e4df739-f9ab-43ea-9c96-b133e5e0d0d0', 'f4afc4da-d98c-4f2b-be4a-43ebca9bce04', '5b204bc5-6430-4939-aa23-17b1482c6d98');
INSERT INTO art_ping.employee_role VALUES ('83df8123-255a-4f98-abd7-fde9e3b80cb2', 'f4afc4da-d98c-4f2b-be4a-43ebca9bce04', '9f4932a6-c650-4cd2-9338-2eefa47aeb35');
INSERT INTO art_ping.employee_role VALUES ('d63adb45-188a-4ee5-8a9b-e7435edea920', 'f4afc4da-d98c-4f2b-be4a-43ebca9bce04', 'eea13552-ad24-4165-bce4-f1b22776739c');
INSERT INTO art_ping.employee (id, first_name, last_name, office_id, user_id, leave_date, updated, login, email, calendar_id) VALUES ('53fc0d4a-c909-4502-b70b-d2fcfa8bd8fb', 'employeeName44', 'employeeLastName44', 'c71868ff-2592-483b-aa40-3c007b774d83', '6106e7f4-72fb-41b2-be76-467e3e09aaf3', null, '2021-12-23T15:57:56.172332', 'testUser44', 'employee44@em.com', '3e282a1a-a35a-4b7c-b629-a2f1b356f0fe');
INSERT INTO art_ping.employee_role VALUES ('9e5be850-38ca-42a1-a34e-1bfd7cf523dc', '53fc0d4a-c909-4502-b70b-d2fcfa8bd8fb', '9f4932a6-c650-4cd2-9338-2eefa47aeb35');
INSERT INTO art_ping.employee_role VALUES ('4cf8f603-8ed1-4dd1-b1e3-20d740d9b8cd', '53fc0d4a-c909-4502-b70b-d2fcfa8bd8fb', 'eea13552-ad24-4165-bce4-f1b22776739c');
INSERT INTO art_ping.employee (id, first_name, last_name, office_id, user_id, leave_date, updated, login, email, calendar_id) VALUES ('998b5219-c09c-46fa-922b-edd5ad48d4f1', 'employeeName45', 'employeeLastName45', '154f93d9-7083-4ccb-8093-220412ddd376', '0a9ed4e8-c876-48bc-bcb2-e7a4dad3974e', null, '2021-12-23T15:57:56.172332', 'testUser45', 'employee45@em.com', '1a3e5cab-ecf1-4f1a-b2f2-d8a796f6110d');
INSERT INTO art_ping.employee_role VALUES ('0ca8ca16-761a-48d7-b14a-ba90d168edd3', '998b5219-c09c-46fa-922b-edd5ad48d4f1', 'e7051ffa-0edb-4ac7-84ed-12c1d3b2b5f8');
INSERT INTO art_ping.employee_role VALUES ('e97e6383-184f-4de4-b5a8-e4461391d358', '998b5219-c09c-46fa-922b-edd5ad48d4f1', 'eea13552-ad24-4165-bce4-f1b22776739c');
INSERT INTO art_ping.employee (id, first_name, last_name, office_id, user_id, leave_date, updated, login, email, calendar_id) VALUES ('5a3b8ac9-5ccc-4960-8b0a-e990b9394193', 'employeeName46', 'employeeLastName46', '41f4ff5b-099f-46f9-969a-749a5e7de5f1', 'c9af0aef-f53f-4a61-9b62-d6719c1d0399', null, '2021-12-23T15:57:56.172332', 'testUser46', 'employee46@em.com', 'f83e41d6-04f0-4b04-b4f1-949c46b31d00');
INSERT INTO art_ping.employee_role VALUES ('665c2f2d-d148-4742-a9b6-03897f3824ba', '5a3b8ac9-5ccc-4960-8b0a-e990b9394193', '9f4932a6-c650-4cd2-9338-2eefa47aeb35');
INSERT INTO art_ping.employee_role VALUES ('1a7d448e-e0ab-4496-9cef-e11f586e9309', '5a3b8ac9-5ccc-4960-8b0a-e990b9394193', 'eea13552-ad24-4165-bce4-f1b22776739c');
INSERT INTO art_ping.employee (id, first_name, last_name, office_id, user_id, leave_date, updated, login, email, calendar_id) VALUES ('a3c277aa-71bb-4224-8d59-940803715ffa', 'employeeName47', 'employeeLastName47', '2ae23ff0-f4d1-496f-ad71-5a0610c6a62f', '33dbcf79-90b1-4227-8a5b-f0d9627fc72e', null, '2021-12-23T15:57:56.172332', 'testUser47', 'employee47@em.com', 'd7310f65-c734-4e83-b875-7c01e33250dc');
INSERT INTO art_ping.employee_role VALUES ('0e376779-3a0e-4776-a856-c2d082d7f3c3', 'a3c277aa-71bb-4224-8d59-940803715ffa', 'eea13552-ad24-4165-bce4-f1b22776739c');
INSERT INTO art_ping.employee (id, first_name, last_name, office_id, user_id, leave_date, updated, login, email, calendar_id) VALUES ('683a6a5f-6718-486b-9736-ad722ff6570d', 'employeeName48', 'employeeLastName48', '6f3284c5-9ab5-45cc-90e7-b7b092d7eeac', '0e34c9d9-d759-4f7e-a156-9feca00d68b4', null, '2021-12-23T15:57:56.172332', 'testUser48', 'employee48@em.com', '774135d2-f0e3-47c2-8496-78319f1757d0');
INSERT INTO art_ping.employee_role VALUES ('99bc611a-e6b9-44bc-aadb-1ba33412cd1b', '683a6a5f-6718-486b-9736-ad722ff6570d', '9f4932a6-c650-4cd2-9338-2eefa47aeb35');
INSERT INTO art_ping.employee_role VALUES ('578873f2-e244-4a90-8e9e-044edbab36e5', '683a6a5f-6718-486b-9736-ad722ff6570d', 'e7051ffa-0edb-4ac7-84ed-12c1d3b2b5f8');
INSERT INTO art_ping.employee_role VALUES ('c054a5fb-6ade-4859-8ca8-7debb79ff7db', '683a6a5f-6718-486b-9736-ad722ff6570d', 'eea13552-ad24-4165-bce4-f1b22776739c');
INSERT INTO art_ping.employee (id, first_name, last_name, office_id, user_id, leave_date, updated, login, email, calendar_id) VALUES ('0b3b827f-6181-4483-8d10-7397dc02b368', 'employeeName49', 'employeeLastName49', '2a676724-c216-481e-a749-50e96322c4e2', '10c8485b-cb32-498a-9120-e30bf5cabf16', null, '2021-12-23T15:57:56.172332', 'testUser49', 'employee49@em.com', '3ea41cd2-2e35-467b-a976-9406d9c891da');
INSERT INTO art_ping.employee_role VALUES ('7502eff1-0846-426b-8d36-798b50b40343', '0b3b827f-6181-4483-8d10-7397dc02b368', '5b204bc5-6430-4939-aa23-17b1482c6d98');
INSERT INTO art_ping.employee_role VALUES ('8c609181-b105-453f-a1df-0648619ea560', '0b3b827f-6181-4483-8d10-7397dc02b368', '9f4932a6-c650-4cd2-9338-2eefa47aeb35');
INSERT INTO art_ping.employee_role VALUES ('c752dd65-d75f-488b-aaf5-baae6618ab0e', '0b3b827f-6181-4483-8d10-7397dc02b368', 'eea13552-ad24-4165-bce4-f1b22776739c');
INSERT INTO art_ping.employee (id, first_name, last_name, office_id, user_id, leave_date, updated, login, email, calendar_id) VALUES ('c80963ca-8441-48a3-b833-d21f1c444187', 'employeeName50', 'employeeLastName50', '48b7f107-c888-475a-a137-2607474b4ad9', '2e9a90ee-4a6a-4a1f-ab4c-bda34d77983b', null, '2021-12-23T15:57:56.172332', 'testUser50', 'employee50@em.com', 'd7310f65-c734-4e83-b875-7c01e33250dc');
INSERT INTO art_ping.employee_role VALUES ('67186ed0-ea4f-4e23-baa8-23687cf8684a', 'c80963ca-8441-48a3-b833-d21f1c444187', '992e5c70-7b14-44ae-b2fc-d0c884659841');
INSERT INTO art_ping.employee_role VALUES ('e7b0378d-27fe-4754-ac3a-11f17ce473fd', 'c80963ca-8441-48a3-b833-d21f1c444187', '9f4932a6-c650-4cd2-9338-2eefa47aeb35');
INSERT INTO art_ping.employee_role VALUES ('0c1685b2-0414-42b8-b966-dde80ed9f07c', 'c80963ca-8441-48a3-b833-d21f1c444187', 'e7051ffa-0edb-4ac7-84ed-12c1d3b2b5f8');
INSERT INTO art_ping.employee_role VALUES ('3a382045-327c-43bb-9b68-8ad1b29121c2', 'c80963ca-8441-48a3-b833-d21f1c444187', 'eea13552-ad24-4165-bce4-f1b22776739c');
INSERT INTO art_ping.employee (id, first_name, last_name, office_id, user_id, leave_date, updated, login, email, calendar_id) VALUES ('f85b2f23-7c21-4600-afde-19dfe90554b9', 'employeeName51', 'employeeLastName51', '68e778fb-f10c-45d7-99df-90d394dae58f', '08538f8b-305a-4b55-ac29-05f0fd40a4a3', null, '2021-12-23T15:57:56.173332', 'testUser51', 'employee51@em.com', '5d0fe03f-ed10-4373-bb72-2206c079ab4d');
INSERT INTO art_ping.employee_role VALUES ('9b811d66-1b39-47d5-85d9-cba2314b6539', 'f85b2f23-7c21-4600-afde-19dfe90554b9', '9f4932a6-c650-4cd2-9338-2eefa47aeb35');
INSERT INTO art_ping.employee_role VALUES ('4fa4c273-34c8-4a38-8422-20371e5e3c9c', 'f85b2f23-7c21-4600-afde-19dfe90554b9', 'eea13552-ad24-4165-bce4-f1b22776739c');
INSERT INTO art_ping.employee (id, first_name, last_name, office_id, user_id, leave_date, updated, login, email, calendar_id) VALUES ('8b8926db-6dea-40e5-b8fd-579381501a21', 'employeeName52', 'employeeLastName52', 'ffb2b2d5-976a-472a-9716-01c9dc2cecf7', '8412fdf7-2b09-4b82-b711-6ed67359aa70', null, '2021-12-23T15:57:56.173332', 'testUser52', 'employee52@em.com', 'ca196dd7-5deb-45a2-b88b-ae966af9b597');
INSERT INTO art_ping.employee_role VALUES ('84b02371-a369-4416-a9e3-00b9577c14c6', '8b8926db-6dea-40e5-b8fd-579381501a21', '992e5c70-7b14-44ae-b2fc-d0c884659841');
INSERT INTO art_ping.employee_role VALUES ('e92799ac-5885-4737-851e-1274415b7f14', '8b8926db-6dea-40e5-b8fd-579381501a21', '5b204bc5-6430-4939-aa23-17b1482c6d98');
INSERT INTO art_ping.employee_role VALUES ('fbb46f5f-56b5-4e92-aac4-4808794af914', '8b8926db-6dea-40e5-b8fd-579381501a21', '9f4932a6-c650-4cd2-9338-2eefa47aeb35');
INSERT INTO art_ping.employee_role VALUES ('51ce35b1-fe6b-424f-84a4-ae15912d08f1', '8b8926db-6dea-40e5-b8fd-579381501a21', 'eea13552-ad24-4165-bce4-f1b22776739c');
INSERT INTO art_ping.employee (id, first_name, last_name, office_id, user_id, leave_date, updated, login, email, calendar_id) VALUES ('35af698d-59f4-4fb5-b154-07310af46e3d', 'employeeName53', 'employeeLastName53', '5b44dfd0-97dd-42b7-8d15-3bcab60d918b', '80bc7dbb-dc26-4f38-92d9-f285df28e97d', null, '2021-12-23T15:57:56.173332', 'testUser53', 'employee53@em.com', '4f8309e8-83d1-4eaf-9912-b667ae17a8f4');
INSERT INTO art_ping.employee_role VALUES ('eef20810-94b4-4071-bdc9-11ba5de984d0', '35af698d-59f4-4fb5-b154-07310af46e3d', '9f4932a6-c650-4cd2-9338-2eefa47aeb35');
INSERT INTO art_ping.employee_role VALUES ('40e19f9d-2067-41b9-9b2b-d1eca008f2fd', '35af698d-59f4-4fb5-b154-07310af46e3d', 'eea13552-ad24-4165-bce4-f1b22776739c');
INSERT INTO art_ping.employee (id, first_name, last_name, office_id, user_id, leave_date, updated, login, email, calendar_id) VALUES ('0601a295-8576-48de-9b2b-bde2f46b6b24', 'employeeName54', 'employeeLastName54', 'b7026028-e3d0-4a62-a60c-2e5fe1f75046', 'd91dcd91-f430-4ff5-95c9-9bca42253db1', null, '2021-12-23T15:57:56.173332', 'testUser54', 'employee54@em.com', '453ead52-aea1-4f91-b834-f75909f84808');
INSERT INTO art_ping.employee_role VALUES ('93042cb6-bb7f-49c2-a432-32f81351d780', '0601a295-8576-48de-9b2b-bde2f46b6b24', '992e5c70-7b14-44ae-b2fc-d0c884659841');
INSERT INTO art_ping.employee_role VALUES ('067946cb-7a85-49ab-a1b2-645f91b60a02', '0601a295-8576-48de-9b2b-bde2f46b6b24', '9f4932a6-c650-4cd2-9338-2eefa47aeb35');
INSERT INTO art_ping.employee_role VALUES ('a68a9c69-89ec-4a95-8a74-d4085563aa44', '0601a295-8576-48de-9b2b-bde2f46b6b24', 'e7051ffa-0edb-4ac7-84ed-12c1d3b2b5f8');
INSERT INTO art_ping.employee_role VALUES ('0f064c44-db32-40cb-810b-e7542cbd73d4', '0601a295-8576-48de-9b2b-bde2f46b6b24', 'eea13552-ad24-4165-bce4-f1b22776739c');
INSERT INTO art_ping.employee (id, first_name, last_name, office_id, user_id, leave_date, updated, login, email, calendar_id) VALUES ('39b39e41-30ac-4ec9-a74c-f41d0c5812e9', 'employeeName55', 'employeeLastName55', 'd8559ef8-df12-4843-96f6-53a2406dfd0b', 'd3f8e26d-1877-4cce-b597-4d15007c27d8', null, '2021-12-23T15:57:56.173332', 'testUser55', 'employee55@em.com', '67246d3f-8701-4c01-8736-41cff0bbc062');
INSERT INTO art_ping.employee_role VALUES ('43608a57-2695-4e70-8e2f-2fbd77d8ba9e', '39b39e41-30ac-4ec9-a74c-f41d0c5812e9', '992e5c70-7b14-44ae-b2fc-d0c884659841');
INSERT INTO art_ping.employee_role VALUES ('f10b4013-a0fe-4a28-8215-87342e1518d5', '39b39e41-30ac-4ec9-a74c-f41d0c5812e9', '9f4932a6-c650-4cd2-9338-2eefa47aeb35');
INSERT INTO art_ping.employee_role VALUES ('6070e132-9ce7-4b9f-8a1f-696d85515c33', '39b39e41-30ac-4ec9-a74c-f41d0c5812e9', 'e7051ffa-0edb-4ac7-84ed-12c1d3b2b5f8');
INSERT INTO art_ping.employee_role VALUES ('38cc6460-8e54-4bcb-928c-fc3f78a4322c', '39b39e41-30ac-4ec9-a74c-f41d0c5812e9', 'eea13552-ad24-4165-bce4-f1b22776739c');
INSERT INTO art_ping.employee (id, first_name, last_name, office_id, user_id, leave_date, updated, login, email, calendar_id) VALUES ('572d0b36-c5a4-49b4-9a5f-d7e56f0e3da9', 'employeeName56', 'employeeLastName56', '31d641e9-4849-4366-bc49-bd05627fbc1d', '87114627-9e7e-402c-90e2-d1c32ffa8487', null, '2021-12-23T15:57:56.173332', 'testUser56', 'employee56@em.com', 'eca3e110-990e-41b7-ba9d-a62f8a56a4f3');
INSERT INTO art_ping.employee_role VALUES ('784b0c4a-0034-4a14-b4c5-db352d362522', '572d0b36-c5a4-49b4-9a5f-d7e56f0e3da9', '992e5c70-7b14-44ae-b2fc-d0c884659841');
INSERT INTO art_ping.employee_role VALUES ('a159bb76-c463-4d5f-8bf9-43ccd76c1f25', '572d0b36-c5a4-49b4-9a5f-d7e56f0e3da9', '5b204bc5-6430-4939-aa23-17b1482c6d98');
INSERT INTO art_ping.employee_role VALUES ('6fc8ebc2-7247-4303-a62d-c98c4a3526bd', '572d0b36-c5a4-49b4-9a5f-d7e56f0e3da9', 'e7051ffa-0edb-4ac7-84ed-12c1d3b2b5f8');
INSERT INTO art_ping.employee_role VALUES ('e737b2a8-87f2-43b2-9c74-56f5942a52e8', '572d0b36-c5a4-49b4-9a5f-d7e56f0e3da9', 'eea13552-ad24-4165-bce4-f1b22776739c');
INSERT INTO art_ping.employee (id, first_name, last_name, office_id, user_id, leave_date, updated, login, email, calendar_id) VALUES ('b6253a98-159e-4c74-94ac-a4b372fbe34a', 'employeeName57', 'employeeLastName57', 'b48f482a-020f-44cb-b6c8-3d8b564a28ff', 'a1175954-168f-4ba4-8717-69717dc97980', null, '2021-12-23T15:57:56.173332', 'testUser57', 'employee57@em.com', '8f58430d-dc78-447d-b06c-c901317bc8d2');
INSERT INTO art_ping.employee_role VALUES ('48009439-22ae-4f74-b846-142f928d61e6', 'b6253a98-159e-4c74-94ac-a4b372fbe34a', '5b204bc5-6430-4939-aa23-17b1482c6d98');
INSERT INTO art_ping.employee_role VALUES ('3a420f6e-3aa1-4443-ad78-d8433d61e5e0', 'b6253a98-159e-4c74-94ac-a4b372fbe34a', 'eea13552-ad24-4165-bce4-f1b22776739c');
INSERT INTO art_ping.employee (id, first_name, last_name, office_id, user_id, leave_date, updated, login, email, calendar_id) VALUES ('49ca6af2-2766-489a-99af-6c617ccda1d4', 'employeeName58', 'employeeLastName58', 'a0e91a61-45d3-453c-bc61-021fbeee3cd2', 'c917b123-4fea-41b7-9c12-5b8f1d6fd527', null, '2021-12-23T15:57:56.173332', 'testUser58', 'employee58@em.com', '3ea41cd2-2e35-467b-a976-9406d9c891da');
INSERT INTO art_ping.employee_role VALUES ('8c4d07a1-e616-434f-8997-b2ce5a2e2ba0', '49ca6af2-2766-489a-99af-6c617ccda1d4', '992e5c70-7b14-44ae-b2fc-d0c884659841');
INSERT INTO art_ping.employee_role VALUES ('04f95c1e-9c2a-4e85-acee-9ef74b701d45', '49ca6af2-2766-489a-99af-6c617ccda1d4', 'e7051ffa-0edb-4ac7-84ed-12c1d3b2b5f8');
INSERT INTO art_ping.employee_role VALUES ('31de322a-1b8d-4b75-9249-57949e744d41', '49ca6af2-2766-489a-99af-6c617ccda1d4', 'eea13552-ad24-4165-bce4-f1b22776739c');
INSERT INTO art_ping.employee (id, first_name, last_name, office_id, user_id, leave_date, updated, login, email, calendar_id) VALUES ('01133c1d-0029-463e-88df-5fafd35fcefe', 'employeeName59', 'employeeLastName59', 'f9283adf-e54a-45c8-9c83-04e195e5dcea', '4376808a-7c63-4cf8-a07d-e5a5368a0dd5', null, '2021-12-23T15:57:56.173332', 'testUser59', 'employee59@em.com', 'bd33e50b-d99e-4f0f-b2eb-191673b80876');
INSERT INTO art_ping.employee_role VALUES ('ccd98d00-844e-40f6-953e-37fc09a20c8b', '01133c1d-0029-463e-88df-5fafd35fcefe', '992e5c70-7b14-44ae-b2fc-d0c884659841');
INSERT INTO art_ping.employee_role VALUES ('c2732946-1b15-4208-96a9-454fb46a141b', '01133c1d-0029-463e-88df-5fafd35fcefe', '9f4932a6-c650-4cd2-9338-2eefa47aeb35');
INSERT INTO art_ping.employee_role VALUES ('c86fda06-c385-492a-b569-8bfe295f92c6', '01133c1d-0029-463e-88df-5fafd35fcefe', 'e7051ffa-0edb-4ac7-84ed-12c1d3b2b5f8');
INSERT INTO art_ping.employee_role VALUES ('4233e272-5ce0-4fd1-af36-2c6e96a6b754', '01133c1d-0029-463e-88df-5fafd35fcefe', 'eea13552-ad24-4165-bce4-f1b22776739c');
INSERT INTO art_ping.employee (id, first_name, last_name, office_id, user_id, leave_date, updated, login, email, calendar_id) VALUES ('8b7aa8af-fcb3-472e-a2ff-f74f8f941a0b', 'employeeName60', 'employeeLastName60', 'cea30575-f404-4fa5-90fd-b8dd246052ff', '0c37964f-f40b-4d78-8cda-b5d179e47cb2', null, '2021-12-23T15:57:56.173332', 'testUser60', 'employee60@em.com', 'ece84e5d-f32a-4165-aaeb-9c7fcf4ad087');
INSERT INTO art_ping.employee_role VALUES ('8cd78e5a-b250-4d3e-a73d-6a74e6d16539', '8b7aa8af-fcb3-472e-a2ff-f74f8f941a0b', 'eea13552-ad24-4165-bce4-f1b22776739c');
INSERT INTO art_ping.employee (id, first_name, last_name, office_id, user_id, leave_date, updated, login, email, calendar_id) VALUES ('b7a5bdfc-4447-4cbb-bd40-b61847f0fd1e', 'employeeName61', 'employeeLastName61', 'a0e91a61-45d3-453c-bc61-021fbeee3cd2', '4fa2230e-0185-4375-ace2-c74f270b5a12', null, '2021-12-23T15:57:56.173332', 'testUser61', 'employee61@em.com', '3ea41cd2-2e35-467b-a976-9406d9c891da');
INSERT INTO art_ping.employee_role VALUES ('28e9a653-a044-45e4-9383-72e579894287', 'b7a5bdfc-4447-4cbb-bd40-b61847f0fd1e', 'e7051ffa-0edb-4ac7-84ed-12c1d3b2b5f8');
INSERT INTO art_ping.employee_role VALUES ('dd6fe6ca-5a07-410a-a9f7-132490c96e1a', 'b7a5bdfc-4447-4cbb-bd40-b61847f0fd1e', 'eea13552-ad24-4165-bce4-f1b22776739c');
INSERT INTO art_ping.employee (id, first_name, last_name, office_id, user_id, leave_date, updated, login, email, calendar_id) VALUES ('99de8f95-187e-4ef0-82f4-792435051f62', 'employeeName62', 'employeeLastName62', 'b32cf084-d483-48ec-9c63-ff8dc4d12795', '41a828c4-ef71-419f-92b6-b32b931c3b83', null, '2021-12-23T15:57:56.173332', 'testUser62', 'employee62@em.com', '0698bb6d-7505-49ea-99c4-f4d66e57172b');
INSERT INTO art_ping.employee_role VALUES ('e103f66f-350b-4734-bb4a-4b9921108fd3', '99de8f95-187e-4ef0-82f4-792435051f62', '992e5c70-7b14-44ae-b2fc-d0c884659841');
INSERT INTO art_ping.employee_role VALUES ('27d64a52-5453-445b-b499-f280fa73ca12', '99de8f95-187e-4ef0-82f4-792435051f62', '5b204bc5-6430-4939-aa23-17b1482c6d98');
INSERT INTO art_ping.employee_role VALUES ('add53d6e-0d21-4b26-adc0-e5284e314e49', '99de8f95-187e-4ef0-82f4-792435051f62', '9f4932a6-c650-4cd2-9338-2eefa47aeb35');
INSERT INTO art_ping.employee_role VALUES ('f522e8a7-e73d-4bd4-9ffd-ed44829cf013', '99de8f95-187e-4ef0-82f4-792435051f62', 'eea13552-ad24-4165-bce4-f1b22776739c');
INSERT INTO art_ping.employee (id, first_name, last_name, office_id, user_id, leave_date, updated, login, email, calendar_id) VALUES ('e29c42aa-1923-468d-92cc-6543541d65c6', 'employeeName63', 'employeeLastName63', '6142ed64-0187-4a87-94fb-6da715f6e513', 'b98deb7f-bb94-4624-9082-0446d3889d64', null, '2021-12-23T15:57:56.173332', 'testUser63', 'employee63@em.com', '5d0fe03f-ed10-4373-bb72-2206c079ab4d');
INSERT INTO art_ping.employee_role VALUES ('4e7b7329-b917-4182-bcd6-9d1276aeacf0', 'e29c42aa-1923-468d-92cc-6543541d65c6', '992e5c70-7b14-44ae-b2fc-d0c884659841');
INSERT INTO art_ping.employee_role VALUES ('d0de691a-afe0-4473-a40e-9c64db4aa076', 'e29c42aa-1923-468d-92cc-6543541d65c6', '9f4932a6-c650-4cd2-9338-2eefa47aeb35');
INSERT INTO art_ping.employee_role VALUES ('6044f8dd-dffa-4929-b350-2361e4f3b0ad', 'e29c42aa-1923-468d-92cc-6543541d65c6', 'eea13552-ad24-4165-bce4-f1b22776739c');
INSERT INTO art_ping.employee (id, first_name, last_name, office_id, user_id, leave_date, updated, login, email, calendar_id) VALUES ('b3bbb05f-31f7-4286-b5d7-801f7ba8a253', 'employeeName64', 'employeeLastName64', 'dd555d67-0b33-4c94-9df1-1c2db24dbe3a', '8b90d8b9-da73-4aba-a541-4dad23c1c4a5', null, '2021-12-23T15:57:56.173332', 'testUser64', 'employee64@em.com', '7adf3ff0-be1c-46b4-831a-11f4faf1b392');
INSERT INTO art_ping.employee_role VALUES ('20f443ff-319b-4314-8f7b-c2e8cb0e62df', 'b3bbb05f-31f7-4286-b5d7-801f7ba8a253', '992e5c70-7b14-44ae-b2fc-d0c884659841');
INSERT INTO art_ping.employee_role VALUES ('5d0e945a-f82c-41f6-a4f2-18937e9bb9a0', 'b3bbb05f-31f7-4286-b5d7-801f7ba8a253', '5b204bc5-6430-4939-aa23-17b1482c6d98');
INSERT INTO art_ping.employee_role VALUES ('cc6cd622-8745-4ccf-8303-aa3c38330787', 'b3bbb05f-31f7-4286-b5d7-801f7ba8a253', '9f4932a6-c650-4cd2-9338-2eefa47aeb35');
INSERT INTO art_ping.employee_role VALUES ('b28436e8-fbef-4f1b-9071-5cf5c7aada95', 'b3bbb05f-31f7-4286-b5d7-801f7ba8a253', 'e7051ffa-0edb-4ac7-84ed-12c1d3b2b5f8');
INSERT INTO art_ping.employee_role VALUES ('38aeb8f7-c37b-424a-98da-fd5ab322136c', 'b3bbb05f-31f7-4286-b5d7-801f7ba8a253', 'eea13552-ad24-4165-bce4-f1b22776739c');
INSERT INTO art_ping.employee (id, first_name, last_name, office_id, user_id, leave_date, updated, login, email, calendar_id) VALUES ('8e42298b-4598-4e97-90dd-e2a2a7ff6b9f', 'employeeName65', 'employeeLastName65', '7191f144-3b4e-40ce-b88a-da5afafa21a0', 'e4c68069-8178-4a91-8c28-4f4119e4b417', null, '2021-12-23T15:57:56.173332', 'testUser65', 'employee65@em.com', '6740ee80-af1f-4f7c-830d-0022eb5c71ff');
INSERT INTO art_ping.employee_role VALUES ('db751f61-9a57-4947-8e8e-93bc2e6c39a9', '8e42298b-4598-4e97-90dd-e2a2a7ff6b9f', '992e5c70-7b14-44ae-b2fc-d0c884659841');
INSERT INTO art_ping.employee_role VALUES ('bb279e3c-cf70-4b51-a865-6d38abbb4f72', '8e42298b-4598-4e97-90dd-e2a2a7ff6b9f', 'eea13552-ad24-4165-bce4-f1b22776739c');
INSERT INTO art_ping.employee (id, first_name, last_name, office_id, user_id, leave_date, updated, login, email, calendar_id) VALUES ('1fa7b87d-f0de-4dd1-9f90-776b7a9eb4c3', 'employeeName66', 'employeeLastName66', 'fbb0d772-72bf-4357-9724-4a94e81f03e9', '90425919-1be9-4c74-a39d-410705050e82', null, '2021-12-23T15:57:56.174331600', 'testUser66', 'employee66@em.com', '4ad4a8b0-be32-4038-8805-842060a2a44a');
INSERT INTO art_ping.employee_role VALUES ('ac0c414c-802e-4181-8be3-5c9dd8b6825e', '1fa7b87d-f0de-4dd1-9f90-776b7a9eb4c3', '992e5c70-7b14-44ae-b2fc-d0c884659841');
INSERT INTO art_ping.employee_role VALUES ('cab14cbe-632c-4e3f-806c-93328319c17d', '1fa7b87d-f0de-4dd1-9f90-776b7a9eb4c3', '5b204bc5-6430-4939-aa23-17b1482c6d98');
INSERT INTO art_ping.employee_role VALUES ('4624a892-b53a-44e5-884c-ad2530b1f849', '1fa7b87d-f0de-4dd1-9f90-776b7a9eb4c3', 'e7051ffa-0edb-4ac7-84ed-12c1d3b2b5f8');
INSERT INTO art_ping.employee_role VALUES ('1a49dbba-f752-48d2-9215-5786062e256f', '1fa7b87d-f0de-4dd1-9f90-776b7a9eb4c3', 'eea13552-ad24-4165-bce4-f1b22776739c');
INSERT INTO art_ping.employee (id, first_name, last_name, office_id, user_id, leave_date, updated, login, email, calendar_id) VALUES ('f8e292b6-2d14-45e4-bc4f-d69bcf6c60e5', 'employeeName67', 'employeeLastName67', '688e4de4-013d-4a4c-aff1-13dea7d2ced8', '69e93b91-78db-48c5-bdaf-d3b313665f02', null, '2021-12-23T15:57:56.174331600', 'testUser67', 'employee67@em.com', 'bf441199-ac71-46e6-966f-13b0db15c311');
INSERT INTO art_ping.employee_role VALUES ('8cffdad7-485b-4bfc-8e27-1eac99afeb43', 'f8e292b6-2d14-45e4-bc4f-d69bcf6c60e5', '9f4932a6-c650-4cd2-9338-2eefa47aeb35');
INSERT INTO art_ping.employee_role VALUES ('9814cdfd-377d-4bd0-9122-c63946641d78', 'f8e292b6-2d14-45e4-bc4f-d69bcf6c60e5', 'eea13552-ad24-4165-bce4-f1b22776739c');
INSERT INTO art_ping.employee (id, first_name, last_name, office_id, user_id, leave_date, updated, login, email, calendar_id) VALUES ('51bc8980-3c9f-4afe-8a7b-bacfd2955566', 'employeeName68', 'employeeLastName68', '03f442a7-fa77-471e-bcee-63dc42c09237', '6b90d848-80d5-4ebb-925c-fa850efe037b', null, '2021-12-23T15:57:56.174331600', 'testUser68', 'employee68@em.com', '453ead52-aea1-4f91-b834-f75909f84808');
INSERT INTO art_ping.employee_role VALUES ('c9351d4d-2a43-43b2-8e15-f6f383a3e4c8', '51bc8980-3c9f-4afe-8a7b-bacfd2955566', '5b204bc5-6430-4939-aa23-17b1482c6d98');
INSERT INTO art_ping.employee_role VALUES ('8a413287-2043-4036-b8d1-99381c849e9f', '51bc8980-3c9f-4afe-8a7b-bacfd2955566', 'eea13552-ad24-4165-bce4-f1b22776739c');
INSERT INTO art_ping.employee (id, first_name, last_name, office_id, user_id, leave_date, updated, login, email, calendar_id) VALUES ('bdce2984-48ff-47e3-9fed-ecc02eb0faa4', 'employeeName69', 'employeeLastName69', '3079850b-42ba-43fd-bc01-ad1009cee5f0', '5a2a5d52-df61-4640-992b-8eda1f285fd9', null, '2021-12-23T15:57:56.174331600', 'testUser69', 'employee69@em.com', '567f95ff-0272-471e-a091-5ba82268387c');
INSERT INTO art_ping.employee_role VALUES ('edcdc777-f4c1-43da-8c12-9d275f54db9c', 'bdce2984-48ff-47e3-9fed-ecc02eb0faa4', '992e5c70-7b14-44ae-b2fc-d0c884659841');
INSERT INTO art_ping.employee_role VALUES ('8b32b6e4-96c0-44a6-a9ce-c64e43d98efb', 'bdce2984-48ff-47e3-9fed-ecc02eb0faa4', '5b204bc5-6430-4939-aa23-17b1482c6d98');
INSERT INTO art_ping.employee_role VALUES ('83517048-21e5-40f2-9905-9d15d98c9b2c', 'bdce2984-48ff-47e3-9fed-ecc02eb0faa4', 'eea13552-ad24-4165-bce4-f1b22776739c');
INSERT INTO art_ping.employee (id, first_name, last_name, office_id, user_id, leave_date, updated, login, email, calendar_id) VALUES ('afe9b494-96c4-4c65-8192-7839fd67d093', 'employeeName70', 'employeeLastName70', 'ad6cc68d-b235-42c7-a160-ca3556ee52c3', 'd5c0ae41-5c4b-436c-8be0-e9cb0988d031', null, '2021-12-23T15:57:56.174331600', 'testUser70', 'employee70@em.com', '774135d2-f0e3-47c2-8496-78319f1757d0');
INSERT INTO art_ping.employee_role VALUES ('3bd7de5f-ffd4-4b89-b32b-8d1a8bdacfd8', 'afe9b494-96c4-4c65-8192-7839fd67d093', '992e5c70-7b14-44ae-b2fc-d0c884659841');
INSERT INTO art_ping.employee_role VALUES ('7444dc30-3bc3-44c8-b888-e1568c902719', 'afe9b494-96c4-4c65-8192-7839fd67d093', 'eea13552-ad24-4165-bce4-f1b22776739c');
INSERT INTO art_ping.employee (id, first_name, last_name, office_id, user_id, leave_date, updated, login, email, calendar_id) VALUES ('13462e56-1fb5-4ebf-bd36-0bf0a91515b9', 'employeeName71', 'employeeLastName71', 'b5a5d28e-6a96-4924-bbe3-3add5cf8d125', '9bca34c6-d613-4fb3-a4d0-709d41b70d1a', null, '2021-12-23T15:57:56.174331600', 'testUser71', 'employee71@em.com', '8f58430d-dc78-447d-b06c-c901317bc8d2');
INSERT INTO art_ping.employee_role VALUES ('4365ce75-4335-47ce-9aad-a0dfab986fd4', '13462e56-1fb5-4ebf-bd36-0bf0a91515b9', '5b204bc5-6430-4939-aa23-17b1482c6d98');
INSERT INTO art_ping.employee_role VALUES ('0c1434c4-9eee-4090-9b91-f8d74af05abe', '13462e56-1fb5-4ebf-bd36-0bf0a91515b9', 'eea13552-ad24-4165-bce4-f1b22776739c');
INSERT INTO art_ping.employee (id, first_name, last_name, office_id, user_id, leave_date, updated, login, email, calendar_id) VALUES ('484d8b7f-a858-49e0-88a5-9e45a14c5cd4', 'employeeName72', 'employeeLastName72', '4c9c8b32-b694-4c97-9d13-a90f6639020d', '6fa6b8b6-89d4-41ed-a359-af21ccb47f54', null, '2021-12-23T15:57:56.174331600', 'testUser72', 'employee72@em.com', 'b2e5aa59-05c9-4c12-9328-18bce88ee49a');
INSERT INTO art_ping.employee_role VALUES ('a46ea8c2-ea10-4932-a3e8-83fa78a764f1', '484d8b7f-a858-49e0-88a5-9e45a14c5cd4', '5b204bc5-6430-4939-aa23-17b1482c6d98');
INSERT INTO art_ping.employee_role VALUES ('c3a7a236-e5ec-4dfc-bb09-e4a9dd87a225', '484d8b7f-a858-49e0-88a5-9e45a14c5cd4', '9f4932a6-c650-4cd2-9338-2eefa47aeb35');
INSERT INTO art_ping.employee_role VALUES ('1925f15d-4771-4688-99b5-29c138be3fd7', '484d8b7f-a858-49e0-88a5-9e45a14c5cd4', 'eea13552-ad24-4165-bce4-f1b22776739c');
INSERT INTO art_ping.employee (id, first_name, last_name, office_id, user_id, leave_date, updated, login, email, calendar_id) VALUES ('c4d96eed-4f16-4ede-a4e2-e8047d4afe00', 'employeeName73', 'employeeLastName73', 'd23cad61-9fad-4326-bd7a-d960754e9c77', '352ac2a5-2caf-4505-84f3-d7eeb97fdcc1', null, '2021-12-23T15:57:56.174331600', 'testUser73', 'employee73@em.com', 'f85375e3-ece3-447f-81a6-2931737032df');
INSERT INTO art_ping.employee_role VALUES ('350e123e-bbb1-474d-87db-8b2f5037e807', 'c4d96eed-4f16-4ede-a4e2-e8047d4afe00', '992e5c70-7b14-44ae-b2fc-d0c884659841');
INSERT INTO art_ping.employee_role VALUES ('48e92224-a9e0-415e-84b8-12900a3a6065', 'c4d96eed-4f16-4ede-a4e2-e8047d4afe00', '5b204bc5-6430-4939-aa23-17b1482c6d98');
INSERT INTO art_ping.employee_role VALUES ('22770c53-bfc6-423b-b654-9968bdacaa2b', 'c4d96eed-4f16-4ede-a4e2-e8047d4afe00', 'eea13552-ad24-4165-bce4-f1b22776739c');
INSERT INTO art_ping.employee (id, first_name, last_name, office_id, user_id, leave_date, updated, login, email, calendar_id) VALUES ('3e851127-afa8-449b-8908-c7912137d368', 'employeeName74', 'employeeLastName74', 'f7ac85bd-3a86-42a6-beee-0ea739972660', 'a6ebe603-2607-46bd-a402-45f2b8c5cd06', null, '2021-12-23T15:57:56.174331600', 'testUser74', 'employee74@em.com', '306a5472-189c-4972-b016-25d8da988d9a');
INSERT INTO art_ping.employee_role VALUES ('54dff768-35d8-46a3-add9-e423bba252df', '3e851127-afa8-449b-8908-c7912137d368', '9f4932a6-c650-4cd2-9338-2eefa47aeb35');
INSERT INTO art_ping.employee_role VALUES ('8835ffb7-9b7e-4592-b4b6-7cafe59ab8ec', '3e851127-afa8-449b-8908-c7912137d368', 'e7051ffa-0edb-4ac7-84ed-12c1d3b2b5f8');
INSERT INTO art_ping.employee_role VALUES ('6b487943-32bd-4cf5-9e6d-ea70da2a94f8', '3e851127-afa8-449b-8908-c7912137d368', 'eea13552-ad24-4165-bce4-f1b22776739c');
INSERT INTO art_ping.employee (id, first_name, last_name, office_id, user_id, leave_date, updated, login, email, calendar_id) VALUES ('ce38fb77-90e4-469d-9e4b-2164de440b56', 'employeeName75', 'employeeLastName75', '786bdd0f-cfaa-48ae-84cb-bef7346a7cff', 'e31a388c-8653-41ae-b506-ddba240215d3', null, '2021-12-23T15:57:56.174331600', 'testUser75', 'employee75@em.com', '1efce7ca-fc5b-4e84-ab9b-e1eb6771660f');
INSERT INTO art_ping.employee_role VALUES ('86a4a027-264e-41b8-9bf9-26a850a9adb5', 'ce38fb77-90e4-469d-9e4b-2164de440b56', 'e7051ffa-0edb-4ac7-84ed-12c1d3b2b5f8');
INSERT INTO art_ping.employee_role VALUES ('3c5c3242-57a0-4f07-97b9-d4b076b1c1ad', 'ce38fb77-90e4-469d-9e4b-2164de440b56', 'eea13552-ad24-4165-bce4-f1b22776739c');
INSERT INTO art_ping.employee (id, first_name, last_name, office_id, user_id, leave_date, updated, login, email, calendar_id) VALUES ('c2d2f97e-8a11-4a1b-bc6f-ea054abe0e77', 'employeeName76', 'employeeLastName76', 'cb64d194-2d23-4ff2-974f-3141f201c283', '68d2133b-dac7-4517-bebe-d53abeb54316', null, '2021-12-23T15:57:56.174331600', 'testUser76', 'employee76@em.com', '63f37abf-72e7-4621-85dc-6b7f966e5f16');
INSERT INTO art_ping.employee_role VALUES ('238824f6-97e6-452c-af30-1f67ef75ffbb', 'c2d2f97e-8a11-4a1b-bc6f-ea054abe0e77', '9f4932a6-c650-4cd2-9338-2eefa47aeb35');
INSERT INTO art_ping.employee_role VALUES ('60201abe-8083-4a00-a1df-56320f9c8e80', 'c2d2f97e-8a11-4a1b-bc6f-ea054abe0e77', 'e7051ffa-0edb-4ac7-84ed-12c1d3b2b5f8');
INSERT INTO art_ping.employee_role VALUES ('4307b8ad-fc65-4135-b7ab-01c658e5dcfa', 'c2d2f97e-8a11-4a1b-bc6f-ea054abe0e77', 'eea13552-ad24-4165-bce4-f1b22776739c');
INSERT INTO art_ping.employee (id, first_name, last_name, office_id, user_id, leave_date, updated, login, email, calendar_id) VALUES ('0adc8fc3-8898-4378-8865-15f939a8179f', 'employeeName77', 'employeeLastName77', '55374a26-0408-453c-b70f-e3b8dfa1ac4b', '855ca0aa-17a6-432b-82f7-fc3c00d21662', null, '2021-12-23T15:57:56.174331600', 'testUser77', 'employee77@em.com', 'df638e33-b2a7-45be-9e78-c44dd676c73c');
INSERT INTO art_ping.employee_role VALUES ('004f2915-dc9d-42c4-a924-e183e05f60f9', '0adc8fc3-8898-4378-8865-15f939a8179f', 'eea13552-ad24-4165-bce4-f1b22776739c');
INSERT INTO art_ping.employee (id, first_name, last_name, office_id, user_id, leave_date, updated, login, email, calendar_id) VALUES ('33dfdf17-ad6b-4f18-9ce2-d1fce01adf7e', 'employeeName78', 'employeeLastName78', 'cfd71c5b-53bb-49fc-ba3a-80730f44caeb', '57eb15f5-1f1b-4186-a161-c69a1c30400b', null, '2021-12-23T15:57:56.174331600', 'testUser78', 'employee78@em.com', 'a4209d3d-5caf-4758-a5f1-9042192715fe');
INSERT INTO art_ping.employee_role VALUES ('b4714e78-19b4-4a12-896e-0df83daf1a0c', '33dfdf17-ad6b-4f18-9ce2-d1fce01adf7e', '992e5c70-7b14-44ae-b2fc-d0c884659841');
INSERT INTO art_ping.employee_role VALUES ('1d5bb8c6-ad6a-43e5-af36-68421360c012', '33dfdf17-ad6b-4f18-9ce2-d1fce01adf7e', '5b204bc5-6430-4939-aa23-17b1482c6d98');
INSERT INTO art_ping.employee_role VALUES ('f700e089-69d4-4775-9b0f-542d2be9c0ce', '33dfdf17-ad6b-4f18-9ce2-d1fce01adf7e', 'e7051ffa-0edb-4ac7-84ed-12c1d3b2b5f8');
INSERT INTO art_ping.employee_role VALUES ('befa7863-c12e-4546-a0db-5535f41b47b6', '33dfdf17-ad6b-4f18-9ce2-d1fce01adf7e', 'eea13552-ad24-4165-bce4-f1b22776739c');
INSERT INTO art_ping.employee (id, first_name, last_name, office_id, user_id, leave_date, updated, login, email, calendar_id) VALUES ('a3eba660-ebad-4453-92f8-72def095c50d', 'employeeName79', 'employeeLastName79', '4f435416-9153-49ad-9b90-11bf998deed8', '3c4140f1-0049-4f82-a4ad-080531dc082f', null, '2021-12-23T15:57:56.174331600', 'testUser79', 'employee79@em.com', '3ca8d6d0-3ab2-4e7d-b43a-e789476d70cd');
INSERT INTO art_ping.employee_role VALUES ('ea49dae0-f86c-4865-91c3-94e27a004cc6', 'a3eba660-ebad-4453-92f8-72def095c50d', '5b204bc5-6430-4939-aa23-17b1482c6d98');
INSERT INTO art_ping.employee_role VALUES ('270d5ba1-14d1-4bd3-970e-8ad803b6debb', 'a3eba660-ebad-4453-92f8-72def095c50d', '9f4932a6-c650-4cd2-9338-2eefa47aeb35');
INSERT INTO art_ping.employee_role VALUES ('5c7bf038-39ec-40e8-9408-d31f3b5d3a0a', 'a3eba660-ebad-4453-92f8-72def095c50d', 'e7051ffa-0edb-4ac7-84ed-12c1d3b2b5f8');
INSERT INTO art_ping.employee_role VALUES ('d2d14edc-2e47-488d-af85-e8051e0f1bbe', 'a3eba660-ebad-4453-92f8-72def095c50d', 'eea13552-ad24-4165-bce4-f1b22776739c');
INSERT INTO art_ping.employee (id, first_name, last_name, office_id, user_id, leave_date, updated, login, email, calendar_id) VALUES ('0ef87a64-d84c-423a-b727-7f198f0a7d18', 'employeeName80', 'employeeLastName80', '18cf1f18-bee0-4579-8ae0-1885d9400a93', 'bf384ccf-e1c8-42ab-9cd1-f43c2759b895', null, '2021-12-23T15:57:56.174331600', 'testUser80', 'employee80@em.com', 'be21ba46-06d5-42d8-bc3f-703f93cb2233');
INSERT INTO art_ping.employee_role VALUES ('337fd77f-eca3-4337-90b8-910a5f2bb1b2', '0ef87a64-d84c-423a-b727-7f198f0a7d18', '5b204bc5-6430-4939-aa23-17b1482c6d98');
INSERT INTO art_ping.employee_role VALUES ('ee369cb2-8472-4032-8c71-9a30165f64bf', '0ef87a64-d84c-423a-b727-7f198f0a7d18', 'e7051ffa-0edb-4ac7-84ed-12c1d3b2b5f8');
INSERT INTO art_ping.employee_role VALUES ('c485c3ea-7442-4d44-9285-64db11dafae1', '0ef87a64-d84c-423a-b727-7f198f0a7d18', 'eea13552-ad24-4165-bce4-f1b22776739c');
INSERT INTO art_ping.employee (id, first_name, last_name, office_id, user_id, leave_date, updated, login, email, calendar_id) VALUES ('a9d41662-5fbc-48d6-af6d-70bd1ccbf684', 'employeeName81', 'employeeLastName81', '1474fde4-7488-4ad3-9495-a980a697c2be', '6e70ea0e-2edb-42ef-9b02-0d4441bf2d66', null, '2021-12-23T15:57:56.174331600', 'testUser81', 'employee81@em.com', 'ece84e5d-f32a-4165-aaeb-9c7fcf4ad087');
INSERT INTO art_ping.employee_role VALUES ('57948760-bf2d-458c-9bd8-d00ab2d3c604', 'a9d41662-5fbc-48d6-af6d-70bd1ccbf684', '9f4932a6-c650-4cd2-9338-2eefa47aeb35');
INSERT INTO art_ping.employee_role VALUES ('ee91f29d-2996-43ff-9b24-fec50cd31d54', 'a9d41662-5fbc-48d6-af6d-70bd1ccbf684', 'eea13552-ad24-4165-bce4-f1b22776739c');
INSERT INTO art_ping.employee (id, first_name, last_name, office_id, user_id, leave_date, updated, login, email, calendar_id) VALUES ('eca8228c-30d7-4e99-90e1-814a18adebdc', 'employeeName82', 'employeeLastName82', '9bf84b81-cd04-48ed-bddd-847ab46a91b6', '054e2d1c-4ee8-4261-8d83-84c5ae8cacb7', null, '2021-12-23T15:57:56.174331600', 'testUser82', 'employee82@em.com', '0a939078-93cc-4024-be1c-fce3e236261e');
INSERT INTO art_ping.employee_role VALUES ('9300e818-28a4-4f47-947d-ce1b8d26326c', 'eca8228c-30d7-4e99-90e1-814a18adebdc', '5b204bc5-6430-4939-aa23-17b1482c6d98');
INSERT INTO art_ping.employee_role VALUES ('d8b2ef78-302b-4449-a119-960a0930c752', 'eca8228c-30d7-4e99-90e1-814a18adebdc', 'eea13552-ad24-4165-bce4-f1b22776739c');
INSERT INTO art_ping.employee (id, first_name, last_name, office_id, user_id, leave_date, updated, login, email, calendar_id) VALUES ('18ebec9b-6d09-4fa5-b6d7-817998f8dea7', 'employeeName83', 'employeeLastName83', 'd3fd3a60-8844-4307-afab-55fd3101bc4b', 'b9487210-e822-4c8d-836a-5463f78b21eb', null, '2021-12-23T15:57:56.175331900', 'testUser83', 'employee83@em.com', '81d84e96-db7c-46b3-aaef-338fbf47544a');
INSERT INTO art_ping.employee_role VALUES ('c5de90c5-fc3e-4ea3-8599-c69228884492', '18ebec9b-6d09-4fa5-b6d7-817998f8dea7', 'eea13552-ad24-4165-bce4-f1b22776739c');
INSERT INTO art_ping.employee (id, first_name, last_name, office_id, user_id, leave_date, updated, login, email, calendar_id) VALUES ('b778b2cc-ca73-4f95-8b90-6e7ac3507fec', 'employeeName84', 'employeeLastName84', 'a5c3f074-a0d2-44f7-a380-685a10a0bbd2', '55312e62-20e9-4a9c-9cf2-9c9522b7022d', null, '2021-12-23T15:57:56.175331900', 'testUser84', 'employee84@em.com', 'c6f8565c-983c-4f3a-bf19-90c83d1ac25e');
INSERT INTO art_ping.employee_role VALUES ('094dd271-19f1-47a7-80dd-76c9b48931a9', 'b778b2cc-ca73-4f95-8b90-6e7ac3507fec', '992e5c70-7b14-44ae-b2fc-d0c884659841');
INSERT INTO art_ping.employee_role VALUES ('bf9e7087-baad-4b0e-aa98-8e4fc8c251f3', 'b778b2cc-ca73-4f95-8b90-6e7ac3507fec', 'e7051ffa-0edb-4ac7-84ed-12c1d3b2b5f8');
INSERT INTO art_ping.employee_role VALUES ('853add2f-6ce9-4ce6-ad4e-b83365d763f1', 'b778b2cc-ca73-4f95-8b90-6e7ac3507fec', 'eea13552-ad24-4165-bce4-f1b22776739c');
INSERT INTO art_ping.employee (id, first_name, last_name, office_id, user_id, leave_date, updated, login, email, calendar_id) VALUES ('74511b13-e9ee-41b9-8e2f-38bc890316a5', 'employeeName85', 'employeeLastName85', '192cd2f4-0a22-431c-b8ab-e94ce129b7ca', 'a8de7d54-9645-4637-901a-e97ed92e809c', null, '2021-12-23T15:57:56.175331900', 'testUser85', 'employee85@em.com', 'afb13774-007e-435b-bf7b-173551fd2c8e');
INSERT INTO art_ping.employee_role VALUES ('690ee142-7c2f-4019-bfa1-1cbd3f86321f', '74511b13-e9ee-41b9-8e2f-38bc890316a5', '992e5c70-7b14-44ae-b2fc-d0c884659841');
INSERT INTO art_ping.employee_role VALUES ('2bf67c4d-85ad-4f34-b15f-1e1970116150', '74511b13-e9ee-41b9-8e2f-38bc890316a5', '5b204bc5-6430-4939-aa23-17b1482c6d98');
INSERT INTO art_ping.employee_role VALUES ('829b429b-4b11-47da-bcf4-e06c0988f602', '74511b13-e9ee-41b9-8e2f-38bc890316a5', 'eea13552-ad24-4165-bce4-f1b22776739c');
INSERT INTO art_ping.employee (id, first_name, last_name, office_id, user_id, leave_date, updated, login, email, calendar_id) VALUES ('3f1b841e-e693-48dd-ad6c-ac8bf19e40ce', 'employeeName86', 'employeeLastName86', '193821bf-853a-47a3-8149-8934d576522a', 'a64b2343-6907-44e2-b2a7-e9bb48488c33', null, '2021-12-23T15:57:56.175331900', 'testUser86', 'employee86@em.com', '4d1c6b46-b965-439f-9fcc-0e45453ba2b6');
INSERT INTO art_ping.employee_role VALUES ('de52cd53-6521-44fc-80bd-cee98e09c557', '3f1b841e-e693-48dd-ad6c-ac8bf19e40ce', '5b204bc5-6430-4939-aa23-17b1482c6d98');
INSERT INTO art_ping.employee_role VALUES ('174cea0a-19c8-4b3e-9c0d-86ee61d205b1', '3f1b841e-e693-48dd-ad6c-ac8bf19e40ce', '9f4932a6-c650-4cd2-9338-2eefa47aeb35');
INSERT INTO art_ping.employee_role VALUES ('f6b843b3-b1c5-4e80-a3d5-cf3c2729dc34', '3f1b841e-e693-48dd-ad6c-ac8bf19e40ce', 'e7051ffa-0edb-4ac7-84ed-12c1d3b2b5f8');
INSERT INTO art_ping.employee_role VALUES ('ab5d1093-117a-4097-8173-d3317fcedb60', '3f1b841e-e693-48dd-ad6c-ac8bf19e40ce', 'eea13552-ad24-4165-bce4-f1b22776739c');
INSERT INTO art_ping.employee (id, first_name, last_name, office_id, user_id, leave_date, updated, login, email, calendar_id) VALUES ('085d1150-48f8-4b0b-814d-fa33a489b982', 'employeeName87', 'employeeLastName87', '3510b8be-d9ed-4ebb-b694-ae1ccecc4d6f', '211487b8-3d8e-4a22-ada1-a83b8b9f0799', null, '2021-12-23T15:57:56.175331900', 'testUser87', 'employee87@em.com', 'e68ad155-c07f-4b3c-8022-66f96be8c2bf');
INSERT INTO art_ping.employee_role VALUES ('a7223f33-6429-490c-b161-0eb8eb8270db', '085d1150-48f8-4b0b-814d-fa33a489b982', '5b204bc5-6430-4939-aa23-17b1482c6d98');
INSERT INTO art_ping.employee_role VALUES ('5c9af078-3855-4f0e-b8b5-07981ada43bb', '085d1150-48f8-4b0b-814d-fa33a489b982', 'e7051ffa-0edb-4ac7-84ed-12c1d3b2b5f8');
INSERT INTO art_ping.employee_role VALUES ('089d9f09-3077-44a7-b729-2a4dacf18e9e', '085d1150-48f8-4b0b-814d-fa33a489b982', 'eea13552-ad24-4165-bce4-f1b22776739c');
INSERT INTO art_ping.employee (id, first_name, last_name, office_id, user_id, leave_date, updated, login, email, calendar_id) VALUES ('f9019837-96ef-40c0-96e6-432357b2631a', 'employeeName88', 'employeeLastName88', '703cbc07-43f3-48a4-91db-456b125e9b9e', '53b61315-3b7f-4b2b-8c92-041ddebe9c9d', null, '2021-12-23T15:57:56.175331900', 'testUser88', 'employee88@em.com', 'ad61be45-0c7f-4c95-be8b-608340beb8ee');
INSERT INTO art_ping.employee_role VALUES ('94fdaf18-056b-4c6d-b74e-577cece7271d', 'f9019837-96ef-40c0-96e6-432357b2631a', '9f4932a6-c650-4cd2-9338-2eefa47aeb35');
INSERT INTO art_ping.employee_role VALUES ('c37e7302-34ec-4f86-a4cd-8852e3e89a0c', 'f9019837-96ef-40c0-96e6-432357b2631a', 'e7051ffa-0edb-4ac7-84ed-12c1d3b2b5f8');
INSERT INTO art_ping.employee_role VALUES ('68481094-5f4b-42f0-a4fc-8091656382d2', 'f9019837-96ef-40c0-96e6-432357b2631a', 'eea13552-ad24-4165-bce4-f1b22776739c');
INSERT INTO art_ping.employee (id, first_name, last_name, office_id, user_id, leave_date, updated, login, email, calendar_id) VALUES ('287e5d5a-620c-4827-a90a-1f842bfb0e19', 'employeeName89', 'employeeLastName89', 'e4994d9f-0415-4ed4-820e-68f94e66f86a', '8a16e2e5-92f0-4aa4-a7b9-9d0e6f326d4b', null, '2021-12-23T15:57:56.175331900', 'testUser89', 'employee89@em.com', '453ead52-aea1-4f91-b834-f75909f84808');
INSERT INTO art_ping.employee_role VALUES ('9c5c59ff-4d7d-49f7-abd2-fb42ae84c859', '287e5d5a-620c-4827-a90a-1f842bfb0e19', '5b204bc5-6430-4939-aa23-17b1482c6d98');
INSERT INTO art_ping.employee_role VALUES ('c372fdbb-2f4d-4d0b-85af-5e1a49183765', '287e5d5a-620c-4827-a90a-1f842bfb0e19', 'eea13552-ad24-4165-bce4-f1b22776739c');
INSERT INTO art_ping.employee (id, first_name, last_name, office_id, user_id, leave_date, updated, login, email, calendar_id) VALUES ('da7fe6a8-3541-4b03-8804-056261fc2bd8', 'employeeName90', 'employeeLastName90', 'eef2db16-7b4d-4e59-9dc9-5fba8f81c9d5', 'd4d84e13-e3e1-491c-a067-ea9e4024f5fa', null, '2021-12-23T15:57:56.175331900', 'testUser90', 'employee90@em.com', 'a7486ce1-a4d7-43a8-a3e9-a9bc45473eaa');
INSERT INTO art_ping.employee_role VALUES ('3fba542c-b018-4622-b124-d66920affa6e', 'da7fe6a8-3541-4b03-8804-056261fc2bd8', '5b204bc5-6430-4939-aa23-17b1482c6d98');
INSERT INTO art_ping.employee_role VALUES ('fe2bb799-4be5-4f94-af31-ee65d22847e6', 'da7fe6a8-3541-4b03-8804-056261fc2bd8', 'e7051ffa-0edb-4ac7-84ed-12c1d3b2b5f8');
INSERT INTO art_ping.employee_role VALUES ('b18a6980-1314-4032-9eb9-376e48024444', 'da7fe6a8-3541-4b03-8804-056261fc2bd8', 'eea13552-ad24-4165-bce4-f1b22776739c');
INSERT INTO art_ping.employee (id, first_name, last_name, office_id, user_id, leave_date, updated, login, email, calendar_id) VALUES ('56d3098f-57a8-4e7c-871d-76887c62c528', 'employeeName91', 'employeeLastName91', 'a8a8f2f0-997a-4c58-9970-65098c66c2fc', '903c816b-6cd6-43c4-ba5b-090e6a4414da', null, '2021-12-23T15:57:56.175331900', 'testUser91', 'employee91@em.com', '5d0fe03f-ed10-4373-bb72-2206c079ab4d');
INSERT INTO art_ping.employee_role VALUES ('aa080e99-d197-45e6-97f7-f0da36056f2d', '56d3098f-57a8-4e7c-871d-76887c62c528', '992e5c70-7b14-44ae-b2fc-d0c884659841');
INSERT INTO art_ping.employee_role VALUES ('3a83a93b-ef2a-46aa-b24c-dd2882f242fa', '56d3098f-57a8-4e7c-871d-76887c62c528', '5b204bc5-6430-4939-aa23-17b1482c6d98');
INSERT INTO art_ping.employee_role VALUES ('78d13d44-4eb2-45fc-a3da-af2ddd91a886', '56d3098f-57a8-4e7c-871d-76887c62c528', '9f4932a6-c650-4cd2-9338-2eefa47aeb35');
INSERT INTO art_ping.employee_role VALUES ('5c3c9b7d-440d-4639-b20c-27d5b1cc765c', '56d3098f-57a8-4e7c-871d-76887c62c528', 'e7051ffa-0edb-4ac7-84ed-12c1d3b2b5f8');
INSERT INTO art_ping.employee_role VALUES ('90431237-e120-4b8e-887c-075e2bc83168', '56d3098f-57a8-4e7c-871d-76887c62c528', 'eea13552-ad24-4165-bce4-f1b22776739c');
INSERT INTO art_ping.employee (id, first_name, last_name, office_id, user_id, leave_date, updated, login, email, calendar_id) VALUES ('7de2f33b-ac5c-4e79-9bc1-3e791251fa70', 'employeeName92', 'employeeLastName92', 'a7838bcf-b110-4929-ab44-a9e739f3f481', '626d2fc7-8f70-46b6-9a67-6365be05f634', null, '2021-12-23T15:57:56.175331900', 'testUser92', 'employee92@em.com', '48846e78-d51d-43cd-95d8-4f963493c3af');
INSERT INTO art_ping.employee_role VALUES ('cf094e01-e78b-47c2-94ce-95caa5655439', '7de2f33b-ac5c-4e79-9bc1-3e791251fa70', '5b204bc5-6430-4939-aa23-17b1482c6d98');
INSERT INTO art_ping.employee_role VALUES ('f884dee3-2c99-4c77-a715-012787a22dd6', '7de2f33b-ac5c-4e79-9bc1-3e791251fa70', 'e7051ffa-0edb-4ac7-84ed-12c1d3b2b5f8');
INSERT INTO art_ping.employee_role VALUES ('2726d605-fca0-407e-83b0-17ecd98b28f5', '7de2f33b-ac5c-4e79-9bc1-3e791251fa70', 'eea13552-ad24-4165-bce4-f1b22776739c');
INSERT INTO art_ping.employee (id, first_name, last_name, office_id, user_id, leave_date, updated, login, email, calendar_id) VALUES ('5a7f29f2-c165-4475-af5c-0c41a0d9b49a', 'employeeName93', 'employeeLastName93', '881c93a5-c42e-462a-8432-455b124b1a7c', '4a156077-e204-486a-a9f8-0b4909da4907', null, '2021-12-23T15:57:56.175331900', 'testUser93', 'employee93@em.com', 'e82d3ca7-23bd-48c0-a0c3-b52d05aeaced');
INSERT INTO art_ping.employee_role VALUES ('97dddddd-8cf5-424e-9c4b-2fa91a8f7d16', '5a7f29f2-c165-4475-af5c-0c41a0d9b49a', '9f4932a6-c650-4cd2-9338-2eefa47aeb35');
INSERT INTO art_ping.employee_role VALUES ('f00a9ddf-f3ae-47ea-b6df-9328bd63b568', '5a7f29f2-c165-4475-af5c-0c41a0d9b49a', 'e7051ffa-0edb-4ac7-84ed-12c1d3b2b5f8');
INSERT INTO art_ping.employee_role VALUES ('4ae93dd0-07e3-49f9-bac0-807d3f679fa1', '5a7f29f2-c165-4475-af5c-0c41a0d9b49a', 'eea13552-ad24-4165-bce4-f1b22776739c');
INSERT INTO art_ping.employee (id, first_name, last_name, office_id, user_id, leave_date, updated, login, email, calendar_id) VALUES ('ae2b42a2-d149-411e-814b-0edded87714b', 'employeeName94', 'employeeLastName94', '7639b5ec-bf59-4e20-a7f3-4254df0fa961', 'c84fb23b-d3b0-4146-9f8e-c08eefb7a529', null, '2021-12-23T15:57:56.175331900', 'testUser94', 'employee94@em.com', 'f1544fbc-c53f-47dc-8c5a-1940e4ed4cd2');
INSERT INTO art_ping.employee_role VALUES ('3196520f-dbb6-478a-87da-c41272e83b24', 'ae2b42a2-d149-411e-814b-0edded87714b', '992e5c70-7b14-44ae-b2fc-d0c884659841');
INSERT INTO art_ping.employee_role VALUES ('20827197-5d24-4193-8a15-1b82596b1a5a', 'ae2b42a2-d149-411e-814b-0edded87714b', '9f4932a6-c650-4cd2-9338-2eefa47aeb35');
INSERT INTO art_ping.employee_role VALUES ('d7188a75-b94c-4847-a107-203ea445139e', 'ae2b42a2-d149-411e-814b-0edded87714b', 'e7051ffa-0edb-4ac7-84ed-12c1d3b2b5f8');
INSERT INTO art_ping.employee_role VALUES ('5c3b5d56-8859-494b-823d-b7ff9e0af8aa', 'ae2b42a2-d149-411e-814b-0edded87714b', 'eea13552-ad24-4165-bce4-f1b22776739c');
INSERT INTO art_ping.employee (id, first_name, last_name, office_id, user_id, leave_date, updated, login, email, calendar_id) VALUES ('4cdf619d-8a5b-4bfc-9feb-30cce1470f9b', 'employeeName95', 'employeeLastName95', 'd5d8ae97-4dcc-44ac-a549-6c7e45728e60', 'e3be15b5-8da2-4812-9b94-d6a4a203191f', null, '2021-12-23T15:57:56.175331900', 'testUser95', 'employee95@em.com', '005f8dc7-725b-4ee4-83ab-d907b9988944');
INSERT INTO art_ping.employee_role VALUES ('a5ec8dd9-b1ce-4680-b69c-8d5a8d29c321', '4cdf619d-8a5b-4bfc-9feb-30cce1470f9b', '9f4932a6-c650-4cd2-9338-2eefa47aeb35');
INSERT INTO art_ping.employee_role VALUES ('3555bdf9-ef0f-4677-9144-90221f45258a', '4cdf619d-8a5b-4bfc-9feb-30cce1470f9b', 'eea13552-ad24-4165-bce4-f1b22776739c');
INSERT INTO art_ping.employee (id, first_name, last_name, office_id, user_id, leave_date, updated, login, email, calendar_id) VALUES ('68701196-939a-4d55-8611-2a710a1d93bf', 'employeeName96', 'employeeLastName96', '3079850b-42ba-43fd-bc01-ad1009cee5f0', '79137c23-f179-4ed3-a126-4575c76ad733', null, '2021-12-23T15:57:56.175331900', 'testUser96', 'employee96@em.com', '567f95ff-0272-471e-a091-5ba82268387c');
INSERT INTO art_ping.employee_role VALUES ('c38d69ae-7d88-42c6-9b91-45a6c48364bf', '68701196-939a-4d55-8611-2a710a1d93bf', '5b204bc5-6430-4939-aa23-17b1482c6d98');
INSERT INTO art_ping.employee_role VALUES ('47e275e9-4409-4a4b-be31-35b62bb60f73', '68701196-939a-4d55-8611-2a710a1d93bf', 'eea13552-ad24-4165-bce4-f1b22776739c');
INSERT INTO art_ping.employee (id, first_name, last_name, office_id, user_id, leave_date, updated, login, email, calendar_id) VALUES ('410dc7a2-ecfe-4725-81f1-0977b2bf9883', 'employeeName97', 'employeeLastName97', '4af0742e-a71f-442c-b404-c96ead4c279e', 'd40fdcc5-b826-4021-8625-9f4fa06f4967', null, '2021-12-23T15:57:56.175331900', 'testUser97', 'employee97@em.com', '0f73303c-5a23-4777-9c8b-720a36f1b310');
INSERT INTO art_ping.employee_role VALUES ('e39f70ac-5d09-421c-9820-f2d94a00f5fe', '410dc7a2-ecfe-4725-81f1-0977b2bf9883', '992e5c70-7b14-44ae-b2fc-d0c884659841');
INSERT INTO art_ping.employee_role VALUES ('e88e677a-5a0d-4f1f-a1cc-edd90f81fbb6', '410dc7a2-ecfe-4725-81f1-0977b2bf9883', '5b204bc5-6430-4939-aa23-17b1482c6d98');
INSERT INTO art_ping.employee_role VALUES ('eb93d7bf-7fca-4ba4-a622-00120b0ced1b', '410dc7a2-ecfe-4725-81f1-0977b2bf9883', 'eea13552-ad24-4165-bce4-f1b22776739c');
INSERT INTO art_ping.employee (id, first_name, last_name, office_id, user_id, leave_date, updated, login, email, calendar_id) VALUES ('3e3ed623-2e99-4b38-930c-85d443561aea', 'employeeName98', 'employeeLastName98', '181bb7fa-d3f6-4728-922f-effd27fa8a95', 'de4cdf1a-5340-47cd-8326-9b4dce51b088', null, '2021-12-23T15:57:56.175331900', 'testUser98', 'employee98@em.com', '4780f695-b40f-41e9-9e69-fed72d1b2522');
INSERT INTO art_ping.employee_role VALUES ('5de72248-33de-4a95-9826-6ee22d0a7477', '3e3ed623-2e99-4b38-930c-85d443561aea', '992e5c70-7b14-44ae-b2fc-d0c884659841');
INSERT INTO art_ping.employee_role VALUES ('79aa3f3f-3975-4054-b23a-5971c0872fab', '3e3ed623-2e99-4b38-930c-85d443561aea', '5b204bc5-6430-4939-aa23-17b1482c6d98');
INSERT INTO art_ping.employee_role VALUES ('512381df-c35a-4314-bcb1-1f98e603fb7c', '3e3ed623-2e99-4b38-930c-85d443561aea', '9f4932a6-c650-4cd2-9338-2eefa47aeb35');
INSERT INTO art_ping.employee_role VALUES ('74f395b6-5fee-46ad-b38d-2611486e0947', '3e3ed623-2e99-4b38-930c-85d443561aea', 'e7051ffa-0edb-4ac7-84ed-12c1d3b2b5f8');
INSERT INTO art_ping.employee_role VALUES ('81c10605-ba06-42c2-9985-bf8ad2e5c9b7', '3e3ed623-2e99-4b38-930c-85d443561aea', 'eea13552-ad24-4165-bce4-f1b22776739c');
INSERT INTO art_ping.employee (id, first_name, last_name, office_id, user_id, leave_date, updated, login, email, calendar_id) VALUES ('d11834f9-c4d6-4c79-ae1f-ecc818b70de9', 'employeeName99', 'employeeLastName99', 'a7627bd2-e1a1-436c-a003-af2b199ae21e', '31e81a9c-b7aa-4818-ab27-e48612e91efb', null, '2021-12-23T15:57:56.176331900', 'testUser99', 'employee99@em.com', '4b1ba17b-5803-4657-aeff-19741575fd9d');
INSERT INTO art_ping.employee_role VALUES ('cfda6b06-12e1-4e27-9ccb-e54896e92d1f', 'd11834f9-c4d6-4c79-ae1f-ecc818b70de9', '992e5c70-7b14-44ae-b2fc-d0c884659841');
INSERT INTO art_ping.employee_role VALUES ('dce8c9bc-8c2f-4a04-a478-789c233707a1', 'd11834f9-c4d6-4c79-ae1f-ecc818b70de9', 'e7051ffa-0edb-4ac7-84ed-12c1d3b2b5f8');
INSERT INTO art_ping.employee_role VALUES ('96a94605-b7c0-4722-80c6-b22792dffe85', 'd11834f9-c4d6-4c79-ae1f-ecc818b70de9', 'eea13552-ad24-4165-bce4-f1b22776739c');
INSERT INTO art_ping.employee (id, first_name, last_name, office_id, user_id, leave_date, updated, login, email, calendar_id) VALUES ('5be3b278-a954-4e91-b5c1-09c005ce113c', 'employeeName100', 'employeeLastName100', 'a0b7fbb1-8c32-4012-9a59-6a8537abb43a', 'a5f7c950-c3df-46d3-ac86-f7ea264dc49f', null, '2021-12-23T15:57:56.176331900', 'testUser100', 'employee100@em.com', '567f95ff-0272-471e-a091-5ba82268387c');
INSERT INTO art_ping.employee_role VALUES ('608e1426-d352-476d-9abe-5280f8a4faa7', '5be3b278-a954-4e91-b5c1-09c005ce113c', '992e5c70-7b14-44ae-b2fc-d0c884659841');
INSERT INTO art_ping.employee_role VALUES ('0172a9e2-0288-435c-98e9-ecd28feb27f3', '5be3b278-a954-4e91-b5c1-09c005ce113c', '5b204bc5-6430-4939-aa23-17b1482c6d98');
INSERT INTO art_ping.employee_role VALUES ('41a835d9-9c80-45cc-9394-5146efff3eca', '5be3b278-a954-4e91-b5c1-09c005ce113c', '9f4932a6-c650-4cd2-9338-2eefa47aeb35');
INSERT INTO art_ping.employee_role VALUES ('68e02c79-a777-4eb9-ad48-76c95f7a4a0b', '5be3b278-a954-4e91-b5c1-09c005ce113c', 'e7051ffa-0edb-4ac7-84ed-12c1d3b2b5f8');
INSERT INTO art_ping.employee_role VALUES ('870f9963-3294-4662-9570-492c961ef68f', '5be3b278-a954-4e91-b5c1-09c005ce113c', 'eea13552-ad24-4165-bce4-f1b22776739c');
INSERT INTO art_ping.employee (id, first_name, last_name, office_id, user_id, leave_date, updated, login, email, calendar_id) VALUES ('76db39d9-b2ab-470a-af66-04427497d652', 'employeeName101', 'employeeLastName101', '814b6012-4d10-426e-a01d-95adfc90fae1', '468f79c9-c4ab-43fc-973a-66fe26036744', null, '2021-12-23T15:57:56.176331900', 'testUser101', 'employee101@em.com', '3d16975c-4312-4f03-b5d5-27a4eae6925c');
INSERT INTO art_ping.employee_role VALUES ('ea9f3c10-9ccb-4659-a751-6b88eb7d7419', '76db39d9-b2ab-470a-af66-04427497d652', '992e5c70-7b14-44ae-b2fc-d0c884659841');
INSERT INTO art_ping.employee_role VALUES ('c2a5cdb7-3d81-4e6b-9639-723855b89b1b', '76db39d9-b2ab-470a-af66-04427497d652', '5b204bc5-6430-4939-aa23-17b1482c6d98');
INSERT INTO art_ping.employee_role VALUES ('33d0c26d-084f-4d1c-9192-32b2690cb5df', '76db39d9-b2ab-470a-af66-04427497d652', '9f4932a6-c650-4cd2-9338-2eefa47aeb35');
INSERT INTO art_ping.employee_role VALUES ('4e9c9672-35ff-46c8-8a38-7a0ac73d2292', '76db39d9-b2ab-470a-af66-04427497d652', 'eea13552-ad24-4165-bce4-f1b22776739c');
INSERT INTO art_ping.employee (id, first_name, last_name, office_id, user_id, leave_date, updated, login, email, calendar_id) VALUES ('c596a3e1-c4d2-4fd9-8b80-226244975170', 'employeeName102', 'employeeLastName102', '96c7369a-6b4f-467b-a20a-e2609e4ef4ac', '2ee1a22e-af51-4331-b6d7-3ecb48698f14', null, '2021-12-23T15:57:56.176331900', 'testUser102', 'employee102@em.com', '4b1ba17b-5803-4657-aeff-19741575fd9d');
INSERT INTO art_ping.employee_role VALUES ('5586578c-413f-4710-a2d2-6c1e96d798ed', 'c596a3e1-c4d2-4fd9-8b80-226244975170', '5b204bc5-6430-4939-aa23-17b1482c6d98');
INSERT INTO art_ping.employee_role VALUES ('8015f793-6abb-404f-9fc6-849428eb7391', 'c596a3e1-c4d2-4fd9-8b80-226244975170', '9f4932a6-c650-4cd2-9338-2eefa47aeb35');
INSERT INTO art_ping.employee_role VALUES ('4b1dc50d-e5fc-42df-b596-6b991b0788ff', 'c596a3e1-c4d2-4fd9-8b80-226244975170', 'eea13552-ad24-4165-bce4-f1b22776739c');
INSERT INTO art_ping.employee (id, first_name, last_name, office_id, user_id, leave_date, updated, login, email, calendar_id) VALUES ('ccd5828e-2daa-4dbe-8c87-a5b5722653cb', 'employeeName103', 'employeeLastName103', '4b6328a5-8d34-4708-9f3b-be8ff4c78102', '98a3c3ea-0f07-4558-b431-3cba49ce59b8', null, '2021-12-23T15:57:56.176331900', 'testUser103', 'employee103@em.com', 'cd21ba88-d073-4a67-a7c0-5eaef8b85809');
INSERT INTO art_ping.employee_role VALUES ('3d1100e7-e77e-40f6-a19a-81e8a102671b', 'ccd5828e-2daa-4dbe-8c87-a5b5722653cb', '9f4932a6-c650-4cd2-9338-2eefa47aeb35');
INSERT INTO art_ping.employee_role VALUES ('5b736c6c-5124-48d1-a923-705755e56adb', 'ccd5828e-2daa-4dbe-8c87-a5b5722653cb', 'eea13552-ad24-4165-bce4-f1b22776739c');
INSERT INTO art_ping.employee (id, first_name, last_name, office_id, user_id, leave_date, updated, login, email, calendar_id) VALUES ('e244ae14-7e73-4465-8068-62da4a118288', 'employeeName104', 'employeeLastName104', 'f388ac57-8dec-4c3f-a5b4-455eff3339c0', '5d3e2019-6d5e-449e-9a59-e267db9a004c', null, '2021-12-23T15:57:56.176331900', 'testUser104', 'employee104@em.com', '4887c24d-fb47-4d03-a3d5-c84d4cc9d748');
INSERT INTO art_ping.employee_role VALUES ('24ac7570-b752-47e5-a991-623e83caaa6c', 'e244ae14-7e73-4465-8068-62da4a118288', '992e5c70-7b14-44ae-b2fc-d0c884659841');
INSERT INTO art_ping.employee_role VALUES ('e54ae1fb-0bb2-430c-b179-0b18ebc5294d', 'e244ae14-7e73-4465-8068-62da4a118288', 'e7051ffa-0edb-4ac7-84ed-12c1d3b2b5f8');
INSERT INTO art_ping.employee_role VALUES ('841bb7d2-f77a-426b-b836-f95440d43708', 'e244ae14-7e73-4465-8068-62da4a118288', 'eea13552-ad24-4165-bce4-f1b22776739c');
INSERT INTO art_ping.employee (id, first_name, last_name, office_id, user_id, leave_date, updated, login, email, calendar_id) VALUES ('1d487669-af0b-4511-af1f-e7c8686b897f', 'employeeName105', 'employeeLastName105', 'a1235077-5721-4084-b699-65caf1429316', 'f0265a8b-8ec6-447d-a2d8-3e35b1efcc59', null, '2021-12-23T15:57:56.176331900', 'testUser105', 'employee105@em.com', '5a3150d1-0daf-45c3-81b2-90d6309551af');
INSERT INTO art_ping.employee_role VALUES ('b0a01a0e-1833-478c-b75f-dd2318e1ca03', '1d487669-af0b-4511-af1f-e7c8686b897f', '992e5c70-7b14-44ae-b2fc-d0c884659841');
INSERT INTO art_ping.employee_role VALUES ('ad37a958-18a4-44dc-a291-5fc1bbd081ce', '1d487669-af0b-4511-af1f-e7c8686b897f', '9f4932a6-c650-4cd2-9338-2eefa47aeb35');
INSERT INTO art_ping.employee_role VALUES ('2a7885d4-be79-41eb-a4c4-7b46455a0702', '1d487669-af0b-4511-af1f-e7c8686b897f', 'e7051ffa-0edb-4ac7-84ed-12c1d3b2b5f8');
INSERT INTO art_ping.employee_role VALUES ('035e5540-6805-4b95-868a-7606e4095076', '1d487669-af0b-4511-af1f-e7c8686b897f', 'eea13552-ad24-4165-bce4-f1b22776739c');
INSERT INTO art_ping.employee (id, first_name, last_name, office_id, user_id, leave_date, updated, login, email, calendar_id) VALUES ('645e95c5-885f-42bf-b4a6-dd0e0f10f16f', 'employeeName106', 'employeeLastName106', 'bbec8f4e-4931-47fd-b16d-fc75f56e3c9e', 'ef733b68-f624-49bf-81be-90595b9ddce4', null, '2021-12-23T15:57:56.176331900', 'testUser106', 'employee106@em.com', '0f73303c-5a23-4777-9c8b-720a36f1b310');
INSERT INTO art_ping.employee_role VALUES ('ccd75f9d-d3c0-4bce-afe6-cbbb61b11bb8', '645e95c5-885f-42bf-b4a6-dd0e0f10f16f', '9f4932a6-c650-4cd2-9338-2eefa47aeb35');
INSERT INTO art_ping.employee_role VALUES ('3863fb40-e67f-4712-a699-ac2022c28d4b', '645e95c5-885f-42bf-b4a6-dd0e0f10f16f', 'e7051ffa-0edb-4ac7-84ed-12c1d3b2b5f8');
INSERT INTO art_ping.employee_role VALUES ('a19fa4d3-0bbe-424c-af98-2be9bf5ea720', '645e95c5-885f-42bf-b4a6-dd0e0f10f16f', 'eea13552-ad24-4165-bce4-f1b22776739c');
INSERT INTO art_ping.employee (id, first_name, last_name, office_id, user_id, leave_date, updated, login, email, calendar_id) VALUES ('ffa02c36-60d5-4eae-908b-67f7dafe0a46', 'employeeName107', 'employeeLastName107', '81515fde-3909-4380-9b1b-5956857bf600', '356290b5-092c-439c-a778-f3d5f67dd4de', null, '2021-12-23T15:57:56.176331900', 'testUser107', 'employee107@em.com', 'afb13774-007e-435b-bf7b-173551fd2c8e');
INSERT INTO art_ping.employee_role VALUES ('9eccad15-52c2-4a7b-972b-5c348e457f6a', 'ffa02c36-60d5-4eae-908b-67f7dafe0a46', '5b204bc5-6430-4939-aa23-17b1482c6d98');
INSERT INTO art_ping.employee_role VALUES ('59517e20-7b9b-4056-a3ac-9ab357134c45', 'ffa02c36-60d5-4eae-908b-67f7dafe0a46', '9f4932a6-c650-4cd2-9338-2eefa47aeb35');
INSERT INTO art_ping.employee_role VALUES ('4e92cfc4-6297-46c3-b7b6-fbce1c5f9f70', 'ffa02c36-60d5-4eae-908b-67f7dafe0a46', 'e7051ffa-0edb-4ac7-84ed-12c1d3b2b5f8');
INSERT INTO art_ping.employee_role VALUES ('c4d5bd60-bea0-49be-a492-601f34424515', 'ffa02c36-60d5-4eae-908b-67f7dafe0a46', 'eea13552-ad24-4165-bce4-f1b22776739c');
INSERT INTO art_ping.employee (id, first_name, last_name, office_id, user_id, leave_date, updated, login, email, calendar_id) VALUES ('e64a50e8-f81c-4ca3-9582-c4c0c42e2f4b', 'employeeName108', 'employeeLastName108', 'a87116d0-f523-4b8f-a9da-4939ef4762d2', '598ee5e9-a8e0-40d6-8d14-c6f0d4674234', null, '2021-12-23T15:57:56.176331900', 'testUser108', 'employee108@em.com', '987a48d2-2eed-492e-adbb-718872384007');
INSERT INTO art_ping.employee_role VALUES ('dae3bf0f-2205-434a-b9bb-eb148c9395b5', 'e64a50e8-f81c-4ca3-9582-c4c0c42e2f4b', '992e5c70-7b14-44ae-b2fc-d0c884659841');
INSERT INTO art_ping.employee_role VALUES ('ad2a1dcc-c146-4a28-9eac-0868f6602fd1', 'e64a50e8-f81c-4ca3-9582-c4c0c42e2f4b', '5b204bc5-6430-4939-aa23-17b1482c6d98');
INSERT INTO art_ping.employee_role VALUES ('57b40e45-5226-4482-9ffe-00a4ce5ce9e9', 'e64a50e8-f81c-4ca3-9582-c4c0c42e2f4b', 'e7051ffa-0edb-4ac7-84ed-12c1d3b2b5f8');
INSERT INTO art_ping.employee_role VALUES ('04b564df-ea6a-4c7c-bd0e-1d4a75a69d2d', 'e64a50e8-f81c-4ca3-9582-c4c0c42e2f4b', 'eea13552-ad24-4165-bce4-f1b22776739c');
INSERT INTO art_ping.employee (id, first_name, last_name, office_id, user_id, leave_date, updated, login, email, calendar_id) VALUES ('5d5f62ab-4100-439e-ab0a-b40bd5dd2df6', 'employeeName109', 'employeeLastName109', 'ad311f88-32bb-4ba0-948a-63caef0f6fd3', 'd7f05b84-b241-49c5-8105-3af1936572b8', null, '2021-12-23T15:57:56.176331900', 'testUser109', 'employee109@em.com', '43c5a337-ec92-4fc9-955e-599163eab623');
INSERT INTO art_ping.employee_role VALUES ('c7e13baf-04ca-4477-b866-9b29e4f38d4c', '5d5f62ab-4100-439e-ab0a-b40bd5dd2df6', '992e5c70-7b14-44ae-b2fc-d0c884659841');
INSERT INTO art_ping.employee_role VALUES ('44d5d9a2-5647-43dd-b7f2-cd04864b8018', '5d5f62ab-4100-439e-ab0a-b40bd5dd2df6', '9f4932a6-c650-4cd2-9338-2eefa47aeb35');
INSERT INTO art_ping.employee_role VALUES ('ae6528a0-4996-466e-b018-8020eafbf8b8', '5d5f62ab-4100-439e-ab0a-b40bd5dd2df6', 'eea13552-ad24-4165-bce4-f1b22776739c');
INSERT INTO art_ping.employee (id, first_name, last_name, office_id, user_id, leave_date, updated, login, email, calendar_id) VALUES ('f959a1d8-f0fe-472a-869a-6d5e59673f3f', 'employeeName110', 'employeeLastName110', '9213eb68-e6c4-43d8-8396-d24754daeebe', '01b4d5a9-5a92-481e-a27f-9888798ed565', null, '2021-12-23T15:57:56.176331900', 'testUser110', 'employee110@em.com', 'e82d3ca7-23bd-48c0-a0c3-b52d05aeaced');
INSERT INTO art_ping.employee_role VALUES ('2f4bf2e2-f176-4361-8a87-89de7cb6d35f', 'f959a1d8-f0fe-472a-869a-6d5e59673f3f', '992e5c70-7b14-44ae-b2fc-d0c884659841');
INSERT INTO art_ping.employee_role VALUES ('689bbd73-eb4e-4a1f-9ddf-d5b73ca5e98f', 'f959a1d8-f0fe-472a-869a-6d5e59673f3f', '5b204bc5-6430-4939-aa23-17b1482c6d98');
INSERT INTO art_ping.employee_role VALUES ('62ee269b-7fb6-45f4-a382-33bd4fd849d8', 'f959a1d8-f0fe-472a-869a-6d5e59673f3f', 'e7051ffa-0edb-4ac7-84ed-12c1d3b2b5f8');
INSERT INTO art_ping.employee_role VALUES ('41c96050-a925-4a20-8277-4d5c7109cae7', 'f959a1d8-f0fe-472a-869a-6d5e59673f3f', 'eea13552-ad24-4165-bce4-f1b22776739c');
INSERT INTO art_ping.employee (id, first_name, last_name, office_id, user_id, leave_date, updated, login, email, calendar_id) VALUES ('8530c865-bceb-42e6-82ad-9957f3687fc8', 'employeeName111', 'employeeLastName111', '1723eea8-a9a6-48b2-859d-4fcd946ed2f9', 'b0c2637f-68b0-4e65-9346-689ff65aec14', null, '2021-12-23T15:57:56.176331900', 'testUser111', 'employee111@em.com', '6eab5509-7a0b-41f7-b4cc-4cba817a5a6d');
INSERT INTO art_ping.employee_role VALUES ('348cd803-f767-4f2d-ae55-caf533e33a2d', '8530c865-bceb-42e6-82ad-9957f3687fc8', '992e5c70-7b14-44ae-b2fc-d0c884659841');
INSERT INTO art_ping.employee_role VALUES ('b14d605c-c7bb-4b0f-9444-04941c271f86', '8530c865-bceb-42e6-82ad-9957f3687fc8', '5b204bc5-6430-4939-aa23-17b1482c6d98');
INSERT INTO art_ping.employee_role VALUES ('c873c1b6-8f36-47fc-960a-0b0e787e8308', '8530c865-bceb-42e6-82ad-9957f3687fc8', 'eea13552-ad24-4165-bce4-f1b22776739c');
INSERT INTO art_ping.employee (id, first_name, last_name, office_id, user_id, leave_date, updated, login, email, calendar_id) VALUES ('ada10710-d213-4070-b5cf-549aa23423ee', 'employeeName112', 'employeeLastName112', 'd40cfccc-1ae9-46dc-a764-6f929a554bc7', '9c89e0c8-01ee-463b-871c-2985c2cb7f78', null, '2021-12-23T15:57:56.177332300', 'testUser112', 'employee112@em.com', 'd8388a24-a630-4227-8cf0-087dcf0f37b9');
INSERT INTO art_ping.employee_role VALUES ('534e4693-c1cc-4536-8c3c-21280c53d28c', 'ada10710-d213-4070-b5cf-549aa23423ee', 'e7051ffa-0edb-4ac7-84ed-12c1d3b2b5f8');
INSERT INTO art_ping.employee_role VALUES ('22a50539-431c-4b0c-9daa-51b247e4b084', 'ada10710-d213-4070-b5cf-549aa23423ee', 'eea13552-ad24-4165-bce4-f1b22776739c');
INSERT INTO art_ping.employee (id, first_name, last_name, office_id, user_id, leave_date, updated, login, email, calendar_id) VALUES ('13a53fc3-1c04-431b-a501-34dbf0dfa565', 'employeeName113', 'employeeLastName113', '62d79b48-c4fa-459b-9d87-48d38dff6380', '2afefa47-b911-4d3c-9c25-efbcb018b6e5', null, '2021-12-23T15:57:56.177332300', 'testUser113', 'employee113@em.com', 'be21ba46-06d5-42d8-bc3f-703f93cb2233');
INSERT INTO art_ping.employee_role VALUES ('e857257f-a8fc-4cf6-9be1-97927566bdb6', '13a53fc3-1c04-431b-a501-34dbf0dfa565', '992e5c70-7b14-44ae-b2fc-d0c884659841');
INSERT INTO art_ping.employee_role VALUES ('913823bb-7ca9-4fcd-abb0-2543483b9eca', '13a53fc3-1c04-431b-a501-34dbf0dfa565', '5b204bc5-6430-4939-aa23-17b1482c6d98');
INSERT INTO art_ping.employee_role VALUES ('c18c85f7-30f2-4fba-9682-c9133db19713', '13a53fc3-1c04-431b-a501-34dbf0dfa565', '9f4932a6-c650-4cd2-9338-2eefa47aeb35');
INSERT INTO art_ping.employee_role VALUES ('9e196132-f9d1-417b-b5a9-97583c98b4a0', '13a53fc3-1c04-431b-a501-34dbf0dfa565', 'e7051ffa-0edb-4ac7-84ed-12c1d3b2b5f8');
INSERT INTO art_ping.employee_role VALUES ('d3aaaa54-6965-4de9-8619-86b8d0fd2c5d', '13a53fc3-1c04-431b-a501-34dbf0dfa565', 'eea13552-ad24-4165-bce4-f1b22776739c');
INSERT INTO art_ping.employee (id, first_name, last_name, office_id, user_id, leave_date, updated, login, email, calendar_id) VALUES ('715f1eee-07f4-4b3f-99a8-2d7fb649c94f', 'employeeName114', 'employeeLastName114', '4faa2949-1c36-4b64-9fe0-0c45a8ffb4e3', 'f64acf2c-69d1-41cd-a2fd-3ddf831b6922', null, '2021-12-23T15:57:56.177332300', 'testUser114', 'employee114@em.com', 'f85b781d-f893-42df-9968-5685647133ee');
INSERT INTO art_ping.employee_role VALUES ('edbe8084-fa69-4f79-8312-ff85c1733874', '715f1eee-07f4-4b3f-99a8-2d7fb649c94f', '5b204bc5-6430-4939-aa23-17b1482c6d98');
INSERT INTO art_ping.employee_role VALUES ('533d6bd6-8aab-497b-8b8b-6452714a1591', '715f1eee-07f4-4b3f-99a8-2d7fb649c94f', '9f4932a6-c650-4cd2-9338-2eefa47aeb35');
INSERT INTO art_ping.employee_role VALUES ('adc45d6e-3528-4164-a7cb-3a43b6bdaa37', '715f1eee-07f4-4b3f-99a8-2d7fb649c94f', 'eea13552-ad24-4165-bce4-f1b22776739c');
INSERT INTO art_ping.employee (id, first_name, last_name, office_id, user_id, leave_date, updated, login, email, calendar_id) VALUES ('50047f5c-c2e4-4e7a-a936-7a4fe1756c41', 'employeeName115', 'employeeLastName115', '2b34bfdd-df0e-44c6-9bb5-d29e0e760872', 'd0216249-9c76-473f-9bfe-84d5aba226cc', null, '2021-12-23T15:57:56.177332300', 'testUser115', 'employee115@em.com', 'd8388a24-a630-4227-8cf0-087dcf0f37b9');
INSERT INTO art_ping.employee_role VALUES ('2e0d12bb-bb8d-4453-bd42-0f9ef08c7d5d', '50047f5c-c2e4-4e7a-a936-7a4fe1756c41', 'e7051ffa-0edb-4ac7-84ed-12c1d3b2b5f8');
INSERT INTO art_ping.employee_role VALUES ('95ff485b-9c4a-413d-bc5e-ff0b24e65d6b', '50047f5c-c2e4-4e7a-a936-7a4fe1756c41', 'eea13552-ad24-4165-bce4-f1b22776739c');
INSERT INTO art_ping.employee (id, first_name, last_name, office_id, user_id, leave_date, updated, login, email, calendar_id) VALUES ('71fc503c-3cc7-45b6-915d-77b2592dbb1c', 'employeeName116', 'employeeLastName116', 'b6c3550a-bf15-4144-ae01-6d3a62474c5d', 'd796e33a-ffb7-4fe6-8ef2-801992f5d534', null, '2021-12-23T15:57:56.177332300', 'testUser116', 'employee116@em.com', '6602d6f2-fafc-4385-8b9f-17a298f78595');
INSERT INTO art_ping.employee_role VALUES ('ef0aa19c-009e-4cd4-8143-edcf97e6301d', '71fc503c-3cc7-45b6-915d-77b2592dbb1c', '992e5c70-7b14-44ae-b2fc-d0c884659841');
INSERT INTO art_ping.employee_role VALUES ('62119ad6-f5e6-4168-8a3d-f98889bf2f4c', '71fc503c-3cc7-45b6-915d-77b2592dbb1c', 'e7051ffa-0edb-4ac7-84ed-12c1d3b2b5f8');
INSERT INTO art_ping.employee_role VALUES ('0d09597f-db6f-403f-8b50-6502c0e85346', '71fc503c-3cc7-45b6-915d-77b2592dbb1c', 'eea13552-ad24-4165-bce4-f1b22776739c');
INSERT INTO art_ping.employee (id, first_name, last_name, office_id, user_id, leave_date, updated, login, email, calendar_id) VALUES ('046d5e00-ba89-4a40-ba02-eae14c78c564', 'employeeName117', 'employeeLastName117', '5fda15f5-13e1-442d-a443-9936f3d82904', '7a1f8513-b503-4e3f-a58d-8745331d9adf', null, '2021-12-23T15:57:56.177332300', 'testUser117', 'employee117@em.com', 'd7310f65-c734-4e83-b875-7c01e33250dc');
INSERT INTO art_ping.employee_role VALUES ('00b6e87e-16dc-4ee6-b08e-7b0f9e901092', '046d5e00-ba89-4a40-ba02-eae14c78c564', '992e5c70-7b14-44ae-b2fc-d0c884659841');
INSERT INTO art_ping.employee_role VALUES ('7337be1e-5eb0-4677-b22d-fef175d217a4', '046d5e00-ba89-4a40-ba02-eae14c78c564', 'eea13552-ad24-4165-bce4-f1b22776739c');
INSERT INTO art_ping.employee (id, first_name, last_name, office_id, user_id, leave_date, updated, login, email, calendar_id) VALUES ('f3e554c4-893a-41eb-9a09-215a08f04216', 'employeeName118', 'employeeLastName118', 'f7ac85bd-3a86-42a6-beee-0ea739972660', '635d0301-f681-4829-86e8-917eebc87e7d', null, '2021-12-23T15:57:56.177332300', 'testUser118', 'employee118@em.com', '306a5472-189c-4972-b016-25d8da988d9a');
INSERT INTO art_ping.employee_role VALUES ('ab447dd6-fc6c-496d-8fa8-4bd0e7764f11', 'f3e554c4-893a-41eb-9a09-215a08f04216', 'e7051ffa-0edb-4ac7-84ed-12c1d3b2b5f8');
INSERT INTO art_ping.employee_role VALUES ('1faf9ca8-425e-4bcb-92bf-7b24296cd6c6', 'f3e554c4-893a-41eb-9a09-215a08f04216', 'eea13552-ad24-4165-bce4-f1b22776739c');
INSERT INTO art_ping.employee (id, first_name, last_name, office_id, user_id, leave_date, updated, login, email, calendar_id) VALUES ('757c6849-14ed-4cf4-82f8-f2693e708222', 'employeeName119', 'employeeLastName119', '4672af58-336a-41a9-8ed5-366a579aaa39', 'db5d8040-c9fa-4300-b3fb-c3af7ebb797b', null, '2021-12-23T15:57:56.177332300', 'testUser119', 'employee119@em.com', '3ca8d6d0-3ab2-4e7d-b43a-e789476d70cd');
INSERT INTO art_ping.employee_role VALUES ('b5f93a8c-2796-46dc-91e5-356d11be231a', '757c6849-14ed-4cf4-82f8-f2693e708222', '992e5c70-7b14-44ae-b2fc-d0c884659841');
INSERT INTO art_ping.employee_role VALUES ('1a48b004-c7e1-4eee-bfa7-912b29333f11', '757c6849-14ed-4cf4-82f8-f2693e708222', 'e7051ffa-0edb-4ac7-84ed-12c1d3b2b5f8');
INSERT INTO art_ping.employee_role VALUES ('61f68005-457b-4e44-9e5a-77ccd5da7c70', '757c6849-14ed-4cf4-82f8-f2693e708222', 'eea13552-ad24-4165-bce4-f1b22776739c');
INSERT INTO art_ping.employee (id, first_name, last_name, office_id, user_id, leave_date, updated, login, email, calendar_id) VALUES ('e118eaff-ea44-4548-8941-28b1cb9ffd3a', 'employeeName120', 'employeeLastName120', 'abffaebb-f893-4bbe-982b-0beb02f0bb0d', '57eef3e1-d351-44b6-b04a-287f628899c5', null, '2021-12-23T15:57:56.177332300', 'testUser120', 'employee120@em.com', '774135d2-f0e3-47c2-8496-78319f1757d0');
INSERT INTO art_ping.employee_role VALUES ('f7bdacbc-f8a4-428c-8300-bebc7d55ca25', 'e118eaff-ea44-4548-8941-28b1cb9ffd3a', '992e5c70-7b14-44ae-b2fc-d0c884659841');
INSERT INTO art_ping.employee_role VALUES ('7f84a1c3-fbd2-4da8-b83b-002b9a59ccc4', 'e118eaff-ea44-4548-8941-28b1cb9ffd3a', 'e7051ffa-0edb-4ac7-84ed-12c1d3b2b5f8');
INSERT INTO art_ping.employee_role VALUES ('837ed117-9988-4cc5-afcc-cc25a596e14f', 'e118eaff-ea44-4548-8941-28b1cb9ffd3a', 'eea13552-ad24-4165-bce4-f1b22776739c');
INSERT INTO art_ping.employee (id, first_name, last_name, office_id, user_id, leave_date, updated, login, email, calendar_id) VALUES ('b3ff289a-968a-4dcb-8b38-6800ca163fd5', 'employeeName121', 'employeeLastName121', 'b1f71f64-45b7-448f-b083-ed2be3f9998d', 'b73f97b2-1480-4934-b184-efdb851e2d21', null, '2021-12-23T15:57:56.177332300', 'testUser121', 'employee121@em.com', '987a48d2-2eed-492e-adbb-718872384007');
INSERT INTO art_ping.employee_role VALUES ('d6cbda79-b7e6-44a4-a4f3-8241a1849d87', 'b3ff289a-968a-4dcb-8b38-6800ca163fd5', '992e5c70-7b14-44ae-b2fc-d0c884659841');
INSERT INTO art_ping.employee_role VALUES ('1c467c8f-b547-4b47-bdf6-efe7ebafc3ad', 'b3ff289a-968a-4dcb-8b38-6800ca163fd5', 'e7051ffa-0edb-4ac7-84ed-12c1d3b2b5f8');
INSERT INTO art_ping.employee_role VALUES ('e6d8a23c-561e-493c-a36d-1766299a210a', 'b3ff289a-968a-4dcb-8b38-6800ca163fd5', 'eea13552-ad24-4165-bce4-f1b22776739c');
INSERT INTO art_ping.employee (id, first_name, last_name, office_id, user_id, leave_date, updated, login, email, calendar_id) VALUES ('d8d8b297-a19d-4be5-8981-07f78b84e6e2', 'employeeName122', 'employeeLastName122', 'f0ae8cc6-ce7c-4272-8e15-619998d00d3b', '35f526ed-6324-4f73-b2fd-e81e0c021549', null, '2021-12-23T15:57:56.177332300', 'testUser122', 'employee122@em.com', '10387938-3ba2-4382-8a36-f7a5769851e4');
INSERT INTO art_ping.employee_role VALUES ('5d92bd6d-2b0c-4108-8a71-ff89a919d63e', 'd8d8b297-a19d-4be5-8981-07f78b84e6e2', '992e5c70-7b14-44ae-b2fc-d0c884659841');
INSERT INTO art_ping.employee_role VALUES ('b54f01b0-f7a5-443c-928d-e0b7d25b2233', 'd8d8b297-a19d-4be5-8981-07f78b84e6e2', '9f4932a6-c650-4cd2-9338-2eefa47aeb35');
INSERT INTO art_ping.employee_role VALUES ('bc9dcc64-261d-4bd3-a8a0-361f2d2021be', 'd8d8b297-a19d-4be5-8981-07f78b84e6e2', 'eea13552-ad24-4165-bce4-f1b22776739c');
INSERT INTO art_ping.employee (id, first_name, last_name, office_id, user_id, leave_date, updated, login, email, calendar_id) VALUES ('bb139bc0-e654-4063-973a-815c4683bbb9', 'employeeName123', 'employeeLastName123', '3aaa3ebd-a671-4b99-aa1f-5e5e03a65d0d', 'f37f52c0-9f5f-4cf9-a08e-199e4eb734b6', null, '2021-12-23T15:57:56.177332300', 'testUser123', 'employee123@em.com', '8aa49b9c-600d-460b-8503-fb9de25b7174');
INSERT INTO art_ping.employee_role VALUES ('a133fc86-80f7-4602-9792-bbc3c5e479c5', 'bb139bc0-e654-4063-973a-815c4683bbb9', '992e5c70-7b14-44ae-b2fc-d0c884659841');
INSERT INTO art_ping.employee_role VALUES ('6c268b1c-b996-48f3-8bf1-02d4b37f7cb5', 'bb139bc0-e654-4063-973a-815c4683bbb9', '5b204bc5-6430-4939-aa23-17b1482c6d98');
INSERT INTO art_ping.employee_role VALUES ('9bf871c0-b423-4969-9c88-04380d1e6c78', 'bb139bc0-e654-4063-973a-815c4683bbb9', 'e7051ffa-0edb-4ac7-84ed-12c1d3b2b5f8');
INSERT INTO art_ping.employee_role VALUES ('aaea6fa0-46c4-4e8c-9999-4e8a3abd3a16', 'bb139bc0-e654-4063-973a-815c4683bbb9', 'eea13552-ad24-4165-bce4-f1b22776739c');
INSERT INTO art_ping.employee (id, first_name, last_name, office_id, user_id, leave_date, updated, login, email, calendar_id) VALUES ('75a5ec96-6bdb-48ad-9e41-3992c3e411aa', 'employeeName124', 'employeeLastName124', 'd6e3748b-fa18-483c-b001-e8cd88140fc3', '4bd29e38-eeb9-4e2a-be8c-83d83bcaa9e5', null, '2021-12-23T15:57:56.177332300', 'testUser124', 'employee124@em.com', 'ca70c6d6-f9ce-4038-82f0-9962fb960763');
INSERT INTO art_ping.employee_role VALUES ('477fc8fa-a4e8-4ee5-a92c-8c61f41dbf14', '75a5ec96-6bdb-48ad-9e41-3992c3e411aa', '992e5c70-7b14-44ae-b2fc-d0c884659841');
INSERT INTO art_ping.employee_role VALUES ('a98a485b-5ac4-4704-ad11-aa9bff22e6a0', '75a5ec96-6bdb-48ad-9e41-3992c3e411aa', '5b204bc5-6430-4939-aa23-17b1482c6d98');
INSERT INTO art_ping.employee_role VALUES ('8226b2b0-5849-432a-84c2-79de0bccee99', '75a5ec96-6bdb-48ad-9e41-3992c3e411aa', '9f4932a6-c650-4cd2-9338-2eefa47aeb35');
INSERT INTO art_ping.employee_role VALUES ('d1537f6b-6852-4a50-843f-5dd841515d7f', '75a5ec96-6bdb-48ad-9e41-3992c3e411aa', 'eea13552-ad24-4165-bce4-f1b22776739c');
INSERT INTO art_ping.employee (id, first_name, last_name, office_id, user_id, leave_date, updated, login, email, calendar_id) VALUES ('d82f685e-e42e-4d93-be51-4b4de7ba08d5', 'employeeName125', 'employeeLastName125', '6daa9cc8-aeb7-4f11-8168-643aea3687f8', '3272ab22-2a72-40ba-a61a-0785b0d83b45', null, '2021-12-23T15:57:56.177332300', 'testUser125', 'employee125@em.com', '774135d2-f0e3-47c2-8496-78319f1757d0');
INSERT INTO art_ping.employee_role VALUES ('0df756cc-4bf0-4435-bc3d-9044e3e87bf8', 'd82f685e-e42e-4d93-be51-4b4de7ba08d5', '5b204bc5-6430-4939-aa23-17b1482c6d98');
INSERT INTO art_ping.employee_role VALUES ('493a43f5-b0f3-407f-8083-2784c86d75a5', 'd82f685e-e42e-4d93-be51-4b4de7ba08d5', '9f4932a6-c650-4cd2-9338-2eefa47aeb35');
INSERT INTO art_ping.employee_role VALUES ('8b0a4efd-f964-47c7-b91f-de2b3cebad34', 'd82f685e-e42e-4d93-be51-4b4de7ba08d5', 'e7051ffa-0edb-4ac7-84ed-12c1d3b2b5f8');
INSERT INTO art_ping.employee_role VALUES ('a4b8a913-7853-48da-82c4-ce265c6d2747', 'd82f685e-e42e-4d93-be51-4b4de7ba08d5', 'eea13552-ad24-4165-bce4-f1b22776739c');
INSERT INTO art_ping.employee (id, first_name, last_name, office_id, user_id, leave_date, updated, login, email, calendar_id) VALUES ('188b1861-cfdc-4061-b923-989f1c7a980f', 'employeeName126', 'employeeLastName126', 'f9283adf-e54a-45c8-9c83-04e195e5dcea', '168f52e9-b9c6-4edc-bb9a-b1fdb4496a03', null, '2021-12-23T15:57:56.177332300', 'testUser126', 'employee126@em.com', 'bd33e50b-d99e-4f0f-b2eb-191673b80876');
INSERT INTO art_ping.employee_role VALUES ('26a87c0c-9a01-4dfb-aafc-8c81b28efb17', '188b1861-cfdc-4061-b923-989f1c7a980f', 'eea13552-ad24-4165-bce4-f1b22776739c');
INSERT INTO art_ping.employee (id, first_name, last_name, office_id, user_id, leave_date, updated, login, email, calendar_id) VALUES ('606aa705-2913-4857-b870-266864ce2bee', 'employeeName127', 'employeeLastName127', '51bbd74e-d50b-4083-9758-07fde28380ae', '26a21145-a442-4bdc-a795-027bf1a816c0', null, '2021-12-23T15:57:56.177332300', 'testUser127', 'employee127@em.com', '48846e78-d51d-43cd-95d8-4f963493c3af');
INSERT INTO art_ping.employee_role VALUES ('94445465-46d7-4ea7-aeb1-92d7e1399b9a', '606aa705-2913-4857-b870-266864ce2bee', '9f4932a6-c650-4cd2-9338-2eefa47aeb35');
INSERT INTO art_ping.employee_role VALUES ('20b0181f-255a-4fa8-8f6c-d01fd6cc6825', '606aa705-2913-4857-b870-266864ce2bee', 'eea13552-ad24-4165-bce4-f1b22776739c');
INSERT INTO art_ping.employee (id, first_name, last_name, office_id, user_id, leave_date, updated, login, email, calendar_id) VALUES ('154b73f8-e56f-42af-8131-08d4912597c8', 'employeeName128', 'employeeLastName128', 'aada6ea8-4a9d-4a86-b30c-d57c40b2529b', 'de046d51-ff9b-4b08-b81e-ac6030892f72', null, '2021-12-23T15:57:56.178330800', 'testUser128', 'employee128@em.com', 'df638e33-b2a7-45be-9e78-c44dd676c73c');
INSERT INTO art_ping.employee_role VALUES ('fa759884-a676-4d10-af96-faeb3e54923a', '154b73f8-e56f-42af-8131-08d4912597c8', '992e5c70-7b14-44ae-b2fc-d0c884659841');
INSERT INTO art_ping.employee_role VALUES ('819bf034-e8a1-42b2-bd79-48b69256ef46', '154b73f8-e56f-42af-8131-08d4912597c8', '5b204bc5-6430-4939-aa23-17b1482c6d98');
INSERT INTO art_ping.employee_role VALUES ('27251b5f-42f2-454f-8790-aaeb6e9b5fa7', '154b73f8-e56f-42af-8131-08d4912597c8', 'eea13552-ad24-4165-bce4-f1b22776739c');
INSERT INTO art_ping.employee (id, first_name, last_name, office_id, user_id, leave_date, updated, login, email, calendar_id) VALUES ('4edf1e3b-8944-42c0-aa02-4622fba98a22', 'employeeName129', 'employeeLastName129', '78cd6bf8-41ab-4afb-bed2-433596cf0975', 'bcd6513c-e09b-4f0a-a06a-44a3fd7a2f18', null, '2021-12-23T15:57:56.178330800', 'testUser129', 'employee129@em.com', 'ba2e1531-bb80-4079-88e9-ad92712dc869');
INSERT INTO art_ping.employee_role VALUES ('e58c2a96-7ed2-4a9d-9d08-42d20621f658', '4edf1e3b-8944-42c0-aa02-4622fba98a22', '992e5c70-7b14-44ae-b2fc-d0c884659841');
INSERT INTO art_ping.employee_role VALUES ('fbf51084-e0ca-483c-b228-394fe5edbaa6', '4edf1e3b-8944-42c0-aa02-4622fba98a22', '5b204bc5-6430-4939-aa23-17b1482c6d98');
INSERT INTO art_ping.employee_role VALUES ('1bcc74dd-bf92-4e11-9ffc-e803f9afabc0', '4edf1e3b-8944-42c0-aa02-4622fba98a22', 'eea13552-ad24-4165-bce4-f1b22776739c');
INSERT INTO art_ping.employee (id, first_name, last_name, office_id, user_id, leave_date, updated, login, email, calendar_id) VALUES ('12cf9287-3cd2-4a0d-a630-d9cc809c65a6', 'employeeName130', 'employeeLastName130', 'a9d5fb04-5f91-49ac-8305-ab21d0c76578', '5543ff9f-d813-47d0-a2f6-3354631d2dcd', null, '2021-12-23T15:57:56.178330800', 'testUser130', 'employee130@em.com', '886154e8-0b6b-4b1a-9712-137acd2d2b8b');
INSERT INTO art_ping.employee_role VALUES ('1c227d18-88e8-4ec1-8c3a-24b39ec21948', '12cf9287-3cd2-4a0d-a630-d9cc809c65a6', '5b204bc5-6430-4939-aa23-17b1482c6d98');
INSERT INTO art_ping.employee_role VALUES ('4fa827a4-cac0-4a18-a851-4afbec48ae8d', '12cf9287-3cd2-4a0d-a630-d9cc809c65a6', 'eea13552-ad24-4165-bce4-f1b22776739c');
INSERT INTO art_ping.employee (id, first_name, last_name, office_id, user_id, leave_date, updated, login, email, calendar_id) VALUES ('b175a33a-6b43-40ec-85e7-9f1438e24094', 'employeeName131', 'employeeLastName131', '4f731e17-19e6-4d3b-8015-bb4154879a24', '182feb7d-bf62-4d9f-95b0-393bb6539532', null, '2021-12-23T15:57:56.178330800', 'testUser131', 'employee131@em.com', '4612e905-6868-46e2-a497-c81d84aa4e17');
INSERT INTO art_ping.employee_role VALUES ('2654b5cc-8a96-4373-a078-fdd9b50ff341', 'b175a33a-6b43-40ec-85e7-9f1438e24094', '992e5c70-7b14-44ae-b2fc-d0c884659841');
INSERT INTO art_ping.employee_role VALUES ('3d4b8f53-dabc-479b-9a30-fda8b54d91b9', 'b175a33a-6b43-40ec-85e7-9f1438e24094', '5b204bc5-6430-4939-aa23-17b1482c6d98');
INSERT INTO art_ping.employee_role VALUES ('7a96e0d8-66bd-4d0f-84dc-448993825879', 'b175a33a-6b43-40ec-85e7-9f1438e24094', '9f4932a6-c650-4cd2-9338-2eefa47aeb35');
INSERT INTO art_ping.employee_role VALUES ('d11d5be3-83df-42c0-9eee-3d2fb0abc87f', 'b175a33a-6b43-40ec-85e7-9f1438e24094', 'e7051ffa-0edb-4ac7-84ed-12c1d3b2b5f8');
INSERT INTO art_ping.employee_role VALUES ('e8a29d79-f752-4c5d-8408-e787d1017c59', 'b175a33a-6b43-40ec-85e7-9f1438e24094', 'eea13552-ad24-4165-bce4-f1b22776739c');
INSERT INTO art_ping.employee (id, first_name, last_name, office_id, user_id, leave_date, updated, login, email, calendar_id) VALUES ('4a8c76e6-5848-4acc-8be5-5b85be00720e', 'employeeName132', 'employeeLastName132', '6daa9cc8-aeb7-4f11-8168-643aea3687f8', '1705ea22-d18f-45a1-ab91-ab6e1f52b7de', null, '2021-12-23T15:57:56.178330800', 'testUser132', 'employee132@em.com', '774135d2-f0e3-47c2-8496-78319f1757d0');
INSERT INTO art_ping.employee_role VALUES ('92b91012-8050-414d-a9ae-25e091286399', '4a8c76e6-5848-4acc-8be5-5b85be00720e', '992e5c70-7b14-44ae-b2fc-d0c884659841');
INSERT INTO art_ping.employee_role VALUES ('a5897136-d175-4270-8805-921314a3c1b3', '4a8c76e6-5848-4acc-8be5-5b85be00720e', '5b204bc5-6430-4939-aa23-17b1482c6d98');
INSERT INTO art_ping.employee_role VALUES ('823929ae-e4fc-47db-b0af-a6fcfb0594a0', '4a8c76e6-5848-4acc-8be5-5b85be00720e', 'e7051ffa-0edb-4ac7-84ed-12c1d3b2b5f8');
INSERT INTO art_ping.employee_role VALUES ('9c16e2bd-5982-4940-81e4-3f63cd12f5c3', '4a8c76e6-5848-4acc-8be5-5b85be00720e', 'eea13552-ad24-4165-bce4-f1b22776739c');
INSERT INTO art_ping.employee (id, first_name, last_name, office_id, user_id, leave_date, updated, login, email, calendar_id) VALUES ('4e83edd3-48d5-465e-9547-0f04d540e74e', 'employeeName133', 'employeeLastName133', '145adcaf-e860-4af3-8bc1-5034d9b6dc00', 'c4e3f6a6-3d3c-4ea8-981c-dc78345f444b', null, '2021-12-23T15:57:56.178330800', 'testUser133', 'employee133@em.com', '982dd106-6950-49b2-b95a-27220c22ee37');
INSERT INTO art_ping.employee_role VALUES ('ff4f2ff6-958e-41d0-88ff-7f4da707ce0c', '4e83edd3-48d5-465e-9547-0f04d540e74e', '992e5c70-7b14-44ae-b2fc-d0c884659841');
INSERT INTO art_ping.employee_role VALUES ('3948bee3-9ea8-46cc-94aa-2d0b2af71e3d', '4e83edd3-48d5-465e-9547-0f04d540e74e', '5b204bc5-6430-4939-aa23-17b1482c6d98');
INSERT INTO art_ping.employee_role VALUES ('83a8aed1-66b1-4199-ba3e-ecc9ab254e28', '4e83edd3-48d5-465e-9547-0f04d540e74e', 'e7051ffa-0edb-4ac7-84ed-12c1d3b2b5f8');
INSERT INTO art_ping.employee_role VALUES ('3ecea095-cbc6-4296-9bc6-e7294150bc5a', '4e83edd3-48d5-465e-9547-0f04d540e74e', 'eea13552-ad24-4165-bce4-f1b22776739c');
INSERT INTO art_ping.employee (id, first_name, last_name, office_id, user_id, leave_date, updated, login, email, calendar_id) VALUES ('ca9f2c0f-d99d-4daf-b8c4-0a57639238f6', 'employeeName134', 'employeeLastName134', '65d5bd29-e502-4e42-a272-cdff00b41c2c', '8129fc49-75cd-4a17-9739-0d5d615ef742', null, '2021-12-23T15:57:56.178330800', 'testUser134', 'employee134@em.com', '0698bb6d-7505-49ea-99c4-f4d66e57172b');
INSERT INTO art_ping.employee_role VALUES ('23395c9c-4c8e-467c-87a1-ed58bfc775c7', 'ca9f2c0f-d99d-4daf-b8c4-0a57639238f6', '992e5c70-7b14-44ae-b2fc-d0c884659841');
INSERT INTO art_ping.employee_role VALUES ('4b2632e6-c130-4314-926e-cef7f9b411a2', 'ca9f2c0f-d99d-4daf-b8c4-0a57639238f6', 'e7051ffa-0edb-4ac7-84ed-12c1d3b2b5f8');
INSERT INTO art_ping.employee_role VALUES ('31ef122b-6905-4e9a-affc-f3c5da7bd1b1', 'ca9f2c0f-d99d-4daf-b8c4-0a57639238f6', 'eea13552-ad24-4165-bce4-f1b22776739c');
INSERT INTO art_ping.employee (id, first_name, last_name, office_id, user_id, leave_date, updated, login, email, calendar_id) VALUES ('6cfb2d70-61ca-4ebe-8c24-b5d403461dfd', 'employeeName135', 'employeeLastName135', '67b4c46e-921c-4d60-9f49-085f3384af3b', '7d16e374-9ed3-47c0-af6f-4fd9f95ea7f0', null, '2021-12-23T15:57:56.178330800', 'testUser135', 'employee135@em.com', '4fb9de68-e7b6-45af-aa38-5912b6c3a7ad');
INSERT INTO art_ping.employee_role VALUES ('259d9d89-2b9a-4bb4-a17d-af57975d8f2f', '6cfb2d70-61ca-4ebe-8c24-b5d403461dfd', '992e5c70-7b14-44ae-b2fc-d0c884659841');
INSERT INTO art_ping.employee_role VALUES ('781bc8cb-eb44-41b2-82fa-b5af7e8cab5d', '6cfb2d70-61ca-4ebe-8c24-b5d403461dfd', '5b204bc5-6430-4939-aa23-17b1482c6d98');
INSERT INTO art_ping.employee_role VALUES ('49b81736-34fa-4c61-8b38-a47469da8b47', '6cfb2d70-61ca-4ebe-8c24-b5d403461dfd', 'eea13552-ad24-4165-bce4-f1b22776739c');
INSERT INTO art_ping.employee (id, first_name, last_name, office_id, user_id, leave_date, updated, login, email, calendar_id) VALUES ('c497679e-3fec-4bcd-99a7-864f9803de1c', 'employeeName136', 'employeeLastName136', '6142ed64-0187-4a87-94fb-6da715f6e513', 'd80819bc-c984-46b3-827b-249c4bd869c9', null, '2021-12-23T15:57:56.178330800', 'testUser136', 'employee136@em.com', '5d0fe03f-ed10-4373-bb72-2206c079ab4d');
INSERT INTO art_ping.employee_role VALUES ('c044f459-3314-4f3d-8db1-fd721d456e74', 'c497679e-3fec-4bcd-99a7-864f9803de1c', 'eea13552-ad24-4165-bce4-f1b22776739c');
INSERT INTO art_ping.employee (id, first_name, last_name, office_id, user_id, leave_date, updated, login, email, calendar_id) VALUES ('6944d429-c1da-44c9-b670-4eb84c3d179a', 'employeeName137', 'employeeLastName137', '965cc221-ef53-4a0c-9887-31f95d91fc2e', '6e37c191-6fa1-4540-bd05-95b06bfaee42', null, '2021-12-23T15:57:56.178330800', 'testUser137', 'employee137@em.com', 'f85b781d-f893-42df-9968-5685647133ee');
INSERT INTO art_ping.employee_role VALUES ('53080528-7807-4f8b-b2ea-974e5988a499', '6944d429-c1da-44c9-b670-4eb84c3d179a', '5b204bc5-6430-4939-aa23-17b1482c6d98');
INSERT INTO art_ping.employee_role VALUES ('0bb67f16-f9e9-422d-b209-754254760e57', '6944d429-c1da-44c9-b670-4eb84c3d179a', 'eea13552-ad24-4165-bce4-f1b22776739c');
INSERT INTO art_ping.employee (id, first_name, last_name, office_id, user_id, leave_date, updated, login, email, calendar_id) VALUES ('06b0dc44-9bf8-496c-b5c1-979f596e5eca', 'employeeName138', 'employeeLastName138', '20c73b6b-64ba-45a3-a578-29ff4c470244', '22a13bbf-d162-4a62-a716-a72ad05f255d', null, '2021-12-23T15:57:56.178330800', 'testUser138', 'employee138@em.com', 'bcca4f69-b16f-4f53-8049-036acb833630');
INSERT INTO art_ping.employee_role VALUES ('080b745a-ac10-4f11-a471-7d17b7bd8ea7', '06b0dc44-9bf8-496c-b5c1-979f596e5eca', '992e5c70-7b14-44ae-b2fc-d0c884659841');
INSERT INTO art_ping.employee_role VALUES ('b0730c26-ff07-44a9-a86c-2a8f6587399c', '06b0dc44-9bf8-496c-b5c1-979f596e5eca', '9f4932a6-c650-4cd2-9338-2eefa47aeb35');
INSERT INTO art_ping.employee_role VALUES ('354bfd46-f4e1-4c5f-8c9c-9a2b772e07e9', '06b0dc44-9bf8-496c-b5c1-979f596e5eca', 'eea13552-ad24-4165-bce4-f1b22776739c');
INSERT INTO art_ping.employee (id, first_name, last_name, office_id, user_id, leave_date, updated, login, email, calendar_id) VALUES ('3ee6ee98-01e9-477e-aae0-b8afbdab73b4', 'employeeName139', 'employeeLastName139', '3ac0b996-bf45-49a7-9f36-d3215e21e78c', '9aa167c5-0225-403c-a5df-2fc8b5d218df', null, '2021-12-23T15:57:56.178330800', 'testUser139', 'employee139@em.com', 'a669e8f0-dd0f-4e0d-bf3a-e16bd701feca');
INSERT INTO art_ping.employee_role VALUES ('a50e3f52-8b49-4394-8f47-b1f7e0ec1175', '3ee6ee98-01e9-477e-aae0-b8afbdab73b4', '992e5c70-7b14-44ae-b2fc-d0c884659841');
INSERT INTO art_ping.employee_role VALUES ('2d3e3e05-d1ac-4f24-a145-465d6f9d144e', '3ee6ee98-01e9-477e-aae0-b8afbdab73b4', '5b204bc5-6430-4939-aa23-17b1482c6d98');
INSERT INTO art_ping.employee_role VALUES ('7701df9e-08b0-42a1-8cc5-6e714cf0532f', '3ee6ee98-01e9-477e-aae0-b8afbdab73b4', '9f4932a6-c650-4cd2-9338-2eefa47aeb35');
INSERT INTO art_ping.employee_role VALUES ('589ff21a-f705-4e5c-a2e5-bd19ffd4a1b4', '3ee6ee98-01e9-477e-aae0-b8afbdab73b4', 'eea13552-ad24-4165-bce4-f1b22776739c');
INSERT INTO art_ping.employee (id, first_name, last_name, office_id, user_id, leave_date, updated, login, email, calendar_id) VALUES ('637a1a7c-d8d0-4180-b638-5371d9c59de7', 'employeeName140', 'employeeLastName140', 'a77b0d5d-3bfb-4e6b-a490-8e840ba23993', 'c0452006-0c17-4cb6-90eb-ab8feca2172a', null, '2021-12-23T15:57:56.178330800', 'testUser140', 'employee140@em.com', '567f95ff-0272-471e-a091-5ba82268387c');
INSERT INTO art_ping.employee_role VALUES ('30e5cb96-b14e-4736-9c4c-e1061bea5dee', '637a1a7c-d8d0-4180-b638-5371d9c59de7', 'eea13552-ad24-4165-bce4-f1b22776739c');
INSERT INTO art_ping.employee (id, first_name, last_name, office_id, user_id, leave_date, updated, login, email, calendar_id) VALUES ('8c049c7a-0143-4d5f-a532-c9ab9c30e5c7', 'employeeName141', 'employeeLastName141', 'bdaed81a-6797-411f-bd00-31528a069df3', '5498b5bf-eb5d-466e-8215-a325b46f79c5', null, '2021-12-23T15:57:56.178330800', 'testUser141', 'employee141@em.com', 'e68ad155-c07f-4b3c-8022-66f96be8c2bf');
INSERT INTO art_ping.employee_role VALUES ('c8e2ada4-4c66-405f-973c-ea31698aab51', '8c049c7a-0143-4d5f-a532-c9ab9c30e5c7', '992e5c70-7b14-44ae-b2fc-d0c884659841');
INSERT INTO art_ping.employee_role VALUES ('2abf71c6-34ec-4381-843d-2df9137ecfd4', '8c049c7a-0143-4d5f-a532-c9ab9c30e5c7', '9f4932a6-c650-4cd2-9338-2eefa47aeb35');
INSERT INTO art_ping.employee_role VALUES ('02acd1ca-564e-421c-92c5-ed2d07c0865c', '8c049c7a-0143-4d5f-a532-c9ab9c30e5c7', 'eea13552-ad24-4165-bce4-f1b22776739c');
INSERT INTO art_ping.employee (id, first_name, last_name, office_id, user_id, leave_date, updated, login, email, calendar_id) VALUES ('e169be65-4c8e-4158-b89e-92ffda1131ee', 'employeeName142', 'employeeLastName142', '703db01e-bbbb-4c93-8102-28dd0f3a228e', 'ed6336d1-03a1-415e-830c-d9fb3652cf42', null, '2021-12-23T15:57:56.178330800', 'testUser142', 'employee142@em.com', '4f6093ac-29bf-457b-9d82-0d7d7c2f089f');
INSERT INTO art_ping.employee_role VALUES ('3a2748e1-c25b-4ab4-aafa-2d55fadd1b16', 'e169be65-4c8e-4158-b89e-92ffda1131ee', '992e5c70-7b14-44ae-b2fc-d0c884659841');
INSERT INTO art_ping.employee_role VALUES ('602ac189-4d51-422e-b2c7-4c3c45957e80', 'e169be65-4c8e-4158-b89e-92ffda1131ee', '5b204bc5-6430-4939-aa23-17b1482c6d98');
INSERT INTO art_ping.employee_role VALUES ('e673c6de-36a2-4952-8433-3e2cf2dc872a', 'e169be65-4c8e-4158-b89e-92ffda1131ee', '9f4932a6-c650-4cd2-9338-2eefa47aeb35');
INSERT INTO art_ping.employee_role VALUES ('d03a7160-a54a-4048-801c-1fad011e8cec', 'e169be65-4c8e-4158-b89e-92ffda1131ee', 'e7051ffa-0edb-4ac7-84ed-12c1d3b2b5f8');
INSERT INTO art_ping.employee_role VALUES ('fc7bb3ca-1502-44ef-83aa-ad9a4f4ac39f', 'e169be65-4c8e-4158-b89e-92ffda1131ee', 'eea13552-ad24-4165-bce4-f1b22776739c');
INSERT INTO art_ping.employee (id, first_name, last_name, office_id, user_id, leave_date, updated, login, email, calendar_id) VALUES ('80031c24-f767-4e50-83eb-919faa0ff8f5', 'employeeName143', 'employeeLastName143', 'dd555d67-0b33-4c94-9df1-1c2db24dbe3a', '3f0e4a92-0ad3-405a-992e-eb6bdc9662ea', null, '2021-12-23T15:57:56.179332100', 'testUser143', 'employee143@em.com', '7adf3ff0-be1c-46b4-831a-11f4faf1b392');
INSERT INTO art_ping.employee_role VALUES ('7d841d2b-794a-4ac2-90e3-2d9b92b2e601', '80031c24-f767-4e50-83eb-919faa0ff8f5', '992e5c70-7b14-44ae-b2fc-d0c884659841');
INSERT INTO art_ping.employee_role VALUES ('c9881c74-dda0-46a3-82ac-a6e34bf6e887', '80031c24-f767-4e50-83eb-919faa0ff8f5', '5b204bc5-6430-4939-aa23-17b1482c6d98');
INSERT INTO art_ping.employee_role VALUES ('8f46efab-5ba3-4055-b3de-0ccfa7df8e87', '80031c24-f767-4e50-83eb-919faa0ff8f5', 'e7051ffa-0edb-4ac7-84ed-12c1d3b2b5f8');
INSERT INTO art_ping.employee_role VALUES ('89337bef-e343-4693-9fea-98e711b0d295', '80031c24-f767-4e50-83eb-919faa0ff8f5', 'eea13552-ad24-4165-bce4-f1b22776739c');
INSERT INTO art_ping.employee (id, first_name, last_name, office_id, user_id, leave_date, updated, login, email, calendar_id) VALUES ('8129909d-b55b-408b-a343-ccb232362045', 'employeeName144', 'employeeLastName144', '41f4ff5b-099f-46f9-969a-749a5e7de5f1', '7116ccd4-48ef-46e1-be84-a2c4e3b95284', null, '2021-12-23T15:57:56.179332100', 'testUser144', 'employee144@em.com', 'f83e41d6-04f0-4b04-b4f1-949c46b31d00');
INSERT INTO art_ping.employee_role VALUES ('6d8209c6-6512-41d3-a77c-0c691e50cb6a', '8129909d-b55b-408b-a343-ccb232362045', 'e7051ffa-0edb-4ac7-84ed-12c1d3b2b5f8');
INSERT INTO art_ping.employee_role VALUES ('0d09ea4e-2241-4d89-bb2a-652aa796a65b', '8129909d-b55b-408b-a343-ccb232362045', 'eea13552-ad24-4165-bce4-f1b22776739c');
INSERT INTO art_ping.employee (id, first_name, last_name, office_id, user_id, leave_date, updated, login, email, calendar_id) VALUES ('5ecc3fa5-74a8-4f71-ae5b-81df6c8f9e6a', 'employeeName145', 'employeeLastName145', '75ae830a-0f5f-45ae-ab83-ea53a218d53f', '1def98cb-b5ff-4d71-aa98-a3c8d9ff5047', null, '2021-12-23T15:57:56.179332100', 'testUser145', 'employee145@em.com', 'a75f9563-6d25-4f63-9f5c-55202d6b830f');
INSERT INTO art_ping.employee_role VALUES ('f721d327-7ead-4c99-b59b-d7608a416231', '5ecc3fa5-74a8-4f71-ae5b-81df6c8f9e6a', '5b204bc5-6430-4939-aa23-17b1482c6d98');
INSERT INTO art_ping.employee_role VALUES ('92b54202-f862-420f-9edc-4d6e7c8f6d53', '5ecc3fa5-74a8-4f71-ae5b-81df6c8f9e6a', 'eea13552-ad24-4165-bce4-f1b22776739c');
INSERT INTO art_ping.employee (id, first_name, last_name, office_id, user_id, leave_date, updated, login, email, calendar_id) VALUES ('91108f67-ae35-453a-8da8-be80cd5998ed', 'employeeName146', 'employeeLastName146', '83376007-5a80-45a2-8ca8-075c0dc9b06d', '63fc5cb3-26b7-4eb7-bbda-a846b1c27d80', null, '2021-12-23T15:57:56.179332100', 'testUser146', 'employee146@em.com', '0d7171bd-533b-42d4-81b6-b83f59151ca6');
INSERT INTO art_ping.employee_role VALUES ('46e126dc-59b2-4681-83d1-e38e0beb39be', '91108f67-ae35-453a-8da8-be80cd5998ed', 'e7051ffa-0edb-4ac7-84ed-12c1d3b2b5f8');
INSERT INTO art_ping.employee_role VALUES ('d614645c-5406-463d-a5a7-d53958c61675', '91108f67-ae35-453a-8da8-be80cd5998ed', 'eea13552-ad24-4165-bce4-f1b22776739c');
INSERT INTO art_ping.employee (id, first_name, last_name, office_id, user_id, leave_date, updated, login, email, calendar_id) VALUES ('61973623-7ea1-40ad-bb08-a2d7b4a237e7', 'employeeName147', 'employeeLastName147', '1474fde4-7488-4ad3-9495-a980a697c2be', 'f4fa838d-20b1-4222-9d97-3952e64b1789', null, '2021-12-23T15:57:56.179332100', 'testUser147', 'employee147@em.com', 'ece84e5d-f32a-4165-aaeb-9c7fcf4ad087');
INSERT INTO art_ping.employee_role VALUES ('5b35a673-68fe-4563-8e88-4e78a93b58e3', '61973623-7ea1-40ad-bb08-a2d7b4a237e7', '992e5c70-7b14-44ae-b2fc-d0c884659841');
INSERT INTO art_ping.employee_role VALUES ('258c0e9a-7b36-4407-9e9e-29a33d49bb20', '61973623-7ea1-40ad-bb08-a2d7b4a237e7', '5b204bc5-6430-4939-aa23-17b1482c6d98');
INSERT INTO art_ping.employee_role VALUES ('b2e4017f-7308-4caa-9271-23e8404a5c4a', '61973623-7ea1-40ad-bb08-a2d7b4a237e7', '9f4932a6-c650-4cd2-9338-2eefa47aeb35');
INSERT INTO art_ping.employee_role VALUES ('611a850a-422c-4f70-90c6-dad2afb8442a', '61973623-7ea1-40ad-bb08-a2d7b4a237e7', 'eea13552-ad24-4165-bce4-f1b22776739c');
INSERT INTO art_ping.employee (id, first_name, last_name, office_id, user_id, leave_date, updated, login, email, calendar_id) VALUES ('eb78dfd4-d641-4376-bcd5-c5bd54db3aaf', 'employeeName148', 'employeeLastName148', '146e9fd6-459a-483c-a673-444dbd89fdea', 'd9966b15-059f-45b3-9fb2-57a20c235498', null, '2021-12-23T15:57:56.179332100', 'testUser148', 'employee148@em.com', '7adf3ff0-be1c-46b4-831a-11f4faf1b392');
INSERT INTO art_ping.employee_role VALUES ('2bac3adb-9a83-488c-9d80-1e80866bfa82', 'eb78dfd4-d641-4376-bcd5-c5bd54db3aaf', '992e5c70-7b14-44ae-b2fc-d0c884659841');
INSERT INTO art_ping.employee_role VALUES ('6b7c04a7-1e8d-485a-b268-1bea1f469070', 'eb78dfd4-d641-4376-bcd5-c5bd54db3aaf', '5b204bc5-6430-4939-aa23-17b1482c6d98');
INSERT INTO art_ping.employee_role VALUES ('b321ffaa-07d9-450f-9dc4-5c96fa35fa6b', 'eb78dfd4-d641-4376-bcd5-c5bd54db3aaf', '9f4932a6-c650-4cd2-9338-2eefa47aeb35');
INSERT INTO art_ping.employee_role VALUES ('7650b35f-df7d-48fe-b220-b70540c542f9', 'eb78dfd4-d641-4376-bcd5-c5bd54db3aaf', 'e7051ffa-0edb-4ac7-84ed-12c1d3b2b5f8');
INSERT INTO art_ping.employee_role VALUES ('71771f7b-9606-46e0-88be-f92e8453c6d7', 'eb78dfd4-d641-4376-bcd5-c5bd54db3aaf', 'eea13552-ad24-4165-bce4-f1b22776739c');
INSERT INTO art_ping.employee (id, first_name, last_name, office_id, user_id, leave_date, updated, login, email, calendar_id) VALUES ('d1837d6b-5509-42b4-a68a-ada499a1db9c', 'employeeName149', 'employeeLastName149', '5b04ae11-93fd-4762-8918-08b6e380b65a', '88e70e05-b6e2-4c9a-a7c4-6770721a0c0c', null, '2021-12-23T15:57:56.179332100', 'testUser149', 'employee149@em.com', '3921a3c2-4c27-4f38-a3d7-31155177d4b4');
INSERT INTO art_ping.employee_role VALUES ('bc384597-d7c0-4732-802f-0daa70a9eb7a', 'd1837d6b-5509-42b4-a68a-ada499a1db9c', 'e7051ffa-0edb-4ac7-84ed-12c1d3b2b5f8');
INSERT INTO art_ping.employee_role VALUES ('d71f5b0c-eae9-4228-b3ed-9b7c6cc3b865', 'd1837d6b-5509-42b4-a68a-ada499a1db9c', 'eea13552-ad24-4165-bce4-f1b22776739c');
INSERT INTO art_ping.employee (id, first_name, last_name, office_id, user_id, leave_date, updated, login, email, calendar_id) VALUES ('bb8f3b0c-32a9-466a-be09-949ec786b922', 'employeeName150', 'employeeLastName150', 'abc233d7-636b-4ec1-83b1-fa5309624257', '860c05fd-be9b-4693-a9f2-707af70cc0d9', null, '2021-12-23T15:57:56.179332100', 'testUser150', 'employee150@em.com', '0698bb6d-7505-49ea-99c4-f4d66e57172b');
INSERT INTO art_ping.employee_role VALUES ('4ea8a7d2-2a34-4416-9516-7ece3dfef5fc', 'bb8f3b0c-32a9-466a-be09-949ec786b922', 'eea13552-ad24-4165-bce4-f1b22776739c');
INSERT INTO art_ping.employee (id, first_name, last_name, office_id, user_id, leave_date, updated, login, email, calendar_id) VALUES ('bd5f4072-4756-47cd-8cdd-b3863b8a3be4', 'employeeName151', 'employeeLastName151', '242f8ff9-2990-407f-88ed-4ba82814654a', '3169df47-3c78-4820-8184-089d2d5401e7', null, '2021-12-23T15:57:56.179332100', 'testUser151', 'employee151@em.com', '6eab5509-7a0b-41f7-b4cc-4cba817a5a6d');
INSERT INTO art_ping.employee_role VALUES ('c3043bf2-c9ef-47c3-81cc-e174ca19af47', 'bd5f4072-4756-47cd-8cdd-b3863b8a3be4', '5b204bc5-6430-4939-aa23-17b1482c6d98');
INSERT INTO art_ping.employee_role VALUES ('0f1f2760-392b-404b-b2d9-b05664c66a95', 'bd5f4072-4756-47cd-8cdd-b3863b8a3be4', '9f4932a6-c650-4cd2-9338-2eefa47aeb35');
INSERT INTO art_ping.employee_role VALUES ('85b091f9-8d34-4125-a0fb-42255f51c3ab', 'bd5f4072-4756-47cd-8cdd-b3863b8a3be4', 'eea13552-ad24-4165-bce4-f1b22776739c');
INSERT INTO art_ping.employee (id, first_name, last_name, office_id, user_id, leave_date, updated, login, email, calendar_id) VALUES ('db7c32ef-a43e-4924-950d-67368720b1ca', 'employeeName152', 'employeeLastName152', '6c096465-a22c-46b9-b090-757d9f87d082', 'ef4e662b-6760-4ba2-a219-5159a2e280d4', null, '2021-12-23T15:57:56.179332100', 'testUser152', 'employee152@em.com', 'be21ba46-06d5-42d8-bc3f-703f93cb2233');
INSERT INTO art_ping.employee_role VALUES ('cca14ccf-48ff-4a46-9695-193ba1da8ea8', 'db7c32ef-a43e-4924-950d-67368720b1ca', 'eea13552-ad24-4165-bce4-f1b22776739c');
INSERT INTO art_ping.employee (id, first_name, last_name, office_id, user_id, leave_date, updated, login, email, calendar_id) VALUES ('219ba6fe-7459-4043-87a7-8fa8941d5964', 'employeeName153', 'employeeLastName153', 'd8c3dacc-3d00-469b-995b-fd016ff83c55', '55bff470-23d7-475c-a1ac-a85f9ccf2651', null, '2021-12-23T15:57:56.179332100', 'testUser153', 'employee153@em.com', 'bf441199-ac71-46e6-966f-13b0db15c311');
INSERT INTO art_ping.employee_role VALUES ('9cd21ccd-a353-4c70-8055-5a1a975692b3', '219ba6fe-7459-4043-87a7-8fa8941d5964', '992e5c70-7b14-44ae-b2fc-d0c884659841');
INSERT INTO art_ping.employee_role VALUES ('c2faff21-a1f7-46dc-a99b-6fc1e0477450', '219ba6fe-7459-4043-87a7-8fa8941d5964', 'e7051ffa-0edb-4ac7-84ed-12c1d3b2b5f8');
INSERT INTO art_ping.employee_role VALUES ('c07f12ec-cec6-4cee-ab17-d3edae3a4e33', '219ba6fe-7459-4043-87a7-8fa8941d5964', 'eea13552-ad24-4165-bce4-f1b22776739c');
INSERT INTO art_ping.employee (id, first_name, last_name, office_id, user_id, leave_date, updated, login, email, calendar_id) VALUES ('f36f6161-6920-456f-8932-312679f02ff0', 'employeeName154', 'employeeLastName154', 'e38efea1-e703-4911-99e2-51d63f706d85', 'aad0ad6d-3b1a-442f-bd00-a7ec2e983459', null, '2021-12-23T15:57:56.179332100', 'testUser154', 'employee154@em.com', 'b66bb045-a363-45f8-a092-7b71249790c5');
INSERT INTO art_ping.employee_role VALUES ('041c55e0-467e-47c9-a0e6-3586286184c8', 'f36f6161-6920-456f-8932-312679f02ff0', '5b204bc5-6430-4939-aa23-17b1482c6d98');
INSERT INTO art_ping.employee_role VALUES ('9a32e607-71b6-4995-a7a2-fe3d773c21ca', 'f36f6161-6920-456f-8932-312679f02ff0', '9f4932a6-c650-4cd2-9338-2eefa47aeb35');
INSERT INTO art_ping.employee_role VALUES ('630b31d7-33f0-449f-af26-971bbea5c7c5', 'f36f6161-6920-456f-8932-312679f02ff0', 'e7051ffa-0edb-4ac7-84ed-12c1d3b2b5f8');
INSERT INTO art_ping.employee_role VALUES ('9e7bcf24-e788-4187-b9c3-1d162fcbf291', 'f36f6161-6920-456f-8932-312679f02ff0', 'eea13552-ad24-4165-bce4-f1b22776739c');
INSERT INTO art_ping.employee (id, first_name, last_name, office_id, user_id, leave_date, updated, login, email, calendar_id) VALUES ('3caacf5d-2a9e-4b36-8fa2-b3a5303147fa', 'employeeName155', 'employeeLastName155', 'a388b05e-8ff5-49d6-a9ad-f31a3493e688', 'f5c6ce91-790c-4969-868e-1ba31bf752a3', null, '2021-12-23T15:57:56.179332100', 'testUser155', 'employee155@em.com', '49e35ed1-5eb8-47d3-988b-e65d5c65f597');
INSERT INTO art_ping.employee_role VALUES ('ff304684-9401-4582-a1f1-d5bbe2ebbfc0', '3caacf5d-2a9e-4b36-8fa2-b3a5303147fa', '992e5c70-7b14-44ae-b2fc-d0c884659841');
INSERT INTO art_ping.employee_role VALUES ('b0f14269-5bec-4e0d-8153-0a571b59e7dc', '3caacf5d-2a9e-4b36-8fa2-b3a5303147fa', '5b204bc5-6430-4939-aa23-17b1482c6d98');
INSERT INTO art_ping.employee_role VALUES ('917e4179-74f9-463e-b2bb-961d20f3ea03', '3caacf5d-2a9e-4b36-8fa2-b3a5303147fa', '9f4932a6-c650-4cd2-9338-2eefa47aeb35');
INSERT INTO art_ping.employee_role VALUES ('bf7440ba-aee3-48d3-baff-d6ece83599dd', '3caacf5d-2a9e-4b36-8fa2-b3a5303147fa', 'e7051ffa-0edb-4ac7-84ed-12c1d3b2b5f8');
INSERT INTO art_ping.employee_role VALUES ('25909cec-45c8-46a8-bd69-26207386d0b7', '3caacf5d-2a9e-4b36-8fa2-b3a5303147fa', 'eea13552-ad24-4165-bce4-f1b22776739c');
INSERT INTO art_ping.employee (id, first_name, last_name, office_id, user_id, leave_date, updated, login, email, calendar_id) VALUES ('1bdc9fbe-a832-48d7-8ab9-dd59882f1cb7', 'employeeName156', 'employeeLastName156', '29c90ded-0623-4889-8e35-4864d68fd457', 'f0681140-84ac-4531-944e-3fde06dcdcd7', null, '2021-12-23T15:57:56.179332100', 'testUser156', 'employee156@em.com', '414993a3-0e1d-4c3b-8fe5-03d8e5b8cc47');
INSERT INTO art_ping.employee_role VALUES ('482b4469-5821-4cb1-a30d-80b2a1e13ead', '1bdc9fbe-a832-48d7-8ab9-dd59882f1cb7', 'e7051ffa-0edb-4ac7-84ed-12c1d3b2b5f8');
INSERT INTO art_ping.employee_role VALUES ('8d995375-7c8e-4b4c-8f44-7ae2cd7df1e0', '1bdc9fbe-a832-48d7-8ab9-dd59882f1cb7', 'eea13552-ad24-4165-bce4-f1b22776739c');
INSERT INTO art_ping.employee (id, first_name, last_name, office_id, user_id, leave_date, updated, login, email, calendar_id) VALUES ('f93f3f29-0c4a-40d7-8014-b1e56e528dd6', 'employeeName157', 'employeeLastName157', 'cf27de8f-0377-4eca-b531-628550951c67', 'fa37086e-d4d2-4eec-94d7-329d7c982e8a', null, '2021-12-23T15:57:56.179332100', 'testUser157', 'employee157@em.com', 'b3c2f88d-2941-46c1-b33d-0ffb2dbb0c85');
INSERT INTO art_ping.employee_role VALUES ('32ae160e-9cf2-44ff-beff-2f422c40b723', 'f93f3f29-0c4a-40d7-8014-b1e56e528dd6', '992e5c70-7b14-44ae-b2fc-d0c884659841');
INSERT INTO art_ping.employee_role VALUES ('38dff28d-a357-488d-b47f-ebfbcebebfe1', 'f93f3f29-0c4a-40d7-8014-b1e56e528dd6', 'eea13552-ad24-4165-bce4-f1b22776739c');
INSERT INTO art_ping.employee (id, first_name, last_name, office_id, user_id, leave_date, updated, login, email, calendar_id) VALUES ('3d4f01e2-43dc-4c70-83cc-7cdb1f3df1eb', 'employeeName158', 'employeeLastName158', '01efbb9f-ce39-452b-934d-7126d7938613', 'b96e9427-a34b-46c3-8e2d-9cae0e285e08', null, '2021-12-23T15:57:56.179332100', 'testUser158', 'employee158@em.com', 'd31f9382-b96d-477a-9079-9453e36b1b8d');
INSERT INTO art_ping.employee_role VALUES ('67edb6c1-8c8a-42a8-bb81-3b725597e52c', '3d4f01e2-43dc-4c70-83cc-7cdb1f3df1eb', '992e5c70-7b14-44ae-b2fc-d0c884659841');
INSERT INTO art_ping.employee_role VALUES ('a499407d-ff78-49a8-a270-55b5333b0042', '3d4f01e2-43dc-4c70-83cc-7cdb1f3df1eb', 'e7051ffa-0edb-4ac7-84ed-12c1d3b2b5f8');
INSERT INTO art_ping.employee_role VALUES ('8da91ec0-b2cf-4732-9568-3097a6fa5975', '3d4f01e2-43dc-4c70-83cc-7cdb1f3df1eb', 'eea13552-ad24-4165-bce4-f1b22776739c');
INSERT INTO art_ping.employee (id, first_name, last_name, office_id, user_id, leave_date, updated, login, email, calendar_id) VALUES ('c46f6f86-7e74-4c03-884c-e25c91cc4946', 'employeeName159', 'employeeLastName159', '114e367b-dac6-40a9-96a5-ab1ffce23456', 'dfb28f90-0c36-4b01-aacd-cf7101d5b959', null, '2021-12-23T15:57:56.179332100', 'testUser159', 'employee159@em.com', '85e5ef9a-7ad5-4834-83ec-edf2dccc3ef9');
INSERT INTO art_ping.employee_role VALUES ('ea6840e6-d1dd-4590-9db5-eac281e6321c', 'c46f6f86-7e74-4c03-884c-e25c91cc4946', '5b204bc5-6430-4939-aa23-17b1482c6d98');
INSERT INTO art_ping.employee_role VALUES ('ba8af6c7-eb5b-46ba-8c9e-1b23e17d95d4', 'c46f6f86-7e74-4c03-884c-e25c91cc4946', '9f4932a6-c650-4cd2-9338-2eefa47aeb35');
INSERT INTO art_ping.employee_role VALUES ('0cd0ebef-5bca-439f-b3f6-e65abb009262', 'c46f6f86-7e74-4c03-884c-e25c91cc4946', 'e7051ffa-0edb-4ac7-84ed-12c1d3b2b5f8');
INSERT INTO art_ping.employee_role VALUES ('cb49ebaa-f863-429b-a34f-d6e522f7e848', 'c46f6f86-7e74-4c03-884c-e25c91cc4946', 'eea13552-ad24-4165-bce4-f1b22776739c');
INSERT INTO art_ping.employee (id, first_name, last_name, office_id, user_id, leave_date, updated, login, email, calendar_id) VALUES ('5b1aea66-ceef-4316-9677-23ec2cd167f3', 'employeeName160', 'employeeLastName160', '8ea8658e-442d-4005-b74a-f6d2b420c69c', '1a4f66e0-1f17-49dc-8c2a-5ab2b2ddd80d', null, '2021-12-23T15:57:56.180331800', 'testUser160', 'employee160@em.com', 'f1544fbc-c53f-47dc-8c5a-1940e4ed4cd2');
INSERT INTO art_ping.employee_role VALUES ('db565f33-149a-47c6-ba0f-af8ebb8533f8', '5b1aea66-ceef-4316-9677-23ec2cd167f3', '992e5c70-7b14-44ae-b2fc-d0c884659841');
INSERT INTO art_ping.employee_role VALUES ('746e660b-ee43-473b-b4b6-c41326f65cb4', '5b1aea66-ceef-4316-9677-23ec2cd167f3', '9f4932a6-c650-4cd2-9338-2eefa47aeb35');
INSERT INTO art_ping.employee_role VALUES ('417c10a9-9625-43b5-a41e-f3e7941aa5fb', '5b1aea66-ceef-4316-9677-23ec2cd167f3', 'e7051ffa-0edb-4ac7-84ed-12c1d3b2b5f8');
INSERT INTO art_ping.employee_role VALUES ('154078a3-b031-4682-a6f2-836900f4f2dc', '5b1aea66-ceef-4316-9677-23ec2cd167f3', 'eea13552-ad24-4165-bce4-f1b22776739c');
INSERT INTO art_ping.employee (id, first_name, last_name, office_id, user_id, leave_date, updated, login, email, calendar_id) VALUES ('506c90be-9047-4868-9f58-4d30d43c5cd4', 'employeeName161', 'employeeLastName161', '1b560a1e-95fb-4254-ae29-ecb6cb571579', 'ada20409-2d04-40ee-a127-d4ca2d8a639a', null, '2021-12-23T15:57:56.180331800', 'testUser161', 'employee161@em.com', '8d334fa6-c85d-4b3d-b6ed-68e7e0b4c937');
INSERT INTO art_ping.employee_role VALUES ('0b1b08a8-33bf-4bd9-b758-652d5efce273', '506c90be-9047-4868-9f58-4d30d43c5cd4', '5b204bc5-6430-4939-aa23-17b1482c6d98');
INSERT INTO art_ping.employee_role VALUES ('4812609e-0a9c-4bb6-8425-77f69789dc13', '506c90be-9047-4868-9f58-4d30d43c5cd4', '9f4932a6-c650-4cd2-9338-2eefa47aeb35');
INSERT INTO art_ping.employee_role VALUES ('eef2775e-40b5-4d6a-b6fa-65152ac91be0', '506c90be-9047-4868-9f58-4d30d43c5cd4', 'e7051ffa-0edb-4ac7-84ed-12c1d3b2b5f8');
INSERT INTO art_ping.employee_role VALUES ('2ba2c00b-3ec0-4d79-bcea-5b1ea1c3cfb2', '506c90be-9047-4868-9f58-4d30d43c5cd4', 'eea13552-ad24-4165-bce4-f1b22776739c');
INSERT INTO art_ping.employee (id, first_name, last_name, office_id, user_id, leave_date, updated, login, email, calendar_id) VALUES ('00480f9c-f2d1-4f04-bd42-bc6509b39d8c', 'employeeName162', 'employeeLastName162', 'afdfa797-0d5b-445f-bc6c-61ab0df59714', '33c2bf66-4681-47bb-b4bf-2c37b94f6f2e', null, '2021-12-23T15:57:56.180331800', 'testUser162', 'employee162@em.com', 'd7c4b3c8-6301-414d-b394-9c6ca223a4ce');
INSERT INTO art_ping.employee_role VALUES ('cd8a1cbd-f4cc-4539-b868-ac6ec433abfb', '00480f9c-f2d1-4f04-bd42-bc6509b39d8c', '992e5c70-7b14-44ae-b2fc-d0c884659841');
INSERT INTO art_ping.employee_role VALUES ('a991c01f-bb78-493e-872d-7521aa469d44', '00480f9c-f2d1-4f04-bd42-bc6509b39d8c', '5b204bc5-6430-4939-aa23-17b1482c6d98');
INSERT INTO art_ping.employee_role VALUES ('235e622c-4e4e-4b7e-b099-1a48dbf710c1', '00480f9c-f2d1-4f04-bd42-bc6509b39d8c', 'e7051ffa-0edb-4ac7-84ed-12c1d3b2b5f8');
INSERT INTO art_ping.employee_role VALUES ('6384159a-3402-49d5-abfd-7aab9b58e50b', '00480f9c-f2d1-4f04-bd42-bc6509b39d8c', 'eea13552-ad24-4165-bce4-f1b22776739c');
INSERT INTO art_ping.employee (id, first_name, last_name, office_id, user_id, leave_date, updated, login, email, calendar_id) VALUES ('7337ef3d-f68b-445a-8b3b-e8e8eb34dfba', 'employeeName163', 'employeeLastName163', 'f6b98a28-cd00-41bb-9857-3bb4d501819d', 'b0fb4e8a-283a-42c9-9c4b-135d1882dadd', null, '2021-12-23T15:57:56.180331800', 'testUser163', 'employee163@em.com', '29489e16-430c-414f-9fc9-1ba60487d240');
INSERT INTO art_ping.employee_role VALUES ('bc1034bf-27a1-4193-a9fe-1052394ff8ef', '7337ef3d-f68b-445a-8b3b-e8e8eb34dfba', '992e5c70-7b14-44ae-b2fc-d0c884659841');
INSERT INTO art_ping.employee_role VALUES ('7bdbc607-cfb3-444f-8454-bbe74cd28c37', '7337ef3d-f68b-445a-8b3b-e8e8eb34dfba', '5b204bc5-6430-4939-aa23-17b1482c6d98');
INSERT INTO art_ping.employee_role VALUES ('cbf5d3d1-ff63-4703-8068-eb58b7c13d12', '7337ef3d-f68b-445a-8b3b-e8e8eb34dfba', '9f4932a6-c650-4cd2-9338-2eefa47aeb35');
INSERT INTO art_ping.employee_role VALUES ('115a7055-c649-4148-ba09-bac684aeec0b', '7337ef3d-f68b-445a-8b3b-e8e8eb34dfba', 'eea13552-ad24-4165-bce4-f1b22776739c');
INSERT INTO art_ping.employee (id, first_name, last_name, office_id, user_id, leave_date, updated, login, email, calendar_id) VALUES ('6ea9e0cd-7d8b-4673-b90c-8aec9bfba868', 'employeeName164', 'employeeLastName164', '3fd0d7f7-949b-41e7-949b-300f5a7d31d5', '72bd703d-0502-433f-bfdb-99f55963670c', null, '2021-12-23T15:57:56.180331800', 'testUser164', 'employee164@em.com', '81d84e96-db7c-46b3-aaef-338fbf47544a');
INSERT INTO art_ping.employee_role VALUES ('cb016245-aad2-4251-900c-6d18a694d87f', '6ea9e0cd-7d8b-4673-b90c-8aec9bfba868', '992e5c70-7b14-44ae-b2fc-d0c884659841');
INSERT INTO art_ping.employee_role VALUES ('a7f01c7b-c6b5-4ccf-9fdd-0c796685cd14', '6ea9e0cd-7d8b-4673-b90c-8aec9bfba868', '5b204bc5-6430-4939-aa23-17b1482c6d98');
INSERT INTO art_ping.employee_role VALUES ('80fad3dc-e09c-4af3-8db7-6b51bb758fe2', '6ea9e0cd-7d8b-4673-b90c-8aec9bfba868', '9f4932a6-c650-4cd2-9338-2eefa47aeb35');
INSERT INTO art_ping.employee_role VALUES ('13810b14-3cfb-4f1b-ab40-6d187c63b826', '6ea9e0cd-7d8b-4673-b90c-8aec9bfba868', 'e7051ffa-0edb-4ac7-84ed-12c1d3b2b5f8');
INSERT INTO art_ping.employee_role VALUES ('586e0ce7-3554-457b-8562-079b018298bb', '6ea9e0cd-7d8b-4673-b90c-8aec9bfba868', 'eea13552-ad24-4165-bce4-f1b22776739c');
INSERT INTO art_ping.employee (id, first_name, last_name, office_id, user_id, leave_date, updated, login, email, calendar_id) VALUES ('a9a30df2-0e61-43b4-ab85-7cda635d7531', 'employeeName165', 'employeeLastName165', 'ca2e1e0b-d565-4162-aabe-ecfc4ee4b57e', 'cc5de5eb-8b0d-4c21-b2fc-9786d739d99c', null, '2021-12-23T15:57:56.180331800', 'testUser165', 'employee165@em.com', '81d84e96-db7c-46b3-aaef-338fbf47544a');
INSERT INTO art_ping.employee_role VALUES ('e89109b3-9142-4a9e-a433-43a3fbc17516', 'a9a30df2-0e61-43b4-ab85-7cda635d7531', '992e5c70-7b14-44ae-b2fc-d0c884659841');
INSERT INTO art_ping.employee_role VALUES ('200c0671-617a-4846-95ca-555b3c6cc4f5', 'a9a30df2-0e61-43b4-ab85-7cda635d7531', '9f4932a6-c650-4cd2-9338-2eefa47aeb35');
INSERT INTO art_ping.employee_role VALUES ('f5d1707d-c82e-4d14-9c2c-3d0982c807a2', 'a9a30df2-0e61-43b4-ab85-7cda635d7531', 'e7051ffa-0edb-4ac7-84ed-12c1d3b2b5f8');
INSERT INTO art_ping.employee_role VALUES ('b54f0a84-7295-45f6-838c-3b40578e72e7', 'a9a30df2-0e61-43b4-ab85-7cda635d7531', 'eea13552-ad24-4165-bce4-f1b22776739c');
INSERT INTO art_ping.employee (id, first_name, last_name, office_id, user_id, leave_date, updated, login, email, calendar_id) VALUES ('7519c8c7-492f-4c67-a3fd-61e57984164c', 'employeeName166', 'employeeLastName166', '65d5bd29-e502-4e42-a272-cdff00b41c2c', '82451ad0-e60c-4179-a6aa-6f4dd001c827', null, '2021-12-23T15:57:56.180331800', 'testUser166', 'employee166@em.com', '0698bb6d-7505-49ea-99c4-f4d66e57172b');
INSERT INTO art_ping.employee_role VALUES ('66cd899b-b069-4caf-91f4-d60380f04717', '7519c8c7-492f-4c67-a3fd-61e57984164c', '9f4932a6-c650-4cd2-9338-2eefa47aeb35');
INSERT INTO art_ping.employee_role VALUES ('60cb28ba-4ada-45d2-843b-d1a81f46c53f', '7519c8c7-492f-4c67-a3fd-61e57984164c', 'eea13552-ad24-4165-bce4-f1b22776739c');
INSERT INTO art_ping.employee (id, first_name, last_name, office_id, user_id, leave_date, updated, login, email, calendar_id) VALUES ('19116dfb-4faf-46d5-af4c-f421b1dd04ec', 'employeeName167', 'employeeLastName167', 'deeb8205-ffab-47f8-84fb-e447d79258d9', 'd0056670-b5cd-4f30-9a45-4049a910e0ed', null, '2021-12-23T15:57:56.180331800', 'testUser167', 'employee167@em.com', '3e282a1a-a35a-4b7c-b629-a2f1b356f0fe');
INSERT INTO art_ping.employee_role VALUES ('1ddbc55f-934c-43b8-87bf-d26efdc3902f', '19116dfb-4faf-46d5-af4c-f421b1dd04ec', '992e5c70-7b14-44ae-b2fc-d0c884659841');
INSERT INTO art_ping.employee_role VALUES ('263fbfac-324b-432b-acc6-cf8eec981485', '19116dfb-4faf-46d5-af4c-f421b1dd04ec', '5b204bc5-6430-4939-aa23-17b1482c6d98');
INSERT INTO art_ping.employee_role VALUES ('940694f0-36ee-4d44-bd88-a2f2668902aa', '19116dfb-4faf-46d5-af4c-f421b1dd04ec', 'e7051ffa-0edb-4ac7-84ed-12c1d3b2b5f8');
INSERT INTO art_ping.employee_role VALUES ('534c7ec7-843b-4341-ad2f-46f61d740038', '19116dfb-4faf-46d5-af4c-f421b1dd04ec', 'eea13552-ad24-4165-bce4-f1b22776739c');
INSERT INTO art_ping.employee (id, first_name, last_name, office_id, user_id, leave_date, updated, login, email, calendar_id) VALUES ('577eae4c-cf68-4566-96cd-5d990ee35d36', 'employeeName168', 'employeeLastName168', '6b0dc313-a4e3-459b-af6f-c13d4471c1d0', '531ba10a-d210-46ab-92bb-37eadfcb1491', null, '2021-12-23T15:57:56.180331800', 'testUser168', 'employee168@em.com', '29489e16-430c-414f-9fc9-1ba60487d240');
INSERT INTO art_ping.employee_role VALUES ('72da2a3e-c095-4ece-9e31-7b65d07406f7', '577eae4c-cf68-4566-96cd-5d990ee35d36', '992e5c70-7b14-44ae-b2fc-d0c884659841');
INSERT INTO art_ping.employee_role VALUES ('9da49f16-9d61-4149-95be-56fc456dc099', '577eae4c-cf68-4566-96cd-5d990ee35d36', '9f4932a6-c650-4cd2-9338-2eefa47aeb35');
INSERT INTO art_ping.employee_role VALUES ('5a0eac9c-3fab-4990-b306-08fcf773d76c', '577eae4c-cf68-4566-96cd-5d990ee35d36', 'eea13552-ad24-4165-bce4-f1b22776739c');
INSERT INTO art_ping.employee (id, first_name, last_name, office_id, user_id, leave_date, updated, login, email, calendar_id) VALUES ('8978b820-3832-4eb8-9d16-1359d70a5f41', 'employeeName169', 'employeeLastName169', '7639b5ec-bf59-4e20-a7f3-4254df0fa961', '453a21e8-5b0c-448c-acd5-cb5f9c1d3eef', null, '2021-12-23T15:57:56.180331800', 'testUser169', 'employee169@em.com', 'f1544fbc-c53f-47dc-8c5a-1940e4ed4cd2');
INSERT INTO art_ping.employee_role VALUES ('6337c238-8404-4da8-b7bf-e85b6505ef04', '8978b820-3832-4eb8-9d16-1359d70a5f41', '992e5c70-7b14-44ae-b2fc-d0c884659841');
INSERT INTO art_ping.employee_role VALUES ('0d9f4e7f-1df5-48f2-a573-2f9339b64c16', '8978b820-3832-4eb8-9d16-1359d70a5f41', '5b204bc5-6430-4939-aa23-17b1482c6d98');
INSERT INTO art_ping.employee_role VALUES ('28d5db74-5f6d-4e8d-a717-e05373aad8bb', '8978b820-3832-4eb8-9d16-1359d70a5f41', 'eea13552-ad24-4165-bce4-f1b22776739c');
INSERT INTO art_ping.employee (id, first_name, last_name, office_id, user_id, leave_date, updated, login, email, calendar_id) VALUES ('75257361-002d-4a84-a6a7-45bdd09516c7', 'employeeName170', 'employeeLastName170', '947a048f-0080-48d0-b84c-e34043b12ce4', 'ba16d16f-f14e-4f9c-8095-e014c461fac7', null, '2021-12-23T15:57:56.180331800', 'testUser170', 'employee170@em.com', 'a669e8f0-dd0f-4e0d-bf3a-e16bd701feca');
INSERT INTO art_ping.employee_role VALUES ('b34afba9-e2c5-44e1-893e-1cf42db819fe', '75257361-002d-4a84-a6a7-45bdd09516c7', '9f4932a6-c650-4cd2-9338-2eefa47aeb35');
INSERT INTO art_ping.employee_role VALUES ('f47c92af-7fdc-4d38-9aa0-dd72cd5a7cfa', '75257361-002d-4a84-a6a7-45bdd09516c7', 'e7051ffa-0edb-4ac7-84ed-12c1d3b2b5f8');
INSERT INTO art_ping.employee_role VALUES ('815c08cb-673e-43b9-9a5d-01d4b5abefe4', '75257361-002d-4a84-a6a7-45bdd09516c7', 'eea13552-ad24-4165-bce4-f1b22776739c');
INSERT INTO art_ping.employee (id, first_name, last_name, office_id, user_id, leave_date, updated, login, email, calendar_id) VALUES ('ba4e3b46-f8fe-441f-92e9-024868b9fe19', 'employeeName171', 'employeeLastName171', '75addf6a-17e9-4d9a-b9b8-17d4da359761', 'ee43d9e7-b127-4303-ade6-b3b2465616d4', null, '2021-12-23T15:57:56.180331800', 'testUser171', 'employee171@em.com', '987a48d2-2eed-492e-adbb-718872384007');
INSERT INTO art_ping.employee_role VALUES ('086d0d8f-9a29-4ff6-9e6f-2b9acb33b30d', 'ba4e3b46-f8fe-441f-92e9-024868b9fe19', '5b204bc5-6430-4939-aa23-17b1482c6d98');
INSERT INTO art_ping.employee_role VALUES ('bdc8a4d6-9e89-4839-bfd7-3eee7a7b38dd', 'ba4e3b46-f8fe-441f-92e9-024868b9fe19', '9f4932a6-c650-4cd2-9338-2eefa47aeb35');
INSERT INTO art_ping.employee_role VALUES ('fa744bf9-6e04-4325-a211-75cbed77ae6d', 'ba4e3b46-f8fe-441f-92e9-024868b9fe19', 'eea13552-ad24-4165-bce4-f1b22776739c');
INSERT INTO art_ping.employee (id, first_name, last_name, office_id, user_id, leave_date, updated, login, email, calendar_id) VALUES ('0492f9c5-0b23-46c3-a435-691547b39086', 'employeeName172', 'employeeLastName172', 'ed608764-f5b4-4080-9641-c10de00043ee', '8083bf25-404b-4115-b5d9-a17ab804b593', null, '2021-12-23T15:57:56.180331800', 'testUser172', 'employee172@em.com', 'bef94631-81a4-4874-8f09-aa1fc75cd486');
INSERT INTO art_ping.employee_role VALUES ('1c495f8a-1aa4-4875-a3b4-0a373694ce82', '0492f9c5-0b23-46c3-a435-691547b39086', '5b204bc5-6430-4939-aa23-17b1482c6d98');
INSERT INTO art_ping.employee_role VALUES ('bbf9c2da-26be-42a1-a19a-72477aa6e6e9', '0492f9c5-0b23-46c3-a435-691547b39086', '9f4932a6-c650-4cd2-9338-2eefa47aeb35');
INSERT INTO art_ping.employee_role VALUES ('4942295b-d38e-43cd-8d99-4399d08913a9', '0492f9c5-0b23-46c3-a435-691547b39086', 'e7051ffa-0edb-4ac7-84ed-12c1d3b2b5f8');
INSERT INTO art_ping.employee_role VALUES ('d77586a1-2025-49f5-8bf2-d3f6c9c354ec', '0492f9c5-0b23-46c3-a435-691547b39086', 'eea13552-ad24-4165-bce4-f1b22776739c');
INSERT INTO art_ping.employee (id, first_name, last_name, office_id, user_id, leave_date, updated, login, email, calendar_id) VALUES ('475abc23-901a-43ed-be8b-ecb5ff7ac4c5', 'employeeName173', 'employeeLastName173', '4b6328a5-8d34-4708-9f3b-be8ff4c78102', 'bcb584fa-dbb1-44e0-9d90-26552c36bee4', null, '2021-12-23T15:57:56.180331800', 'testUser173', 'employee173@em.com', 'cd21ba88-d073-4a67-a7c0-5eaef8b85809');
INSERT INTO art_ping.employee_role VALUES ('cce69778-dcd4-4503-99bf-dbc9cda34eec', '475abc23-901a-43ed-be8b-ecb5ff7ac4c5', '992e5c70-7b14-44ae-b2fc-d0c884659841');
INSERT INTO art_ping.employee_role VALUES ('70aa435b-a06d-4a0e-b3a3-d25cae94717d', '475abc23-901a-43ed-be8b-ecb5ff7ac4c5', '9f4932a6-c650-4cd2-9338-2eefa47aeb35');
INSERT INTO art_ping.employee_role VALUES ('839ed242-c064-4dd4-b25d-03aa2c41de15', '475abc23-901a-43ed-be8b-ecb5ff7ac4c5', 'eea13552-ad24-4165-bce4-f1b22776739c');
INSERT INTO art_ping.employee (id, first_name, last_name, office_id, user_id, leave_date, updated, login, email, calendar_id) VALUES ('833f10ad-97d4-43ed-ade5-8b0a843aabbf', 'employeeName174', 'employeeLastName174', '83376007-5a80-45a2-8ca8-075c0dc9b06d', '18584a3a-11b1-4cc5-969b-74119c7d41ad', null, '2021-12-23T15:57:56.180331800', 'testUser174', 'employee174@em.com', '0d7171bd-533b-42d4-81b6-b83f59151ca6');
INSERT INTO art_ping.employee_role VALUES ('65e7e911-06c4-4732-ac97-aeb1a39fc44a', '833f10ad-97d4-43ed-ade5-8b0a843aabbf', '5b204bc5-6430-4939-aa23-17b1482c6d98');
INSERT INTO art_ping.employee_role VALUES ('809f38a3-f48c-4bf0-a5aa-eb9f9831a379', '833f10ad-97d4-43ed-ade5-8b0a843aabbf', 'e7051ffa-0edb-4ac7-84ed-12c1d3b2b5f8');
INSERT INTO art_ping.employee_role VALUES ('9f8704de-84bd-4620-855b-052c084a32de', '833f10ad-97d4-43ed-ade5-8b0a843aabbf', 'eea13552-ad24-4165-bce4-f1b22776739c');
INSERT INTO art_ping.employee (id, first_name, last_name, office_id, user_id, leave_date, updated, login, email, calendar_id) VALUES ('e86f1abf-c2c7-4e09-a287-28e6bc3e35fb', 'employeeName175', 'employeeLastName175', 'd5d8ae97-4dcc-44ac-a549-6c7e45728e60', '8eeee2b6-9975-4076-af52-fe0a74b887d3', null, '2021-12-23T15:57:56.180331800', 'testUser175', 'employee175@em.com', '005f8dc7-725b-4ee4-83ab-d907b9988944');
INSERT INTO art_ping.employee_role VALUES ('129dfcda-fa84-4581-aac3-1c95351478cf', 'e86f1abf-c2c7-4e09-a287-28e6bc3e35fb', '5b204bc5-6430-4939-aa23-17b1482c6d98');
INSERT INTO art_ping.employee_role VALUES ('d7252650-279e-4995-bb53-3bceff7394ce', 'e86f1abf-c2c7-4e09-a287-28e6bc3e35fb', 'eea13552-ad24-4165-bce4-f1b22776739c');
INSERT INTO art_ping.employee (id, first_name, last_name, office_id, user_id, leave_date, updated, login, email, calendar_id) VALUES ('f8c6fc9b-5a6e-41da-a329-b2510034e3c6', 'employeeName176', 'employeeLastName176', '41f4ff5b-099f-46f9-969a-749a5e7de5f1', '139ac6c5-f2b9-47d2-9887-b8851a9a0364', null, '2021-12-23T15:57:56.181331900', 'testUser176', 'employee176@em.com', 'f83e41d6-04f0-4b04-b4f1-949c46b31d00');
INSERT INTO art_ping.employee_role VALUES ('115ad827-ae56-40c6-83bd-b2f39b51e348', 'f8c6fc9b-5a6e-41da-a329-b2510034e3c6', '992e5c70-7b14-44ae-b2fc-d0c884659841');
INSERT INTO art_ping.employee_role VALUES ('b73dc53f-e793-4db8-83d7-51932b0bacfa', 'f8c6fc9b-5a6e-41da-a329-b2510034e3c6', '9f4932a6-c650-4cd2-9338-2eefa47aeb35');
INSERT INTO art_ping.employee_role VALUES ('0c32ebd2-4c94-4e32-991b-70fabd8020ab', 'f8c6fc9b-5a6e-41da-a329-b2510034e3c6', 'e7051ffa-0edb-4ac7-84ed-12c1d3b2b5f8');
INSERT INTO art_ping.employee_role VALUES ('d7a5f3fa-aeda-4045-ad75-9a36c0eb88a0', 'f8c6fc9b-5a6e-41da-a329-b2510034e3c6', 'eea13552-ad24-4165-bce4-f1b22776739c');
INSERT INTO art_ping.employee (id, first_name, last_name, office_id, user_id, leave_date, updated, login, email, calendar_id) VALUES ('f4db3270-810e-4611-a75e-8e055a8e8784', 'employeeName177', 'employeeLastName177', 'a9365a07-b379-4ce2-b419-cc22ad4c4e86', 'cbe1faf3-ef54-48d2-9eca-0d4e35acc2f9', null, '2021-12-23T15:57:56.181331900', 'testUser177', 'employee177@em.com', '5a3150d1-0daf-45c3-81b2-90d6309551af');
INSERT INTO art_ping.employee_role VALUES ('44798f1f-8493-4eb2-ac9d-6f808a581b6c', 'f4db3270-810e-4611-a75e-8e055a8e8784', '992e5c70-7b14-44ae-b2fc-d0c884659841');
INSERT INTO art_ping.employee_role VALUES ('b4c85262-c7fb-4007-a556-a7f5ea3dc13b', 'f4db3270-810e-4611-a75e-8e055a8e8784', 'eea13552-ad24-4165-bce4-f1b22776739c');
INSERT INTO art_ping.employee (id, first_name, last_name, office_id, user_id, leave_date, updated, login, email, calendar_id) VALUES ('3b2a40d0-1670-4a18-940d-bd37a4123361', 'employeeName178', 'employeeLastName178', '83835ef9-8993-45b1-8d9c-d9b1df87e798', 'c5d410dd-fdb9-4507-9245-2c1854ce6c3f', null, '2021-12-23T15:57:56.181331900', 'testUser178', 'employee178@em.com', 'cdce9691-aa7a-4610-8b37-8d2c9209c72d');
INSERT INTO art_ping.employee_role VALUES ('890707a2-c595-43b4-a700-6a47ab609893', '3b2a40d0-1670-4a18-940d-bd37a4123361', '9f4932a6-c650-4cd2-9338-2eefa47aeb35');
INSERT INTO art_ping.employee_role VALUES ('66403df8-206b-4f1f-8683-ce1a3be075a9', '3b2a40d0-1670-4a18-940d-bd37a4123361', 'e7051ffa-0edb-4ac7-84ed-12c1d3b2b5f8');
INSERT INTO art_ping.employee_role VALUES ('0053fb87-6753-4940-b3bf-3a4dc88964f2', '3b2a40d0-1670-4a18-940d-bd37a4123361', 'eea13552-ad24-4165-bce4-f1b22776739c');
INSERT INTO art_ping.employee (id, first_name, last_name, office_id, user_id, leave_date, updated, login, email, calendar_id) VALUES ('2035cd1d-05d0-4bca-8ea4-911c82defd0b', 'employeeName179', 'employeeLastName179', 'd014cdcb-f321-4616-abfb-3bffd695ae2d', 'eb062368-3e09-487c-b1f3-90dd931e50a7', null, '2021-12-23T15:57:56.181331900', 'testUser179', 'employee179@em.com', 'f83e41d6-04f0-4b04-b4f1-949c46b31d00');
INSERT INTO art_ping.employee_role VALUES ('a4c533c1-eead-4364-b6ff-a87f7b7f77ed', '2035cd1d-05d0-4bca-8ea4-911c82defd0b', '992e5c70-7b14-44ae-b2fc-d0c884659841');
INSERT INTO art_ping.employee_role VALUES ('a64050b0-9eeb-4b0b-b2f6-2a1bb07abe02', '2035cd1d-05d0-4bca-8ea4-911c82defd0b', '5b204bc5-6430-4939-aa23-17b1482c6d98');
INSERT INTO art_ping.employee_role VALUES ('b9a5f1d8-d160-4fb8-93c3-b8be76878f62', '2035cd1d-05d0-4bca-8ea4-911c82defd0b', '9f4932a6-c650-4cd2-9338-2eefa47aeb35');
INSERT INTO art_ping.employee_role VALUES ('63feaf89-d54c-49c7-ae3d-04b63f4824cd', '2035cd1d-05d0-4bca-8ea4-911c82defd0b', 'e7051ffa-0edb-4ac7-84ed-12c1d3b2b5f8');
INSERT INTO art_ping.employee_role VALUES ('df0b9182-18aa-4498-9ee2-18ccd1c5c81b', '2035cd1d-05d0-4bca-8ea4-911c82defd0b', 'eea13552-ad24-4165-bce4-f1b22776739c');
INSERT INTO art_ping.employee (id, first_name, last_name, office_id, user_id, leave_date, updated, login, email, calendar_id) VALUES ('d4e0fce8-0226-4516-afa3-243214ffa105', 'employeeName180', 'employeeLastName180', 'e53bff0f-dcae-46c0-a892-6a99de326f0f', '4a82a507-ed27-43d5-993e-6e11555d6729', null, '2021-12-23T15:57:56.181331900', 'testUser180', 'employee180@em.com', '5d0fe03f-ed10-4373-bb72-2206c079ab4d');
INSERT INTO art_ping.employee_role VALUES ('340c87f0-ad01-444e-a3bd-f37a35191d5b', 'd4e0fce8-0226-4516-afa3-243214ffa105', '992e5c70-7b14-44ae-b2fc-d0c884659841');
INSERT INTO art_ping.employee_role VALUES ('4b3c5d88-da6e-42fb-a4f8-d6a37273dba5', 'd4e0fce8-0226-4516-afa3-243214ffa105', 'eea13552-ad24-4165-bce4-f1b22776739c');
INSERT INTO art_ping.employee (id, first_name, last_name, office_id, user_id, leave_date, updated, login, email, calendar_id) VALUES ('f127662b-6eb0-47af-ab37-589932ceb498', 'employeeName181', 'employeeLastName181', '83835ef9-8993-45b1-8d9c-d9b1df87e798', '105050d7-bde0-44a9-a919-4fbce37e55b8', null, '2021-12-23T15:57:56.181331900', 'testUser181', 'employee181@em.com', 'cdce9691-aa7a-4610-8b37-8d2c9209c72d');
INSERT INTO art_ping.employee_role VALUES ('1b3a9cae-b6a2-4050-9177-9bed0d1979fd', 'f127662b-6eb0-47af-ab37-589932ceb498', '992e5c70-7b14-44ae-b2fc-d0c884659841');
INSERT INTO art_ping.employee_role VALUES ('5d23c1a0-1bd6-49cf-b94b-6dfc78fa7cea', 'f127662b-6eb0-47af-ab37-589932ceb498', 'e7051ffa-0edb-4ac7-84ed-12c1d3b2b5f8');
INSERT INTO art_ping.employee_role VALUES ('a52bf13e-9c84-4659-a5a7-07dbc68a3194', 'f127662b-6eb0-47af-ab37-589932ceb498', 'eea13552-ad24-4165-bce4-f1b22776739c');
INSERT INTO art_ping.employee (id, first_name, last_name, office_id, user_id, leave_date, updated, login, email, calendar_id) VALUES ('899809d2-dbd7-43af-908b-6caa46258872', 'employeeName182', 'employeeLastName182', '565edd6a-7af8-4f02-a54a-05068ba22c2a', '5c1bc9ab-40b2-446a-a865-eafc0c4395e1', null, '2021-12-23T15:57:56.181331900', 'testUser182', 'employee182@em.com', 'f85b781d-f893-42df-9968-5685647133ee');
INSERT INTO art_ping.employee_role VALUES ('53614097-ae15-4e7b-a23c-056920e811e6', '899809d2-dbd7-43af-908b-6caa46258872', '992e5c70-7b14-44ae-b2fc-d0c884659841');
INSERT INTO art_ping.employee_role VALUES ('9e768b59-1151-4a86-9ecc-c06aa02e5f46', '899809d2-dbd7-43af-908b-6caa46258872', '5b204bc5-6430-4939-aa23-17b1482c6d98');
INSERT INTO art_ping.employee_role VALUES ('62b4bd4c-4136-4777-a9c2-27eea23fd0a2', '899809d2-dbd7-43af-908b-6caa46258872', 'e7051ffa-0edb-4ac7-84ed-12c1d3b2b5f8');
INSERT INTO art_ping.employee_role VALUES ('7deb04f2-25ce-4153-bcb9-f2e8e0b965f4', '899809d2-dbd7-43af-908b-6caa46258872', 'eea13552-ad24-4165-bce4-f1b22776739c');
INSERT INTO art_ping.employee (id, first_name, last_name, office_id, user_id, leave_date, updated, login, email, calendar_id) VALUES ('f4a19dcf-51f6-4782-9969-1c0850f2fa41', 'employeeName183', 'employeeLastName183', 'c757a99b-e4b6-410e-9147-b39ff24517b8', 'fbec4eac-35b5-4d32-9c85-106bbfe3da54', null, '2021-12-23T15:57:56.181331900', 'testUser183', 'employee183@em.com', '5e882683-de03-498b-99f7-8e12bc3ec1cb');
INSERT INTO art_ping.employee_role VALUES ('1e7314ce-9307-42d0-967c-a6145fe5f182', 'f4a19dcf-51f6-4782-9969-1c0850f2fa41', '992e5c70-7b14-44ae-b2fc-d0c884659841');
INSERT INTO art_ping.employee_role VALUES ('e44de7dc-1d01-47cc-8f86-c78fcb9e87b0', 'f4a19dcf-51f6-4782-9969-1c0850f2fa41', '9f4932a6-c650-4cd2-9338-2eefa47aeb35');
INSERT INTO art_ping.employee_role VALUES ('c354e5ac-040c-471b-965d-f00689ea548d', 'f4a19dcf-51f6-4782-9969-1c0850f2fa41', 'e7051ffa-0edb-4ac7-84ed-12c1d3b2b5f8');
INSERT INTO art_ping.employee_role VALUES ('dbb0a4d4-4511-4ceb-9695-ec5c633607fb', 'f4a19dcf-51f6-4782-9969-1c0850f2fa41', 'eea13552-ad24-4165-bce4-f1b22776739c');
INSERT INTO art_ping.employee (id, first_name, last_name, office_id, user_id, leave_date, updated, login, email, calendar_id) VALUES ('00289862-fe38-443f-983a-37f2c047c1bb', 'employeeName184', 'employeeLastName184', '154f93d9-7083-4ccb-8093-220412ddd376', 'aeb317b9-eef4-4298-b7e4-837ce8f16912', null, '2021-12-23T15:57:56.181331900', 'testUser184', 'employee184@em.com', '1a3e5cab-ecf1-4f1a-b2f2-d8a796f6110d');
INSERT INTO art_ping.employee_role VALUES ('b6ccbf81-078b-4208-9f82-1fb2bbc33e84', '00289862-fe38-443f-983a-37f2c047c1bb', '992e5c70-7b14-44ae-b2fc-d0c884659841');
INSERT INTO art_ping.employee_role VALUES ('0d853f02-8253-4abd-93cd-a940323a114b', '00289862-fe38-443f-983a-37f2c047c1bb', 'e7051ffa-0edb-4ac7-84ed-12c1d3b2b5f8');
INSERT INTO art_ping.employee_role VALUES ('b5eddcb7-4cf7-4e98-8d4c-0db34646bf32', '00289862-fe38-443f-983a-37f2c047c1bb', 'eea13552-ad24-4165-bce4-f1b22776739c');
INSERT INTO art_ping.employee (id, first_name, last_name, office_id, user_id, leave_date, updated, login, email, calendar_id) VALUES ('25937bae-8f8e-4ddc-a714-3e74c80fc42d', 'employeeName185', 'employeeLastName185', '02e6fd15-1be8-4b6d-94f4-770b85df4d65', '72240258-f028-49b7-9310-69480cb52cf5', null, '2021-12-23T15:57:56.181331900', 'testUser185', 'employee185@em.com', '6602d6f2-fafc-4385-8b9f-17a298f78595');
INSERT INTO art_ping.employee_role VALUES ('2c822573-b1f7-4002-9a87-de5fee2a1ed8', '25937bae-8f8e-4ddc-a714-3e74c80fc42d', '5b204bc5-6430-4939-aa23-17b1482c6d98');
INSERT INTO art_ping.employee_role VALUES ('3335e47d-65fb-4fc1-a81a-00654bb72810', '25937bae-8f8e-4ddc-a714-3e74c80fc42d', '9f4932a6-c650-4cd2-9338-2eefa47aeb35');
INSERT INTO art_ping.employee_role VALUES ('60b429b3-6d5e-4e51-b1aa-61f0696bc074', '25937bae-8f8e-4ddc-a714-3e74c80fc42d', 'e7051ffa-0edb-4ac7-84ed-12c1d3b2b5f8');
INSERT INTO art_ping.employee_role VALUES ('f69d968e-db3b-4429-ba29-dd3a83b97886', '25937bae-8f8e-4ddc-a714-3e74c80fc42d', 'eea13552-ad24-4165-bce4-f1b22776739c');
INSERT INTO art_ping.employee (id, first_name, last_name, office_id, user_id, leave_date, updated, login, email, calendar_id) VALUES ('538a87f4-a5ad-435e-8e83-fed368ab2fdf', 'employeeName186', 'employeeLastName186', '25ab10e7-b677-4367-9b6a-0beef5826c17', '337309e9-cef4-40ff-9e16-2f671a33661b', null, '2021-12-23T15:57:56.181331900', 'testUser186', 'employee186@em.com', 'ece84e5d-f32a-4165-aaeb-9c7fcf4ad087');
INSERT INTO art_ping.employee_role VALUES ('a16b8a28-9e5f-4898-bb69-8505722a24fe', '538a87f4-a5ad-435e-8e83-fed368ab2fdf', '9f4932a6-c650-4cd2-9338-2eefa47aeb35');
INSERT INTO art_ping.employee_role VALUES ('6f712d78-563f-4f14-a784-fc7daa5ec8bb', '538a87f4-a5ad-435e-8e83-fed368ab2fdf', 'eea13552-ad24-4165-bce4-f1b22776739c');
INSERT INTO art_ping.employee (id, first_name, last_name, office_id, user_id, leave_date, updated, login, email, calendar_id) VALUES ('8429609f-625a-4bd0-a20d-70f7372da498', 'employeeName187', 'employeeLastName187', '923a707e-87d5-4940-a23f-e415d42d1f09', '20840812-abe9-46cf-8a77-d2be93281dd8', null, '2021-12-23T15:57:56.181331900', 'testUser187', 'employee187@em.com', '414993a3-0e1d-4c3b-8fe5-03d8e5b8cc47');
INSERT INTO art_ping.employee_role VALUES ('c02b950a-b6c8-4454-b58e-9a887173cb34', '8429609f-625a-4bd0-a20d-70f7372da498', '5b204bc5-6430-4939-aa23-17b1482c6d98');
INSERT INTO art_ping.employee_role VALUES ('4e6d353d-797e-4e15-a61f-a4c35ee2b941', '8429609f-625a-4bd0-a20d-70f7372da498', 'eea13552-ad24-4165-bce4-f1b22776739c');
INSERT INTO art_ping.employee (id, first_name, last_name, office_id, user_id, leave_date, updated, login, email, calendar_id) VALUES ('1726dad8-71cf-4ec6-8e13-5c8750de21c8', 'employeeName188', 'employeeLastName188', '76ccd3fc-0c5b-4ab0-b3b6-c8de4146fdd2', '6bd10ac3-60ef-4d27-a0a3-31a0ff793886', null, '2021-12-23T15:57:56.181331900', 'testUser188', 'employee188@em.com', '98884dec-90c3-4401-a86e-6547cddf37b8');
INSERT INTO art_ping.employee_role VALUES ('bcba38ec-9985-410e-ac7c-0c7c608958d3', '1726dad8-71cf-4ec6-8e13-5c8750de21c8', '992e5c70-7b14-44ae-b2fc-d0c884659841');
INSERT INTO art_ping.employee_role VALUES ('30764393-6056-40d7-b94e-e28bb895f960', '1726dad8-71cf-4ec6-8e13-5c8750de21c8', 'e7051ffa-0edb-4ac7-84ed-12c1d3b2b5f8');
INSERT INTO art_ping.employee_role VALUES ('bcb839c7-d6cb-4230-abdd-9a449b7e387b', '1726dad8-71cf-4ec6-8e13-5c8750de21c8', 'eea13552-ad24-4165-bce4-f1b22776739c');
INSERT INTO art_ping.employee (id, first_name, last_name, office_id, user_id, leave_date, updated, login, email, calendar_id) VALUES ('16cf7a15-9ef3-4997-9816-57feaff4d083', 'employeeName189', 'employeeLastName189', 'cdfc4153-cbd4-409e-9afc-d49d7eafabf9', '762a62b6-3ba8-40a5-8048-8826d6a40b6e', null, '2021-12-23T15:57:56.181331900', 'testUser189', 'employee189@em.com', '23775748-0ced-4446-a6d7-d6913f30ff57');
INSERT INTO art_ping.employee_role VALUES ('817f6d12-aef8-44ef-a0b3-4d8488604205', '16cf7a15-9ef3-4997-9816-57feaff4d083', 'eea13552-ad24-4165-bce4-f1b22776739c');
INSERT INTO art_ping.employee (id, first_name, last_name, office_id, user_id, leave_date, updated, login, email, calendar_id) VALUES ('470e5ad9-7cf2-4629-9048-a8f17873018d', 'employeeName190', 'employeeLastName190', '565edd6a-7af8-4f02-a54a-05068ba22c2a', 'e92d9719-84b2-4e8e-b652-1538315a861d', null, '2021-12-23T15:57:56.181331900', 'testUser190', 'employee190@em.com', 'f85b781d-f893-42df-9968-5685647133ee');
INSERT INTO art_ping.employee_role VALUES ('1ac494ac-aba4-4089-9abc-3779c3209aaf', '470e5ad9-7cf2-4629-9048-a8f17873018d', 'eea13552-ad24-4165-bce4-f1b22776739c');
INSERT INTO art_ping.employee (id, first_name, last_name, office_id, user_id, leave_date, updated, login, email, calendar_id) VALUES ('62becc2a-b2e8-4c91-a5ba-31e279a16d9c', 'employeeName191', 'employeeLastName191', '49b766f5-1f1e-478a-95e3-89cdcad0a2fa', '5b3941d3-7dd3-4af4-96be-1418438f9085', null, '2021-12-23T15:57:56.181331900', 'testUser191', 'employee191@em.com', 'a669e8f0-dd0f-4e0d-bf3a-e16bd701feca');
INSERT INTO art_ping.employee_role VALUES ('a1488150-611d-4314-9d93-fa4d014e10f8', '62becc2a-b2e8-4c91-a5ba-31e279a16d9c', '9f4932a6-c650-4cd2-9338-2eefa47aeb35');
INSERT INTO art_ping.employee_role VALUES ('b5a60d61-cc95-408d-8644-8be832b761af', '62becc2a-b2e8-4c91-a5ba-31e279a16d9c', 'eea13552-ad24-4165-bce4-f1b22776739c');
INSERT INTO art_ping.employee (id, first_name, last_name, office_id, user_id, leave_date, updated, login, email, calendar_id) VALUES ('80544bcc-4286-4ed6-8981-323152036cde', 'employeeName192', 'employeeLastName192', 'ed608764-f5b4-4080-9641-c10de00043ee', '879abf87-5086-4b92-bcc1-d22e6e83c5bc', null, '2021-12-23T15:57:56.181331900', 'testUser192', 'employee192@em.com', 'bef94631-81a4-4874-8f09-aa1fc75cd486');
INSERT INTO art_ping.employee_role VALUES ('fbc6a0c3-4c5c-4aea-93aa-b592099d602d', '80544bcc-4286-4ed6-8981-323152036cde', 'eea13552-ad24-4165-bce4-f1b22776739c');
INSERT INTO art_ping.employee (id, first_name, last_name, office_id, user_id, leave_date, updated, login, email, calendar_id) VALUES ('5648ab49-662f-4584-9194-51d0dd974a77', 'employeeName193', 'employeeLastName193', '35d77b8a-b542-42e0-a83b-64520a4d29a1', '1f220b30-6d18-4c3f-a424-ba2dbe27859f', null, '2021-12-23T15:57:56.181331900', 'testUser193', 'employee193@em.com', 'f85b781d-f893-42df-9968-5685647133ee');
INSERT INTO art_ping.employee_role VALUES ('0535b135-3254-4fc9-919a-6e0bc97ab4f3', '5648ab49-662f-4584-9194-51d0dd974a77', '5b204bc5-6430-4939-aa23-17b1482c6d98');
INSERT INTO art_ping.employee_role VALUES ('2dc523eb-6d88-443d-b11a-1d3be2670156', '5648ab49-662f-4584-9194-51d0dd974a77', 'e7051ffa-0edb-4ac7-84ed-12c1d3b2b5f8');
INSERT INTO art_ping.employee_role VALUES ('46447ec4-6646-4af9-bf73-64bb9a01aa6c', '5648ab49-662f-4584-9194-51d0dd974a77', 'eea13552-ad24-4165-bce4-f1b22776739c');
INSERT INTO art_ping.employee (id, first_name, last_name, office_id, user_id, leave_date, updated, login, email, calendar_id) VALUES ('8f63c6e9-51e8-4f0f-a373-734a128ab4c1', 'employeeName194', 'employeeLastName194', '0ef5bd1e-e21c-4e41-92c6-51d2b3a7b81d', 'e85bb924-8719-4b4c-8850-f991bcdab5e2', null, '2021-12-23T15:57:56.181331900', 'testUser194', 'employee194@em.com', '4887c24d-fb47-4d03-a3d5-c84d4cc9d748');
INSERT INTO art_ping.employee_role VALUES ('c0dd6d46-bdcc-4604-bed9-297eefb03647', '8f63c6e9-51e8-4f0f-a373-734a128ab4c1', '992e5c70-7b14-44ae-b2fc-d0c884659841');
INSERT INTO art_ping.employee_role VALUES ('b52167c5-44b9-4e07-a59b-cb2cf5398e31', '8f63c6e9-51e8-4f0f-a373-734a128ab4c1', '5b204bc5-6430-4939-aa23-17b1482c6d98');
INSERT INTO art_ping.employee_role VALUES ('d4e001d3-2b0c-4e4f-b8ab-a1440c65319f', '8f63c6e9-51e8-4f0f-a373-734a128ab4c1', 'eea13552-ad24-4165-bce4-f1b22776739c');
INSERT INTO art_ping.employee (id, first_name, last_name, office_id, user_id, leave_date, updated, login, email, calendar_id) VALUES ('95ab0c6e-bcd2-4038-86ad-9f7fa7293f10', 'employeeName195', 'employeeLastName195', '4dcd679c-0cfe-4136-9de9-dff45310ac25', '285c8b20-05c0-4920-90dc-cfd0aa6170db', null, '2021-12-23T15:57:56.182331800', 'testUser195', 'employee195@em.com', 'bac72bd4-1f06-4610-b7e0-d68506e54a15');
INSERT INTO art_ping.employee_role VALUES ('1a27f8b0-3f51-4128-9a03-63de07677053', '95ab0c6e-bcd2-4038-86ad-9f7fa7293f10', '992e5c70-7b14-44ae-b2fc-d0c884659841');
INSERT INTO art_ping.employee_role VALUES ('90efcabe-534d-40e6-a943-ec4d1dc8e2fe', '95ab0c6e-bcd2-4038-86ad-9f7fa7293f10', '9f4932a6-c650-4cd2-9338-2eefa47aeb35');
INSERT INTO art_ping.employee_role VALUES ('b6b41e38-ec64-4133-9d1c-28f7094a730f', '95ab0c6e-bcd2-4038-86ad-9f7fa7293f10', 'eea13552-ad24-4165-bce4-f1b22776739c');
INSERT INTO art_ping.employee (id, first_name, last_name, office_id, user_id, leave_date, updated, login, email, calendar_id) VALUES ('b81ee9ec-c164-40d3-8cb0-951b23351884', 'employeeName196', 'employeeLastName196', 'afca254d-bf55-44cf-befd-06c4f78e66d7', 'fffe30b1-72e8-492b-b0e5-cf14eab33f25', null, '2021-12-23T15:57:56.182331800', 'testUser196', 'employee196@em.com', '3ca8d6d0-3ab2-4e7d-b43a-e789476d70cd');
INSERT INTO art_ping.employee_role VALUES ('e6475d1f-82b7-46d9-b055-1d0da43bc0df', 'b81ee9ec-c164-40d3-8cb0-951b23351884', '992e5c70-7b14-44ae-b2fc-d0c884659841');
INSERT INTO art_ping.employee_role VALUES ('28e3894b-9168-46e9-95c8-ae61707bf793', 'b81ee9ec-c164-40d3-8cb0-951b23351884', '5b204bc5-6430-4939-aa23-17b1482c6d98');
INSERT INTO art_ping.employee_role VALUES ('3f83c684-661e-4d0c-b29d-22f9d8170faf', 'b81ee9ec-c164-40d3-8cb0-951b23351884', '9f4932a6-c650-4cd2-9338-2eefa47aeb35');
INSERT INTO art_ping.employee_role VALUES ('dd9aef4c-833e-4689-82fb-7585c79cbf2d', 'b81ee9ec-c164-40d3-8cb0-951b23351884', 'eea13552-ad24-4165-bce4-f1b22776739c');
INSERT INTO art_ping.employee (id, first_name, last_name, office_id, user_id, leave_date, updated, login, email, calendar_id) VALUES ('4281c7b2-01a0-4154-8a50-fd49e765852b', 'employeeName197', 'employeeLastName197', '99c33af9-ca97-4c47-8c5e-7b1cb423002a', 'a1315a29-4137-4a94-95cb-bfbc13c71b34', null, '2021-12-23T15:57:56.182331800', 'testUser197', 'employee197@em.com', '4f8309e8-83d1-4eaf-9912-b667ae17a8f4');
INSERT INTO art_ping.employee_role VALUES ('98cb7bed-9a82-4d98-8206-39190d705144', '4281c7b2-01a0-4154-8a50-fd49e765852b', '992e5c70-7b14-44ae-b2fc-d0c884659841');
INSERT INTO art_ping.employee_role VALUES ('48b0ca8c-f2c6-4abf-b4df-52195f06bc72', '4281c7b2-01a0-4154-8a50-fd49e765852b', '9f4932a6-c650-4cd2-9338-2eefa47aeb35');
INSERT INTO art_ping.employee_role VALUES ('eef8e9cc-3f97-4c80-a0f2-59efe528ecab', '4281c7b2-01a0-4154-8a50-fd49e765852b', 'eea13552-ad24-4165-bce4-f1b22776739c');
INSERT INTO art_ping.employee (id, first_name, last_name, office_id, user_id, leave_date, updated, login, email, calendar_id) VALUES ('3b1768cf-f553-412f-add8-519afa8d587a', 'employeeName198', 'employeeLastName198', '575f1ddf-d760-4f22-a276-71207f5cbba7', 'c50c217d-50e1-4239-82a3-dfbd322887f1', null, '2021-12-23T15:57:56.182331800', 'testUser198', 'employee198@em.com', '982dd106-6950-49b2-b95a-27220c22ee37');
INSERT INTO art_ping.employee_role VALUES ('ff3801c1-b83f-406b-a259-65862381efdd', '3b1768cf-f553-412f-add8-519afa8d587a', '5b204bc5-6430-4939-aa23-17b1482c6d98');
INSERT INTO art_ping.employee_role VALUES ('9e41ab3a-6929-46f3-b5f9-e3a0e7186dcf', '3b1768cf-f553-412f-add8-519afa8d587a', 'eea13552-ad24-4165-bce4-f1b22776739c');
INSERT INTO art_ping.employee (id, first_name, last_name, office_id, user_id, leave_date, updated, login, email, calendar_id) VALUES ('34c4844f-74cd-480a-8c3a-696b6ae60e22', 'employeeName199', 'employeeLastName199', 'b1f71f64-45b7-448f-b083-ed2be3f9998d', '83818d84-5ae0-4c04-b9b3-16b591e3d9df', null, '2021-12-23T15:57:56.182331800', 'testUser199', 'employee199@em.com', '987a48d2-2eed-492e-adbb-718872384007');
INSERT INTO art_ping.employee_role VALUES ('9747c926-6de3-46d6-98d3-76d260c7c5f5', '34c4844f-74cd-480a-8c3a-696b6ae60e22', '5b204bc5-6430-4939-aa23-17b1482c6d98');
INSERT INTO art_ping.employee_role VALUES ('5c83b9f3-83fb-4e7d-9870-f36fc8f3f623', '34c4844f-74cd-480a-8c3a-696b6ae60e22', '9f4932a6-c650-4cd2-9338-2eefa47aeb35');
INSERT INTO art_ping.employee_role VALUES ('e19dc6c7-a44d-4ef5-b817-942b38df6fb5', '34c4844f-74cd-480a-8c3a-696b6ae60e22', 'e7051ffa-0edb-4ac7-84ed-12c1d3b2b5f8');
INSERT INTO art_ping.employee_role VALUES ('14e16062-1010-48ff-b86e-dcbdfcdb3d12', '34c4844f-74cd-480a-8c3a-696b6ae60e22', 'eea13552-ad24-4165-bce4-f1b22776739c');
INSERT INTO art_ping.employee (id, first_name, last_name, office_id, user_id, leave_date, updated, login, email, calendar_id) VALUES ('6e22ba74-d2f9-415e-8ddf-cd40f6b42f5f', 'employeeName200', 'employeeLastName200', '27ee48b3-dde0-4cdc-8839-fcc8a32e6e59', 'd905caff-3df6-47f2-91f2-412226b7b71c', null, '2021-12-23T15:57:56.182331800', 'testUser200', 'employee200@em.com', '7adf3ff0-be1c-46b4-831a-11f4faf1b392');
INSERT INTO art_ping.employee_role VALUES ('b8af6481-dd3c-4e14-a16e-b51cad7b8ddc', '6e22ba74-d2f9-415e-8ddf-cd40f6b42f5f', '5b204bc5-6430-4939-aa23-17b1482c6d98');
INSERT INTO art_ping.employee_role VALUES ('155fd17d-eec1-4de0-8b19-bd3a22f527e6', '6e22ba74-d2f9-415e-8ddf-cd40f6b42f5f', 'eea13552-ad24-4165-bce4-f1b22776739c');
INSERT INTO art_ping.employee (id, first_name, last_name, office_id, user_id, leave_date, updated, login, email, calendar_id) VALUES ('f9cbd2b4-d97d-4265-a5c3-4430f0614efa', 'employeeName201', 'employeeLastName201', '6c73dddc-ed68-4e70-bfde-0d11edec8b11', 'e34656b7-cb24-4205-862d-571c74e6d366', null, '2021-12-23T15:57:56.182331800', 'testUser201', 'employee201@em.com', '0f73303c-5a23-4777-9c8b-720a36f1b310');
INSERT INTO art_ping.employee_role VALUES ('2ece0ed2-67fd-4034-b8ff-da78115bdc93', 'f9cbd2b4-d97d-4265-a5c3-4430f0614efa', '992e5c70-7b14-44ae-b2fc-d0c884659841');
INSERT INTO art_ping.employee_role VALUES ('1f53a097-4e7e-4956-91f6-2b24afe81014', 'f9cbd2b4-d97d-4265-a5c3-4430f0614efa', 'eea13552-ad24-4165-bce4-f1b22776739c');
INSERT INTO art_ping.employee (id, first_name, last_name, office_id, user_id, leave_date, updated, login, email, calendar_id) VALUES ('5c5fca0c-c39c-4fa6-8670-2bdd13273633', 'employeeName202', 'employeeLastName202', '191b3eba-af02-46f3-b57e-383d54d29583', 'f58de610-df38-4de9-82d7-4926f0123bcf', null, '2021-12-23T15:57:56.182331800', 'testUser202', 'employee202@em.com', 'f83e41d6-04f0-4b04-b4f1-949c46b31d00');
INSERT INTO art_ping.employee_role VALUES ('084bb17b-657d-48fd-8e0e-19166b9e2c3a', '5c5fca0c-c39c-4fa6-8670-2bdd13273633', '992e5c70-7b14-44ae-b2fc-d0c884659841');
INSERT INTO art_ping.employee_role VALUES ('4b32e187-3ba7-4e96-a433-134f4453441e', '5c5fca0c-c39c-4fa6-8670-2bdd13273633', '5b204bc5-6430-4939-aa23-17b1482c6d98');
INSERT INTO art_ping.employee_role VALUES ('88bc8285-5910-474e-ab6a-835f9bc66baa', '5c5fca0c-c39c-4fa6-8670-2bdd13273633', 'e7051ffa-0edb-4ac7-84ed-12c1d3b2b5f8');
INSERT INTO art_ping.employee_role VALUES ('5139dec0-49f8-4ff2-8372-ae1282959216', '5c5fca0c-c39c-4fa6-8670-2bdd13273633', 'eea13552-ad24-4165-bce4-f1b22776739c');
INSERT INTO art_ping.employee (id, first_name, last_name, office_id, user_id, leave_date, updated, login, email, calendar_id) VALUES ('d4f81a01-d8a8-4620-9fa0-a863ffc0d9d7', 'employeeName203', 'employeeLastName203', '94d8b0ff-cc8c-4096-8749-f32ce65ee5d6', '9cf561e9-3750-4ce7-ae28-31de715b7a10', null, '2021-12-23T15:57:56.182331800', 'testUser203', 'employee203@em.com', '2f770549-a4ad-4a69-822b-3db886f9dc7f');
INSERT INTO art_ping.employee_role VALUES ('79f36c43-6c15-465d-add8-a900c4b68043', 'd4f81a01-d8a8-4620-9fa0-a863ffc0d9d7', '5b204bc5-6430-4939-aa23-17b1482c6d98');
INSERT INTO art_ping.employee_role VALUES ('07a54189-7a9e-42fe-8a73-4d8a4122baa4', 'd4f81a01-d8a8-4620-9fa0-a863ffc0d9d7', '9f4932a6-c650-4cd2-9338-2eefa47aeb35');
INSERT INTO art_ping.employee_role VALUES ('ab08d0ee-35d6-447c-a6bf-329641b67479', 'd4f81a01-d8a8-4620-9fa0-a863ffc0d9d7', 'e7051ffa-0edb-4ac7-84ed-12c1d3b2b5f8');
INSERT INTO art_ping.employee_role VALUES ('f82910f9-2b92-4f2e-8888-c6cca7216c77', 'd4f81a01-d8a8-4620-9fa0-a863ffc0d9d7', 'eea13552-ad24-4165-bce4-f1b22776739c');
INSERT INTO art_ping.employee (id, first_name, last_name, office_id, user_id, leave_date, updated, login, email, calendar_id) VALUES ('2784a9de-bfa6-432a-8db3-3c6ef96b175b', 'employeeName204', 'employeeLastName204', '2023ce3e-27fb-49d3-b19b-0fd1220b331a', '61285820-b829-4aaf-8677-50e19ab5d7e3', null, '2021-12-23T15:57:56.182331800', 'testUser204', 'employee204@em.com', 'f83e41d6-04f0-4b04-b4f1-949c46b31d00');
INSERT INTO art_ping.employee_role VALUES ('fcd95e8f-73d7-42ac-8c9c-466a2ba106ee', '2784a9de-bfa6-432a-8db3-3c6ef96b175b', 'eea13552-ad24-4165-bce4-f1b22776739c');
INSERT INTO art_ping.employee (id, first_name, last_name, office_id, user_id, leave_date, updated, login, email, calendar_id) VALUES ('229d920e-cf5b-4dfb-a8eb-29e6a6c8068f', 'employeeName205', 'employeeLastName205', '550d2c2d-741d-4ceb-bccf-d5e9e021d412', 'ec25e7eb-ab84-43f0-964c-aeabb5589a76', null, '2021-12-23T15:57:56.182331800', 'testUser205', 'employee205@em.com', '453ead52-aea1-4f91-b834-f75909f84808');
INSERT INTO art_ping.employee_role VALUES ('332b4b88-62f0-4525-bbdd-e999484d2076', '229d920e-cf5b-4dfb-a8eb-29e6a6c8068f', 'e7051ffa-0edb-4ac7-84ed-12c1d3b2b5f8');
INSERT INTO art_ping.employee_role VALUES ('49773de0-ef96-44ff-8a0a-f7a2f014cd6d', '229d920e-cf5b-4dfb-a8eb-29e6a6c8068f', 'eea13552-ad24-4165-bce4-f1b22776739c');
INSERT INTO art_ping.employee (id, first_name, last_name, office_id, user_id, leave_date, updated, login, email, calendar_id) VALUES ('64ff7b30-1b01-4f81-b183-4f9929bb9052', 'employeeName206', 'employeeLastName206', '32ac08b6-4380-402c-a3fa-e5cf955ce7f7', '98cbb75a-ad03-4173-8283-b6661a2da292', null, '2021-12-23T15:57:56.182331800', 'testUser206', 'employee206@em.com', '1efce7ca-fc5b-4e84-ab9b-e1eb6771660f');
INSERT INTO art_ping.employee_role VALUES ('6c84df1d-e445-4d63-96ec-4d3042728501', '64ff7b30-1b01-4f81-b183-4f9929bb9052', '992e5c70-7b14-44ae-b2fc-d0c884659841');
INSERT INTO art_ping.employee_role VALUES ('e5539a29-e6e7-47ca-94f4-654d6e70713b', '64ff7b30-1b01-4f81-b183-4f9929bb9052', '9f4932a6-c650-4cd2-9338-2eefa47aeb35');
INSERT INTO art_ping.employee_role VALUES ('fd7b7e1d-880d-49f5-8b2d-9bd99ec52ed3', '64ff7b30-1b01-4f81-b183-4f9929bb9052', 'e7051ffa-0edb-4ac7-84ed-12c1d3b2b5f8');
INSERT INTO art_ping.employee_role VALUES ('991cf45e-07bb-46a0-b51f-b4906abfb8df', '64ff7b30-1b01-4f81-b183-4f9929bb9052', 'eea13552-ad24-4165-bce4-f1b22776739c');
INSERT INTO art_ping.employee (id, first_name, last_name, office_id, user_id, leave_date, updated, login, email, calendar_id) VALUES ('7881231e-2a8e-4736-a3c8-68c27ddac2a1', 'employeeName207', 'employeeLastName207', '408b1964-209f-4569-a642-79852bbe5d08', 'eaab929d-d829-4ccb-bba1-16c1ca8c7864', null, '2021-12-23T15:57:56.182331800', 'testUser207', 'employee207@em.com', '774135d2-f0e3-47c2-8496-78319f1757d0');
INSERT INTO art_ping.employee_role VALUES ('9d4b35b1-9606-4aae-a959-f26881c62025', '7881231e-2a8e-4736-a3c8-68c27ddac2a1', '992e5c70-7b14-44ae-b2fc-d0c884659841');
INSERT INTO art_ping.employee_role VALUES ('d30c3387-2689-4a4f-9285-142c75a41a69', '7881231e-2a8e-4736-a3c8-68c27ddac2a1', '5b204bc5-6430-4939-aa23-17b1482c6d98');
INSERT INTO art_ping.employee_role VALUES ('023f3e10-8b2f-4f9b-9e90-dd94aa0b18b3', '7881231e-2a8e-4736-a3c8-68c27ddac2a1', 'e7051ffa-0edb-4ac7-84ed-12c1d3b2b5f8');
INSERT INTO art_ping.employee_role VALUES ('92729181-1a6c-4f1e-ad0c-72b61689b7ec', '7881231e-2a8e-4736-a3c8-68c27ddac2a1', 'eea13552-ad24-4165-bce4-f1b22776739c');
INSERT INTO art_ping.employee (id, first_name, last_name, office_id, user_id, leave_date, updated, login, email, calendar_id) VALUES ('3f80df10-2953-4b62-a570-e579a1d6357a', 'employeeName208', 'employeeLastName208', '5282bfdb-a54b-4a5a-a4b3-aa4e3b4067ec', 'd4977644-04e2-45bc-a50c-f4e1664c6cf5', null, '2021-12-23T15:57:56.182331800', 'testUser208', 'employee208@em.com', 'd7c4b3c8-6301-414d-b394-9c6ca223a4ce');
INSERT INTO art_ping.employee_role VALUES ('6a8982e8-97c1-432e-9524-8e8df3355694', '3f80df10-2953-4b62-a570-e579a1d6357a', 'e7051ffa-0edb-4ac7-84ed-12c1d3b2b5f8');
INSERT INTO art_ping.employee_role VALUES ('f94cd90c-62d5-4193-9b29-2c60ab575127', '3f80df10-2953-4b62-a570-e579a1d6357a', 'eea13552-ad24-4165-bce4-f1b22776739c');
INSERT INTO art_ping.employee (id, first_name, last_name, office_id, user_id, leave_date, updated, login, email, calendar_id) VALUES ('b7105255-b70c-429e-8686-7ba8633ebf9f', 'employeeName209', 'employeeLastName209', 'c07534a9-6bf0-45fc-b299-f8aab13c2f3e', '3d24b414-26eb-49cd-8401-0332acad9ede', null, '2021-12-23T15:57:56.182331800', 'testUser209', 'employee209@em.com', '6602d6f2-fafc-4385-8b9f-17a298f78595');
INSERT INTO art_ping.employee_role VALUES ('90d3c6eb-2464-4ba5-b085-650c52d40a65', 'b7105255-b70c-429e-8686-7ba8633ebf9f', 'e7051ffa-0edb-4ac7-84ed-12c1d3b2b5f8');
INSERT INTO art_ping.employee_role VALUES ('c2e246a7-3ab4-42e2-aa94-557b74bb2449', 'b7105255-b70c-429e-8686-7ba8633ebf9f', 'eea13552-ad24-4165-bce4-f1b22776739c');
INSERT INTO art_ping.employee (id, first_name, last_name, office_id, user_id, leave_date, updated, login, email, calendar_id) VALUES ('a547f5ea-4ebe-4601-aa11-6306914d7eaf', 'employeeName210', 'employeeLastName210', '49b766f5-1f1e-478a-95e3-89cdcad0a2fa', '38fa534c-cf90-4a6f-9d69-1e62342f05bb', null, '2021-12-23T15:57:56.182331800', 'testUser210', 'employee210@em.com', 'a669e8f0-dd0f-4e0d-bf3a-e16bd701feca');
INSERT INTO art_ping.employee_role VALUES ('90b013d0-748a-490c-878d-c5df1a524b1f', 'a547f5ea-4ebe-4601-aa11-6306914d7eaf', '992e5c70-7b14-44ae-b2fc-d0c884659841');
INSERT INTO art_ping.employee_role VALUES ('15a0efc2-3735-4cc0-8092-ba5d74bdb722', 'a547f5ea-4ebe-4601-aa11-6306914d7eaf', '9f4932a6-c650-4cd2-9338-2eefa47aeb35');
INSERT INTO art_ping.employee_role VALUES ('c9f384a7-b67e-4c5e-bd06-dec1e2ffa8d1', 'a547f5ea-4ebe-4601-aa11-6306914d7eaf', 'eea13552-ad24-4165-bce4-f1b22776739c');
INSERT INTO art_ping.employee (id, first_name, last_name, office_id, user_id, leave_date, updated, login, email, calendar_id) VALUES ('dd37a8fa-7ce0-4b01-ba47-f2a8978f690d', 'employeeName211', 'employeeLastName211', '88d6ca75-e17e-4339-b81c-99cafb421932', '78c8307f-49ab-4957-8fac-e4b4d4d4e0c4', null, '2021-12-23T15:57:56.182331800', 'testUser211', 'employee211@em.com', 'a7486ce1-a4d7-43a8-a3e9-a9bc45473eaa');
INSERT INTO art_ping.employee_role VALUES ('2122b540-a885-4ae7-9c09-b1d988ee1ea0', 'dd37a8fa-7ce0-4b01-ba47-f2a8978f690d', '992e5c70-7b14-44ae-b2fc-d0c884659841');
INSERT INTO art_ping.employee_role VALUES ('4acb5c2d-5040-4c2f-950c-54b596ee4d9c', 'dd37a8fa-7ce0-4b01-ba47-f2a8978f690d', '5b204bc5-6430-4939-aa23-17b1482c6d98');
INSERT INTO art_ping.employee_role VALUES ('5a476a39-d006-46e3-9c2f-822ba1d22f4c', 'dd37a8fa-7ce0-4b01-ba47-f2a8978f690d', '9f4932a6-c650-4cd2-9338-2eefa47aeb35');
INSERT INTO art_ping.employee_role VALUES ('be9cc272-4e29-47a9-8a5a-69d8be29ae86', 'dd37a8fa-7ce0-4b01-ba47-f2a8978f690d', 'eea13552-ad24-4165-bce4-f1b22776739c');
INSERT INTO art_ping.employee (id, first_name, last_name, office_id, user_id, leave_date, updated, login, email, calendar_id) VALUES ('51fb2ac4-8ba7-4194-b5f5-36972508e6de', 'employeeName212', 'employeeLastName212', 'c07534a9-6bf0-45fc-b299-f8aab13c2f3e', 'af48ed90-d6d4-4e37-a22e-4fef0b49f99f', null, '2021-12-23T15:57:56.182331800', 'testUser212', 'employee212@em.com', '6602d6f2-fafc-4385-8b9f-17a298f78595');
INSERT INTO art_ping.employee_role VALUES ('fa2c78e0-984c-4dd1-b185-46386171a1fa', '51fb2ac4-8ba7-4194-b5f5-36972508e6de', '5b204bc5-6430-4939-aa23-17b1482c6d98');
INSERT INTO art_ping.employee_role VALUES ('d4a27675-b0d2-4451-9fca-5926132b7c9f', '51fb2ac4-8ba7-4194-b5f5-36972508e6de', 'e7051ffa-0edb-4ac7-84ed-12c1d3b2b5f8');
INSERT INTO art_ping.employee_role VALUES ('ad491324-78e3-4d2d-8d0f-33d4bd27f9e3', '51fb2ac4-8ba7-4194-b5f5-36972508e6de', 'eea13552-ad24-4165-bce4-f1b22776739c');
INSERT INTO art_ping.employee (id, first_name, last_name, office_id, user_id, leave_date, updated, login, email, calendar_id) VALUES ('df693f88-209f-42b6-926e-457b8aeb2af9', 'employeeName213', 'employeeLastName213', '08ddb4a4-bb51-4c21-a2dc-c611bcb1f5c1', 'aec7f6c5-2408-4d10-949c-72b24e78a53a', null, '2021-12-23T15:57:56.182331800', 'testUser213', 'employee213@em.com', 'd4552982-6b20-4953-a229-ab5c109eda88');
INSERT INTO art_ping.employee_role VALUES ('b4f1c760-f4dd-4f0b-b93b-852dcb766ab1', 'df693f88-209f-42b6-926e-457b8aeb2af9', '9f4932a6-c650-4cd2-9338-2eefa47aeb35');
INSERT INTO art_ping.employee_role VALUES ('f320a1dd-c708-466e-8cd1-91c642a81bf7', 'df693f88-209f-42b6-926e-457b8aeb2af9', 'eea13552-ad24-4165-bce4-f1b22776739c');
INSERT INTO art_ping.employee (id, first_name, last_name, office_id, user_id, leave_date, updated, login, email, calendar_id) VALUES ('0e1b2f29-f490-4f75-b4c3-611ccccdd849', 'employeeName214', 'employeeLastName214', 'b5ece68f-1c80-4035-acab-f14e95e0e150', 'bbd33fb5-8e2c-4f26-948d-575b3707982f', null, '2021-12-23T15:57:56.182331800', 'testUser214', 'employee214@em.com', '611b024c-b6c6-4bf8-a1f4-2706452ffe8d');
INSERT INTO art_ping.employee_role VALUES ('e3f19408-a5c5-4f52-92f7-925dd620f330', '0e1b2f29-f490-4f75-b4c3-611ccccdd849', '5b204bc5-6430-4939-aa23-17b1482c6d98');
INSERT INTO art_ping.employee_role VALUES ('a9c15e68-9a7a-43dc-af08-72311e4b4e40', '0e1b2f29-f490-4f75-b4c3-611ccccdd849', '9f4932a6-c650-4cd2-9338-2eefa47aeb35');
INSERT INTO art_ping.employee_role VALUES ('26f94a26-5f71-4469-bd9c-19ec8713000f', '0e1b2f29-f490-4f75-b4c3-611ccccdd849', 'e7051ffa-0edb-4ac7-84ed-12c1d3b2b5f8');
INSERT INTO art_ping.employee_role VALUES ('4f9cb6bb-2157-4f17-8576-1974623709c5', '0e1b2f29-f490-4f75-b4c3-611ccccdd849', 'eea13552-ad24-4165-bce4-f1b22776739c');
INSERT INTO art_ping.employee (id, first_name, last_name, office_id, user_id, leave_date, updated, login, email, calendar_id) VALUES ('a97deb29-5516-46aa-b2d0-2ddd14fbee1d', 'employeeName215', 'employeeLastName215', 'f6d18ce3-3cc7-4546-86f5-faa889dd1d75', '2c0b6ca8-5a5d-4cf4-9255-58506081b34a', null, '2021-12-23T15:57:56.182331800', 'testUser215', 'employee215@em.com', '4ad4a8b0-be32-4038-8805-842060a2a44a');
INSERT INTO art_ping.employee_role VALUES ('6ea67968-513b-446b-b723-452ee7928f18', 'a97deb29-5516-46aa-b2d0-2ddd14fbee1d', '9f4932a6-c650-4cd2-9338-2eefa47aeb35');
INSERT INTO art_ping.employee_role VALUES ('690ba804-1910-494d-8710-def6f0d55b88', 'a97deb29-5516-46aa-b2d0-2ddd14fbee1d', 'eea13552-ad24-4165-bce4-f1b22776739c');
INSERT INTO art_ping.employee (id, first_name, last_name, office_id, user_id, leave_date, updated, login, email, calendar_id) VALUES ('9923f9ff-3d98-49be-a1a7-75f0de86dbc0', 'employeeName216', 'employeeLastName216', '6142ed64-0187-4a87-94fb-6da715f6e513', 'a41a280a-4e4c-4157-aaea-120384abe6f5', null, '2021-12-23T15:57:56.182331800', 'testUser216', 'employee216@em.com', '5d0fe03f-ed10-4373-bb72-2206c079ab4d');
INSERT INTO art_ping.employee_role VALUES ('0f99881a-0c7a-4650-bba5-674bd619a48f', '9923f9ff-3d98-49be-a1a7-75f0de86dbc0', '992e5c70-7b14-44ae-b2fc-d0c884659841');
INSERT INTO art_ping.employee_role VALUES ('bdab515c-f546-42d0-a56e-b7843f9f8c01', '9923f9ff-3d98-49be-a1a7-75f0de86dbc0', 'eea13552-ad24-4165-bce4-f1b22776739c');
INSERT INTO art_ping.employee (id, first_name, last_name, office_id, user_id, leave_date, updated, login, email, calendar_id) VALUES ('824e5eb7-7d8f-4071-a8ed-2023f126d58c', 'employeeName217', 'employeeLastName217', 'c50c06a7-a0bc-4a6f-9448-f25f3722420e', 'f5a9976f-a4fb-4c74-a253-c8a518910521', null, '2021-12-23T15:57:56.183331800', 'testUser217', 'employee217@em.com', 'df638e33-b2a7-45be-9e78-c44dd676c73c');
INSERT INTO art_ping.employee_role VALUES ('d6dc24ef-65ff-4711-ab7c-fdcd5fed3537', '824e5eb7-7d8f-4071-a8ed-2023f126d58c', '992e5c70-7b14-44ae-b2fc-d0c884659841');
INSERT INTO art_ping.employee_role VALUES ('0a268652-fdac-4d86-9c55-d7d418f539e0', '824e5eb7-7d8f-4071-a8ed-2023f126d58c', '5b204bc5-6430-4939-aa23-17b1482c6d98');
INSERT INTO art_ping.employee_role VALUES ('5c933449-5701-49da-92a8-9d768a6165f2', '824e5eb7-7d8f-4071-a8ed-2023f126d58c', '9f4932a6-c650-4cd2-9338-2eefa47aeb35');
INSERT INTO art_ping.employee_role VALUES ('e6db3c73-8047-45a3-8c75-1b3e0d37d2a3', '824e5eb7-7d8f-4071-a8ed-2023f126d58c', 'eea13552-ad24-4165-bce4-f1b22776739c');
INSERT INTO art_ping.employee (id, first_name, last_name, office_id, user_id, leave_date, updated, login, email, calendar_id) VALUES ('f6601251-90a2-4acd-a611-5087f2c59f77', 'employeeName218', 'employeeLastName218', '81e49bb0-54db-4824-95ef-7122914d5db9', '8544f292-6877-4239-b508-b4142c6818f8', null, '2021-12-23T15:57:56.183331800', 'testUser218', 'employee218@em.com', '5d0fe03f-ed10-4373-bb72-2206c079ab4d');
INSERT INTO art_ping.employee_role VALUES ('8739c392-fcd4-4157-9259-d5dafaa18ad1', 'f6601251-90a2-4acd-a611-5087f2c59f77', 'e7051ffa-0edb-4ac7-84ed-12c1d3b2b5f8');
INSERT INTO art_ping.employee_role VALUES ('73509149-26b3-4de9-93b5-0953adbce757', 'f6601251-90a2-4acd-a611-5087f2c59f77', 'eea13552-ad24-4165-bce4-f1b22776739c');
INSERT INTO art_ping.employee (id, first_name, last_name, office_id, user_id, leave_date, updated, login, email, calendar_id) VALUES ('68aca824-016e-4faa-926c-9688c6b57fc2', 'employeeName219', 'employeeLastName219', '3d32f490-0192-41f8-af4c-658dea840975', '94d9da30-4cc3-4522-979f-8b0a6c0f94bf', null, '2021-12-23T15:57:56.183331800', 'testUser219', 'employee219@em.com', 'f85375e3-ece3-447f-81a6-2931737032df');
INSERT INTO art_ping.employee_role VALUES ('1f4019db-7e39-493b-8833-4fc147023c6c', '68aca824-016e-4faa-926c-9688c6b57fc2', '9f4932a6-c650-4cd2-9338-2eefa47aeb35');
INSERT INTO art_ping.employee_role VALUES ('d61700da-2f97-4c32-835d-6f5bf8fda962', '68aca824-016e-4faa-926c-9688c6b57fc2', 'e7051ffa-0edb-4ac7-84ed-12c1d3b2b5f8');
INSERT INTO art_ping.employee_role VALUES ('8d8b4f79-c7fd-45c2-bbc4-fcd0a7341777', '68aca824-016e-4faa-926c-9688c6b57fc2', 'eea13552-ad24-4165-bce4-f1b22776739c');
INSERT INTO art_ping.employee (id, first_name, last_name, office_id, user_id, leave_date, updated, login, email, calendar_id) VALUES ('92bdf01e-cbbd-4d9f-88a5-c6fa0275dfae', 'employeeName220', 'employeeLastName220', '5c322c41-716b-4d07-923b-2eb7f71f904b', '4ff929ac-f5c8-4f60-9ead-d1e79f7b3360', null, '2021-12-23T15:57:56.183331800', 'testUser220', 'employee220@em.com', 'e31b3594-0266-4258-8e30-9d1022e4efe0');
INSERT INTO art_ping.employee_role VALUES ('a2d3d7f9-f917-498c-8517-6dc65ed16ab4', '92bdf01e-cbbd-4d9f-88a5-c6fa0275dfae', '9f4932a6-c650-4cd2-9338-2eefa47aeb35');
INSERT INTO art_ping.employee_role VALUES ('95124c0f-d1a7-430c-833a-85a67a120fc0', '92bdf01e-cbbd-4d9f-88a5-c6fa0275dfae', 'eea13552-ad24-4165-bce4-f1b22776739c');
INSERT INTO art_ping.employee (id, first_name, last_name, office_id, user_id, leave_date, updated, login, email, calendar_id) VALUES ('51354a6d-189b-4def-9c2e-83d47695307a', 'employeeName221', 'employeeLastName221', '5f6aa422-9a06-45cf-abe7-77d00808a32c', 'c9a1d3a0-018c-4e79-8fa1-912a1de262d0', null, '2021-12-23T15:57:56.183331800', 'testUser221', 'employee221@em.com', '65b30d5f-f607-43c7-8c6d-7ca7ced24c0c');
INSERT INTO art_ping.employee_role VALUES ('8f22fabc-4572-48df-8365-1617d28f217f', '51354a6d-189b-4def-9c2e-83d47695307a', '992e5c70-7b14-44ae-b2fc-d0c884659841');
INSERT INTO art_ping.employee_role VALUES ('ba75e7ed-ac1c-406a-a05a-5d73f81064d5', '51354a6d-189b-4def-9c2e-83d47695307a', '5b204bc5-6430-4939-aa23-17b1482c6d98');
INSERT INTO art_ping.employee_role VALUES ('a3992889-b24b-4906-bef1-478cd1eacaa3', '51354a6d-189b-4def-9c2e-83d47695307a', '9f4932a6-c650-4cd2-9338-2eefa47aeb35');
INSERT INTO art_ping.employee_role VALUES ('5bb6aed1-ff91-48b1-9e33-b412f43edaef', '51354a6d-189b-4def-9c2e-83d47695307a', 'eea13552-ad24-4165-bce4-f1b22776739c');
INSERT INTO art_ping.employee (id, first_name, last_name, office_id, user_id, leave_date, updated, login, email, calendar_id) VALUES ('a6790baa-fb04-4966-8a25-39972358d9b7', 'employeeName222', 'employeeLastName222', 'a0e91a61-45d3-453c-bc61-021fbeee3cd2', '3376f000-00bf-43cc-9628-6367400ed5d2', null, '2021-12-23T15:57:56.183331800', 'testUser222', 'employee222@em.com', '3ea41cd2-2e35-467b-a976-9406d9c891da');
INSERT INTO art_ping.employee_role VALUES ('25ed252c-808e-4a6d-8ff8-662b213bab1c', 'a6790baa-fb04-4966-8a25-39972358d9b7', '992e5c70-7b14-44ae-b2fc-d0c884659841');
INSERT INTO art_ping.employee_role VALUES ('62bd8f5a-b838-4fce-abab-422cb304afbf', 'a6790baa-fb04-4966-8a25-39972358d9b7', '5b204bc5-6430-4939-aa23-17b1482c6d98');
INSERT INTO art_ping.employee_role VALUES ('8b40fcab-e5e7-44bc-a391-07949eb4b977', 'a6790baa-fb04-4966-8a25-39972358d9b7', '9f4932a6-c650-4cd2-9338-2eefa47aeb35');
INSERT INTO art_ping.employee_role VALUES ('671a856e-1642-42fc-9389-2ff81f0fed6c', 'a6790baa-fb04-4966-8a25-39972358d9b7', 'e7051ffa-0edb-4ac7-84ed-12c1d3b2b5f8');
INSERT INTO art_ping.employee_role VALUES ('f0e8b189-f397-4126-befd-bd4f0f949d0f', 'a6790baa-fb04-4966-8a25-39972358d9b7', 'eea13552-ad24-4165-bce4-f1b22776739c');
INSERT INTO art_ping.employee (id, first_name, last_name, office_id, user_id, leave_date, updated, login, email, calendar_id) VALUES ('6728eb07-5841-48cf-a6e5-4acb471295e2', 'employeeName223', 'employeeLastName223', '56365ce4-d2be-4608-99fe-1463b5c93a1f', 'f7698c0f-630d-4080-a888-8f827e767c25', null, '2021-12-23T15:57:56.183331800', 'testUser223', 'employee223@em.com', '7061fcee-5c59-426b-ba35-44c82724e8b7');
INSERT INTO art_ping.employee_role VALUES ('1fcf1874-40d6-44cc-9022-fdb5818c89cb', '6728eb07-5841-48cf-a6e5-4acb471295e2', '992e5c70-7b14-44ae-b2fc-d0c884659841');
INSERT INTO art_ping.employee_role VALUES ('8a21d798-ec37-4c98-9c7a-296d0b944b63', '6728eb07-5841-48cf-a6e5-4acb471295e2', 'e7051ffa-0edb-4ac7-84ed-12c1d3b2b5f8');
INSERT INTO art_ping.employee_role VALUES ('a2c85553-dd0d-48f6-8c32-6f34f2d07ed8', '6728eb07-5841-48cf-a6e5-4acb471295e2', 'eea13552-ad24-4165-bce4-f1b22776739c');
INSERT INTO art_ping.employee (id, first_name, last_name, office_id, user_id, leave_date, updated, login, email, calendar_id) VALUES ('348e4a71-99d5-4382-a884-229d538af662', 'employeeName224', 'employeeLastName224', '46d3538f-a653-4008-ab31-15f7c64e493d', 'd344de8a-b9d2-4698-ab40-2713e0d19fa9', null, '2021-12-23T15:57:56.183331800', 'testUser224', 'employee224@em.com', 'f83e41d6-04f0-4b04-b4f1-949c46b31d00');
INSERT INTO art_ping.employee_role VALUES ('b999e5c8-36d6-425a-b81a-1eb77586bb9f', '348e4a71-99d5-4382-a884-229d538af662', '992e5c70-7b14-44ae-b2fc-d0c884659841');
INSERT INTO art_ping.employee_role VALUES ('14880782-c17a-4577-bcf7-2350125ed539', '348e4a71-99d5-4382-a884-229d538af662', '5b204bc5-6430-4939-aa23-17b1482c6d98');
INSERT INTO art_ping.employee_role VALUES ('f7c089f3-445b-44a6-84e1-58f3d6070f91', '348e4a71-99d5-4382-a884-229d538af662', '9f4932a6-c650-4cd2-9338-2eefa47aeb35');
INSERT INTO art_ping.employee_role VALUES ('21e8ad6a-b12d-4efa-a088-9e1858f6a5af', '348e4a71-99d5-4382-a884-229d538af662', 'e7051ffa-0edb-4ac7-84ed-12c1d3b2b5f8');
INSERT INTO art_ping.employee_role VALUES ('d7aa7523-88f4-4003-b08c-e15a18d12c99', '348e4a71-99d5-4382-a884-229d538af662', 'eea13552-ad24-4165-bce4-f1b22776739c');
INSERT INTO art_ping.employee (id, first_name, last_name, office_id, user_id, leave_date, updated, login, email, calendar_id) VALUES ('58f5f5c8-3b76-4e8d-ae9e-e48d2094a434', 'employeeName225', 'employeeLastName225', 'a1354792-b2d9-4e3b-a775-c9611deb75a2', '6e1b3b8b-d8ba-4e0f-a878-810459934894', null, '2021-12-23T15:57:56.183331800', 'testUser225', 'employee225@em.com', 'a75f9563-6d25-4f63-9f5c-55202d6b830f');
INSERT INTO art_ping.employee_role VALUES ('85b51d46-1135-4bf0-9b7c-37b81809af1b', '58f5f5c8-3b76-4e8d-ae9e-e48d2094a434', '5b204bc5-6430-4939-aa23-17b1482c6d98');
INSERT INTO art_ping.employee_role VALUES ('17c69535-e276-49ad-be29-f43339caa8d0', '58f5f5c8-3b76-4e8d-ae9e-e48d2094a434', 'e7051ffa-0edb-4ac7-84ed-12c1d3b2b5f8');
INSERT INTO art_ping.employee_role VALUES ('70aeec76-f89d-45eb-8564-f3e748ca69aa', '58f5f5c8-3b76-4e8d-ae9e-e48d2094a434', 'eea13552-ad24-4165-bce4-f1b22776739c');
INSERT INTO art_ping.employee (id, first_name, last_name, office_id, user_id, leave_date, updated, login, email, calendar_id) VALUES ('acf24a6a-9e8b-4edf-982c-ad62dcb4e236', 'employeeName226', 'employeeLastName226', '03d47a78-f785-4d9e-a64f-ebe9e467b89a', 'a1035ec0-bfcc-4984-aed0-1f0b377dc534', null, '2021-12-23T15:57:56.183331800', 'testUser226', 'employee226@em.com', '0cf01225-a8a0-423e-aaa4-cabdeddf233e');
INSERT INTO art_ping.employee_role VALUES ('f59bb6d5-174f-4ac6-8baf-4ec9c11b4dc0', 'acf24a6a-9e8b-4edf-982c-ad62dcb4e236', '992e5c70-7b14-44ae-b2fc-d0c884659841');
INSERT INTO art_ping.employee_role VALUES ('172e8046-2ca2-4890-b822-5a37f8388089', 'acf24a6a-9e8b-4edf-982c-ad62dcb4e236', '5b204bc5-6430-4939-aa23-17b1482c6d98');
INSERT INTO art_ping.employee_role VALUES ('21cc614f-4b63-450d-aeb0-57081cccb813', 'acf24a6a-9e8b-4edf-982c-ad62dcb4e236', '9f4932a6-c650-4cd2-9338-2eefa47aeb35');
INSERT INTO art_ping.employee_role VALUES ('c294a364-4694-44e0-8379-99f142516330', 'acf24a6a-9e8b-4edf-982c-ad62dcb4e236', 'eea13552-ad24-4165-bce4-f1b22776739c');
INSERT INTO art_ping.employee (id, first_name, last_name, office_id, user_id, leave_date, updated, login, email, calendar_id) VALUES ('568b88a7-f196-4ef3-b6b6-2f35874f331c', 'employeeName227', 'employeeLastName227', 'b31feef0-9ac9-4c9f-98f4-fb3e06b5c866', '358aab34-4883-4a23-ab58-f9c7cb23d652', null, '2021-12-23T15:57:56.183331800', 'testUser227', 'employee227@em.com', 'a75f9563-6d25-4f63-9f5c-55202d6b830f');
INSERT INTO art_ping.employee_role VALUES ('57f018a5-dbea-4485-866a-63d0f132f384', '568b88a7-f196-4ef3-b6b6-2f35874f331c', '5b204bc5-6430-4939-aa23-17b1482c6d98');
INSERT INTO art_ping.employee_role VALUES ('0a052e3f-e793-4a30-87f7-9c6cd8f4d55c', '568b88a7-f196-4ef3-b6b6-2f35874f331c', '9f4932a6-c650-4cd2-9338-2eefa47aeb35');
INSERT INTO art_ping.employee_role VALUES ('a7f2481c-7407-4c1e-addf-d50491e0045f', '568b88a7-f196-4ef3-b6b6-2f35874f331c', 'eea13552-ad24-4165-bce4-f1b22776739c');
INSERT INTO art_ping.employee (id, first_name, last_name, office_id, user_id, leave_date, updated, login, email, calendar_id) VALUES ('7f017fd4-81ac-4d7b-a32e-c28b45ceb60f', 'employeeName228', 'employeeLastName228', 'd15966c6-129f-40cc-9043-d4a8a8148780', '80fb2843-87a0-4711-b066-aec473b7485e', null, '2021-12-23T15:57:56.183331800', 'testUser228', 'employee228@em.com', '0a939078-93cc-4024-be1c-fce3e236261e');
INSERT INTO art_ping.employee_role VALUES ('0db8b41b-a1af-4022-a19c-e6fe7a442542', '7f017fd4-81ac-4d7b-a32e-c28b45ceb60f', 'e7051ffa-0edb-4ac7-84ed-12c1d3b2b5f8');
INSERT INTO art_ping.employee_role VALUES ('0f2b6a9e-0ae3-4a38-b4de-2ab55740630c', '7f017fd4-81ac-4d7b-a32e-c28b45ceb60f', 'eea13552-ad24-4165-bce4-f1b22776739c');
INSERT INTO art_ping.employee (id, first_name, last_name, office_id, user_id, leave_date, updated, login, email, calendar_id) VALUES ('8497a2ae-1393-40a2-a1aa-025047ed3835', 'employeeName229', 'employeeLastName229', '5c322c41-716b-4d07-923b-2eb7f71f904b', 'f8f551b9-deb7-47dc-9c0a-7f81f3ce4f37', null, '2021-12-23T15:57:56.183331800', 'testUser229', 'employee229@em.com', 'e31b3594-0266-4258-8e30-9d1022e4efe0');
INSERT INTO art_ping.employee_role VALUES ('bbe346e1-e1e7-414b-9761-a53be8f77d2c', '8497a2ae-1393-40a2-a1aa-025047ed3835', '9f4932a6-c650-4cd2-9338-2eefa47aeb35');
INSERT INTO art_ping.employee_role VALUES ('61b83121-02f1-4b8e-a0df-835f9fb8d173', '8497a2ae-1393-40a2-a1aa-025047ed3835', 'eea13552-ad24-4165-bce4-f1b22776739c');
INSERT INTO art_ping.employee (id, first_name, last_name, office_id, user_id, leave_date, updated, login, email, calendar_id) VALUES ('30dfa1ca-7b8d-4ff6-aad2-336b8946cd43', 'employeeName230', 'employeeLastName230', 'a43ab379-abe5-4c19-a272-c1961d580f8f', 'bc6eeca0-4bf5-48cc-b832-11314f7d46c2', null, '2021-12-23T15:57:56.183331800', 'testUser230', 'employee230@em.com', '3921a3c2-4c27-4f38-a3d7-31155177d4b4');
INSERT INTO art_ping.employee_role VALUES ('4843e1a4-cbdb-4e5b-b60b-4939895142f9', '30dfa1ca-7b8d-4ff6-aad2-336b8946cd43', 'e7051ffa-0edb-4ac7-84ed-12c1d3b2b5f8');
INSERT INTO art_ping.employee_role VALUES ('46470710-cf35-440f-9bf0-99aee55aa64e', '30dfa1ca-7b8d-4ff6-aad2-336b8946cd43', 'eea13552-ad24-4165-bce4-f1b22776739c');
INSERT INTO art_ping.employee (id, first_name, last_name, office_id, user_id, leave_date, updated, login, email, calendar_id) VALUES ('5d393e40-0dca-4fe6-9264-a2042cd888d3', 'employeeName231', 'employeeLastName231', 'a57b5b1b-0892-4283-a16a-db0edeb6c8c7', '8ce0fcd8-9744-47c9-abbe-0cb54abd81ba', null, '2021-12-23T15:57:56.183331800', 'testUser231', 'employee231@em.com', '1efce7ca-fc5b-4e84-ab9b-e1eb6771660f');
INSERT INTO art_ping.employee_role VALUES ('31e0253e-e09f-4e4f-952f-a02e93ad211a', '5d393e40-0dca-4fe6-9264-a2042cd888d3', 'e7051ffa-0edb-4ac7-84ed-12c1d3b2b5f8');
INSERT INTO art_ping.employee_role VALUES ('3f1099c3-8c69-4894-be4b-e49070680f29', '5d393e40-0dca-4fe6-9264-a2042cd888d3', 'eea13552-ad24-4165-bce4-f1b22776739c');
INSERT INTO art_ping.employee (id, first_name, last_name, office_id, user_id, leave_date, updated, login, email, calendar_id) VALUES ('ecba32ef-e3b9-4f48-b96a-d2f81f777fbb', 'employeeName232', 'employeeLastName232', '8188a203-01eb-4496-a5bc-374e81f5b8ad', '6b61724b-0ce8-474e-8bc6-804bf39cf1bd', null, '2021-12-23T15:57:56.183331800', 'testUser232', 'employee232@em.com', '98884dec-90c3-4401-a86e-6547cddf37b8');
INSERT INTO art_ping.employee_role VALUES ('4914336c-21a2-4115-8c0f-7d3d16274730', 'ecba32ef-e3b9-4f48-b96a-d2f81f777fbb', '992e5c70-7b14-44ae-b2fc-d0c884659841');
INSERT INTO art_ping.employee_role VALUES ('aeccbc68-ef22-4f67-8449-90656df5d74f', 'ecba32ef-e3b9-4f48-b96a-d2f81f777fbb', '9f4932a6-c650-4cd2-9338-2eefa47aeb35');
INSERT INTO art_ping.employee_role VALUES ('f36e0400-81e1-477e-9cf5-032b38665f61', 'ecba32ef-e3b9-4f48-b96a-d2f81f777fbb', 'e7051ffa-0edb-4ac7-84ed-12c1d3b2b5f8');
INSERT INTO art_ping.employee_role VALUES ('e7795604-3422-498e-b0c9-208e2dc1a34c', 'ecba32ef-e3b9-4f48-b96a-d2f81f777fbb', 'eea13552-ad24-4165-bce4-f1b22776739c');
INSERT INTO art_ping.employee (id, first_name, last_name, office_id, user_id, leave_date, updated, login, email, calendar_id) VALUES ('e8fa1518-3191-4982-992e-6e1f22ae0d0b', 'employeeName233', 'employeeLastName233', 'd3e0ee9d-aea3-4b6c-a432-e43ff7bcf56f', '4f03871d-62b9-4ff4-b377-07268be0eecb', null, '2021-12-23T15:57:56.183331800', 'testUser233', 'employee233@em.com', '7adf3ff0-be1c-46b4-831a-11f4faf1b392');
INSERT INTO art_ping.employee_role VALUES ('762149d0-bcff-4ff8-a1a9-f2ae692d18a3', 'e8fa1518-3191-4982-992e-6e1f22ae0d0b', '992e5c70-7b14-44ae-b2fc-d0c884659841');
INSERT INTO art_ping.employee_role VALUES ('3a770863-a78f-4469-ab6c-6a53e271ea9e', 'e8fa1518-3191-4982-992e-6e1f22ae0d0b', '5b204bc5-6430-4939-aa23-17b1482c6d98');
INSERT INTO art_ping.employee_role VALUES ('02d4a301-7ce7-4431-8742-02c57ecb18c0', 'e8fa1518-3191-4982-992e-6e1f22ae0d0b', 'eea13552-ad24-4165-bce4-f1b22776739c');
INSERT INTO art_ping.employee (id, first_name, last_name, office_id, user_id, leave_date, updated, login, email, calendar_id) VALUES ('2a60de57-a87a-4f65-b5fc-47ec38b4bfa9', 'employeeName234', 'employeeLastName234', '6daa9cc8-aeb7-4f11-8168-643aea3687f8', '5d0963ea-6a2a-428a-85a8-83c172bbc2c8', null, '2021-12-23T15:57:56.183331800', 'testUser234', 'employee234@em.com', '774135d2-f0e3-47c2-8496-78319f1757d0');
INSERT INTO art_ping.employee_role VALUES ('e9fc8f8a-e794-44bc-8e61-03b1cb4ce928', '2a60de57-a87a-4f65-b5fc-47ec38b4bfa9', '992e5c70-7b14-44ae-b2fc-d0c884659841');
INSERT INTO art_ping.employee_role VALUES ('e75f5136-2aab-47c3-b7b5-d67087dfa180', '2a60de57-a87a-4f65-b5fc-47ec38b4bfa9', 'eea13552-ad24-4165-bce4-f1b22776739c');
INSERT INTO art_ping.employee (id, first_name, last_name, office_id, user_id, leave_date, updated, login, email, calendar_id) VALUES ('b155eaf8-7e88-4d0a-992f-8ee70d8b37e5', 'employeeName235', 'employeeLastName235', '9dcc8d7b-ca00-4ea1-9e65-94b309561b32', '3b77938b-42d2-46cb-8148-112adcf49b3e', null, '2021-12-23T15:57:56.183331800', 'testUser235', 'employee235@em.com', '9ecad47a-2227-4f3d-8f7d-f1e21389be51');
INSERT INTO art_ping.employee_role VALUES ('f37b2d45-bc24-454f-a8ca-e22947136079', 'b155eaf8-7e88-4d0a-992f-8ee70d8b37e5', '992e5c70-7b14-44ae-b2fc-d0c884659841');
INSERT INTO art_ping.employee_role VALUES ('6514d764-fa21-44d6-8cec-0ba93db241b5', 'b155eaf8-7e88-4d0a-992f-8ee70d8b37e5', '5b204bc5-6430-4939-aa23-17b1482c6d98');
INSERT INTO art_ping.employee_role VALUES ('c2194a74-e046-4bf4-96d1-c96d000baa97', 'b155eaf8-7e88-4d0a-992f-8ee70d8b37e5', '9f4932a6-c650-4cd2-9338-2eefa47aeb35');
INSERT INTO art_ping.employee_role VALUES ('38c9640e-39b3-4350-80f6-95b0306f963e', 'b155eaf8-7e88-4d0a-992f-8ee70d8b37e5', 'e7051ffa-0edb-4ac7-84ed-12c1d3b2b5f8');
INSERT INTO art_ping.employee_role VALUES ('cc200a0e-1d69-4ac4-8604-2a867fa919c3', 'b155eaf8-7e88-4d0a-992f-8ee70d8b37e5', 'eea13552-ad24-4165-bce4-f1b22776739c');
INSERT INTO art_ping.employee (id, first_name, last_name, office_id, user_id, leave_date, updated, login, email, calendar_id) VALUES ('735a9cac-c943-4560-99a5-c2778ed36806', 'employeeName236', 'employeeLastName236', 'b8410fbe-75ff-4d73-bd19-5477a82848fa', '2d241ad9-c0dd-4d8b-b208-be9f24bcfc55', null, '2021-12-23T15:57:56.184332', 'testUser236', 'employee236@em.com', 'd7c4b3c8-6301-414d-b394-9c6ca223a4ce');
INSERT INTO art_ping.employee_role VALUES ('201f44b2-d56f-4064-b250-b2ca2265c4c0', '735a9cac-c943-4560-99a5-c2778ed36806', '9f4932a6-c650-4cd2-9338-2eefa47aeb35');
INSERT INTO art_ping.employee_role VALUES ('a74cb3bb-b2da-4aa3-9809-b92ffd7b1f7b', '735a9cac-c943-4560-99a5-c2778ed36806', 'eea13552-ad24-4165-bce4-f1b22776739c');
INSERT INTO art_ping.employee (id, first_name, last_name, office_id, user_id, leave_date, updated, login, email, calendar_id) VALUES ('120e9abf-1fc2-4c79-a365-77e49a1f76ed', 'employeeName237', 'employeeLastName237', '75ae830a-0f5f-45ae-ab83-ea53a218d53f', '5338fc84-90f9-441b-8654-593a53d396f1', null, '2021-12-23T15:57:56.184332', 'testUser237', 'employee237@em.com', 'a75f9563-6d25-4f63-9f5c-55202d6b830f');
INSERT INTO art_ping.employee_role VALUES ('6667788f-be6f-487d-9aea-b1cd22421719', '120e9abf-1fc2-4c79-a365-77e49a1f76ed', '5b204bc5-6430-4939-aa23-17b1482c6d98');
INSERT INTO art_ping.employee_role VALUES ('21173e66-31c4-42da-9a20-f64352c0a592', '120e9abf-1fc2-4c79-a365-77e49a1f76ed', '9f4932a6-c650-4cd2-9338-2eefa47aeb35');
INSERT INTO art_ping.employee_role VALUES ('9749d1b0-d7d6-4a8c-a253-de16f2e9e926', '120e9abf-1fc2-4c79-a365-77e49a1f76ed', 'eea13552-ad24-4165-bce4-f1b22776739c');
INSERT INTO art_ping.employee (id, first_name, last_name, office_id, user_id, leave_date, updated, login, email, calendar_id) VALUES ('55743fe3-5eb2-4bcb-a294-96956680a9f5', 'employeeName238', 'employeeLastName238', '608028df-d462-4b45-8c84-719502e737d1', '451150ed-e5ee-493e-9daf-3744b66b79fe', null, '2021-12-23T15:57:56.184332', 'testUser238', 'employee238@em.com', '0c938dfe-6bdb-4fd6-bb0a-df38a9e1ae80');
INSERT INTO art_ping.employee_role VALUES ('a7bbf326-8afa-40eb-b02b-37eadb90bcb5', '55743fe3-5eb2-4bcb-a294-96956680a9f5', '992e5c70-7b14-44ae-b2fc-d0c884659841');
INSERT INTO art_ping.employee_role VALUES ('b67831f3-d1b9-427e-85a2-f14d12304002', '55743fe3-5eb2-4bcb-a294-96956680a9f5', '9f4932a6-c650-4cd2-9338-2eefa47aeb35');
INSERT INTO art_ping.employee_role VALUES ('737b26c8-9c47-450e-9074-13ad5e44e6e9', '55743fe3-5eb2-4bcb-a294-96956680a9f5', 'e7051ffa-0edb-4ac7-84ed-12c1d3b2b5f8');
INSERT INTO art_ping.employee_role VALUES ('de6ab304-78fe-41be-9368-258a1d647bbd', '55743fe3-5eb2-4bcb-a294-96956680a9f5', 'eea13552-ad24-4165-bce4-f1b22776739c');
INSERT INTO art_ping.employee (id, first_name, last_name, office_id, user_id, leave_date, updated, login, email, calendar_id) VALUES ('96d379a2-8d90-4c59-b1b0-4f6fc45acaeb', 'employeeName239', 'employeeLastName239', '77b73bf7-1c01-4d1a-b33d-2aa16bc9957e', '075458f3-e9c2-4c37-954e-1be896f3382b', null, '2021-12-23T15:57:56.184332', 'testUser239', 'employee239@em.com', '982dd106-6950-49b2-b95a-27220c22ee37');
INSERT INTO art_ping.employee_role VALUES ('4a13d115-dc16-45b2-8116-ac22231c7b9d', '96d379a2-8d90-4c59-b1b0-4f6fc45acaeb', '992e5c70-7b14-44ae-b2fc-d0c884659841');
INSERT INTO art_ping.employee_role VALUES ('dd0f2ba9-792c-4906-9cd8-63de1ddfa1be', '96d379a2-8d90-4c59-b1b0-4f6fc45acaeb', '9f4932a6-c650-4cd2-9338-2eefa47aeb35');
INSERT INTO art_ping.employee_role VALUES ('9e6ff0f6-ccbf-44df-810b-e3f022474fd3', '96d379a2-8d90-4c59-b1b0-4f6fc45acaeb', 'eea13552-ad24-4165-bce4-f1b22776739c');
INSERT INTO art_ping.employee (id, first_name, last_name, office_id, user_id, leave_date, updated, login, email, calendar_id) VALUES ('a1d05cee-811f-4a34-8cba-326090f3ec2c', 'employeeName240', 'employeeLastName240', '608028df-d462-4b45-8c84-719502e737d1', '0aaf161b-1cd2-4069-88b7-25d6ba19c9cb', null, '2021-12-23T15:57:56.184332', 'testUser240', 'employee240@em.com', '0c938dfe-6bdb-4fd6-bb0a-df38a9e1ae80');
INSERT INTO art_ping.employee_role VALUES ('43a632b8-484e-465a-8405-5045796da40f', 'a1d05cee-811f-4a34-8cba-326090f3ec2c', '9f4932a6-c650-4cd2-9338-2eefa47aeb35');
INSERT INTO art_ping.employee_role VALUES ('420f31cc-381c-4357-bba6-c5f642c9764b', 'a1d05cee-811f-4a34-8cba-326090f3ec2c', 'e7051ffa-0edb-4ac7-84ed-12c1d3b2b5f8');
INSERT INTO art_ping.employee_role VALUES ('9324f706-7eaf-4e6e-a2b7-e69dde14e4c8', 'a1d05cee-811f-4a34-8cba-326090f3ec2c', 'eea13552-ad24-4165-bce4-f1b22776739c');
INSERT INTO art_ping.employee (id, first_name, last_name, office_id, user_id, leave_date, updated, login, email, calendar_id) VALUES ('b661d5fb-e6f6-4bb7-8f3b-415d1edfda19', 'employeeName241', 'employeeLastName241', '90a43a38-2343-4505-963a-ca2e26b7c5e2', '5504c3b2-3b64-4623-bfff-5b384d01a8fb', null, '2021-12-23T15:57:56.184332', 'testUser241', 'employee241@em.com', '4d1c6b46-b965-439f-9fcc-0e45453ba2b6');
INSERT INTO art_ping.employee_role VALUES ('404e86bb-12b6-4264-88ca-93249deb3841', 'b661d5fb-e6f6-4bb7-8f3b-415d1edfda19', '992e5c70-7b14-44ae-b2fc-d0c884659841');
INSERT INTO art_ping.employee_role VALUES ('73a16d29-3ff3-4694-a027-18c62b32f31c', 'b661d5fb-e6f6-4bb7-8f3b-415d1edfda19', 'e7051ffa-0edb-4ac7-84ed-12c1d3b2b5f8');
INSERT INTO art_ping.employee_role VALUES ('3f4e4e00-7a9e-4c68-a02f-8d59b83ec20f', 'b661d5fb-e6f6-4bb7-8f3b-415d1edfda19', 'eea13552-ad24-4165-bce4-f1b22776739c');
INSERT INTO art_ping.employee (id, first_name, last_name, office_id, user_id, leave_date, updated, login, email, calendar_id) VALUES ('a7a3b462-8533-4f6d-aad0-7f1e1fff2f19', 'employeeName242', 'employeeLastName242', 'b8ad9f27-b217-4bf8-a78f-65a305d4d3b3', '7749e9cb-1293-428d-b2a6-66a00261489a', null, '2021-12-23T15:57:56.184332', 'testUser242', 'employee242@em.com', '4e8599db-4282-47bf-8d07-a9a0f4be8445');
INSERT INTO art_ping.employee_role VALUES ('0475575d-a426-4393-aa63-6dac2d5740c3', 'a7a3b462-8533-4f6d-aad0-7f1e1fff2f19', '9f4932a6-c650-4cd2-9338-2eefa47aeb35');
INSERT INTO art_ping.employee_role VALUES ('a49fbf02-73da-4648-9e76-83f8e6e59cbf', 'a7a3b462-8533-4f6d-aad0-7f1e1fff2f19', 'e7051ffa-0edb-4ac7-84ed-12c1d3b2b5f8');
INSERT INTO art_ping.employee_role VALUES ('8946002d-0328-4c39-8bae-89525ad1af36', 'a7a3b462-8533-4f6d-aad0-7f1e1fff2f19', 'eea13552-ad24-4165-bce4-f1b22776739c');
INSERT INTO art_ping.employee (id, first_name, last_name, office_id, user_id, leave_date, updated, login, email, calendar_id) VALUES ('1fb437d1-aaee-4ed1-bb2c-362b015589fd', 'employeeName243', 'employeeLastName243', '65aa87e6-ab82-4966-a59e-58fa6c221694', '436aff8a-212a-464b-90b2-8339f7431936', null, '2021-12-23T15:57:56.184332', 'testUser243', 'employee243@em.com', '4f6093ac-29bf-457b-9d82-0d7d7c2f089f');
INSERT INTO art_ping.employee_role VALUES ('153f2f83-6a8d-4d3f-8663-f4d5a6e7ad8f', '1fb437d1-aaee-4ed1-bb2c-362b015589fd', '992e5c70-7b14-44ae-b2fc-d0c884659841');
INSERT INTO art_ping.employee_role VALUES ('05a69000-6e47-412d-8815-ac51a14088a0', '1fb437d1-aaee-4ed1-bb2c-362b015589fd', '5b204bc5-6430-4939-aa23-17b1482c6d98');
INSERT INTO art_ping.employee_role VALUES ('7cbfc47e-0828-4633-a129-36fc233d369e', '1fb437d1-aaee-4ed1-bb2c-362b015589fd', '9f4932a6-c650-4cd2-9338-2eefa47aeb35');
INSERT INTO art_ping.employee_role VALUES ('862bfac2-054b-40ef-b50d-def2f19427e0', '1fb437d1-aaee-4ed1-bb2c-362b015589fd', 'eea13552-ad24-4165-bce4-f1b22776739c');
INSERT INTO art_ping.employee (id, first_name, last_name, office_id, user_id, leave_date, updated, login, email, calendar_id) VALUES ('ab1f7d61-0802-4f98-b750-405e293c8568', 'employeeName244', 'employeeLastName244', '46ea5f4a-40ea-470a-8690-f0c475b1e5e7', 'ff240e2d-b878-4a0c-bc52-4d492364590b', null, '2021-12-23T15:57:56.184332', 'testUser244', 'employee244@em.com', '65b30d5f-f607-43c7-8c6d-7ca7ced24c0c');
INSERT INTO art_ping.employee_role VALUES ('437691f2-2315-49f3-acc4-b49832793572', 'ab1f7d61-0802-4f98-b750-405e293c8568', '992e5c70-7b14-44ae-b2fc-d0c884659841');
INSERT INTO art_ping.employee_role VALUES ('a3905afa-e7db-45f9-931a-4fa02b298be1', 'ab1f7d61-0802-4f98-b750-405e293c8568', 'eea13552-ad24-4165-bce4-f1b22776739c');
INSERT INTO art_ping.employee (id, first_name, last_name, office_id, user_id, leave_date, updated, login, email, calendar_id) VALUES ('87d80911-91e5-44ff-977f-6c6720cd4d13', 'employeeName245', 'employeeLastName245', 'c50c06a7-a0bc-4a6f-9448-f25f3722420e', 'd9f7f980-7342-4f84-beb7-3641f56917c0', null, '2021-12-23T15:57:56.184332', 'testUser245', 'employee245@em.com', 'df638e33-b2a7-45be-9e78-c44dd676c73c');
INSERT INTO art_ping.employee_role VALUES ('b9a14656-2537-4918-a60e-45f259aa6fd1', '87d80911-91e5-44ff-977f-6c6720cd4d13', '992e5c70-7b14-44ae-b2fc-d0c884659841');
INSERT INTO art_ping.employee_role VALUES ('7aec2bb3-f64a-4d4d-8ea4-6d50bf40b997', '87d80911-91e5-44ff-977f-6c6720cd4d13', '5b204bc5-6430-4939-aa23-17b1482c6d98');
INSERT INTO art_ping.employee_role VALUES ('b06e794c-1099-427f-b654-4e7e5349a173', '87d80911-91e5-44ff-977f-6c6720cd4d13', '9f4932a6-c650-4cd2-9338-2eefa47aeb35');
INSERT INTO art_ping.employee_role VALUES ('a84136f0-d4ea-4785-b0af-34cc3fc700d0', '87d80911-91e5-44ff-977f-6c6720cd4d13', 'eea13552-ad24-4165-bce4-f1b22776739c');
INSERT INTO art_ping.employee (id, first_name, last_name, office_id, user_id, leave_date, updated, login, email, calendar_id) VALUES ('9156f9a1-04af-4de0-93d1-bea2aacb4812', 'employeeName246', 'employeeLastName246', '833ab0c4-af02-4d67-a0ab-7870bcdc7a4b', 'e4641934-b747-410b-8b1e-8ac5dff1ecfe', null, '2021-12-23T15:57:56.184332', 'testUser246', 'employee246@em.com', 'ece84e5d-f32a-4165-aaeb-9c7fcf4ad087');
INSERT INTO art_ping.employee_role VALUES ('19ff127a-8d34-4cd1-ba39-314b9de6b844', '9156f9a1-04af-4de0-93d1-bea2aacb4812', '5b204bc5-6430-4939-aa23-17b1482c6d98');
INSERT INTO art_ping.employee_role VALUES ('4756ffc3-ce13-402a-a9f6-d74cc19f9694', '9156f9a1-04af-4de0-93d1-bea2aacb4812', '9f4932a6-c650-4cd2-9338-2eefa47aeb35');
INSERT INTO art_ping.employee_role VALUES ('2781d238-850e-4e3d-a298-49755e45c613', '9156f9a1-04af-4de0-93d1-bea2aacb4812', 'e7051ffa-0edb-4ac7-84ed-12c1d3b2b5f8');
INSERT INTO art_ping.employee_role VALUES ('8fe96f73-7fe6-4eff-877d-1c8bfdf23d88', '9156f9a1-04af-4de0-93d1-bea2aacb4812', 'eea13552-ad24-4165-bce4-f1b22776739c');
INSERT INTO art_ping.employee (id, first_name, last_name, office_id, user_id, leave_date, updated, login, email, calendar_id) VALUES ('4d14143a-4934-49e3-a791-a4ae03ae5170', 'employeeName247', 'employeeLastName247', 'd3997f77-241d-4e12-94a3-d24648977391', '5a4cd21f-a71f-40b1-b37f-05afca2671db', null, '2021-12-23T15:57:56.184332', 'testUser247', 'employee247@em.com', '7061fcee-5c59-426b-ba35-44c82724e8b7');
INSERT INTO art_ping.employee_role VALUES ('1b99853c-b5c2-4a22-b4dd-e12d9f75e698', '4d14143a-4934-49e3-a791-a4ae03ae5170', '5b204bc5-6430-4939-aa23-17b1482c6d98');
INSERT INTO art_ping.employee_role VALUES ('ac4acd1a-7e7c-4b81-a72d-5f24706c2d47', '4d14143a-4934-49e3-a791-a4ae03ae5170', '9f4932a6-c650-4cd2-9338-2eefa47aeb35');
INSERT INTO art_ping.employee_role VALUES ('6519e929-b437-4e78-a44b-41b883387300', '4d14143a-4934-49e3-a791-a4ae03ae5170', 'e7051ffa-0edb-4ac7-84ed-12c1d3b2b5f8');
INSERT INTO art_ping.employee_role VALUES ('1503edd0-e14a-4b4b-b78f-b7d3eb0568bf', '4d14143a-4934-49e3-a791-a4ae03ae5170', 'eea13552-ad24-4165-bce4-f1b22776739c');
INSERT INTO art_ping.employee (id, first_name, last_name, office_id, user_id, leave_date, updated, login, email, calendar_id) VALUES ('8dacf61c-b38d-4d75-ac11-962a97226013', 'employeeName248', 'employeeLastName248', '0ef5bd1e-e21c-4e41-92c6-51d2b3a7b81d', 'd624afde-38f1-4193-b84e-5bf7b760dc7a', null, '2021-12-23T15:57:56.184332', 'testUser248', 'employee248@em.com', '4887c24d-fb47-4d03-a3d5-c84d4cc9d748');
INSERT INTO art_ping.employee_role VALUES ('1af72082-a7ee-4ca0-9d3b-d7378ef0c224', '8dacf61c-b38d-4d75-ac11-962a97226013', '9f4932a6-c650-4cd2-9338-2eefa47aeb35');
INSERT INTO art_ping.employee_role VALUES ('aeafcfb8-f0f9-4a08-8a94-62933caea980', '8dacf61c-b38d-4d75-ac11-962a97226013', 'eea13552-ad24-4165-bce4-f1b22776739c');
INSERT INTO art_ping.employee (id, first_name, last_name, office_id, user_id, leave_date, updated, login, email, calendar_id) VALUES ('f13996b1-1d4e-4031-b848-4d38e070ae36', 'employeeName249', 'employeeLastName249', '069b73bd-3ecc-4a42-b4d9-dde51cf61ca1', 'f7672318-ed43-4c53-9a4a-50f552586a1e', null, '2021-12-23T15:57:56.184332', 'testUser249', 'employee249@em.com', '72be929c-8187-459f-a698-1a08fa9a158b');
INSERT INTO art_ping.employee_role VALUES ('b35e8f11-4306-420c-8f70-72a325431b72', 'f13996b1-1d4e-4031-b848-4d38e070ae36', '5b204bc5-6430-4939-aa23-17b1482c6d98');
INSERT INTO art_ping.employee_role VALUES ('35ce4e74-83ed-4c67-9a3b-692856fda588', 'f13996b1-1d4e-4031-b848-4d38e070ae36', 'eea13552-ad24-4165-bce4-f1b22776739c');
INSERT INTO art_ping.employee (id, first_name, last_name, office_id, user_id, leave_date, updated, login, email, calendar_id) VALUES ('eb489be1-3357-4723-b5af-b7833e1e9da2', 'employeeName250', 'employeeLastName250', 'db0fcc20-9df0-47e7-91cf-0b3967114efb', '2662cc9d-7670-40cc-aadf-86791dc8a6b9', null, '2021-12-23T15:57:56.184332', 'testUser250', 'employee250@em.com', 'a669e8f0-dd0f-4e0d-bf3a-e16bd701feca');
INSERT INTO art_ping.employee_role VALUES ('1f77e5fa-32d5-4e81-8315-01e1fee4e4b7', 'eb489be1-3357-4723-b5af-b7833e1e9da2', '992e5c70-7b14-44ae-b2fc-d0c884659841');
INSERT INTO art_ping.employee_role VALUES ('2f531723-b721-45ee-81dc-0dfb3f9db9d5', 'eb489be1-3357-4723-b5af-b7833e1e9da2', 'eea13552-ad24-4165-bce4-f1b22776739c');
INSERT INTO art_ping.employee (id, first_name, last_name, office_id, user_id, leave_date, updated, login, email, calendar_id) VALUES ('328230d3-b9ac-4810-bfb0-ab9ee61c5e50', 'employeeName251', 'employeeLastName251', 'a68c155d-9c90-4d40-82b4-930f52d0a7eb', 'fc689a5e-6d70-412b-b619-90f48bedf6a4', null, '2021-12-23T15:57:56.184332', 'testUser251', 'employee251@em.com', 'bef94631-81a4-4874-8f09-aa1fc75cd486');
INSERT INTO art_ping.employee_role VALUES ('c2bc5aa7-6ac5-425b-ba80-a47f2fd36a5a', '328230d3-b9ac-4810-bfb0-ab9ee61c5e50', '5b204bc5-6430-4939-aa23-17b1482c6d98');
INSERT INTO art_ping.employee_role VALUES ('698c559a-c8d2-43f3-af96-30247c50b9d6', '328230d3-b9ac-4810-bfb0-ab9ee61c5e50', '9f4932a6-c650-4cd2-9338-2eefa47aeb35');
INSERT INTO art_ping.employee_role VALUES ('a3024fbc-f89a-4075-b287-d88a562f5fed', '328230d3-b9ac-4810-bfb0-ab9ee61c5e50', 'e7051ffa-0edb-4ac7-84ed-12c1d3b2b5f8');
INSERT INTO art_ping.employee_role VALUES ('2f60c369-ebb5-43d4-b045-348187c37983', '328230d3-b9ac-4810-bfb0-ab9ee61c5e50', 'eea13552-ad24-4165-bce4-f1b22776739c');
INSERT INTO art_ping.employee (id, first_name, last_name, office_id, user_id, leave_date, updated, login, email, calendar_id) VALUES ('ff254c8a-c3a5-46f1-a717-c55e3c5e8680', 'employeeName252', 'employeeLastName252', 'd014cdcb-f321-4616-abfb-3bffd695ae2d', 'e4eea931-4036-4aba-9728-dd39b8dc4cfd', null, '2021-12-23T15:57:56.184332', 'testUser252', 'employee252@em.com', 'f83e41d6-04f0-4b04-b4f1-949c46b31d00');
INSERT INTO art_ping.employee_role VALUES ('757045ec-5e27-4078-a920-ab7e168f547b', 'ff254c8a-c3a5-46f1-a717-c55e3c5e8680', '992e5c70-7b14-44ae-b2fc-d0c884659841');
INSERT INTO art_ping.employee_role VALUES ('85962ca7-65f6-473a-aee2-f2fda2b5d215', 'ff254c8a-c3a5-46f1-a717-c55e3c5e8680', '5b204bc5-6430-4939-aa23-17b1482c6d98');
INSERT INTO art_ping.employee_role VALUES ('7c30cbde-1387-49d2-9d56-f66e41027ec5', 'ff254c8a-c3a5-46f1-a717-c55e3c5e8680', '9f4932a6-c650-4cd2-9338-2eefa47aeb35');
INSERT INTO art_ping.employee_role VALUES ('655cfea9-5ae4-4e5a-83e1-1fa0d11c2fbe', 'ff254c8a-c3a5-46f1-a717-c55e3c5e8680', 'e7051ffa-0edb-4ac7-84ed-12c1d3b2b5f8');
INSERT INTO art_ping.employee_role VALUES ('61922f51-c025-4c71-b2c6-05388848d39a', 'ff254c8a-c3a5-46f1-a717-c55e3c5e8680', 'eea13552-ad24-4165-bce4-f1b22776739c');
INSERT INTO art_ping.employee (id, first_name, last_name, office_id, user_id, leave_date, updated, login, email, calendar_id) VALUES ('318db25a-3b1d-4fa4-ad56-98a5dcd56271', 'employeeName253', 'employeeLastName253', '2581806d-09f9-4a12-9631-e0d9b1896867', '75abc360-cc07-4520-b844-88ae4c04d96e', null, '2021-12-23T15:57:56.184332', 'testUser253', 'employee253@em.com', '4e8599db-4282-47bf-8d07-a9a0f4be8445');
INSERT INTO art_ping.employee_role VALUES ('8d172556-5ac3-46d3-bb2d-c3deced41230', '318db25a-3b1d-4fa4-ad56-98a5dcd56271', 'eea13552-ad24-4165-bce4-f1b22776739c');
INSERT INTO art_ping.employee (id, first_name, last_name, office_id, user_id, leave_date, updated, login, email, calendar_id) VALUES ('47f45c62-b0ab-4f70-b60b-71c1f078dbe5', 'employeeName254', 'employeeLastName254', '94803b95-7500-4bb3-bf94-5d484afb4aba', 'da7f07c9-b00f-4e00-8ceb-0dfc6b50890d', null, '2021-12-23T15:57:56.184332', 'testUser254', 'employee254@em.com', '5a3150d1-0daf-45c3-81b2-90d6309551af');
INSERT INTO art_ping.employee_role VALUES ('0e787fb5-3e98-47bb-93c5-3e864cd729ca', '47f45c62-b0ab-4f70-b60b-71c1f078dbe5', '5b204bc5-6430-4939-aa23-17b1482c6d98');
INSERT INTO art_ping.employee_role VALUES ('f36b9831-238b-4b50-a77d-47774ba35c99', '47f45c62-b0ab-4f70-b60b-71c1f078dbe5', 'e7051ffa-0edb-4ac7-84ed-12c1d3b2b5f8');
INSERT INTO art_ping.employee_role VALUES ('f3206f3b-7e59-4166-8c03-24962b07c0c8', '47f45c62-b0ab-4f70-b60b-71c1f078dbe5', 'eea13552-ad24-4165-bce4-f1b22776739c');
INSERT INTO art_ping.employee (id, first_name, last_name, office_id, user_id, leave_date, updated, login, email, calendar_id) VALUES ('20b3ccfd-5ab0-4f4c-814e-830f32b570ff', 'employeeName255', 'employeeLastName255', '94a23403-602e-4a56-921e-c4f5c409a428', '2037c3b0-2be8-4266-8955-817b4ce1800d', null, '2021-12-23T15:57:56.184332', 'testUser255', 'employee255@em.com', '5733cf63-c111-4b7e-b3c6-b2db6beecb07');
INSERT INTO art_ping.employee_role VALUES ('4836a7bf-704f-4f12-b0a6-238e69d2c0a9', '20b3ccfd-5ab0-4f4c-814e-830f32b570ff', '5b204bc5-6430-4939-aa23-17b1482c6d98');
INSERT INTO art_ping.employee_role VALUES ('4234ef7a-6e20-4434-abba-da8276448ea0', '20b3ccfd-5ab0-4f4c-814e-830f32b570ff', 'e7051ffa-0edb-4ac7-84ed-12c1d3b2b5f8');
INSERT INTO art_ping.employee_role VALUES ('4b427f0f-49e6-41ba-9fb2-f1dd3c97bdd3', '20b3ccfd-5ab0-4f4c-814e-830f32b570ff', 'eea13552-ad24-4165-bce4-f1b22776739c');
INSERT INTO art_ping.employee (id, first_name, last_name, office_id, user_id, leave_date, updated, login, email, calendar_id) VALUES ('5ec97d35-2d20-4b14-9e4e-b3937580b7ae', 'employeeName256', 'employeeLastName256', '069b73bd-3ecc-4a42-b4d9-dde51cf61ca1', '0e35cba5-333c-4d0f-af17-ec435894fc21', null, '2021-12-23T15:57:56.185332100', 'testUser256', 'employee256@em.com', '72be929c-8187-459f-a698-1a08fa9a158b');
INSERT INTO art_ping.employee_role VALUES ('d8472c46-0e8d-413e-892b-00d38c44e1a3', '5ec97d35-2d20-4b14-9e4e-b3937580b7ae', '9f4932a6-c650-4cd2-9338-2eefa47aeb35');
INSERT INTO art_ping.employee_role VALUES ('09fe4e78-e6ca-4133-be7f-203ae19c9310', '5ec97d35-2d20-4b14-9e4e-b3937580b7ae', 'e7051ffa-0edb-4ac7-84ed-12c1d3b2b5f8');
INSERT INTO art_ping.employee_role VALUES ('71f6c4b9-cbb2-42c6-8395-d279630915e7', '5ec97d35-2d20-4b14-9e4e-b3937580b7ae', 'eea13552-ad24-4165-bce4-f1b22776739c');
INSERT INTO art_ping.employee (id, first_name, last_name, office_id, user_id, leave_date, updated, login, email, calendar_id) VALUES ('8d154404-8e56-4db1-9c7d-0bf34a0f7847', 'employeeName257', 'employeeLastName257', '1474fde4-7488-4ad3-9495-a980a697c2be', 'da7dcf3e-5efd-49bc-afd6-30165a60ab61', null, '2021-12-23T15:57:56.185332100', 'testUser257', 'employee257@em.com', 'ece84e5d-f32a-4165-aaeb-9c7fcf4ad087');
INSERT INTO art_ping.employee_role VALUES ('bcee20e3-69e2-447b-92a9-043396d59a0b', '8d154404-8e56-4db1-9c7d-0bf34a0f7847', '992e5c70-7b14-44ae-b2fc-d0c884659841');
INSERT INTO art_ping.employee_role VALUES ('83333bc2-cc19-4809-aa13-efaac2f879b2', '8d154404-8e56-4db1-9c7d-0bf34a0f7847', '5b204bc5-6430-4939-aa23-17b1482c6d98');
INSERT INTO art_ping.employee_role VALUES ('468affeb-dc28-4350-8528-9eb920dac033', '8d154404-8e56-4db1-9c7d-0bf34a0f7847', '9f4932a6-c650-4cd2-9338-2eefa47aeb35');
INSERT INTO art_ping.employee_role VALUES ('bc6d5718-d182-463a-aa77-93792becb503', '8d154404-8e56-4db1-9c7d-0bf34a0f7847', 'e7051ffa-0edb-4ac7-84ed-12c1d3b2b5f8');
INSERT INTO art_ping.employee_role VALUES ('ebce0df6-e534-486c-816f-dcbe5798df1b', '8d154404-8e56-4db1-9c7d-0bf34a0f7847', 'eea13552-ad24-4165-bce4-f1b22776739c');
INSERT INTO art_ping.employee (id, first_name, last_name, office_id, user_id, leave_date, updated, login, email, calendar_id) VALUES ('2c2f287b-405c-4870-a42a-3c993400d5c2', 'employeeName258', 'employeeLastName258', '448231ec-fa7b-4ab8-b465-6961fe443b85', '3f19efa5-012e-472a-bc02-9c0ecb319449', null, '2021-12-23T15:57:56.185332100', 'testUser258', 'employee258@em.com', '2f770549-a4ad-4a69-822b-3db886f9dc7f');
INSERT INTO art_ping.employee_role VALUES ('3dff03bc-8044-4831-b0b7-ed5c72795aa8', '2c2f287b-405c-4870-a42a-3c993400d5c2', '9f4932a6-c650-4cd2-9338-2eefa47aeb35');
INSERT INTO art_ping.employee_role VALUES ('3d27b4c6-39e2-4ad2-bdcd-faac4b55088c', '2c2f287b-405c-4870-a42a-3c993400d5c2', 'eea13552-ad24-4165-bce4-f1b22776739c');
INSERT INTO art_ping.employee (id, first_name, last_name, office_id, user_id, leave_date, updated, login, email, calendar_id) VALUES ('43d8804d-1c4a-41b3-aba0-8c2291613b1a', 'employeeName259', 'employeeLastName259', 'afca254d-bf55-44cf-befd-06c4f78e66d7', '1ab25045-0d66-4d7a-aa69-4c06a5cb0eed', null, '2021-12-23T15:57:56.185332100', 'testUser259', 'employee259@em.com', '3ca8d6d0-3ab2-4e7d-b43a-e789476d70cd');
INSERT INTO art_ping.employee_role VALUES ('c45fdd18-303b-4b2b-9860-c31709fb513f', '43d8804d-1c4a-41b3-aba0-8c2291613b1a', 'eea13552-ad24-4165-bce4-f1b22776739c');
INSERT INTO art_ping.employee (id, first_name, last_name, office_id, user_id, leave_date, updated, login, email, calendar_id) VALUES ('a4c6515a-ad32-4e85-aa5e-a1a5dd5e7199', 'employeeName260', 'employeeLastName260', '6e799204-8afc-4bc4-bebc-423977596351', '4abfdfd4-c6d3-40f8-ad64-d2ef2b8a8c36', null, '2021-12-23T15:57:56.185332100', 'testUser260', 'employee260@em.com', 'ad61be45-0c7f-4c95-be8b-608340beb8ee');
INSERT INTO art_ping.employee_role VALUES ('60195c71-56ee-4f1d-bf44-42f841a519b0', 'a4c6515a-ad32-4e85-aa5e-a1a5dd5e7199', '992e5c70-7b14-44ae-b2fc-d0c884659841');
INSERT INTO art_ping.employee_role VALUES ('7392ff85-357f-4f34-95cc-40603aa7e545', 'a4c6515a-ad32-4e85-aa5e-a1a5dd5e7199', '9f4932a6-c650-4cd2-9338-2eefa47aeb35');
INSERT INTO art_ping.employee_role VALUES ('692e889a-d22b-4b66-baa8-bf8605371958', 'a4c6515a-ad32-4e85-aa5e-a1a5dd5e7199', 'eea13552-ad24-4165-bce4-f1b22776739c');
INSERT INTO art_ping.employee (id, first_name, last_name, office_id, user_id, leave_date, updated, login, email, calendar_id) VALUES ('6fed8a40-b2d0-4cbf-b7e3-0daeaafa3af8', 'employeeName261', 'employeeLastName261', 'a4f4b85e-6192-4dae-8ae5-68f85d79eade', 'cf53de48-cb71-4072-9c13-38a35422e75b', null, '2021-12-23T15:57:56.185332100', 'testUser261', 'employee261@em.com', '9ecad47a-2227-4f3d-8f7d-f1e21389be51');
INSERT INTO art_ping.employee_role VALUES ('f514c95e-e28c-4613-8b8f-b609478f4e6a', '6fed8a40-b2d0-4cbf-b7e3-0daeaafa3af8', '992e5c70-7b14-44ae-b2fc-d0c884659841');
INSERT INTO art_ping.employee_role VALUES ('7d87d032-b9d8-4825-aa45-0526f50cb810', '6fed8a40-b2d0-4cbf-b7e3-0daeaafa3af8', '5b204bc5-6430-4939-aa23-17b1482c6d98');
INSERT INTO art_ping.employee_role VALUES ('5fe5741a-7950-4689-b373-fb658c416bfa', '6fed8a40-b2d0-4cbf-b7e3-0daeaafa3af8', '9f4932a6-c650-4cd2-9338-2eefa47aeb35');
INSERT INTO art_ping.employee_role VALUES ('0ed8ff9d-03be-46b5-b44a-a11bb0aebd62', '6fed8a40-b2d0-4cbf-b7e3-0daeaafa3af8', 'e7051ffa-0edb-4ac7-84ed-12c1d3b2b5f8');
INSERT INTO art_ping.employee_role VALUES ('6cdbb32b-efe9-4cce-9905-b3f17d954a73', '6fed8a40-b2d0-4cbf-b7e3-0daeaafa3af8', 'eea13552-ad24-4165-bce4-f1b22776739c');
INSERT INTO art_ping.employee (id, first_name, last_name, office_id, user_id, leave_date, updated, login, email, calendar_id) VALUES ('493a58e5-2b13-4d7e-9971-399387fafafd', 'employeeName262', 'employeeLastName262', '8da65beb-3f12-45d1-818e-d41858007f50', 'd31a8032-95ee-4c29-8f3d-3d4af87aff73', null, '2021-12-23T15:57:56.185332100', 'testUser262', 'employee262@em.com', '10387938-3ba2-4382-8a36-f7a5769851e4');
INSERT INTO art_ping.employee_role VALUES ('22b93960-1d46-439d-a856-3d9d787676a9', '493a58e5-2b13-4d7e-9971-399387fafafd', '5b204bc5-6430-4939-aa23-17b1482c6d98');
INSERT INTO art_ping.employee_role VALUES ('61706bfd-054f-4f54-a5fa-f66bb9ff8618', '493a58e5-2b13-4d7e-9971-399387fafafd', 'e7051ffa-0edb-4ac7-84ed-12c1d3b2b5f8');
INSERT INTO art_ping.employee_role VALUES ('66c97838-3dec-4267-bd8f-f25a559f51bd', '493a58e5-2b13-4d7e-9971-399387fafafd', 'eea13552-ad24-4165-bce4-f1b22776739c');
INSERT INTO art_ping.employee (id, first_name, last_name, office_id, user_id, leave_date, updated, login, email, calendar_id) VALUES ('17efe547-80c9-4914-967f-0c4fc078b74c', 'employeeName263', 'employeeLastName263', '31d641e9-4849-4366-bc49-bd05627fbc1d', '6f2a7a48-2ffe-495c-a029-29f8e3654f5a', null, '2021-12-23T15:57:56.185332100', 'testUser263', 'employee263@em.com', 'eca3e110-990e-41b7-ba9d-a62f8a56a4f3');
INSERT INTO art_ping.employee_role VALUES ('1d2363d3-5273-4556-bc04-809a0768ca10', '17efe547-80c9-4914-967f-0c4fc078b74c', '992e5c70-7b14-44ae-b2fc-d0c884659841');
INSERT INTO art_ping.employee_role VALUES ('f0b473ce-715b-4ce5-b512-f24e29c8034e', '17efe547-80c9-4914-967f-0c4fc078b74c', '5b204bc5-6430-4939-aa23-17b1482c6d98');
INSERT INTO art_ping.employee_role VALUES ('b77c29ba-b6b3-4b18-93d9-744a39fc5759', '17efe547-80c9-4914-967f-0c4fc078b74c', '9f4932a6-c650-4cd2-9338-2eefa47aeb35');
INSERT INTO art_ping.employee_role VALUES ('07ad8f77-c396-4c84-9dbf-450a409c71f6', '17efe547-80c9-4914-967f-0c4fc078b74c', 'eea13552-ad24-4165-bce4-f1b22776739c');
INSERT INTO art_ping.employee (id, first_name, last_name, office_id, user_id, leave_date, updated, login, email, calendar_id) VALUES ('a9b66c15-d3e1-4e38-8361-5051c6feb8fb', 'employeeName264', 'employeeLastName264', '1b560a1e-95fb-4254-ae29-ecb6cb571579', '97890d25-db37-48a3-8f20-50e1ac7974cd', null, '2021-12-23T15:57:56.185332100', 'testUser264', 'employee264@em.com', '8d334fa6-c85d-4b3d-b6ed-68e7e0b4c937');
INSERT INTO art_ping.employee_role VALUES ('39990b84-1245-4175-975e-793a714bf059', 'a9b66c15-d3e1-4e38-8361-5051c6feb8fb', '992e5c70-7b14-44ae-b2fc-d0c884659841');
INSERT INTO art_ping.employee_role VALUES ('85275eca-bb49-4055-a993-9d30ea66ca39', 'a9b66c15-d3e1-4e38-8361-5051c6feb8fb', '5b204bc5-6430-4939-aa23-17b1482c6d98');
INSERT INTO art_ping.employee_role VALUES ('a9913b29-c667-4c64-a605-6aadac97fd08', 'a9b66c15-d3e1-4e38-8361-5051c6feb8fb', 'e7051ffa-0edb-4ac7-84ed-12c1d3b2b5f8');
INSERT INTO art_ping.employee_role VALUES ('a665e0ea-863b-4082-bd1a-7fbd2db612bb', 'a9b66c15-d3e1-4e38-8361-5051c6feb8fb', 'eea13552-ad24-4165-bce4-f1b22776739c');
INSERT INTO art_ping.employee (id, first_name, last_name, office_id, user_id, leave_date, updated, login, email, calendar_id) VALUES ('e424a74b-19a1-4b97-8ce0-b39646f66c8d', 'employeeName265', 'employeeLastName265', '192cd2f4-0a22-431c-b8ab-e94ce129b7ca', '119a3cd9-1695-4f4e-a90a-859665a73d23', null, '2021-12-23T15:57:56.185332100', 'testUser265', 'employee265@em.com', 'afb13774-007e-435b-bf7b-173551fd2c8e');
INSERT INTO art_ping.employee_role VALUES ('ef321b10-57d4-4940-b7e2-5c8486b797c5', 'e424a74b-19a1-4b97-8ce0-b39646f66c8d', '992e5c70-7b14-44ae-b2fc-d0c884659841');
INSERT INTO art_ping.employee_role VALUES ('473af76a-5ab0-4e76-8f95-cd56c8483026', 'e424a74b-19a1-4b97-8ce0-b39646f66c8d', '5b204bc5-6430-4939-aa23-17b1482c6d98');
INSERT INTO art_ping.employee_role VALUES ('e753fc28-a16e-46d3-9be8-d10af8b22341', 'e424a74b-19a1-4b97-8ce0-b39646f66c8d', '9f4932a6-c650-4cd2-9338-2eefa47aeb35');
INSERT INTO art_ping.employee_role VALUES ('c1e0031a-f6f8-447e-a226-d634f1c9b43e', 'e424a74b-19a1-4b97-8ce0-b39646f66c8d', 'e7051ffa-0edb-4ac7-84ed-12c1d3b2b5f8');
INSERT INTO art_ping.employee_role VALUES ('b8985d68-0c84-4306-98a3-e9e852cb33d0', 'e424a74b-19a1-4b97-8ce0-b39646f66c8d', 'eea13552-ad24-4165-bce4-f1b22776739c');
INSERT INTO art_ping.employee (id, first_name, last_name, office_id, user_id, leave_date, updated, login, email, calendar_id) VALUES ('40ac132d-530f-4cbf-900e-42f899fe2380', 'employeeName266', 'employeeLastName266', 'a57b5b1b-0892-4283-a16a-db0edeb6c8c7', '10518bfc-5c95-425f-a341-88468f838dea', null, '2021-12-23T15:57:56.185332100', 'testUser266', 'employee266@em.com', '1efce7ca-fc5b-4e84-ab9b-e1eb6771660f');
INSERT INTO art_ping.employee_role VALUES ('516c326b-7ebb-4fe5-ae12-9b15f85687b8', '40ac132d-530f-4cbf-900e-42f899fe2380', '9f4932a6-c650-4cd2-9338-2eefa47aeb35');
INSERT INTO art_ping.employee_role VALUES ('91926ef3-3b1c-4bee-bc37-38c0a822da48', '40ac132d-530f-4cbf-900e-42f899fe2380', 'e7051ffa-0edb-4ac7-84ed-12c1d3b2b5f8');
INSERT INTO art_ping.employee_role VALUES ('80ae64b5-25df-4905-95c5-976d8ee317ce', '40ac132d-530f-4cbf-900e-42f899fe2380', 'eea13552-ad24-4165-bce4-f1b22776739c');
INSERT INTO art_ping.employee (id, first_name, last_name, office_id, user_id, leave_date, updated, login, email, calendar_id) VALUES ('8fbca8db-c93a-4666-a70a-f3fc4dda566c', 'employeeName267', 'employeeLastName267', 'e2bcc1fc-f9fa-4e77-9f9e-3aa42756139a', '6514050a-1af0-4e19-a67a-f588c9ce4435', null, '2021-12-23T15:57:56.185332100', 'testUser267', 'employee267@em.com', 'f0ff4fa0-137f-466d-bc0e-38e49a2efaa5');
INSERT INTO art_ping.employee_role VALUES ('afd66051-9177-4735-8521-6ea4979a0c4e', '8fbca8db-c93a-4666-a70a-f3fc4dda566c', '992e5c70-7b14-44ae-b2fc-d0c884659841');
INSERT INTO art_ping.employee_role VALUES ('a560aaf2-4a8a-4708-8d3f-e7f31bb7c027', '8fbca8db-c93a-4666-a70a-f3fc4dda566c', '9f4932a6-c650-4cd2-9338-2eefa47aeb35');
INSERT INTO art_ping.employee_role VALUES ('7182376a-6f32-474e-9c70-4a3aeee02485', '8fbca8db-c93a-4666-a70a-f3fc4dda566c', 'eea13552-ad24-4165-bce4-f1b22776739c');
INSERT INTO art_ping.employee (id, first_name, last_name, office_id, user_id, leave_date, updated, login, email, calendar_id) VALUES ('db5ccae6-0bb1-4879-a398-f5fab1e421dd', 'employeeName268', 'employeeLastName268', 'e53bff0f-dcae-46c0-a892-6a99de326f0f', '414bf688-8eee-4e1d-80dc-e2b43a87f584', null, '2021-12-23T15:57:56.185332100', 'testUser268', 'employee268@em.com', '5d0fe03f-ed10-4373-bb72-2206c079ab4d');
INSERT INTO art_ping.employee_role VALUES ('78dce15f-ac29-4e95-bf65-bb5a9cda519a', 'db5ccae6-0bb1-4879-a398-f5fab1e421dd', '9f4932a6-c650-4cd2-9338-2eefa47aeb35');
INSERT INTO art_ping.employee_role VALUES ('9585227b-430a-41b0-9dc1-83c4bcab3cdd', 'db5ccae6-0bb1-4879-a398-f5fab1e421dd', 'eea13552-ad24-4165-bce4-f1b22776739c');
INSERT INTO art_ping.employee (id, first_name, last_name, office_id, user_id, leave_date, updated, login, email, calendar_id) VALUES ('57c9a6f6-2544-456e-9146-9ae136ae6298', 'employeeName269', 'employeeLastName269', 'b7026028-e3d0-4a62-a60c-2e5fe1f75046', 'e281fa5f-5d24-4c48-af05-9d7010215c88', null, '2021-12-23T15:57:56.185332100', 'testUser269', 'employee269@em.com', '453ead52-aea1-4f91-b834-f75909f84808');
INSERT INTO art_ping.employee_role VALUES ('8a5ab258-a550-4f32-8373-18699e3e9a40', '57c9a6f6-2544-456e-9146-9ae136ae6298', '5b204bc5-6430-4939-aa23-17b1482c6d98');
INSERT INTO art_ping.employee_role VALUES ('18c1a82f-1056-4338-972d-3eca6bff8364', '57c9a6f6-2544-456e-9146-9ae136ae6298', '9f4932a6-c650-4cd2-9338-2eefa47aeb35');
INSERT INTO art_ping.employee_role VALUES ('5c551c31-480e-4866-9404-5e0a3ed05a36', '57c9a6f6-2544-456e-9146-9ae136ae6298', 'eea13552-ad24-4165-bce4-f1b22776739c');
INSERT INTO art_ping.employee (id, first_name, last_name, office_id, user_id, leave_date, updated, login, email, calendar_id) VALUES ('ae0a4142-3fb8-41c4-a80a-56ad29240937', 'employeeName270', 'employeeLastName270', 'fb63b07d-264d-421b-8a05-c13d30dbbe50', '5e7aaadc-5dc6-448a-b55a-cd40b974b553', null, '2021-12-23T15:57:56.185332100', 'testUser270', 'employee270@em.com', '75ffb36c-275b-4fff-bc47-d5ad63139032');
INSERT INTO art_ping.employee_role VALUES ('c2f0be48-b4ca-4bfd-978b-5e0ca6c9deff', 'ae0a4142-3fb8-41c4-a80a-56ad29240937', '5b204bc5-6430-4939-aa23-17b1482c6d98');
INSERT INTO art_ping.employee_role VALUES ('8a4e044f-d3e6-4fbe-82ef-06a2a6da7aea', 'ae0a4142-3fb8-41c4-a80a-56ad29240937', '9f4932a6-c650-4cd2-9338-2eefa47aeb35');
INSERT INTO art_ping.employee_role VALUES ('f0eb4209-fad1-42ee-8a59-62e57c3514fe', 'ae0a4142-3fb8-41c4-a80a-56ad29240937', 'e7051ffa-0edb-4ac7-84ed-12c1d3b2b5f8');
INSERT INTO art_ping.employee_role VALUES ('5fd15325-6059-40d1-8fff-a349ed9300c1', 'ae0a4142-3fb8-41c4-a80a-56ad29240937', 'eea13552-ad24-4165-bce4-f1b22776739c');
INSERT INTO art_ping.employee (id, first_name, last_name, office_id, user_id, leave_date, updated, login, email, calendar_id) VALUES ('a352156f-46ef-45ef-92b7-6ec0aada131d', 'employeeName271', 'employeeLastName271', '46ea5f4a-40ea-470a-8690-f0c475b1e5e7', '5a0acd6a-4802-476c-9cdb-e7b5f3a8a74d', null, '2021-12-23T15:57:56.185332100', 'testUser271', 'employee271@em.com', '65b30d5f-f607-43c7-8c6d-7ca7ced24c0c');
INSERT INTO art_ping.employee_role VALUES ('db808400-b673-428e-bf9b-1b43ea5111f9', 'a352156f-46ef-45ef-92b7-6ec0aada131d', '992e5c70-7b14-44ae-b2fc-d0c884659841');
INSERT INTO art_ping.employee_role VALUES ('cc807cdb-85f8-4456-ae9e-cb7f2bc064bc', 'a352156f-46ef-45ef-92b7-6ec0aada131d', '5b204bc5-6430-4939-aa23-17b1482c6d98');
INSERT INTO art_ping.employee_role VALUES ('6f25d6ab-1d6e-4332-a47e-a324acf421c5', 'a352156f-46ef-45ef-92b7-6ec0aada131d', '9f4932a6-c650-4cd2-9338-2eefa47aeb35');
INSERT INTO art_ping.employee_role VALUES ('49f1c809-ec28-4898-87c7-561f9c199d57', 'a352156f-46ef-45ef-92b7-6ec0aada131d', 'e7051ffa-0edb-4ac7-84ed-12c1d3b2b5f8');
INSERT INTO art_ping.employee_role VALUES ('2af80bc1-7720-40a2-a213-8c6b7f18a23f', 'a352156f-46ef-45ef-92b7-6ec0aada131d', 'eea13552-ad24-4165-bce4-f1b22776739c');
INSERT INTO art_ping.employee (id, first_name, last_name, office_id, user_id, leave_date, updated, login, email, calendar_id) VALUES ('00dbc004-e522-4e71-953d-dc682428df46', 'employeeName272', 'employeeLastName272', '2e4bfc09-2d7a-419e-9651-64c1d7dd8a0d', 'c24af10d-22f3-45e8-bde9-21aa2403d217', null, '2021-12-23T15:57:56.185332100', 'testUser272', 'employee272@em.com', 'fc205b82-2a93-4ea6-87ec-587b082bc0f5');
INSERT INTO art_ping.employee_role VALUES ('ae5882e1-96ff-4ec1-95f2-44547b4ab209', '00dbc004-e522-4e71-953d-dc682428df46', '992e5c70-7b14-44ae-b2fc-d0c884659841');
INSERT INTO art_ping.employee_role VALUES ('de1b1df1-7c05-4df9-ad77-ad572ff80317', '00dbc004-e522-4e71-953d-dc682428df46', '5b204bc5-6430-4939-aa23-17b1482c6d98');
INSERT INTO art_ping.employee_role VALUES ('9a2bb6c4-9600-4018-b578-2f4db89c223d', '00dbc004-e522-4e71-953d-dc682428df46', 'e7051ffa-0edb-4ac7-84ed-12c1d3b2b5f8');
INSERT INTO art_ping.employee_role VALUES ('989de875-a935-4ef5-9814-ae9f846370bc', '00dbc004-e522-4e71-953d-dc682428df46', 'eea13552-ad24-4165-bce4-f1b22776739c');
INSERT INTO art_ping.employee (id, first_name, last_name, office_id, user_id, leave_date, updated, login, email, calendar_id) VALUES ('915343c7-b40e-4730-975b-f21ed4590532', 'employeeName273', 'employeeLastName273', '8b70a73f-b3a4-4127-897d-cad5f786246d', '0aabcbe0-d441-442e-bd72-38a5904c1d01', null, '2021-12-23T15:57:56.185332100', 'testUser273', 'employee273@em.com', '4f8309e8-83d1-4eaf-9912-b667ae17a8f4');
INSERT INTO art_ping.employee_role VALUES ('5c0f38e4-24c9-4ede-be69-797dcf3fa2fa', '915343c7-b40e-4730-975b-f21ed4590532', '992e5c70-7b14-44ae-b2fc-d0c884659841');
INSERT INTO art_ping.employee_role VALUES ('7eeef039-12ef-49b8-95df-407967daa423', '915343c7-b40e-4730-975b-f21ed4590532', 'e7051ffa-0edb-4ac7-84ed-12c1d3b2b5f8');
INSERT INTO art_ping.employee_role VALUES ('d795c7eb-ecbc-4b48-afec-c3a071c6c086', '915343c7-b40e-4730-975b-f21ed4590532', 'eea13552-ad24-4165-bce4-f1b22776739c');
INSERT INTO art_ping.employee (id, first_name, last_name, office_id, user_id, leave_date, updated, login, email, calendar_id) VALUES ('505e5150-0413-446a-82b4-296aa6dec7f2', 'employeeName274', 'employeeLastName274', '3fd0d7f7-949b-41e7-949b-300f5a7d31d5', 'c5a76fc3-6a09-4232-8db4-509bc5a84f53', null, '2021-12-23T15:57:56.185332100', 'testUser274', 'employee274@em.com', '81d84e96-db7c-46b3-aaef-338fbf47544a');
INSERT INTO art_ping.employee_role VALUES ('e3c52783-09e0-43f7-b968-93cd43773785', '505e5150-0413-446a-82b4-296aa6dec7f2', '992e5c70-7b14-44ae-b2fc-d0c884659841');
INSERT INTO art_ping.employee_role VALUES ('0dacf9a0-3139-46ff-9297-7ca2a6ae0680', '505e5150-0413-446a-82b4-296aa6dec7f2', '9f4932a6-c650-4cd2-9338-2eefa47aeb35');
INSERT INTO art_ping.employee_role VALUES ('87eedfa7-4c6a-4aaa-aedc-e89c55b86328', '505e5150-0413-446a-82b4-296aa6dec7f2', 'e7051ffa-0edb-4ac7-84ed-12c1d3b2b5f8');
INSERT INTO art_ping.employee_role VALUES ('897e4e20-dcd5-4565-8e63-d43b02199c76', '505e5150-0413-446a-82b4-296aa6dec7f2', 'eea13552-ad24-4165-bce4-f1b22776739c');
INSERT INTO art_ping.employee (id, first_name, last_name, office_id, user_id, leave_date, updated, login, email, calendar_id) VALUES ('2dff829a-3580-4075-840a-f5c2ec5e3f1f', 'employeeName275', 'employeeLastName275', '181bb7fa-d3f6-4728-922f-effd27fa8a95', 'b8a5d161-fdf2-4108-b4aa-7bb97e948854', null, '2021-12-23T15:57:56.185332100', 'testUser275', 'employee275@em.com', '4780f695-b40f-41e9-9e69-fed72d1b2522');
INSERT INTO art_ping.employee_role VALUES ('5b9b1cad-1ffd-450b-97f7-6f5b2839bb56', '2dff829a-3580-4075-840a-f5c2ec5e3f1f', '992e5c70-7b14-44ae-b2fc-d0c884659841');
INSERT INTO art_ping.employee_role VALUES ('9e42bd1f-3b86-4ec0-be6d-5904605d630a', '2dff829a-3580-4075-840a-f5c2ec5e3f1f', '5b204bc5-6430-4939-aa23-17b1482c6d98');
INSERT INTO art_ping.employee_role VALUES ('65ce4202-a22b-41cc-88fb-54354612c770', '2dff829a-3580-4075-840a-f5c2ec5e3f1f', 'eea13552-ad24-4165-bce4-f1b22776739c');
INSERT INTO art_ping.employee (id, first_name, last_name, office_id, user_id, leave_date, updated, login, email, calendar_id) VALUES ('6bbc2baa-80ce-41da-bbdf-31f8647dddc8', 'employeeName276', 'employeeLastName276', 'c117434e-a20e-4ae4-900f-f2617b6aa3f3', 'fd5f9d64-0793-4802-97aa-aca4b777026a', null, '2021-12-23T15:57:56.185332100', 'testUser276', 'employee276@em.com', 'bf441199-ac71-46e6-966f-13b0db15c311');
INSERT INTO art_ping.employee_role VALUES ('0a28f8c3-9202-4d62-8b8a-4de4391934b8', '6bbc2baa-80ce-41da-bbdf-31f8647dddc8', '5b204bc5-6430-4939-aa23-17b1482c6d98');
INSERT INTO art_ping.employee_role VALUES ('a2128f53-925d-4337-8287-418fe7211907', '6bbc2baa-80ce-41da-bbdf-31f8647dddc8', 'e7051ffa-0edb-4ac7-84ed-12c1d3b2b5f8');
INSERT INTO art_ping.employee_role VALUES ('bbe29dbe-ac3f-4fe4-b26e-889041559a05', '6bbc2baa-80ce-41da-bbdf-31f8647dddc8', 'eea13552-ad24-4165-bce4-f1b22776739c');
INSERT INTO art_ping.employee (id, first_name, last_name, office_id, user_id, leave_date, updated, login, email, calendar_id) VALUES ('fbac1bbc-37bf-4349-8ca8-1b95e328ae04', 'employeeName277', 'employeeLastName277', 'f0dc8495-7e77-438f-b17c-9ceca6948f0a', '33e156fd-dea6-4b12-bb39-e1881c09059c', null, '2021-12-23T15:57:56.186332100', 'testUser277', 'employee277@em.com', '1efce7ca-fc5b-4e84-ab9b-e1eb6771660f');
INSERT INTO art_ping.employee_role VALUES ('34fec373-295a-4331-b61e-20eaca3c7239', 'fbac1bbc-37bf-4349-8ca8-1b95e328ae04', '5b204bc5-6430-4939-aa23-17b1482c6d98');
INSERT INTO art_ping.employee_role VALUES ('f46bff8e-ee05-46aa-9cf9-4bdefecc4e2c', 'fbac1bbc-37bf-4349-8ca8-1b95e328ae04', '9f4932a6-c650-4cd2-9338-2eefa47aeb35');
INSERT INTO art_ping.employee_role VALUES ('9e22b671-f5c8-4f2b-a141-ed7596804796', 'fbac1bbc-37bf-4349-8ca8-1b95e328ae04', 'e7051ffa-0edb-4ac7-84ed-12c1d3b2b5f8');
INSERT INTO art_ping.employee_role VALUES ('3be76027-e6f9-401c-b46c-70925f393b57', 'fbac1bbc-37bf-4349-8ca8-1b95e328ae04', 'eea13552-ad24-4165-bce4-f1b22776739c');
INSERT INTO art_ping.employee (id, first_name, last_name, office_id, user_id, leave_date, updated, login, email, calendar_id) VALUES ('8e5aeece-282b-44e2-b0ae-90f428192683', 'employeeName278', 'employeeLastName278', 'c38e2d0d-d397-45c1-9707-d0b7e10aa748', '96d523e3-e501-47d6-a0bf-7feced46e219', null, '2021-12-23T15:57:56.186332100', 'testUser278', 'employee278@em.com', '5e882683-de03-498b-99f7-8e12bc3ec1cb');
INSERT INTO art_ping.employee_role VALUES ('17496003-160c-4fa9-bce8-7a783b63d91a', '8e5aeece-282b-44e2-b0ae-90f428192683', 'e7051ffa-0edb-4ac7-84ed-12c1d3b2b5f8');
INSERT INTO art_ping.employee_role VALUES ('966120c8-89af-4be3-a2af-349f6d898a2b', '8e5aeece-282b-44e2-b0ae-90f428192683', 'eea13552-ad24-4165-bce4-f1b22776739c');
INSERT INTO art_ping.employee (id, first_name, last_name, office_id, user_id, leave_date, updated, login, email, calendar_id) VALUES ('d35a0470-b546-4205-8307-5d54da61b18d', 'employeeName279', 'employeeLastName279', 'aaf860f0-5e92-4402-b1e5-3189959dfa93', '74a7a677-d319-4535-a172-cb6531ca8a1b', null, '2021-12-23T15:57:56.186332100', 'testUser279', 'employee279@em.com', '4f8309e8-83d1-4eaf-9912-b667ae17a8f4');
INSERT INTO art_ping.employee_role VALUES ('8527a60a-aefd-43e0-abf7-36f0b1449377', 'd35a0470-b546-4205-8307-5d54da61b18d', '992e5c70-7b14-44ae-b2fc-d0c884659841');
INSERT INTO art_ping.employee_role VALUES ('ee45f636-eccd-416e-9c39-d870b8b22826', 'd35a0470-b546-4205-8307-5d54da61b18d', 'e7051ffa-0edb-4ac7-84ed-12c1d3b2b5f8');
INSERT INTO art_ping.employee_role VALUES ('c56e6acc-1613-40f1-9d0f-d33f37d50b38', 'd35a0470-b546-4205-8307-5d54da61b18d', 'eea13552-ad24-4165-bce4-f1b22776739c');
INSERT INTO art_ping.employee (id, first_name, last_name, office_id, user_id, leave_date, updated, login, email, calendar_id) VALUES ('78d819f1-6b51-420c-8281-c8f1d401a50b', 'employeeName280', 'employeeLastName280', 'c07534a9-6bf0-45fc-b299-f8aab13c2f3e', 'e7e60d4d-29be-475c-8cf5-62c883e6c7c2', null, '2021-12-23T15:57:56.186332100', 'testUser280', 'employee280@em.com', '6602d6f2-fafc-4385-8b9f-17a298f78595');
INSERT INTO art_ping.employee_role VALUES ('c9091380-24ad-45a5-ab2f-68bca8b17345', '78d819f1-6b51-420c-8281-c8f1d401a50b', '992e5c70-7b14-44ae-b2fc-d0c884659841');
INSERT INTO art_ping.employee_role VALUES ('9ff305b3-bc07-42bb-ab6f-5b7155a12e73', '78d819f1-6b51-420c-8281-c8f1d401a50b', '5b204bc5-6430-4939-aa23-17b1482c6d98');
INSERT INTO art_ping.employee_role VALUES ('1a347e6f-8ca1-46fc-9467-25ddaf3fb3f4', '78d819f1-6b51-420c-8281-c8f1d401a50b', 'e7051ffa-0edb-4ac7-84ed-12c1d3b2b5f8');
INSERT INTO art_ping.employee_role VALUES ('e7482f4f-e4f7-4334-a4f2-7b95be911d28', '78d819f1-6b51-420c-8281-c8f1d401a50b', 'eea13552-ad24-4165-bce4-f1b22776739c');
INSERT INTO art_ping.employee (id, first_name, last_name, office_id, user_id, leave_date, updated, login, email, calendar_id) VALUES ('86cf0bff-1a68-488a-8295-4222969a3ffb', 'employeeName281', 'employeeLastName281', '96c7369a-6b4f-467b-a20a-e2609e4ef4ac', 'ea9d0dd3-9f41-492b-80e8-c5b6d3483c02', null, '2021-12-23T15:57:56.186332100', 'testUser281', 'employee281@em.com', '4b1ba17b-5803-4657-aeff-19741575fd9d');
INSERT INTO art_ping.employee_role VALUES ('cab62157-ad7c-48fa-b8c5-25010e58f902', '86cf0bff-1a68-488a-8295-4222969a3ffb', 'e7051ffa-0edb-4ac7-84ed-12c1d3b2b5f8');
INSERT INTO art_ping.employee_role VALUES ('604801c3-d6e5-49da-a079-3412894222f5', '86cf0bff-1a68-488a-8295-4222969a3ffb', 'eea13552-ad24-4165-bce4-f1b22776739c');
INSERT INTO art_ping.employee (id, first_name, last_name, office_id, user_id, leave_date, updated, login, email, calendar_id) VALUES ('e5e3df29-b6ee-459b-ae9d-e725b68bbafb', 'employeeName282', 'employeeLastName282', '242f8ff9-2990-407f-88ed-4ba82814654a', 'bffbd2cf-adf7-4c8b-b7bf-49cad8acbeb7', null, '2021-12-23T15:57:56.186332100', 'testUser282', 'employee282@em.com', '6eab5509-7a0b-41f7-b4cc-4cba817a5a6d');
INSERT INTO art_ping.employee_role VALUES ('431f9caa-153a-4484-8816-4df878649f5f', 'e5e3df29-b6ee-459b-ae9d-e725b68bbafb', '5b204bc5-6430-4939-aa23-17b1482c6d98');
INSERT INTO art_ping.employee_role VALUES ('2b3603d9-1b0f-4e30-ad82-bc3311967d04', 'e5e3df29-b6ee-459b-ae9d-e725b68bbafb', 'e7051ffa-0edb-4ac7-84ed-12c1d3b2b5f8');
INSERT INTO art_ping.employee_role VALUES ('250cba1e-0d79-4279-9709-2d572daf2840', 'e5e3df29-b6ee-459b-ae9d-e725b68bbafb', 'eea13552-ad24-4165-bce4-f1b22776739c');
INSERT INTO art_ping.employee (id, first_name, last_name, office_id, user_id, leave_date, updated, login, email, calendar_id) VALUES ('a9500db5-d6b9-46ea-b8e3-36d36c2fb663', 'employeeName283', 'employeeLastName283', '80a14896-aa09-4314-8cf0-905dba6428bd', '1b6c2a64-f0e3-4115-807e-dc142bc79cab', null, '2021-12-23T15:57:56.186332100', 'testUser283', 'employee283@em.com', 'eca3e110-990e-41b7-ba9d-a62f8a56a4f3');
INSERT INTO art_ping.employee_role VALUES ('aad62c85-279b-4b9b-9530-bcfd3b22c05c', 'a9500db5-d6b9-46ea-b8e3-36d36c2fb663', '5b204bc5-6430-4939-aa23-17b1482c6d98');
INSERT INTO art_ping.employee_role VALUES ('889564fe-93ac-4fb2-b2ad-5c77ba84ca16', 'a9500db5-d6b9-46ea-b8e3-36d36c2fb663', '9f4932a6-c650-4cd2-9338-2eefa47aeb35');
INSERT INTO art_ping.employee_role VALUES ('c1606cda-976b-49d1-94d7-d15d51d5e991', 'a9500db5-d6b9-46ea-b8e3-36d36c2fb663', 'eea13552-ad24-4165-bce4-f1b22776739c');
INSERT INTO art_ping.employee (id, first_name, last_name, office_id, user_id, leave_date, updated, login, email, calendar_id) VALUES ('9674a6de-68c3-4199-9715-44a7c0aede32', 'employeeName284', 'employeeLastName284', '29c90ded-0623-4889-8e35-4864d68fd457', '5f43acfb-5a88-40d6-a1b4-90ecf886e2dd', null, '2021-12-23T15:57:56.186332100', 'testUser284', 'employee284@em.com', '414993a3-0e1d-4c3b-8fe5-03d8e5b8cc47');
INSERT INTO art_ping.employee_role VALUES ('640aa256-73d8-4265-93d6-8a2efe5df352', '9674a6de-68c3-4199-9715-44a7c0aede32', '992e5c70-7b14-44ae-b2fc-d0c884659841');
INSERT INTO art_ping.employee_role VALUES ('5e428d64-860c-4ca3-985c-c59bd60fb1b3', '9674a6de-68c3-4199-9715-44a7c0aede32', 'eea13552-ad24-4165-bce4-f1b22776739c');
INSERT INTO art_ping.employee (id, first_name, last_name, office_id, user_id, leave_date, updated, login, email, calendar_id) VALUES ('515b00bb-3a1a-4c42-9349-ba7e5577b69d', 'employeeName285', 'employeeLastName285', '81515fde-3909-4380-9b1b-5956857bf600', '77b636ee-e0b4-48b6-9af6-d0a3f433cd12', null, '2021-12-23T15:57:56.186332100', 'testUser285', 'employee285@em.com', 'afb13774-007e-435b-bf7b-173551fd2c8e');
INSERT INTO art_ping.employee_role VALUES ('f121059b-99cf-4809-92f7-c16d20927ffc', '515b00bb-3a1a-4c42-9349-ba7e5577b69d', '992e5c70-7b14-44ae-b2fc-d0c884659841');
INSERT INTO art_ping.employee_role VALUES ('e801b417-a517-4ce1-8ec6-f6b7e5416c51', '515b00bb-3a1a-4c42-9349-ba7e5577b69d', 'e7051ffa-0edb-4ac7-84ed-12c1d3b2b5f8');
INSERT INTO art_ping.employee_role VALUES ('55734821-cb64-4ae8-8bb4-1c0440dd761e', '515b00bb-3a1a-4c42-9349-ba7e5577b69d', 'eea13552-ad24-4165-bce4-f1b22776739c');
INSERT INTO art_ping.employee (id, first_name, last_name, office_id, user_id, leave_date, updated, login, email, calendar_id) VALUES ('be09a1ce-86c1-4b5c-bb25-a89e94fe6e18', 'employeeName286', 'employeeLastName286', 'e65f0557-45a5-46a0-a7de-72d0401b9d14', '183f302a-a7ed-48b6-9860-ff607fb289a6', null, '2021-12-23T15:57:56.186332100', 'testUser286', 'employee286@em.com', 'c6f8565c-983c-4f3a-bf19-90c83d1ac25e');
INSERT INTO art_ping.employee_role VALUES ('36293bb1-0063-4c9e-99f3-573ce1035c5a', 'be09a1ce-86c1-4b5c-bb25-a89e94fe6e18', '5b204bc5-6430-4939-aa23-17b1482c6d98');
INSERT INTO art_ping.employee_role VALUES ('b140b796-75a8-4f98-83d1-835e838b7ea8', 'be09a1ce-86c1-4b5c-bb25-a89e94fe6e18', 'e7051ffa-0edb-4ac7-84ed-12c1d3b2b5f8');
INSERT INTO art_ping.employee_role VALUES ('fd2d4563-2d31-4b0d-b7aa-84c1cab5d844', 'be09a1ce-86c1-4b5c-bb25-a89e94fe6e18', 'eea13552-ad24-4165-bce4-f1b22776739c');
INSERT INTO art_ping.employee (id, first_name, last_name, office_id, user_id, leave_date, updated, login, email, calendar_id) VALUES ('3d9ac511-8d2a-40ec-aa7a-043b6a736119', 'employeeName287', 'employeeLastName287', 'a038b84b-5540-4d7e-924d-f4f0b098e887', '605b613a-0ad3-4806-b700-a9cf0ca32155', null, '2021-12-23T15:57:56.186332100', 'testUser287', 'employee287@em.com', '4fb9de68-e7b6-45af-aa38-5912b6c3a7ad');
INSERT INTO art_ping.employee_role VALUES ('677c45dc-acc6-43b8-a371-43a3e4df4e4d', '3d9ac511-8d2a-40ec-aa7a-043b6a736119', '992e5c70-7b14-44ae-b2fc-d0c884659841');
INSERT INTO art_ping.employee_role VALUES ('28106682-237a-4ad7-a809-f581a46e4472', '3d9ac511-8d2a-40ec-aa7a-043b6a736119', '5b204bc5-6430-4939-aa23-17b1482c6d98');
INSERT INTO art_ping.employee_role VALUES ('89abbb6d-bae9-4d06-960f-22fc2fa60b68', '3d9ac511-8d2a-40ec-aa7a-043b6a736119', 'e7051ffa-0edb-4ac7-84ed-12c1d3b2b5f8');
INSERT INTO art_ping.employee_role VALUES ('f1993c8d-1a32-4e91-89ba-7e42545ca895', '3d9ac511-8d2a-40ec-aa7a-043b6a736119', 'eea13552-ad24-4165-bce4-f1b22776739c');
INSERT INTO art_ping.employee (id, first_name, last_name, office_id, user_id, leave_date, updated, login, email, calendar_id) VALUES ('ff381683-f441-4456-b183-eadff5e6641e', 'employeeName288', 'employeeLastName288', 'e5ea3dc7-1348-47a8-bbe6-a5ae24092a55', 'dddd994b-05fb-4d62-ab85-34cbf75909d8', null, '2021-12-23T15:57:56.186332100', 'testUser288', 'employee288@em.com', '9d39e79d-c72a-4ba8-a106-e0bd5b4a2c9b');
INSERT INTO art_ping.employee_role VALUES ('439c95f2-386c-49fa-ac37-b302160a9786', 'ff381683-f441-4456-b183-eadff5e6641e', '992e5c70-7b14-44ae-b2fc-d0c884659841');
INSERT INTO art_ping.employee_role VALUES ('6e99fdbe-6008-457b-9025-11f4744158d0', 'ff381683-f441-4456-b183-eadff5e6641e', '9f4932a6-c650-4cd2-9338-2eefa47aeb35');
INSERT INTO art_ping.employee_role VALUES ('7c6f0e4b-fd9f-4df6-bf39-989ba2ffc22b', 'ff381683-f441-4456-b183-eadff5e6641e', 'e7051ffa-0edb-4ac7-84ed-12c1d3b2b5f8');
INSERT INTO art_ping.employee_role VALUES ('26a9846a-4811-4a4a-83e7-e3d8cfba35a8', 'ff381683-f441-4456-b183-eadff5e6641e', 'eea13552-ad24-4165-bce4-f1b22776739c');
INSERT INTO art_ping.employee (id, first_name, last_name, office_id, user_id, leave_date, updated, login, email, calendar_id) VALUES ('fac34f0f-f3ea-46b7-bed0-8614e54bf195', 'employeeName289', 'employeeLastName289', 'f66f4f02-fc2c-4ab8-aeec-50a1047b26e3', '5ba3ac33-52c0-495a-ae81-71aa651846ed', null, '2021-12-23T15:57:56.186332100', 'testUser289', 'employee289@em.com', '9e1dbd73-6f0f-400c-ab9f-a68b5bb6d464');
INSERT INTO art_ping.employee_role VALUES ('0f0aeb39-0f60-463e-8fc2-9d92a50ebd94', 'fac34f0f-f3ea-46b7-bed0-8614e54bf195', 'e7051ffa-0edb-4ac7-84ed-12c1d3b2b5f8');
INSERT INTO art_ping.employee_role VALUES ('09d3bc12-37a9-454a-917b-6663fcad0d3b', 'fac34f0f-f3ea-46b7-bed0-8614e54bf195', 'eea13552-ad24-4165-bce4-f1b22776739c');
INSERT INTO art_ping.employee (id, first_name, last_name, office_id, user_id, leave_date, updated, login, email, calendar_id) VALUES ('a6f8a1b3-622f-4196-8dea-9dde2fdec79c', 'employeeName290', 'employeeLastName290', '30cab5f9-838b-4b63-97af-53908babb983', 'e13832ac-1bd8-4ceb-ae0f-6f6a609ee0bc', null, '2021-12-23T15:57:56.186332100', 'testUser290', 'employee290@em.com', '774135d2-f0e3-47c2-8496-78319f1757d0');
INSERT INTO art_ping.employee_role VALUES ('87d790c4-3fda-4479-a2d6-2b163fdb0132', 'a6f8a1b3-622f-4196-8dea-9dde2fdec79c', '992e5c70-7b14-44ae-b2fc-d0c884659841');
INSERT INTO art_ping.employee_role VALUES ('66d8f088-db4b-4f92-be62-5e3ddbf2bbe7', 'a6f8a1b3-622f-4196-8dea-9dde2fdec79c', '5b204bc5-6430-4939-aa23-17b1482c6d98');
INSERT INTO art_ping.employee_role VALUES ('fdce2e9d-ff79-41ce-a312-dacbbe0ae4f0', 'a6f8a1b3-622f-4196-8dea-9dde2fdec79c', '9f4932a6-c650-4cd2-9338-2eefa47aeb35');
INSERT INTO art_ping.employee_role VALUES ('4eaf1026-c91b-4471-914e-07092e00ec49', 'a6f8a1b3-622f-4196-8dea-9dde2fdec79c', 'e7051ffa-0edb-4ac7-84ed-12c1d3b2b5f8');
INSERT INTO art_ping.employee_role VALUES ('bc1b9a24-490c-4369-b1cb-89c9da66bd81', 'a6f8a1b3-622f-4196-8dea-9dde2fdec79c', 'eea13552-ad24-4165-bce4-f1b22776739c');
INSERT INTO art_ping.employee (id, first_name, last_name, office_id, user_id, leave_date, updated, login, email, calendar_id) VALUES ('5d82c286-6349-49ee-a0c8-8ae17c01a3ea', 'employeeName291', 'employeeLastName291', 'daaa06b0-e978-4afc-b28e-76d646efb0fa', 'd05f8ceb-9c57-4a0a-ac2c-64d0286f599c', null, '2021-12-23T15:57:56.186332100', 'testUser291', 'employee291@em.com', '81d84e96-db7c-46b3-aaef-338fbf47544a');
INSERT INTO art_ping.employee_role VALUES ('240e8445-3b6c-4025-b7e4-cc4223a62ec2', '5d82c286-6349-49ee-a0c8-8ae17c01a3ea', 'eea13552-ad24-4165-bce4-f1b22776739c');
INSERT INTO art_ping.employee (id, first_name, last_name, office_id, user_id, leave_date, updated, login, email, calendar_id) VALUES ('bc0e890f-7318-4cb2-9454-8c4480e65099', 'employeeName292', 'employeeLastName292', '96c7369a-6b4f-467b-a20a-e2609e4ef4ac', '6d56d83e-efc2-44bb-8b2f-d78c9bd1bbf4', null, '2021-12-23T15:57:56.186332100', 'testUser292', 'employee292@em.com', '4b1ba17b-5803-4657-aeff-19741575fd9d');
INSERT INTO art_ping.employee_role VALUES ('0d8bd478-27a6-40ed-9ccf-53dcc6bbba7e', 'bc0e890f-7318-4cb2-9454-8c4480e65099', '992e5c70-7b14-44ae-b2fc-d0c884659841');
INSERT INTO art_ping.employee_role VALUES ('b150084a-9f9e-43b1-92b5-a9c04b61497f', 'bc0e890f-7318-4cb2-9454-8c4480e65099', '9f4932a6-c650-4cd2-9338-2eefa47aeb35');
INSERT INTO art_ping.employee_role VALUES ('a3581a19-39f0-4920-a648-e8c786e98ba7', 'bc0e890f-7318-4cb2-9454-8c4480e65099', 'e7051ffa-0edb-4ac7-84ed-12c1d3b2b5f8');
INSERT INTO art_ping.employee_role VALUES ('c7aa4c1a-dd6d-4a48-b6d7-bb4efafc7410', 'bc0e890f-7318-4cb2-9454-8c4480e65099', 'eea13552-ad24-4165-bce4-f1b22776739c');
INSERT INTO art_ping.employee (id, first_name, last_name, office_id, user_id, leave_date, updated, login, email, calendar_id) VALUES ('ad5c3500-572d-4e3c-84ce-abbf11468475', 'employeeName293', 'employeeLastName293', 'fbb0d772-72bf-4357-9724-4a94e81f03e9', '3773bc81-41cb-44a1-b919-fb397baee062', null, '2021-12-23T15:57:56.186332100', 'testUser293', 'employee293@em.com', '4ad4a8b0-be32-4038-8805-842060a2a44a');
INSERT INTO art_ping.employee_role VALUES ('dd95b33c-19f7-483b-911d-4969ef2774e1', 'ad5c3500-572d-4e3c-84ce-abbf11468475', '992e5c70-7b14-44ae-b2fc-d0c884659841');
INSERT INTO art_ping.employee_role VALUES ('1c03d7d0-3115-42b0-a9aa-837c953b8e5f', 'ad5c3500-572d-4e3c-84ce-abbf11468475', '5b204bc5-6430-4939-aa23-17b1482c6d98');
INSERT INTO art_ping.employee_role VALUES ('2f218638-bdec-482c-8baa-680fc882d0d3', 'ad5c3500-572d-4e3c-84ce-abbf11468475', '9f4932a6-c650-4cd2-9338-2eefa47aeb35');
INSERT INTO art_ping.employee_role VALUES ('05ad7ab7-789e-4faf-b6f1-77ca82a62df4', 'ad5c3500-572d-4e3c-84ce-abbf11468475', 'e7051ffa-0edb-4ac7-84ed-12c1d3b2b5f8');
INSERT INTO art_ping.employee_role VALUES ('feb99585-3004-413e-9f67-568cad36bf2a', 'ad5c3500-572d-4e3c-84ce-abbf11468475', 'eea13552-ad24-4165-bce4-f1b22776739c');
INSERT INTO art_ping.employee (id, first_name, last_name, office_id, user_id, leave_date, updated, login, email, calendar_id) VALUES ('2bed41e8-9a46-4856-8014-4e1941001799', 'employeeName294', 'employeeLastName294', '4422374d-8cc5-4ebb-9d30-0bc218591413', '7efbbb52-e1f4-42ec-8a5e-08952efcaa2b', null, '2021-12-23T15:57:56.186332100', 'testUser294', 'employee294@em.com', 'be21ba46-06d5-42d8-bc3f-703f93cb2233');
INSERT INTO art_ping.employee_role VALUES ('3afb43c9-7f0f-47bf-b7bb-26b183cb8a0e', '2bed41e8-9a46-4856-8014-4e1941001799', '992e5c70-7b14-44ae-b2fc-d0c884659841');
INSERT INTO art_ping.employee_role VALUES ('81e0f973-e20a-4d67-87a7-020122b68b15', '2bed41e8-9a46-4856-8014-4e1941001799', '9f4932a6-c650-4cd2-9338-2eefa47aeb35');
INSERT INTO art_ping.employee_role VALUES ('c9e3ff75-9630-454a-8820-3ebb26081b7f', '2bed41e8-9a46-4856-8014-4e1941001799', 'e7051ffa-0edb-4ac7-84ed-12c1d3b2b5f8');
INSERT INTO art_ping.employee_role VALUES ('49ed2f64-f203-4c0f-b30a-0aba235cda75', '2bed41e8-9a46-4856-8014-4e1941001799', 'eea13552-ad24-4165-bce4-f1b22776739c');
INSERT INTO art_ping.employee (id, first_name, last_name, office_id, user_id, leave_date, updated, login, email, calendar_id) VALUES ('326ac3e5-245e-4f54-bc7f-c89a0575f37c', 'employeeName295', 'employeeLastName295', 'd8453af2-e32a-4ed6-bfe2-334ebcfd2642', '383bbc71-99a3-4c89-b477-a408ba87f693', null, '2021-12-23T15:57:56.186332100', 'testUser295', 'employee295@em.com', 'debfb7a9-fe4c-45c7-9a4f-2c5143c9c1ca');
INSERT INTO art_ping.employee_role VALUES ('05218cb1-dc52-4e1c-9433-013fd1e59599', '326ac3e5-245e-4f54-bc7f-c89a0575f37c', '5b204bc5-6430-4939-aa23-17b1482c6d98');
INSERT INTO art_ping.employee_role VALUES ('de91109a-0c0c-49b5-8623-5f124a2bc871', '326ac3e5-245e-4f54-bc7f-c89a0575f37c', '9f4932a6-c650-4cd2-9338-2eefa47aeb35');
INSERT INTO art_ping.employee_role VALUES ('b3205c85-fb67-4b02-9e87-83482009dbfa', '326ac3e5-245e-4f54-bc7f-c89a0575f37c', 'e7051ffa-0edb-4ac7-84ed-12c1d3b2b5f8');
INSERT INTO art_ping.employee_role VALUES ('197eba1a-5938-499b-bd2e-e599c31867da', '326ac3e5-245e-4f54-bc7f-c89a0575f37c', 'eea13552-ad24-4165-bce4-f1b22776739c');
INSERT INTO art_ping.employee (id, first_name, last_name, office_id, user_id, leave_date, updated, login, email, calendar_id) VALUES ('22b95590-f019-4c0b-82ee-73e0fc114eec', 'employeeName296', 'employeeLastName296', '32e07a05-e7ff-448a-810d-fb68d7668522', '61bcf261-d730-4f36-a771-507548860ce0', null, '2021-12-23T15:57:56.186332100', 'testUser296', 'employee296@em.com', '0f73303c-5a23-4777-9c8b-720a36f1b310');
INSERT INTO art_ping.employee_role VALUES ('274d16ef-922e-4cc9-bc53-d14dfbec5f03', '22b95590-f019-4c0b-82ee-73e0fc114eec', '992e5c70-7b14-44ae-b2fc-d0c884659841');
INSERT INTO art_ping.employee_role VALUES ('2a3685d3-1df1-426a-b201-d051103ce388', '22b95590-f019-4c0b-82ee-73e0fc114eec', '9f4932a6-c650-4cd2-9338-2eefa47aeb35');
INSERT INTO art_ping.employee_role VALUES ('22815cbb-13c4-4f32-b70d-c1381bf85b83', '22b95590-f019-4c0b-82ee-73e0fc114eec', 'e7051ffa-0edb-4ac7-84ed-12c1d3b2b5f8');
INSERT INTO art_ping.employee_role VALUES ('06763713-a06f-4af3-a8cd-ada8ea299fd7', '22b95590-f019-4c0b-82ee-73e0fc114eec', 'eea13552-ad24-4165-bce4-f1b22776739c');
INSERT INTO art_ping.employee (id, first_name, last_name, office_id, user_id, leave_date, updated, login, email, calendar_id) VALUES ('e3453ceb-3aec-48b8-9376-a52af08e7111', 'employeeName297', 'employeeLastName297', 'd4afa6fa-1089-4b33-a723-4c2a09f69803', '2bba81e9-9775-4912-b59f-c947f308b4f1', null, '2021-12-23T15:57:56.186332100', 'testUser297', 'employee297@em.com', '6566ab75-9d9c-4b15-a7da-d064ec296488');
INSERT INTO art_ping.employee_role VALUES ('dd42f2e3-5387-4687-877f-3d46586c9912', 'e3453ceb-3aec-48b8-9376-a52af08e7111', '992e5c70-7b14-44ae-b2fc-d0c884659841');
INSERT INTO art_ping.employee_role VALUES ('455586d0-6696-43d1-8791-875b201c6bf3', 'e3453ceb-3aec-48b8-9376-a52af08e7111', '5b204bc5-6430-4939-aa23-17b1482c6d98');
INSERT INTO art_ping.employee_role VALUES ('35d9c4c4-6166-4d41-8e44-a12750eff9b2', 'e3453ceb-3aec-48b8-9376-a52af08e7111', 'eea13552-ad24-4165-bce4-f1b22776739c');
INSERT INTO art_ping.employee (id, first_name, last_name, office_id, user_id, leave_date, updated, login, email, calendar_id) VALUES ('ecff3071-8e08-4773-b824-cefc3f98780d', 'employeeName298', 'employeeLastName298', '33ab8005-0453-4d26-a47d-aa567174d60d', '48160ef7-c8be-4413-b9d5-0ba945c65b55', null, '2021-12-23T15:57:56.187331900', 'testUser298', 'employee298@em.com', '75ffb36c-275b-4fff-bc47-d5ad63139032');
INSERT INTO art_ping.employee_role VALUES ('4f940a9a-43d3-43c1-a8a9-9451bc56e88a', 'ecff3071-8e08-4773-b824-cefc3f98780d', '5b204bc5-6430-4939-aa23-17b1482c6d98');
INSERT INTO art_ping.employee_role VALUES ('04e68485-6a3e-46bf-a052-e72fcc55bffe', 'ecff3071-8e08-4773-b824-cefc3f98780d', 'e7051ffa-0edb-4ac7-84ed-12c1d3b2b5f8');
INSERT INTO art_ping.employee_role VALUES ('d8130eed-5de2-4b73-a209-cdad90857c07', 'ecff3071-8e08-4773-b824-cefc3f98780d', 'eea13552-ad24-4165-bce4-f1b22776739c');
INSERT INTO art_ping.employee (id, first_name, last_name, office_id, user_id, leave_date, updated, login, email, calendar_id) VALUES ('93caefdf-d11f-498f-9939-acfa4f238b68', 'employeeName299', 'employeeLastName299', '11f0e27c-0131-4578-bd11-ea0a3e7e94a7', '927d3af4-685e-433d-809b-ee417600b3c7', null, '2021-12-23T15:57:56.187331900', 'testUser299', 'employee299@em.com', '0a939078-93cc-4024-be1c-fce3e236261e');
INSERT INTO art_ping.employee_role VALUES ('7edc8ccf-f191-43af-a82d-bb2d1b009c8a', '93caefdf-d11f-498f-9939-acfa4f238b68', '992e5c70-7b14-44ae-b2fc-d0c884659841');
INSERT INTO art_ping.employee_role VALUES ('dcc9f1fe-4c05-4b1e-928e-4fb0aeb34c71', '93caefdf-d11f-498f-9939-acfa4f238b68', '5b204bc5-6430-4939-aa23-17b1482c6d98');
INSERT INTO art_ping.employee_role VALUES ('f5b65f35-52bc-44be-a7b3-4dc4038df9c4', '93caefdf-d11f-498f-9939-acfa4f238b68', '9f4932a6-c650-4cd2-9338-2eefa47aeb35');
INSERT INTO art_ping.employee_role VALUES ('6b738fb2-49b5-459c-b572-013d678cef45', '93caefdf-d11f-498f-9939-acfa4f238b68', 'eea13552-ad24-4165-bce4-f1b22776739c');
INSERT INTO art_ping.employee (id, first_name, last_name, office_id, user_id, leave_date, updated, login, email, calendar_id) VALUES ('969f05c5-9197-4e39-8ae9-d81af37dd9a7', 'employeeName300', 'employeeLastName300', 'b88e0f2b-9724-4381-9474-596e9d95360d', 'cf446251-851a-44db-9de0-a6d95efcac2b', null, '2021-12-23T15:57:56.187331900', 'testUser300', 'employee300@em.com', '29489e16-430c-414f-9fc9-1ba60487d240');
INSERT INTO art_ping.employee_role VALUES ('2a9ab5d4-b3ae-45b0-8725-dd56e2923ed3', '969f05c5-9197-4e39-8ae9-d81af37dd9a7', '5b204bc5-6430-4939-aa23-17b1482c6d98');
INSERT INTO art_ping.employee_role VALUES ('3c6be963-b0c3-4614-9f99-1b9f8671ecbc', '969f05c5-9197-4e39-8ae9-d81af37dd9a7', '9f4932a6-c650-4cd2-9338-2eefa47aeb35');
INSERT INTO art_ping.employee_role VALUES ('89a9419f-3b0a-48fe-8a27-b13c6d351d7a', '969f05c5-9197-4e39-8ae9-d81af37dd9a7', 'e7051ffa-0edb-4ac7-84ed-12c1d3b2b5f8');
INSERT INTO art_ping.employee_role VALUES ('78d2b6e4-3e1e-42eb-8f44-7022358cb1ef', '969f05c5-9197-4e39-8ae9-d81af37dd9a7', 'eea13552-ad24-4165-bce4-f1b22776739c');
INSERT INTO art_ping.employee (id, first_name, last_name, office_id, user_id, leave_date, updated, login, email, calendar_id) VALUES ('ae242bfa-9bae-45ea-9425-2b4eaeaa9b68', 'employeeName301', 'employeeLastName301', 'd194579f-c05f-4a84-abad-7d574c53b02c', '2ea22ea4-9d5c-45f9-9d1a-0bb43c1de89b', null, '2021-12-23T15:57:56.187331900', 'testUser301', 'employee301@em.com', '0a939078-93cc-4024-be1c-fce3e236261e');
INSERT INTO art_ping.employee_role VALUES ('e035d9ad-282b-427f-ae06-160a0038c3f5', 'ae242bfa-9bae-45ea-9425-2b4eaeaa9b68', '992e5c70-7b14-44ae-b2fc-d0c884659841');
INSERT INTO art_ping.employee_role VALUES ('01bae33d-1f62-42fa-ae67-fd35ee675e49', 'ae242bfa-9bae-45ea-9425-2b4eaeaa9b68', '5b204bc5-6430-4939-aa23-17b1482c6d98');
INSERT INTO art_ping.employee_role VALUES ('015a98f0-9fc0-49e6-9d82-94a7b2f03696', 'ae242bfa-9bae-45ea-9425-2b4eaeaa9b68', '9f4932a6-c650-4cd2-9338-2eefa47aeb35');
INSERT INTO art_ping.employee_role VALUES ('be3207d0-aa6c-4db6-b6e4-234e85296a52', 'ae242bfa-9bae-45ea-9425-2b4eaeaa9b68', 'eea13552-ad24-4165-bce4-f1b22776739c');
INSERT INTO art_ping.employee (id, first_name, last_name, office_id, user_id, leave_date, updated, login, email, calendar_id) VALUES ('65437f3f-cdfb-4732-ba14-73e765d78096', 'employeeName302', 'employeeLastName302', '192cd2f4-0a22-431c-b8ab-e94ce129b7ca', '2bdfab07-fd93-41fa-ab85-074a97175026', null, '2021-12-23T15:57:56.187331900', 'testUser302', 'employee302@em.com', 'afb13774-007e-435b-bf7b-173551fd2c8e');
INSERT INTO art_ping.employee_role VALUES ('413281c9-61df-4115-9e1a-00cc448cd8f6', '65437f3f-cdfb-4732-ba14-73e765d78096', '9f4932a6-c650-4cd2-9338-2eefa47aeb35');
INSERT INTO art_ping.employee_role VALUES ('313d367d-2ca1-4db5-97ee-2af2e4b7874d', '65437f3f-cdfb-4732-ba14-73e765d78096', 'e7051ffa-0edb-4ac7-84ed-12c1d3b2b5f8');
INSERT INTO art_ping.employee_role VALUES ('a4283e84-b9e9-446e-aade-e75c618710ae', '65437f3f-cdfb-4732-ba14-73e765d78096', 'eea13552-ad24-4165-bce4-f1b22776739c');
INSERT INTO art_ping.employee (id, first_name, last_name, office_id, user_id, leave_date, updated, login, email, calendar_id) VALUES ('ca80f43d-5268-431a-9be9-598b85e5fbd0', 'employeeName303', 'employeeLastName303', 'a8a8f2f0-997a-4c58-9970-65098c66c2fc', '08395291-5d8a-4b98-8d70-4c0a44631880', null, '2021-12-23T15:57:56.187331900', 'testUser303', 'employee303@em.com', '5d0fe03f-ed10-4373-bb72-2206c079ab4d');
INSERT INTO art_ping.employee_role VALUES ('a6f5a7f9-0a2c-4155-8550-a5edfc0acdb4', 'ca80f43d-5268-431a-9be9-598b85e5fbd0', '5b204bc5-6430-4939-aa23-17b1482c6d98');
INSERT INTO art_ping.employee_role VALUES ('fd91a878-7913-4ab3-bb45-0f80ba5a8576', 'ca80f43d-5268-431a-9be9-598b85e5fbd0', '9f4932a6-c650-4cd2-9338-2eefa47aeb35');
INSERT INTO art_ping.employee_role VALUES ('cf2d129e-4cfe-499b-ab09-841960c15e88', 'ca80f43d-5268-431a-9be9-598b85e5fbd0', 'e7051ffa-0edb-4ac7-84ed-12c1d3b2b5f8');
INSERT INTO art_ping.employee_role VALUES ('0080a154-3f95-4f43-a287-4a6035184171', 'ca80f43d-5268-431a-9be9-598b85e5fbd0', 'eea13552-ad24-4165-bce4-f1b22776739c');
INSERT INTO art_ping.employee (id, first_name, last_name, office_id, user_id, leave_date, updated, login, email, calendar_id) VALUES ('af63e045-ff18-4cc6-893b-1d088e0fc2cf', 'employeeName304', 'employeeLastName304', '3c7ace8f-06e4-49d5-bde7-ae8dcb6b241f', '2f67f869-3f08-4927-8d90-1f113e1cd3f3', null, '2021-12-23T15:57:56.187331900', 'testUser304', 'employee304@em.com', '4f6093ac-29bf-457b-9d82-0d7d7c2f089f');
INSERT INTO art_ping.employee_role VALUES ('feb86ab6-d8c7-400e-af51-2d205bb8847c', 'af63e045-ff18-4cc6-893b-1d088e0fc2cf', '5b204bc5-6430-4939-aa23-17b1482c6d98');
INSERT INTO art_ping.employee_role VALUES ('b8929370-8f82-4cee-a1fa-ab65d6c4fab3', 'af63e045-ff18-4cc6-893b-1d088e0fc2cf', 'eea13552-ad24-4165-bce4-f1b22776739c');
INSERT INTO art_ping.employee (id, first_name, last_name, office_id, user_id, leave_date, updated, login, email, calendar_id) VALUES ('8b18feb9-b326-47d7-b4b4-99e86b5d3642', 'employeeName305', 'employeeLastName305', 'b8410fbe-75ff-4d73-bd19-5477a82848fa', 'be81c99d-f6d1-4b05-9454-406d0b7736f0', null, '2021-12-23T15:57:56.187331900', 'testUser305', 'employee305@em.com', 'd7c4b3c8-6301-414d-b394-9c6ca223a4ce');
INSERT INTO art_ping.employee_role VALUES ('1208e519-f7dd-4472-bb3c-19e51a6337e1', '8b18feb9-b326-47d7-b4b4-99e86b5d3642', '992e5c70-7b14-44ae-b2fc-d0c884659841');
INSERT INTO art_ping.employee_role VALUES ('badfacb6-5077-40e1-9b74-f35f0421c0f9', '8b18feb9-b326-47d7-b4b4-99e86b5d3642', '5b204bc5-6430-4939-aa23-17b1482c6d98');
INSERT INTO art_ping.employee_role VALUES ('41746b7a-0571-400d-ae0f-f388646397be', '8b18feb9-b326-47d7-b4b4-99e86b5d3642', 'e7051ffa-0edb-4ac7-84ed-12c1d3b2b5f8');
INSERT INTO art_ping.employee_role VALUES ('5ca831e9-ef44-4d89-a587-3c09db7f9887', '8b18feb9-b326-47d7-b4b4-99e86b5d3642', 'eea13552-ad24-4165-bce4-f1b22776739c');
INSERT INTO art_ping.employee (id, first_name, last_name, office_id, user_id, leave_date, updated, login, email, calendar_id) VALUES ('66e5f9ba-af58-4ecb-920b-b052072af89b', 'employeeName306', 'employeeLastName306', '46e7dc59-0c29-4b6d-9648-3d3d0a93f010', '1029d6e9-b46f-49fe-9b86-a9cea46459a2', null, '2021-12-23T15:57:56.187331900', 'testUser306', 'employee306@em.com', 'ca70c6d6-f9ce-4038-82f0-9962fb960763');
INSERT INTO art_ping.employee_role VALUES ('9df554d2-edc3-48a6-ab02-3aa3ef85c467', '66e5f9ba-af58-4ecb-920b-b052072af89b', '992e5c70-7b14-44ae-b2fc-d0c884659841');
INSERT INTO art_ping.employee_role VALUES ('56c414ff-cbf0-489b-9072-59bfd8bb36cc', '66e5f9ba-af58-4ecb-920b-b052072af89b', '5b204bc5-6430-4939-aa23-17b1482c6d98');
INSERT INTO art_ping.employee_role VALUES ('4d493493-52b0-4591-96a7-d56adeaeecef', '66e5f9ba-af58-4ecb-920b-b052072af89b', '9f4932a6-c650-4cd2-9338-2eefa47aeb35');
INSERT INTO art_ping.employee_role VALUES ('69b64045-d883-4a5c-9ee5-be41f95b4366', '66e5f9ba-af58-4ecb-920b-b052072af89b', 'eea13552-ad24-4165-bce4-f1b22776739c');
INSERT INTO art_ping.employee (id, first_name, last_name, office_id, user_id, leave_date, updated, login, email, calendar_id) VALUES ('33c5e8ac-400e-4ec6-9e48-5d33bd81f95f', 'employeeName307', 'employeeLastName307', '3fd0d7f7-949b-41e7-949b-300f5a7d31d5', 'a1c4f80c-e56d-4c0c-bc93-0915f72c37b0', null, '2021-12-23T15:57:56.187331900', 'testUser307', 'employee307@em.com', '81d84e96-db7c-46b3-aaef-338fbf47544a');
INSERT INTO art_ping.employee_role VALUES ('5f0723b9-6ec4-4a7d-b357-e77570c88aea', '33c5e8ac-400e-4ec6-9e48-5d33bd81f95f', '992e5c70-7b14-44ae-b2fc-d0c884659841');
INSERT INTO art_ping.employee_role VALUES ('872bf0f9-cd50-4321-8151-9f71f0457192', '33c5e8ac-400e-4ec6-9e48-5d33bd81f95f', 'e7051ffa-0edb-4ac7-84ed-12c1d3b2b5f8');
INSERT INTO art_ping.employee_role VALUES ('3bbbf509-ccef-48e2-9ec6-60000c0ffa2f', '33c5e8ac-400e-4ec6-9e48-5d33bd81f95f', 'eea13552-ad24-4165-bce4-f1b22776739c');
INSERT INTO art_ping.employee (id, first_name, last_name, office_id, user_id, leave_date, updated, login, email, calendar_id) VALUES ('4dd27506-c685-49ae-b937-9633272a83d8', 'employeeName308', 'employeeLastName308', '946738bc-352f-4f45-967e-f934bf5e6785', '32ed8881-e2be-4ba1-811a-9c962742d89b', null, '2021-12-23T15:57:56.187331900', 'testUser308', 'employee308@em.com', '78c12def-4023-47c7-aa79-f78ace80f3c6');
INSERT INTO art_ping.employee_role VALUES ('2a63b836-e705-48d1-bbf1-403113e7d1af', '4dd27506-c685-49ae-b937-9633272a83d8', '5b204bc5-6430-4939-aa23-17b1482c6d98');
INSERT INTO art_ping.employee_role VALUES ('0b3ba7a8-5a22-4925-b60b-a88c6c65f203', '4dd27506-c685-49ae-b937-9633272a83d8', '9f4932a6-c650-4cd2-9338-2eefa47aeb35');
INSERT INTO art_ping.employee_role VALUES ('d36a7a9a-43fb-46a9-968b-84072efd91e2', '4dd27506-c685-49ae-b937-9633272a83d8', 'e7051ffa-0edb-4ac7-84ed-12c1d3b2b5f8');
INSERT INTO art_ping.employee_role VALUES ('20053eb2-34b6-45ff-888e-fbcb43a1092b', '4dd27506-c685-49ae-b937-9633272a83d8', 'eea13552-ad24-4165-bce4-f1b22776739c');
INSERT INTO art_ping.employee (id, first_name, last_name, office_id, user_id, leave_date, updated, login, email, calendar_id) VALUES ('35a3185c-b449-4041-a98b-51e2e4bdfa4c', 'employeeName309', 'employeeLastName309', '1eff2116-a6fa-4f55-b306-5e7b592e81aa', '5ffe5d49-a83c-407a-bae5-46991962e87a', null, '2021-12-23T15:57:56.187331900', 'testUser309', 'employee309@em.com', '49e35ed1-5eb8-47d3-988b-e65d5c65f597');
INSERT INTO art_ping.employee_role VALUES ('de238fd5-2e2d-47d3-bd3d-53de51f55c35', '35a3185c-b449-4041-a98b-51e2e4bdfa4c', '992e5c70-7b14-44ae-b2fc-d0c884659841');
INSERT INTO art_ping.employee_role VALUES ('dc1ae11c-3fda-493f-b09b-b02f91d0dc39', '35a3185c-b449-4041-a98b-51e2e4bdfa4c', '5b204bc5-6430-4939-aa23-17b1482c6d98');
INSERT INTO art_ping.employee_role VALUES ('876b3fa2-1f22-49e3-a873-069c8b2f976c', '35a3185c-b449-4041-a98b-51e2e4bdfa4c', 'eea13552-ad24-4165-bce4-f1b22776739c');
INSERT INTO art_ping.employee (id, first_name, last_name, office_id, user_id, leave_date, updated, login, email, calendar_id) VALUES ('d506ff2e-4561-4778-b519-7d7fb9384e04', 'employeeName310', 'employeeLastName310', '2581806d-09f9-4a12-9631-e0d9b1896867', '6bd83dc8-0c93-4f4f-8686-762f40d2fdc2', null, '2021-12-23T15:57:56.187331900', 'testUser310', 'employee310@em.com', '4e8599db-4282-47bf-8d07-a9a0f4be8445');
INSERT INTO art_ping.employee_role VALUES ('40bc1acc-c37c-4c6d-9307-31fe6b83dd39', 'd506ff2e-4561-4778-b519-7d7fb9384e04', '5b204bc5-6430-4939-aa23-17b1482c6d98');
INSERT INTO art_ping.employee_role VALUES ('48b91560-150c-49c8-a745-2ccb3eaf552b', 'd506ff2e-4561-4778-b519-7d7fb9384e04', 'e7051ffa-0edb-4ac7-84ed-12c1d3b2b5f8');
INSERT INTO art_ping.employee_role VALUES ('22cdd61f-1009-4d62-91c6-34798b45bc0a', 'd506ff2e-4561-4778-b519-7d7fb9384e04', 'eea13552-ad24-4165-bce4-f1b22776739c');
INSERT INTO art_ping.employee (id, first_name, last_name, office_id, user_id, leave_date, updated, login, email, calendar_id) VALUES ('e7001bd5-482c-4643-b5d7-ea6ee953b6b1', 'employeeName311', 'employeeLastName311', '8c48adbe-20a7-44bf-b911-77410174a31e', 'c1322287-bc7b-4599-bba6-90f6cafe0d26', null, '2021-12-23T15:57:56.187331900', 'testUser311', 'employee311@em.com', 'a235b392-0594-447a-8cf4-57ea8864c784');
INSERT INTO art_ping.employee_role VALUES ('e2afe373-fa17-43dd-81fd-73309c9389ad', 'e7001bd5-482c-4643-b5d7-ea6ee953b6b1', 'eea13552-ad24-4165-bce4-f1b22776739c');
INSERT INTO art_ping.employee (id, first_name, last_name, office_id, user_id, leave_date, updated, login, email, calendar_id) VALUES ('19a66dc2-080d-4711-abe3-a97cbda9803b', 'employeeName312', 'employeeLastName312', '96589e22-51f3-465e-a187-3ea688622fc4', '17bcaf06-88aa-4961-b9af-f42ae9c5d254', null, '2021-12-23T15:57:56.187331900', 'testUser312', 'employee312@em.com', '72be929c-8187-459f-a698-1a08fa9a158b');
INSERT INTO art_ping.employee_role VALUES ('2c1de812-f5ad-4641-a6d1-8a67b9ade952', '19a66dc2-080d-4711-abe3-a97cbda9803b', '992e5c70-7b14-44ae-b2fc-d0c884659841');
INSERT INTO art_ping.employee_role VALUES ('3703bf77-ee8e-41e3-8417-1bc199955648', '19a66dc2-080d-4711-abe3-a97cbda9803b', '5b204bc5-6430-4939-aa23-17b1482c6d98');
INSERT INTO art_ping.employee_role VALUES ('1c91de5c-de4a-4ac1-bbfd-ffd200218c22', '19a66dc2-080d-4711-abe3-a97cbda9803b', '9f4932a6-c650-4cd2-9338-2eefa47aeb35');
INSERT INTO art_ping.employee_role VALUES ('853e4ecd-2905-4f52-8520-332a699e40ec', '19a66dc2-080d-4711-abe3-a97cbda9803b', 'e7051ffa-0edb-4ac7-84ed-12c1d3b2b5f8');
INSERT INTO art_ping.employee_role VALUES ('051bcec2-672d-4334-8048-04645537517f', '19a66dc2-080d-4711-abe3-a97cbda9803b', 'eea13552-ad24-4165-bce4-f1b22776739c');
INSERT INTO art_ping.employee (id, first_name, last_name, office_id, user_id, leave_date, updated, login, email, calendar_id) VALUES ('06d7dbce-24ad-44d6-89f3-438d337d6ef4', 'employeeName313', 'employeeLastName313', '15dc9d19-cdf7-4cdd-92e0-a91d05433867', '3b1cd8d5-642f-4238-b2f5-94655b9e959a', null, '2021-12-23T15:57:56.187331900', 'testUser313', 'employee313@em.com', 'e82d3ca7-23bd-48c0-a0c3-b52d05aeaced');
INSERT INTO art_ping.employee_role VALUES ('e29e4acc-ad14-4f46-ad3a-14d4a9e4e99e', '06d7dbce-24ad-44d6-89f3-438d337d6ef4', '992e5c70-7b14-44ae-b2fc-d0c884659841');
INSERT INTO art_ping.employee_role VALUES ('5c76afb2-97d3-40c6-bf76-9cfdead0a077', '06d7dbce-24ad-44d6-89f3-438d337d6ef4', '5b204bc5-6430-4939-aa23-17b1482c6d98');
INSERT INTO art_ping.employee_role VALUES ('16aefdaf-f646-4b76-8867-606e17957c43', '06d7dbce-24ad-44d6-89f3-438d337d6ef4', '9f4932a6-c650-4cd2-9338-2eefa47aeb35');
INSERT INTO art_ping.employee_role VALUES ('17194828-973a-48a6-b8d6-7943f8dc851d', '06d7dbce-24ad-44d6-89f3-438d337d6ef4', 'eea13552-ad24-4165-bce4-f1b22776739c');
INSERT INTO art_ping.employee (id, first_name, last_name, office_id, user_id, leave_date, updated, login, email, calendar_id) VALUES ('e06de493-954d-4a4d-a3eb-fb67a4671cfc', 'employeeName314', 'employeeLastName314', '2e1e6484-42a4-4036-9431-6bdeabee49c7', '1fcf58d5-f041-4efe-9357-78603c8cca03', null, '2021-12-23T15:57:56.187331900', 'testUser314', 'employee314@em.com', '0765f6e0-08a7-4421-bd3c-97e427c474fc');
INSERT INTO art_ping.employee_role VALUES ('e4e90846-c141-4806-8fd3-27f2af31b858', 'e06de493-954d-4a4d-a3eb-fb67a4671cfc', 'e7051ffa-0edb-4ac7-84ed-12c1d3b2b5f8');
INSERT INTO art_ping.employee_role VALUES ('15ced413-e021-45d4-856b-dc96a7f0ad88', 'e06de493-954d-4a4d-a3eb-fb67a4671cfc', 'eea13552-ad24-4165-bce4-f1b22776739c');
INSERT INTO art_ping.employee (id, first_name, last_name, office_id, user_id, leave_date, updated, login, email, calendar_id) VALUES ('1c988d6d-899d-488d-8ba6-27658d029b2c', 'employeeName315', 'employeeLastName315', '4f435416-9153-49ad-9b90-11bf998deed8', '4f5ed2ba-f056-475a-9505-9207be95d5e3', null, '2021-12-23T15:57:56.187331900', 'testUser315', 'employee315@em.com', '3ca8d6d0-3ab2-4e7d-b43a-e789476d70cd');
INSERT INTO art_ping.employee_role VALUES ('79aa5ac3-fc05-4ff5-9e0c-5dc8b8be14eb', '1c988d6d-899d-488d-8ba6-27658d029b2c', '5b204bc5-6430-4939-aa23-17b1482c6d98');
INSERT INTO art_ping.employee_role VALUES ('ca8ecba6-0f4d-4613-b9ef-866b24ca64db', '1c988d6d-899d-488d-8ba6-27658d029b2c', 'e7051ffa-0edb-4ac7-84ed-12c1d3b2b5f8');
INSERT INTO art_ping.employee_role VALUES ('2b0daa75-9597-44e8-a8f2-6937c42f7f59', '1c988d6d-899d-488d-8ba6-27658d029b2c', 'eea13552-ad24-4165-bce4-f1b22776739c');
INSERT INTO art_ping.employee (id, first_name, last_name, office_id, user_id, leave_date, updated, login, email, calendar_id) VALUES ('e47a9330-d261-4c18-907a-b96e441d06ec', 'employeeName316', 'employeeLastName316', '7f104fc3-cb0d-4989-a397-74c2edfd0bdc', '81213444-6df8-4713-9bfa-fbd31d43ddaf', null, '2021-12-23T15:57:56.187331900', 'testUser316', 'employee316@em.com', 'a1c18b37-669c-4ad4-80f8-daa8d99c24d9');
INSERT INTO art_ping.employee_role VALUES ('ed0d43fe-04e9-42f8-919f-d887638a6133', 'e47a9330-d261-4c18-907a-b96e441d06ec', '992e5c70-7b14-44ae-b2fc-d0c884659841');
INSERT INTO art_ping.employee_role VALUES ('0df00a1a-bf66-43a4-a0da-c110ad07cc1f', 'e47a9330-d261-4c18-907a-b96e441d06ec', 'e7051ffa-0edb-4ac7-84ed-12c1d3b2b5f8');
INSERT INTO art_ping.employee_role VALUES ('d547ca61-8f25-47c3-b2b2-67aa396c7ac5', 'e47a9330-d261-4c18-907a-b96e441d06ec', 'eea13552-ad24-4165-bce4-f1b22776739c');
INSERT INTO art_ping.employee (id, first_name, last_name, office_id, user_id, leave_date, updated, login, email, calendar_id) VALUES ('8c05f93e-a563-4678-b1ff-9e196908d054', 'employeeName317', 'employeeLastName317', 'c2f21410-d133-4849-858a-620aad1936f0', '16f218d0-517b-419e-97ad-36397c172d30', null, '2021-12-23T15:57:56.187331900', 'testUser317', 'employee317@em.com', '7adf3ff0-be1c-46b4-831a-11f4faf1b392');
INSERT INTO art_ping.employee_role VALUES ('641c9d2e-186a-40f4-98b8-93555e9b77b2', '8c05f93e-a563-4678-b1ff-9e196908d054', '5b204bc5-6430-4939-aa23-17b1482c6d98');
INSERT INTO art_ping.employee_role VALUES ('617f8f79-9674-4767-9c5d-160369989558', '8c05f93e-a563-4678-b1ff-9e196908d054', '9f4932a6-c650-4cd2-9338-2eefa47aeb35');
INSERT INTO art_ping.employee_role VALUES ('7c5f882c-c45c-475c-bb28-e767092ee982', '8c05f93e-a563-4678-b1ff-9e196908d054', 'eea13552-ad24-4165-bce4-f1b22776739c');
INSERT INTO art_ping.employee (id, first_name, last_name, office_id, user_id, leave_date, updated, login, email, calendar_id) VALUES ('99e52a02-bac0-445b-8d97-903fb19434d1', 'employeeName318', 'employeeLastName318', '4af0742e-a71f-442c-b404-c96ead4c279e', 'b632a061-eea9-4e71-884f-e01ec25b593b', null, '2021-12-23T15:57:56.187331900', 'testUser318', 'employee318@em.com', '0f73303c-5a23-4777-9c8b-720a36f1b310');
INSERT INTO art_ping.employee_role VALUES ('e6b484da-5859-4fe1-8c5a-727e79afd1f0', '99e52a02-bac0-445b-8d97-903fb19434d1', '992e5c70-7b14-44ae-b2fc-d0c884659841');
INSERT INTO art_ping.employee_role VALUES ('b8b35cb2-2ffe-4c3d-b5c8-8d90e2980e06', '99e52a02-bac0-445b-8d97-903fb19434d1', 'eea13552-ad24-4165-bce4-f1b22776739c');
INSERT INTO art_ping.employee (id, first_name, last_name, office_id, user_id, leave_date, updated, login, email, calendar_id) VALUES ('9982ae8f-0654-4ea5-a5bf-f9b1c7ac89c1', 'employeeName319', 'employeeLastName319', 'a9ab5f2a-45b7-4659-824e-522d90911896', '6dc839a0-b4a9-423f-a632-0f3e9e38e1cb', null, '2021-12-23T15:57:56.187331900', 'testUser319', 'employee319@em.com', 'd7310f65-c734-4e83-b875-7c01e33250dc');
INSERT INTO art_ping.employee_role VALUES ('e0fedacb-2a3d-4a5e-b873-500d020c53ec', '9982ae8f-0654-4ea5-a5bf-f9b1c7ac89c1', '9f4932a6-c650-4cd2-9338-2eefa47aeb35');
INSERT INTO art_ping.employee_role VALUES ('66b17c7d-6122-4623-85f3-93069d21cb14', '9982ae8f-0654-4ea5-a5bf-f9b1c7ac89c1', 'eea13552-ad24-4165-bce4-f1b22776739c');
INSERT INTO art_ping.employee (id, first_name, last_name, office_id, user_id, leave_date, updated, login, email, calendar_id) VALUES ('d8004060-ae26-4daa-8bc7-735e1e3bf33b', 'employeeName320', 'employeeLastName320', '5b8dfc66-ca06-4ead-bdbd-509bdaf63200', 'be0c3781-7de7-477b-ae31-3bc715be7651', null, '2021-12-23T15:57:56.188331900', 'testUser320', 'employee320@em.com', '23775748-0ced-4446-a6d7-d6913f30ff57');
INSERT INTO art_ping.employee_role VALUES ('e1e956ee-c8c8-466e-9b2b-49cb1cb6ab72', 'd8004060-ae26-4daa-8bc7-735e1e3bf33b', '5b204bc5-6430-4939-aa23-17b1482c6d98');
INSERT INTO art_ping.employee_role VALUES ('ed2f21c9-6b11-4ead-85ed-e8ca113ea36b', 'd8004060-ae26-4daa-8bc7-735e1e3bf33b', 'e7051ffa-0edb-4ac7-84ed-12c1d3b2b5f8');
INSERT INTO art_ping.employee_role VALUES ('2a0916ab-a094-4f6e-ba8c-c24f1395466c', 'd8004060-ae26-4daa-8bc7-735e1e3bf33b', 'eea13552-ad24-4165-bce4-f1b22776739c');
INSERT INTO art_ping.employee (id, first_name, last_name, office_id, user_id, leave_date, updated, login, email, calendar_id) VALUES ('41edc2a3-5f19-4c2e-8e4b-75a89d28bdea', 'employeeName321', 'employeeLastName321', 'cd62ca69-0f41-43fe-8e05-813c2f890549', '45de2a55-9ba9-4783-a676-2e6ce6c1797b', null, '2021-12-23T15:57:56.188331900', 'testUser321', 'employee321@em.com', 'bef94631-81a4-4874-8f09-aa1fc75cd486');
INSERT INTO art_ping.employee_role VALUES ('0b1942f2-83d7-467a-945b-10bc3dde1a7c', '41edc2a3-5f19-4c2e-8e4b-75a89d28bdea', '992e5c70-7b14-44ae-b2fc-d0c884659841');
INSERT INTO art_ping.employee_role VALUES ('3ac461dd-8df3-4c95-92a1-ae40511de33c', '41edc2a3-5f19-4c2e-8e4b-75a89d28bdea', '9f4932a6-c650-4cd2-9338-2eefa47aeb35');
INSERT INTO art_ping.employee_role VALUES ('39f18d49-322a-4898-afc8-465db17a6086', '41edc2a3-5f19-4c2e-8e4b-75a89d28bdea', 'e7051ffa-0edb-4ac7-84ed-12c1d3b2b5f8');
INSERT INTO art_ping.employee_role VALUES ('6c4218d7-789b-43f0-b662-32682532fc2f', '41edc2a3-5f19-4c2e-8e4b-75a89d28bdea', 'eea13552-ad24-4165-bce4-f1b22776739c');
INSERT INTO art_ping.employee (id, first_name, last_name, office_id, user_id, leave_date, updated, login, email, calendar_id) VALUES ('9a2c2d3e-8742-427a-b85c-a6c064010cfb', 'employeeName322', 'employeeLastName322', '01efbb9f-ce39-452b-934d-7126d7938613', '1971bf67-ce49-458a-93cf-91111a5b9fa6', null, '2021-12-23T15:57:56.188331900', 'testUser322', 'employee322@em.com', 'd31f9382-b96d-477a-9079-9453e36b1b8d');
INSERT INTO art_ping.employee_role VALUES ('348a2a89-707f-4c84-995e-46e8691c7f0f', '9a2c2d3e-8742-427a-b85c-a6c064010cfb', '5b204bc5-6430-4939-aa23-17b1482c6d98');
INSERT INTO art_ping.employee_role VALUES ('46d57583-d241-481f-a689-fc77da57169b', '9a2c2d3e-8742-427a-b85c-a6c064010cfb', '9f4932a6-c650-4cd2-9338-2eefa47aeb35');
INSERT INTO art_ping.employee_role VALUES ('5d88a7f7-4e54-43d5-a888-8988134f0e18', '9a2c2d3e-8742-427a-b85c-a6c064010cfb', 'eea13552-ad24-4165-bce4-f1b22776739c');
INSERT INTO art_ping.employee (id, first_name, last_name, office_id, user_id, leave_date, updated, login, email, calendar_id) VALUES ('750e6c14-3132-4292-bdc3-182c1b18373e', 'employeeName323', 'employeeLastName323', 'adde6dde-4b74-4bc9-96eb-c669a83b2d84', 'f1fe7af1-caf5-440c-9d57-9cf78507903a', null, '2021-12-23T15:57:56.188331900', 'testUser323', 'employee323@em.com', '65b30d5f-f607-43c7-8c6d-7ca7ced24c0c');
INSERT INTO art_ping.employee_role VALUES ('724e3faf-6823-4e10-af28-9e3f07f63b3a', '750e6c14-3132-4292-bdc3-182c1b18373e', '5b204bc5-6430-4939-aa23-17b1482c6d98');
INSERT INTO art_ping.employee_role VALUES ('96d42474-ed24-42ed-8189-280f11429da9', '750e6c14-3132-4292-bdc3-182c1b18373e', '9f4932a6-c650-4cd2-9338-2eefa47aeb35');
INSERT INTO art_ping.employee_role VALUES ('a92564c3-6058-4280-bb07-10e75161471c', '750e6c14-3132-4292-bdc3-182c1b18373e', 'e7051ffa-0edb-4ac7-84ed-12c1d3b2b5f8');
INSERT INTO art_ping.employee_role VALUES ('905f31b6-511d-413f-8cfb-24b128250184', '750e6c14-3132-4292-bdc3-182c1b18373e', 'eea13552-ad24-4165-bce4-f1b22776739c');
INSERT INTO art_ping.employee (id, first_name, last_name, office_id, user_id, leave_date, updated, login, email, calendar_id) VALUES ('c959b146-9b08-4010-b577-312bff98e991', 'employeeName324', 'employeeLastName324', 'fbb0d772-72bf-4357-9724-4a94e81f03e9', 'abfc5eae-4c89-4693-bcf7-bf6aed4beb0c', null, '2021-12-23T15:57:56.188331900', 'testUser324', 'employee324@em.com', '4ad4a8b0-be32-4038-8805-842060a2a44a');
INSERT INTO art_ping.employee_role VALUES ('486d89a4-6cda-439c-8808-5608d8575eb0', 'c959b146-9b08-4010-b577-312bff98e991', '992e5c70-7b14-44ae-b2fc-d0c884659841');
INSERT INTO art_ping.employee_role VALUES ('754e5cb4-91e1-4194-8a79-9595348f85ba', 'c959b146-9b08-4010-b577-312bff98e991', 'eea13552-ad24-4165-bce4-f1b22776739c');
INSERT INTO art_ping.employee (id, first_name, last_name, office_id, user_id, leave_date, updated, login, email, calendar_id) VALUES ('c081cb8c-ccec-4887-aae1-0d25f16eeea7', 'employeeName325', 'employeeLastName325', '61859ba6-5f06-4445-b55b-86fee4fa99d0', 'c1f2843a-b952-4d1b-be9f-04c29f645b79', null, '2021-12-23T15:57:56.188331900', 'testUser325', 'employee325@em.com', '6a3fc83c-5be8-4ae8-a267-c99e818c896d');
INSERT INTO art_ping.employee_role VALUES ('8e6f6899-19eb-4814-98ff-96e64b2d4404', 'c081cb8c-ccec-4887-aae1-0d25f16eeea7', '992e5c70-7b14-44ae-b2fc-d0c884659841');
INSERT INTO art_ping.employee_role VALUES ('67f3b687-d434-4d36-a8a2-3fc7c58e2a0f', 'c081cb8c-ccec-4887-aae1-0d25f16eeea7', '5b204bc5-6430-4939-aa23-17b1482c6d98');
INSERT INTO art_ping.employee_role VALUES ('e451f17b-79bd-47bd-a27b-2543328695e1', 'c081cb8c-ccec-4887-aae1-0d25f16eeea7', 'e7051ffa-0edb-4ac7-84ed-12c1d3b2b5f8');
INSERT INTO art_ping.employee_role VALUES ('11d17475-4421-4ae2-9f75-6f04f0a5c288', 'c081cb8c-ccec-4887-aae1-0d25f16eeea7', 'eea13552-ad24-4165-bce4-f1b22776739c');
INSERT INTO art_ping.employee (id, first_name, last_name, office_id, user_id, leave_date, updated, login, email, calendar_id) VALUES ('4242e906-afdd-451d-828a-ce35ca2d9931', 'employeeName326', 'employeeLastName326', '4abf9944-1b3c-433e-ae00-692f5e3f9c7c', 'ffa3a38f-683c-4189-99d6-9ce01b60f2d0', null, '2021-12-23T15:57:56.188331900', 'testUser326', 'employee326@em.com', 'd31f9382-b96d-477a-9079-9453e36b1b8d');
INSERT INTO art_ping.employee_role VALUES ('d0360425-3c47-431c-8670-e7813832caf9', '4242e906-afdd-451d-828a-ce35ca2d9931', '992e5c70-7b14-44ae-b2fc-d0c884659841');
INSERT INTO art_ping.employee_role VALUES ('09af46ed-0f4f-4c6a-9ca4-f50a9d4bd0ca', '4242e906-afdd-451d-828a-ce35ca2d9931', 'eea13552-ad24-4165-bce4-f1b22776739c');
INSERT INTO art_ping.employee (id, first_name, last_name, office_id, user_id, leave_date, updated, login, email, calendar_id) VALUES ('b6563d74-1e2b-4bc2-9c0c-b418a628bb78', 'employeeName327', 'employeeLastName327', '365690ba-23f8-47fd-8dbe-d252927bf89d', '75026efe-53c6-469c-82dd-8601f7722979', null, '2021-12-23T15:57:56.188331900', 'testUser327', 'employee327@em.com', '72be929c-8187-459f-a698-1a08fa9a158b');
INSERT INTO art_ping.employee_role VALUES ('cdb1de06-9bd8-4e72-8689-e854868046fa', 'b6563d74-1e2b-4bc2-9c0c-b418a628bb78', '992e5c70-7b14-44ae-b2fc-d0c884659841');
INSERT INTO art_ping.employee_role VALUES ('c980c40e-94d2-4735-910c-5ebcd663b27b', 'b6563d74-1e2b-4bc2-9c0c-b418a628bb78', '9f4932a6-c650-4cd2-9338-2eefa47aeb35');
INSERT INTO art_ping.employee_role VALUES ('f6c20499-55b0-448c-943b-1396cf0b19fa', 'b6563d74-1e2b-4bc2-9c0c-b418a628bb78', 'eea13552-ad24-4165-bce4-f1b22776739c');
INSERT INTO art_ping.employee (id, first_name, last_name, office_id, user_id, leave_date, updated, login, email, calendar_id) VALUES ('d6b2e235-5572-40f7-a821-1c3ed79fed56', 'employeeName328', 'employeeLastName328', 'a9ab5f2a-45b7-4659-824e-522d90911896', '6d934fc1-d6ff-4180-b59b-72d5426b8ff4', null, '2021-12-23T15:57:56.188331900', 'testUser328', 'employee328@em.com', 'd7310f65-c734-4e83-b875-7c01e33250dc');
INSERT INTO art_ping.employee_role VALUES ('755b2ad6-45c1-42ba-80d6-5a8b25ca4c46', 'd6b2e235-5572-40f7-a821-1c3ed79fed56', 'e7051ffa-0edb-4ac7-84ed-12c1d3b2b5f8');
INSERT INTO art_ping.employee_role VALUES ('a73052df-bd8b-4dcd-90e9-42ee2267586b', 'd6b2e235-5572-40f7-a821-1c3ed79fed56', 'eea13552-ad24-4165-bce4-f1b22776739c');
INSERT INTO art_ping.employee (id, first_name, last_name, office_id, user_id, leave_date, updated, login, email, calendar_id) VALUES ('e10888eb-d630-4580-871e-cbd4910c26ee', 'employeeName329', 'employeeLastName329', '11155b5c-0803-46b4-a3df-e856cefd5081', 'd05c243e-300c-4ba1-858e-c42d6597cac3', null, '2021-12-23T15:57:56.188331900', 'testUser329', 'employee329@em.com', 'b2e5aa59-05c9-4c12-9328-18bce88ee49a');
INSERT INTO art_ping.employee_role VALUES ('88a906b9-596b-478c-b5f7-894352dc472f', 'e10888eb-d630-4580-871e-cbd4910c26ee', '992e5c70-7b14-44ae-b2fc-d0c884659841');
INSERT INTO art_ping.employee_role VALUES ('74a279f3-744d-49e0-ad9b-24a3ae7921c8', 'e10888eb-d630-4580-871e-cbd4910c26ee', '9f4932a6-c650-4cd2-9338-2eefa47aeb35');
INSERT INTO art_ping.employee_role VALUES ('f2442610-1229-438d-9d86-a73928acef35', 'e10888eb-d630-4580-871e-cbd4910c26ee', 'eea13552-ad24-4165-bce4-f1b22776739c');
INSERT INTO art_ping.employee (id, first_name, last_name, office_id, user_id, leave_date, updated, login, email, calendar_id) VALUES ('e07742a4-107c-4c77-8d37-aaa5d771ca3e', 'employeeName330', 'employeeLastName330', 'dafe398a-eea8-4d46-8cd0-adebe0ca1125', '23249973-9cdf-41e8-86ea-f770538fd59f', null, '2021-12-23T15:57:56.188331900', 'testUser330', 'employee330@em.com', '1a3e5cab-ecf1-4f1a-b2f2-d8a796f6110d');
INSERT INTO art_ping.employee_role VALUES ('95813873-337f-419d-9415-de34dc18892d', 'e07742a4-107c-4c77-8d37-aaa5d771ca3e', '992e5c70-7b14-44ae-b2fc-d0c884659841');
INSERT INTO art_ping.employee_role VALUES ('a3a03aa3-0924-40b1-86c2-d42143fa9b19', 'e07742a4-107c-4c77-8d37-aaa5d771ca3e', '9f4932a6-c650-4cd2-9338-2eefa47aeb35');
INSERT INTO art_ping.employee_role VALUES ('39eb5c48-e1b6-415d-bf9a-d4a0e381e031', 'e07742a4-107c-4c77-8d37-aaa5d771ca3e', 'e7051ffa-0edb-4ac7-84ed-12c1d3b2b5f8');
INSERT INTO art_ping.employee_role VALUES ('d198e65e-db04-479b-8baa-44e817a291cb', 'e07742a4-107c-4c77-8d37-aaa5d771ca3e', 'eea13552-ad24-4165-bce4-f1b22776739c');
INSERT INTO art_ping.employee (id, first_name, last_name, office_id, user_id, leave_date, updated, login, email, calendar_id) VALUES ('bf99118f-478c-4f13-b090-c482af39638b', 'employeeName331', 'employeeLastName331', 'abc8cca9-482f-4160-a332-5e6a592fc951', 'defd877c-810c-4a2c-865c-ce6e8bc09039', null, '2021-12-23T15:57:56.188331900', 'testUser331', 'employee331@em.com', 'a235b392-0594-447a-8cf4-57ea8864c784');
INSERT INTO art_ping.employee_role VALUES ('a21e178e-5437-47fe-a3ba-d878f07f3624', 'bf99118f-478c-4f13-b090-c482af39638b', '992e5c70-7b14-44ae-b2fc-d0c884659841');
INSERT INTO art_ping.employee_role VALUES ('4b528109-bea4-4796-8a03-65e63db791ef', 'bf99118f-478c-4f13-b090-c482af39638b', '9f4932a6-c650-4cd2-9338-2eefa47aeb35');
INSERT INTO art_ping.employee_role VALUES ('fdc68dd0-c6b1-4c7a-b4de-a5bb731f3884', 'bf99118f-478c-4f13-b090-c482af39638b', 'eea13552-ad24-4165-bce4-f1b22776739c');
INSERT INTO art_ping.employee (id, first_name, last_name, office_id, user_id, leave_date, updated, login, email, calendar_id) VALUES ('c1c408a4-5c48-45b6-acee-bab5fb93950a', 'employeeName332', 'employeeLastName332', 'cfb9687b-7b43-49ad-a0b7-481378ab1b6c', '85caf1f7-8f6b-4dee-a4f1-f2263ab5a054', null, '2021-12-23T15:57:56.188331900', 'testUser332', 'employee332@em.com', '0f73303c-5a23-4777-9c8b-720a36f1b310');
INSERT INTO art_ping.employee_role VALUES ('9c2b12ce-3a3c-405d-915f-814698c4d3b0', 'c1c408a4-5c48-45b6-acee-bab5fb93950a', '992e5c70-7b14-44ae-b2fc-d0c884659841');
INSERT INTO art_ping.employee_role VALUES ('23f6a853-7c4d-4250-800f-51a6a7fcae21', 'c1c408a4-5c48-45b6-acee-bab5fb93950a', '5b204bc5-6430-4939-aa23-17b1482c6d98');
INSERT INTO art_ping.employee_role VALUES ('4b5bc07f-08ce-43f4-801f-5e4297f4bb8f', 'c1c408a4-5c48-45b6-acee-bab5fb93950a', 'eea13552-ad24-4165-bce4-f1b22776739c');
INSERT INTO art_ping.employee (id, first_name, last_name, office_id, user_id, leave_date, updated, login, email, calendar_id) VALUES ('d0ae51d6-3f25-42a4-aab6-bcdec2a7d13b', 'employeeName333', 'employeeLastName333', '46d3538f-a653-4008-ab31-15f7c64e493d', 'ea129c54-2066-4dec-a6b5-787e01230781', null, '2021-12-23T15:57:56.188331900', 'testUser333', 'employee333@em.com', 'f83e41d6-04f0-4b04-b4f1-949c46b31d00');
INSERT INTO art_ping.employee_role VALUES ('66ea4172-6790-4d76-bfd6-8dad597ef4e1', 'd0ae51d6-3f25-42a4-aab6-bcdec2a7d13b', '992e5c70-7b14-44ae-b2fc-d0c884659841');
INSERT INTO art_ping.employee_role VALUES ('ecd8ac8f-dd69-4418-91cf-860166601ad5', 'd0ae51d6-3f25-42a4-aab6-bcdec2a7d13b', '9f4932a6-c650-4cd2-9338-2eefa47aeb35');
INSERT INTO art_ping.employee_role VALUES ('0c9940bd-84c2-45cc-b29b-dca097fcd5d0', 'd0ae51d6-3f25-42a4-aab6-bcdec2a7d13b', 'eea13552-ad24-4165-bce4-f1b22776739c');
INSERT INTO art_ping.employee (id, first_name, last_name, office_id, user_id, leave_date, updated, login, email, calendar_id) VALUES ('308ced5a-35ab-483f-ad1d-b705e7d67578', 'employeeName334', 'employeeLastName334', 'fcfdf624-00ef-4319-bf95-ccad4188dc11', '73221738-08cc-419b-b66a-c347be5fbcf6', null, '2021-12-23T15:57:56.188331900', 'testUser334', 'employee334@em.com', '3ea41cd2-2e35-467b-a976-9406d9c891da');
INSERT INTO art_ping.employee_role VALUES ('8106f5ad-aa18-408e-920e-aea2d170d4c0', '308ced5a-35ab-483f-ad1d-b705e7d67578', 'eea13552-ad24-4165-bce4-f1b22776739c');
INSERT INTO art_ping.employee (id, first_name, last_name, office_id, user_id, leave_date, updated, login, email, calendar_id) VALUES ('8e0f0958-a38e-4654-bd93-59c73dbb4de4', 'employeeName335', 'employeeLastName335', '408b1964-209f-4569-a642-79852bbe5d08', 'a1bf41f3-02fc-416d-a0b4-3298f23c6909', null, '2021-12-23T15:57:56.188331900', 'testUser335', 'employee335@em.com', '774135d2-f0e3-47c2-8496-78319f1757d0');
INSERT INTO art_ping.employee_role VALUES ('c2c14f26-d057-4c2e-999c-dbfb70e15f78', '8e0f0958-a38e-4654-bd93-59c73dbb4de4', '992e5c70-7b14-44ae-b2fc-d0c884659841');
INSERT INTO art_ping.employee_role VALUES ('37e21aea-5b3a-4450-a229-2ca7d0d809d8', '8e0f0958-a38e-4654-bd93-59c73dbb4de4', '5b204bc5-6430-4939-aa23-17b1482c6d98');
INSERT INTO art_ping.employee_role VALUES ('a9c94339-65ae-4d7b-bcc8-9bcb0bd41da8', '8e0f0958-a38e-4654-bd93-59c73dbb4de4', '9f4932a6-c650-4cd2-9338-2eefa47aeb35');
INSERT INTO art_ping.employee_role VALUES ('19b173f1-35cf-4e01-a58c-e71f8984e088', '8e0f0958-a38e-4654-bd93-59c73dbb4de4', 'e7051ffa-0edb-4ac7-84ed-12c1d3b2b5f8');
INSERT INTO art_ping.employee_role VALUES ('a4bba73a-bb39-4fb0-9b0f-80c50aafd7d9', '8e0f0958-a38e-4654-bd93-59c73dbb4de4', 'eea13552-ad24-4165-bce4-f1b22776739c');
INSERT INTO art_ping.employee (id, first_name, last_name, office_id, user_id, leave_date, updated, login, email, calendar_id) VALUES ('32ed9b74-cfe4-47be-a4a1-75a2574f79f7', 'employeeName336', 'employeeLastName336', '75ae830a-0f5f-45ae-ab83-ea53a218d53f', 'fbb301dc-43ae-4adc-8123-911f4451a4f7', null, '2021-12-23T15:57:56.188331900', 'testUser336', 'employee336@em.com', 'a75f9563-6d25-4f63-9f5c-55202d6b830f');
INSERT INTO art_ping.employee_role VALUES ('163f9460-3047-4b25-9af2-7301e13649af', '32ed9b74-cfe4-47be-a4a1-75a2574f79f7', '992e5c70-7b14-44ae-b2fc-d0c884659841');
INSERT INTO art_ping.employee_role VALUES ('1246e461-cc1c-4e95-85d2-80cc6488bff9', '32ed9b74-cfe4-47be-a4a1-75a2574f79f7', '5b204bc5-6430-4939-aa23-17b1482c6d98');
INSERT INTO art_ping.employee_role VALUES ('502ff789-6ecd-4c96-89a0-5075b3160ea7', '32ed9b74-cfe4-47be-a4a1-75a2574f79f7', '9f4932a6-c650-4cd2-9338-2eefa47aeb35');
INSERT INTO art_ping.employee_role VALUES ('b356635a-2bb7-43a8-914a-49b37fc343b6', '32ed9b74-cfe4-47be-a4a1-75a2574f79f7', 'eea13552-ad24-4165-bce4-f1b22776739c');
INSERT INTO art_ping.employee (id, first_name, last_name, office_id, user_id, leave_date, updated, login, email, calendar_id) VALUES ('a894ee0f-9b68-4185-a435-5cea33c3fce6', 'employeeName337', 'employeeLastName337', '9d04c43c-2c50-484b-b092-ef5a5d109212', '83fdf125-13a4-439b-92e2-3836df6849d9', null, '2021-12-23T15:57:56.188331900', 'testUser337', 'employee337@em.com', 'bef94631-81a4-4874-8f09-aa1fc75cd486');
INSERT INTO art_ping.employee_role VALUES ('96871b8d-f736-4682-887a-9e33e33f3659', 'a894ee0f-9b68-4185-a435-5cea33c3fce6', '5b204bc5-6430-4939-aa23-17b1482c6d98');
INSERT INTO art_ping.employee_role VALUES ('16434a0a-a154-4654-b4a7-e4bc93ca2bfe', 'a894ee0f-9b68-4185-a435-5cea33c3fce6', '9f4932a6-c650-4cd2-9338-2eefa47aeb35');
INSERT INTO art_ping.employee_role VALUES ('dc170c0d-2323-49d7-9393-117fb08376eb', 'a894ee0f-9b68-4185-a435-5cea33c3fce6', 'e7051ffa-0edb-4ac7-84ed-12c1d3b2b5f8');
INSERT INTO art_ping.employee_role VALUES ('dfed1635-3bc1-4f59-88cd-5bd3b3e80117', 'a894ee0f-9b68-4185-a435-5cea33c3fce6', 'eea13552-ad24-4165-bce4-f1b22776739c');
INSERT INTO art_ping.employee (id, first_name, last_name, office_id, user_id, leave_date, updated, login, email, calendar_id) VALUES ('3c6e0c9f-5628-4b52-8dd3-51073cb3b3e0', 'employeeName338', 'employeeLastName338', 'bd94b18f-cf3a-4687-b149-839a3394fcff', '27eb9d7f-8beb-428b-8e8d-8425d1ba30e6', null, '2021-12-23T15:57:56.188331900', 'testUser338', 'employee338@em.com', '8d334fa6-c85d-4b3d-b6ed-68e7e0b4c937');
INSERT INTO art_ping.employee_role VALUES ('79db57a1-fb06-42ee-b37a-28a09e9357b3', '3c6e0c9f-5628-4b52-8dd3-51073cb3b3e0', '9f4932a6-c650-4cd2-9338-2eefa47aeb35');
INSERT INTO art_ping.employee_role VALUES ('75665011-427f-47fb-b72e-b318e1ec3b79', '3c6e0c9f-5628-4b52-8dd3-51073cb3b3e0', 'e7051ffa-0edb-4ac7-84ed-12c1d3b2b5f8');
INSERT INTO art_ping.employee_role VALUES ('661107b5-4797-4bec-9799-b4928dbd765f', '3c6e0c9f-5628-4b52-8dd3-51073cb3b3e0', 'eea13552-ad24-4165-bce4-f1b22776739c');
INSERT INTO art_ping.employee (id, first_name, last_name, office_id, user_id, leave_date, updated, login, email, calendar_id) VALUES ('a91576d9-95f7-42f0-96c2-8d86fbc31bb8', 'employeeName339', 'employeeLastName339', 'dc162f6a-357f-42c8-bfc6-4c812d575ae1', '2872f128-a752-4b1c-bd03-344b231f669e', null, '2021-12-23T15:57:56.188331900', 'testUser339', 'employee339@em.com', 'fb545b92-c2c4-4225-be9c-77449368ff15');
INSERT INTO art_ping.employee_role VALUES ('487c2b7e-4e60-4086-b303-91938e048280', 'a91576d9-95f7-42f0-96c2-8d86fbc31bb8', '992e5c70-7b14-44ae-b2fc-d0c884659841');
INSERT INTO art_ping.employee_role VALUES ('acfeabee-a1cc-40bc-8bf3-afe200f40ddf', 'a91576d9-95f7-42f0-96c2-8d86fbc31bb8', 'eea13552-ad24-4165-bce4-f1b22776739c');
INSERT INTO art_ping.employee (id, first_name, last_name, office_id, user_id, leave_date, updated, login, email, calendar_id) VALUES ('7b45c0df-31bf-463e-85a7-74ff2d101ed8', 'employeeName340', 'employeeLastName340', '6f3284c5-9ab5-45cc-90e7-b7b092d7eeac', 'a1d22212-d443-4d76-85e7-9e8de0be6336', null, '2021-12-23T15:57:56.188331900', 'testUser340', 'employee340@em.com', '774135d2-f0e3-47c2-8496-78319f1757d0');
INSERT INTO art_ping.employee_role VALUES ('f8fd272a-dcbb-4145-b505-acca25532e41', '7b45c0df-31bf-463e-85a7-74ff2d101ed8', '992e5c70-7b14-44ae-b2fc-d0c884659841');
INSERT INTO art_ping.employee_role VALUES ('7a116a1a-6f14-48e1-97e4-fbb826cd7b30', '7b45c0df-31bf-463e-85a7-74ff2d101ed8', '5b204bc5-6430-4939-aa23-17b1482c6d98');
INSERT INTO art_ping.employee_role VALUES ('e13072b3-f8f5-4879-8004-8b17967fa3e2', '7b45c0df-31bf-463e-85a7-74ff2d101ed8', 'e7051ffa-0edb-4ac7-84ed-12c1d3b2b5f8');
INSERT INTO art_ping.employee_role VALUES ('64a3873a-3885-4a41-b6c2-4ee76bcdf2f8', '7b45c0df-31bf-463e-85a7-74ff2d101ed8', 'eea13552-ad24-4165-bce4-f1b22776739c');
INSERT INTO art_ping.employee (id, first_name, last_name, office_id, user_id, leave_date, updated, login, email, calendar_id) VALUES ('fa21f402-1783-4e26-a087-c5cc50765fe8', 'employeeName341', 'employeeLastName341', '08ca9868-9653-4dab-bbb7-c394d84d0edf', '60ac7e03-a820-4429-837e-96083029f530', null, '2021-12-23T15:57:56.188331900', 'testUser341', 'employee341@em.com', 'be21ba46-06d5-42d8-bc3f-703f93cb2233');
INSERT INTO art_ping.employee_role VALUES ('9ca55ced-a002-4308-83a0-c706ada67940', 'fa21f402-1783-4e26-a087-c5cc50765fe8', '5b204bc5-6430-4939-aa23-17b1482c6d98');
INSERT INTO art_ping.employee_role VALUES ('3c401c26-c49a-4263-b91f-7314a9d6fb3f', 'fa21f402-1783-4e26-a087-c5cc50765fe8', '9f4932a6-c650-4cd2-9338-2eefa47aeb35');
INSERT INTO art_ping.employee_role VALUES ('3c11fa3f-87df-4a4f-af7f-be540900ab49', 'fa21f402-1783-4e26-a087-c5cc50765fe8', 'e7051ffa-0edb-4ac7-84ed-12c1d3b2b5f8');
INSERT INTO art_ping.employee_role VALUES ('4f4b47d9-fb50-41a9-91cf-0bf551ae2d69', 'fa21f402-1783-4e26-a087-c5cc50765fe8', 'eea13552-ad24-4165-bce4-f1b22776739c');
INSERT INTO art_ping.employee (id, first_name, last_name, office_id, user_id, leave_date, updated, login, email, calendar_id) VALUES ('ee6e51f7-4879-4bc5-a8b5-e38b8f0eebe1', 'employeeName342', 'employeeLastName342', 'c8f8fe82-8d32-4b70-a36f-51b68aa6e19d', '7f3156ff-c515-4dd1-893a-b1ab31482455', null, '2021-12-23T15:57:56.188331900', 'testUser342', 'employee342@em.com', '9e1dbd73-6f0f-400c-ab9f-a68b5bb6d464');
INSERT INTO art_ping.employee_role VALUES ('d83b390d-e93f-4d0a-96c6-421155b678fd', 'ee6e51f7-4879-4bc5-a8b5-e38b8f0eebe1', '992e5c70-7b14-44ae-b2fc-d0c884659841');
INSERT INTO art_ping.employee_role VALUES ('1874db73-15c5-4154-a586-29221c6f3b15', 'ee6e51f7-4879-4bc5-a8b5-e38b8f0eebe1', 'e7051ffa-0edb-4ac7-84ed-12c1d3b2b5f8');
INSERT INTO art_ping.employee_role VALUES ('004c1bb5-fa17-4bd2-93fc-79571868f9e9', 'ee6e51f7-4879-4bc5-a8b5-e38b8f0eebe1', 'eea13552-ad24-4165-bce4-f1b22776739c');
INSERT INTO art_ping.employee (id, first_name, last_name, office_id, user_id, leave_date, updated, login, email, calendar_id) VALUES ('c1bbc082-5ce3-4228-8c49-4d89cf9533d9', 'employeeName343', 'employeeLastName343', 'f0ae8cc6-ce7c-4272-8e15-619998d00d3b', 'd242fbbd-e0f0-4c9d-8324-3cdfafc11080', null, '2021-12-23T15:57:56.188331900', 'testUser343', 'employee343@em.com', '10387938-3ba2-4382-8a36-f7a5769851e4');
INSERT INTO art_ping.employee_role VALUES ('512af70b-a5ea-4e25-9e5f-0bcf24c62b25', 'c1bbc082-5ce3-4228-8c49-4d89cf9533d9', '992e5c70-7b14-44ae-b2fc-d0c884659841');
INSERT INTO art_ping.employee_role VALUES ('579060b8-e543-4d52-a2c0-eec0c06b83ee', 'c1bbc082-5ce3-4228-8c49-4d89cf9533d9', '5b204bc5-6430-4939-aa23-17b1482c6d98');
INSERT INTO art_ping.employee_role VALUES ('872d125d-c43c-4194-b632-54540198a9fd', 'c1bbc082-5ce3-4228-8c49-4d89cf9533d9', '9f4932a6-c650-4cd2-9338-2eefa47aeb35');
INSERT INTO art_ping.employee_role VALUES ('dcfd09ee-0fd5-4c85-97ce-9d8b07c1df70', 'c1bbc082-5ce3-4228-8c49-4d89cf9533d9', 'e7051ffa-0edb-4ac7-84ed-12c1d3b2b5f8');
INSERT INTO art_ping.employee_role VALUES ('2db90900-a29e-45b4-bcc0-33974ee096d7', 'c1bbc082-5ce3-4228-8c49-4d89cf9533d9', 'eea13552-ad24-4165-bce4-f1b22776739c');
INSERT INTO art_ping.employee (id, first_name, last_name, office_id, user_id, leave_date, updated, login, email, calendar_id) VALUES ('933b5c28-e1a9-4a5d-8fa2-f4c7b9d1084d', 'employeeName344', 'employeeLastName344', 'a7627bd2-e1a1-436c-a003-af2b199ae21e', '3957fd76-67d5-41ae-8ef2-00bd34d3e126', null, '2021-12-23T15:57:56.188331900', 'testUser344', 'employee344@em.com', '4b1ba17b-5803-4657-aeff-19741575fd9d');
INSERT INTO art_ping.employee_role VALUES ('b37a1c10-24bb-4e05-9684-01dc84473fab', '933b5c28-e1a9-4a5d-8fa2-f4c7b9d1084d', '992e5c70-7b14-44ae-b2fc-d0c884659841');
INSERT INTO art_ping.employee_role VALUES ('af90240b-14ea-4248-8366-a9f4cefcbc34', '933b5c28-e1a9-4a5d-8fa2-f4c7b9d1084d', '5b204bc5-6430-4939-aa23-17b1482c6d98');
INSERT INTO art_ping.employee_role VALUES ('1bf5d635-c1f2-496a-bbb9-95a95828de8c', '933b5c28-e1a9-4a5d-8fa2-f4c7b9d1084d', 'e7051ffa-0edb-4ac7-84ed-12c1d3b2b5f8');
INSERT INTO art_ping.employee_role VALUES ('e5a364a4-ae58-433f-a103-af3c9caeb5f5', '933b5c28-e1a9-4a5d-8fa2-f4c7b9d1084d', 'eea13552-ad24-4165-bce4-f1b22776739c');
INSERT INTO art_ping.employee (id, first_name, last_name, office_id, user_id, leave_date, updated, login, email, calendar_id) VALUES ('3a538874-0fd8-4eef-b294-831512cb6b43', 'employeeName345', 'employeeLastName345', '6c096465-a22c-46b9-b090-757d9f87d082', '8035dd96-d939-4de3-81e3-a247f7a99ea1', null, '2021-12-23T15:57:56.189331800', 'testUser345', 'employee345@em.com', 'be21ba46-06d5-42d8-bc3f-703f93cb2233');
INSERT INTO art_ping.employee_role VALUES ('2f070cb2-abc2-47c4-9e03-83c17c4a3de7', '3a538874-0fd8-4eef-b294-831512cb6b43', '992e5c70-7b14-44ae-b2fc-d0c884659841');
INSERT INTO art_ping.employee_role VALUES ('cc6ddff9-ad6c-4c7e-9008-527a39497baf', '3a538874-0fd8-4eef-b294-831512cb6b43', '5b204bc5-6430-4939-aa23-17b1482c6d98');
INSERT INTO art_ping.employee_role VALUES ('b331c3bc-718f-4dfe-a30d-72e41a909bea', '3a538874-0fd8-4eef-b294-831512cb6b43', '9f4932a6-c650-4cd2-9338-2eefa47aeb35');
INSERT INTO art_ping.employee_role VALUES ('50ad96c0-ef92-498d-8c65-a84a8e506376', '3a538874-0fd8-4eef-b294-831512cb6b43', 'e7051ffa-0edb-4ac7-84ed-12c1d3b2b5f8');
INSERT INTO art_ping.employee_role VALUES ('5c8a4c06-a982-401b-aef2-ea471d117450', '3a538874-0fd8-4eef-b294-831512cb6b43', 'eea13552-ad24-4165-bce4-f1b22776739c');
INSERT INTO art_ping.employee (id, first_name, last_name, office_id, user_id, leave_date, updated, login, email, calendar_id) VALUES ('2a4e8b0c-fc62-46fd-acd1-f47b3f08e54e', 'employeeName346', 'employeeLastName346', '5f6aa422-9a06-45cf-abe7-77d00808a32c', '2316ab5c-ceb8-41de-b09f-b78e04029a5b', null, '2021-12-23T15:57:56.189331800', 'testUser346', 'employee346@em.com', '65b30d5f-f607-43c7-8c6d-7ca7ced24c0c');
INSERT INTO art_ping.employee_role VALUES ('ea1d35e4-0023-43d3-a530-7f8e7573e4a7', '2a4e8b0c-fc62-46fd-acd1-f47b3f08e54e', '992e5c70-7b14-44ae-b2fc-d0c884659841');
INSERT INTO art_ping.employee_role VALUES ('2e1be360-d4dd-4f9c-9170-70ee3de9d9db', '2a4e8b0c-fc62-46fd-acd1-f47b3f08e54e', '5b204bc5-6430-4939-aa23-17b1482c6d98');
INSERT INTO art_ping.employee_role VALUES ('d6b5cc29-abc4-4568-a473-eaab690f1583', '2a4e8b0c-fc62-46fd-acd1-f47b3f08e54e', 'e7051ffa-0edb-4ac7-84ed-12c1d3b2b5f8');
INSERT INTO art_ping.employee_role VALUES ('ddc8cd4b-2488-4456-b172-2297b91cf417', '2a4e8b0c-fc62-46fd-acd1-f47b3f08e54e', 'eea13552-ad24-4165-bce4-f1b22776739c');
INSERT INTO art_ping.employee (id, first_name, last_name, office_id, user_id, leave_date, updated, login, email, calendar_id) VALUES ('82ba39fe-9452-4426-b62b-d9b0376c2b6e', 'employeeName347', 'employeeLastName347', 'd3997f77-241d-4e12-94a3-d24648977391', '8f25cc32-049e-4377-86c8-a1028b3da45e', null, '2021-12-23T15:57:56.189331800', 'testUser347', 'employee347@em.com', '7061fcee-5c59-426b-ba35-44c82724e8b7');
INSERT INTO art_ping.employee_role VALUES ('fa6f9e2d-009e-4284-9ad2-097f9a8c0c18', '82ba39fe-9452-4426-b62b-d9b0376c2b6e', '992e5c70-7b14-44ae-b2fc-d0c884659841');
INSERT INTO art_ping.employee_role VALUES ('0d86d352-d2ef-4239-9c58-c0c65ff60e62', '82ba39fe-9452-4426-b62b-d9b0376c2b6e', '9f4932a6-c650-4cd2-9338-2eefa47aeb35');
INSERT INTO art_ping.employee_role VALUES ('13ca1fb4-6b07-4f58-9065-5310f62a8774', '82ba39fe-9452-4426-b62b-d9b0376c2b6e', 'e7051ffa-0edb-4ac7-84ed-12c1d3b2b5f8');
INSERT INTO art_ping.employee_role VALUES ('ac1d1614-584a-450a-8db2-0c65a85caac7', '82ba39fe-9452-4426-b62b-d9b0376c2b6e', 'eea13552-ad24-4165-bce4-f1b22776739c');
INSERT INTO art_ping.employee (id, first_name, last_name, office_id, user_id, leave_date, updated, login, email, calendar_id) VALUES ('65c8b1e8-72da-4a05-9ea2-82a47bfbe8f7', 'employeeName348', 'employeeLastName348', '4052bbb4-698b-4e06-8c4f-ad991181b43c', '9090613f-2eb3-465d-a0d8-2ae080292aa5', null, '2021-12-23T15:57:56.189331800', 'testUser348', 'employee348@em.com', '0cf01225-a8a0-423e-aaa4-cabdeddf233e');
INSERT INTO art_ping.employee_role VALUES ('ae44c2a4-4eef-4b02-b594-e009763a5660', '65c8b1e8-72da-4a05-9ea2-82a47bfbe8f7', '992e5c70-7b14-44ae-b2fc-d0c884659841');
INSERT INTO art_ping.employee_role VALUES ('d7d537ab-4864-4448-93f4-ed23f844d1c7', '65c8b1e8-72da-4a05-9ea2-82a47bfbe8f7', '5b204bc5-6430-4939-aa23-17b1482c6d98');
INSERT INTO art_ping.employee_role VALUES ('7d9ef871-de02-4b21-a499-832b18cc6e10', '65c8b1e8-72da-4a05-9ea2-82a47bfbe8f7', 'e7051ffa-0edb-4ac7-84ed-12c1d3b2b5f8');
INSERT INTO art_ping.employee_role VALUES ('4d1a0e3a-c4d0-47bf-8f9d-3459bbed8dd5', '65c8b1e8-72da-4a05-9ea2-82a47bfbe8f7', 'eea13552-ad24-4165-bce4-f1b22776739c');
INSERT INTO art_ping.employee (id, first_name, last_name, office_id, user_id, leave_date, updated, login, email, calendar_id) VALUES ('a7009616-fd86-4ae9-bf30-de17064b6f72', 'employeeName349', 'employeeLastName349', '15243564-f7cb-498c-8316-d0778b206271', '36455014-60c4-45ff-86a8-3ed2a314d90c', null, '2021-12-23T15:57:56.189331800', 'testUser349', 'employee349@em.com', '414993a3-0e1d-4c3b-8fe5-03d8e5b8cc47');
INSERT INTO art_ping.employee_role VALUES ('5fbe54a1-55d6-4a87-abd8-be71e5c79c47', 'a7009616-fd86-4ae9-bf30-de17064b6f72', '5b204bc5-6430-4939-aa23-17b1482c6d98');
INSERT INTO art_ping.employee_role VALUES ('9f6505d7-bc8d-429f-bec8-f14934ae8c3b', 'a7009616-fd86-4ae9-bf30-de17064b6f72', 'e7051ffa-0edb-4ac7-84ed-12c1d3b2b5f8');
INSERT INTO art_ping.employee_role VALUES ('b416c362-8ed6-4047-b371-cd8d1e61abfd', 'a7009616-fd86-4ae9-bf30-de17064b6f72', 'eea13552-ad24-4165-bce4-f1b22776739c');
INSERT INTO art_ping.employee (id, first_name, last_name, office_id, user_id, leave_date, updated, login, email, calendar_id) VALUES ('ef25260d-3eb8-4893-8fe8-3e51ca329be8', 'employeeName350', 'employeeLastName350', 'bd94b18f-cf3a-4687-b149-839a3394fcff', 'fe3cb64e-1ebc-42cd-95a8-874398074a1d', null, '2021-12-23T15:57:56.189331800', 'testUser350', 'employee350@em.com', '8d334fa6-c85d-4b3d-b6ed-68e7e0b4c937');
INSERT INTO art_ping.employee_role VALUES ('eeb56fd3-5d7f-47bf-b704-0bd463b91020', 'ef25260d-3eb8-4893-8fe8-3e51ca329be8', '9f4932a6-c650-4cd2-9338-2eefa47aeb35');
INSERT INTO art_ping.employee_role VALUES ('7f107036-7605-4b12-bb0c-63403b0031b7', 'ef25260d-3eb8-4893-8fe8-3e51ca329be8', 'eea13552-ad24-4165-bce4-f1b22776739c');
INSERT INTO art_ping.employee (id, first_name, last_name, office_id, user_id, leave_date, updated, login, email, calendar_id) VALUES ('fdf077b8-75a9-47da-bc22-063a2dcb42d6', 'employeeName351', 'employeeLastName351', 'abffaebb-f893-4bbe-982b-0beb02f0bb0d', 'b4d3f764-a6c3-4dce-84f0-bc8373772715', null, '2021-12-23T15:57:56.189331800', 'testUser351', 'employee351@em.com', '774135d2-f0e3-47c2-8496-78319f1757d0');
INSERT INTO art_ping.employee_role VALUES ('07937334-da1c-4acb-94bf-3a81e0959f90', 'fdf077b8-75a9-47da-bc22-063a2dcb42d6', '5b204bc5-6430-4939-aa23-17b1482c6d98');
INSERT INTO art_ping.employee_role VALUES ('a5d98f56-68e0-4004-8b5e-02370d774723', 'fdf077b8-75a9-47da-bc22-063a2dcb42d6', '9f4932a6-c650-4cd2-9338-2eefa47aeb35');
INSERT INTO art_ping.employee_role VALUES ('530e3c80-c82b-4854-9b6e-e9097d260a8f', 'fdf077b8-75a9-47da-bc22-063a2dcb42d6', 'eea13552-ad24-4165-bce4-f1b22776739c');
INSERT INTO art_ping.employee (id, first_name, last_name, office_id, user_id, leave_date, updated, login, email, calendar_id) VALUES ('428373ee-8677-47fc-a008-7b445812caab', 'employeeName352', 'employeeLastName352', '88d6ca75-e17e-4339-b81c-99cafb421932', 'c63438fd-d7a4-441a-91f5-d98740b1f338', null, '2021-12-23T15:57:56.189331800', 'testUser352', 'employee352@em.com', 'a7486ce1-a4d7-43a8-a3e9-a9bc45473eaa');
INSERT INTO art_ping.employee_role VALUES ('00506cda-f719-4022-b786-199a389b82f9', '428373ee-8677-47fc-a008-7b445812caab', '992e5c70-7b14-44ae-b2fc-d0c884659841');
INSERT INTO art_ping.employee_role VALUES ('9ec2fc7f-02c5-44ff-809c-b444d9e9833d', '428373ee-8677-47fc-a008-7b445812caab', '5b204bc5-6430-4939-aa23-17b1482c6d98');
INSERT INTO art_ping.employee_role VALUES ('f130f9eb-062b-4f02-96ff-ed9742891a96', '428373ee-8677-47fc-a008-7b445812caab', 'e7051ffa-0edb-4ac7-84ed-12c1d3b2b5f8');
INSERT INTO art_ping.employee_role VALUES ('00763d8d-7563-4de6-bdbb-a5fcbbc1b7d4', '428373ee-8677-47fc-a008-7b445812caab', 'eea13552-ad24-4165-bce4-f1b22776739c');
INSERT INTO art_ping.employee (id, first_name, last_name, office_id, user_id, leave_date, updated, login, email, calendar_id) VALUES ('fb67b0c8-67d8-4b01-a3c5-d27b062ef307', 'employeeName353', 'employeeLastName353', 'bfa673d8-c1ec-4165-98d6-4ed987093465', '6961cb2e-0f13-4270-aa34-8c3cfadc9f4c', null, '2021-12-23T15:57:56.189331800', 'testUser353', 'employee353@em.com', '48846e78-d51d-43cd-95d8-4f963493c3af');
INSERT INTO art_ping.employee_role VALUES ('cadbef21-2ddf-4b2e-b265-b076f178a43e', 'fb67b0c8-67d8-4b01-a3c5-d27b062ef307', '992e5c70-7b14-44ae-b2fc-d0c884659841');
INSERT INTO art_ping.employee_role VALUES ('c92b7497-69e2-4f1f-8923-ee071281d727', 'fb67b0c8-67d8-4b01-a3c5-d27b062ef307', '5b204bc5-6430-4939-aa23-17b1482c6d98');
INSERT INTO art_ping.employee_role VALUES ('6f75acb3-8080-401c-b7df-c9b0ef1e59e4', 'fb67b0c8-67d8-4b01-a3c5-d27b062ef307', '9f4932a6-c650-4cd2-9338-2eefa47aeb35');
INSERT INTO art_ping.employee_role VALUES ('2ccd6a18-2693-43fc-aa0c-dc55d33ee2d9', 'fb67b0c8-67d8-4b01-a3c5-d27b062ef307', 'eea13552-ad24-4165-bce4-f1b22776739c');
INSERT INTO art_ping.employee (id, first_name, last_name, office_id, user_id, leave_date, updated, login, email, calendar_id) VALUES ('3811cc7b-c6c2-437d-b64b-9afb49d8ad8d', 'employeeName354', 'employeeLastName354', '33ab8005-0453-4d26-a47d-aa567174d60d', '993b2843-ceac-416b-a6d3-c5dc965535d2', null, '2021-12-23T15:57:56.189331800', 'testUser354', 'employee354@em.com', '75ffb36c-275b-4fff-bc47-d5ad63139032');
INSERT INTO art_ping.employee_role VALUES ('48c32020-df64-406d-ac77-51cfaf9e3fc9', '3811cc7b-c6c2-437d-b64b-9afb49d8ad8d', '992e5c70-7b14-44ae-b2fc-d0c884659841');
INSERT INTO art_ping.employee_role VALUES ('bed52fb6-ccc7-409e-b6ac-cf2269d0650e', '3811cc7b-c6c2-437d-b64b-9afb49d8ad8d', 'e7051ffa-0edb-4ac7-84ed-12c1d3b2b5f8');
INSERT INTO art_ping.employee_role VALUES ('6cc6ca55-3d3a-40f5-bb58-b6712e752d0e', '3811cc7b-c6c2-437d-b64b-9afb49d8ad8d', 'eea13552-ad24-4165-bce4-f1b22776739c');
INSERT INTO art_ping.employee (id, first_name, last_name, office_id, user_id, leave_date, updated, login, email, calendar_id) VALUES ('b1adb54f-39bc-49d8-bfbb-5c55f9786399', 'employeeName355', 'employeeLastName355', '7f104fc3-cb0d-4989-a397-74c2edfd0bdc', '51fb81a1-eccc-4ee8-bdc8-1f05631985c5', null, '2021-12-23T15:57:56.189331800', 'testUser355', 'employee355@em.com', 'a1c18b37-669c-4ad4-80f8-daa8d99c24d9');
INSERT INTO art_ping.employee_role VALUES ('c2be7962-9c69-4f1d-9d84-055e7401e3d6', 'b1adb54f-39bc-49d8-bfbb-5c55f9786399', '5b204bc5-6430-4939-aa23-17b1482c6d98');
INSERT INTO art_ping.employee_role VALUES ('70ef6e49-9f07-4183-82e2-1a201b8773af', 'b1adb54f-39bc-49d8-bfbb-5c55f9786399', 'e7051ffa-0edb-4ac7-84ed-12c1d3b2b5f8');
INSERT INTO art_ping.employee_role VALUES ('b6329a2f-d488-401d-82c5-970b4af6f2c0', 'b1adb54f-39bc-49d8-bfbb-5c55f9786399', 'eea13552-ad24-4165-bce4-f1b22776739c');
INSERT INTO art_ping.employee (id, first_name, last_name, office_id, user_id, leave_date, updated, login, email, calendar_id) VALUES ('fb1e30c5-c610-4675-a68e-acc123898179', 'employeeName356', 'employeeLastName356', '565c8a26-f6f1-4df7-8858-8b0d1655ca5b', '14be54b1-7a49-4619-abf3-1e5546f9dcad', null, '2021-12-23T15:57:56.189331800', 'testUser356', 'employee356@em.com', '23775748-0ced-4446-a6d7-d6913f30ff57');
INSERT INTO art_ping.employee_role VALUES ('8605c2dd-2ffb-4d09-89b7-44066e4c05ca', 'fb1e30c5-c610-4675-a68e-acc123898179', 'e7051ffa-0edb-4ac7-84ed-12c1d3b2b5f8');
INSERT INTO art_ping.employee_role VALUES ('6d83c443-16f5-4edd-8a12-6d2f65f63d1c', 'fb1e30c5-c610-4675-a68e-acc123898179', 'eea13552-ad24-4165-bce4-f1b22776739c');
INSERT INTO art_ping.employee (id, first_name, last_name, office_id, user_id, leave_date, updated, login, email, calendar_id) VALUES ('20bb3776-2233-4d9f-92c7-d6de53f0ebd4', 'employeeName357', 'employeeLastName357', '1eff2116-a6fa-4f55-b306-5e7b592e81aa', '682adcf8-4672-4a1a-bd06-f6eb55f645f7', null, '2021-12-23T15:57:56.189331800', 'testUser357', 'employee357@em.com', '49e35ed1-5eb8-47d3-988b-e65d5c65f597');
INSERT INTO art_ping.employee_role VALUES ('f67a9c50-1c6c-4ef7-b388-21440c63e2cf', '20bb3776-2233-4d9f-92c7-d6de53f0ebd4', '5b204bc5-6430-4939-aa23-17b1482c6d98');
INSERT INTO art_ping.employee_role VALUES ('f323e415-cb18-4cfa-bcdc-aee146aa8cc6', '20bb3776-2233-4d9f-92c7-d6de53f0ebd4', '9f4932a6-c650-4cd2-9338-2eefa47aeb35');
INSERT INTO art_ping.employee_role VALUES ('96e712cb-6e3e-4fcd-b2c1-55253fa2e18f', '20bb3776-2233-4d9f-92c7-d6de53f0ebd4', 'eea13552-ad24-4165-bce4-f1b22776739c');
INSERT INTO art_ping.employee (id, first_name, last_name, office_id, user_id, leave_date, updated, login, email, calendar_id) VALUES ('62c2bb85-0bec-4eb2-87b7-295231bba972', 'employeeName358', 'employeeLastName358', 'f9283adf-e54a-45c8-9c83-04e195e5dcea', '976111da-b7dd-486a-a8e7-608f7c2effa4', null, '2021-12-23T15:57:56.189331800', 'testUser358', 'employee358@em.com', 'bd33e50b-d99e-4f0f-b2eb-191673b80876');
INSERT INTO art_ping.employee_role VALUES ('b8b03847-182b-492f-8daf-edb2e3fd0dda', '62c2bb85-0bec-4eb2-87b7-295231bba972', '992e5c70-7b14-44ae-b2fc-d0c884659841');
INSERT INTO art_ping.employee_role VALUES ('264b917f-0a93-4db9-b35b-e37a0201a202', '62c2bb85-0bec-4eb2-87b7-295231bba972', '5b204bc5-6430-4939-aa23-17b1482c6d98');
INSERT INTO art_ping.employee_role VALUES ('58b3de2c-d699-428e-aa3e-bbffe2ba55ae', '62c2bb85-0bec-4eb2-87b7-295231bba972', '9f4932a6-c650-4cd2-9338-2eefa47aeb35');
INSERT INTO art_ping.employee_role VALUES ('2b884c7c-589b-4701-a996-46a015fdd441', '62c2bb85-0bec-4eb2-87b7-295231bba972', 'eea13552-ad24-4165-bce4-f1b22776739c');
INSERT INTO art_ping.employee (id, first_name, last_name, office_id, user_id, leave_date, updated, login, email, calendar_id) VALUES ('d4ae3e97-b39e-47de-8382-730f16379981', 'employeeName359', 'employeeLastName359', '31451352-bcb4-4b69-a0fd-21014c730046', 'b4240ea6-49c7-41ae-8676-d7fc6e04af4b', null, '2021-12-23T15:57:56.189331800', 'testUser359', 'employee359@em.com', 'e8bd2e59-8616-4a24-a43d-18aa57a45a96');
INSERT INTO art_ping.employee_role VALUES ('daf5cf57-2592-4734-9c82-ee0b5a5a6cee', 'd4ae3e97-b39e-47de-8382-730f16379981', '9f4932a6-c650-4cd2-9338-2eefa47aeb35');
INSERT INTO art_ping.employee_role VALUES ('1008b92f-1b1d-41da-836c-3774500158dd', 'd4ae3e97-b39e-47de-8382-730f16379981', 'eea13552-ad24-4165-bce4-f1b22776739c');
INSERT INTO art_ping.employee (id, first_name, last_name, office_id, user_id, leave_date, updated, login, email, calendar_id) VALUES ('d596710b-013b-4530-be15-d54f42933ca0', 'employeeName360', 'employeeLastName360', '50366fba-87ae-4fea-93d6-c27f6c3a74e9', 'babac181-6c3f-4e6c-99f5-0ee6eca94ddc', null, '2021-12-23T15:57:56.189331800', 'testUser360', 'employee360@em.com', 'bd33e50b-d99e-4f0f-b2eb-191673b80876');
INSERT INTO art_ping.employee_role VALUES ('915d219e-2f44-4375-b99e-f5f4d1f964da', 'd596710b-013b-4530-be15-d54f42933ca0', '9f4932a6-c650-4cd2-9338-2eefa47aeb35');
INSERT INTO art_ping.employee_role VALUES ('7e1c9ef2-bbda-4b66-94bb-37e8a20e7e11', 'd596710b-013b-4530-be15-d54f42933ca0', 'eea13552-ad24-4165-bce4-f1b22776739c');
INSERT INTO art_ping.employee (id, first_name, last_name, office_id, user_id, leave_date, updated, login, email, calendar_id) VALUES ('2e8ac846-23df-471d-8678-8d84375ba8c9', 'employeeName361', 'employeeLastName361', 'a5d4841d-8f52-4d9e-bf2c-6e7522027918', '1ef845c9-3d76-4204-96b7-d46d7279bcfd', null, '2021-12-23T15:57:56.189331800', 'testUser361', 'employee361@em.com', '4780f695-b40f-41e9-9e69-fed72d1b2522');
INSERT INTO art_ping.employee_role VALUES ('64b21867-2f43-41db-8fdd-b32b12b7cd00', '2e8ac846-23df-471d-8678-8d84375ba8c9', '992e5c70-7b14-44ae-b2fc-d0c884659841');
INSERT INTO art_ping.employee_role VALUES ('957b622d-42ab-49d9-b928-5b02476ce240', '2e8ac846-23df-471d-8678-8d84375ba8c9', 'e7051ffa-0edb-4ac7-84ed-12c1d3b2b5f8');
INSERT INTO art_ping.employee_role VALUES ('8e366c9a-efb7-461a-a24a-4bfe7f24629d', '2e8ac846-23df-471d-8678-8d84375ba8c9', 'eea13552-ad24-4165-bce4-f1b22776739c');
INSERT INTO art_ping.employee (id, first_name, last_name, office_id, user_id, leave_date, updated, login, email, calendar_id) VALUES ('23f620ef-e7b4-429a-9e71-90cc3699cac1', 'employeeName362', 'employeeLastName362', '01efbb9f-ce39-452b-934d-7126d7938613', 'b74bb623-1dbf-4367-953a-d8168f0d81a9', null, '2021-12-23T15:57:56.189331800', 'testUser362', 'employee362@em.com', 'd31f9382-b96d-477a-9079-9453e36b1b8d');
INSERT INTO art_ping.employee_role VALUES ('660516f7-89b0-4a15-a16f-439d1243862a', '23f620ef-e7b4-429a-9e71-90cc3699cac1', '992e5c70-7b14-44ae-b2fc-d0c884659841');
INSERT INTO art_ping.employee_role VALUES ('1a5e5573-e5d0-4a80-b7ae-262cc5ec96cd', '23f620ef-e7b4-429a-9e71-90cc3699cac1', '5b204bc5-6430-4939-aa23-17b1482c6d98');
INSERT INTO art_ping.employee_role VALUES ('01cced2b-f2f7-472d-9a9f-d738472ebd27', '23f620ef-e7b4-429a-9e71-90cc3699cac1', 'e7051ffa-0edb-4ac7-84ed-12c1d3b2b5f8');
INSERT INTO art_ping.employee_role VALUES ('5b4ce740-63e3-40c2-811e-f32bba1e92ff', '23f620ef-e7b4-429a-9e71-90cc3699cac1', 'eea13552-ad24-4165-bce4-f1b22776739c');
INSERT INTO art_ping.employee (id, first_name, last_name, office_id, user_id, leave_date, updated, login, email, calendar_id) VALUES ('6dbec378-db3e-4584-963b-b36b733f05fe', 'employeeName363', 'employeeLastName363', '177fe985-585f-4bce-93c0-c7c10eeb0a2d', '635cf9e8-16b7-4e2e-815b-6bd93cbceafe', null, '2021-12-23T15:57:56.189331800', 'testUser363', 'employee363@em.com', '6602d6f2-fafc-4385-8b9f-17a298f78595');
INSERT INTO art_ping.employee_role VALUES ('4112664e-6303-4009-b825-c1f4edd71f26', '6dbec378-db3e-4584-963b-b36b733f05fe', '992e5c70-7b14-44ae-b2fc-d0c884659841');
INSERT INTO art_ping.employee_role VALUES ('9be02bfd-4b69-460d-86a9-779e7c18cedf', '6dbec378-db3e-4584-963b-b36b733f05fe', '5b204bc5-6430-4939-aa23-17b1482c6d98');
INSERT INTO art_ping.employee_role VALUES ('7da35beb-2e33-405f-beb1-2fe3c85a41bf', '6dbec378-db3e-4584-963b-b36b733f05fe', 'e7051ffa-0edb-4ac7-84ed-12c1d3b2b5f8');
INSERT INTO art_ping.employee_role VALUES ('6729365d-7c7f-4d75-af90-dbc820757fcb', '6dbec378-db3e-4584-963b-b36b733f05fe', 'eea13552-ad24-4165-bce4-f1b22776739c');
INSERT INTO art_ping.employee (id, first_name, last_name, office_id, user_id, leave_date, updated, login, email, calendar_id) VALUES ('6bdd5fb0-1d5e-429c-9e42-64d6218babb4', 'employeeName364', 'employeeLastName364', '2b70346c-14c6-4b71-9682-b3cbba3e0f86', '3969557a-93f2-496e-9af5-fa18c7d3e738', null, '2021-12-23T15:57:56.189331800', 'testUser364', 'employee364@em.com', '8aa49b9c-600d-460b-8503-fb9de25b7174');
INSERT INTO art_ping.employee_role VALUES ('29bfbc89-4062-40dc-b5be-176c67d6562b', '6bdd5fb0-1d5e-429c-9e42-64d6218babb4', 'eea13552-ad24-4165-bce4-f1b22776739c');
INSERT INTO art_ping.employee (id, first_name, last_name, office_id, user_id, leave_date, updated, login, email, calendar_id) VALUES ('d15ec44e-6635-478c-af0f-f55a63b8a9d3', 'employeeName365', 'employeeLastName365', '3c3e50fc-bd68-4ae9-9f2d-eb0be2ff87f9', 'bf6d32a9-05f6-4af4-a944-ac47bad12d5f', null, '2021-12-23T15:57:56.189331800', 'testUser365', 'employee365@em.com', '6eab5509-7a0b-41f7-b4cc-4cba817a5a6d');
INSERT INTO art_ping.employee_role VALUES ('73eef3c3-82cf-412f-b5e3-d59e3d2ec3cc', 'd15ec44e-6635-478c-af0f-f55a63b8a9d3', '5b204bc5-6430-4939-aa23-17b1482c6d98');
INSERT INTO art_ping.employee_role VALUES ('834d9ec3-2b75-4f6b-b742-90399af55dce', 'd15ec44e-6635-478c-af0f-f55a63b8a9d3', '9f4932a6-c650-4cd2-9338-2eefa47aeb35');
INSERT INTO art_ping.employee_role VALUES ('d460379f-c84a-4cf6-9892-86f93a3b7c0a', 'd15ec44e-6635-478c-af0f-f55a63b8a9d3', 'e7051ffa-0edb-4ac7-84ed-12c1d3b2b5f8');
INSERT INTO art_ping.employee_role VALUES ('d7e8866a-8e99-4116-a619-6abbc52e0bce', 'd15ec44e-6635-478c-af0f-f55a63b8a9d3', 'eea13552-ad24-4165-bce4-f1b22776739c');
INSERT INTO art_ping.employee (id, first_name, last_name, office_id, user_id, leave_date, updated, login, email, calendar_id) VALUES ('bfce59ea-ee35-429a-8f21-43a5b18b601d', 'employeeName366', 'employeeLastName366', '1df28ec1-7569-47f1-9c01-a93224c287df', '0f39d7fd-89ba-4ddc-a7fa-5bb60bdb2702', null, '2021-12-23T15:57:56.189331800', 'testUser366', 'employee366@em.com', '611b024c-b6c6-4bf8-a1f4-2706452ffe8d');
INSERT INTO art_ping.employee_role VALUES ('ed028c5a-ff82-4d0f-a475-a9354feca249', 'bfce59ea-ee35-429a-8f21-43a5b18b601d', '9f4932a6-c650-4cd2-9338-2eefa47aeb35');
INSERT INTO art_ping.employee_role VALUES ('9a6512f3-fb1b-4c69-9184-22dd866815ec', 'bfce59ea-ee35-429a-8f21-43a5b18b601d', 'eea13552-ad24-4165-bce4-f1b22776739c');
INSERT INTO art_ping.employee (id, first_name, last_name, office_id, user_id, leave_date, updated, login, email, calendar_id) VALUES ('97b0a31e-f07c-471b-85b5-5f801173b725', 'employeeName367', 'employeeLastName367', '5b53b4d2-255d-4c87-8e0f-3590e184947d', '08ac957e-f7e6-4c45-8e67-2ff6859f6131', null, '2021-12-23T15:57:56.189331800', 'testUser367', 'employee367@em.com', 'd3cd12c5-22c2-4632-9750-1b44ccdbe5c8');
INSERT INTO art_ping.employee_role VALUES ('308258c9-64e9-485e-9cb2-64c575031353', '97b0a31e-f07c-471b-85b5-5f801173b725', '9f4932a6-c650-4cd2-9338-2eefa47aeb35');
INSERT INTO art_ping.employee_role VALUES ('a3c1c017-ddb5-48f3-af98-f4a5a1f23ad6', '97b0a31e-f07c-471b-85b5-5f801173b725', 'eea13552-ad24-4165-bce4-f1b22776739c');
INSERT INTO art_ping.employee (id, first_name, last_name, office_id, user_id, leave_date, updated, login, email, calendar_id) VALUES ('a8b9309e-c214-4c4d-ae3a-0e27045efb35', 'employeeName368', 'employeeLastName368', '4abf9944-1b3c-433e-ae00-692f5e3f9c7c', '7617cf48-5323-470a-a18c-9240296b4635', null, '2021-12-23T15:57:56.189331800', 'testUser368', 'employee368@em.com', 'd31f9382-b96d-477a-9079-9453e36b1b8d');
INSERT INTO art_ping.employee_role VALUES ('2dc8074b-0db0-4edf-8c83-73b43e739087', 'a8b9309e-c214-4c4d-ae3a-0e27045efb35', '5b204bc5-6430-4939-aa23-17b1482c6d98');
INSERT INTO art_ping.employee_role VALUES ('b07dd80b-b5a5-4289-86d9-d8b1a545e4fb', 'a8b9309e-c214-4c4d-ae3a-0e27045efb35', '9f4932a6-c650-4cd2-9338-2eefa47aeb35');
INSERT INTO art_ping.employee_role VALUES ('1459b141-9cbc-4704-8fe2-fc6e3ecf9216', 'a8b9309e-c214-4c4d-ae3a-0e27045efb35', 'e7051ffa-0edb-4ac7-84ed-12c1d3b2b5f8');
INSERT INTO art_ping.employee_role VALUES ('a751c981-3008-4ed8-8991-6070710fd846', 'a8b9309e-c214-4c4d-ae3a-0e27045efb35', 'eea13552-ad24-4165-bce4-f1b22776739c');
INSERT INTO art_ping.employee (id, first_name, last_name, office_id, user_id, leave_date, updated, login, email, calendar_id) VALUES ('4302338b-46b5-45ee-bd61-0fc7cede54ba', 'employeeName369', 'employeeLastName369', '61859ba6-5f06-4445-b55b-86fee4fa99d0', 'a2219e8a-5de8-47ae-b5e2-cc64a4c2dd6b', null, '2021-12-23T15:57:56.189331800', 'testUser369', 'employee369@em.com', '6a3fc83c-5be8-4ae8-a267-c99e818c896d');
INSERT INTO art_ping.employee_role VALUES ('44ccd9af-c56d-4499-8820-ebd0f41ddb76', '4302338b-46b5-45ee-bd61-0fc7cede54ba', '5b204bc5-6430-4939-aa23-17b1482c6d98');
INSERT INTO art_ping.employee_role VALUES ('6ecef483-3dbf-4ed9-b710-8954b8e0c43e', '4302338b-46b5-45ee-bd61-0fc7cede54ba', '9f4932a6-c650-4cd2-9338-2eefa47aeb35');
INSERT INTO art_ping.employee_role VALUES ('dd86f3a5-91e1-4079-a0c8-c7104cef8e39', '4302338b-46b5-45ee-bd61-0fc7cede54ba', 'e7051ffa-0edb-4ac7-84ed-12c1d3b2b5f8');
INSERT INTO art_ping.employee_role VALUES ('d4efa15b-1fe4-459c-b48b-e676c72c4f98', '4302338b-46b5-45ee-bd61-0fc7cede54ba', 'eea13552-ad24-4165-bce4-f1b22776739c');
INSERT INTO art_ping.employee (id, first_name, last_name, office_id, user_id, leave_date, updated, login, email, calendar_id) VALUES ('d403c098-f9f8-470c-97eb-ac559d090fc5', 'employeeName370', 'employeeLastName370', '2cf5e027-5376-4b87-acc1-c9b05464975c', '9fb25f69-d5a8-41af-b046-43679b8198b2', null, '2021-12-23T15:57:56.189331800', 'testUser370', 'employee370@em.com', '42967912-6ba9-4728-ba0d-afa5525b1b25');
INSERT INTO art_ping.employee_role VALUES ('1879b501-44a9-454a-82c4-a0b18a19e651', 'd403c098-f9f8-470c-97eb-ac559d090fc5', 'eea13552-ad24-4165-bce4-f1b22776739c');
INSERT INTO art_ping.employee (id, first_name, last_name, office_id, user_id, leave_date, updated, login, email, calendar_id) VALUES ('e637a3c6-071d-4d33-ad8e-b0f4dafd9365', 'employeeName371', 'employeeLastName371', 'e38efea1-e703-4911-99e2-51d63f706d85', '45495740-3614-4e1f-a688-27074aecf63a', null, '2021-12-23T15:57:56.190332100', 'testUser371', 'employee371@em.com', 'b66bb045-a363-45f8-a092-7b71249790c5');
INSERT INTO art_ping.employee_role VALUES ('cf416c19-656d-458a-a325-14590701144c', 'e637a3c6-071d-4d33-ad8e-b0f4dafd9365', '992e5c70-7b14-44ae-b2fc-d0c884659841');
INSERT INTO art_ping.employee_role VALUES ('fd32faa7-a9de-496e-b6d1-7c9912c5a066', 'e637a3c6-071d-4d33-ad8e-b0f4dafd9365', '9f4932a6-c650-4cd2-9338-2eefa47aeb35');
INSERT INTO art_ping.employee_role VALUES ('615ef701-5e45-4ae4-b5b1-ecccfc8f52ed', 'e637a3c6-071d-4d33-ad8e-b0f4dafd9365', 'eea13552-ad24-4165-bce4-f1b22776739c');
INSERT INTO art_ping.employee (id, first_name, last_name, office_id, user_id, leave_date, updated, login, email, calendar_id) VALUES ('c9044c5e-a7bd-4a3e-a2dc-077e7b2dd274', 'employeeName372', 'employeeLastName372', '2581806d-09f9-4a12-9631-e0d9b1896867', 'e347058f-b173-4c23-84c7-e389c282479d', null, '2021-12-23T15:57:56.190332100', 'testUser372', 'employee372@em.com', '4e8599db-4282-47bf-8d07-a9a0f4be8445');
INSERT INTO art_ping.employee_role VALUES ('6d889edb-617e-4b62-8171-79931428d901', 'c9044c5e-a7bd-4a3e-a2dc-077e7b2dd274', '992e5c70-7b14-44ae-b2fc-d0c884659841');
INSERT INTO art_ping.employee_role VALUES ('46aa0742-5b81-4121-a9ed-119eb0e0295e', 'c9044c5e-a7bd-4a3e-a2dc-077e7b2dd274', '5b204bc5-6430-4939-aa23-17b1482c6d98');
INSERT INTO art_ping.employee_role VALUES ('349e4053-1f6d-4119-b499-8fcb3048fa8f', 'c9044c5e-a7bd-4a3e-a2dc-077e7b2dd274', 'e7051ffa-0edb-4ac7-84ed-12c1d3b2b5f8');
INSERT INTO art_ping.employee_role VALUES ('14798101-911d-41fc-9171-a0c5f81d29a7', 'c9044c5e-a7bd-4a3e-a2dc-077e7b2dd274', 'eea13552-ad24-4165-bce4-f1b22776739c');
INSERT INTO art_ping.employee (id, first_name, last_name, office_id, user_id, leave_date, updated, login, email, calendar_id) VALUES ('e2880836-6c73-4e45-bcce-583ca78f6d5c', 'employeeName373', 'employeeLastName373', '475c0752-77c7-4c70-a014-3b4b29250732', 'f7f76700-775b-4300-ac21-646db9db3a69', null, '2021-12-23T15:57:56.190332100', 'testUser373', 'employee373@em.com', '8d334fa6-c85d-4b3d-b6ed-68e7e0b4c937');
INSERT INTO art_ping.employee_role VALUES ('5ba4c8d2-108d-4483-9add-4b8c0f3d772c', 'e2880836-6c73-4e45-bcce-583ca78f6d5c', '992e5c70-7b14-44ae-b2fc-d0c884659841');
INSERT INTO art_ping.employee_role VALUES ('bb6769c8-1713-4978-8005-be44fe38a12f', 'e2880836-6c73-4e45-bcce-583ca78f6d5c', '9f4932a6-c650-4cd2-9338-2eefa47aeb35');
INSERT INTO art_ping.employee_role VALUES ('dc383636-1164-4e76-a942-09e5eea85708', 'e2880836-6c73-4e45-bcce-583ca78f6d5c', 'eea13552-ad24-4165-bce4-f1b22776739c');
INSERT INTO art_ping.employee (id, first_name, last_name, office_id, user_id, leave_date, updated, login, email, calendar_id) VALUES ('720c96be-e9a2-427b-9798-a2875c823a86', 'employeeName374', 'employeeLastName374', 'b7476a80-ff1b-4ab6-aca1-ed386fd6cea7', 'e80d67ec-5161-4d15-86b4-e6a6155cacf8', null, '2021-12-23T15:57:56.190332100', 'testUser374', 'employee374@em.com', '18b737d7-d971-4249-b85a-545311ad1dca');
INSERT INTO art_ping.employee_role VALUES ('245c2956-9695-4ddd-97ec-50cb1c2a189d', '720c96be-e9a2-427b-9798-a2875c823a86', '5b204bc5-6430-4939-aa23-17b1482c6d98');
INSERT INTO art_ping.employee_role VALUES ('c85ee34d-485f-4c40-8948-5eea056aab92', '720c96be-e9a2-427b-9798-a2875c823a86', '9f4932a6-c650-4cd2-9338-2eefa47aeb35');
INSERT INTO art_ping.employee_role VALUES ('aeebe4eb-ac81-4e4d-93f3-2edb0310dc81', '720c96be-e9a2-427b-9798-a2875c823a86', 'e7051ffa-0edb-4ac7-84ed-12c1d3b2b5f8');
INSERT INTO art_ping.employee_role VALUES ('cac2322f-07a7-4888-b308-201e7b19a2b3', '720c96be-e9a2-427b-9798-a2875c823a86', 'eea13552-ad24-4165-bce4-f1b22776739c');
INSERT INTO art_ping.employee (id, first_name, last_name, office_id, user_id, leave_date, updated, login, email, calendar_id) VALUES ('d9676183-1443-4360-bd04-ff9da26453b6', 'employeeName375', 'employeeLastName375', '575f1ddf-d760-4f22-a276-71207f5cbba7', '8fc9c22b-4dd4-4224-aa55-4393ec8f2ca0', null, '2021-12-23T15:57:56.190332100', 'testUser375', 'employee375@em.com', '982dd106-6950-49b2-b95a-27220c22ee37');
INSERT INTO art_ping.employee_role VALUES ('b6a93293-acf9-412d-8a2e-62755504e6ba', 'd9676183-1443-4360-bd04-ff9da26453b6', '992e5c70-7b14-44ae-b2fc-d0c884659841');
INSERT INTO art_ping.employee_role VALUES ('03d65e92-f9c0-4b0d-bcc3-8880d10ed376', 'd9676183-1443-4360-bd04-ff9da26453b6', '5b204bc5-6430-4939-aa23-17b1482c6d98');
INSERT INTO art_ping.employee_role VALUES ('1a1cbd78-6bc7-4be7-8c5a-c0102f0029cb', 'd9676183-1443-4360-bd04-ff9da26453b6', 'e7051ffa-0edb-4ac7-84ed-12c1d3b2b5f8');
INSERT INTO art_ping.employee_role VALUES ('0cc31fcf-6fc6-4700-a43c-e4e1d984c32d', 'd9676183-1443-4360-bd04-ff9da26453b6', 'eea13552-ad24-4165-bce4-f1b22776739c');
INSERT INTO art_ping.employee (id, first_name, last_name, office_id, user_id, leave_date, updated, login, email, calendar_id) VALUES ('ab199b3e-167c-4229-996a-cbee32600910', 'employeeName376', 'employeeLastName376', '65d5bd29-e502-4e42-a272-cdff00b41c2c', '27da368e-1fbf-4f8e-93ed-c3fd9c5bcd45', null, '2021-12-23T15:57:56.190332100', 'testUser376', 'employee376@em.com', '0698bb6d-7505-49ea-99c4-f4d66e57172b');
INSERT INTO art_ping.employee_role VALUES ('0dcfeca3-0855-41c3-99c2-bde681cc4a13', 'ab199b3e-167c-4229-996a-cbee32600910', '5b204bc5-6430-4939-aa23-17b1482c6d98');
INSERT INTO art_ping.employee_role VALUES ('399965ef-9264-4eff-b6f8-a72cc24dd792', 'ab199b3e-167c-4229-996a-cbee32600910', '9f4932a6-c650-4cd2-9338-2eefa47aeb35');
INSERT INTO art_ping.employee_role VALUES ('36ee1041-9051-4a5a-b9a8-0b68f749aacb', 'ab199b3e-167c-4229-996a-cbee32600910', 'eea13552-ad24-4165-bce4-f1b22776739c');
INSERT INTO art_ping.employee (id, first_name, last_name, office_id, user_id, leave_date, updated, login, email, calendar_id) VALUES ('8ee9d0a5-7f50-4594-b33b-4f443e534c73', 'employeeName377', 'employeeLastName377', 'e9886fde-932d-4297-bacf-c1df92746b8f', '817d48de-8046-4c78-b0b1-1b21a882f16c', null, '2021-12-23T15:57:56.190332100', 'testUser377', 'employee377@em.com', 'c6f8565c-983c-4f3a-bf19-90c83d1ac25e');
INSERT INTO art_ping.employee_role VALUES ('6d372052-13ed-498a-8b48-003c5ca3a4b2', '8ee9d0a5-7f50-4594-b33b-4f443e534c73', '992e5c70-7b14-44ae-b2fc-d0c884659841');
INSERT INTO art_ping.employee_role VALUES ('9dfec7c0-40ec-4fca-aaa6-99a7518a6011', '8ee9d0a5-7f50-4594-b33b-4f443e534c73', '5b204bc5-6430-4939-aa23-17b1482c6d98');
INSERT INTO art_ping.employee_role VALUES ('c328a2e6-fc81-4231-8f47-8f426bf8993c', '8ee9d0a5-7f50-4594-b33b-4f443e534c73', 'e7051ffa-0edb-4ac7-84ed-12c1d3b2b5f8');
INSERT INTO art_ping.employee_role VALUES ('685a0db0-c7f4-4054-8027-5f2f66c5222f', '8ee9d0a5-7f50-4594-b33b-4f443e534c73', 'eea13552-ad24-4165-bce4-f1b22776739c');
INSERT INTO art_ping.employee (id, first_name, last_name, office_id, user_id, leave_date, updated, login, email, calendar_id) VALUES ('53df3ee0-91a3-43c3-a128-6d78c47bd5ad', 'employeeName378', 'employeeLastName378', 'c117434e-a20e-4ae4-900f-f2617b6aa3f3', 'e2370b15-83f1-4f0e-8c3c-67935dec0b4d', null, '2021-12-23T15:57:56.190332100', 'testUser378', 'employee378@em.com', 'bf441199-ac71-46e6-966f-13b0db15c311');
INSERT INTO art_ping.employee_role VALUES ('01a55f27-12c8-4fcf-9155-39d6547d9174', '53df3ee0-91a3-43c3-a128-6d78c47bd5ad', '992e5c70-7b14-44ae-b2fc-d0c884659841');
INSERT INTO art_ping.employee_role VALUES ('eb5d31db-6da5-44fb-a5c0-b733a6d8c04c', '53df3ee0-91a3-43c3-a128-6d78c47bd5ad', '9f4932a6-c650-4cd2-9338-2eefa47aeb35');
INSERT INTO art_ping.employee_role VALUES ('2e1652cb-641e-4e78-ab39-2ed87d712174', '53df3ee0-91a3-43c3-a128-6d78c47bd5ad', 'eea13552-ad24-4165-bce4-f1b22776739c');
INSERT INTO art_ping.employee (id, first_name, last_name, office_id, user_id, leave_date, updated, login, email, calendar_id) VALUES ('7c2ee8dd-649b-46a6-89cc-74298ad7b4af', 'employeeName379', 'employeeLastName379', 'bcf57ce0-5b88-4043-9418-518d44b61d3b', 'd7a1d800-c4e8-44cd-89ae-ffbe8ecb6d2a', null, '2021-12-23T15:57:56.191331800', 'testUser379', 'employee379@em.com', '23775748-0ced-4446-a6d7-d6913f30ff57');
INSERT INTO art_ping.employee_role VALUES ('ef068d31-c0e5-4b13-b446-b60f32e6854b', '7c2ee8dd-649b-46a6-89cc-74298ad7b4af', '9f4932a6-c650-4cd2-9338-2eefa47aeb35');
INSERT INTO art_ping.employee_role VALUES ('529586b6-6a96-474a-9a99-da0efaa24d45', '7c2ee8dd-649b-46a6-89cc-74298ad7b4af', 'e7051ffa-0edb-4ac7-84ed-12c1d3b2b5f8');
INSERT INTO art_ping.employee_role VALUES ('b694cdb7-a25e-4090-bd9c-b2265aa13e68', '7c2ee8dd-649b-46a6-89cc-74298ad7b4af', 'eea13552-ad24-4165-bce4-f1b22776739c');
INSERT INTO art_ping.employee (id, first_name, last_name, office_id, user_id, leave_date, updated, login, email, calendar_id) VALUES ('362a1a04-3bc4-4f14-8010-0c35a9dbc0fb', 'employeeName380', 'employeeLastName380', '08ca9868-9653-4dab-bbb7-c394d84d0edf', 'c3da02f7-b989-4451-84d3-bac8ff00f3cd', null, '2021-12-23T15:57:56.191331800', 'testUser380', 'employee380@em.com', 'be21ba46-06d5-42d8-bc3f-703f93cb2233');
INSERT INTO art_ping.employee_role VALUES ('c4fb867f-7ceb-42ce-8543-585d968e1ee9', '362a1a04-3bc4-4f14-8010-0c35a9dbc0fb', 'eea13552-ad24-4165-bce4-f1b22776739c');
INSERT INTO art_ping.employee (id, first_name, last_name, office_id, user_id, leave_date, updated, login, email, calendar_id) VALUES ('98d503ac-1975-4d08-ac0d-26406ca592f6', 'employeeName381', 'employeeLastName381', 'eb1f0136-9a45-49e1-a7a3-58ed941c3962', '0a374364-f339-4a36-9530-ad384a9fbfae', null, '2021-12-23T15:57:56.191331800', 'testUser381', 'employee381@em.com', 'f1544fbc-c53f-47dc-8c5a-1940e4ed4cd2');
INSERT INTO art_ping.employee_role VALUES ('fed35bb6-43f1-4a06-990c-2c36b058cbf8', '98d503ac-1975-4d08-ac0d-26406ca592f6', '992e5c70-7b14-44ae-b2fc-d0c884659841');
INSERT INTO art_ping.employee_role VALUES ('6e48f2be-bd9d-43ce-b8a6-5251331a0a4c', '98d503ac-1975-4d08-ac0d-26406ca592f6', '5b204bc5-6430-4939-aa23-17b1482c6d98');
INSERT INTO art_ping.employee_role VALUES ('2c91352c-08e3-4b5c-97fa-36d1b1686cc9', '98d503ac-1975-4d08-ac0d-26406ca592f6', 'eea13552-ad24-4165-bce4-f1b22776739c');
INSERT INTO art_ping.employee (id, first_name, last_name, office_id, user_id, leave_date, updated, login, email, calendar_id) VALUES ('47b6825b-171e-4f90-9288-c97daba27265', 'employeeName382', 'employeeLastName382', '3079850b-42ba-43fd-bc01-ad1009cee5f0', '693098e9-8fe9-4313-bbb7-a5520728e5c2', null, '2021-12-23T15:57:56.191331800', 'testUser382', 'employee382@em.com', '567f95ff-0272-471e-a091-5ba82268387c');
INSERT INTO art_ping.employee_role VALUES ('ecbed4c7-786b-4f1f-814d-4c6d2686ef07', '47b6825b-171e-4f90-9288-c97daba27265', '9f4932a6-c650-4cd2-9338-2eefa47aeb35');
INSERT INTO art_ping.employee_role VALUES ('e45e9545-c01f-41fb-9a4c-af2c57636405', '47b6825b-171e-4f90-9288-c97daba27265', 'eea13552-ad24-4165-bce4-f1b22776739c');
INSERT INTO art_ping.employee (id, first_name, last_name, office_id, user_id, leave_date, updated, login, email, calendar_id) VALUES ('ad128cfd-07db-4120-8966-1b8f5eb8c861', 'employeeName383', 'employeeLastName383', '5011ef5c-d725-449a-baed-7b446a4a2308', '3d43ec78-defc-430a-9d99-594fa7a05dce', null, '2021-12-23T15:57:56.191331800', 'testUser383', 'employee383@em.com', '85e5ef9a-7ad5-4834-83ec-edf2dccc3ef9');
INSERT INTO art_ping.employee_role VALUES ('8ecd3035-6983-4d48-9a2d-c1f060d601a7', 'ad128cfd-07db-4120-8966-1b8f5eb8c861', '992e5c70-7b14-44ae-b2fc-d0c884659841');
INSERT INTO art_ping.employee_role VALUES ('a971cc54-413c-478b-bbac-0eaced482e24', 'ad128cfd-07db-4120-8966-1b8f5eb8c861', 'eea13552-ad24-4165-bce4-f1b22776739c');
INSERT INTO art_ping.employee (id, first_name, last_name, office_id, user_id, leave_date, updated, login, email, calendar_id) VALUES ('370fc29e-15f0-499d-9e63-db0a909c2d45', 'employeeName384', 'employeeLastName384', '575f1ddf-d760-4f22-a276-71207f5cbba7', 'ac7bad7e-d02a-4a22-b76e-9d49bc35d593', null, '2021-12-23T15:57:56.191331800', 'testUser384', 'employee384@em.com', '982dd106-6950-49b2-b95a-27220c22ee37');
INSERT INTO art_ping.employee_role VALUES ('0d45cda1-9b0b-402a-b787-24e84dd13905', '370fc29e-15f0-499d-9e63-db0a909c2d45', '9f4932a6-c650-4cd2-9338-2eefa47aeb35');
INSERT INTO art_ping.employee_role VALUES ('a5e05079-b386-4b9e-b71f-7c7d988dcbf1', '370fc29e-15f0-499d-9e63-db0a909c2d45', 'eea13552-ad24-4165-bce4-f1b22776739c');
INSERT INTO art_ping.employee (id, first_name, last_name, office_id, user_id, leave_date, updated, login, email, calendar_id) VALUES ('4c6a386d-fd26-44f5-a7db-4eb441f08069', 'employeeName385', 'employeeLastName385', '242f8ff9-2990-407f-88ed-4ba82814654a', '8b99ced3-d080-4f40-8275-7b4dea4d6b5c', null, '2021-12-23T15:57:56.191331800', 'testUser385', 'employee385@em.com', '6eab5509-7a0b-41f7-b4cc-4cba817a5a6d');
INSERT INTO art_ping.employee_role VALUES ('9490cd0e-e06b-4d61-803b-76d1c2bb3a41', '4c6a386d-fd26-44f5-a7db-4eb441f08069', '5b204bc5-6430-4939-aa23-17b1482c6d98');
INSERT INTO art_ping.employee_role VALUES ('256105a8-1f51-4468-be1f-098fc699726b', '4c6a386d-fd26-44f5-a7db-4eb441f08069', 'eea13552-ad24-4165-bce4-f1b22776739c');
INSERT INTO art_ping.employee (id, first_name, last_name, office_id, user_id, leave_date, updated, login, email, calendar_id) VALUES ('c2aa43c6-ee1b-4070-9e73-df2e101e2c95', 'employeeName386', 'employeeLastName386', '90e9dede-df14-4b73-9fe8-bcab344d69f7', 'f401d016-e482-403f-917b-78ad603f558b', null, '2021-12-23T15:57:56.191331800', 'testUser386', 'employee386@em.com', 'bac72bd4-1f06-4610-b7e0-d68506e54a15');
INSERT INTO art_ping.employee_role VALUES ('3e92cde7-619b-4254-8bc0-b190edd6673c', 'c2aa43c6-ee1b-4070-9e73-df2e101e2c95', '992e5c70-7b14-44ae-b2fc-d0c884659841');
INSERT INTO art_ping.employee_role VALUES ('5b58c77c-6bd1-42f9-bc8a-04cf2b984bc7', 'c2aa43c6-ee1b-4070-9e73-df2e101e2c95', '9f4932a6-c650-4cd2-9338-2eefa47aeb35');
INSERT INTO art_ping.employee_role VALUES ('31579b19-1d94-4256-b403-eaa28e68cc4c', 'c2aa43c6-ee1b-4070-9e73-df2e101e2c95', 'e7051ffa-0edb-4ac7-84ed-12c1d3b2b5f8');
INSERT INTO art_ping.employee_role VALUES ('efe74f25-7710-4496-b6ce-77bdbda15ce2', 'c2aa43c6-ee1b-4070-9e73-df2e101e2c95', 'eea13552-ad24-4165-bce4-f1b22776739c');
INSERT INTO art_ping.employee (id, first_name, last_name, office_id, user_id, leave_date, updated, login, email, calendar_id) VALUES ('f2591815-1a42-4183-a84d-9b5c0d83ea56', 'employeeName387', 'employeeLastName387', 'c144044c-441e-432f-aede-345ea24f3646', '1fa181ce-144d-4550-b183-db4bf1dce1de', null, '2021-12-23T15:57:56.191331800', 'testUser387', 'employee387@em.com', '5733cf63-c111-4b7e-b3c6-b2db6beecb07');
INSERT INTO art_ping.employee_role VALUES ('770b5af7-df95-479e-acfb-d439beba4f9c', 'f2591815-1a42-4183-a84d-9b5c0d83ea56', '992e5c70-7b14-44ae-b2fc-d0c884659841');
INSERT INTO art_ping.employee_role VALUES ('bb744d5e-25bb-4485-a063-2567997f9e0e', 'f2591815-1a42-4183-a84d-9b5c0d83ea56', '5b204bc5-6430-4939-aa23-17b1482c6d98');
INSERT INTO art_ping.employee_role VALUES ('b261671c-8180-49a3-83cd-4f4f99596021', 'f2591815-1a42-4183-a84d-9b5c0d83ea56', '9f4932a6-c650-4cd2-9338-2eefa47aeb35');
INSERT INTO art_ping.employee_role VALUES ('67ad1a10-7166-40bb-8288-377962177887', 'f2591815-1a42-4183-a84d-9b5c0d83ea56', 'eea13552-ad24-4165-bce4-f1b22776739c');
INSERT INTO art_ping.employee (id, first_name, last_name, office_id, user_id, leave_date, updated, login, email, calendar_id) VALUES ('9015c159-7a00-4ec8-bc0e-6882efd215cc', 'employeeName388', 'employeeLastName388', 'a0b7fbb1-8c32-4012-9a59-6a8537abb43a', '7c4cf9e9-56ca-4fd4-b111-1328e0fb5a37', null, '2021-12-23T15:57:56.191331800', 'testUser388', 'employee388@em.com', '567f95ff-0272-471e-a091-5ba82268387c');
INSERT INTO art_ping.employee_role VALUES ('49159d9d-95a9-4429-b623-12e2acaa835b', '9015c159-7a00-4ec8-bc0e-6882efd215cc', '9f4932a6-c650-4cd2-9338-2eefa47aeb35');
INSERT INTO art_ping.employee_role VALUES ('ba0aac3b-b50f-42b2-b08c-d04fb444fdc0', '9015c159-7a00-4ec8-bc0e-6882efd215cc', 'eea13552-ad24-4165-bce4-f1b22776739c');
INSERT INTO art_ping.employee (id, first_name, last_name, office_id, user_id, leave_date, updated, login, email, calendar_id) VALUES ('38113e62-495e-4284-aa8c-3d88c55b1727', 'employeeName389', 'employeeLastName389', 'bcf57ce0-5b88-4043-9418-518d44b61d3b', '22fca7ff-8451-4d1d-bb72-f7d9a9993a59', null, '2021-12-23T15:57:56.191331800', 'testUser389', 'employee389@em.com', '23775748-0ced-4446-a6d7-d6913f30ff57');
INSERT INTO art_ping.employee_role VALUES ('9d67bc43-0247-4a4f-a554-fc984bf73e39', '38113e62-495e-4284-aa8c-3d88c55b1727', '5b204bc5-6430-4939-aa23-17b1482c6d98');
INSERT INTO art_ping.employee_role VALUES ('e33eeeec-f15b-471e-91b0-def0c893b50c', '38113e62-495e-4284-aa8c-3d88c55b1727', '9f4932a6-c650-4cd2-9338-2eefa47aeb35');
INSERT INTO art_ping.employee_role VALUES ('801fe9fd-f576-4131-a458-df6601173a29', '38113e62-495e-4284-aa8c-3d88c55b1727', 'e7051ffa-0edb-4ac7-84ed-12c1d3b2b5f8');
INSERT INTO art_ping.employee_role VALUES ('f4810a96-7af0-4838-bd24-00e8f1213ef2', '38113e62-495e-4284-aa8c-3d88c55b1727', 'eea13552-ad24-4165-bce4-f1b22776739c');
INSERT INTO art_ping.employee (id, first_name, last_name, office_id, user_id, leave_date, updated, login, email, calendar_id) VALUES ('ba1bad15-851a-4e22-b1f2-99e966b0d2c2', 'employeeName390', 'employeeLastName390', 'fcfdf624-00ef-4319-bf95-ccad4188dc11', 'f4c6cab0-1f6c-43dd-9652-ad2695bc44b3', null, '2021-12-23T15:57:56.191331800', 'testUser390', 'employee390@em.com', '3ea41cd2-2e35-467b-a976-9406d9c891da');
INSERT INTO art_ping.employee_role VALUES ('b92650f3-0fc3-403d-a976-de6d44de4c7b', 'ba1bad15-851a-4e22-b1f2-99e966b0d2c2', '9f4932a6-c650-4cd2-9338-2eefa47aeb35');
INSERT INTO art_ping.employee_role VALUES ('3ba14096-b70d-43d0-b05a-344c1fd46878', 'ba1bad15-851a-4e22-b1f2-99e966b0d2c2', 'e7051ffa-0edb-4ac7-84ed-12c1d3b2b5f8');
INSERT INTO art_ping.employee_role VALUES ('7526419a-fe54-4d32-abcf-dd7b5d5e639f', 'ba1bad15-851a-4e22-b1f2-99e966b0d2c2', 'eea13552-ad24-4165-bce4-f1b22776739c');
INSERT INTO art_ping.employee (id, first_name, last_name, office_id, user_id, leave_date, updated, login, email, calendar_id) VALUES ('6919a1f9-906a-4fe4-8794-3852560267b3', 'employeeName391', 'employeeLastName391', '40cb0b46-f7fd-4e7b-86c9-0ad813650c64', '17c5e2d9-4a39-4d5b-b62d-95f81bf239e8', null, '2021-12-23T15:57:56.191331800', 'testUser391', 'employee391@em.com', 'd1376795-a931-4377-9d64-ded7eca835e0');
INSERT INTO art_ping.employee_role VALUES ('404efd88-4ca1-47e6-825c-a096259f595d', '6919a1f9-906a-4fe4-8794-3852560267b3', 'e7051ffa-0edb-4ac7-84ed-12c1d3b2b5f8');
INSERT INTO art_ping.employee_role VALUES ('34d813fe-d770-4f6d-805b-2cf964a8bf2a', '6919a1f9-906a-4fe4-8794-3852560267b3', 'eea13552-ad24-4165-bce4-f1b22776739c');
INSERT INTO art_ping.employee (id, first_name, last_name, office_id, user_id, leave_date, updated, login, email, calendar_id) VALUES ('76952ea1-cdd7-4128-8a7f-3466b77b9f00', 'employeeName392', 'employeeLastName392', '5f1ef821-29cc-4827-820f-b11c4afea03d', 'e4d99b89-97b1-4485-9e72-a898a24df2b3', null, '2021-12-23T15:57:56.191331800', 'testUser392', 'employee392@em.com', '9e1dbd73-6f0f-400c-ab9f-a68b5bb6d464');
INSERT INTO art_ping.employee_role VALUES ('6525137a-0dbb-476a-82ea-3e2198a69b53', '76952ea1-cdd7-4128-8a7f-3466b77b9f00', '5b204bc5-6430-4939-aa23-17b1482c6d98');
INSERT INTO art_ping.employee_role VALUES ('696bbb12-63bb-4905-93cf-8daa97531bc3', '76952ea1-cdd7-4128-8a7f-3466b77b9f00', 'e7051ffa-0edb-4ac7-84ed-12c1d3b2b5f8');
INSERT INTO art_ping.employee_role VALUES ('bd321b62-a8db-4dfc-b9db-e8eef896d17f', '76952ea1-cdd7-4128-8a7f-3466b77b9f00', 'eea13552-ad24-4165-bce4-f1b22776739c');
INSERT INTO art_ping.employee (id, first_name, last_name, office_id, user_id, leave_date, updated, login, email, calendar_id) VALUES ('3c96e2f3-42d5-4564-a4e9-21ff9cf4edf4', 'employeeName393', 'employeeLastName393', '43ce5455-aa61-4ef6-bd51-95a18fcd1b13', '8bf3eacb-bcba-4082-b834-e693f4e32a75', null, '2021-12-23T15:57:56.191331800', 'testUser393', 'employee393@em.com', '9e1dbd73-6f0f-400c-ab9f-a68b5bb6d464');
INSERT INTO art_ping.employee_role VALUES ('205465cd-988d-4481-91c3-f33a59fb84cd', '3c96e2f3-42d5-4564-a4e9-21ff9cf4edf4', '992e5c70-7b14-44ae-b2fc-d0c884659841');
INSERT INTO art_ping.employee_role VALUES ('b072583b-ff2a-469b-953d-fa43d05af3cc', '3c96e2f3-42d5-4564-a4e9-21ff9cf4edf4', '9f4932a6-c650-4cd2-9338-2eefa47aeb35');
INSERT INTO art_ping.employee_role VALUES ('4a31d6c3-1de2-4d2f-bfa5-5ae5aa76fd24', '3c96e2f3-42d5-4564-a4e9-21ff9cf4edf4', 'e7051ffa-0edb-4ac7-84ed-12c1d3b2b5f8');
INSERT INTO art_ping.employee_role VALUES ('e4165486-9cac-492c-a8d3-1c7e250c0b7c', '3c96e2f3-42d5-4564-a4e9-21ff9cf4edf4', 'eea13552-ad24-4165-bce4-f1b22776739c');
INSERT INTO art_ping.employee (id, first_name, last_name, office_id, user_id, leave_date, updated, login, email, calendar_id) VALUES ('7a0bd403-efb2-4cce-b55d-4b906dcb50b0', 'employeeName394', 'employeeLastName394', 'bc2a8bdc-2b0f-4f12-a091-53a2dce2d321', '25193376-12f1-4a75-83b4-cdfe7110b147', null, '2021-12-23T15:57:56.191331800', 'testUser394', 'employee394@em.com', 'a7486ce1-a4d7-43a8-a3e9-a9bc45473eaa');
INSERT INTO art_ping.employee_role VALUES ('7c506c8b-ff4b-4c01-b1cf-8131cf500548', '7a0bd403-efb2-4cce-b55d-4b906dcb50b0', '992e5c70-7b14-44ae-b2fc-d0c884659841');
INSERT INTO art_ping.employee_role VALUES ('b43da366-3c5c-4403-8d44-0256a28d7757', '7a0bd403-efb2-4cce-b55d-4b906dcb50b0', '5b204bc5-6430-4939-aa23-17b1482c6d98');
INSERT INTO art_ping.employee_role VALUES ('aae6e65d-2b88-4154-a1da-f7d34055d29d', '7a0bd403-efb2-4cce-b55d-4b906dcb50b0', 'eea13552-ad24-4165-bce4-f1b22776739c');
INSERT INTO art_ping.employee (id, first_name, last_name, office_id, user_id, leave_date, updated, login, email, calendar_id) VALUES ('8dc81c9e-ee1e-4c44-9e0f-2960dd77133d', 'employeeName395', 'employeeLastName395', '0f190ae3-9eaa-4d06-b5ed-bc08fc486e77', '0cfa1e93-bb43-4b41-ae36-e3f7aab48868', null, '2021-12-23T15:57:56.191331800', 'testUser395', 'employee395@em.com', 'b2e5aa59-05c9-4c12-9328-18bce88ee49a');
INSERT INTO art_ping.employee_role VALUES ('c20a58cf-4f4b-4974-9482-e5ea7a13cfc0', '8dc81c9e-ee1e-4c44-9e0f-2960dd77133d', 'eea13552-ad24-4165-bce4-f1b22776739c');
INSERT INTO art_ping.employee (id, first_name, last_name, office_id, user_id, leave_date, updated, login, email, calendar_id) VALUES ('2d47d4a6-5822-4620-b238-28d1fbd74ee3', 'employeeName396', 'employeeLastName396', '6c9aa967-edf8-463b-8bb2-bb937374c1d4', '95d9ff01-7104-4ebe-a5d6-1cda6e29b634', null, '2021-12-23T15:57:56.191331800', 'testUser396', 'employee396@em.com', '27382e9f-cf4e-4481-97bc-1f9e98d854fb');
INSERT INTO art_ping.employee_role VALUES ('509bdabf-b83f-4b8b-844a-6cbbbd9fbfa7', '2d47d4a6-5822-4620-b238-28d1fbd74ee3', '992e5c70-7b14-44ae-b2fc-d0c884659841');
INSERT INTO art_ping.employee_role VALUES ('38c2e80f-3a2a-40aa-8c4d-727eaa530ebf', '2d47d4a6-5822-4620-b238-28d1fbd74ee3', 'e7051ffa-0edb-4ac7-84ed-12c1d3b2b5f8');
INSERT INTO art_ping.employee_role VALUES ('ad1d38dc-dbc2-492b-a5d5-2e59143a9f91', '2d47d4a6-5822-4620-b238-28d1fbd74ee3', 'eea13552-ad24-4165-bce4-f1b22776739c');
INSERT INTO art_ping.employee (id, first_name, last_name, office_id, user_id, leave_date, updated, login, email, calendar_id) VALUES ('b9aad10a-27f0-4bf2-b520-2686dff5c1d0', 'employeeName397', 'employeeLastName397', 'd83cf062-9fad-4458-b8f2-f3a228f8b3a6', 'c14112fb-7ddc-4771-b053-e34148a48b15', null, '2021-12-23T15:57:56.191331800', 'testUser397', 'employee397@em.com', '83fb83f4-7544-4f51-993a-47cabe040e5c');
INSERT INTO art_ping.employee_role VALUES ('26970880-aa52-4715-8b4c-1d89b5019495', 'b9aad10a-27f0-4bf2-b520-2686dff5c1d0', '992e5c70-7b14-44ae-b2fc-d0c884659841');
INSERT INTO art_ping.employee_role VALUES ('7012e7ce-2860-4d61-9f4c-3d36b99be88a', 'b9aad10a-27f0-4bf2-b520-2686dff5c1d0', '9f4932a6-c650-4cd2-9338-2eefa47aeb35');
INSERT INTO art_ping.employee_role VALUES ('d7539f2c-a66b-4445-a3d5-9c1b478de9e8', 'b9aad10a-27f0-4bf2-b520-2686dff5c1d0', 'e7051ffa-0edb-4ac7-84ed-12c1d3b2b5f8');
INSERT INTO art_ping.employee_role VALUES ('a2077b11-c5c6-4f06-9fc7-15cdd5d051fd', 'b9aad10a-27f0-4bf2-b520-2686dff5c1d0', 'eea13552-ad24-4165-bce4-f1b22776739c');
INSERT INTO art_ping.employee (id, first_name, last_name, office_id, user_id, leave_date, updated, login, email, calendar_id) VALUES ('60914a01-1d88-4e5d-96dc-c31f3e6094e3', 'employeeName398', 'employeeLastName398', 'b6c3550a-bf15-4144-ae01-6d3a62474c5d', 'da9c6e45-442d-4217-99fe-dae072d0c9f1', null, '2021-12-23T15:57:56.191331800', 'testUser398', 'employee398@em.com', '6602d6f2-fafc-4385-8b9f-17a298f78595');
INSERT INTO art_ping.employee_role VALUES ('bb7c2fb3-0987-4eb4-850f-2014b969d3e4', '60914a01-1d88-4e5d-96dc-c31f3e6094e3', '9f4932a6-c650-4cd2-9338-2eefa47aeb35');
INSERT INTO art_ping.employee_role VALUES ('f076c70f-ae8c-41c7-84d4-c14682cb7fb4', '60914a01-1d88-4e5d-96dc-c31f3e6094e3', 'e7051ffa-0edb-4ac7-84ed-12c1d3b2b5f8');
INSERT INTO art_ping.employee_role VALUES ('645ed496-c7e8-45bd-87ff-92e712d5c353', '60914a01-1d88-4e5d-96dc-c31f3e6094e3', 'eea13552-ad24-4165-bce4-f1b22776739c');
INSERT INTO art_ping.employee (id, first_name, last_name, office_id, user_id, leave_date, updated, login, email, calendar_id) VALUES ('8c2fca22-63cb-43cd-80e3-05f0c8182f1d', 'employeeName399', 'employeeLastName399', 'd3997f77-241d-4e12-94a3-d24648977391', 'a6116fc8-c3e8-40f1-ae0b-9db74099cb89', null, '2021-12-23T15:57:56.191331800', 'testUser399', 'employee399@em.com', '7061fcee-5c59-426b-ba35-44c82724e8b7');
INSERT INTO art_ping.employee_role VALUES ('64b309bb-f0e6-4188-a6bc-56687cdf7cfc', '8c2fca22-63cb-43cd-80e3-05f0c8182f1d', '992e5c70-7b14-44ae-b2fc-d0c884659841');
INSERT INTO art_ping.employee_role VALUES ('b6ab618f-068f-4ab0-b354-b6be78edf68b', '8c2fca22-63cb-43cd-80e3-05f0c8182f1d', '5b204bc5-6430-4939-aa23-17b1482c6d98');
INSERT INTO art_ping.employee_role VALUES ('a25c7300-cdd8-4900-94cd-ae7d82285d8f', '8c2fca22-63cb-43cd-80e3-05f0c8182f1d', 'e7051ffa-0edb-4ac7-84ed-12c1d3b2b5f8');
INSERT INTO art_ping.employee_role VALUES ('e94f18fd-1886-49dc-935d-c626c96e3f0a', '8c2fca22-63cb-43cd-80e3-05f0c8182f1d', 'eea13552-ad24-4165-bce4-f1b22776739c');
INSERT INTO art_ping.employee (id, first_name, last_name, office_id, user_id, leave_date, updated, login, email, calendar_id) VALUES ('5d46f018-3b59-4c1d-8d29-10f45690104b', 'employeeName400', 'employeeLastName400', '2ae23ff0-f4d1-496f-ad71-5a0610c6a62f', '1e92360d-72d5-4769-a980-db17052a3379', null, '2021-12-23T15:57:56.191331800', 'testUser400', 'employee400@em.com', 'd7310f65-c734-4e83-b875-7c01e33250dc');
INSERT INTO art_ping.employee_role VALUES ('d65a4daf-0c67-4300-b2c8-a0af8f9240a3', '5d46f018-3b59-4c1d-8d29-10f45690104b', '9f4932a6-c650-4cd2-9338-2eefa47aeb35');
INSERT INTO art_ping.employee_role VALUES ('6dd21dcd-1024-4c16-ad04-c7f7fe6c56b4', '5d46f018-3b59-4c1d-8d29-10f45690104b', 'eea13552-ad24-4165-bce4-f1b22776739c');
INSERT INTO art_ping.employee (id, first_name, last_name, office_id, user_id, leave_date, updated, login, email, calendar_id) VALUES ('3445bdb6-72e9-4dc4-ad8a-508eecf56808', 'employeeName401', 'employeeLastName401', '24619c03-0251-4221-8fad-febe44951058', 'edaad93e-b107-4d12-9bed-8b0d7dc0689f', null, '2021-12-23T15:57:56.191331800', 'testUser401', 'employee401@em.com', '886154e8-0b6b-4b1a-9712-137acd2d2b8b');
INSERT INTO art_ping.employee_role VALUES ('210b65ad-2eaa-4424-9fd9-4ce06a5f87bf', '3445bdb6-72e9-4dc4-ad8a-508eecf56808', '992e5c70-7b14-44ae-b2fc-d0c884659841');
INSERT INTO art_ping.employee_role VALUES ('ac3bd1a3-5503-44dd-9a1d-f9ee9a492969', '3445bdb6-72e9-4dc4-ad8a-508eecf56808', '5b204bc5-6430-4939-aa23-17b1482c6d98');
INSERT INTO art_ping.employee_role VALUES ('c8534f62-8231-40eb-9f39-b69a54a98813', '3445bdb6-72e9-4dc4-ad8a-508eecf56808', '9f4932a6-c650-4cd2-9338-2eefa47aeb35');
INSERT INTO art_ping.employee_role VALUES ('170492d7-ebab-480b-8b8f-f3cd41365c68', '3445bdb6-72e9-4dc4-ad8a-508eecf56808', 'e7051ffa-0edb-4ac7-84ed-12c1d3b2b5f8');
INSERT INTO art_ping.employee_role VALUES ('ce7ed093-59c0-4bcb-a769-6239bf164a3f', '3445bdb6-72e9-4dc4-ad8a-508eecf56808', 'eea13552-ad24-4165-bce4-f1b22776739c');
INSERT INTO art_ping.employee (id, first_name, last_name, office_id, user_id, leave_date, updated, login, email, calendar_id) VALUES ('756395f5-9fae-40c4-9e47-6eea95e3894e', 'employeeName402', 'employeeLastName402', 'b32cf084-d483-48ec-9c63-ff8dc4d12795', '7a3cd8cc-e4bc-45f1-b4f7-57ed8724507f', null, '2021-12-23T15:57:56.191331800', 'testUser402', 'employee402@em.com', '0698bb6d-7505-49ea-99c4-f4d66e57172b');
INSERT INTO art_ping.employee_role VALUES ('7340aa50-f7a4-4ced-be45-03f716279612', '756395f5-9fae-40c4-9e47-6eea95e3894e', '992e5c70-7b14-44ae-b2fc-d0c884659841');
INSERT INTO art_ping.employee_role VALUES ('c8985e06-c726-4c42-b2c1-b54aba0b4312', '756395f5-9fae-40c4-9e47-6eea95e3894e', '5b204bc5-6430-4939-aa23-17b1482c6d98');
INSERT INTO art_ping.employee_role VALUES ('afa3cc00-bd43-4e13-ab45-265b2218c349', '756395f5-9fae-40c4-9e47-6eea95e3894e', '9f4932a6-c650-4cd2-9338-2eefa47aeb35');
INSERT INTO art_ping.employee_role VALUES ('3428ecae-11b2-4d01-a8db-4cdf558dce3f', '756395f5-9fae-40c4-9e47-6eea95e3894e', 'e7051ffa-0edb-4ac7-84ed-12c1d3b2b5f8');
INSERT INTO art_ping.employee_role VALUES ('b4c26f3f-f197-4748-9fbd-d827cdcc56ba', '756395f5-9fae-40c4-9e47-6eea95e3894e', 'eea13552-ad24-4165-bce4-f1b22776739c');
INSERT INTO art_ping.employee (id, first_name, last_name, office_id, user_id, leave_date, updated, login, email, calendar_id) VALUES ('73f8c180-f844-4105-8870-8765ece45ad2', 'employeeName403', 'employeeLastName403', '8188a203-01eb-4496-a5bc-374e81f5b8ad', '3ffe450f-7ff0-4aed-963e-7f057e413f2d', null, '2021-12-23T15:57:56.191331800', 'testUser403', 'employee403@em.com', '98884dec-90c3-4401-a86e-6547cddf37b8');
INSERT INTO art_ping.employee_role VALUES ('fcf78944-cf8b-4d09-84ad-e4a743b0145d', '73f8c180-f844-4105-8870-8765ece45ad2', '5b204bc5-6430-4939-aa23-17b1482c6d98');
INSERT INTO art_ping.employee_role VALUES ('02aac36c-bc25-4aa8-9bdc-7a7bd3118062', '73f8c180-f844-4105-8870-8765ece45ad2', '9f4932a6-c650-4cd2-9338-2eefa47aeb35');
INSERT INTO art_ping.employee_role VALUES ('86bae534-2dac-4729-a9ae-930f203a0856', '73f8c180-f844-4105-8870-8765ece45ad2', 'e7051ffa-0edb-4ac7-84ed-12c1d3b2b5f8');
INSERT INTO art_ping.employee_role VALUES ('47bbb837-ce6b-4668-b32f-ea2f51f64a16', '73f8c180-f844-4105-8870-8765ece45ad2', 'eea13552-ad24-4165-bce4-f1b22776739c');
INSERT INTO art_ping.employee (id, first_name, last_name, office_id, user_id, leave_date, updated, login, email, calendar_id) VALUES ('844eb723-803f-40f0-8408-7bd4962cb69c', 'employeeName404', 'employeeLastName404', 'a07eb9f0-1d2b-46b2-a5cf-73fbf19abe5f', '5a0ea990-70b0-490e-b1df-44c67d7d5a52', null, '2021-12-23T15:57:56.191331800', 'testUser404', 'employee404@em.com', '4ad4a8b0-be32-4038-8805-842060a2a44a');
INSERT INTO art_ping.employee_role VALUES ('ee19d642-1aef-43a8-8878-8813809caa2e', '844eb723-803f-40f0-8408-7bd4962cb69c', '5b204bc5-6430-4939-aa23-17b1482c6d98');
INSERT INTO art_ping.employee_role VALUES ('282de870-6613-4084-abf3-0cfb486e8aea', '844eb723-803f-40f0-8408-7bd4962cb69c', 'e7051ffa-0edb-4ac7-84ed-12c1d3b2b5f8');
INSERT INTO art_ping.employee_role VALUES ('59791918-d5e1-4f3a-ab45-0959e2f70760', '844eb723-803f-40f0-8408-7bd4962cb69c', 'eea13552-ad24-4165-bce4-f1b22776739c');
INSERT INTO art_ping.employee (id, first_name, last_name, office_id, user_id, leave_date, updated, login, email, calendar_id) VALUES ('2fecbc8b-3576-4283-84a2-b8b6b46c037b', 'employeeName405', 'employeeLastName405', '27cab027-c45f-4452-97ce-1943ab898a88', '95b2fb5b-bd60-40be-ba64-c95835f9589c', null, '2021-12-23T15:57:56.191331800', 'testUser405', 'employee405@em.com', '3ea41cd2-2e35-467b-a976-9406d9c891da');
INSERT INTO art_ping.employee_role VALUES ('5af868a0-7a9c-4852-bf95-bf0c258740e7', '2fecbc8b-3576-4283-84a2-b8b6b46c037b', '9f4932a6-c650-4cd2-9338-2eefa47aeb35');
INSERT INTO art_ping.employee_role VALUES ('d8e162b8-17ff-4a62-8e74-283571d30c1e', '2fecbc8b-3576-4283-84a2-b8b6b46c037b', 'e7051ffa-0edb-4ac7-84ed-12c1d3b2b5f8');
INSERT INTO art_ping.employee_role VALUES ('1771892e-530a-497d-8874-62c5b087c52e', '2fecbc8b-3576-4283-84a2-b8b6b46c037b', 'eea13552-ad24-4165-bce4-f1b22776739c');
INSERT INTO art_ping.employee (id, first_name, last_name, office_id, user_id, leave_date, updated, login, email, calendar_id) VALUES ('813ef695-83a8-47f0-b648-96a0707d6d60', 'employeeName406', 'employeeLastName406', 'f755fe00-0b97-4600-af66-17cd29a5bbf8', '727e169f-cad4-4473-b77f-bf780fde6b24', null, '2021-12-23T15:57:56.191331800', 'testUser406', 'employee406@em.com', '8d334fa6-c85d-4b3d-b6ed-68e7e0b4c937');
INSERT INTO art_ping.employee_role VALUES ('19b2cc8b-48e6-4f25-8b5f-1b02e1337c05', '813ef695-83a8-47f0-b648-96a0707d6d60', '9f4932a6-c650-4cd2-9338-2eefa47aeb35');
INSERT INTO art_ping.employee_role VALUES ('5040c47d-ef16-4497-a3bc-ebe967f75784', '813ef695-83a8-47f0-b648-96a0707d6d60', 'eea13552-ad24-4165-bce4-f1b22776739c');
INSERT INTO art_ping.employee (id, first_name, last_name, office_id, user_id, leave_date, updated, login, email, calendar_id) VALUES ('b2e51409-a875-4030-a281-4fefeaddb10f', 'employeeName407', 'employeeLastName407', '007615b0-9172-459c-a5bd-4c10ee1b4e1a', 'f4a3f1b4-97fe-49f0-8ff8-0c386b616683', null, '2021-12-23T15:57:56.192332', 'testUser407', 'employee407@em.com', '560183ad-37a6-4a3b-b797-75616dada42a');
INSERT INTO art_ping.employee_role VALUES ('c76c8b34-8ecd-44bb-82a1-0ccf88ee22ab', 'b2e51409-a875-4030-a281-4fefeaddb10f', '992e5c70-7b14-44ae-b2fc-d0c884659841');
INSERT INTO art_ping.employee_role VALUES ('2046be62-30bf-47c9-a89e-656e54741d5f', 'b2e51409-a875-4030-a281-4fefeaddb10f', 'e7051ffa-0edb-4ac7-84ed-12c1d3b2b5f8');
INSERT INTO art_ping.employee_role VALUES ('9daee678-97e3-4928-86a9-e729af1b2f16', 'b2e51409-a875-4030-a281-4fefeaddb10f', 'eea13552-ad24-4165-bce4-f1b22776739c');
INSERT INTO art_ping.employee (id, first_name, last_name, office_id, user_id, leave_date, updated, login, email, calendar_id) VALUES ('eed660b1-8ce6-4fbc-8b1a-102b691fbe78', 'employeeName408', 'employeeLastName408', '937ba759-79b7-477c-ae2f-dde3ed137121', '523a8e8a-e14d-4df5-be47-d889403abc2d', null, '2021-12-23T15:57:56.192332', 'testUser408', 'employee408@em.com', '1a3e5cab-ecf1-4f1a-b2f2-d8a796f6110d');
INSERT INTO art_ping.employee_role VALUES ('ddb00bb4-0379-497c-84f5-f02d5054a99e', 'eed660b1-8ce6-4fbc-8b1a-102b691fbe78', 'eea13552-ad24-4165-bce4-f1b22776739c');
INSERT INTO art_ping.employee (id, first_name, last_name, office_id, user_id, leave_date, updated, login, email, calendar_id) VALUES ('d862cfce-2f50-4108-a9fb-aa7a9fbe601d', 'employeeName409', 'employeeLastName409', 'd8453af2-e32a-4ed6-bfe2-334ebcfd2642', 'ffb30aa2-c04f-43a5-ab59-9cf0756849fe', null, '2021-12-23T15:57:56.192332', 'testUser409', 'employee409@em.com', 'debfb7a9-fe4c-45c7-9a4f-2c5143c9c1ca');
INSERT INTO art_ping.employee_role VALUES ('2c3cdf20-d175-4843-be56-66a3ccd69f63', 'd862cfce-2f50-4108-a9fb-aa7a9fbe601d', 'eea13552-ad24-4165-bce4-f1b22776739c');
INSERT INTO art_ping.employee (id, first_name, last_name, office_id, user_id, leave_date, updated, login, email, calendar_id) VALUES ('62365fd3-7da9-4683-a17b-fc6a5bfdd898', 'employeeName410', 'employeeLastName410', 'b2df0ebb-ac17-4b94-ba8a-dd1d72b637f2', '1944f5fd-2613-4111-b39b-a45f954224b3', null, '2021-12-23T15:57:56.192332', 'testUser410', 'employee410@em.com', '85e5ef9a-7ad5-4834-83ec-edf2dccc3ef9');
INSERT INTO art_ping.employee_role VALUES ('609d0091-2f03-4030-ae71-a08eeb813e64', '62365fd3-7da9-4683-a17b-fc6a5bfdd898', '992e5c70-7b14-44ae-b2fc-d0c884659841');
INSERT INTO art_ping.employee_role VALUES ('80acc6f4-c136-4516-92ca-8b62ae9f0b73', '62365fd3-7da9-4683-a17b-fc6a5bfdd898', 'eea13552-ad24-4165-bce4-f1b22776739c');
INSERT INTO art_ping.employee (id, first_name, last_name, office_id, user_id, leave_date, updated, login, email, calendar_id) VALUES ('8c3502ea-6671-40cf-bf16-8099fb77f8ca', 'employeeName411', 'employeeLastName411', 'a3dce380-6ef0-4acd-8cac-2561799b66e3', '76af7a36-b65c-4bf0-a2a6-6c38139f19cb', null, '2021-12-23T15:57:56.192332', 'testUser411', 'employee411@em.com', '90405144-abf7-4c23-bb5e-c4c60b07823c');
INSERT INTO art_ping.employee_role VALUES ('aea11ac7-3cf3-44bc-b0a9-d0d99f1c81b0', '8c3502ea-6671-40cf-bf16-8099fb77f8ca', '992e5c70-7b14-44ae-b2fc-d0c884659841');
INSERT INTO art_ping.employee_role VALUES ('ea5940e2-de5e-475d-aab7-1a6cceece4b9', '8c3502ea-6671-40cf-bf16-8099fb77f8ca', '9f4932a6-c650-4cd2-9338-2eefa47aeb35');
INSERT INTO art_ping.employee_role VALUES ('bcc372fb-26de-4622-9cd9-b8092785d84c', '8c3502ea-6671-40cf-bf16-8099fb77f8ca', 'eea13552-ad24-4165-bce4-f1b22776739c');
INSERT INTO art_ping.employee (id, first_name, last_name, office_id, user_id, leave_date, updated, login, email, calendar_id) VALUES ('66212139-5688-45f1-b12a-3712ecaa9833', 'employeeName412', 'employeeLastName412', '83835ef9-8993-45b1-8d9c-d9b1df87e798', '3dc251ba-f6a5-466a-bb4d-324577b4c588', null, '2021-12-23T15:57:56.192332', 'testUser412', 'employee412@em.com', 'cdce9691-aa7a-4610-8b37-8d2c9209c72d');
INSERT INTO art_ping.employee_role VALUES ('267fea0c-b5fd-4334-b03c-e15c7c27d62b', '66212139-5688-45f1-b12a-3712ecaa9833', '992e5c70-7b14-44ae-b2fc-d0c884659841');
INSERT INTO art_ping.employee_role VALUES ('0e148f3f-1972-42c2-bdf7-cf5050e3367a', '66212139-5688-45f1-b12a-3712ecaa9833', 'e7051ffa-0edb-4ac7-84ed-12c1d3b2b5f8');
INSERT INTO art_ping.employee_role VALUES ('57110f3c-c2e3-475b-ad26-95b256bb8112', '66212139-5688-45f1-b12a-3712ecaa9833', 'eea13552-ad24-4165-bce4-f1b22776739c');
INSERT INTO art_ping.employee (id, first_name, last_name, office_id, user_id, leave_date, updated, login, email, calendar_id) VALUES ('4473fa5b-6734-4586-9d4e-f34fa221d21f', 'employeeName413', 'employeeLastName413', '81e49bb0-54db-4824-95ef-7122914d5db9', '35ce615d-9a2e-4b45-8e0f-6094d189a152', null, '2021-12-23T15:57:56.192332', 'testUser413', 'employee413@em.com', '5d0fe03f-ed10-4373-bb72-2206c079ab4d');
INSERT INTO art_ping.employee_role VALUES ('49be8bfb-d3f6-4946-8267-3b5d9c1011d6', '4473fa5b-6734-4586-9d4e-f34fa221d21f', '992e5c70-7b14-44ae-b2fc-d0c884659841');
INSERT INTO art_ping.employee_role VALUES ('84e96fb4-2552-48b4-b947-37cd5b9de69b', '4473fa5b-6734-4586-9d4e-f34fa221d21f', '5b204bc5-6430-4939-aa23-17b1482c6d98');
INSERT INTO art_ping.employee_role VALUES ('5cb2f0d5-de07-47b7-91d5-cb6d02d6e472', '4473fa5b-6734-4586-9d4e-f34fa221d21f', '9f4932a6-c650-4cd2-9338-2eefa47aeb35');
INSERT INTO art_ping.employee_role VALUES ('4094e3bd-f79a-46c3-a8e1-a4ad407d3090', '4473fa5b-6734-4586-9d4e-f34fa221d21f', 'e7051ffa-0edb-4ac7-84ed-12c1d3b2b5f8');
INSERT INTO art_ping.employee_role VALUES ('69afc004-4946-4666-878d-b93c2ef9c719', '4473fa5b-6734-4586-9d4e-f34fa221d21f', 'eea13552-ad24-4165-bce4-f1b22776739c');
INSERT INTO art_ping.employee (id, first_name, last_name, office_id, user_id, leave_date, updated, login, email, calendar_id) VALUES ('fa8e38a0-4a81-4465-83f9-d45c808cd84b', 'employeeName414', 'employeeLastName414', '0818408e-9c42-4aad-b6ef-c4293fd4a112', '085f5032-ee51-429c-93c5-687cc2dfffb0', null, '2021-12-23T15:57:56.192332', 'testUser414', 'employee414@em.com', '987a48d2-2eed-492e-adbb-718872384007');
INSERT INTO art_ping.employee_role VALUES ('73cf75fe-56b4-4b86-992d-3398c1e12c4c', 'fa8e38a0-4a81-4465-83f9-d45c808cd84b', '992e5c70-7b14-44ae-b2fc-d0c884659841');
INSERT INTO art_ping.employee_role VALUES ('7c0782bd-bdb8-45b8-b171-477f7b3e41db', 'fa8e38a0-4a81-4465-83f9-d45c808cd84b', 'eea13552-ad24-4165-bce4-f1b22776739c');
INSERT INTO art_ping.employee (id, first_name, last_name, office_id, user_id, leave_date, updated, login, email, calendar_id) VALUES ('de966046-f5fb-4ca2-8d50-20101a145eab', 'employeeName415', 'employeeLastName415', '9213eb68-e6c4-43d8-8396-d24754daeebe', '2ca3531c-5648-44c1-8a44-b6974332f1d1', null, '2021-12-23T15:57:56.192332', 'testUser415', 'employee415@em.com', 'e82d3ca7-23bd-48c0-a0c3-b52d05aeaced');
INSERT INTO art_ping.employee_role VALUES ('59f7d1b0-436c-49f1-8aeb-6ecd6fa2ec4d', 'de966046-f5fb-4ca2-8d50-20101a145eab', '5b204bc5-6430-4939-aa23-17b1482c6d98');
INSERT INTO art_ping.employee_role VALUES ('d3f74938-dc76-472e-bb35-daf034a107bd', 'de966046-f5fb-4ca2-8d50-20101a145eab', '9f4932a6-c650-4cd2-9338-2eefa47aeb35');
INSERT INTO art_ping.employee_role VALUES ('b9c40dc9-a9e3-41e1-809f-7c0d71cdfa92', 'de966046-f5fb-4ca2-8d50-20101a145eab', 'eea13552-ad24-4165-bce4-f1b22776739c');
INSERT INTO art_ping.employee (id, first_name, last_name, office_id, user_id, leave_date, updated, login, email, calendar_id) VALUES ('c80079ca-8fc0-40ef-8442-c71268c93503', 'employeeName416', 'employeeLastName416', 'dd4cf6e1-d499-4200-b884-3d0e4b2b3e27', '3426c1bb-7bd5-4b04-adf6-8c60198574df', null, '2021-12-23T15:57:56.192332', 'testUser416', 'employee416@em.com', '1a3e5cab-ecf1-4f1a-b2f2-d8a796f6110d');
INSERT INTO art_ping.employee_role VALUES ('49a8b74d-32ae-48f9-94f1-33096ba5af71', 'c80079ca-8fc0-40ef-8442-c71268c93503', '5b204bc5-6430-4939-aa23-17b1482c6d98');
INSERT INTO art_ping.employee_role VALUES ('244c0c1a-4fa2-479b-b754-3a02bbc58d1d', 'c80079ca-8fc0-40ef-8442-c71268c93503', 'e7051ffa-0edb-4ac7-84ed-12c1d3b2b5f8');
INSERT INTO art_ping.employee_role VALUES ('5b08db09-3f2a-474c-aa2d-94111378fbab', 'c80079ca-8fc0-40ef-8442-c71268c93503', 'eea13552-ad24-4165-bce4-f1b22776739c');
INSERT INTO art_ping.employee (id, first_name, last_name, office_id, user_id, leave_date, updated, login, email, calendar_id) VALUES ('f336a8a3-ee30-4778-83b0-3550ccde0fe6', 'employeeName417', 'employeeLastName417', '633dc916-e2f3-4097-9546-92e0e7c08ee7', 'e2b252b0-42c0-47be-8488-004c686d4a51', null, '2021-12-23T15:57:56.192332', 'testUser417', 'employee417@em.com', '9d39e79d-c72a-4ba8-a106-e0bd5b4a2c9b');
INSERT INTO art_ping.employee_role VALUES ('2dbeea30-71c0-4707-937f-7fccd21d941c', 'f336a8a3-ee30-4778-83b0-3550ccde0fe6', '5b204bc5-6430-4939-aa23-17b1482c6d98');
INSERT INTO art_ping.employee_role VALUES ('722b8e32-bd4a-46b8-a153-20ca4733a7c2', 'f336a8a3-ee30-4778-83b0-3550ccde0fe6', '9f4932a6-c650-4cd2-9338-2eefa47aeb35');
INSERT INTO art_ping.employee_role VALUES ('6ea35433-3157-46da-82a2-bd9ba2c89564', 'f336a8a3-ee30-4778-83b0-3550ccde0fe6', 'eea13552-ad24-4165-bce4-f1b22776739c');
INSERT INTO art_ping.employee (id, first_name, last_name, office_id, user_id, leave_date, updated, login, email, calendar_id) VALUES ('8f0ce4a2-4f0c-4d5e-b94b-419a5a440b21', 'employeeName418', 'employeeLastName418', '67b4c46e-921c-4d60-9f49-085f3384af3b', 'f918f93d-b496-4eaf-89c7-e83bb4162f77', null, '2021-12-23T15:57:56.192332', 'testUser418', 'employee418@em.com', '4fb9de68-e7b6-45af-aa38-5912b6c3a7ad');
INSERT INTO art_ping.employee_role VALUES ('2da9d35d-a640-4416-891f-5007d6fade18', '8f0ce4a2-4f0c-4d5e-b94b-419a5a440b21', '992e5c70-7b14-44ae-b2fc-d0c884659841');
INSERT INTO art_ping.employee_role VALUES ('8a4cdac5-e461-448a-9ab8-ee5cefb1e3bb', '8f0ce4a2-4f0c-4d5e-b94b-419a5a440b21', 'eea13552-ad24-4165-bce4-f1b22776739c');
INSERT INTO art_ping.employee (id, first_name, last_name, office_id, user_id, leave_date, updated, login, email, calendar_id) VALUES ('875d0ddd-5c98-4010-ac0c-27ebe20ac3d5', 'employeeName419', 'employeeLastName419', '6f6fcc68-bccd-4479-b0db-2fd2371e883c', '985e4eee-38fd-407f-b8d2-598fbc030926', null, '2021-12-23T15:57:56.192332', 'testUser419', 'employee419@em.com', 'a7486ce1-a4d7-43a8-a3e9-a9bc45473eaa');
INSERT INTO art_ping.employee_role VALUES ('8a171c28-80db-4536-be30-c26a87b30662', '875d0ddd-5c98-4010-ac0c-27ebe20ac3d5', '9f4932a6-c650-4cd2-9338-2eefa47aeb35');
INSERT INTO art_ping.employee_role VALUES ('f3481993-b1d9-4ec0-b57b-6d9e265c54a3', '875d0ddd-5c98-4010-ac0c-27ebe20ac3d5', 'eea13552-ad24-4165-bce4-f1b22776739c');
INSERT INTO art_ping.employee (id, first_name, last_name, office_id, user_id, leave_date, updated, login, email, calendar_id) VALUES ('de636aa0-651b-4e79-9b92-65465ddeb768', 'employeeName420', 'employeeLastName420', '040e05bc-01ba-4310-909d-e6eab838e130', 'ae91847d-5928-49aa-bc49-8c91f1510d0c', null, '2021-12-23T15:57:56.192332', 'testUser420', 'employee420@em.com', '18b737d7-d971-4249-b85a-545311ad1dca');
INSERT INTO art_ping.employee_role VALUES ('f3f295ea-47bc-4d0d-9a7e-87f1ab9ca3d0', 'de636aa0-651b-4e79-9b92-65465ddeb768', '992e5c70-7b14-44ae-b2fc-d0c884659841');
INSERT INTO art_ping.employee_role VALUES ('3e2569b4-9b51-4ef5-9cc9-a2f6f2c5b28d', 'de636aa0-651b-4e79-9b92-65465ddeb768', '5b204bc5-6430-4939-aa23-17b1482c6d98');
INSERT INTO art_ping.employee_role VALUES ('63c9c454-f4c7-4b7f-b633-25a95c83a7db', 'de636aa0-651b-4e79-9b92-65465ddeb768', 'eea13552-ad24-4165-bce4-f1b22776739c');
INSERT INTO art_ping.employee (id, first_name, last_name, office_id, user_id, leave_date, updated, login, email, calendar_id) VALUES ('1b23321d-fad1-477f-92d5-df44df9dfecd', 'employeeName421', 'employeeLastName421', '25da4074-ba9d-42e6-ad0f-0573b950b4cb', '8ea5bbb7-7392-4d00-941c-0fee6d0febfc', null, '2021-12-23T15:57:56.192332', 'testUser421', 'employee421@em.com', 'e68ad155-c07f-4b3c-8022-66f96be8c2bf');
INSERT INTO art_ping.employee_role VALUES ('5b8012f6-0c8a-4a0c-8071-e5e1fdaa2259', '1b23321d-fad1-477f-92d5-df44df9dfecd', 'eea13552-ad24-4165-bce4-f1b22776739c');
INSERT INTO art_ping.employee (id, first_name, last_name, office_id, user_id, leave_date, updated, login, email, calendar_id) VALUES ('0ada35b7-1963-4938-aa0b-e7fb501440a8', 'employeeName422', 'employeeLastName422', '6349eae1-0921-42a1-8d63-286d921af9fa', '6c0046fc-2f0c-4e1e-b302-fd638f13cb42', null, '2021-12-23T15:57:56.192332', 'testUser422', 'employee422@em.com', '72be929c-8187-459f-a698-1a08fa9a158b');
INSERT INTO art_ping.employee_role VALUES ('45d000c5-a0f4-4676-b08d-0da379250d77', '0ada35b7-1963-4938-aa0b-e7fb501440a8', 'e7051ffa-0edb-4ac7-84ed-12c1d3b2b5f8');
INSERT INTO art_ping.employee_role VALUES ('a83942c8-b340-48ad-b348-b861290ded97', '0ada35b7-1963-4938-aa0b-e7fb501440a8', 'eea13552-ad24-4165-bce4-f1b22776739c');
INSERT INTO art_ping.employee (id, first_name, last_name, office_id, user_id, leave_date, updated, login, email, calendar_id) VALUES ('54741f62-bbc1-4268-ab95-62c16b080be7', 'employeeName423', 'employeeLastName423', '7645e1bc-aa8d-40db-b973-1f41417e07b7', '06959309-1e6b-4731-acf8-51dd5897f392', null, '2021-12-23T15:57:56.192332', 'testUser423', 'employee423@em.com', '8d334fa6-c85d-4b3d-b6ed-68e7e0b4c937');
INSERT INTO art_ping.employee_role VALUES ('d0646f2b-0071-400f-93d5-2a3bfb6beeb2', '54741f62-bbc1-4268-ab95-62c16b080be7', '992e5c70-7b14-44ae-b2fc-d0c884659841');
INSERT INTO art_ping.employee_role VALUES ('aa5e7d9d-4a50-48aa-9a8d-9b65f4962126', '54741f62-bbc1-4268-ab95-62c16b080be7', '9f4932a6-c650-4cd2-9338-2eefa47aeb35');
INSERT INTO art_ping.employee_role VALUES ('7e092cd8-f39c-497d-80a1-82eaa7d63428', '54741f62-bbc1-4268-ab95-62c16b080be7', 'eea13552-ad24-4165-bce4-f1b22776739c');
INSERT INTO art_ping.employee (id, first_name, last_name, office_id, user_id, leave_date, updated, login, email, calendar_id) VALUES ('2a2af232-b498-4a4b-9603-c749f89df339', 'employeeName424', 'employeeLastName424', 'daaa06b0-e978-4afc-b28e-76d646efb0fa', '828510e4-1051-48d9-bc9f-75ce51d5c3d2', null, '2021-12-23T15:57:56.192332', 'testUser424', 'employee424@em.com', '81d84e96-db7c-46b3-aaef-338fbf47544a');
INSERT INTO art_ping.employee_role VALUES ('e2c3bb81-8e9e-40de-a1d6-e274ba79fc21', '2a2af232-b498-4a4b-9603-c749f89df339', '992e5c70-7b14-44ae-b2fc-d0c884659841');
INSERT INTO art_ping.employee_role VALUES ('1b11cdbc-e22c-42a8-9b8c-27837495775e', '2a2af232-b498-4a4b-9603-c749f89df339', '5b204bc5-6430-4939-aa23-17b1482c6d98');
INSERT INTO art_ping.employee_role VALUES ('a9d5e46a-b6d4-44eb-bd96-0a4f3abd3831', '2a2af232-b498-4a4b-9603-c749f89df339', 'e7051ffa-0edb-4ac7-84ed-12c1d3b2b5f8');
INSERT INTO art_ping.employee_role VALUES ('6c1e30bb-4272-4961-b547-ab4f31b7c7f0', '2a2af232-b498-4a4b-9603-c749f89df339', 'eea13552-ad24-4165-bce4-f1b22776739c');
INSERT INTO art_ping.employee (id, first_name, last_name, office_id, user_id, leave_date, updated, login, email, calendar_id) VALUES ('e624598c-6a5f-41d2-bab6-db6319e50259', 'employeeName425', 'employeeLastName425', 'b98c96d4-a6a0-4156-932a-d2a07c2f835f', '48d1f87f-0a64-4746-858a-eda75a4654c0', null, '2021-12-23T15:57:56.192332', 'testUser425', 'employee425@em.com', 'be21ba46-06d5-42d8-bc3f-703f93cb2233');
INSERT INTO art_ping.employee_role VALUES ('21d3fcba-7393-433a-be20-00e311584ae4', 'e624598c-6a5f-41d2-bab6-db6319e50259', '992e5c70-7b14-44ae-b2fc-d0c884659841');
INSERT INTO art_ping.employee_role VALUES ('d89c308c-0813-43ff-ad0d-fdfc5e07fb65', 'e624598c-6a5f-41d2-bab6-db6319e50259', '9f4932a6-c650-4cd2-9338-2eefa47aeb35');
INSERT INTO art_ping.employee_role VALUES ('dc16bb8d-6074-4063-8a1b-681fc580d5bf', 'e624598c-6a5f-41d2-bab6-db6319e50259', 'e7051ffa-0edb-4ac7-84ed-12c1d3b2b5f8');
INSERT INTO art_ping.employee_role VALUES ('8c7a16e7-037d-4211-9b6c-64ef24ace3c4', 'e624598c-6a5f-41d2-bab6-db6319e50259', 'eea13552-ad24-4165-bce4-f1b22776739c');
INSERT INTO art_ping.employee (id, first_name, last_name, office_id, user_id, leave_date, updated, login, email, calendar_id) VALUES ('df17a9a2-19ba-44cc-bb69-6050d9c2fb40', 'employeeName426', 'employeeLastName426', '2b501799-9b58-476f-80ec-c7ecbfc21080', '63386087-d71e-494d-a3bc-c93d7bf091d6', null, '2021-12-23T15:57:56.192332', 'testUser426', 'employee426@em.com', '4d1c6b46-b965-439f-9fcc-0e45453ba2b6');
INSERT INTO art_ping.employee_role VALUES ('ee5e269e-dd67-4fb4-aafb-85b6bd74c6bb', 'df17a9a2-19ba-44cc-bb69-6050d9c2fb40', 'eea13552-ad24-4165-bce4-f1b22776739c');
INSERT INTO art_ping.employee (id, first_name, last_name, office_id, user_id, leave_date, updated, login, email, calendar_id) VALUES ('0f26d3c4-fc4c-42b1-b31e-2c7daab08eb1', 'employeeName427', 'employeeLastName427', '1da5eb06-b201-4143-87c6-316f50e21be3', '159261ff-1249-4577-a5ef-36c34ef50934', null, '2021-12-23T15:57:56.192332', 'testUser427', 'employee427@em.com', 'e82d3ca7-23bd-48c0-a0c3-b52d05aeaced');
INSERT INTO art_ping.employee_role VALUES ('149350c8-e154-46b8-9b94-94adc0838737', '0f26d3c4-fc4c-42b1-b31e-2c7daab08eb1', '5b204bc5-6430-4939-aa23-17b1482c6d98');
INSERT INTO art_ping.employee_role VALUES ('3dc42f17-387e-42bf-a4ad-ecb8fc80e518', '0f26d3c4-fc4c-42b1-b31e-2c7daab08eb1', 'e7051ffa-0edb-4ac7-84ed-12c1d3b2b5f8');
INSERT INTO art_ping.employee_role VALUES ('4cd48187-7692-4f13-a548-f9064f1cfe50', '0f26d3c4-fc4c-42b1-b31e-2c7daab08eb1', 'eea13552-ad24-4165-bce4-f1b22776739c');
INSERT INTO art_ping.employee (id, first_name, last_name, office_id, user_id, leave_date, updated, login, email, calendar_id) VALUES ('4c0d2729-f438-414b-88fb-a19b7c21b288', 'employeeName428', 'employeeLastName428', '9a3acbce-f6d7-4576-ade4-94768e3a98ad', 'fe0b0ce6-ff4b-413d-9a2b-553903b88518', null, '2021-12-23T15:57:56.192332', 'testUser428', 'employee428@em.com', '987a48d2-2eed-492e-adbb-718872384007');
INSERT INTO art_ping.employee_role VALUES ('61182440-bec0-436b-a06d-79c4bc123843', '4c0d2729-f438-414b-88fb-a19b7c21b288', '992e5c70-7b14-44ae-b2fc-d0c884659841');
INSERT INTO art_ping.employee_role VALUES ('70adfaa2-b61c-47e4-b931-7aec9ba7a8f4', '4c0d2729-f438-414b-88fb-a19b7c21b288', '9f4932a6-c650-4cd2-9338-2eefa47aeb35');
INSERT INTO art_ping.employee_role VALUES ('5b03fbd4-92fc-4f05-99d6-caf81020d0a9', '4c0d2729-f438-414b-88fb-a19b7c21b288', 'eea13552-ad24-4165-bce4-f1b22776739c');
INSERT INTO art_ping.employee (id, first_name, last_name, office_id, user_id, leave_date, updated, login, email, calendar_id) VALUES ('47ce1e37-e6ee-4e8d-9de8-6d2ee8835dcf', 'employeeName429', 'employeeLastName429', 'ea523e9e-38ee-4b9c-950b-f2f4f1bc84c3', 'c9b1bee8-523f-4edc-9451-df8dc63917ce', null, '2021-12-23T15:57:56.192332', 'testUser429', 'employee429@em.com', '8312d085-9406-4947-8103-df526897834a');
INSERT INTO art_ping.employee_role VALUES ('0ec46981-4879-4355-be13-2417a123259d', '47ce1e37-e6ee-4e8d-9de8-6d2ee8835dcf', '9f4932a6-c650-4cd2-9338-2eefa47aeb35');
INSERT INTO art_ping.employee_role VALUES ('3246f2ee-e5c2-4fb5-b338-ef01925027e9', '47ce1e37-e6ee-4e8d-9de8-6d2ee8835dcf', 'e7051ffa-0edb-4ac7-84ed-12c1d3b2b5f8');
INSERT INTO art_ping.employee_role VALUES ('5f9a02a6-15d1-44ce-a6a9-3d6044a588b2', '47ce1e37-e6ee-4e8d-9de8-6d2ee8835dcf', 'eea13552-ad24-4165-bce4-f1b22776739c');
INSERT INTO art_ping.employee (id, first_name, last_name, office_id, user_id, leave_date, updated, login, email, calendar_id) VALUES ('d37a0a5f-68f0-4c41-9e70-e4364e093ca2', 'employeeName430', 'employeeLastName430', '77b73bf7-1c01-4d1a-b33d-2aa16bc9957e', '44b7162d-806d-46da-9340-904d4fe1a54b', null, '2021-12-23T15:57:56.192332', 'testUser430', 'employee430@em.com', '982dd106-6950-49b2-b95a-27220c22ee37');
INSERT INTO art_ping.employee_role VALUES ('33bf18ce-cd4e-4bd5-bb8e-1d116fe6f24d', 'd37a0a5f-68f0-4c41-9e70-e4364e093ca2', 'e7051ffa-0edb-4ac7-84ed-12c1d3b2b5f8');
INSERT INTO art_ping.employee_role VALUES ('17a54490-dc72-4dbc-9884-54087c2d9f09', 'd37a0a5f-68f0-4c41-9e70-e4364e093ca2', 'eea13552-ad24-4165-bce4-f1b22776739c');
INSERT INTO art_ping.employee (id, first_name, last_name, office_id, user_id, leave_date, updated, login, email, calendar_id) VALUES ('2bea5822-925e-4f20-935e-39e1f35a9835', 'employeeName431', 'employeeLastName431', 'b1f71f64-45b7-448f-b083-ed2be3f9998d', 'c757c841-625e-4603-abc3-e1c4b3f310d0', null, '2021-12-23T15:57:56.192332', 'testUser431', 'employee431@em.com', '987a48d2-2eed-492e-adbb-718872384007');
INSERT INTO art_ping.employee_role VALUES ('ea86e572-89f0-4c82-83ad-0e05456c068a', '2bea5822-925e-4f20-935e-39e1f35a9835', '5b204bc5-6430-4939-aa23-17b1482c6d98');
INSERT INTO art_ping.employee_role VALUES ('056b6b9b-d9d8-4ce7-a127-533ce5d6b7ba', '2bea5822-925e-4f20-935e-39e1f35a9835', 'e7051ffa-0edb-4ac7-84ed-12c1d3b2b5f8');
INSERT INTO art_ping.employee_role VALUES ('a5488bbb-3e45-4dc4-b51f-407f665d9ce6', '2bea5822-925e-4f20-935e-39e1f35a9835', 'eea13552-ad24-4165-bce4-f1b22776739c');
INSERT INTO art_ping.employee (id, first_name, last_name, office_id, user_id, leave_date, updated, login, email, calendar_id) VALUES ('47813b39-a1ac-4b21-ab4f-1b9a01ccb067', 'employeeName432', 'employeeLastName432', '0c75dfd6-834c-4737-bb1d-b4125b3fe0c1', '95f1af9c-b3cb-4ab2-b9f7-4425d092bfbd', null, '2021-12-23T15:57:56.192332', 'testUser432', 'employee432@em.com', '10387938-3ba2-4382-8a36-f7a5769851e4');
INSERT INTO art_ping.employee_role VALUES ('af5ee0fa-f206-41be-8e4c-3e9536640d9b', '47813b39-a1ac-4b21-ab4f-1b9a01ccb067', '5b204bc5-6430-4939-aa23-17b1482c6d98');
INSERT INTO art_ping.employee_role VALUES ('c5da4445-38e6-49ba-a1ec-84d847bf50ac', '47813b39-a1ac-4b21-ab4f-1b9a01ccb067', 'e7051ffa-0edb-4ac7-84ed-12c1d3b2b5f8');
INSERT INTO art_ping.employee_role VALUES ('b8a234b8-f7e4-4380-80a5-675567dc2c01', '47813b39-a1ac-4b21-ab4f-1b9a01ccb067', 'eea13552-ad24-4165-bce4-f1b22776739c');
INSERT INTO art_ping.employee (id, first_name, last_name, office_id, user_id, leave_date, updated, login, email, calendar_id) VALUES ('a065a534-0162-4f8f-b178-2323c4b00c3a', 'employeeName433', 'employeeLastName433', '633dc916-e2f3-4097-9546-92e0e7c08ee7', 'e6323c03-be4d-4e51-b863-c6ce360c453a', null, '2021-12-23T15:57:56.192332', 'testUser433', 'employee433@em.com', '9d39e79d-c72a-4ba8-a106-e0bd5b4a2c9b');
INSERT INTO art_ping.employee_role VALUES ('133358a6-01ea-450c-8f31-e6849eb893ea', 'a065a534-0162-4f8f-b178-2323c4b00c3a', '5b204bc5-6430-4939-aa23-17b1482c6d98');
INSERT INTO art_ping.employee_role VALUES ('bd01ef16-2efa-4105-b966-05f56b8db958', 'a065a534-0162-4f8f-b178-2323c4b00c3a', 'eea13552-ad24-4165-bce4-f1b22776739c');
INSERT INTO art_ping.employee (id, first_name, last_name, office_id, user_id, leave_date, updated, login, email, calendar_id) VALUES ('2b2923e3-7924-451c-918a-badad47c1be0', 'employeeName434', 'employeeLastName434', 'b98c96d4-a6a0-4156-932a-d2a07c2f835f', 'bca3daea-0d03-4f6b-994e-4e4ac203fe4d', null, '2021-12-23T15:57:56.192332', 'testUser434', 'employee434@em.com', 'be21ba46-06d5-42d8-bc3f-703f93cb2233');
INSERT INTO art_ping.employee_role VALUES ('f755c1ba-ab44-45aa-ac7e-1c2dd5e7ac5f', '2b2923e3-7924-451c-918a-badad47c1be0', '9f4932a6-c650-4cd2-9338-2eefa47aeb35');
INSERT INTO art_ping.employee_role VALUES ('0702b469-5e11-4ddd-bb8f-86ffb612f884', '2b2923e3-7924-451c-918a-badad47c1be0', 'e7051ffa-0edb-4ac7-84ed-12c1d3b2b5f8');
INSERT INTO art_ping.employee_role VALUES ('3cb37873-861d-4acb-97fc-8769c6017ddf', '2b2923e3-7924-451c-918a-badad47c1be0', 'eea13552-ad24-4165-bce4-f1b22776739c');
INSERT INTO art_ping.employee (id, first_name, last_name, office_id, user_id, leave_date, updated, login, email, calendar_id) VALUES ('7905529c-f0e5-4be5-8397-a2b43235b328', 'employeeName435', 'employeeLastName435', 'eef2db16-7b4d-4e59-9dc9-5fba8f81c9d5', '95f2cce1-a2cd-4689-a7a1-14762351ac2c', null, '2021-12-23T15:57:56.192332', 'testUser435', 'employee435@em.com', 'a7486ce1-a4d7-43a8-a3e9-a9bc45473eaa');
INSERT INTO art_ping.employee_role VALUES ('04c2beec-11bf-4038-b7b4-ea65696cbdf4', '7905529c-f0e5-4be5-8397-a2b43235b328', '9f4932a6-c650-4cd2-9338-2eefa47aeb35');
INSERT INTO art_ping.employee_role VALUES ('9ec7ae39-ac30-43c5-ba56-c2c1269f45e6', '7905529c-f0e5-4be5-8397-a2b43235b328', 'eea13552-ad24-4165-bce4-f1b22776739c');
INSERT INTO art_ping.employee (id, first_name, last_name, office_id, user_id, leave_date, updated, login, email, calendar_id) VALUES ('8470cf39-15e9-4877-b091-3c56b5faeddc', 'employeeName436', 'employeeLastName436', '4edeaa30-0871-4839-8de9-dff5f94898e1', '03381f95-7f57-41aa-aa3b-34ab4fc635da', null, '2021-12-23T15:57:56.192332', 'testUser436', 'employee436@em.com', '6075a23e-038c-470c-a0bb-d3277b3efb72');
INSERT INTO art_ping.employee_role VALUES ('cd667e88-cba7-4ddb-9d58-da4add83b013', '8470cf39-15e9-4877-b091-3c56b5faeddc', 'eea13552-ad24-4165-bce4-f1b22776739c');
INSERT INTO art_ping.employee (id, first_name, last_name, office_id, user_id, leave_date, updated, login, email, calendar_id) VALUES ('a8cabb54-2ebd-46a6-aa94-cac081ddd297', 'employeeName437', 'employeeLastName437', 'c07534a9-6bf0-45fc-b299-f8aab13c2f3e', '98a46c3a-050e-466d-96a8-dfc515c1be68', null, '2021-12-23T15:57:56.192332', 'testUser437', 'employee437@em.com', '6602d6f2-fafc-4385-8b9f-17a298f78595');
INSERT INTO art_ping.employee_role VALUES ('d448b25c-2cbd-49dc-b88d-05da08d92f33', 'a8cabb54-2ebd-46a6-aa94-cac081ddd297', '9f4932a6-c650-4cd2-9338-2eefa47aeb35');
INSERT INTO art_ping.employee_role VALUES ('472df29a-074d-4a88-b47e-e5ee7fc2c885', 'a8cabb54-2ebd-46a6-aa94-cac081ddd297', 'eea13552-ad24-4165-bce4-f1b22776739c');
INSERT INTO art_ping.employee (id, first_name, last_name, office_id, user_id, leave_date, updated, login, email, calendar_id) VALUES ('e93a897f-0979-4661-b3f9-db6d49fb98d2', 'employeeName438', 'employeeLastName438', '9a508910-d951-494e-9687-369f7c3f9b18', '5de3c01b-6482-4274-942a-ae8c7835e9dc', null, '2021-12-23T15:57:56.192332', 'testUser438', 'employee438@em.com', '18b737d7-d971-4249-b85a-545311ad1dca');
INSERT INTO art_ping.employee_role VALUES ('a1a05a9b-7329-4f26-8255-ce9a1579991a', 'e93a897f-0979-4661-b3f9-db6d49fb98d2', '992e5c70-7b14-44ae-b2fc-d0c884659841');
INSERT INTO art_ping.employee_role VALUES ('4f52d312-583f-4b56-9658-2935e2e68bd7', 'e93a897f-0979-4661-b3f9-db6d49fb98d2', '5b204bc5-6430-4939-aa23-17b1482c6d98');
INSERT INTO art_ping.employee_role VALUES ('d262b62c-de31-4dde-ba58-adf1e43b5d33', 'e93a897f-0979-4661-b3f9-db6d49fb98d2', '9f4932a6-c650-4cd2-9338-2eefa47aeb35');
INSERT INTO art_ping.employee_role VALUES ('5c0c8ab3-9c7b-4f25-b6f3-0647d2e732bd', 'e93a897f-0979-4661-b3f9-db6d49fb98d2', 'e7051ffa-0edb-4ac7-84ed-12c1d3b2b5f8');
INSERT INTO art_ping.employee_role VALUES ('6f2b76a5-a88f-4d70-96d9-2f015569aed1', 'e93a897f-0979-4661-b3f9-db6d49fb98d2', 'eea13552-ad24-4165-bce4-f1b22776739c');
INSERT INTO art_ping.employee (id, first_name, last_name, office_id, user_id, leave_date, updated, login, email, calendar_id) VALUES ('032e716f-5985-4f20-a283-dbb833a6612e', 'employeeName439', 'employeeLastName439', '00c14cae-f5ac-4c4b-81c9-5fee65111124', 'f0596f30-2ee1-4a61-9a7e-9b5bcf6a179c', null, '2021-12-23T15:57:56.192332', 'testUser439', 'employee439@em.com', '987a48d2-2eed-492e-adbb-718872384007');
INSERT INTO art_ping.employee_role VALUES ('72d6e9b1-6176-496e-bce3-490204f03491', '032e716f-5985-4f20-a283-dbb833a6612e', 'eea13552-ad24-4165-bce4-f1b22776739c');
INSERT INTO art_ping.employee (id, first_name, last_name, office_id, user_id, leave_date, updated, login, email, calendar_id) VALUES ('4c4a348d-fd13-47ff-84c6-591e8868d798', 'employeeName440', 'employeeLastName440', 'e98d2142-b45a-4ade-acef-126a85317154', 'c91a69e9-f370-4fd4-947c-fe5a108be231', null, '2021-12-23T15:57:56.192332', 'testUser440', 'employee440@em.com', '560183ad-37a6-4a3b-b797-75616dada42a');
INSERT INTO art_ping.employee_role VALUES ('fbd0ed5b-ce5a-4955-b028-d4e646834db6', '4c4a348d-fd13-47ff-84c6-591e8868d798', 'e7051ffa-0edb-4ac7-84ed-12c1d3b2b5f8');
INSERT INTO art_ping.employee_role VALUES ('09d7c491-af63-48bc-a88b-94a18a8372da', '4c4a348d-fd13-47ff-84c6-591e8868d798', 'eea13552-ad24-4165-bce4-f1b22776739c');
INSERT INTO art_ping.employee (id, first_name, last_name, office_id, user_id, leave_date, updated, login, email, calendar_id) VALUES ('e49676c5-405b-4493-b79a-d87c5138ccf9', 'employeeName441', 'employeeLastName441', '8479d6d7-f5b5-476d-abd7-00c9864f2a67', '623f7b4f-b18d-4a26-84f0-a0ce71031c57', null, '2021-12-23T15:57:56.192332', 'testUser441', 'employee441@em.com', 'b064dd5f-52a1-4b23-a462-daf5a3f31f3b');
INSERT INTO art_ping.employee_role VALUES ('ab9fcdbb-17be-44b6-b7fc-9200fd5d0f14', 'e49676c5-405b-4493-b79a-d87c5138ccf9', '992e5c70-7b14-44ae-b2fc-d0c884659841');
INSERT INTO art_ping.employee_role VALUES ('89f9b2ff-a14c-47bc-aa50-4398315e3783', 'e49676c5-405b-4493-b79a-d87c5138ccf9', 'e7051ffa-0edb-4ac7-84ed-12c1d3b2b5f8');
INSERT INTO art_ping.employee_role VALUES ('167656da-0161-478a-ab72-ac9e1e1c9725', 'e49676c5-405b-4493-b79a-d87c5138ccf9', 'eea13552-ad24-4165-bce4-f1b22776739c');
INSERT INTO art_ping.employee (id, first_name, last_name, office_id, user_id, leave_date, updated, login, email, calendar_id) VALUES ('e8f306b1-80f2-41f6-a4a3-2dbb11e01e25', 'employeeName442', 'employeeLastName442', '73b637aa-3104-4262-a40d-39ef22999d14', 'ab87f8be-77d4-4847-874a-3c03fb0deda2', null, '2021-12-23T15:57:56.193331800', 'testUser442', 'employee442@em.com', 'ad61be45-0c7f-4c95-be8b-608340beb8ee');
INSERT INTO art_ping.employee_role VALUES ('fef7614f-3635-4f1c-a9e1-fa3b4d0d941c', 'e8f306b1-80f2-41f6-a4a3-2dbb11e01e25', '992e5c70-7b14-44ae-b2fc-d0c884659841');
INSERT INTO art_ping.employee_role VALUES ('92a91674-a6a5-43fe-a297-7e6f77c9f7da', 'e8f306b1-80f2-41f6-a4a3-2dbb11e01e25', '5b204bc5-6430-4939-aa23-17b1482c6d98');
INSERT INTO art_ping.employee_role VALUES ('4e7d3494-024a-4009-9265-06f445d04f99', 'e8f306b1-80f2-41f6-a4a3-2dbb11e01e25', 'eea13552-ad24-4165-bce4-f1b22776739c');
INSERT INTO art_ping.employee (id, first_name, last_name, office_id, user_id, leave_date, updated, login, email, calendar_id) VALUES ('bc4327db-c687-4933-88b6-ad9f0074ae49', 'employeeName443', 'employeeLastName443', 'c71868ff-2592-483b-aa40-3c007b774d83', 'f3e44ccb-1a19-40a7-a6a8-41f654f56231', null, '2021-12-23T15:57:56.193331800', 'testUser443', 'employee443@em.com', '3e282a1a-a35a-4b7c-b629-a2f1b356f0fe');
INSERT INTO art_ping.employee_role VALUES ('6f83c35d-3eda-427e-8ff9-5fd1268503da', 'bc4327db-c687-4933-88b6-ad9f0074ae49', '9f4932a6-c650-4cd2-9338-2eefa47aeb35');
INSERT INTO art_ping.employee_role VALUES ('7fccee96-01a0-422b-8b54-6c5478550daf', 'bc4327db-c687-4933-88b6-ad9f0074ae49', 'eea13552-ad24-4165-bce4-f1b22776739c');
INSERT INTO art_ping.employee (id, first_name, last_name, office_id, user_id, leave_date, updated, login, email, calendar_id) VALUES ('64c36331-ea6d-404d-8700-a33e9af74a36', 'employeeName444', 'employeeLastName444', 'bdaed81a-6797-411f-bd00-31528a069df3', '0038184c-2b8e-4764-84c3-6b4123badf06', null, '2021-12-23T15:57:56.193331800', 'testUser444', 'employee444@em.com', 'e68ad155-c07f-4b3c-8022-66f96be8c2bf');
INSERT INTO art_ping.employee_role VALUES ('f239574c-0eef-4197-ad6d-8fe09a1c084b', '64c36331-ea6d-404d-8700-a33e9af74a36', '992e5c70-7b14-44ae-b2fc-d0c884659841');
INSERT INTO art_ping.employee_role VALUES ('ef59f09d-6665-42dc-beb4-02aa7b73cc11', '64c36331-ea6d-404d-8700-a33e9af74a36', '9f4932a6-c650-4cd2-9338-2eefa47aeb35');
INSERT INTO art_ping.employee_role VALUES ('63fecec9-bc93-474e-9061-4c7ac821bf45', '64c36331-ea6d-404d-8700-a33e9af74a36', 'e7051ffa-0edb-4ac7-84ed-12c1d3b2b5f8');
INSERT INTO art_ping.employee_role VALUES ('15d0bcf1-c2be-40ea-a86e-561b0c336222', '64c36331-ea6d-404d-8700-a33e9af74a36', 'eea13552-ad24-4165-bce4-f1b22776739c');
INSERT INTO art_ping.employee (id, first_name, last_name, office_id, user_id, leave_date, updated, login, email, calendar_id) VALUES ('59ecffe2-a78d-4d3b-a20e-5b1360fb1749', 'employeeName445', 'employeeLastName445', 'bc2a8bdc-2b0f-4f12-a091-53a2dce2d321', '03113b34-f376-4ab4-8de9-7dec505b663e', null, '2021-12-23T15:57:56.193331800', 'testUser445', 'employee445@em.com', 'a7486ce1-a4d7-43a8-a3e9-a9bc45473eaa');
INSERT INTO art_ping.employee_role VALUES ('23c7af09-63fd-4cf8-8818-47f0d60998fb', '59ecffe2-a78d-4d3b-a20e-5b1360fb1749', '5b204bc5-6430-4939-aa23-17b1482c6d98');
INSERT INTO art_ping.employee_role VALUES ('b590241d-6b1f-40e6-aabd-18aa811abedb', '59ecffe2-a78d-4d3b-a20e-5b1360fb1749', '9f4932a6-c650-4cd2-9338-2eefa47aeb35');
INSERT INTO art_ping.employee_role VALUES ('16063a00-0616-4f26-b9ca-de86c053deba', '59ecffe2-a78d-4d3b-a20e-5b1360fb1749', 'e7051ffa-0edb-4ac7-84ed-12c1d3b2b5f8');
INSERT INTO art_ping.employee_role VALUES ('61221411-5244-4f7f-a127-08b000c95734', '59ecffe2-a78d-4d3b-a20e-5b1360fb1749', 'eea13552-ad24-4165-bce4-f1b22776739c');
INSERT INTO art_ping.employee (id, first_name, last_name, office_id, user_id, leave_date, updated, login, email, calendar_id) VALUES ('5240e0be-3f9e-4ad6-954b-e4b62a4aaf36', 'employeeName446', 'employeeLastName446', '25ab10e7-b677-4367-9b6a-0beef5826c17', '0eb37b53-56bc-4f1e-9c7b-29e377803ab7', null, '2021-12-23T15:57:56.193331800', 'testUser446', 'employee446@em.com', 'ece84e5d-f32a-4165-aaeb-9c7fcf4ad087');
INSERT INTO art_ping.employee_role VALUES ('aceb8f22-45b3-4d95-92dc-eecd159a0a84', '5240e0be-3f9e-4ad6-954b-e4b62a4aaf36', '9f4932a6-c650-4cd2-9338-2eefa47aeb35');
INSERT INTO art_ping.employee_role VALUES ('ff3cd5cf-b64e-4848-98d4-6cc69e0b70e9', '5240e0be-3f9e-4ad6-954b-e4b62a4aaf36', 'eea13552-ad24-4165-bce4-f1b22776739c');
INSERT INTO art_ping.employee (id, first_name, last_name, office_id, user_id, leave_date, updated, login, email, calendar_id) VALUES ('80a00422-f9d7-4880-9c8e-9945236e1624', 'employeeName447', 'employeeLastName447', '7cb2c52c-65de-4e1d-a999-c0854ace823b', 'b4c53a8c-bd00-40cd-a3ac-9414dec5292d', null, '2021-12-23T15:57:56.193331800', 'testUser447', 'employee447@em.com', '83fb83f4-7544-4f51-993a-47cabe040e5c');
INSERT INTO art_ping.employee_role VALUES ('c4322ea2-d878-420a-a4b4-f531d5488072', '80a00422-f9d7-4880-9c8e-9945236e1624', '992e5c70-7b14-44ae-b2fc-d0c884659841');
INSERT INTO art_ping.employee_role VALUES ('79cba36a-557e-4897-8a51-9da51430a029', '80a00422-f9d7-4880-9c8e-9945236e1624', '5b204bc5-6430-4939-aa23-17b1482c6d98');
INSERT INTO art_ping.employee_role VALUES ('64bb3e8f-e756-4a92-a955-2b2065c6d7f2', '80a00422-f9d7-4880-9c8e-9945236e1624', '9f4932a6-c650-4cd2-9338-2eefa47aeb35');
INSERT INTO art_ping.employee_role VALUES ('046737ce-ab48-4250-8702-72fbad8ae90e', '80a00422-f9d7-4880-9c8e-9945236e1624', 'eea13552-ad24-4165-bce4-f1b22776739c');
INSERT INTO art_ping.employee (id, first_name, last_name, office_id, user_id, leave_date, updated, login, email, calendar_id) VALUES ('35eea3b2-a3c0-4965-8160-e17ea8399ce0', 'employeeName448', 'employeeLastName448', 'e2ea5d24-ea45-406e-a50c-476615cea7a8', '2ec8c3f4-66c8-451c-b6e2-f7f21c8b4fb3', null, '2021-12-23T15:57:56.193331800', 'testUser448', 'employee448@em.com', 'bac72bd4-1f06-4610-b7e0-d68506e54a15');
INSERT INTO art_ping.employee_role VALUES ('e0b7965e-a97e-4c48-931b-12d657275e97', '35eea3b2-a3c0-4965-8160-e17ea8399ce0', '992e5c70-7b14-44ae-b2fc-d0c884659841');
INSERT INTO art_ping.employee_role VALUES ('38577015-7db4-4814-8c40-bfdee539c730', '35eea3b2-a3c0-4965-8160-e17ea8399ce0', 'eea13552-ad24-4165-bce4-f1b22776739c');
INSERT INTO art_ping.employee (id, first_name, last_name, office_id, user_id, leave_date, updated, login, email, calendar_id) VALUES ('9574b8bd-d990-4149-9d74-5338d79432ad', 'employeeName449', 'employeeLastName449', '1016ec1c-b32e-4743-a1b9-e9960ed6efb3', '386706d0-1c3c-44be-9226-db7fa7b4a1c7', null, '2021-12-23T15:57:56.193331800', 'testUser449', 'employee449@em.com', '23775748-0ced-4446-a6d7-d6913f30ff57');
INSERT INTO art_ping.employee_role VALUES ('c63eee37-22e3-43c2-92bb-6d3b0724ddc0', '9574b8bd-d990-4149-9d74-5338d79432ad', '992e5c70-7b14-44ae-b2fc-d0c884659841');
INSERT INTO art_ping.employee_role VALUES ('533a5d72-7502-40fd-b84d-0651c2f5ee1f', '9574b8bd-d990-4149-9d74-5338d79432ad', '5b204bc5-6430-4939-aa23-17b1482c6d98');
INSERT INTO art_ping.employee_role VALUES ('7236fc26-d27f-4b17-a8e3-4ff642297e0a', '9574b8bd-d990-4149-9d74-5338d79432ad', '9f4932a6-c650-4cd2-9338-2eefa47aeb35');
INSERT INTO art_ping.employee_role VALUES ('a2d3b290-3467-4cc4-8db9-849d7c857759', '9574b8bd-d990-4149-9d74-5338d79432ad', 'eea13552-ad24-4165-bce4-f1b22776739c');
INSERT INTO art_ping.employee (id, first_name, last_name, office_id, user_id, leave_date, updated, login, email, calendar_id) VALUES ('dc984317-bc0d-44c5-aa8c-5b9183521938', 'employeeName450', 'employeeLastName450', 'd014cdcb-f321-4616-abfb-3bffd695ae2d', '0812d19c-6584-429e-88d1-612b98e34b3f', null, '2021-12-23T15:57:56.193331800', 'testUser450', 'employee450@em.com', 'f83e41d6-04f0-4b04-b4f1-949c46b31d00');
INSERT INTO art_ping.employee_role VALUES ('17d5b998-3df7-4399-a5ad-11ca66f55002', 'dc984317-bc0d-44c5-aa8c-5b9183521938', '992e5c70-7b14-44ae-b2fc-d0c884659841');
INSERT INTO art_ping.employee_role VALUES ('0acfdfd5-814f-44d7-aafc-846191c9497b', 'dc984317-bc0d-44c5-aa8c-5b9183521938', '5b204bc5-6430-4939-aa23-17b1482c6d98');
INSERT INTO art_ping.employee_role VALUES ('1c02438a-7eda-4e33-9343-0cc921e0f278', 'dc984317-bc0d-44c5-aa8c-5b9183521938', '9f4932a6-c650-4cd2-9338-2eefa47aeb35');
INSERT INTO art_ping.employee_role VALUES ('5a399579-fac3-4341-bf34-bdecef4d7406', 'dc984317-bc0d-44c5-aa8c-5b9183521938', 'eea13552-ad24-4165-bce4-f1b22776739c');
INSERT INTO art_ping.employee (id, first_name, last_name, office_id, user_id, leave_date, updated, login, email, calendar_id) VALUES ('be36ac3d-6a67-478b-909c-3811de330c9a', 'employeeName451', 'employeeLastName451', 'e0668a6a-9925-4544-98fd-333779a16572', '83f2a5c2-d127-4979-b312-e4af71009b4b', null, '2021-12-23T15:57:56.193331800', 'testUser451', 'employee451@em.com', '6566ab75-9d9c-4b15-a7da-d064ec296488');
INSERT INTO art_ping.employee_role VALUES ('5b6dd86f-83f7-4710-b117-ef3fd72a50bd', 'be36ac3d-6a67-478b-909c-3811de330c9a', '992e5c70-7b14-44ae-b2fc-d0c884659841');
INSERT INTO art_ping.employee_role VALUES ('0b13703d-2d24-40b8-a142-9072f7a8b8f9', 'be36ac3d-6a67-478b-909c-3811de330c9a', 'e7051ffa-0edb-4ac7-84ed-12c1d3b2b5f8');
INSERT INTO art_ping.employee_role VALUES ('f7e5314a-75d0-4dc4-8bfc-ecbe5426e233', 'be36ac3d-6a67-478b-909c-3811de330c9a', 'eea13552-ad24-4165-bce4-f1b22776739c');
INSERT INTO art_ping.employee (id, first_name, last_name, office_id, user_id, leave_date, updated, login, email, calendar_id) VALUES ('75337bda-5db6-4250-9132-bb2e6b0632b8', 'employeeName452', 'employeeLastName452', '1df28ec1-7569-47f1-9c01-a93224c287df', '178a0e0d-753a-408b-9861-1f847cbac041', null, '2021-12-23T15:57:56.193331800', 'testUser452', 'employee452@em.com', '611b024c-b6c6-4bf8-a1f4-2706452ffe8d');
INSERT INTO art_ping.employee_role VALUES ('1ad6ecdd-3015-4d53-8c55-d2c02ec641b3', '75337bda-5db6-4250-9132-bb2e6b0632b8', '5b204bc5-6430-4939-aa23-17b1482c6d98');
INSERT INTO art_ping.employee_role VALUES ('1daf660f-1836-4304-b290-a875dd3eb6a1', '75337bda-5db6-4250-9132-bb2e6b0632b8', 'eea13552-ad24-4165-bce4-f1b22776739c');
INSERT INTO art_ping.employee (id, first_name, last_name, office_id, user_id, leave_date, updated, login, email, calendar_id) VALUES ('a1b17097-439e-4632-a6ad-30e7eda50e80', 'employeeName453', 'employeeLastName453', 'b9c0e7fb-63ed-453d-9935-7acaf1c8439d', '1513db93-591a-4c20-8d0c-4016f875a08b', null, '2021-12-23T15:57:56.193331800', 'testUser453', 'employee453@em.com', 'ad61be45-0c7f-4c95-be8b-608340beb8ee');
INSERT INTO art_ping.employee_role VALUES ('9138e9fc-6693-4c77-9399-3eace3f5e327', 'a1b17097-439e-4632-a6ad-30e7eda50e80', '5b204bc5-6430-4939-aa23-17b1482c6d98');
INSERT INTO art_ping.employee_role VALUES ('4e7f4203-1eaa-4579-b027-560816fd5985', 'a1b17097-439e-4632-a6ad-30e7eda50e80', 'e7051ffa-0edb-4ac7-84ed-12c1d3b2b5f8');
INSERT INTO art_ping.employee_role VALUES ('38c55033-ab38-4545-9301-45c7197f5650', 'a1b17097-439e-4632-a6ad-30e7eda50e80', 'eea13552-ad24-4165-bce4-f1b22776739c');
INSERT INTO art_ping.employee (id, first_name, last_name, office_id, user_id, leave_date, updated, login, email, calendar_id) VALUES ('505a4104-acaf-48db-bf7c-45656c6d915e', 'employeeName454', 'employeeLastName454', 'bbf85530-8751-4308-a771-efef5c0fe998', '30bd5adf-133e-49b1-a0cb-0ca9cf691a65', null, '2021-12-23T15:57:56.193331800', 'testUser454', 'employee454@em.com', '65b30d5f-f607-43c7-8c6d-7ca7ced24c0c');
INSERT INTO art_ping.employee_role VALUES ('8fb166ec-22c6-40ab-bc69-633e383914ae', '505a4104-acaf-48db-bf7c-45656c6d915e', '992e5c70-7b14-44ae-b2fc-d0c884659841');
INSERT INTO art_ping.employee_role VALUES ('80ed75c7-0222-4620-bc48-393a7d7a69fe', '505a4104-acaf-48db-bf7c-45656c6d915e', '9f4932a6-c650-4cd2-9338-2eefa47aeb35');
INSERT INTO art_ping.employee_role VALUES ('36e7ad16-42cf-470d-b2f8-e4d6c8d79cf1', '505a4104-acaf-48db-bf7c-45656c6d915e', 'e7051ffa-0edb-4ac7-84ed-12c1d3b2b5f8');
INSERT INTO art_ping.employee_role VALUES ('d182fd30-0172-474b-82a2-eeb9cae2d9bf', '505a4104-acaf-48db-bf7c-45656c6d915e', 'eea13552-ad24-4165-bce4-f1b22776739c');
INSERT INTO art_ping.employee (id, first_name, last_name, office_id, user_id, leave_date, updated, login, email, calendar_id) VALUES ('1e53e1cb-cc17-4ad8-9eae-7afe826158f4', 'employeeName455', 'employeeLastName455', '9e6f20c8-57de-46fa-a77d-17f3fcdcdba5', '04eb7b82-fa77-42f4-bf35-b9db8f3fae81', null, '2021-12-23T15:57:56.193331800', 'testUser455', 'employee455@em.com', '3ea41cd2-2e35-467b-a976-9406d9c891da');
INSERT INTO art_ping.employee_role VALUES ('9d49b459-422b-4454-a82e-052c71836bd4', '1e53e1cb-cc17-4ad8-9eae-7afe826158f4', 'e7051ffa-0edb-4ac7-84ed-12c1d3b2b5f8');
INSERT INTO art_ping.employee_role VALUES ('f252a641-d526-45df-878e-9b897ad47594', '1e53e1cb-cc17-4ad8-9eae-7afe826158f4', 'eea13552-ad24-4165-bce4-f1b22776739c');
INSERT INTO art_ping.employee (id, first_name, last_name, office_id, user_id, leave_date, updated, login, email, calendar_id) VALUES ('84d6237a-256f-4c52-94a0-ce2c0e851cf0', 'employeeName456', 'employeeLastName456', '8da65beb-3f12-45d1-818e-d41858007f50', '805efee2-6bca-4e0d-a28d-b86fb56e848b', null, '2021-12-23T15:57:56.193331800', 'testUser456', 'employee456@em.com', '10387938-3ba2-4382-8a36-f7a5769851e4');
INSERT INTO art_ping.employee_role VALUES ('3f9a9067-444a-41d7-8dc4-ff92a577a4ec', '84d6237a-256f-4c52-94a0-ce2c0e851cf0', 'e7051ffa-0edb-4ac7-84ed-12c1d3b2b5f8');
INSERT INTO art_ping.employee_role VALUES ('8a8f280c-d41b-4b07-b867-c4b165897c17', '84d6237a-256f-4c52-94a0-ce2c0e851cf0', 'eea13552-ad24-4165-bce4-f1b22776739c');
INSERT INTO art_ping.employee (id, first_name, last_name, office_id, user_id, leave_date, updated, login, email, calendar_id) VALUES ('e981f520-5bec-4d2a-b07f-c9c4b3497b13', 'employeeName457', 'employeeLastName457', '1da5eb06-b201-4143-87c6-316f50e21be3', '3f92ddf1-4d36-4bf8-91fa-9b7ce3ae71be', null, '2021-12-23T15:57:56.193331800', 'testUser457', 'employee457@em.com', 'e82d3ca7-23bd-48c0-a0c3-b52d05aeaced');
INSERT INTO art_ping.employee_role VALUES ('16d02646-9fd0-460b-a185-4f8c7ba6e266', 'e981f520-5bec-4d2a-b07f-c9c4b3497b13', '5b204bc5-6430-4939-aa23-17b1482c6d98');
INSERT INTO art_ping.employee_role VALUES ('f11f6674-9205-4379-938f-bb2097d3e4be', 'e981f520-5bec-4d2a-b07f-c9c4b3497b13', '9f4932a6-c650-4cd2-9338-2eefa47aeb35');
INSERT INTO art_ping.employee_role VALUES ('12bca177-c07d-4645-b535-f9a80441c7c2', 'e981f520-5bec-4d2a-b07f-c9c4b3497b13', 'eea13552-ad24-4165-bce4-f1b22776739c');
INSERT INTO art_ping.employee (id, first_name, last_name, office_id, user_id, leave_date, updated, login, email, calendar_id) VALUES ('9a7fd726-d2f5-4da5-a2b5-2caa160b2e65', 'employeeName458', 'employeeLastName458', 'a9debb53-7785-4bea-9ca6-38044230ba68', 'b16a9a8a-61a9-4345-ab91-ea938be87535', null, '2021-12-23T15:57:56.193331800', 'testUser458', 'employee458@em.com', 'debfb7a9-fe4c-45c7-9a4f-2c5143c9c1ca');
INSERT INTO art_ping.employee_role VALUES ('33c365dd-706b-4a0c-bae8-0a56d756ff69', '9a7fd726-d2f5-4da5-a2b5-2caa160b2e65', '992e5c70-7b14-44ae-b2fc-d0c884659841');
INSERT INTO art_ping.employee_role VALUES ('fe8300fb-ae6b-4c16-8e8b-c36d8d65edf7', '9a7fd726-d2f5-4da5-a2b5-2caa160b2e65', '5b204bc5-6430-4939-aa23-17b1482c6d98');
INSERT INTO art_ping.employee_role VALUES ('41743afc-f54a-48d5-a8d6-6861deae4aa6', '9a7fd726-d2f5-4da5-a2b5-2caa160b2e65', '9f4932a6-c650-4cd2-9338-2eefa47aeb35');
INSERT INTO art_ping.employee_role VALUES ('676c3e06-b4be-4e6e-9b2f-826b2223ac9c', '9a7fd726-d2f5-4da5-a2b5-2caa160b2e65', 'eea13552-ad24-4165-bce4-f1b22776739c');
INSERT INTO art_ping.employee (id, first_name, last_name, office_id, user_id, leave_date, updated, login, email, calendar_id) VALUES ('970203ae-fae6-43cc-bc06-cc3bb400ee0a', 'employeeName459', 'employeeLastName459', 'c38e2d0d-d397-45c1-9707-d0b7e10aa748', '29fcbc72-72da-401d-9234-95090069ec9a', null, '2021-12-23T15:57:56.193331800', 'testUser459', 'employee459@em.com', '5e882683-de03-498b-99f7-8e12bc3ec1cb');
INSERT INTO art_ping.employee_role VALUES ('9c5defdd-66f4-4d23-b918-03fee91d9aa3', '970203ae-fae6-43cc-bc06-cc3bb400ee0a', '992e5c70-7b14-44ae-b2fc-d0c884659841');
INSERT INTO art_ping.employee_role VALUES ('e2c8f124-0e0b-4b44-8bad-7b6c92def3d3', '970203ae-fae6-43cc-bc06-cc3bb400ee0a', '9f4932a6-c650-4cd2-9338-2eefa47aeb35');
INSERT INTO art_ping.employee_role VALUES ('0beda15b-82a5-4049-8b63-570ad2dab253', '970203ae-fae6-43cc-bc06-cc3bb400ee0a', 'e7051ffa-0edb-4ac7-84ed-12c1d3b2b5f8');
INSERT INTO art_ping.employee_role VALUES ('58ec196c-a5c3-4851-bdae-b06879f57803', '970203ae-fae6-43cc-bc06-cc3bb400ee0a', 'eea13552-ad24-4165-bce4-f1b22776739c');
INSERT INTO art_ping.employee (id, first_name, last_name, office_id, user_id, leave_date, updated, login, email, calendar_id) VALUES ('b1081430-b743-4952-9920-746536d9b39b', 'employeeName460', 'employeeLastName460', 'd24c78d8-6b42-4ed4-bfc1-eb123b4a5ed9', '47c831d3-1e82-47eb-9c5f-2830df792950', null, '2021-12-23T15:57:56.193331800', 'testUser460', 'employee460@em.com', '611b024c-b6c6-4bf8-a1f4-2706452ffe8d');
INSERT INTO art_ping.employee_role VALUES ('b79a862f-eef4-4b3c-845b-f0c0c6fdc166', 'b1081430-b743-4952-9920-746536d9b39b', '9f4932a6-c650-4cd2-9338-2eefa47aeb35');
INSERT INTO art_ping.employee_role VALUES ('a583a3c0-d135-4f6d-95eb-49af806013cd', 'b1081430-b743-4952-9920-746536d9b39b', 'eea13552-ad24-4165-bce4-f1b22776739c');
INSERT INTO art_ping.employee (id, first_name, last_name, office_id, user_id, leave_date, updated, login, email, calendar_id) VALUES ('b8057b88-4972-4f3c-8d60-b2820094783d', 'employeeName461', 'employeeLastName461', '5b2967ef-7015-428e-b3d8-70c5bd6dd7a1', '61fea0c9-c49f-48e3-9cac-ed274d66233e', null, '2021-12-23T15:57:56.193331800', 'testUser461', 'employee461@em.com', '0c938dfe-6bdb-4fd6-bb0a-df38a9e1ae80');
INSERT INTO art_ping.employee_role VALUES ('5ef2700d-dc06-4844-915a-1a0096620838', 'b8057b88-4972-4f3c-8d60-b2820094783d', '5b204bc5-6430-4939-aa23-17b1482c6d98');
INSERT INTO art_ping.employee_role VALUES ('ee54f812-478b-4f59-a122-e78540c5b9c4', 'b8057b88-4972-4f3c-8d60-b2820094783d', 'e7051ffa-0edb-4ac7-84ed-12c1d3b2b5f8');
INSERT INTO art_ping.employee_role VALUES ('2ae124a0-398c-438d-bc9f-1d28df34154e', 'b8057b88-4972-4f3c-8d60-b2820094783d', 'eea13552-ad24-4165-bce4-f1b22776739c');
INSERT INTO art_ping.employee (id, first_name, last_name, office_id, user_id, leave_date, updated, login, email, calendar_id) VALUES ('07db2e4b-db75-4803-ae43-4f60fc25a1f8', 'employeeName462', 'employeeLastName462', '79ff63db-c91a-46e1-91f5-e7e3b973bb51', '95efe351-3c61-47fd-baa8-67fb796eaf04', null, '2021-12-23T15:57:56.193331800', 'testUser462', 'employee462@em.com', 'c6f8565c-983c-4f3a-bf19-90c83d1ac25e');
INSERT INTO art_ping.employee_role VALUES ('0455f0e3-4d18-4900-821c-1ebd2d4e6669', '07db2e4b-db75-4803-ae43-4f60fc25a1f8', '992e5c70-7b14-44ae-b2fc-d0c884659841');
INSERT INTO art_ping.employee_role VALUES ('16c77f16-72e5-46e0-b2a5-6a9fca3a7145', '07db2e4b-db75-4803-ae43-4f60fc25a1f8', '9f4932a6-c650-4cd2-9338-2eefa47aeb35');
INSERT INTO art_ping.employee_role VALUES ('1173e186-7983-4492-9129-15abd60dc576', '07db2e4b-db75-4803-ae43-4f60fc25a1f8', 'e7051ffa-0edb-4ac7-84ed-12c1d3b2b5f8');
INSERT INTO art_ping.employee_role VALUES ('54a4f96a-024d-4166-b8b5-22712978b9f4', '07db2e4b-db75-4803-ae43-4f60fc25a1f8', 'eea13552-ad24-4165-bce4-f1b22776739c');
INSERT INTO art_ping.employee (id, first_name, last_name, office_id, user_id, leave_date, updated, login, email, calendar_id) VALUES ('2ff27e9f-d09e-4abf-81e0-e434c1b058e0', 'employeeName463', 'employeeLastName463', 'a07eb9f0-1d2b-46b2-a5cf-73fbf19abe5f', '7f28140e-f435-43a6-b434-c97b9e2e7108', null, '2021-12-23T15:57:56.193331800', 'testUser463', 'employee463@em.com', '4ad4a8b0-be32-4038-8805-842060a2a44a');
INSERT INTO art_ping.employee_role VALUES ('7e60cb94-d076-45a7-bd80-8748cfd53122', '2ff27e9f-d09e-4abf-81e0-e434c1b058e0', 'e7051ffa-0edb-4ac7-84ed-12c1d3b2b5f8');
INSERT INTO art_ping.employee_role VALUES ('38d7a32e-120a-48ef-97ab-dc185009902b', '2ff27e9f-d09e-4abf-81e0-e434c1b058e0', 'eea13552-ad24-4165-bce4-f1b22776739c');
INSERT INTO art_ping.employee (id, first_name, last_name, office_id, user_id, leave_date, updated, login, email, calendar_id) VALUES ('bc701c9d-d237-4fd8-9bf9-5996877aeb16', 'employeeName464', 'employeeLastName464', '3d69b3ab-1f28-43cd-942f-00d238714e7b', '62add0f1-ab29-4b51-9c3d-cf8256972e75', null, '2021-12-23T15:57:56.193331800', 'testUser464', 'employee464@em.com', '6a3fc83c-5be8-4ae8-a267-c99e818c896d');
INSERT INTO art_ping.employee_role VALUES ('a5a996b7-2006-4be1-806a-f011cc804086', 'bc701c9d-d237-4fd8-9bf9-5996877aeb16', '992e5c70-7b14-44ae-b2fc-d0c884659841');
INSERT INTO art_ping.employee_role VALUES ('6af42b5b-26ce-4fb9-9ef1-5b3cb10f78f7', 'bc701c9d-d237-4fd8-9bf9-5996877aeb16', '9f4932a6-c650-4cd2-9338-2eefa47aeb35');
INSERT INTO art_ping.employee_role VALUES ('c249a5f2-4459-4fea-9cf0-9185e0445f8d', 'bc701c9d-d237-4fd8-9bf9-5996877aeb16', 'e7051ffa-0edb-4ac7-84ed-12c1d3b2b5f8');
INSERT INTO art_ping.employee_role VALUES ('3d8be6c7-8b71-4db6-bdb6-b265309b1721', 'bc701c9d-d237-4fd8-9bf9-5996877aeb16', 'eea13552-ad24-4165-bce4-f1b22776739c');
INSERT INTO art_ping.employee (id, first_name, last_name, office_id, user_id, leave_date, updated, login, email, calendar_id) VALUES ('45524fae-7322-42c6-99dc-c0e1cf7880cd', 'employeeName465', 'employeeLastName465', 'ecd509ee-7cf6-469e-a9d0-3c577f826956', '41c98c8c-539c-417b-b042-44c103a481f6', null, '2021-12-23T15:57:56.193331800', 'testUser465', 'employee465@em.com', '3d16975c-4312-4f03-b5d5-27a4eae6925c');
INSERT INTO art_ping.employee_role VALUES ('8f951f39-4f07-42f3-b2fe-618fcc0dd180', '45524fae-7322-42c6-99dc-c0e1cf7880cd', '992e5c70-7b14-44ae-b2fc-d0c884659841');
INSERT INTO art_ping.employee_role VALUES ('e9a811a0-cb7c-494a-973c-c99961fbea9c', '45524fae-7322-42c6-99dc-c0e1cf7880cd', '5b204bc5-6430-4939-aa23-17b1482c6d98');
INSERT INTO art_ping.employee_role VALUES ('b7172d51-0f7f-420a-9818-79361bb82545', '45524fae-7322-42c6-99dc-c0e1cf7880cd', '9f4932a6-c650-4cd2-9338-2eefa47aeb35');
INSERT INTO art_ping.employee_role VALUES ('d5640239-4aa1-4603-9138-0e25731c8ab8', '45524fae-7322-42c6-99dc-c0e1cf7880cd', 'eea13552-ad24-4165-bce4-f1b22776739c');
INSERT INTO art_ping.employee (id, first_name, last_name, office_id, user_id, leave_date, updated, login, email, calendar_id) VALUES ('11f08932-f615-4629-9246-f439fc292b0c', 'employeeName466', 'employeeLastName466', 'ad8de815-c1af-4df4-83b1-ebb24468160c', '2229230c-a365-4809-8485-7b6980d3243c', null, '2021-12-23T15:57:56.193331800', 'testUser466', 'employee466@em.com', '79f0840b-c9b7-4da8-a723-94850b7de070');
INSERT INTO art_ping.employee_role VALUES ('7719d952-bbca-4ecd-b31d-c189da3d38aa', '11f08932-f615-4629-9246-f439fc292b0c', '5b204bc5-6430-4939-aa23-17b1482c6d98');
INSERT INTO art_ping.employee_role VALUES ('94699872-8232-4147-a881-f9a0349d82b5', '11f08932-f615-4629-9246-f439fc292b0c', 'e7051ffa-0edb-4ac7-84ed-12c1d3b2b5f8');
INSERT INTO art_ping.employee_role VALUES ('158097ae-cedc-4731-9aaf-cc3195cbe47d', '11f08932-f615-4629-9246-f439fc292b0c', 'eea13552-ad24-4165-bce4-f1b22776739c');
INSERT INTO art_ping.employee (id, first_name, last_name, office_id, user_id, leave_date, updated, login, email, calendar_id) VALUES ('2aea4376-361c-4af0-bd43-b371f45c3555', 'employeeName467', 'employeeLastName467', '2b34bfdd-df0e-44c6-9bb5-d29e0e760872', '654a4a50-874b-452f-978e-174be22a13c2', null, '2021-12-23T15:57:56.193331800', 'testUser467', 'employee467@em.com', 'd8388a24-a630-4227-8cf0-087dcf0f37b9');
INSERT INTO art_ping.employee_role VALUES ('10a7a534-e0b7-40b8-a6b4-3a4d9071b75f', '2aea4376-361c-4af0-bd43-b371f45c3555', '5b204bc5-6430-4939-aa23-17b1482c6d98');
INSERT INTO art_ping.employee_role VALUES ('9ae5a5d9-3ddb-4a44-8692-c48ec1e27c8b', '2aea4376-361c-4af0-bd43-b371f45c3555', '9f4932a6-c650-4cd2-9338-2eefa47aeb35');
INSERT INTO art_ping.employee_role VALUES ('22c4d9e0-16f0-4c6f-b143-b83452d6aea0', '2aea4376-361c-4af0-bd43-b371f45c3555', 'e7051ffa-0edb-4ac7-84ed-12c1d3b2b5f8');
INSERT INTO art_ping.employee_role VALUES ('f98399db-82c0-483b-a264-35f904042358', '2aea4376-361c-4af0-bd43-b371f45c3555', 'eea13552-ad24-4165-bce4-f1b22776739c');
INSERT INTO art_ping.employee (id, first_name, last_name, office_id, user_id, leave_date, updated, login, email, calendar_id) VALUES ('e2b5b5af-bea7-4210-8c26-9fdbf97d7207', 'employeeName468', 'employeeLastName468', '96c7369a-6b4f-467b-a20a-e2609e4ef4ac', '89d33adb-80b3-4920-afbd-7015be34fda6', null, '2021-12-23T15:57:56.193331800', 'testUser468', 'employee468@em.com', '4b1ba17b-5803-4657-aeff-19741575fd9d');
INSERT INTO art_ping.employee_role VALUES ('1dbb8caa-9b60-495e-954c-441408c41037', 'e2b5b5af-bea7-4210-8c26-9fdbf97d7207', '5b204bc5-6430-4939-aa23-17b1482c6d98');
INSERT INTO art_ping.employee_role VALUES ('64c8502e-0a62-4a16-89cb-0607452e9345', 'e2b5b5af-bea7-4210-8c26-9fdbf97d7207', 'eea13552-ad24-4165-bce4-f1b22776739c');
INSERT INTO art_ping.employee (id, first_name, last_name, office_id, user_id, leave_date, updated, login, email, calendar_id) VALUES ('9e78a2ab-2fde-45ec-98bf-5b9315e22f61', 'employeeName469', 'employeeLastName469', 'd8c3dacc-3d00-469b-995b-fd016ff83c55', 'd855ce21-5bed-45bf-a03b-c6cfd1a58223', null, '2021-12-23T15:57:56.193331800', 'testUser469', 'employee469@em.com', 'bf441199-ac71-46e6-966f-13b0db15c311');
INSERT INTO art_ping.employee_role VALUES ('574e3d38-f434-4f12-92b0-5161304f994e', '9e78a2ab-2fde-45ec-98bf-5b9315e22f61', '992e5c70-7b14-44ae-b2fc-d0c884659841');
INSERT INTO art_ping.employee_role VALUES ('1e12c198-2402-4216-b18d-118b2ef38fbf', '9e78a2ab-2fde-45ec-98bf-5b9315e22f61', 'eea13552-ad24-4165-bce4-f1b22776739c');
INSERT INTO art_ping.employee (id, first_name, last_name, office_id, user_id, leave_date, updated, login, email, calendar_id) VALUES ('c4a23d0a-4a7e-402d-bbe4-511d102e4648', 'employeeName470', 'employeeLastName470', '98e57c57-f2dd-46ce-8f05-2d4775b7cf15', '794f314f-2c01-4517-9588-c0bc2ec7b287', null, '2021-12-23T15:57:56.193331800', 'testUser470', 'employee470@em.com', '43c5a337-ec92-4fc9-955e-599163eab623');
INSERT INTO art_ping.employee_role VALUES ('e52ec5ea-f1bc-49db-9ad6-8ef28177c6e2', 'c4a23d0a-4a7e-402d-bbe4-511d102e4648', '5b204bc5-6430-4939-aa23-17b1482c6d98');
INSERT INTO art_ping.employee_role VALUES ('f695d4b8-60a8-4342-8014-5cc3c2102f13', 'c4a23d0a-4a7e-402d-bbe4-511d102e4648', 'e7051ffa-0edb-4ac7-84ed-12c1d3b2b5f8');
INSERT INTO art_ping.employee_role VALUES ('3e4394ad-7bcd-4566-acb8-1dae231b35b0', 'c4a23d0a-4a7e-402d-bbe4-511d102e4648', 'eea13552-ad24-4165-bce4-f1b22776739c');
INSERT INTO art_ping.employee (id, first_name, last_name, office_id, user_id, leave_date, updated, login, email, calendar_id) VALUES ('270ca6a3-8e4a-4a86-a0ef-abef0bab46ed', 'employeeName471', 'employeeLastName471', '8da65beb-3f12-45d1-818e-d41858007f50', '0ea45e97-0040-4c8f-9f19-145eae988cb5', null, '2021-12-23T15:57:56.193331800', 'testUser471', 'employee471@em.com', '10387938-3ba2-4382-8a36-f7a5769851e4');
INSERT INTO art_ping.employee_role VALUES ('d5ec0bc2-56ed-4b0a-acf8-8b333f5e3ebf', '270ca6a3-8e4a-4a86-a0ef-abef0bab46ed', '5b204bc5-6430-4939-aa23-17b1482c6d98');
INSERT INTO art_ping.employee_role VALUES ('fbd613bc-1650-4497-9284-9d1f23302d69', '270ca6a3-8e4a-4a86-a0ef-abef0bab46ed', 'eea13552-ad24-4165-bce4-f1b22776739c');
INSERT INTO art_ping.employee (id, first_name, last_name, office_id, user_id, leave_date, updated, login, email, calendar_id) VALUES ('f63aeead-1aeb-41cf-9f8e-b7b49884b99d', 'employeeName472', 'employeeLastName472', '25da4074-ba9d-42e6-ad0f-0573b950b4cb', '07e1e287-5bc2-4b62-bc52-17cbf562cefd', null, '2021-12-23T15:57:56.193331800', 'testUser472', 'employee472@em.com', 'e68ad155-c07f-4b3c-8022-66f96be8c2bf');
INSERT INTO art_ping.employee_role VALUES ('c02cccf2-1f8e-4d4d-9cf2-feb555d9ba5c', 'f63aeead-1aeb-41cf-9f8e-b7b49884b99d', '5b204bc5-6430-4939-aa23-17b1482c6d98');
INSERT INTO art_ping.employee_role VALUES ('a815ab0a-f430-409a-8966-39f4ed87a0f2', 'f63aeead-1aeb-41cf-9f8e-b7b49884b99d', '9f4932a6-c650-4cd2-9338-2eefa47aeb35');
INSERT INTO art_ping.employee_role VALUES ('2d87bdae-19c3-4325-8c31-f99c9bbbd62e', 'f63aeead-1aeb-41cf-9f8e-b7b49884b99d', 'eea13552-ad24-4165-bce4-f1b22776739c');
INSERT INTO art_ping.employee (id, first_name, last_name, office_id, user_id, leave_date, updated, login, email, calendar_id) VALUES ('cd84573a-92dd-4a0e-9fd1-b907e05e7821', 'employeeName473', 'employeeLastName473', 'a57b5b1b-0892-4283-a16a-db0edeb6c8c7', 'f864454a-5550-4ae8-bad4-931fb8c87e41', null, '2021-12-23T15:57:56.193331800', 'testUser473', 'employee473@em.com', '1efce7ca-fc5b-4e84-ab9b-e1eb6771660f');
INSERT INTO art_ping.employee_role VALUES ('f5b00240-4e6a-47ba-b97a-a81a62c0b5c8', 'cd84573a-92dd-4a0e-9fd1-b907e05e7821', '992e5c70-7b14-44ae-b2fc-d0c884659841');
INSERT INTO art_ping.employee_role VALUES ('e678011b-86b1-496c-b523-2659264be96d', 'cd84573a-92dd-4a0e-9fd1-b907e05e7821', '5b204bc5-6430-4939-aa23-17b1482c6d98');
INSERT INTO art_ping.employee_role VALUES ('45cb9c40-7632-4c90-a290-2fe5aeb106aa', 'cd84573a-92dd-4a0e-9fd1-b907e05e7821', '9f4932a6-c650-4cd2-9338-2eefa47aeb35');
INSERT INTO art_ping.employee_role VALUES ('c21acc35-21f5-4f4f-9e7d-b3dda356eed7', 'cd84573a-92dd-4a0e-9fd1-b907e05e7821', 'e7051ffa-0edb-4ac7-84ed-12c1d3b2b5f8');
INSERT INTO art_ping.employee_role VALUES ('372acbb1-66c6-4ebc-aaf0-3ab6810b408e', 'cd84573a-92dd-4a0e-9fd1-b907e05e7821', 'eea13552-ad24-4165-bce4-f1b22776739c');
INSERT INTO art_ping.employee (id, first_name, last_name, office_id, user_id, leave_date, updated, login, email, calendar_id) VALUES ('452bb471-b605-431a-9c9f-c673b4fa099e', 'employeeName474', 'employeeLastName474', '42d41471-d9c1-42c3-853e-b9f24c423170', '478a250d-c67d-40b7-96d7-4e7b64ff0248', null, '2021-12-23T15:57:56.193331800', 'testUser474', 'employee474@em.com', 'd4552982-6b20-4953-a229-ab5c109eda88');
INSERT INTO art_ping.employee_role VALUES ('3ec96e86-ef04-4360-bc00-4e5e907341c0', '452bb471-b605-431a-9c9f-c673b4fa099e', '992e5c70-7b14-44ae-b2fc-d0c884659841');
INSERT INTO art_ping.employee_role VALUES ('81e595eb-2659-4c66-a212-143a3c5f6985', '452bb471-b605-431a-9c9f-c673b4fa099e', '5b204bc5-6430-4939-aa23-17b1482c6d98');
INSERT INTO art_ping.employee_role VALUES ('e7c5b6de-11b7-4d87-9625-f675e003e0af', '452bb471-b605-431a-9c9f-c673b4fa099e', '9f4932a6-c650-4cd2-9338-2eefa47aeb35');
INSERT INTO art_ping.employee_role VALUES ('5d7944ce-849e-4d58-865e-04cfa349f097', '452bb471-b605-431a-9c9f-c673b4fa099e', 'eea13552-ad24-4165-bce4-f1b22776739c');
INSERT INTO art_ping.employee (id, first_name, last_name, office_id, user_id, leave_date, updated, login, email, calendar_id) VALUES ('ce651c41-2f4f-4efa-90b6-0741cd1ae09d', 'employeeName475', 'employeeLastName475', '13a2e961-b0bd-49cb-a1b9-0d945769f126', '790b0182-c544-4ed9-8dc6-815852b5904a', null, '2021-12-23T15:57:56.193331800', 'testUser475', 'employee475@em.com', '3ca8d6d0-3ab2-4e7d-b43a-e789476d70cd');
INSERT INTO art_ping.employee_role VALUES ('96c69b68-9d3b-4094-9f47-57232ccb9a29', 'ce651c41-2f4f-4efa-90b6-0741cd1ae09d', '992e5c70-7b14-44ae-b2fc-d0c884659841');
INSERT INTO art_ping.employee_role VALUES ('a3903c2f-b96e-4401-96e4-546ac7d4f08b', 'ce651c41-2f4f-4efa-90b6-0741cd1ae09d', '9f4932a6-c650-4cd2-9338-2eefa47aeb35');
INSERT INTO art_ping.employee_role VALUES ('1711fad3-f7aa-436f-bfad-6b8f8dba3253', 'ce651c41-2f4f-4efa-90b6-0741cd1ae09d', 'eea13552-ad24-4165-bce4-f1b22776739c');
INSERT INTO art_ping.employee (id, first_name, last_name, office_id, user_id, leave_date, updated, login, email, calendar_id) VALUES ('937be2c6-bbe6-4f14-acfe-d630f8314d93', 'employeeName476', 'employeeLastName476', '94803b95-7500-4bb3-bf94-5d484afb4aba', '221d6b42-541c-4190-b49d-255828e02203', null, '2021-12-23T15:57:56.194331800', 'testUser476', 'employee476@em.com', '5a3150d1-0daf-45c3-81b2-90d6309551af');
INSERT INTO art_ping.employee_role VALUES ('d0836a8d-df14-4375-b333-16a48b3f1520', '937be2c6-bbe6-4f14-acfe-d630f8314d93', '992e5c70-7b14-44ae-b2fc-d0c884659841');
INSERT INTO art_ping.employee_role VALUES ('6e8c7cbb-fdd4-4c12-9281-1c7a966c1e63', '937be2c6-bbe6-4f14-acfe-d630f8314d93', 'e7051ffa-0edb-4ac7-84ed-12c1d3b2b5f8');
INSERT INTO art_ping.employee_role VALUES ('8917445a-d558-42b3-be80-d7f841a05588', '937be2c6-bbe6-4f14-acfe-d630f8314d93', 'eea13552-ad24-4165-bce4-f1b22776739c');
INSERT INTO art_ping.employee (id, first_name, last_name, office_id, user_id, leave_date, updated, login, email, calendar_id) VALUES ('b8d59533-9f55-4532-a791-b913d6399661', 'employeeName477', 'employeeLastName477', 'abc233d7-636b-4ec1-83b1-fa5309624257', '0fe8cf76-bfdc-41e7-a4a9-fe6480b61bae', null, '2021-12-23T15:57:56.194331800', 'testUser477', 'employee477@em.com', '0698bb6d-7505-49ea-99c4-f4d66e57172b');
INSERT INTO art_ping.employee_role VALUES ('6ec95bf5-4810-4753-b64c-7a298844ae8d', 'b8d59533-9f55-4532-a791-b913d6399661', '5b204bc5-6430-4939-aa23-17b1482c6d98');
INSERT INTO art_ping.employee_role VALUES ('e79bda32-15ca-44fa-8f23-b6c48a088041', 'b8d59533-9f55-4532-a791-b913d6399661', 'e7051ffa-0edb-4ac7-84ed-12c1d3b2b5f8');
INSERT INTO art_ping.employee_role VALUES ('f1f87c3d-9f8c-40a9-bb41-c0172be34a3d', 'b8d59533-9f55-4532-a791-b913d6399661', 'eea13552-ad24-4165-bce4-f1b22776739c');
INSERT INTO art_ping.employee (id, first_name, last_name, office_id, user_id, leave_date, updated, login, email, calendar_id) VALUES ('1101b59e-066e-43e4-ab5a-bf1e1b623ee0', 'employeeName478', 'employeeLastName478', 'b5a5d28e-6a96-4924-bbe3-3add5cf8d125', '51411c9a-d99b-4b7b-97e4-0eeade5c814a', null, '2021-12-23T15:57:56.194331800', 'testUser478', 'employee478@em.com', '8f58430d-dc78-447d-b06c-c901317bc8d2');
INSERT INTO art_ping.employee_role VALUES ('c3a2c6b4-1827-4708-a527-3e52d167362b', '1101b59e-066e-43e4-ab5a-bf1e1b623ee0', '5b204bc5-6430-4939-aa23-17b1482c6d98');
INSERT INTO art_ping.employee_role VALUES ('0eaa3290-6116-4a45-9610-dc505f2007e4', '1101b59e-066e-43e4-ab5a-bf1e1b623ee0', '9f4932a6-c650-4cd2-9338-2eefa47aeb35');
INSERT INTO art_ping.employee_role VALUES ('b6aa9ef7-5ebc-46b2-92df-7ece430e3da5', '1101b59e-066e-43e4-ab5a-bf1e1b623ee0', 'e7051ffa-0edb-4ac7-84ed-12c1d3b2b5f8');
INSERT INTO art_ping.employee_role VALUES ('d1e7f6e3-4465-4e4b-8680-211a35dcbdbb', '1101b59e-066e-43e4-ab5a-bf1e1b623ee0', 'eea13552-ad24-4165-bce4-f1b22776739c');
INSERT INTO art_ping.employee (id, first_name, last_name, office_id, user_id, leave_date, updated, login, email, calendar_id) VALUES ('6691d92b-988c-41b3-80bb-2ef834ae0adf', 'employeeName479', 'employeeLastName479', 'a80066dd-c0e9-4f2c-a3be-473e925fb28f', '064f8eea-4024-4cd2-b601-549ef131cd82', null, '2021-12-23T15:57:56.194331800', 'testUser479', 'employee479@em.com', '8312d085-9406-4947-8103-df526897834a');
INSERT INTO art_ping.employee_role VALUES ('b3a3d597-4031-45c5-b6c1-3fee9e132b7b', '6691d92b-988c-41b3-80bb-2ef834ae0adf', 'eea13552-ad24-4165-bce4-f1b22776739c');
INSERT INTO art_ping.employee (id, first_name, last_name, office_id, user_id, leave_date, updated, login, email, calendar_id) VALUES ('ad0d0703-f6d8-411c-bb37-9af9e69c382c', 'employeeName480', 'employeeLastName480', '2dde1f6a-f344-4646-8114-ddf394cc448f', 'c78379cc-09bb-45af-8d49-e1be2de601f3', null, '2021-12-23T15:57:56.194331800', 'testUser480', 'employee480@em.com', 'efaf2c31-3480-421a-bb39-03aa8dad35d8');
INSERT INTO art_ping.employee_role VALUES ('bf6d4db0-edf3-42f7-a8eb-5405247aa05f', 'ad0d0703-f6d8-411c-bb37-9af9e69c382c', '992e5c70-7b14-44ae-b2fc-d0c884659841');
INSERT INTO art_ping.employee_role VALUES ('b8c74f07-7967-4699-bea3-3b3f951b42c7', 'ad0d0703-f6d8-411c-bb37-9af9e69c382c', '9f4932a6-c650-4cd2-9338-2eefa47aeb35');
INSERT INTO art_ping.employee_role VALUES ('d719d60c-2616-48ac-b006-13fef2816e28', 'ad0d0703-f6d8-411c-bb37-9af9e69c382c', 'e7051ffa-0edb-4ac7-84ed-12c1d3b2b5f8');
INSERT INTO art_ping.employee_role VALUES ('61145062-c469-477b-b26d-6f73dff8d37e', 'ad0d0703-f6d8-411c-bb37-9af9e69c382c', 'eea13552-ad24-4165-bce4-f1b22776739c');
INSERT INTO art_ping.employee (id, first_name, last_name, office_id, user_id, leave_date, updated, login, email, calendar_id) VALUES ('228d99f8-a5b4-418e-a28e-8c4856fecc3b', 'employeeName481', 'employeeLastName481', '94f9517b-f230-4f7a-be99-675c217b6cfd', '8e5596e3-9416-4228-b616-dfd990d807ee', null, '2021-12-23T15:57:56.194331800', 'testUser481', 'employee481@em.com', '8d334fa6-c85d-4b3d-b6ed-68e7e0b4c937');
INSERT INTO art_ping.employee_role VALUES ('d4978920-bb4a-46dd-8751-755eb73f1f08', '228d99f8-a5b4-418e-a28e-8c4856fecc3b', '5b204bc5-6430-4939-aa23-17b1482c6d98');
INSERT INTO art_ping.employee_role VALUES ('2e5eb020-4144-4bfd-8e19-c693eb27f9d1', '228d99f8-a5b4-418e-a28e-8c4856fecc3b', 'eea13552-ad24-4165-bce4-f1b22776739c');
INSERT INTO art_ping.employee (id, first_name, last_name, office_id, user_id, leave_date, updated, login, email, calendar_id) VALUES ('b7c568d9-7290-4a23-80af-1a9516e4914e', 'employeeName482', 'employeeLastName482', 'b2df0ebb-ac17-4b94-ba8a-dd1d72b637f2', 'ee34b110-d784-4921-abda-182ed6a444b7', null, '2021-12-23T15:57:56.194331800', 'testUser482', 'employee482@em.com', '85e5ef9a-7ad5-4834-83ec-edf2dccc3ef9');
INSERT INTO art_ping.employee_role VALUES ('6e50638e-e8e6-4161-8fcb-e7373f0bfcf3', 'b7c568d9-7290-4a23-80af-1a9516e4914e', '992e5c70-7b14-44ae-b2fc-d0c884659841');
INSERT INTO art_ping.employee_role VALUES ('27f10129-f653-41b2-b101-4b9c4f8f8906', 'b7c568d9-7290-4a23-80af-1a9516e4914e', 'e7051ffa-0edb-4ac7-84ed-12c1d3b2b5f8');
INSERT INTO art_ping.employee_role VALUES ('30c5e191-b00c-48f0-aa89-b4c189b8c43d', 'b7c568d9-7290-4a23-80af-1a9516e4914e', 'eea13552-ad24-4165-bce4-f1b22776739c');
INSERT INTO art_ping.employee (id, first_name, last_name, office_id, user_id, leave_date, updated, login, email, calendar_id) VALUES ('f67579bb-b2ff-430a-a4a1-61e3ffb520ef', 'employeeName483', 'employeeLastName483', 'ecd509ee-7cf6-469e-a9d0-3c577f826956', '09149f3a-e346-4035-a501-b3dfbd3bb3b4', null, '2021-12-23T15:57:56.194331800', 'testUser483', 'employee483@em.com', '3d16975c-4312-4f03-b5d5-27a4eae6925c');
INSERT INTO art_ping.employee_role VALUES ('90df0a9a-8e8c-4b63-9e3f-d66fe9732277', 'f67579bb-b2ff-430a-a4a1-61e3ffb520ef', '5b204bc5-6430-4939-aa23-17b1482c6d98');
INSERT INTO art_ping.employee_role VALUES ('eaef864a-01bb-4d12-a9c5-f4b7f9074d22', 'f67579bb-b2ff-430a-a4a1-61e3ffb520ef', 'eea13552-ad24-4165-bce4-f1b22776739c');
INSERT INTO art_ping.employee (id, first_name, last_name, office_id, user_id, leave_date, updated, login, email, calendar_id) VALUES ('5a5c3045-0dc5-48e6-a271-cd2e5e9dcb06', 'employeeName484', 'employeeLastName484', 'cfb9687b-7b43-49ad-a0b7-481378ab1b6c', '667f5d23-0156-409c-bb6c-6d98c176b283', null, '2021-12-23T15:57:56.194331800', 'testUser484', 'employee484@em.com', '0f73303c-5a23-4777-9c8b-720a36f1b310');
INSERT INTO art_ping.employee_role VALUES ('e5fa8b3d-d034-4705-a3a6-58a7423149e9', '5a5c3045-0dc5-48e6-a271-cd2e5e9dcb06', '9f4932a6-c650-4cd2-9338-2eefa47aeb35');
INSERT INTO art_ping.employee_role VALUES ('495a4069-dc06-4d9c-9156-2a9b081f0b80', '5a5c3045-0dc5-48e6-a271-cd2e5e9dcb06', 'e7051ffa-0edb-4ac7-84ed-12c1d3b2b5f8');
INSERT INTO art_ping.employee_role VALUES ('83dd70ba-cd62-4dee-b7da-cae2767d4bfa', '5a5c3045-0dc5-48e6-a271-cd2e5e9dcb06', 'eea13552-ad24-4165-bce4-f1b22776739c');
INSERT INTO art_ping.employee (id, first_name, last_name, office_id, user_id, leave_date, updated, login, email, calendar_id) VALUES ('6e9c30a5-27da-42df-89e5-72b9f24a751f', 'employeeName485', 'employeeLastName485', '786bdd0f-cfaa-48ae-84cb-bef7346a7cff', 'ec5a8739-8738-47db-bf84-5e69d854ac09', null, '2021-12-23T15:57:56.194331800', 'testUser485', 'employee485@em.com', '1efce7ca-fc5b-4e84-ab9b-e1eb6771660f');
INSERT INTO art_ping.employee_role VALUES ('b4e84802-7bb4-43ec-b90b-bef6b7a5baa2', '6e9c30a5-27da-42df-89e5-72b9f24a751f', 'e7051ffa-0edb-4ac7-84ed-12c1d3b2b5f8');
INSERT INTO art_ping.employee_role VALUES ('b826fe28-918c-4aa6-b902-8e59005250ba', '6e9c30a5-27da-42df-89e5-72b9f24a751f', 'eea13552-ad24-4165-bce4-f1b22776739c');
INSERT INTO art_ping.employee (id, first_name, last_name, office_id, user_id, leave_date, updated, login, email, calendar_id) VALUES ('0e30c88a-b728-4693-9a2c-f0ee42dfb793', 'employeeName486', 'employeeLastName486', 'ad311f88-32bb-4ba0-948a-63caef0f6fd3', 'd66ffe6b-524a-460d-b67b-93db856187e8', null, '2021-12-23T15:57:56.194331800', 'testUser486', 'employee486@em.com', '43c5a337-ec92-4fc9-955e-599163eab623');
INSERT INTO art_ping.employee_role VALUES ('eeae8fb6-789d-4da1-ae7c-c20d32a55130', '0e30c88a-b728-4693-9a2c-f0ee42dfb793', '992e5c70-7b14-44ae-b2fc-d0c884659841');
INSERT INTO art_ping.employee_role VALUES ('21d6af55-f923-479d-868a-8f1affdf7823', '0e30c88a-b728-4693-9a2c-f0ee42dfb793', '5b204bc5-6430-4939-aa23-17b1482c6d98');
INSERT INTO art_ping.employee_role VALUES ('6f0f7031-cfdb-49dd-9a7a-661446abce29', '0e30c88a-b728-4693-9a2c-f0ee42dfb793', 'eea13552-ad24-4165-bce4-f1b22776739c');
INSERT INTO art_ping.employee (id, first_name, last_name, office_id, user_id, leave_date, updated, login, email, calendar_id) VALUES ('451727d3-8e6f-4c5b-8513-1a3ff237e4fd', 'employeeName487', 'employeeLastName487', '09ef1510-68ae-4b1c-92be-c33c408d2f35', '8b6dfac7-5c34-4a02-a73d-591ebe2dddf0', null, '2021-12-23T15:57:56.194331800', 'testUser487', 'employee487@em.com', 'e31b3594-0266-4258-8e30-9d1022e4efe0');
INSERT INTO art_ping.employee_role VALUES ('c7eb0f23-0c10-46f7-bb2f-30232c894e60', '451727d3-8e6f-4c5b-8513-1a3ff237e4fd', '992e5c70-7b14-44ae-b2fc-d0c884659841');
INSERT INTO art_ping.employee_role VALUES ('93209608-1a82-4a3d-9d57-00441ba1bfe4', '451727d3-8e6f-4c5b-8513-1a3ff237e4fd', '5b204bc5-6430-4939-aa23-17b1482c6d98');
INSERT INTO art_ping.employee_role VALUES ('c4a4aefe-40bd-49f9-bb5e-7ff4de1e561e', '451727d3-8e6f-4c5b-8513-1a3ff237e4fd', 'eea13552-ad24-4165-bce4-f1b22776739c');
INSERT INTO art_ping.employee (id, first_name, last_name, office_id, user_id, leave_date, updated, login, email, calendar_id) VALUES ('252eaa38-8f40-4188-9dc0-a8e21c189031', 'employeeName488', 'employeeLastName488', '7f104fc3-cb0d-4989-a397-74c2edfd0bdc', 'fac4acdf-1794-4a73-8189-7ffbbdbbbe4a', null, '2021-12-23T15:57:56.194331800', 'testUser488', 'employee488@em.com', 'a1c18b37-669c-4ad4-80f8-daa8d99c24d9');
INSERT INTO art_ping.employee_role VALUES ('3da61008-ceed-4fca-8198-c8df69a1c759', '252eaa38-8f40-4188-9dc0-a8e21c189031', '992e5c70-7b14-44ae-b2fc-d0c884659841');
INSERT INTO art_ping.employee_role VALUES ('8582bc35-25a3-4769-8cfb-71ec0dd2cd19', '252eaa38-8f40-4188-9dc0-a8e21c189031', 'eea13552-ad24-4165-bce4-f1b22776739c');
INSERT INTO art_ping.employee (id, first_name, last_name, office_id, user_id, leave_date, updated, login, email, calendar_id) VALUES ('47bc18e4-7fb3-420f-8dd8-c24da3fcf641', 'employeeName489', 'employeeLastName489', '550d2c2d-741d-4ceb-bccf-d5e9e021d412', 'f98dc3e9-68df-4a11-8ee5-86778629ed44', null, '2021-12-23T15:57:56.194331800', 'testUser489', 'employee489@em.com', '453ead52-aea1-4f91-b834-f75909f84808');
INSERT INTO art_ping.employee_role VALUES ('ff0c21eb-91a6-445d-8ee2-2924dd81b7a6', '47bc18e4-7fb3-420f-8dd8-c24da3fcf641', '992e5c70-7b14-44ae-b2fc-d0c884659841');
INSERT INTO art_ping.employee_role VALUES ('19a04830-02ed-4b09-a65f-402653d04d37', '47bc18e4-7fb3-420f-8dd8-c24da3fcf641', '5b204bc5-6430-4939-aa23-17b1482c6d98');
INSERT INTO art_ping.employee_role VALUES ('d51c4726-5272-4c58-b9cf-7e77dc71aa35', '47bc18e4-7fb3-420f-8dd8-c24da3fcf641', 'eea13552-ad24-4165-bce4-f1b22776739c');
INSERT INTO art_ping.employee (id, first_name, last_name, office_id, user_id, leave_date, updated, login, email, calendar_id) VALUES ('7ff2ef7f-a10a-4b04-9df4-425dbe96e240', 'employeeName490', 'employeeLastName490', 'c71868ff-2592-483b-aa40-3c007b774d83', 'af83e0c2-4454-4f4b-b700-05bc3dfc8c57', null, '2021-12-23T15:57:56.194331800', 'testUser490', 'employee490@em.com', '3e282a1a-a35a-4b7c-b629-a2f1b356f0fe');
INSERT INTO art_ping.employee_role VALUES ('f93f8194-0c8f-4b0d-a6b9-275ecb21e88b', '7ff2ef7f-a10a-4b04-9df4-425dbe96e240', '992e5c70-7b14-44ae-b2fc-d0c884659841');
INSERT INTO art_ping.employee_role VALUES ('50a2337a-2edc-4dc5-8ece-293d5645d1f2', '7ff2ef7f-a10a-4b04-9df4-425dbe96e240', '9f4932a6-c650-4cd2-9338-2eefa47aeb35');
INSERT INTO art_ping.employee_role VALUES ('473b6d93-2736-4299-896c-37d5f1c0e92d', '7ff2ef7f-a10a-4b04-9df4-425dbe96e240', 'e7051ffa-0edb-4ac7-84ed-12c1d3b2b5f8');
INSERT INTO art_ping.employee_role VALUES ('d0e82f40-d9a6-4ec3-b56a-689c342a7ba7', '7ff2ef7f-a10a-4b04-9df4-425dbe96e240', 'eea13552-ad24-4165-bce4-f1b22776739c');
INSERT INTO art_ping.employee (id, first_name, last_name, office_id, user_id, leave_date, updated, login, email, calendar_id) VALUES ('9ffecabc-43e0-4fba-88df-d90801b4c44e', 'employeeName491', 'employeeLastName491', 'c2f21410-d133-4849-858a-620aad1936f0', '088d043e-a549-4dd8-a1a8-815c93452f02', null, '2021-12-23T15:57:56.194331800', 'testUser491', 'employee491@em.com', '7adf3ff0-be1c-46b4-831a-11f4faf1b392');
INSERT INTO art_ping.employee_role VALUES ('d68831e8-b2bc-4654-ae89-4a304981748c', '9ffecabc-43e0-4fba-88df-d90801b4c44e', '992e5c70-7b14-44ae-b2fc-d0c884659841');
INSERT INTO art_ping.employee_role VALUES ('7837e1f3-567e-4855-8685-aff0453ab419', '9ffecabc-43e0-4fba-88df-d90801b4c44e', '5b204bc5-6430-4939-aa23-17b1482c6d98');
INSERT INTO art_ping.employee_role VALUES ('c423f516-b0cb-4428-9d8e-62c25fae0fd4', '9ffecabc-43e0-4fba-88df-d90801b4c44e', '9f4932a6-c650-4cd2-9338-2eefa47aeb35');
INSERT INTO art_ping.employee_role VALUES ('af6a2207-4c28-4a9a-8bc0-d55ea2bfee87', '9ffecabc-43e0-4fba-88df-d90801b4c44e', 'eea13552-ad24-4165-bce4-f1b22776739c');
INSERT INTO art_ping.employee (id, first_name, last_name, office_id, user_id, leave_date, updated, login, email, calendar_id) VALUES ('ed9d0464-b109-4f00-9bd1-1e40ea8eedec', 'employeeName492', 'employeeLastName492', '688e4de4-013d-4a4c-aff1-13dea7d2ced8', 'f046f69c-cf93-4398-9629-6fe961283456', null, '2021-12-23T15:57:56.194331800', 'testUser492', 'employee492@em.com', 'bf441199-ac71-46e6-966f-13b0db15c311');
INSERT INTO art_ping.employee_role VALUES ('69d1a5d4-6aae-4fdf-a960-76e5b7b282f0', 'ed9d0464-b109-4f00-9bd1-1e40ea8eedec', '992e5c70-7b14-44ae-b2fc-d0c884659841');
INSERT INTO art_ping.employee_role VALUES ('3c0f5c5d-beba-4456-9696-d0936143b51e', 'ed9d0464-b109-4f00-9bd1-1e40ea8eedec', '5b204bc5-6430-4939-aa23-17b1482c6d98');
INSERT INTO art_ping.employee_role VALUES ('5de530a9-ff10-4483-9000-6f0d10336f7a', 'ed9d0464-b109-4f00-9bd1-1e40ea8eedec', '9f4932a6-c650-4cd2-9338-2eefa47aeb35');
INSERT INTO art_ping.employee_role VALUES ('d1e287fa-0f07-486a-bcc8-01bb2a609972', 'ed9d0464-b109-4f00-9bd1-1e40ea8eedec', 'eea13552-ad24-4165-bce4-f1b22776739c');
INSERT INTO art_ping.employee (id, first_name, last_name, office_id, user_id, leave_date, updated, login, email, calendar_id) VALUES ('81c5a992-a2c5-4e8a-86bf-284227c34b96', 'employeeName493', 'employeeLastName493', '20c73b6b-64ba-45a3-a578-29ff4c470244', '3d389db7-5aca-4d92-a226-427e76275f61', null, '2021-12-23T15:57:56.194331800', 'testUser493', 'employee493@em.com', 'bcca4f69-b16f-4f53-8049-036acb833630');
INSERT INTO art_ping.employee_role VALUES ('42022ab9-d2e5-453b-bbce-500162b51140', '81c5a992-a2c5-4e8a-86bf-284227c34b96', '992e5c70-7b14-44ae-b2fc-d0c884659841');
INSERT INTO art_ping.employee_role VALUES ('60b0da8b-fe88-44b5-8eae-6ac7f7375ede', '81c5a992-a2c5-4e8a-86bf-284227c34b96', '5b204bc5-6430-4939-aa23-17b1482c6d98');
INSERT INTO art_ping.employee_role VALUES ('743af693-10d4-4302-9146-63e323e7047b', '81c5a992-a2c5-4e8a-86bf-284227c34b96', '9f4932a6-c650-4cd2-9338-2eefa47aeb35');
INSERT INTO art_ping.employee_role VALUES ('909b8f02-65a7-4f04-8c7f-31ae883cfe2c', '81c5a992-a2c5-4e8a-86bf-284227c34b96', 'e7051ffa-0edb-4ac7-84ed-12c1d3b2b5f8');
INSERT INTO art_ping.employee_role VALUES ('cc9b31aa-00bc-4b06-b09f-1137b3771ba8', '81c5a992-a2c5-4e8a-86bf-284227c34b96', 'eea13552-ad24-4165-bce4-f1b22776739c');
INSERT INTO art_ping.employee (id, first_name, last_name, office_id, user_id, leave_date, updated, login, email, calendar_id) VALUES ('99756689-c14e-4cdb-8599-10f40d956fcc', 'employeeName494', 'employeeLastName494', '92603ccc-7290-44ce-99fb-12ae38c85d01', 'e131c6f7-df2d-4785-9bf4-93fc30119a65', null, '2021-12-23T15:57:56.194331800', 'testUser494', 'employee494@em.com', '6602d6f2-fafc-4385-8b9f-17a298f78595');
INSERT INTO art_ping.employee_role VALUES ('2b2de579-3c9c-4ee8-be1c-59bd2ac56622', '99756689-c14e-4cdb-8599-10f40d956fcc', 'eea13552-ad24-4165-bce4-f1b22776739c');
INSERT INTO art_ping.employee (id, first_name, last_name, office_id, user_id, leave_date, updated, login, email, calendar_id) VALUES ('ef1a352f-9385-48f8-8241-ac27542dc048', 'employeeName495', 'employeeLastName495', 'fbb0d772-72bf-4357-9724-4a94e81f03e9', 'e4450a84-cbef-4238-aabf-e224f35dea60', null, '2021-12-23T15:57:56.194331800', 'testUser495', 'employee495@em.com', '4ad4a8b0-be32-4038-8805-842060a2a44a');
INSERT INTO art_ping.employee_role VALUES ('156cb3fa-a3aa-4841-9495-4bb839a1e7df', 'ef1a352f-9385-48f8-8241-ac27542dc048', '992e5c70-7b14-44ae-b2fc-d0c884659841');
INSERT INTO art_ping.employee_role VALUES ('cd372dfc-cb8a-45ca-831e-255e12e26ebd', 'ef1a352f-9385-48f8-8241-ac27542dc048', 'e7051ffa-0edb-4ac7-84ed-12c1d3b2b5f8');
INSERT INTO art_ping.employee_role VALUES ('47a6929a-50f8-411f-abaa-b11b68bfb087', 'ef1a352f-9385-48f8-8241-ac27542dc048', 'eea13552-ad24-4165-bce4-f1b22776739c');
INSERT INTO art_ping.employee (id, first_name, last_name, office_id, user_id, leave_date, updated, login, email, calendar_id) VALUES ('fb9b03c8-a286-4686-a803-7019361ef031', 'employeeName496', 'employeeLastName496', 'e98d2142-b45a-4ade-acef-126a85317154', '466e0100-cc64-41df-8746-5553aa2422bf', null, '2021-12-23T15:57:56.194331800', 'testUser496', 'employee496@em.com', '560183ad-37a6-4a3b-b797-75616dada42a');
INSERT INTO art_ping.employee_role VALUES ('fbcd17da-ca48-473c-9501-70dd31253205', 'fb9b03c8-a286-4686-a803-7019361ef031', '992e5c70-7b14-44ae-b2fc-d0c884659841');
INSERT INTO art_ping.employee_role VALUES ('1cd0f090-890f-4723-8362-6587db99bd16', 'fb9b03c8-a286-4686-a803-7019361ef031', 'e7051ffa-0edb-4ac7-84ed-12c1d3b2b5f8');
INSERT INTO art_ping.employee_role VALUES ('e0db9e20-9408-4e6f-a209-2eee038547b4', 'fb9b03c8-a286-4686-a803-7019361ef031', 'eea13552-ad24-4165-bce4-f1b22776739c');
INSERT INTO art_ping.employee (id, first_name, last_name, office_id, user_id, leave_date, updated, login, email, calendar_id) VALUES ('07414a26-6230-43e1-b495-bc1baa4a99ae', 'employeeName497', 'employeeLastName497', 'c8f8fe82-8d32-4b70-a36f-51b68aa6e19d', 'b4978881-dd19-4ab3-b833-a0c98823cee3', null, '2021-12-23T15:57:56.194331800', 'testUser497', 'employee497@em.com', '9e1dbd73-6f0f-400c-ab9f-a68b5bb6d464');
INSERT INTO art_ping.employee_role VALUES ('12b955fa-9565-47bc-9800-52bb73c7522c', '07414a26-6230-43e1-b495-bc1baa4a99ae', '992e5c70-7b14-44ae-b2fc-d0c884659841');
INSERT INTO art_ping.employee_role VALUES ('5b9c9f54-d2fd-4f97-9572-6a0a611de07a', '07414a26-6230-43e1-b495-bc1baa4a99ae', 'eea13552-ad24-4165-bce4-f1b22776739c');
INSERT INTO art_ping.employee (id, first_name, last_name, office_id, user_id, leave_date, updated, login, email, calendar_id) VALUES ('a5f03f6a-93a1-4e1b-ac19-c8974ff5f60c', 'employeeName498', 'employeeLastName498', 'f8ef62fc-a39b-40a2-be6f-c0e42ecea2e7', '6527f049-8475-46a9-bd1d-aec30effbd71', null, '2021-12-23T15:57:56.194331800', 'testUser498', 'employee498@em.com', '560183ad-37a6-4a3b-b797-75616dada42a');
INSERT INTO art_ping.employee_role VALUES ('e346f18c-42ef-4ace-84f0-613ab56bf608', 'a5f03f6a-93a1-4e1b-ac19-c8974ff5f60c', '9f4932a6-c650-4cd2-9338-2eefa47aeb35');
INSERT INTO art_ping.employee_role VALUES ('26d62d4a-b56f-427f-b4a4-e5df1098df36', 'a5f03f6a-93a1-4e1b-ac19-c8974ff5f60c', 'eea13552-ad24-4165-bce4-f1b22776739c');
INSERT INTO art_ping.employee (id, first_name, last_name, office_id, user_id, leave_date, updated, login, email, calendar_id) VALUES ('51ad0527-e8f3-4c49-aaf2-438e268dfc29', 'employeeName499', 'employeeLastName499', '8c48adbe-20a7-44bf-b911-77410174a31e', 'b733f0f8-3d59-4cb9-9f2f-d8f6686d7d45', null, '2021-12-23T15:57:56.194331800', 'testUser499', 'employee499@em.com', 'a235b392-0594-447a-8cf4-57ea8864c784');
INSERT INTO art_ping.employee_role VALUES ('081d3b01-e0bd-4d99-873d-f1c91fd304a3', '51ad0527-e8f3-4c49-aaf2-438e268dfc29', '992e5c70-7b14-44ae-b2fc-d0c884659841');
INSERT INTO art_ping.employee_role VALUES ('0826fe65-ba09-40d5-bf70-ffb41a9ae917', '51ad0527-e8f3-4c49-aaf2-438e268dfc29', '5b204bc5-6430-4939-aa23-17b1482c6d98');
INSERT INTO art_ping.employee_role VALUES ('ecf3a116-68f4-41a8-b4a2-e80247838b32', '51ad0527-e8f3-4c49-aaf2-438e268dfc29', '9f4932a6-c650-4cd2-9338-2eefa47aeb35');
INSERT INTO art_ping.employee_role VALUES ('1282d527-efcd-4fd0-abfa-87db5ac7a2f0', '51ad0527-e8f3-4c49-aaf2-438e268dfc29', 'eea13552-ad24-4165-bce4-f1b22776739c');
INSERT INTO art_ping.employee (id, first_name, last_name, office_id, user_id, leave_date, updated, login, email, calendar_id) VALUES ('3a895d1c-5604-455a-9461-0ec25d546b71', 'employeeName500', 'employeeLastName500', '703db01e-bbbb-4c93-8102-28dd0f3a228e', 'd6e34c5e-78af-4a3c-9c6e-d5f691621d08', null, '2021-12-23T15:57:56.194331800', 'testUser500', 'employee500@em.com', '4f6093ac-29bf-457b-9d82-0d7d7c2f089f');
INSERT INTO art_ping.employee_role VALUES ('3a65ea5b-71f4-4c2e-8c41-efa19f15c1b3', '3a895d1c-5604-455a-9461-0ec25d546b71', '992e5c70-7b14-44ae-b2fc-d0c884659841');
INSERT INTO art_ping.employee_role VALUES ('cc291052-9c3a-4eff-891a-4de23aad0a2c', '3a895d1c-5604-455a-9461-0ec25d546b71', '5b204bc5-6430-4939-aa23-17b1482c6d98');
INSERT INTO art_ping.employee_role VALUES ('a771abc9-4509-4825-ab11-4142534dc326', '3a895d1c-5604-455a-9461-0ec25d546b71', 'e7051ffa-0edb-4ac7-84ed-12c1d3b2b5f8');
INSERT INTO art_ping.employee_role VALUES ('22b35abd-8c86-436c-bfff-d8c6c4722fa2', '3a895d1c-5604-455a-9461-0ec25d546b71', 'eea13552-ad24-4165-bce4-f1b22776739c');
INSERT INTO art_ping.employee (id, first_name, last_name, office_id, user_id, leave_date, updated, login, email, calendar_id) VALUES ('7083f3b6-efe4-4bc7-af43-8e7df200936b', 'employeeName501', 'employeeLastName501', '937ba759-79b7-477c-ae2f-dde3ed137121', '64f59034-020e-4c0d-b44c-4c36bc93e4c7', null, '2021-12-23T15:57:56.194331800', 'testUser501', 'employee501@em.com', '1a3e5cab-ecf1-4f1a-b2f2-d8a796f6110d');
INSERT INTO art_ping.employee_role VALUES ('bb4d05cf-858a-43f2-b2c4-04b85e7331c4', '7083f3b6-efe4-4bc7-af43-8e7df200936b', '992e5c70-7b14-44ae-b2fc-d0c884659841');
INSERT INTO art_ping.employee_role VALUES ('32d8aaf5-18d9-46cf-bd31-6b451fa4c93e', '7083f3b6-efe4-4bc7-af43-8e7df200936b', '5b204bc5-6430-4939-aa23-17b1482c6d98');
INSERT INTO art_ping.employee_role VALUES ('023bca2a-4d3f-4cd7-966f-f51ebbd68bf3', '7083f3b6-efe4-4bc7-af43-8e7df200936b', '9f4932a6-c650-4cd2-9338-2eefa47aeb35');
INSERT INTO art_ping.employee_role VALUES ('5fa7a2dd-1e4f-4f5e-885a-af51fa6eda7f', '7083f3b6-efe4-4bc7-af43-8e7df200936b', 'eea13552-ad24-4165-bce4-f1b22776739c');
INSERT INTO art_ping.employee (id, first_name, last_name, office_id, user_id, leave_date, updated, login, email, calendar_id) VALUES ('31fecfd7-9f48-418a-a757-9b8087966af9', 'employeeName502', 'employeeLastName502', '6c30d15f-c0cb-43b4-afdf-34e79c75bf08', 'b6971292-513f-4cfc-be14-bc4516d116ad', null, '2021-12-23T15:57:56.194331800', 'testUser502', 'employee502@em.com', 'f85375e3-ece3-447f-81a6-2931737032df');
INSERT INTO art_ping.employee_role VALUES ('1d2c0569-cc2b-4a4c-b82b-0d69033e960e', '31fecfd7-9f48-418a-a757-9b8087966af9', '5b204bc5-6430-4939-aa23-17b1482c6d98');
INSERT INTO art_ping.employee_role VALUES ('c9983a66-237e-4b9f-a8d7-6df44364911c', '31fecfd7-9f48-418a-a757-9b8087966af9', '9f4932a6-c650-4cd2-9338-2eefa47aeb35');
INSERT INTO art_ping.employee_role VALUES ('4e64fb2c-c623-4119-8a3f-42640c8ef64f', '31fecfd7-9f48-418a-a757-9b8087966af9', 'eea13552-ad24-4165-bce4-f1b22776739c');
INSERT INTO art_ping.employee (id, first_name, last_name, office_id, user_id, leave_date, updated, login, email, calendar_id) VALUES ('10b19fce-2be2-4dfa-a3d5-edfd155035d7', 'employeeName503', 'employeeLastName503', '83835ef9-8993-45b1-8d9c-d9b1df87e798', '28fce0ad-9721-4b0e-bc5b-4a6e9641e207', null, '2021-12-23T15:57:56.194331800', 'testUser503', 'employee503@em.com', 'cdce9691-aa7a-4610-8b37-8d2c9209c72d');
INSERT INTO art_ping.employee_role VALUES ('a1d59836-dd5e-47bb-b508-7fa1d1bf17a0', '10b19fce-2be2-4dfa-a3d5-edfd155035d7', '992e5c70-7b14-44ae-b2fc-d0c884659841');
INSERT INTO art_ping.employee_role VALUES ('de31df84-457d-4dc9-98c1-47d5bf665f20', '10b19fce-2be2-4dfa-a3d5-edfd155035d7', '9f4932a6-c650-4cd2-9338-2eefa47aeb35');
INSERT INTO art_ping.employee_role VALUES ('e1c2222b-46e7-4978-974b-571d56a8ef87', '10b19fce-2be2-4dfa-a3d5-edfd155035d7', 'e7051ffa-0edb-4ac7-84ed-12c1d3b2b5f8');
INSERT INTO art_ping.employee_role VALUES ('51c0b0c6-02df-42ec-ae68-afff0e62dd5d', '10b19fce-2be2-4dfa-a3d5-edfd155035d7', 'eea13552-ad24-4165-bce4-f1b22776739c');
INSERT INTO art_ping.employee (id, first_name, last_name, office_id, user_id, leave_date, updated, login, email, calendar_id) VALUES ('ebe345b1-8695-49eb-ae32-d301489c4434', 'employeeName504', 'employeeLastName504', 'f6b98a28-cd00-41bb-9857-3bb4d501819d', '8a371336-269a-494d-adcc-34786c765f3e', null, '2021-12-23T15:57:56.194331800', 'testUser504', 'employee504@em.com', '29489e16-430c-414f-9fc9-1ba60487d240');
INSERT INTO art_ping.employee_role VALUES ('dda3cc33-38b0-461e-9e37-e5d3df5af797', 'ebe345b1-8695-49eb-ae32-d301489c4434', '5b204bc5-6430-4939-aa23-17b1482c6d98');
INSERT INTO art_ping.employee_role VALUES ('830e0895-260e-49e1-97fe-c968dfb162a4', 'ebe345b1-8695-49eb-ae32-d301489c4434', '9f4932a6-c650-4cd2-9338-2eefa47aeb35');
INSERT INTO art_ping.employee_role VALUES ('33135e71-2d00-4709-9dcd-1a697f3872c7', 'ebe345b1-8695-49eb-ae32-d301489c4434', 'e7051ffa-0edb-4ac7-84ed-12c1d3b2b5f8');
INSERT INTO art_ping.employee_role VALUES ('2a6a0bb3-24fa-4582-b4ac-48e7aeed51ee', 'ebe345b1-8695-49eb-ae32-d301489c4434', 'eea13552-ad24-4165-bce4-f1b22776739c');
INSERT INTO art_ping.employee (id, first_name, last_name, office_id, user_id, leave_date, updated, login, email, calendar_id) VALUES ('9418b71e-ddd0-40f6-b21c-08beb53b2d8f', 'employeeName505', 'employeeLastName505', '2581806d-09f9-4a12-9631-e0d9b1896867', '36d5e068-9b6a-44e1-bd8d-97f936be6464', null, '2021-12-23T15:57:56.194331800', 'testUser505', 'employee505@em.com', '4e8599db-4282-47bf-8d07-a9a0f4be8445');
INSERT INTO art_ping.employee_role VALUES ('2ed35975-3791-43ce-b94d-8090cdaeeb84', '9418b71e-ddd0-40f6-b21c-08beb53b2d8f', '5b204bc5-6430-4939-aa23-17b1482c6d98');
INSERT INTO art_ping.employee_role VALUES ('f0370b22-2821-4e9d-bbc7-0d4c73bbf20f', '9418b71e-ddd0-40f6-b21c-08beb53b2d8f', 'eea13552-ad24-4165-bce4-f1b22776739c');
INSERT INTO art_ping.employee (id, first_name, last_name, office_id, user_id, leave_date, updated, login, email, calendar_id) VALUES ('911205e8-de7b-4d21-9100-2512f39f52b0', 'employeeName506', 'employeeLastName506', '786bdd0f-cfaa-48ae-84cb-bef7346a7cff', '60236d3b-8133-4b28-9de4-78158b79053b', null, '2021-12-23T15:57:56.194331800', 'testUser506', 'employee506@em.com', '1efce7ca-fc5b-4e84-ab9b-e1eb6771660f');
INSERT INTO art_ping.employee_role VALUES ('27bc192a-7b83-49c6-8748-7144195323b1', '911205e8-de7b-4d21-9100-2512f39f52b0', 'e7051ffa-0edb-4ac7-84ed-12c1d3b2b5f8');
INSERT INTO art_ping.employee_role VALUES ('d26bcd98-ea78-4042-9065-a8e111ea631b', '911205e8-de7b-4d21-9100-2512f39f52b0', 'eea13552-ad24-4165-bce4-f1b22776739c');
INSERT INTO art_ping.employee (id, first_name, last_name, office_id, user_id, leave_date, updated, login, email, calendar_id) VALUES ('6953e5d0-da7b-4f25-80e3-195af5533b7a', 'employeeName507', 'employeeLastName507', '6ddb3d3e-4058-449d-b442-86e191f62c95', '3a365c0d-49ff-411e-98d4-0e038f4dec64', null, '2021-12-23T15:57:56.194331800', 'testUser507', 'employee507@em.com', '83fb83f4-7544-4f51-993a-47cabe040e5c');
INSERT INTO art_ping.employee_role VALUES ('e33a44fe-40b8-49d3-b909-0282c01b4766', '6953e5d0-da7b-4f25-80e3-195af5533b7a', '5b204bc5-6430-4939-aa23-17b1482c6d98');
INSERT INTO art_ping.employee_role VALUES ('041cfe5e-c689-45b0-ad43-97b509a096b5', '6953e5d0-da7b-4f25-80e3-195af5533b7a', '9f4932a6-c650-4cd2-9338-2eefa47aeb35');
INSERT INTO art_ping.employee_role VALUES ('0240891c-adae-408c-afe5-49a1366bdf9b', '6953e5d0-da7b-4f25-80e3-195af5533b7a', 'e7051ffa-0edb-4ac7-84ed-12c1d3b2b5f8');
INSERT INTO art_ping.employee_role VALUES ('220c3159-f645-46b2-96c6-d51e53348c25', '6953e5d0-da7b-4f25-80e3-195af5533b7a', 'eea13552-ad24-4165-bce4-f1b22776739c');
INSERT INTO art_ping.employee (id, first_name, last_name, office_id, user_id, leave_date, updated, login, email, calendar_id) VALUES ('aea40393-76aa-4a9a-83c3-0f300b4925e2', 'employeeName508', 'employeeLastName508', '6134a12e-322d-4533-8659-748e5ba4544f', 'd9263ae7-107f-4dc3-966b-734e8141c6d8', null, '2021-12-23T15:57:56.194331800', 'testUser508', 'employee508@em.com', '3e282a1a-a35a-4b7c-b629-a2f1b356f0fe');
INSERT INTO art_ping.employee_role VALUES ('54d031c5-f946-4d56-8a96-98ad5599f2ec', 'aea40393-76aa-4a9a-83c3-0f300b4925e2', '992e5c70-7b14-44ae-b2fc-d0c884659841');
INSERT INTO art_ping.employee_role VALUES ('f095f4b9-971e-4eff-8392-3b09aaa0d4d7', 'aea40393-76aa-4a9a-83c3-0f300b4925e2', '9f4932a6-c650-4cd2-9338-2eefa47aeb35');
INSERT INTO art_ping.employee_role VALUES ('8951b47b-6c43-4e02-8475-88f59f454ba3', 'aea40393-76aa-4a9a-83c3-0f300b4925e2', 'eea13552-ad24-4165-bce4-f1b22776739c');
INSERT INTO art_ping.employee (id, first_name, last_name, office_id, user_id, leave_date, updated, login, email, calendar_id) VALUES ('09ca6ecb-a2ec-4bba-ab23-105b683004ba', 'employeeName509', 'employeeLastName509', 'e65f0557-45a5-46a0-a7de-72d0401b9d14', '04e08c0e-7045-4479-8be3-2d6d5de72421', null, '2021-12-23T15:57:56.194331800', 'testUser509', 'employee509@em.com', 'c6f8565c-983c-4f3a-bf19-90c83d1ac25e');
INSERT INTO art_ping.employee_role VALUES ('c11c8f5e-05fc-4d99-b901-424a9fac281e', '09ca6ecb-a2ec-4bba-ab23-105b683004ba', '5b204bc5-6430-4939-aa23-17b1482c6d98');
INSERT INTO art_ping.employee_role VALUES ('a58d67bf-49f9-4719-a77c-5ee4dabbc030', '09ca6ecb-a2ec-4bba-ab23-105b683004ba', '9f4932a6-c650-4cd2-9338-2eefa47aeb35');
INSERT INTO art_ping.employee_role VALUES ('81bcc082-b4ba-4faf-ad50-bbbf6b3cc6ca', '09ca6ecb-a2ec-4bba-ab23-105b683004ba', 'e7051ffa-0edb-4ac7-84ed-12c1d3b2b5f8');
INSERT INTO art_ping.employee_role VALUES ('910f4464-d88a-4d8e-bdc8-64f641e66e95', '09ca6ecb-a2ec-4bba-ab23-105b683004ba', 'eea13552-ad24-4165-bce4-f1b22776739c');
INSERT INTO art_ping.employee (id, first_name, last_name, office_id, user_id, leave_date, updated, login, email, calendar_id) VALUES ('e93d91dc-b3fa-477b-8279-665237fa27fe', 'employeeName510', 'employeeLastName510', '1d35fe93-6f2d-479e-9aa6-001c3226b8ec', 'd2000daf-522b-4c16-bd01-68b47ce819a0', null, '2021-12-23T15:57:56.194331800', 'testUser510', 'employee510@em.com', 'd3cd12c5-22c2-4632-9750-1b44ccdbe5c8');
INSERT INTO art_ping.employee_role VALUES ('3d7453f7-512e-4e2e-94b3-0e538b9ea6c6', 'e93d91dc-b3fa-477b-8279-665237fa27fe', '992e5c70-7b14-44ae-b2fc-d0c884659841');
INSERT INTO art_ping.employee_role VALUES ('b8196724-796f-44be-a2a6-36dcfbe8ccaa', 'e93d91dc-b3fa-477b-8279-665237fa27fe', 'eea13552-ad24-4165-bce4-f1b22776739c');
INSERT INTO art_ping.employee (id, first_name, last_name, office_id, user_id, leave_date, updated, login, email, calendar_id) VALUES ('507da374-840a-4ddb-8aa6-98fb673152ec', 'employeeName511', 'employeeLastName511', 'a0b7fbb1-8c32-4012-9a59-6a8537abb43a', 'af3f0a52-430e-4dfe-935b-fee309d83ee3', null, '2021-12-23T15:57:56.195331700', 'testUser511', 'employee511@em.com', '567f95ff-0272-471e-a091-5ba82268387c');
INSERT INTO art_ping.employee_role VALUES ('9c7a97f6-7824-4596-9554-762ffcdddec2', '507da374-840a-4ddb-8aa6-98fb673152ec', '5b204bc5-6430-4939-aa23-17b1482c6d98');
INSERT INTO art_ping.employee_role VALUES ('0844aa43-9915-4564-b9ac-c4c4ff5b96e7', '507da374-840a-4ddb-8aa6-98fb673152ec', '9f4932a6-c650-4cd2-9338-2eefa47aeb35');
INSERT INTO art_ping.employee_role VALUES ('b9b3974c-6211-4684-b83b-3fa1cb3086aa', '507da374-840a-4ddb-8aa6-98fb673152ec', 'e7051ffa-0edb-4ac7-84ed-12c1d3b2b5f8');
INSERT INTO art_ping.employee_role VALUES ('b6dc74c2-3e40-472d-b1dd-b62e4dea3015', '507da374-840a-4ddb-8aa6-98fb673152ec', 'eea13552-ad24-4165-bce4-f1b22776739c');
INSERT INTO art_ping.employee (id, first_name, last_name, office_id, user_id, leave_date, updated, login, email, calendar_id) VALUES ('6a03c35a-cf52-4329-8505-46f823de9e34', 'employeeName512', 'employeeLastName512', 'dc89e283-5622-4ba7-8daf-6f59dad40c0e', 'c00e9f68-8138-4002-875f-a87a1682244c', null, '2021-12-23T15:57:56.195331700', 'testUser512', 'employee512@em.com', 'eca3e110-990e-41b7-ba9d-a62f8a56a4f3');
INSERT INTO art_ping.employee_role VALUES ('188cb00e-6ed9-42a5-8d6d-99775f8ef7c1', '6a03c35a-cf52-4329-8505-46f823de9e34', '992e5c70-7b14-44ae-b2fc-d0c884659841');
INSERT INTO art_ping.employee_role VALUES ('e98a0b1a-6c97-4e7b-a5ce-8d477aecaadc', '6a03c35a-cf52-4329-8505-46f823de9e34', '5b204bc5-6430-4939-aa23-17b1482c6d98');
INSERT INTO art_ping.employee_role VALUES ('21b5f152-a9f6-4794-90cc-f56069b35807', '6a03c35a-cf52-4329-8505-46f823de9e34', '9f4932a6-c650-4cd2-9338-2eefa47aeb35');
INSERT INTO art_ping.employee_role VALUES ('36965a35-9005-4600-833d-6e384c90bcdc', '6a03c35a-cf52-4329-8505-46f823de9e34', 'e7051ffa-0edb-4ac7-84ed-12c1d3b2b5f8');
INSERT INTO art_ping.employee_role VALUES ('ba02d3cf-ae57-42e4-aa7d-d86c3b77be3e', '6a03c35a-cf52-4329-8505-46f823de9e34', 'eea13552-ad24-4165-bce4-f1b22776739c');
INSERT INTO art_ping.employee (id, first_name, last_name, office_id, user_id, leave_date, updated, login, email, calendar_id) VALUES ('ffb3f67e-7363-44b6-99e6-a38eca629edb', 'employeeName513', 'employeeLastName513', '19978d93-bfc5-4945-92ff-755de8815d67', 'dbb0cf1a-7fd3-49f8-9b65-7e52699cc8fb', null, '2021-12-23T15:57:56.195331700', 'testUser513', 'employee513@em.com', '75ffb36c-275b-4fff-bc47-d5ad63139032');
INSERT INTO art_ping.employee_role VALUES ('cf9016f8-8f6e-465c-817f-0be2f454ba46', 'ffb3f67e-7363-44b6-99e6-a38eca629edb', '992e5c70-7b14-44ae-b2fc-d0c884659841');
INSERT INTO art_ping.employee_role VALUES ('be3b3269-2c04-4499-ba18-fce6ddf2e0d1', 'ffb3f67e-7363-44b6-99e6-a38eca629edb', '5b204bc5-6430-4939-aa23-17b1482c6d98');
INSERT INTO art_ping.employee_role VALUES ('0fdbd1d6-0442-4f73-a1e1-c1e9b16d04ef', 'ffb3f67e-7363-44b6-99e6-a38eca629edb', 'eea13552-ad24-4165-bce4-f1b22776739c');
INSERT INTO art_ping.employee (id, first_name, last_name, office_id, user_id, leave_date, updated, login, email, calendar_id) VALUES ('6f05137a-39de-4a4b-9b48-2cbce47f84e9', 'employeeName514', 'employeeLastName514', 'c07534a9-6bf0-45fc-b299-f8aab13c2f3e', '08276a1e-f2cd-4417-9370-893a6ca69b99', null, '2021-12-23T15:57:56.195331700', 'testUser514', 'employee514@em.com', '6602d6f2-fafc-4385-8b9f-17a298f78595');
INSERT INTO art_ping.employee_role VALUES ('9ff3a602-31c4-4c33-b0ed-892498ae4705', '6f05137a-39de-4a4b-9b48-2cbce47f84e9', '992e5c70-7b14-44ae-b2fc-d0c884659841');
INSERT INTO art_ping.employee_role VALUES ('065cf50e-5760-4ab6-902a-5b0b9c98b5d4', '6f05137a-39de-4a4b-9b48-2cbce47f84e9', '9f4932a6-c650-4cd2-9338-2eefa47aeb35');
INSERT INTO art_ping.employee_role VALUES ('e56407fc-b162-45d2-ac90-0651bdf9b1ba', '6f05137a-39de-4a4b-9b48-2cbce47f84e9', 'eea13552-ad24-4165-bce4-f1b22776739c');
INSERT INTO art_ping.employee (id, first_name, last_name, office_id, user_id, leave_date, updated, login, email, calendar_id) VALUES ('cf9635dd-8a0f-4d91-9da8-e58349558058', 'employeeName515', 'employeeLastName515', '20d617e0-1224-48e0-bbcd-d5b8e9a79d57', '9f248def-0bd7-4767-a291-df00bee16087', null, '2021-12-23T15:57:56.195331700', 'testUser515', 'employee515@em.com', 'd1376795-a931-4377-9d64-ded7eca835e0');
INSERT INTO art_ping.employee_role VALUES ('73eb37e7-1182-486a-9409-c895dc4a5ce6', 'cf9635dd-8a0f-4d91-9da8-e58349558058', 'e7051ffa-0edb-4ac7-84ed-12c1d3b2b5f8');
INSERT INTO art_ping.employee_role VALUES ('941d4936-17d2-49cc-8a20-a2126b32e4e4', 'cf9635dd-8a0f-4d91-9da8-e58349558058', 'eea13552-ad24-4165-bce4-f1b22776739c');
INSERT INTO art_ping.employee (id, first_name, last_name, office_id, user_id, leave_date, updated, login, email, calendar_id) VALUES ('311f7915-6fe6-413e-8b93-43dc1e05bead', 'employeeName516', 'employeeLastName516', 'a612cce5-b15b-42eb-bf6d-e0888d1b00cd', '06f976c7-0ccb-4ac9-9720-1e0a98e38e44', null, '2021-12-23T15:57:56.195331700', 'testUser516', 'employee516@em.com', 'f85375e3-ece3-447f-81a6-2931737032df');
INSERT INTO art_ping.employee_role VALUES ('887afa97-8545-44a7-8bb7-9d40b2b8e01d', '311f7915-6fe6-413e-8b93-43dc1e05bead', '992e5c70-7b14-44ae-b2fc-d0c884659841');
INSERT INTO art_ping.employee_role VALUES ('b7c44e39-7d25-453d-b22e-ebfda4e02e89', '311f7915-6fe6-413e-8b93-43dc1e05bead', '5b204bc5-6430-4939-aa23-17b1482c6d98');
INSERT INTO art_ping.employee_role VALUES ('b796157d-3eb4-4672-a399-353587377ff1', '311f7915-6fe6-413e-8b93-43dc1e05bead', 'eea13552-ad24-4165-bce4-f1b22776739c');
INSERT INTO art_ping.employee (id, first_name, last_name, office_id, user_id, leave_date, updated, login, email, calendar_id) VALUES ('c84f3467-7521-484e-8729-efc7fc54df7a', 'employeeName517', 'employeeLastName517', '2002de5a-d26f-4c49-8f0f-f8be9160d3ea', '866234e6-27b7-44de-930d-c1bdb0a645d7', null, '2021-12-23T15:57:56.195331700', 'testUser517', 'employee517@em.com', 'a75f9563-6d25-4f63-9f5c-55202d6b830f');
INSERT INTO art_ping.employee_role VALUES ('4965bb2b-c722-4ebf-9977-43cea4874af2', 'c84f3467-7521-484e-8729-efc7fc54df7a', '5b204bc5-6430-4939-aa23-17b1482c6d98');
INSERT INTO art_ping.employee_role VALUES ('a3a444b3-6cd5-458c-bb85-f10343cc7be2', 'c84f3467-7521-484e-8729-efc7fc54df7a', '9f4932a6-c650-4cd2-9338-2eefa47aeb35');
INSERT INTO art_ping.employee_role VALUES ('66ff86fc-d4e0-4050-95de-e0382489d957', 'c84f3467-7521-484e-8729-efc7fc54df7a', 'e7051ffa-0edb-4ac7-84ed-12c1d3b2b5f8');
INSERT INTO art_ping.employee_role VALUES ('94d25ff6-fef2-4b89-9d01-48a1d9a4a482', 'c84f3467-7521-484e-8729-efc7fc54df7a', 'eea13552-ad24-4165-bce4-f1b22776739c');
INSERT INTO art_ping.employee (id, first_name, last_name, office_id, user_id, leave_date, updated, login, email, calendar_id) VALUES ('89563683-fc5e-478a-ac65-cd8a0b5e9cc3', 'employeeName518', 'employeeLastName518', '633dc916-e2f3-4097-9546-92e0e7c08ee7', 'cb8e08f0-1e8f-4680-9225-adabd58eb376', null, '2021-12-23T15:57:56.195331700', 'testUser518', 'employee518@em.com', '9d39e79d-c72a-4ba8-a106-e0bd5b4a2c9b');
INSERT INTO art_ping.employee_role VALUES ('68aee54a-3d2b-4d14-8cd2-ce329c657dd6', '89563683-fc5e-478a-ac65-cd8a0b5e9cc3', '992e5c70-7b14-44ae-b2fc-d0c884659841');
INSERT INTO art_ping.employee_role VALUES ('c0c98932-c404-4580-b9d4-a0ddf6401ec9', '89563683-fc5e-478a-ac65-cd8a0b5e9cc3', 'eea13552-ad24-4165-bce4-f1b22776739c');
INSERT INTO art_ping.employee (id, first_name, last_name, office_id, user_id, leave_date, updated, login, email, calendar_id) VALUES ('d5bb3c07-8d34-4796-ad14-d340eb838f54', 'employeeName519', 'employeeLastName519', '4c42fded-ca53-4a9a-85e2-4f8f849bbc34', '7a4164a5-9d26-4e15-932f-e85914bdea73', null, '2021-12-23T15:57:56.195331700', 'testUser519', 'employee519@em.com', '4fb9de68-e7b6-45af-aa38-5912b6c3a7ad');
INSERT INTO art_ping.employee_role VALUES ('6c39ee62-afdf-426c-84af-8bc5dba88392', 'd5bb3c07-8d34-4796-ad14-d340eb838f54', '992e5c70-7b14-44ae-b2fc-d0c884659841');
INSERT INTO art_ping.employee_role VALUES ('8944b3bd-a8eb-49d2-a18e-b562b89b5d69', 'd5bb3c07-8d34-4796-ad14-d340eb838f54', 'e7051ffa-0edb-4ac7-84ed-12c1d3b2b5f8');
INSERT INTO art_ping.employee_role VALUES ('684ab60c-084c-4939-a6cd-68c0584f46b1', 'd5bb3c07-8d34-4796-ad14-d340eb838f54', 'eea13552-ad24-4165-bce4-f1b22776739c');
INSERT INTO art_ping.employee (id, first_name, last_name, office_id, user_id, leave_date, updated, login, email, calendar_id) VALUES ('17a42ec3-3aa2-4783-91f1-8c039ee36acb', 'employeeName520', 'employeeLastName520', '30cab5f9-838b-4b63-97af-53908babb983', 'fe1f3844-7ef7-45a2-8194-cd8e790fd73d', null, '2021-12-23T15:57:56.195331700', 'testUser520', 'employee520@em.com', '774135d2-f0e3-47c2-8496-78319f1757d0');
INSERT INTO art_ping.employee_role VALUES ('af344a51-c562-48d5-b69c-49d61870f513', '17a42ec3-3aa2-4783-91f1-8c039ee36acb', '992e5c70-7b14-44ae-b2fc-d0c884659841');
INSERT INTO art_ping.employee_role VALUES ('99ea1199-1020-4e5a-a00a-2ea56cb38854', '17a42ec3-3aa2-4783-91f1-8c039ee36acb', '5b204bc5-6430-4939-aa23-17b1482c6d98');
INSERT INTO art_ping.employee_role VALUES ('1c2860da-4c75-4c46-aa4b-f1ff6a3370b1', '17a42ec3-3aa2-4783-91f1-8c039ee36acb', '9f4932a6-c650-4cd2-9338-2eefa47aeb35');
INSERT INTO art_ping.employee_role VALUES ('1112f01e-f080-4b4f-a1bc-715806fbe814', '17a42ec3-3aa2-4783-91f1-8c039ee36acb', 'eea13552-ad24-4165-bce4-f1b22776739c');
INSERT INTO art_ping.employee (id, first_name, last_name, office_id, user_id, leave_date, updated, login, email, calendar_id) VALUES ('dcd42cdf-5ec9-480b-b386-1a36c1f1fb80', 'employeeName521', 'employeeLastName521', '7cb2c52c-65de-4e1d-a999-c0854ace823b', '9a310b3d-f46d-4c6b-bbec-3f0ee4ead910', null, '2021-12-23T15:57:56.195331700', 'testUser521', 'employee521@em.com', '83fb83f4-7544-4f51-993a-47cabe040e5c');
INSERT INTO art_ping.employee_role VALUES ('605120b3-5f57-41c2-9c21-bcb7db0877bc', 'dcd42cdf-5ec9-480b-b386-1a36c1f1fb80', '5b204bc5-6430-4939-aa23-17b1482c6d98');
INSERT INTO art_ping.employee_role VALUES ('6d1cd167-24db-445c-8b17-f6e6eac0f842', 'dcd42cdf-5ec9-480b-b386-1a36c1f1fb80', 'e7051ffa-0edb-4ac7-84ed-12c1d3b2b5f8');
INSERT INTO art_ping.employee_role VALUES ('f399a627-fe50-43d6-97e6-7745bf9fb87f', 'dcd42cdf-5ec9-480b-b386-1a36c1f1fb80', 'eea13552-ad24-4165-bce4-f1b22776739c');
INSERT INTO art_ping.employee (id, first_name, last_name, office_id, user_id, leave_date, updated, login, email, calendar_id) VALUES ('903273c9-ca49-4a1c-a336-2f1e04d6b29b', 'employeeName522', 'employeeLastName522', '19978d93-bfc5-4945-92ff-755de8815d67', 'c2c07b70-21d4-401c-ba09-21ccd7377647', null, '2021-12-23T15:57:56.195331700', 'testUser522', 'employee522@em.com', '75ffb36c-275b-4fff-bc47-d5ad63139032');
INSERT INTO art_ping.employee_role VALUES ('dc7ba966-538e-4837-b390-6d26561ecaf8', '903273c9-ca49-4a1c-a336-2f1e04d6b29b', '5b204bc5-6430-4939-aa23-17b1482c6d98');
INSERT INTO art_ping.employee_role VALUES ('8e88c14a-1b7f-419a-a11d-70725bc4b2ff', '903273c9-ca49-4a1c-a336-2f1e04d6b29b', 'e7051ffa-0edb-4ac7-84ed-12c1d3b2b5f8');
INSERT INTO art_ping.employee_role VALUES ('1bd06fbc-3bf3-4d7f-ab2e-f5f9b703ace3', '903273c9-ca49-4a1c-a336-2f1e04d6b29b', 'eea13552-ad24-4165-bce4-f1b22776739c');
INSERT INTO art_ping.employee (id, first_name, last_name, office_id, user_id, leave_date, updated, login, email, calendar_id) VALUES ('2db034eb-96c1-4646-9261-588f98eadfe4', 'employeeName523', 'employeeLastName523', '0d861663-e83a-4818-b059-5c5e416ada33', '07258b9a-5230-467f-b7cd-8ff0496d864f', null, '2021-12-23T15:57:56.195331700', 'testUser523', 'employee523@em.com', '1a3e5cab-ecf1-4f1a-b2f2-d8a796f6110d');
INSERT INTO art_ping.employee_role VALUES ('e79d7bfa-763b-4ed2-b990-7c66efd518fb', '2db034eb-96c1-4646-9261-588f98eadfe4', '992e5c70-7b14-44ae-b2fc-d0c884659841');
INSERT INTO art_ping.employee_role VALUES ('459c8864-f194-40c6-885c-ff45bbd7ba68', '2db034eb-96c1-4646-9261-588f98eadfe4', '5b204bc5-6430-4939-aa23-17b1482c6d98');
INSERT INTO art_ping.employee_role VALUES ('27aec369-3022-4175-bfae-dd3c07dcc897', '2db034eb-96c1-4646-9261-588f98eadfe4', 'eea13552-ad24-4165-bce4-f1b22776739c');
INSERT INTO art_ping.employee (id, first_name, last_name, office_id, user_id, leave_date, updated, login, email, calendar_id) VALUES ('d13bf3ab-0c22-427c-98a6-97b733ab7813', 'employeeName524', 'employeeLastName524', 'f0dc8495-7e77-438f-b17c-9ceca6948f0a', '77f67026-1235-4f2a-9667-b2afcdcf65a3', null, '2021-12-23T15:57:56.195331700', 'testUser524', 'employee524@em.com', '1efce7ca-fc5b-4e84-ab9b-e1eb6771660f');
INSERT INTO art_ping.employee_role VALUES ('713f12ec-9ef4-4364-9afd-b3e451f3c80e', 'd13bf3ab-0c22-427c-98a6-97b733ab7813', 'eea13552-ad24-4165-bce4-f1b22776739c');
INSERT INTO art_ping.employee (id, first_name, last_name, office_id, user_id, leave_date, updated, login, email, calendar_id) VALUES ('53575704-25ba-4db4-ad32-e4be90469b7f', 'employeeName525', 'employeeLastName525', '99de948c-3617-4e32-8f31-60b9f9c622eb', '71576814-b3e3-499a-9dbe-78d59329e233', null, '2021-12-23T15:57:56.195331700', 'testUser525', 'employee525@em.com', '774135d2-f0e3-47c2-8496-78319f1757d0');
INSERT INTO art_ping.employee_role VALUES ('3dcb81ae-59a1-421e-86f7-7f2a9662038b', '53575704-25ba-4db4-ad32-e4be90469b7f', '9f4932a6-c650-4cd2-9338-2eefa47aeb35');
INSERT INTO art_ping.employee_role VALUES ('c7a16d46-5c75-4df8-841c-c9b5bb8e3e75', '53575704-25ba-4db4-ad32-e4be90469b7f', 'e7051ffa-0edb-4ac7-84ed-12c1d3b2b5f8');
INSERT INTO art_ping.employee_role VALUES ('750a4de2-212e-492e-8db4-8c7c69c4b40b', '53575704-25ba-4db4-ad32-e4be90469b7f', 'eea13552-ad24-4165-bce4-f1b22776739c');
INSERT INTO art_ping.employee (id, first_name, last_name, office_id, user_id, leave_date, updated, login, email, calendar_id) VALUES ('f43a4459-a7f1-4b14-bc6f-b3f1ec7cf13f', 'employeeName526', 'employeeLastName526', 'dc89e283-5622-4ba7-8daf-6f59dad40c0e', '98a7d32f-aacc-427a-8c8b-1b514d10a2af', null, '2021-12-23T15:57:56.195331700', 'testUser526', 'employee526@em.com', 'eca3e110-990e-41b7-ba9d-a62f8a56a4f3');
INSERT INTO art_ping.employee_role VALUES ('e4af9149-a5ac-45a2-85cf-83e979826046', 'f43a4459-a7f1-4b14-bc6f-b3f1ec7cf13f', '9f4932a6-c650-4cd2-9338-2eefa47aeb35');
INSERT INTO art_ping.employee_role VALUES ('27234911-92f7-4a82-b2f3-9fc762c1e6ac', 'f43a4459-a7f1-4b14-bc6f-b3f1ec7cf13f', 'eea13552-ad24-4165-bce4-f1b22776739c');
INSERT INTO art_ping.employee (id, first_name, last_name, office_id, user_id, leave_date, updated, login, email, calendar_id) VALUES ('a3f5c7b4-fba6-4630-9d7e-3cf64001368a', 'employeeName527', 'employeeLastName527', 'a3dce380-6ef0-4acd-8cac-2561799b66e3', 'ec54dc9c-ec7d-43e7-a3ec-f631b1128b8f', null, '2021-12-23T15:57:56.195331700', 'testUser527', 'employee527@em.com', '90405144-abf7-4c23-bb5e-c4c60b07823c');
INSERT INTO art_ping.employee_role VALUES ('cddd67bc-f398-4ba0-bd70-f383766fa18f', 'a3f5c7b4-fba6-4630-9d7e-3cf64001368a', '992e5c70-7b14-44ae-b2fc-d0c884659841');
INSERT INTO art_ping.employee_role VALUES ('8d83ec9f-f96c-4564-98b0-acf37d09bb1c', 'a3f5c7b4-fba6-4630-9d7e-3cf64001368a', '5b204bc5-6430-4939-aa23-17b1482c6d98');
INSERT INTO art_ping.employee_role VALUES ('6a13b176-fd6b-4a7b-800e-151c84614bca', 'a3f5c7b4-fba6-4630-9d7e-3cf64001368a', 'e7051ffa-0edb-4ac7-84ed-12c1d3b2b5f8');
INSERT INTO art_ping.employee_role VALUES ('0ef80485-50af-4678-9a4f-660903cce61d', 'a3f5c7b4-fba6-4630-9d7e-3cf64001368a', 'eea13552-ad24-4165-bce4-f1b22776739c');
INSERT INTO art_ping.employee (id, first_name, last_name, office_id, user_id, leave_date, updated, login, email, calendar_id) VALUES ('5004a47a-83f9-402d-b35e-d4eccbf0e8fa', 'employeeName528', 'employeeLastName528', 'a33b1aea-6b90-4d10-a011-5b71ca08837f', '8da76b1f-1067-4a03-a8b2-609d62eec635', null, '2021-12-23T15:57:56.195331700', 'testUser528', 'employee528@em.com', '0698bb6d-7505-49ea-99c4-f4d66e57172b');
INSERT INTO art_ping.employee_role VALUES ('f21492df-a6c5-4f41-a51c-3f052ca08ff0', '5004a47a-83f9-402d-b35e-d4eccbf0e8fa', '5b204bc5-6430-4939-aa23-17b1482c6d98');
INSERT INTO art_ping.employee_role VALUES ('5464e26b-73fc-4786-9e00-af07510e8753', '5004a47a-83f9-402d-b35e-d4eccbf0e8fa', '9f4932a6-c650-4cd2-9338-2eefa47aeb35');
INSERT INTO art_ping.employee_role VALUES ('4953d7d4-0ea9-4ef2-ad3d-113e03b4a2ab', '5004a47a-83f9-402d-b35e-d4eccbf0e8fa', 'e7051ffa-0edb-4ac7-84ed-12c1d3b2b5f8');
INSERT INTO art_ping.employee_role VALUES ('0032015b-0fc0-4245-9a73-574d72bdc481', '5004a47a-83f9-402d-b35e-d4eccbf0e8fa', 'eea13552-ad24-4165-bce4-f1b22776739c');
INSERT INTO art_ping.employee (id, first_name, last_name, office_id, user_id, leave_date, updated, login, email, calendar_id) VALUES ('07414fc9-cf25-4373-ac8a-8132e3fb40d9', 'employeeName529', 'employeeLastName529', 'bf85fb9d-ecf7-446a-a494-3b2274494aa5', '6ec3d888-ade1-4e63-ae13-49fe7d916f93', null, '2021-12-23T15:57:56.195331700', 'testUser529', 'employee529@em.com', '4f8309e8-83d1-4eaf-9912-b667ae17a8f4');
INSERT INTO art_ping.employee_role VALUES ('14ae5d2e-cd88-4764-a520-313da118c4b2', '07414fc9-cf25-4373-ac8a-8132e3fb40d9', '9f4932a6-c650-4cd2-9338-2eefa47aeb35');
INSERT INTO art_ping.employee_role VALUES ('8c109e6c-cc5e-42fd-b5d6-3eb59eadf1e3', '07414fc9-cf25-4373-ac8a-8132e3fb40d9', 'eea13552-ad24-4165-bce4-f1b22776739c');
INSERT INTO art_ping.employee (id, first_name, last_name, office_id, user_id, leave_date, updated, login, email, calendar_id) VALUES ('72b1c1a9-d35b-4b0b-89ef-d83ee56c33ef', 'employeeName530', 'employeeLastName530', '408b1964-209f-4569-a642-79852bbe5d08', 'd4b5ecfd-5167-4e7e-83b4-f09098c7b8e6', null, '2021-12-23T15:57:56.195331700', 'testUser530', 'employee530@em.com', '774135d2-f0e3-47c2-8496-78319f1757d0');
INSERT INTO art_ping.employee_role VALUES ('4916f3a6-d990-4927-8b30-8166b8de47e8', '72b1c1a9-d35b-4b0b-89ef-d83ee56c33ef', '992e5c70-7b14-44ae-b2fc-d0c884659841');
INSERT INTO art_ping.employee_role VALUES ('ba4b6c5f-7197-49c2-9ab5-00f7fcfdb4f6', '72b1c1a9-d35b-4b0b-89ef-d83ee56c33ef', '5b204bc5-6430-4939-aa23-17b1482c6d98');
INSERT INTO art_ping.employee_role VALUES ('961802d7-077b-4297-8051-9a7ead76f8d9', '72b1c1a9-d35b-4b0b-89ef-d83ee56c33ef', '9f4932a6-c650-4cd2-9338-2eefa47aeb35');
INSERT INTO art_ping.employee_role VALUES ('b684534a-de5b-48e6-b962-c1af410a0f91', '72b1c1a9-d35b-4b0b-89ef-d83ee56c33ef', 'e7051ffa-0edb-4ac7-84ed-12c1d3b2b5f8');
INSERT INTO art_ping.employee_role VALUES ('c30e861a-0aae-4e54-b5fa-95a9120c786e', '72b1c1a9-d35b-4b0b-89ef-d83ee56c33ef', 'eea13552-ad24-4165-bce4-f1b22776739c');
INSERT INTO art_ping.employee (id, first_name, last_name, office_id, user_id, leave_date, updated, login, email, calendar_id) VALUES ('c4cf25c7-892f-4c17-92aa-2d710ec324c9', 'employeeName531', 'employeeLastName531', '633dc916-e2f3-4097-9546-92e0e7c08ee7', 'caf567cc-4a42-4906-ab61-bbd2264be9a8', null, '2021-12-23T15:57:56.195331700', 'testUser531', 'employee531@em.com', '9d39e79d-c72a-4ba8-a106-e0bd5b4a2c9b');
INSERT INTO art_ping.employee_role VALUES ('efdebdbc-b056-4b2b-8a29-e76448581c70', 'c4cf25c7-892f-4c17-92aa-2d710ec324c9', 'e7051ffa-0edb-4ac7-84ed-12c1d3b2b5f8');
INSERT INTO art_ping.employee_role VALUES ('1bb9e60f-6480-4bf0-b8e6-a6cbf23734a9', 'c4cf25c7-892f-4c17-92aa-2d710ec324c9', 'eea13552-ad24-4165-bce4-f1b22776739c');
INSERT INTO art_ping.employee (id, first_name, last_name, office_id, user_id, leave_date, updated, login, email, calendar_id) VALUES ('d6034534-a8c2-46dd-bb1f-80911883501d', 'employeeName532', 'employeeLastName532', '0d908e3a-825a-4f04-bb90-4d9883ae2eed', '7530dda4-2c33-4103-a633-7b42d0ecc839', null, '2021-12-23T15:57:56.195331700', 'testUser532', 'employee532@em.com', '4f6093ac-29bf-457b-9d82-0d7d7c2f089f');
INSERT INTO art_ping.employee_role VALUES ('1f43728a-9cba-4ad7-a798-140b7784bf95', 'd6034534-a8c2-46dd-bb1f-80911883501d', 'eea13552-ad24-4165-bce4-f1b22776739c');
INSERT INTO art_ping.employee (id, first_name, last_name, office_id, user_id, leave_date, updated, login, email, calendar_id) VALUES ('b1fed44a-222d-4fcc-b025-94c3f386593c', 'employeeName533', 'employeeLastName533', '5d88860e-031e-4d3b-9d5b-c1856814135d', 'c704e032-705f-464a-8048-7561970737d1', null, '2021-12-23T15:57:56.195331700', 'testUser533', 'employee533@em.com', '43c5a337-ec92-4fc9-955e-599163eab623');
INSERT INTO art_ping.employee_role VALUES ('13548a80-4564-4cfc-ae3e-686f497aaadb', 'b1fed44a-222d-4fcc-b025-94c3f386593c', '992e5c70-7b14-44ae-b2fc-d0c884659841');
INSERT INTO art_ping.employee_role VALUES ('11a7c36d-8ff1-4031-b272-4030aeb64ddc', 'b1fed44a-222d-4fcc-b025-94c3f386593c', '9f4932a6-c650-4cd2-9338-2eefa47aeb35');
INSERT INTO art_ping.employee_role VALUES ('dc7aa567-11da-427a-9edc-117098c9ed3e', 'b1fed44a-222d-4fcc-b025-94c3f386593c', 'e7051ffa-0edb-4ac7-84ed-12c1d3b2b5f8');
INSERT INTO art_ping.employee_role VALUES ('b7a19c14-125c-4139-8ee4-44a0cd7614ab', 'b1fed44a-222d-4fcc-b025-94c3f386593c', 'eea13552-ad24-4165-bce4-f1b22776739c');
INSERT INTO art_ping.employee (id, first_name, last_name, office_id, user_id, leave_date, updated, login, email, calendar_id) VALUES ('7935e512-2d6f-486f-96f6-3209b563c670', 'employeeName534', 'employeeLastName534', '81515fde-3909-4380-9b1b-5956857bf600', '648ea792-2bae-4f1a-982e-6032911277fe', null, '2021-12-23T15:57:56.195331700', 'testUser534', 'employee534@em.com', 'afb13774-007e-435b-bf7b-173551fd2c8e');
INSERT INTO art_ping.employee_role VALUES ('8338c676-1eea-413e-8342-c1b5a55f4884', '7935e512-2d6f-486f-96f6-3209b563c670', '5b204bc5-6430-4939-aa23-17b1482c6d98');
INSERT INTO art_ping.employee_role VALUES ('71285152-cc5f-44a6-8590-5077ae65883a', '7935e512-2d6f-486f-96f6-3209b563c670', 'e7051ffa-0edb-4ac7-84ed-12c1d3b2b5f8');
INSERT INTO art_ping.employee_role VALUES ('50f62694-9b6c-4ab5-a411-b53beb677dab', '7935e512-2d6f-486f-96f6-3209b563c670', 'eea13552-ad24-4165-bce4-f1b22776739c');
INSERT INTO art_ping.employee (id, first_name, last_name, office_id, user_id, leave_date, updated, login, email, calendar_id) VALUES ('d4b8749a-e95d-4de4-9267-ed7b45510d0f', 'employeeName535', 'employeeLastName535', '3c3e50fc-bd68-4ae9-9f2d-eb0be2ff87f9', '93c42c53-75e8-478a-8b80-a871209943a5', null, '2021-12-23T15:57:56.195331700', 'testUser535', 'employee535@em.com', '6eab5509-7a0b-41f7-b4cc-4cba817a5a6d');
INSERT INTO art_ping.employee_role VALUES ('989fe91d-059a-4e17-a683-20e653c25a4c', 'd4b8749a-e95d-4de4-9267-ed7b45510d0f', '992e5c70-7b14-44ae-b2fc-d0c884659841');
INSERT INTO art_ping.employee_role VALUES ('e6157ce8-d6de-4a50-89ad-7602f3b45f3a', 'd4b8749a-e95d-4de4-9267-ed7b45510d0f', '9f4932a6-c650-4cd2-9338-2eefa47aeb35');
INSERT INTO art_ping.employee_role VALUES ('6fa8a415-5aaa-4fb2-8b1f-5ae0c1966f01', 'd4b8749a-e95d-4de4-9267-ed7b45510d0f', 'eea13552-ad24-4165-bce4-f1b22776739c');
INSERT INTO art_ping.employee (id, first_name, last_name, office_id, user_id, leave_date, updated, login, email, calendar_id) VALUES ('e3377a21-cba0-4138-b12f-56ac6477367b', 'employeeName536', 'employeeLastName536', '48b7f107-c888-475a-a137-2607474b4ad9', 'c02235d2-27d3-47d1-9cf1-c3818dfeec91', null, '2021-12-23T15:57:56.195331700', 'testUser536', 'employee536@em.com', 'd7310f65-c734-4e83-b875-7c01e33250dc');
INSERT INTO art_ping.employee_role VALUES ('82bbeeea-11fd-434e-8017-9583aad45d90', 'e3377a21-cba0-4138-b12f-56ac6477367b', '992e5c70-7b14-44ae-b2fc-d0c884659841');
INSERT INTO art_ping.employee_role VALUES ('5dbaa350-d1b0-45a0-9a95-5e11d5a4086c', 'e3377a21-cba0-4138-b12f-56ac6477367b', 'eea13552-ad24-4165-bce4-f1b22776739c');
INSERT INTO art_ping.employee (id, first_name, last_name, office_id, user_id, leave_date, updated, login, email, calendar_id) VALUES ('53d7a47b-7952-4260-b3a5-1ca961b0beff', 'employeeName537', 'employeeLastName537', '81e49bb0-54db-4824-95ef-7122914d5db9', 'aba03215-8bdf-4649-8028-47248239f8bd', null, '2021-12-23T15:57:56.195331700', 'testUser537', 'employee537@em.com', '5d0fe03f-ed10-4373-bb72-2206c079ab4d');
INSERT INTO art_ping.employee_role VALUES ('0f5c1925-55e4-4e74-9019-1c73ddfc4937', '53d7a47b-7952-4260-b3a5-1ca961b0beff', '9f4932a6-c650-4cd2-9338-2eefa47aeb35');
INSERT INTO art_ping.employee_role VALUES ('7565735d-a3ca-40e1-9905-2b202eb51d9e', '53d7a47b-7952-4260-b3a5-1ca961b0beff', 'e7051ffa-0edb-4ac7-84ed-12c1d3b2b5f8');
INSERT INTO art_ping.employee_role VALUES ('8e88fac7-2950-4a0d-b250-e813cb8e885c', '53d7a47b-7952-4260-b3a5-1ca961b0beff', 'eea13552-ad24-4165-bce4-f1b22776739c');
INSERT INTO art_ping.employee (id, first_name, last_name, office_id, user_id, leave_date, updated, login, email, calendar_id) VALUES ('9dc4b22b-4c22-4fda-b66e-57caf03383c0', 'employeeName538', 'employeeLastName538', '96589e22-51f3-465e-a187-3ea688622fc4', 'ec195a77-54da-4777-9d78-f367a46d5399', null, '2021-12-23T15:57:56.195331700', 'testUser538', 'employee538@em.com', '72be929c-8187-459f-a698-1a08fa9a158b');
INSERT INTO art_ping.employee_role VALUES ('16d220c4-1f54-48d0-a4a6-ce3eb284cf8a', '9dc4b22b-4c22-4fda-b66e-57caf03383c0', '992e5c70-7b14-44ae-b2fc-d0c884659841');
INSERT INTO art_ping.employee_role VALUES ('dbcf3822-6084-47e3-aa00-7aeb28fa9701', '9dc4b22b-4c22-4fda-b66e-57caf03383c0', '5b204bc5-6430-4939-aa23-17b1482c6d98');
INSERT INTO art_ping.employee_role VALUES ('26419216-b645-4ed3-89f5-6614ed1ded36', '9dc4b22b-4c22-4fda-b66e-57caf03383c0', 'eea13552-ad24-4165-bce4-f1b22776739c');
INSERT INTO art_ping.employee (id, first_name, last_name, office_id, user_id, leave_date, updated, login, email, calendar_id) VALUES ('8e90628d-a25d-4018-bb9e-80ca5aab4945', 'employeeName539', 'employeeLastName539', 'c86ae7f2-0d7b-4d02-bbcb-d52302e8128f', '16080870-e6db-491a-9545-3424757d4b92', null, '2021-12-23T15:57:56.195331700', 'testUser539', 'employee539@em.com', 'a669e8f0-dd0f-4e0d-bf3a-e16bd701feca');
INSERT INTO art_ping.employee_role VALUES ('eb920474-ffd6-4080-83ae-e227364f9089', '8e90628d-a25d-4018-bb9e-80ca5aab4945', 'e7051ffa-0edb-4ac7-84ed-12c1d3b2b5f8');
INSERT INTO art_ping.employee_role VALUES ('c8b8c694-bcfe-42da-8b18-435b1b819fdf', '8e90628d-a25d-4018-bb9e-80ca5aab4945', 'eea13552-ad24-4165-bce4-f1b22776739c');
INSERT INTO art_ping.employee (id, first_name, last_name, office_id, user_id, leave_date, updated, login, email, calendar_id) VALUES ('ab9bb73f-921b-4cc7-aa09-0b699f6b914e', 'employeeName540', 'employeeLastName540', '180403e0-6c83-410f-a02f-49341c298060', 'd7add659-be09-4409-9405-76d7625f5cdb', null, '2021-12-23T15:57:56.195331700', 'testUser540', 'employee540@em.com', '802b57b2-dc55-4ffa-b4fa-195259182c8c');
INSERT INTO art_ping.employee_role VALUES ('3b3f40bd-075c-4225-8870-e3b531f7bb1d', 'ab9bb73f-921b-4cc7-aa09-0b699f6b914e', '5b204bc5-6430-4939-aa23-17b1482c6d98');
INSERT INTO art_ping.employee_role VALUES ('c91f86ba-91fe-4579-a49d-5f2e4fa9aeb0', 'ab9bb73f-921b-4cc7-aa09-0b699f6b914e', '9f4932a6-c650-4cd2-9338-2eefa47aeb35');
INSERT INTO art_ping.employee_role VALUES ('7d2e5670-4e86-48e7-8865-f1e7c13e892d', 'ab9bb73f-921b-4cc7-aa09-0b699f6b914e', 'eea13552-ad24-4165-bce4-f1b22776739c');
INSERT INTO art_ping.employee (id, first_name, last_name, office_id, user_id, leave_date, updated, login, email, calendar_id) VALUES ('2a028a2d-1bd7-4a01-a444-b25a9a92853c', 'employeeName541', 'employeeLastName541', '4330eb01-454e-4065-9e70-f771f076717e', '2ffe9cf0-662f-48a3-898d-f3e1db4908b6', null, '2021-12-23T15:57:56.195331700', 'testUser541', 'employee541@em.com', 'd31f9382-b96d-477a-9079-9453e36b1b8d');
INSERT INTO art_ping.employee_role VALUES ('6bc21818-78b6-491c-9723-85697757fb9d', '2a028a2d-1bd7-4a01-a444-b25a9a92853c', '992e5c70-7b14-44ae-b2fc-d0c884659841');
INSERT INTO art_ping.employee_role VALUES ('e3207f03-2f31-41b3-82e8-3c2b18da4ddf', '2a028a2d-1bd7-4a01-a444-b25a9a92853c', '5b204bc5-6430-4939-aa23-17b1482c6d98');
INSERT INTO art_ping.employee_role VALUES ('4081907d-61ff-40fc-8426-e0d6d173fd20', '2a028a2d-1bd7-4a01-a444-b25a9a92853c', 'eea13552-ad24-4165-bce4-f1b22776739c');
INSERT INTO art_ping.employee (id, first_name, last_name, office_id, user_id, leave_date, updated, login, email, calendar_id) VALUES ('2af6684b-93f0-4c0d-95fb-e70ae2f9255c', 'employeeName542', 'employeeLastName542', '3922eb7d-adfb-4550-9949-6266985ac551', 'e6e9a89a-06f0-42c3-9c26-426f8fe20668', null, '2021-12-23T15:57:56.195331700', 'testUser542', 'employee542@em.com', '48846e78-d51d-43cd-95d8-4f963493c3af');
INSERT INTO art_ping.employee_role VALUES ('ebfc9746-3676-43b3-a050-1f22d7869725', '2af6684b-93f0-4c0d-95fb-e70ae2f9255c', '992e5c70-7b14-44ae-b2fc-d0c884659841');
INSERT INTO art_ping.employee_role VALUES ('491ed984-8a74-4978-aabc-5f9f5e06c194', '2af6684b-93f0-4c0d-95fb-e70ae2f9255c', 'e7051ffa-0edb-4ac7-84ed-12c1d3b2b5f8');
INSERT INTO art_ping.employee_role VALUES ('db1667c3-2293-4108-aef2-8c08024b045d', '2af6684b-93f0-4c0d-95fb-e70ae2f9255c', 'eea13552-ad24-4165-bce4-f1b22776739c');
INSERT INTO art_ping.employee (id, first_name, last_name, office_id, user_id, leave_date, updated, login, email, calendar_id) VALUES ('b41fe82e-ff88-429b-ba37-b399fe2da606', 'employeeName543', 'employeeLastName543', '44e8a9af-65aa-4203-a45d-27a204cc4f6e', '80e863bf-dbf6-4145-86f8-719ea699b229', null, '2021-12-23T15:57:56.195331700', 'testUser543', 'employee543@em.com', '4b1b94fa-03ec-44bf-bfd0-17cc42b6ce76');
INSERT INTO art_ping.employee_role VALUES ('80b36014-0bdd-4ddb-a80f-9decb140e49c', 'b41fe82e-ff88-429b-ba37-b399fe2da606', '5b204bc5-6430-4939-aa23-17b1482c6d98');
INSERT INTO art_ping.employee_role VALUES ('c6308b39-25a9-4db4-874b-d5220471b79c', 'b41fe82e-ff88-429b-ba37-b399fe2da606', 'eea13552-ad24-4165-bce4-f1b22776739c');
INSERT INTO art_ping.employee (id, first_name, last_name, office_id, user_id, leave_date, updated, login, email, calendar_id) VALUES ('6d24c921-23fe-4984-915f-d82336434a9c', 'employeeName544', 'employeeLastName544', '5ca1ef18-8f9d-4c63-aa63-a271ed99c637', '79653c58-7998-41f4-ba4e-ea6e58b213b1', null, '2021-12-23T15:57:56.196331800', 'testUser544', 'employee544@em.com', '0698bb6d-7505-49ea-99c4-f4d66e57172b');
INSERT INTO art_ping.employee_role VALUES ('1735f4ea-2a6e-4aaf-8879-007457255c82', '6d24c921-23fe-4984-915f-d82336434a9c', '9f4932a6-c650-4cd2-9338-2eefa47aeb35');
INSERT INTO art_ping.employee_role VALUES ('b2dfd322-3b2d-402b-9873-ba024cb67807', '6d24c921-23fe-4984-915f-d82336434a9c', 'e7051ffa-0edb-4ac7-84ed-12c1d3b2b5f8');
INSERT INTO art_ping.employee_role VALUES ('be093436-5d48-4ed9-88d6-0bbc6925defc', '6d24c921-23fe-4984-915f-d82336434a9c', 'eea13552-ad24-4165-bce4-f1b22776739c');
INSERT INTO art_ping.employee (id, first_name, last_name, office_id, user_id, leave_date, updated, login, email, calendar_id) VALUES ('9866608c-4bcb-4214-bd85-81000287db57', 'employeeName545', 'employeeLastName545', 'd3fd3a60-8844-4307-afab-55fd3101bc4b', '2cd4cfe5-ebad-462d-9482-46abf97bd55b', null, '2021-12-23T15:57:56.196331800', 'testUser545', 'employee545@em.com', '81d84e96-db7c-46b3-aaef-338fbf47544a');
INSERT INTO art_ping.employee_role VALUES ('93875e88-6cc1-4d26-9ca6-8d6babfeeff9', '9866608c-4bcb-4214-bd85-81000287db57', '992e5c70-7b14-44ae-b2fc-d0c884659841');
INSERT INTO art_ping.employee_role VALUES ('59addd2c-7db1-4d8e-8a9c-726daf5652b4', '9866608c-4bcb-4214-bd85-81000287db57', '5b204bc5-6430-4939-aa23-17b1482c6d98');
INSERT INTO art_ping.employee_role VALUES ('2c3173f8-3b1f-48e7-b63f-65c223ccea74', '9866608c-4bcb-4214-bd85-81000287db57', '9f4932a6-c650-4cd2-9338-2eefa47aeb35');
INSERT INTO art_ping.employee_role VALUES ('de449f17-feab-451f-bb7f-f83970322635', '9866608c-4bcb-4214-bd85-81000287db57', 'e7051ffa-0edb-4ac7-84ed-12c1d3b2b5f8');
INSERT INTO art_ping.employee_role VALUES ('052cf71d-f9ad-4e21-8c80-cbaf10a78905', '9866608c-4bcb-4214-bd85-81000287db57', 'eea13552-ad24-4165-bce4-f1b22776739c');
INSERT INTO art_ping.employee (id, first_name, last_name, office_id, user_id, leave_date, updated, login, email, calendar_id) VALUES ('996bd995-cc56-418a-9d28-a230fd00fb49', 'employeeName546', 'employeeLastName546', 'cf27de8f-0377-4eca-b531-628550951c67', '1d4a4d6c-4066-4865-8821-03de2cb15e32', null, '2021-12-23T15:57:56.196331800', 'testUser546', 'employee546@em.com', 'b3c2f88d-2941-46c1-b33d-0ffb2dbb0c85');
INSERT INTO art_ping.employee_role VALUES ('95fa4620-2d15-45bb-8a5e-2b0273b17273', '996bd995-cc56-418a-9d28-a230fd00fb49', '992e5c70-7b14-44ae-b2fc-d0c884659841');
INSERT INTO art_ping.employee_role VALUES ('378d23a1-de87-40cc-bda2-19f5267736df', '996bd995-cc56-418a-9d28-a230fd00fb49', '9f4932a6-c650-4cd2-9338-2eefa47aeb35');
INSERT INTO art_ping.employee_role VALUES ('514919b5-dec9-4e84-8fe8-b23b5fead263', '996bd995-cc56-418a-9d28-a230fd00fb49', 'e7051ffa-0edb-4ac7-84ed-12c1d3b2b5f8');
INSERT INTO art_ping.employee_role VALUES ('b6f10ab6-a8b3-440f-8c86-e3b5f266f9ed', '996bd995-cc56-418a-9d28-a230fd00fb49', 'eea13552-ad24-4165-bce4-f1b22776739c');
INSERT INTO art_ping.employee (id, first_name, last_name, office_id, user_id, leave_date, updated, login, email, calendar_id) VALUES ('c9850c5e-3d65-4708-87a4-19a542b0ed9a', 'employeeName547', 'employeeLastName547', '4672af58-336a-41a9-8ed5-366a579aaa39', 'b0d03c88-e8af-4be8-a4ce-6ffbb4f2e3d5', null, '2021-12-23T15:57:56.196331800', 'testUser547', 'employee547@em.com', '3ca8d6d0-3ab2-4e7d-b43a-e789476d70cd');
INSERT INTO art_ping.employee_role VALUES ('8edcfeeb-45e1-4d22-9f7d-92ab11259c9d', 'c9850c5e-3d65-4708-87a4-19a542b0ed9a', '992e5c70-7b14-44ae-b2fc-d0c884659841');
INSERT INTO art_ping.employee_role VALUES ('bee4b7cf-3108-49fb-bfef-43671c016dc4', 'c9850c5e-3d65-4708-87a4-19a542b0ed9a', 'eea13552-ad24-4165-bce4-f1b22776739c');
INSERT INTO art_ping.employee (id, first_name, last_name, office_id, user_id, leave_date, updated, login, email, calendar_id) VALUES ('998549e6-64c0-4eae-a2ce-e59c217f47bd', 'employeeName548', 'employeeLastName548', '786bdd0f-cfaa-48ae-84cb-bef7346a7cff', 'd362cd36-c379-4584-b00f-61a8133ceb5a', null, '2021-12-23T15:57:56.196331800', 'testUser548', 'employee548@em.com', '1efce7ca-fc5b-4e84-ab9b-e1eb6771660f');
INSERT INTO art_ping.employee_role VALUES ('7ac3c83c-6826-42cf-8acd-e081306244a6', '998549e6-64c0-4eae-a2ce-e59c217f47bd', '992e5c70-7b14-44ae-b2fc-d0c884659841');
INSERT INTO art_ping.employee_role VALUES ('4331a4ef-9d9b-4f5e-8c94-f3bf20c66fcc', '998549e6-64c0-4eae-a2ce-e59c217f47bd', 'eea13552-ad24-4165-bce4-f1b22776739c');
INSERT INTO art_ping.employee (id, first_name, last_name, office_id, user_id, leave_date, updated, login, email, calendar_id) VALUES ('65745237-68de-4eac-ac96-8e7d8144be77', 'employeeName549', 'employeeLastName549', '7191f144-3b4e-40ce-b88a-da5afafa21a0', 'fe083983-77ef-4945-9f76-c0cab5e2cc9d', null, '2021-12-23T15:57:56.196331800', 'testUser549', 'employee549@em.com', '6740ee80-af1f-4f7c-830d-0022eb5c71ff');
INSERT INTO art_ping.employee_role VALUES ('f02a29f1-abe8-4f69-bbf4-b55b0258b06e', '65745237-68de-4eac-ac96-8e7d8144be77', '992e5c70-7b14-44ae-b2fc-d0c884659841');
INSERT INTO art_ping.employee_role VALUES ('07eb56f7-0bd0-425e-b2ec-71e6d1c3326a', '65745237-68de-4eac-ac96-8e7d8144be77', '5b204bc5-6430-4939-aa23-17b1482c6d98');
INSERT INTO art_ping.employee_role VALUES ('ab207722-cd01-4bf0-a889-c2bd3ac3dd7c', '65745237-68de-4eac-ac96-8e7d8144be77', '9f4932a6-c650-4cd2-9338-2eefa47aeb35');
INSERT INTO art_ping.employee_role VALUES ('46c73798-e970-4c59-b36a-c49e486fe2ba', '65745237-68de-4eac-ac96-8e7d8144be77', 'e7051ffa-0edb-4ac7-84ed-12c1d3b2b5f8');
INSERT INTO art_ping.employee_role VALUES ('6f19cb6c-7673-4157-b252-8958f404c989', '65745237-68de-4eac-ac96-8e7d8144be77', 'eea13552-ad24-4165-bce4-f1b22776739c');
INSERT INTO art_ping.employee (id, first_name, last_name, office_id, user_id, leave_date, updated, login, email, calendar_id) VALUES ('a689a178-8e09-484d-8557-eb38c226482b', 'employeeName550', 'employeeLastName550', '50366fba-87ae-4fea-93d6-c27f6c3a74e9', '5e8c6997-8bc5-4127-9150-b42ce43c8950', null, '2021-12-23T15:57:56.196331800', 'testUser550', 'employee550@em.com', 'bd33e50b-d99e-4f0f-b2eb-191673b80876');
INSERT INTO art_ping.employee_role VALUES ('55f492db-916b-480f-939c-1ee9a8a74081', 'a689a178-8e09-484d-8557-eb38c226482b', '5b204bc5-6430-4939-aa23-17b1482c6d98');
INSERT INTO art_ping.employee_role VALUES ('010a6bd1-b77a-4058-8c83-eef932b8fa38', 'a689a178-8e09-484d-8557-eb38c226482b', 'e7051ffa-0edb-4ac7-84ed-12c1d3b2b5f8');
INSERT INTO art_ping.employee_role VALUES ('db84c734-aa65-4b7f-aa8f-4272fbebb34c', 'a689a178-8e09-484d-8557-eb38c226482b', 'eea13552-ad24-4165-bce4-f1b22776739c');
INSERT INTO art_ping.employee (id, first_name, last_name, office_id, user_id, leave_date, updated, login, email, calendar_id) VALUES ('41234909-6955-4dc2-a067-e763eb720fc1', 'employeeName551', 'employeeLastName551', '29ec31f8-4d26-49ba-8442-f12a1461d809', '7dcfb18d-4298-4435-86cd-be8ae2433021', null, '2021-12-23T15:57:56.196331800', 'testUser551', 'employee551@em.com', 'df7cd170-3522-42ba-a7fa-9716ad07d655');
INSERT INTO art_ping.employee_role VALUES ('9547df8e-b606-4ed0-b95f-1abe62f1a8ec', '41234909-6955-4dc2-a067-e763eb720fc1', 'eea13552-ad24-4165-bce4-f1b22776739c');
INSERT INTO art_ping.employee (id, first_name, last_name, office_id, user_id, leave_date, updated, login, email, calendar_id) VALUES ('62fcf142-7cf8-4257-80ef-b43137c8dbd2', 'employeeName552', 'employeeLastName552', '0389b132-5451-4f6d-b93e-bb6e739e18fe', 'f7604a6b-34cc-4d00-bee4-2212a11be82d', null, '2021-12-23T15:57:56.196331800', 'testUser552', 'employee552@em.com', '611b024c-b6c6-4bf8-a1f4-2706452ffe8d');
INSERT INTO art_ping.employee_role VALUES ('9c375dbe-af64-4837-9832-99bab2c16c9c', '62fcf142-7cf8-4257-80ef-b43137c8dbd2', '5b204bc5-6430-4939-aa23-17b1482c6d98');
INSERT INTO art_ping.employee_role VALUES ('11312080-9614-4db3-967d-a119f0292f22', '62fcf142-7cf8-4257-80ef-b43137c8dbd2', '9f4932a6-c650-4cd2-9338-2eefa47aeb35');
INSERT INTO art_ping.employee_role VALUES ('7512ff58-c9b0-4e4c-a3f6-07853b3c5c2c', '62fcf142-7cf8-4257-80ef-b43137c8dbd2', 'eea13552-ad24-4165-bce4-f1b22776739c');
INSERT INTO art_ping.employee (id, first_name, last_name, office_id, user_id, leave_date, updated, login, email, calendar_id) VALUES ('ee0769af-652c-4ed0-aec4-f09c72a54f84', 'employeeName553', 'employeeLastName553', '5ca1ef18-8f9d-4c63-aa63-a271ed99c637', 'dbdd3a61-a89b-4386-98ac-b8b9f79db732', null, '2021-12-23T15:57:56.196331800', 'testUser553', 'employee553@em.com', '0698bb6d-7505-49ea-99c4-f4d66e57172b');
INSERT INTO art_ping.employee_role VALUES ('dbc32df7-e55a-4d77-b783-7c3e563379dc', 'ee0769af-652c-4ed0-aec4-f09c72a54f84', '992e5c70-7b14-44ae-b2fc-d0c884659841');
INSERT INTO art_ping.employee_role VALUES ('d1457556-a490-4512-a95f-9f6a6869e72f', 'ee0769af-652c-4ed0-aec4-f09c72a54f84', '9f4932a6-c650-4cd2-9338-2eefa47aeb35');
INSERT INTO art_ping.employee_role VALUES ('db096c8e-e2df-489c-ac30-b5fbb724fd73', 'ee0769af-652c-4ed0-aec4-f09c72a54f84', 'eea13552-ad24-4165-bce4-f1b22776739c');
INSERT INTO art_ping.employee (id, first_name, last_name, office_id, user_id, leave_date, updated, login, email, calendar_id) VALUES ('1e82c57d-27c0-45d1-9752-a85399b61eed', 'employeeName554', 'employeeLastName554', '98e57c57-f2dd-46ce-8f05-2d4775b7cf15', '7ece6d95-9552-4fe2-a0d5-a78f3f20295b', null, '2021-12-23T15:57:56.196331800', 'testUser554', 'employee554@em.com', '43c5a337-ec92-4fc9-955e-599163eab623');
INSERT INTO art_ping.employee_role VALUES ('764aa7f1-4e25-46ee-b01f-38f0b85ce202', '1e82c57d-27c0-45d1-9752-a85399b61eed', '5b204bc5-6430-4939-aa23-17b1482c6d98');
INSERT INTO art_ping.employee_role VALUES ('0d9e785f-4670-4f5e-911f-411d90537dbd', '1e82c57d-27c0-45d1-9752-a85399b61eed', 'eea13552-ad24-4165-bce4-f1b22776739c');
INSERT INTO art_ping.employee (id, first_name, last_name, office_id, user_id, leave_date, updated, login, email, calendar_id) VALUES ('fcf4f917-a78a-47ce-8e84-5dd547f471d3', 'employeeName555', 'employeeLastName555', '6349eae1-0921-42a1-8d63-286d921af9fa', 'fe9f4942-8e5c-4e9c-b713-b1320441e89b', null, '2021-12-23T15:57:56.196331800', 'testUser555', 'employee555@em.com', '72be929c-8187-459f-a698-1a08fa9a158b');
INSERT INTO art_ping.employee_role VALUES ('612b253e-2f4c-4b6d-9741-c2c3224a2d1c', 'fcf4f917-a78a-47ce-8e84-5dd547f471d3', '992e5c70-7b14-44ae-b2fc-d0c884659841');
INSERT INTO art_ping.employee_role VALUES ('529b8be4-bfcc-4674-9447-a85f7f88be61', 'fcf4f917-a78a-47ce-8e84-5dd547f471d3', '9f4932a6-c650-4cd2-9338-2eefa47aeb35');
INSERT INTO art_ping.employee_role VALUES ('764f0d88-c7a5-45dd-a3f7-353765b59c55', 'fcf4f917-a78a-47ce-8e84-5dd547f471d3', 'e7051ffa-0edb-4ac7-84ed-12c1d3b2b5f8');
INSERT INTO art_ping.employee_role VALUES ('0ea9c5c9-4342-4133-93e3-95b0a41909bb', 'fcf4f917-a78a-47ce-8e84-5dd547f471d3', 'eea13552-ad24-4165-bce4-f1b22776739c');
INSERT INTO art_ping.employee (id, first_name, last_name, office_id, user_id, leave_date, updated, login, email, calendar_id) VALUES ('9b405656-6e10-4dd1-8397-999e319a030c', 'employeeName556', 'employeeLastName556', '703cbc07-43f3-48a4-91db-456b125e9b9e', '2b011a82-8314-4efc-ad71-2fa82c1f60ab', null, '2021-12-23T15:57:56.196331800', 'testUser556', 'employee556@em.com', 'ad61be45-0c7f-4c95-be8b-608340beb8ee');
INSERT INTO art_ping.employee_role VALUES ('ae4ba8e6-9605-49c7-9355-5bc7c0981a28', '9b405656-6e10-4dd1-8397-999e319a030c', '992e5c70-7b14-44ae-b2fc-d0c884659841');
INSERT INTO art_ping.employee_role VALUES ('40720986-a11a-4e00-8676-259c0c047871', '9b405656-6e10-4dd1-8397-999e319a030c', '5b204bc5-6430-4939-aa23-17b1482c6d98');
INSERT INTO art_ping.employee_role VALUES ('62453e10-9c73-4ab0-af7a-c539d5856f96', '9b405656-6e10-4dd1-8397-999e319a030c', 'eea13552-ad24-4165-bce4-f1b22776739c');
INSERT INTO art_ping.employee (id, first_name, last_name, office_id, user_id, leave_date, updated, login, email, calendar_id) VALUES ('5bc5bbd9-9363-4d71-87cc-e15211542342', 'employeeName557', 'employeeLastName557', '1eb3ac38-ae3d-4c7c-89ec-5ca89e618c4e', '79cd3e24-5abc-49c6-9aee-0cf519243962', null, '2021-12-23T15:57:56.196331800', 'testUser557', 'employee557@em.com', '3ea41cd2-2e35-467b-a976-9406d9c891da');
INSERT INTO art_ping.employee_role VALUES ('204e2b41-7ac6-4904-bcf1-a902c62fb932', '5bc5bbd9-9363-4d71-87cc-e15211542342', '992e5c70-7b14-44ae-b2fc-d0c884659841');
INSERT INTO art_ping.employee_role VALUES ('52c5607c-08dc-42f1-ab14-4e707206c411', '5bc5bbd9-9363-4d71-87cc-e15211542342', '9f4932a6-c650-4cd2-9338-2eefa47aeb35');
INSERT INTO art_ping.employee_role VALUES ('8c8eb6ea-a04d-471f-a643-4b014a6b321a', '5bc5bbd9-9363-4d71-87cc-e15211542342', 'e7051ffa-0edb-4ac7-84ed-12c1d3b2b5f8');
INSERT INTO art_ping.employee_role VALUES ('278f4215-19f9-4ac6-b22a-dc9810033b4f', '5bc5bbd9-9363-4d71-87cc-e15211542342', 'eea13552-ad24-4165-bce4-f1b22776739c');
INSERT INTO art_ping.employee (id, first_name, last_name, office_id, user_id, leave_date, updated, login, email, calendar_id) VALUES ('8df02699-d3eb-42fb-bc6b-0c91b11551cd', 'employeeName558', 'employeeLastName558', 'b6c3550a-bf15-4144-ae01-6d3a62474c5d', '5d53d190-44ac-4a3f-8bdd-6fee1774d420', null, '2021-12-23T15:57:56.196331800', 'testUser558', 'employee558@em.com', '6602d6f2-fafc-4385-8b9f-17a298f78595');
INSERT INTO art_ping.employee_role VALUES ('581af8bc-ead8-4e7c-a7aa-33010ab91981', '8df02699-d3eb-42fb-bc6b-0c91b11551cd', '9f4932a6-c650-4cd2-9338-2eefa47aeb35');
INSERT INTO art_ping.employee_role VALUES ('f692dbe3-525a-4ac6-905d-43f2a0addb1d', '8df02699-d3eb-42fb-bc6b-0c91b11551cd', 'e7051ffa-0edb-4ac7-84ed-12c1d3b2b5f8');
INSERT INTO art_ping.employee_role VALUES ('a72a9693-6c32-495f-8aec-c867acefed82', '8df02699-d3eb-42fb-bc6b-0c91b11551cd', 'eea13552-ad24-4165-bce4-f1b22776739c');
INSERT INTO art_ping.employee (id, first_name, last_name, office_id, user_id, leave_date, updated, login, email, calendar_id) VALUES ('a6e17dc9-cbaf-476b-bd82-7eba7f1d6855', 'employeeName559', 'employeeLastName559', 'd014cdcb-f321-4616-abfb-3bffd695ae2d', '235b5c53-c147-4853-afde-7d0cb8716004', null, '2021-12-23T15:57:56.196331800', 'testUser559', 'employee559@em.com', 'f83e41d6-04f0-4b04-b4f1-949c46b31d00');
INSERT INTO art_ping.employee_role VALUES ('912d1d38-f93e-4881-91ba-f8a0a81b8dde', 'a6e17dc9-cbaf-476b-bd82-7eba7f1d6855', '5b204bc5-6430-4939-aa23-17b1482c6d98');
INSERT INTO art_ping.employee_role VALUES ('fc9e172a-3e3a-41d4-9ea4-16cf8a665c63', 'a6e17dc9-cbaf-476b-bd82-7eba7f1d6855', 'e7051ffa-0edb-4ac7-84ed-12c1d3b2b5f8');
INSERT INTO art_ping.employee_role VALUES ('b7ede0a8-e141-419f-aadc-aa443d5ed2ff', 'a6e17dc9-cbaf-476b-bd82-7eba7f1d6855', 'eea13552-ad24-4165-bce4-f1b22776739c');
INSERT INTO art_ping.employee (id, first_name, last_name, office_id, user_id, leave_date, updated, login, email, calendar_id) VALUES ('1fc0efd8-3a62-489a-9f69-9c44b6e225a4', 'employeeName560', 'employeeLastName560', '5d88860e-031e-4d3b-9d5b-c1856814135d', 'ba4db51a-e12d-4e45-8c1b-ccb3a0fd69d2', null, '2021-12-23T15:57:56.196331800', 'testUser560', 'employee560@em.com', '43c5a337-ec92-4fc9-955e-599163eab623');
INSERT INTO art_ping.employee_role VALUES ('5ef37f2b-0748-4ae0-9fa1-988376a89a3b', '1fc0efd8-3a62-489a-9f69-9c44b6e225a4', '992e5c70-7b14-44ae-b2fc-d0c884659841');
INSERT INTO art_ping.employee_role VALUES ('b7491d2e-53da-4fe3-a3f3-76ec5ca75db9', '1fc0efd8-3a62-489a-9f69-9c44b6e225a4', '9f4932a6-c650-4cd2-9338-2eefa47aeb35');
INSERT INTO art_ping.employee_role VALUES ('724f1116-ed91-4fe3-a751-5a433fd97c3b', '1fc0efd8-3a62-489a-9f69-9c44b6e225a4', 'eea13552-ad24-4165-bce4-f1b22776739c');
INSERT INTO art_ping.employee (id, first_name, last_name, office_id, user_id, leave_date, updated, login, email, calendar_id) VALUES ('095c0867-62f2-4fa5-b8f3-a87bb561be75', 'employeeName561', 'employeeLastName561', '94a23403-602e-4a56-921e-c4f5c409a428', '1556ea90-5a7d-45de-bd9c-00e788ebb6fb', null, '2021-12-23T15:57:56.196331800', 'testUser561', 'employee561@em.com', '5733cf63-c111-4b7e-b3c6-b2db6beecb07');
INSERT INTO art_ping.employee_role VALUES ('5b734421-be66-4f66-9c2d-d5e2db086c43', '095c0867-62f2-4fa5-b8f3-a87bb561be75', '9f4932a6-c650-4cd2-9338-2eefa47aeb35');
INSERT INTO art_ping.employee_role VALUES ('1712decb-1e94-4a06-8493-026e220bcfc0', '095c0867-62f2-4fa5-b8f3-a87bb561be75', 'e7051ffa-0edb-4ac7-84ed-12c1d3b2b5f8');
INSERT INTO art_ping.employee_role VALUES ('8024cbe4-7812-49a0-8ebf-170ab1f1220b', '095c0867-62f2-4fa5-b8f3-a87bb561be75', 'eea13552-ad24-4165-bce4-f1b22776739c');
INSERT INTO art_ping.employee (id, first_name, last_name, office_id, user_id, leave_date, updated, login, email, calendar_id) VALUES ('f3f69d81-b3db-423b-878e-85dc10b96e97', 'employeeName562', 'employeeLastName562', 'd83cf062-9fad-4458-b8f2-f3a228f8b3a6', '5fae0095-50fa-44ab-9af4-59e1926a86ca', null, '2021-12-23T15:57:56.196331800', 'testUser562', 'employee562@em.com', '83fb83f4-7544-4f51-993a-47cabe040e5c');
INSERT INTO art_ping.employee_role VALUES ('68d19408-940b-4719-9cae-08fdf4effb3e', 'f3f69d81-b3db-423b-878e-85dc10b96e97', '992e5c70-7b14-44ae-b2fc-d0c884659841');
INSERT INTO art_ping.employee_role VALUES ('aba60361-fb20-4bd2-8767-4f1d4aff57fc', 'f3f69d81-b3db-423b-878e-85dc10b96e97', '9f4932a6-c650-4cd2-9338-2eefa47aeb35');
INSERT INTO art_ping.employee_role VALUES ('38cc0042-97a0-4a77-80f8-139a133667eb', 'f3f69d81-b3db-423b-878e-85dc10b96e97', 'e7051ffa-0edb-4ac7-84ed-12c1d3b2b5f8');
INSERT INTO art_ping.employee_role VALUES ('12d51fbe-6402-4c90-afc0-3e0efd53f212', 'f3f69d81-b3db-423b-878e-85dc10b96e97', 'eea13552-ad24-4165-bce4-f1b22776739c');
INSERT INTO art_ping.employee (id, first_name, last_name, office_id, user_id, leave_date, updated, login, email, calendar_id) VALUES ('97b2f937-54d8-4fa4-b68a-9e346b96953c', 'employeeName563', 'employeeLastName563', 'db0fcc20-9df0-47e7-91cf-0b3967114efb', 'ca613314-c0a5-4393-b0f7-af78aa898cb6', null, '2021-12-23T15:57:56.196331800', 'testUser563', 'employee563@em.com', 'a669e8f0-dd0f-4e0d-bf3a-e16bd701feca');
INSERT INTO art_ping.employee_role VALUES ('d3e60ba8-3841-4737-bbb6-4158b30b4a11', '97b2f937-54d8-4fa4-b68a-9e346b96953c', '992e5c70-7b14-44ae-b2fc-d0c884659841');
INSERT INTO art_ping.employee_role VALUES ('5b03f6b1-94eb-46a8-8063-f756d2d0ed27', '97b2f937-54d8-4fa4-b68a-9e346b96953c', '5b204bc5-6430-4939-aa23-17b1482c6d98');
INSERT INTO art_ping.employee_role VALUES ('3d46e2ae-1c91-4f27-92b4-fe6e9c291ddf', '97b2f937-54d8-4fa4-b68a-9e346b96953c', 'e7051ffa-0edb-4ac7-84ed-12c1d3b2b5f8');
INSERT INTO art_ping.employee_role VALUES ('e5af842a-cef3-48ce-b7ad-fb2f2e8849ce', '97b2f937-54d8-4fa4-b68a-9e346b96953c', 'eea13552-ad24-4165-bce4-f1b22776739c');
INSERT INTO art_ping.employee (id, first_name, last_name, office_id, user_id, leave_date, updated, login, email, calendar_id) VALUES ('426943fe-cbdf-41f1-91dd-24818b867207', 'employeeName564', 'employeeLastName564', '1d35fe93-6f2d-479e-9aa6-001c3226b8ec', '70e2eb0f-ee50-4756-9981-7d81d5016155', null, '2021-12-23T15:57:56.196331800', 'testUser564', 'employee564@em.com', 'd3cd12c5-22c2-4632-9750-1b44ccdbe5c8');
INSERT INTO art_ping.employee_role VALUES ('d10ba946-5025-4adf-8d74-856ac5300884', '426943fe-cbdf-41f1-91dd-24818b867207', 'e7051ffa-0edb-4ac7-84ed-12c1d3b2b5f8');
INSERT INTO art_ping.employee_role VALUES ('9c1a1309-15a1-4654-9a1d-e08cf7f78f6d', '426943fe-cbdf-41f1-91dd-24818b867207', 'eea13552-ad24-4165-bce4-f1b22776739c');
INSERT INTO art_ping.employee (id, first_name, last_name, office_id, user_id, leave_date, updated, login, email, calendar_id) VALUES ('ef803d10-d917-4be1-b89f-6d856e567c3a', 'employeeName565', 'employeeLastName565', '66340f2b-f887-48cf-867e-9a594435474e', '18c85d5d-2df6-4863-be6d-7f6c851319ec', null, '2021-12-23T15:57:56.196331800', 'testUser565', 'employee565@em.com', '90405144-abf7-4c23-bb5e-c4c60b07823c');
INSERT INTO art_ping.employee_role VALUES ('81b2f14c-17d9-40c3-9e0a-6c6d3c1cbc9d', 'ef803d10-d917-4be1-b89f-6d856e567c3a', '992e5c70-7b14-44ae-b2fc-d0c884659841');
INSERT INTO art_ping.employee_role VALUES ('ab5da639-fef2-4874-b316-ee98bc17d38d', 'ef803d10-d917-4be1-b89f-6d856e567c3a', '5b204bc5-6430-4939-aa23-17b1482c6d98');
INSERT INTO art_ping.employee_role VALUES ('f48bc46f-f3c0-45aa-819d-f5d12832f451', 'ef803d10-d917-4be1-b89f-6d856e567c3a', '9f4932a6-c650-4cd2-9338-2eefa47aeb35');
INSERT INTO art_ping.employee_role VALUES ('b4b3efdd-0cbd-4451-bf5b-32c307db9048', 'ef803d10-d917-4be1-b89f-6d856e567c3a', 'eea13552-ad24-4165-bce4-f1b22776739c');
INSERT INTO art_ping.employee (id, first_name, last_name, office_id, user_id, leave_date, updated, login, email, calendar_id) VALUES ('784c5c93-5d6b-4a9e-bf92-21158a96f04a', 'employeeName566', 'employeeLastName566', '192cd2f4-0a22-431c-b8ab-e94ce129b7ca', '94b29e73-1a8c-4bc3-a42d-a6eb80a005c5', null, '2021-12-23T15:57:56.196331800', 'testUser566', 'employee566@em.com', 'afb13774-007e-435b-bf7b-173551fd2c8e');
INSERT INTO art_ping.employee_role VALUES ('eef9b516-1edb-4624-8d85-3329f509196b', '784c5c93-5d6b-4a9e-bf92-21158a96f04a', '992e5c70-7b14-44ae-b2fc-d0c884659841');
INSERT INTO art_ping.employee_role VALUES ('40e35457-d4f2-45d4-84bc-3ad06454aab3', '784c5c93-5d6b-4a9e-bf92-21158a96f04a', '5b204bc5-6430-4939-aa23-17b1482c6d98');
INSERT INTO art_ping.employee_role VALUES ('7187f4fe-9d09-43d0-827f-79ab0f001720', '784c5c93-5d6b-4a9e-bf92-21158a96f04a', '9f4932a6-c650-4cd2-9338-2eefa47aeb35');
INSERT INTO art_ping.employee_role VALUES ('55a24b35-5578-44e1-a802-0045bb4ba8a0', '784c5c93-5d6b-4a9e-bf92-21158a96f04a', 'e7051ffa-0edb-4ac7-84ed-12c1d3b2b5f8');
INSERT INTO art_ping.employee_role VALUES ('dac91962-15f6-49ed-8bc2-6fe2b3a64614', '784c5c93-5d6b-4a9e-bf92-21158a96f04a', 'eea13552-ad24-4165-bce4-f1b22776739c');
INSERT INTO art_ping.employee (id, first_name, last_name, office_id, user_id, leave_date, updated, login, email, calendar_id) VALUES ('414e27b4-2843-4d3e-9eae-445e2f70e098', 'employeeName567', 'employeeLastName567', '4052bbb4-698b-4e06-8c4f-ad991181b43c', 'df3d3104-16ea-4708-a2dd-8f50682c664a', null, '2021-12-23T15:57:56.196331800', 'testUser567', 'employee567@em.com', '0cf01225-a8a0-423e-aaa4-cabdeddf233e');
INSERT INTO art_ping.employee_role VALUES ('2717e8ab-0ef7-4ee7-8c8f-3f8891e867bf', '414e27b4-2843-4d3e-9eae-445e2f70e098', '992e5c70-7b14-44ae-b2fc-d0c884659841');
INSERT INTO art_ping.employee_role VALUES ('ed07bf98-e69e-44d6-a012-86c8f09d5135', '414e27b4-2843-4d3e-9eae-445e2f70e098', '9f4932a6-c650-4cd2-9338-2eefa47aeb35');
INSERT INTO art_ping.employee_role VALUES ('3ff1b696-da31-4508-81ff-42b33b84ff3c', '414e27b4-2843-4d3e-9eae-445e2f70e098', 'eea13552-ad24-4165-bce4-f1b22776739c');
INSERT INTO art_ping.employee (id, first_name, last_name, office_id, user_id, leave_date, updated, login, email, calendar_id) VALUES ('07c31b02-615d-4b0a-869b-9e77e763c102', 'employeeName568', 'employeeLastName568', '408b1964-209f-4569-a642-79852bbe5d08', '0836fbe2-b2ff-47ab-9cd0-055eea44fde8', null, '2021-12-23T15:57:56.196331800', 'testUser568', 'employee568@em.com', '774135d2-f0e3-47c2-8496-78319f1757d0');
INSERT INTO art_ping.employee_role VALUES ('f6a7517c-7b43-445d-a600-cdca6ec39aca', '07c31b02-615d-4b0a-869b-9e77e763c102', '992e5c70-7b14-44ae-b2fc-d0c884659841');
INSERT INTO art_ping.employee_role VALUES ('85b96670-7b0b-4761-828b-638c4d2a75e8', '07c31b02-615d-4b0a-869b-9e77e763c102', '9f4932a6-c650-4cd2-9338-2eefa47aeb35');
INSERT INTO art_ping.employee_role VALUES ('7c7b4517-88c8-49cb-8a74-1114a90af788', '07c31b02-615d-4b0a-869b-9e77e763c102', 'eea13552-ad24-4165-bce4-f1b22776739c');
INSERT INTO art_ping.employee (id, first_name, last_name, office_id, user_id, leave_date, updated, login, email, calendar_id) VALUES ('56e9ab80-35f9-4034-8592-52a50a03a121', 'employeeName569', 'employeeLastName569', '94f9517b-f230-4f7a-be99-675c217b6cfd', '78adf81b-05d3-425b-96d9-73b02fd59980', null, '2021-12-23T15:57:56.196331800', 'testUser569', 'employee569@em.com', '8d334fa6-c85d-4b3d-b6ed-68e7e0b4c937');
INSERT INTO art_ping.employee_role VALUES ('3c7ccd03-d8a1-4529-9db6-68964d3b46cd', '56e9ab80-35f9-4034-8592-52a50a03a121', '9f4932a6-c650-4cd2-9338-2eefa47aeb35');
INSERT INTO art_ping.employee_role VALUES ('6bb3ef26-81be-4ce8-ae38-f999ae95a140', '56e9ab80-35f9-4034-8592-52a50a03a121', 'e7051ffa-0edb-4ac7-84ed-12c1d3b2b5f8');
INSERT INTO art_ping.employee_role VALUES ('b2f7725e-050e-40c6-96c7-8f5bcdea61e6', '56e9ab80-35f9-4034-8592-52a50a03a121', 'eea13552-ad24-4165-bce4-f1b22776739c');
INSERT INTO art_ping.employee (id, first_name, last_name, office_id, user_id, leave_date, updated, login, email, calendar_id) VALUES ('6b8f564e-b5dd-4c1b-9247-c9e26da5762c', 'employeeName570', 'employeeLastName570', '4a93e78c-0494-4f99-9bee-24b83c93c6c0', '6ce3d1ce-a4ea-4d21-8059-b08e45b99bf6', null, '2021-12-23T15:57:56.196331800', 'testUser570', 'employee570@em.com', 'f0ff4fa0-137f-466d-bc0e-38e49a2efaa5');
INSERT INTO art_ping.employee_role VALUES ('ad699ff3-baaf-451c-b050-649388f21878', '6b8f564e-b5dd-4c1b-9247-c9e26da5762c', '992e5c70-7b14-44ae-b2fc-d0c884659841');
INSERT INTO art_ping.employee_role VALUES ('75249760-beb5-4d94-ab4b-21d940e27f94', '6b8f564e-b5dd-4c1b-9247-c9e26da5762c', '5b204bc5-6430-4939-aa23-17b1482c6d98');
INSERT INTO art_ping.employee_role VALUES ('09f0f080-d4cf-4aa0-ad5a-bf4bfae20132', '6b8f564e-b5dd-4c1b-9247-c9e26da5762c', 'e7051ffa-0edb-4ac7-84ed-12c1d3b2b5f8');
INSERT INTO art_ping.employee_role VALUES ('1a24c898-482d-4f94-a8c1-dbe579610517', '6b8f564e-b5dd-4c1b-9247-c9e26da5762c', 'eea13552-ad24-4165-bce4-f1b22776739c');
INSERT INTO art_ping.employee (id, first_name, last_name, office_id, user_id, leave_date, updated, login, email, calendar_id) VALUES ('b0c8fccb-e7fe-4566-97d9-a330a8d0db10', 'employeeName571', 'employeeLastName571', '49b766f5-1f1e-478a-95e3-89cdcad0a2fa', 'a45705f3-fc88-4ea6-8830-35f5e993c652', null, '2021-12-23T15:57:56.196331800', 'testUser571', 'employee571@em.com', 'a669e8f0-dd0f-4e0d-bf3a-e16bd701feca');
INSERT INTO art_ping.employee_role VALUES ('c6df5698-fcd7-4446-9b7f-a7dea6f6d589', 'b0c8fccb-e7fe-4566-97d9-a330a8d0db10', '992e5c70-7b14-44ae-b2fc-d0c884659841');
INSERT INTO art_ping.employee_role VALUES ('d8d6def5-7a0c-43f9-a4b8-dfd70481187e', 'b0c8fccb-e7fe-4566-97d9-a330a8d0db10', '9f4932a6-c650-4cd2-9338-2eefa47aeb35');
INSERT INTO art_ping.employee_role VALUES ('5be33b0f-a467-4580-aa95-486e7f2b4051', 'b0c8fccb-e7fe-4566-97d9-a330a8d0db10', 'eea13552-ad24-4165-bce4-f1b22776739c');
INSERT INTO art_ping.employee (id, first_name, last_name, office_id, user_id, leave_date, updated, login, email, calendar_id) VALUES ('41e3fc84-eeea-421d-9854-b26ad91df17a', 'employeeName572', 'employeeLastName572', 'dc162f6a-357f-42c8-bfc6-4c812d575ae1', '9db26912-1a12-49cb-b562-a09e601737d2', null, '2021-12-23T15:57:56.196331800', 'testUser572', 'employee572@em.com', 'fb545b92-c2c4-4225-be9c-77449368ff15');
INSERT INTO art_ping.employee_role VALUES ('6fe21421-1d75-4523-8d3c-964dde52150c', '41e3fc84-eeea-421d-9854-b26ad91df17a', '5b204bc5-6430-4939-aa23-17b1482c6d98');
INSERT INTO art_ping.employee_role VALUES ('a72caeb7-57ce-484d-bf86-6caf7f3d262a', '41e3fc84-eeea-421d-9854-b26ad91df17a', 'eea13552-ad24-4165-bce4-f1b22776739c');
INSERT INTO art_ping.employee (id, first_name, last_name, office_id, user_id, leave_date, updated, login, email, calendar_id) VALUES ('22e421f4-f965-46d0-a8c4-1a98b36d9c78', 'employeeName573', 'employeeLastName573', '1ba947e3-eaf1-4929-b987-102328976aa3', 'd6933005-ab8c-4c99-9fb3-371f90616891', null, '2021-12-23T15:57:56.196331800', 'testUser573', 'employee573@em.com', 'd4552982-6b20-4953-a229-ab5c109eda88');
INSERT INTO art_ping.employee_role VALUES ('2952207c-7317-41f6-b9e1-655a2aa79659', '22e421f4-f965-46d0-a8c4-1a98b36d9c78', '992e5c70-7b14-44ae-b2fc-d0c884659841');
INSERT INTO art_ping.employee_role VALUES ('7acaffd3-4c4b-43cf-98c7-5ca1cbec10d2', '22e421f4-f965-46d0-a8c4-1a98b36d9c78', '9f4932a6-c650-4cd2-9338-2eefa47aeb35');
INSERT INTO art_ping.employee_role VALUES ('3ebe77c9-212d-4b5c-8f75-6104dd24fe86', '22e421f4-f965-46d0-a8c4-1a98b36d9c78', 'eea13552-ad24-4165-bce4-f1b22776739c');
INSERT INTO art_ping.employee (id, first_name, last_name, office_id, user_id, leave_date, updated, login, email, calendar_id) VALUES ('814b20be-ac07-43d9-9e64-d4a054568440', 'employeeName574', 'employeeLastName574', '6f7889a3-c7de-41bc-8d32-b246010c4e3b', '647d0565-4d7f-4818-afd9-85c5ec89d419', null, '2021-12-23T15:57:56.196331800', 'testUser574', 'employee574@em.com', '567f95ff-0272-471e-a091-5ba82268387c');
INSERT INTO art_ping.employee_role VALUES ('da08dcce-ecce-4335-821d-a895c5698291', '814b20be-ac07-43d9-9e64-d4a054568440', '992e5c70-7b14-44ae-b2fc-d0c884659841');
INSERT INTO art_ping.employee_role VALUES ('680b7112-3e99-4639-800a-eabfd7f00b36', '814b20be-ac07-43d9-9e64-d4a054568440', 'eea13552-ad24-4165-bce4-f1b22776739c');
INSERT INTO art_ping.employee (id, first_name, last_name, office_id, user_id, leave_date, updated, login, email, calendar_id) VALUES ('9795454f-9c47-4648-9021-ca51f119986e', 'employeeName575', 'employeeLastName575', '02e6fd15-1be8-4b6d-94f4-770b85df4d65', '87029361-d20b-4639-9bba-b64112fa7d8c', null, '2021-12-23T15:57:56.196331800', 'testUser575', 'employee575@em.com', '6602d6f2-fafc-4385-8b9f-17a298f78595');
INSERT INTO art_ping.employee_role VALUES ('8c7ae5bd-bde2-409a-853f-cd69824a87a5', '9795454f-9c47-4648-9021-ca51f119986e', '992e5c70-7b14-44ae-b2fc-d0c884659841');
INSERT INTO art_ping.employee_role VALUES ('e50475ef-cc82-4b3f-9973-6df1ea418924', '9795454f-9c47-4648-9021-ca51f119986e', '9f4932a6-c650-4cd2-9338-2eefa47aeb35');
INSERT INTO art_ping.employee_role VALUES ('41a707fc-81ff-419c-acd3-b707d2325d54', '9795454f-9c47-4648-9021-ca51f119986e', 'e7051ffa-0edb-4ac7-84ed-12c1d3b2b5f8');
INSERT INTO art_ping.employee_role VALUES ('09456d1e-3c67-4570-af58-a834a4c8d3cb', '9795454f-9c47-4648-9021-ca51f119986e', 'eea13552-ad24-4165-bce4-f1b22776739c');
INSERT INTO art_ping.employee (id, first_name, last_name, office_id, user_id, leave_date, updated, login, email, calendar_id) VALUES ('6af21098-aeaa-44e1-bd78-523c263dc55d', 'employeeName576', 'employeeLastName576', '7bd07dfc-0748-436f-aa83-5b2127392772', 'bdac211c-1a14-434d-9cf0-80699e141780', null, '2021-12-23T15:57:56.196331800', 'testUser576', 'employee576@em.com', 'd3cd12c5-22c2-4632-9750-1b44ccdbe5c8');
INSERT INTO art_ping.employee_role VALUES ('bf0cf347-cf7e-4b21-93a9-db3c2ed4a35f', '6af21098-aeaa-44e1-bd78-523c263dc55d', '992e5c70-7b14-44ae-b2fc-d0c884659841');
INSERT INTO art_ping.employee_role VALUES ('ea66f9f0-900e-4c5d-b51f-282159d4c87a', '6af21098-aeaa-44e1-bd78-523c263dc55d', 'eea13552-ad24-4165-bce4-f1b22776739c');
INSERT INTO art_ping.employee (id, first_name, last_name, office_id, user_id, leave_date, updated, login, email, calendar_id) VALUES ('40e34d7c-93aa-4eab-b373-5b649e14430a', 'employeeName577', 'employeeLastName577', 'dc90c937-bbce-42dc-bec6-edf45488728d', '65530ff7-4953-4836-81d1-2de71c14f2d0', null, '2021-12-23T15:57:56.196331800', 'testUser577', 'employee577@em.com', 'eca3e110-990e-41b7-ba9d-a62f8a56a4f3');
INSERT INTO art_ping.employee_role VALUES ('8a6c566d-baf9-43c8-ba04-da4db4f395da', '40e34d7c-93aa-4eab-b373-5b649e14430a', '992e5c70-7b14-44ae-b2fc-d0c884659841');
INSERT INTO art_ping.employee_role VALUES ('9fe86b51-7094-48c0-a062-264fcedc2bcf', '40e34d7c-93aa-4eab-b373-5b649e14430a', '5b204bc5-6430-4939-aa23-17b1482c6d98');
INSERT INTO art_ping.employee_role VALUES ('81d27f61-2ce0-45f3-95cf-1e4ac1399c82', '40e34d7c-93aa-4eab-b373-5b649e14430a', '9f4932a6-c650-4cd2-9338-2eefa47aeb35');
INSERT INTO art_ping.employee_role VALUES ('e59e6702-9914-4bc8-845f-4f6b5c8648cc', '40e34d7c-93aa-4eab-b373-5b649e14430a', 'e7051ffa-0edb-4ac7-84ed-12c1d3b2b5f8');
INSERT INTO art_ping.employee_role VALUES ('1b17cd23-d722-4008-8fec-47fbe4cfa75a', '40e34d7c-93aa-4eab-b373-5b649e14430a', 'eea13552-ad24-4165-bce4-f1b22776739c');
INSERT INTO art_ping.employee (id, first_name, last_name, office_id, user_id, leave_date, updated, login, email, calendar_id) VALUES ('62bf31ec-d2ad-422a-89e5-e0b11be1ac3f', 'employeeName578', 'employeeLastName578', 'f718a5e5-a4a9-4746-8dbe-d37a8f07d22b', '1baa21d4-79d2-4bda-b641-b624e1be5dad', null, '2021-12-23T15:57:56.196331800', 'testUser578', 'employee578@em.com', '83fb83f4-7544-4f51-993a-47cabe040e5c');
INSERT INTO art_ping.employee_role VALUES ('8ac1fbb6-1239-477b-9e3c-d5348abaaba6', '62bf31ec-d2ad-422a-89e5-e0b11be1ac3f', '992e5c70-7b14-44ae-b2fc-d0c884659841');
INSERT INTO art_ping.employee_role VALUES ('53876776-45c9-4165-a19d-03fa52e57046', '62bf31ec-d2ad-422a-89e5-e0b11be1ac3f', '5b204bc5-6430-4939-aa23-17b1482c6d98');
INSERT INTO art_ping.employee_role VALUES ('44f06325-10b6-4c58-bec0-5b89af530da0', '62bf31ec-d2ad-422a-89e5-e0b11be1ac3f', 'eea13552-ad24-4165-bce4-f1b22776739c');
INSERT INTO art_ping.employee (id, first_name, last_name, office_id, user_id, leave_date, updated, login, email, calendar_id) VALUES ('009733eb-8522-45ab-b5ec-0144d9658abc', 'employeeName579', 'employeeLastName579', '76ccd3fc-0c5b-4ab0-b3b6-c8de4146fdd2', '8eb41ca4-da4e-431f-95b0-ecba582532ba', null, '2021-12-23T15:57:56.196331800', 'testUser579', 'employee579@em.com', '98884dec-90c3-4401-a86e-6547cddf37b8');
INSERT INTO art_ping.employee_role VALUES ('20e29592-a135-4f76-990e-49f4d962989d', '009733eb-8522-45ab-b5ec-0144d9658abc', '5b204bc5-6430-4939-aa23-17b1482c6d98');
INSERT INTO art_ping.employee_role VALUES ('22a2ce47-4f78-4e6b-88de-4bcf84c64513', '009733eb-8522-45ab-b5ec-0144d9658abc', 'eea13552-ad24-4165-bce4-f1b22776739c');
INSERT INTO art_ping.employee (id, first_name, last_name, office_id, user_id, leave_date, updated, login, email, calendar_id) VALUES ('f3cceaa9-60b8-4d73-8392-eba7eb26d380', 'employeeName580', 'employeeLastName580', '154f93d9-7083-4ccb-8093-220412ddd376', '9c732d4f-79cf-4f36-9491-173c7b5e1db8', null, '2021-12-23T15:57:56.196331800', 'testUser580', 'employee580@em.com', '1a3e5cab-ecf1-4f1a-b2f2-d8a796f6110d');
INSERT INTO art_ping.employee_role VALUES ('c7a9e153-e78b-447c-bd00-cedf489aae3d', 'f3cceaa9-60b8-4d73-8392-eba7eb26d380', '992e5c70-7b14-44ae-b2fc-d0c884659841');
INSERT INTO art_ping.employee_role VALUES ('e2018302-56c3-408d-8b86-fde85e288765', 'f3cceaa9-60b8-4d73-8392-eba7eb26d380', '5b204bc5-6430-4939-aa23-17b1482c6d98');
INSERT INTO art_ping.employee_role VALUES ('6af867ae-8a41-4c8f-8085-fdabf13bad67', 'f3cceaa9-60b8-4d73-8392-eba7eb26d380', 'eea13552-ad24-4165-bce4-f1b22776739c');
INSERT INTO art_ping.employee (id, first_name, last_name, office_id, user_id, leave_date, updated, login, email, calendar_id) VALUES ('7bf9589d-3f5b-4251-95fa-912eed7a1001', 'employeeName581', 'employeeLastName581', 'ecd509ee-7cf6-469e-a9d0-3c577f826956', '454d127e-260d-43af-b3cc-e759660921b3', null, '2021-12-23T15:57:56.197331800', 'testUser581', 'employee581@em.com', '3d16975c-4312-4f03-b5d5-27a4eae6925c');
INSERT INTO art_ping.employee_role VALUES ('17831b15-9ccc-4f80-9d63-df3b06b40348', '7bf9589d-3f5b-4251-95fa-912eed7a1001', '992e5c70-7b14-44ae-b2fc-d0c884659841');
INSERT INTO art_ping.employee_role VALUES ('51ad1881-a208-4b3d-844a-9f44237570a8', '7bf9589d-3f5b-4251-95fa-912eed7a1001', '5b204bc5-6430-4939-aa23-17b1482c6d98');
INSERT INTO art_ping.employee_role VALUES ('bd13a83c-b617-4495-a9c0-01fd5f0f17f1', '7bf9589d-3f5b-4251-95fa-912eed7a1001', 'eea13552-ad24-4165-bce4-f1b22776739c');
INSERT INTO art_ping.employee (id, first_name, last_name, office_id, user_id, leave_date, updated, login, email, calendar_id) VALUES ('19a3890b-44d6-43bd-b371-54060c6b5bd1', 'employeeName582', 'employeeLastName582', '11f0e27c-0131-4578-bd11-ea0a3e7e94a7', '66488f78-e676-4ce5-9ddf-4256caabcd80', null, '2021-12-23T15:57:56.197331800', 'testUser582', 'employee582@em.com', '0a939078-93cc-4024-be1c-fce3e236261e');
INSERT INTO art_ping.employee_role VALUES ('631a3a7f-5a5b-49aa-bbdc-482505c5fb0b', '19a3890b-44d6-43bd-b371-54060c6b5bd1', '992e5c70-7b14-44ae-b2fc-d0c884659841');
INSERT INTO art_ping.employee_role VALUES ('71429084-3eb9-4f4f-ad75-4159fa031ed8', '19a3890b-44d6-43bd-b371-54060c6b5bd1', '5b204bc5-6430-4939-aa23-17b1482c6d98');
INSERT INTO art_ping.employee_role VALUES ('aa200d11-357e-47eb-850f-f3e444a9ef29', '19a3890b-44d6-43bd-b371-54060c6b5bd1', '9f4932a6-c650-4cd2-9338-2eefa47aeb35');
INSERT INTO art_ping.employee_role VALUES ('d5cad126-4fa5-4df0-a1bf-c42a52ecd60a', '19a3890b-44d6-43bd-b371-54060c6b5bd1', 'eea13552-ad24-4165-bce4-f1b22776739c');
INSERT INTO art_ping.employee (id, first_name, last_name, office_id, user_id, leave_date, updated, login, email, calendar_id) VALUES ('3bd6d5b0-006e-4c3b-b5aa-34554eb0c35c', 'employeeName583', 'employeeLastName583', '023607c5-6844-4ac2-820a-3b6bcf111712', 'f5fc911f-075b-43b0-811b-cb7e1981b34e', null, '2021-12-23T15:57:56.197331800', 'testUser583', 'employee583@em.com', '4ad4a8b0-be32-4038-8805-842060a2a44a');
INSERT INTO art_ping.employee_role VALUES ('1871033a-d0a9-4c62-bdad-8ef993cbfda0', '3bd6d5b0-006e-4c3b-b5aa-34554eb0c35c', '5b204bc5-6430-4939-aa23-17b1482c6d98');
INSERT INTO art_ping.employee_role VALUES ('75bbc79a-fa00-45f1-90d5-3661e15c89b5', '3bd6d5b0-006e-4c3b-b5aa-34554eb0c35c', 'e7051ffa-0edb-4ac7-84ed-12c1d3b2b5f8');
INSERT INTO art_ping.employee_role VALUES ('5d227155-3dab-4705-bdba-b94fd86165da', '3bd6d5b0-006e-4c3b-b5aa-34554eb0c35c', 'eea13552-ad24-4165-bce4-f1b22776739c');
INSERT INTO art_ping.employee (id, first_name, last_name, office_id, user_id, leave_date, updated, login, email, calendar_id) VALUES ('8a6f27db-c66a-4e27-9055-8440bd72a98f', 'employeeName584', 'employeeLastName584', 'ea523e9e-38ee-4b9c-950b-f2f4f1bc84c3', 'f4d642a3-155b-4aa1-b164-85c4ea6f3f13', null, '2021-12-23T15:57:56.197331800', 'testUser584', 'employee584@em.com', '8312d085-9406-4947-8103-df526897834a');
INSERT INTO art_ping.employee_role VALUES ('59ba30d3-a5fb-4dfa-bf9a-bc934d39b1fc', '8a6f27db-c66a-4e27-9055-8440bd72a98f', '992e5c70-7b14-44ae-b2fc-d0c884659841');
INSERT INTO art_ping.employee_role VALUES ('0ed6c43f-b155-4909-9fe2-54004eaf9dfc', '8a6f27db-c66a-4e27-9055-8440bd72a98f', '5b204bc5-6430-4939-aa23-17b1482c6d98');
INSERT INTO art_ping.employee_role VALUES ('80de6eda-e898-45d9-a352-be8a90b8b602', '8a6f27db-c66a-4e27-9055-8440bd72a98f', 'eea13552-ad24-4165-bce4-f1b22776739c');
INSERT INTO art_ping.employee (id, first_name, last_name, office_id, user_id, leave_date, updated, login, email, calendar_id) VALUES ('41ab7c96-68b8-4f61-8f1c-f2a70438fd8e', 'employeeName585', 'employeeLastName585', 'c2f21410-d133-4849-858a-620aad1936f0', 'ed45bf39-b639-4899-a455-304b62063b80', null, '2021-12-23T15:57:56.197331800', 'testUser585', 'employee585@em.com', '7adf3ff0-be1c-46b4-831a-11f4faf1b392');
INSERT INTO art_ping.employee_role VALUES ('6c91a008-4ebc-4c53-b579-fc910fb9cd57', '41ab7c96-68b8-4f61-8f1c-f2a70438fd8e', '5b204bc5-6430-4939-aa23-17b1482c6d98');
INSERT INTO art_ping.employee_role VALUES ('bef02766-271a-4921-97e5-38cedb8feb98', '41ab7c96-68b8-4f61-8f1c-f2a70438fd8e', '9f4932a6-c650-4cd2-9338-2eefa47aeb35');
INSERT INTO art_ping.employee_role VALUES ('39f1fcb1-f2ac-40f6-ae9d-1d15dd00bdae', '41ab7c96-68b8-4f61-8f1c-f2a70438fd8e', 'e7051ffa-0edb-4ac7-84ed-12c1d3b2b5f8');
INSERT INTO art_ping.employee_role VALUES ('9ef927f9-e5f9-45e5-a3da-8cbd9865d733', '41ab7c96-68b8-4f61-8f1c-f2a70438fd8e', 'eea13552-ad24-4165-bce4-f1b22776739c');
INSERT INTO art_ping.employee (id, first_name, last_name, office_id, user_id, leave_date, updated, login, email, calendar_id) VALUES ('91350f6c-a83f-47aa-a7bb-619df748a2d4', 'employeeName586', 'employeeLastName586', 'c38e2d0d-d397-45c1-9707-d0b7e10aa748', '0d3c8ba0-796c-4169-93d5-e237a33bf2e0', null, '2021-12-23T15:57:56.197331800', 'testUser586', 'employee586@em.com', '5e882683-de03-498b-99f7-8e12bc3ec1cb');
INSERT INTO art_ping.employee_role VALUES ('5a28d670-5f3e-4438-bd8b-99b83a55a713', '91350f6c-a83f-47aa-a7bb-619df748a2d4', '992e5c70-7b14-44ae-b2fc-d0c884659841');
INSERT INTO art_ping.employee_role VALUES ('7fbefb7f-7a92-421a-85b2-ec312550f829', '91350f6c-a83f-47aa-a7bb-619df748a2d4', '5b204bc5-6430-4939-aa23-17b1482c6d98');
INSERT INTO art_ping.employee_role VALUES ('ec34e45b-f8e7-49f7-b30a-6f5319d16804', '91350f6c-a83f-47aa-a7bb-619df748a2d4', 'e7051ffa-0edb-4ac7-84ed-12c1d3b2b5f8');
INSERT INTO art_ping.employee_role VALUES ('be53086e-4f77-4ab6-99db-b72b69bbecba', '91350f6c-a83f-47aa-a7bb-619df748a2d4', 'eea13552-ad24-4165-bce4-f1b22776739c');
INSERT INTO art_ping.employee (id, first_name, last_name, office_id, user_id, leave_date, updated, login, email, calendar_id) VALUES ('4ac024e2-5f5a-4784-b7dc-896f270256cf', 'employeeName587', 'employeeLastName587', 'ad311f88-32bb-4ba0-948a-63caef0f6fd3', 'd381a6fe-98f8-4ae4-9267-fcf5390b9589', null, '2021-12-23T15:57:56.197331800', 'testUser587', 'employee587@em.com', '43c5a337-ec92-4fc9-955e-599163eab623');
INSERT INTO art_ping.employee_role VALUES ('d7e88b6c-de59-4641-8f7b-a3b9f1b0637c', '4ac024e2-5f5a-4784-b7dc-896f270256cf', '992e5c70-7b14-44ae-b2fc-d0c884659841');
INSERT INTO art_ping.employee_role VALUES ('1d8f39ce-ec4a-4b4b-bb1a-fdb140d82859', '4ac024e2-5f5a-4784-b7dc-896f270256cf', '5b204bc5-6430-4939-aa23-17b1482c6d98');
INSERT INTO art_ping.employee_role VALUES ('38ca1fa1-89f1-4a4c-b895-be645ca37c5a', '4ac024e2-5f5a-4784-b7dc-896f270256cf', 'e7051ffa-0edb-4ac7-84ed-12c1d3b2b5f8');
INSERT INTO art_ping.employee_role VALUES ('1ddcbd11-4490-473f-984f-0e54d6af0d83', '4ac024e2-5f5a-4784-b7dc-896f270256cf', 'eea13552-ad24-4165-bce4-f1b22776739c');
INSERT INTO art_ping.employee (id, first_name, last_name, office_id, user_id, leave_date, updated, login, email, calendar_id) VALUES ('3666fedf-cdb0-49c8-83b8-728556b637ce', 'employeeName588', 'employeeLastName588', 'ad6cc68d-b235-42c7-a160-ca3556ee52c3', '9a398f99-a3ab-4e63-a110-255c4f6e275d', null, '2021-12-23T15:57:56.197331800', 'testUser588', 'employee588@em.com', '774135d2-f0e3-47c2-8496-78319f1757d0');
INSERT INTO art_ping.employee_role VALUES ('e2f889c9-1383-4e18-a7c2-e774c30138be', '3666fedf-cdb0-49c8-83b8-728556b637ce', '992e5c70-7b14-44ae-b2fc-d0c884659841');
INSERT INTO art_ping.employee_role VALUES ('5f34d2f2-0139-4ba3-a5aa-1baa4fe79a0b', '3666fedf-cdb0-49c8-83b8-728556b637ce', '5b204bc5-6430-4939-aa23-17b1482c6d98');
INSERT INTO art_ping.employee_role VALUES ('00b53164-e2cd-4768-beba-04a8f7eb6c9e', '3666fedf-cdb0-49c8-83b8-728556b637ce', '9f4932a6-c650-4cd2-9338-2eefa47aeb35');
INSERT INTO art_ping.employee_role VALUES ('71a95dfe-e69f-4f6b-bb11-68d5d1551b59', '3666fedf-cdb0-49c8-83b8-728556b637ce', 'e7051ffa-0edb-4ac7-84ed-12c1d3b2b5f8');
INSERT INTO art_ping.employee_role VALUES ('840b22e9-1e94-40d1-b39e-eedcf22e56ec', '3666fedf-cdb0-49c8-83b8-728556b637ce', 'eea13552-ad24-4165-bce4-f1b22776739c');
INSERT INTO art_ping.employee (id, first_name, last_name, office_id, user_id, leave_date, updated, login, email, calendar_id) VALUES ('06da6f43-6210-4a2a-b6c3-5fa7d00dfe3a', 'employeeName589', 'employeeLastName589', '49b766f5-1f1e-478a-95e3-89cdcad0a2fa', 'b237b371-f569-4d10-82a6-c1b75eeceaaf', null, '2021-12-23T15:57:56.197331800', 'testUser589', 'employee589@em.com', 'a669e8f0-dd0f-4e0d-bf3a-e16bd701feca');
INSERT INTO art_ping.employee_role VALUES ('8eb22238-be5c-49cf-9c2b-f5df48e1e44b', '06da6f43-6210-4a2a-b6c3-5fa7d00dfe3a', '992e5c70-7b14-44ae-b2fc-d0c884659841');
INSERT INTO art_ping.employee_role VALUES ('5af15efd-27b6-4b70-86b7-a15bec59c075', '06da6f43-6210-4a2a-b6c3-5fa7d00dfe3a', '9f4932a6-c650-4cd2-9338-2eefa47aeb35');
INSERT INTO art_ping.employee_role VALUES ('5d9c4787-82f8-463e-a7ff-aaace9a16416', '06da6f43-6210-4a2a-b6c3-5fa7d00dfe3a', 'e7051ffa-0edb-4ac7-84ed-12c1d3b2b5f8');
INSERT INTO art_ping.employee_role VALUES ('96f27dd7-3124-41ef-bd6b-c7668910ecdc', '06da6f43-6210-4a2a-b6c3-5fa7d00dfe3a', 'eea13552-ad24-4165-bce4-f1b22776739c');
INSERT INTO art_ping.employee (id, first_name, last_name, office_id, user_id, leave_date, updated, login, email, calendar_id) VALUES ('46c8fac7-2eba-4020-b709-cfe139759a0d', 'employeeName590', 'employeeLastName590', '89bdae97-df36-4dd8-b122-fbd7643ab330', '9fe5b3fb-57a2-46ee-9a0b-62fb751bfa29', null, '2021-12-23T15:57:56.197331800', 'testUser590', 'employee590@em.com', '63f37abf-72e7-4621-85dc-6b7f966e5f16');
INSERT INTO art_ping.employee_role VALUES ('354d8f36-d5ef-4731-84f9-af8ec5bd9842', '46c8fac7-2eba-4020-b709-cfe139759a0d', '5b204bc5-6430-4939-aa23-17b1482c6d98');
INSERT INTO art_ping.employee_role VALUES ('e3481ee6-3c3d-40db-b332-5021a07a3624', '46c8fac7-2eba-4020-b709-cfe139759a0d', '9f4932a6-c650-4cd2-9338-2eefa47aeb35');
INSERT INTO art_ping.employee_role VALUES ('3ee6c91a-f216-4d51-95c2-e133b18ed4b4', '46c8fac7-2eba-4020-b709-cfe139759a0d', 'e7051ffa-0edb-4ac7-84ed-12c1d3b2b5f8');
INSERT INTO art_ping.employee_role VALUES ('9370ee0a-7778-4f4b-bff2-7813e020dbdd', '46c8fac7-2eba-4020-b709-cfe139759a0d', 'eea13552-ad24-4165-bce4-f1b22776739c');
INSERT INTO art_ping.employee (id, first_name, last_name, office_id, user_id, leave_date, updated, login, email, calendar_id) VALUES ('8d13e309-f8aa-4942-bf74-79beb4c00a41', 'employeeName591', 'employeeLastName591', '96589e22-51f3-465e-a187-3ea688622fc4', '1967a534-5314-4fec-99cf-cf7b2e56cda7', null, '2021-12-23T15:57:56.197331800', 'testUser591', 'employee591@em.com', '72be929c-8187-459f-a698-1a08fa9a158b');
INSERT INTO art_ping.employee_role VALUES ('17c42bbe-3062-488c-996b-ee8041c45be7', '8d13e309-f8aa-4942-bf74-79beb4c00a41', '992e5c70-7b14-44ae-b2fc-d0c884659841');
INSERT INTO art_ping.employee_role VALUES ('4cfe562e-6287-4e29-be33-be1ff029550d', '8d13e309-f8aa-4942-bf74-79beb4c00a41', '5b204bc5-6430-4939-aa23-17b1482c6d98');
INSERT INTO art_ping.employee_role VALUES ('b34011d0-5901-457f-a446-94c74e8e7ee5', '8d13e309-f8aa-4942-bf74-79beb4c00a41', '9f4932a6-c650-4cd2-9338-2eefa47aeb35');
INSERT INTO art_ping.employee_role VALUES ('3c1dd256-bcd2-4f58-85e1-74ca78c1261e', '8d13e309-f8aa-4942-bf74-79beb4c00a41', 'e7051ffa-0edb-4ac7-84ed-12c1d3b2b5f8');
INSERT INTO art_ping.employee_role VALUES ('91ad3f8c-a40b-48df-9443-9c73d56d34b5', '8d13e309-f8aa-4942-bf74-79beb4c00a41', 'eea13552-ad24-4165-bce4-f1b22776739c');
INSERT INTO art_ping.employee (id, first_name, last_name, office_id, user_id, leave_date, updated, login, email, calendar_id) VALUES ('349e1e0f-0da2-4641-81e8-b7073be6d5c7', 'employeeName592', 'employeeLastName592', 'be2d97dd-d637-4b80-bc60-23e12ba4d20b', 'b94abab2-d49d-4eaa-a290-6114e06104bb', null, '2021-12-23T15:57:56.197331800', 'testUser592', 'employee592@em.com', 'd7c4b3c8-6301-414d-b394-9c6ca223a4ce');
INSERT INTO art_ping.employee_role VALUES ('a9b3fbae-66d1-4adc-aa38-26da56e90414', '349e1e0f-0da2-4641-81e8-b7073be6d5c7', '5b204bc5-6430-4939-aa23-17b1482c6d98');
INSERT INTO art_ping.employee_role VALUES ('93158623-05a0-4cf6-bf7f-1b0bf7b51312', '349e1e0f-0da2-4641-81e8-b7073be6d5c7', 'eea13552-ad24-4165-bce4-f1b22776739c');
INSERT INTO art_ping.employee (id, first_name, last_name, office_id, user_id, leave_date, updated, login, email, calendar_id) VALUES ('1d7a619d-6274-4d4b-ab21-6ad4f343d8ac', 'employeeName593', 'employeeLastName593', '11155b5c-0803-46b4-a3df-e856cefd5081', '5b702964-c12a-479d-b92a-f893ee721bd3', null, '2021-12-23T15:57:56.197331800', 'testUser593', 'employee593@em.com', 'b2e5aa59-05c9-4c12-9328-18bce88ee49a');
INSERT INTO art_ping.employee_role VALUES ('0749b54b-ad25-4ca9-8ef2-61cc82dd74ea', '1d7a619d-6274-4d4b-ab21-6ad4f343d8ac', '992e5c70-7b14-44ae-b2fc-d0c884659841');
INSERT INTO art_ping.employee_role VALUES ('8eba2ac9-76e9-44a9-a511-1817bd942b63', '1d7a619d-6274-4d4b-ab21-6ad4f343d8ac', '5b204bc5-6430-4939-aa23-17b1482c6d98');
INSERT INTO art_ping.employee_role VALUES ('1bc4dad8-de95-4a12-99a5-c39f54bf9591', '1d7a619d-6274-4d4b-ab21-6ad4f343d8ac', '9f4932a6-c650-4cd2-9338-2eefa47aeb35');
INSERT INTO art_ping.employee_role VALUES ('dae6cea5-4821-4fd6-a028-b8dacee5ce88', '1d7a619d-6274-4d4b-ab21-6ad4f343d8ac', 'e7051ffa-0edb-4ac7-84ed-12c1d3b2b5f8');
INSERT INTO art_ping.employee_role VALUES ('d1bdcfee-b363-4db3-a2b1-744b20758258', '1d7a619d-6274-4d4b-ab21-6ad4f343d8ac', 'eea13552-ad24-4165-bce4-f1b22776739c');
INSERT INTO art_ping.employee (id, first_name, last_name, office_id, user_id, leave_date, updated, login, email, calendar_id) VALUES ('c22a98a5-d269-48ef-9ca3-2e3706520a55', 'employeeName594', 'employeeLastName594', 'a1235077-5721-4084-b699-65caf1429316', '323ce117-4270-4dd9-b202-cc3010e19305', null, '2021-12-23T15:57:56.197331800', 'testUser594', 'employee594@em.com', '5a3150d1-0daf-45c3-81b2-90d6309551af');
INSERT INTO art_ping.employee_role VALUES ('f4190f4d-0af8-4d88-81bf-d87dd31ac0cb', 'c22a98a5-d269-48ef-9ca3-2e3706520a55', 'e7051ffa-0edb-4ac7-84ed-12c1d3b2b5f8');
INSERT INTO art_ping.employee_role VALUES ('bea86478-3b57-43ec-b98e-c2aa03056f1e', 'c22a98a5-d269-48ef-9ca3-2e3706520a55', 'eea13552-ad24-4165-bce4-f1b22776739c');
INSERT INTO art_ping.employee (id, first_name, last_name, office_id, user_id, leave_date, updated, login, email, calendar_id) VALUES ('0dbb3ff9-9ae1-49a8-8ce5-2b6d64e79cbd', 'employeeName595', 'employeeLastName595', '80982b63-73cb-4741-beb6-20975313fc05', 'b049b2b9-703e-434e-89e6-12fb5cc9282e', null, '2021-12-23T15:57:56.197331800', 'testUser595', 'employee595@em.com', '6eab5509-7a0b-41f7-b4cc-4cba817a5a6d');
INSERT INTO art_ping.employee_role VALUES ('7c14973d-340d-4df6-b785-6607c9588b29', '0dbb3ff9-9ae1-49a8-8ce5-2b6d64e79cbd', '992e5c70-7b14-44ae-b2fc-d0c884659841');
INSERT INTO art_ping.employee_role VALUES ('df2dcfc9-f9b3-4a37-bc94-51af76b11f24', '0dbb3ff9-9ae1-49a8-8ce5-2b6d64e79cbd', '5b204bc5-6430-4939-aa23-17b1482c6d98');
INSERT INTO art_ping.employee_role VALUES ('0b230a3b-7301-482e-a59e-6fed0d661711', '0dbb3ff9-9ae1-49a8-8ce5-2b6d64e79cbd', 'e7051ffa-0edb-4ac7-84ed-12c1d3b2b5f8');
INSERT INTO art_ping.employee_role VALUES ('c33aa6de-cdd6-4303-8901-918050f17150', '0dbb3ff9-9ae1-49a8-8ce5-2b6d64e79cbd', 'eea13552-ad24-4165-bce4-f1b22776739c');
INSERT INTO art_ping.employee (id, first_name, last_name, office_id, user_id, leave_date, updated, login, email, calendar_id) VALUES ('f30ccc1b-32f2-4870-b7b6-62245b2bfd2b', 'employeeName596', 'employeeLastName596', '956cae42-b4e9-40f9-93df-5a5117e0c805', '0a7ffd75-057e-4b5f-85cd-a506d35ead13', null, '2021-12-23T15:57:56.197331800', 'testUser596', 'employee596@em.com', '4612e905-6868-46e2-a497-c81d84aa4e17');
INSERT INTO art_ping.employee_role VALUES ('e0af4de4-9edc-4d99-b9dc-8c186c51d852', 'f30ccc1b-32f2-4870-b7b6-62245b2bfd2b', '9f4932a6-c650-4cd2-9338-2eefa47aeb35');
INSERT INTO art_ping.employee_role VALUES ('541a54dd-4597-4b4d-a559-7d8fc13a766d', 'f30ccc1b-32f2-4870-b7b6-62245b2bfd2b', 'eea13552-ad24-4165-bce4-f1b22776739c');
INSERT INTO art_ping.employee (id, first_name, last_name, office_id, user_id, leave_date, updated, login, email, calendar_id) VALUES ('e930521e-e6a0-4bf8-aba9-8b6811060576', 'employeeName597', 'employeeLastName597', '408b1964-209f-4569-a642-79852bbe5d08', 'b9711cec-5f62-4014-a27a-bbd9a66fdad5', null, '2021-12-23T15:57:56.197331800', 'testUser597', 'employee597@em.com', '774135d2-f0e3-47c2-8496-78319f1757d0');
INSERT INTO art_ping.employee_role VALUES ('5df20d97-3627-425a-a77a-4514f82042ed', 'e930521e-e6a0-4bf8-aba9-8b6811060576', '992e5c70-7b14-44ae-b2fc-d0c884659841');
INSERT INTO art_ping.employee_role VALUES ('a262d2b7-2201-4f86-8211-93091aeb1eca', 'e930521e-e6a0-4bf8-aba9-8b6811060576', '5b204bc5-6430-4939-aa23-17b1482c6d98');
INSERT INTO art_ping.employee_role VALUES ('0997aeba-b34a-4054-83a0-a4a259b162c9', 'e930521e-e6a0-4bf8-aba9-8b6811060576', '9f4932a6-c650-4cd2-9338-2eefa47aeb35');
INSERT INTO art_ping.employee_role VALUES ('542c56a9-8d70-4c33-aa89-5e69950f40bf', 'e930521e-e6a0-4bf8-aba9-8b6811060576', 'e7051ffa-0edb-4ac7-84ed-12c1d3b2b5f8');
INSERT INTO art_ping.employee_role VALUES ('c2eab602-d030-4e4f-82ab-acb49876ab79', 'e930521e-e6a0-4bf8-aba9-8b6811060576', 'eea13552-ad24-4165-bce4-f1b22776739c');
INSERT INTO art_ping.employee (id, first_name, last_name, office_id, user_id, leave_date, updated, login, email, calendar_id) VALUES ('888993a1-3b7f-42bb-96ef-fba9d76ec213', 'employeeName598', 'employeeLastName598', '0c4a5985-cdab-4ef2-9aec-a81ce849d2f5', 'e4b2878d-2dfd-4d43-a0ec-50ac70c87f7a', null, '2021-12-23T15:57:56.197331800', 'testUser598', 'employee598@em.com', '78c12def-4023-47c7-aa79-f78ace80f3c6');
INSERT INTO art_ping.employee_role VALUES ('935c1c18-eed0-42c2-8093-183fd16962eb', '888993a1-3b7f-42bb-96ef-fba9d76ec213', '992e5c70-7b14-44ae-b2fc-d0c884659841');
INSERT INTO art_ping.employee_role VALUES ('d75a218d-3696-44e2-8d19-cee818f98b1e', '888993a1-3b7f-42bb-96ef-fba9d76ec213', 'e7051ffa-0edb-4ac7-84ed-12c1d3b2b5f8');
INSERT INTO art_ping.employee_role VALUES ('1aa38dc1-7a17-49c5-a7e4-5edceef336df', '888993a1-3b7f-42bb-96ef-fba9d76ec213', 'eea13552-ad24-4165-bce4-f1b22776739c');
INSERT INTO art_ping.employee (id, first_name, last_name, office_id, user_id, leave_date, updated, login, email, calendar_id) VALUES ('ce2fcf8b-9221-4c2e-b4f5-a4a8d891af42', 'employeeName599', 'employeeLastName599', 'a1354792-b2d9-4e3b-a775-c9611deb75a2', 'c3f634d5-7244-4efa-b21c-180a6374c408', null, '2021-12-23T15:57:56.197331800', 'testUser599', 'employee599@em.com', 'a75f9563-6d25-4f63-9f5c-55202d6b830f');
INSERT INTO art_ping.employee_role VALUES ('8b8d454e-1b89-4206-89f2-0858b7d79eb2', 'ce2fcf8b-9221-4c2e-b4f5-a4a8d891af42', '9f4932a6-c650-4cd2-9338-2eefa47aeb35');
INSERT INTO art_ping.employee_role VALUES ('be8485a1-96fc-486b-905d-69282043b565', 'ce2fcf8b-9221-4c2e-b4f5-a4a8d891af42', 'eea13552-ad24-4165-bce4-f1b22776739c');
INSERT INTO art_ping.employee (id, first_name, last_name, office_id, user_id, leave_date, updated, login, email, calendar_id) VALUES ('b9044934-9dd7-4b46-9087-393232e50287', 'employeeName600', 'employeeLastName600', '7e2aca28-2921-40d2-bc4c-67b75847dded', '340c49b2-3859-4dd0-98da-476c020a227e', null, '2021-12-23T15:57:56.197331800', 'testUser600', 'employee600@em.com', 'df7cd170-3522-42ba-a7fa-9716ad07d655');
INSERT INTO art_ping.employee_role VALUES ('46766ea2-d5a5-45aa-8b5a-0ffc69bee41f', 'b9044934-9dd7-4b46-9087-393232e50287', '992e5c70-7b14-44ae-b2fc-d0c884659841');
INSERT INTO art_ping.employee_role VALUES ('26d50384-cb9d-43f5-92dd-5d57236f96a1', 'b9044934-9dd7-4b46-9087-393232e50287', '9f4932a6-c650-4cd2-9338-2eefa47aeb35');
INSERT INTO art_ping.employee_role VALUES ('8c4e3bbf-9c51-40ab-951c-70fb03a9b0f3', 'b9044934-9dd7-4b46-9087-393232e50287', 'e7051ffa-0edb-4ac7-84ed-12c1d3b2b5f8');
INSERT INTO art_ping.employee_role VALUES ('9a0b4be9-dd2c-4ff1-a6b7-41b8ce38c607', 'b9044934-9dd7-4b46-9087-393232e50287', 'eea13552-ad24-4165-bce4-f1b22776739c');
INSERT INTO art_ping.employee (id, first_name, last_name, office_id, user_id, leave_date, updated, login, email, calendar_id) VALUES ('71f59a84-36b5-44a6-a9ff-2432d046da1b', 'employeeName601', 'employeeLastName601', '1ba947e3-eaf1-4929-b987-102328976aa3', '072174f3-bae8-43d0-8cc4-5f2649384595', null, '2021-12-23T15:57:56.197331800', 'testUser601', 'employee601@em.com', 'd4552982-6b20-4953-a229-ab5c109eda88');
INSERT INTO art_ping.employee_role VALUES ('a9011caf-b194-4454-ae9a-54e000155b27', '71f59a84-36b5-44a6-a9ff-2432d046da1b', '9f4932a6-c650-4cd2-9338-2eefa47aeb35');
INSERT INTO art_ping.employee_role VALUES ('6bd57ce6-765a-4bca-9dd0-e23f9d80aeeb', '71f59a84-36b5-44a6-a9ff-2432d046da1b', 'e7051ffa-0edb-4ac7-84ed-12c1d3b2b5f8');
INSERT INTO art_ping.employee_role VALUES ('52add05b-066e-4c1a-b16c-69acfb2bedf2', '71f59a84-36b5-44a6-a9ff-2432d046da1b', 'eea13552-ad24-4165-bce4-f1b22776739c');
INSERT INTO art_ping.employee (id, first_name, last_name, office_id, user_id, leave_date, updated, login, email, calendar_id) VALUES ('ec427102-c9b5-4a13-8664-b383e0077ffc', 'employeeName602', 'employeeLastName602', '881c93a5-c42e-462a-8432-455b124b1a7c', 'a5d0abfc-42db-4c6a-9e23-c9a19770f9fb', null, '2021-12-23T15:57:56.197331800', 'testUser602', 'employee602@em.com', 'e82d3ca7-23bd-48c0-a0c3-b52d05aeaced');
INSERT INTO art_ping.employee_role VALUES ('66010f9f-5b7b-4143-834d-02a57f3915aa', 'ec427102-c9b5-4a13-8664-b383e0077ffc', '9f4932a6-c650-4cd2-9338-2eefa47aeb35');
INSERT INTO art_ping.employee_role VALUES ('1783050f-2644-47ca-9367-81e876acc73a', 'ec427102-c9b5-4a13-8664-b383e0077ffc', 'eea13552-ad24-4165-bce4-f1b22776739c');
INSERT INTO art_ping.employee (id, first_name, last_name, office_id, user_id, leave_date, updated, login, email, calendar_id) VALUES ('96bfe1b1-0a7b-4aad-a8a7-692be088f174', 'employeeName603', 'employeeLastName603', 'b57414d1-26be-4b0a-843b-cb4f3ede54bc', '0c9d226b-cf03-451e-8ff2-3600282a8ddd', null, '2021-12-23T15:57:56.197331800', 'testUser603', 'employee603@em.com', '5e882683-de03-498b-99f7-8e12bc3ec1cb');
INSERT INTO art_ping.employee_role VALUES ('cdad91c4-46f1-4571-90ba-8d186e127500', '96bfe1b1-0a7b-4aad-a8a7-692be088f174', 'e7051ffa-0edb-4ac7-84ed-12c1d3b2b5f8');
INSERT INTO art_ping.employee_role VALUES ('25603aea-2385-43fd-89b7-49b01e717bf2', '96bfe1b1-0a7b-4aad-a8a7-692be088f174', 'eea13552-ad24-4165-bce4-f1b22776739c');
INSERT INTO art_ping.employee (id, first_name, last_name, office_id, user_id, leave_date, updated, login, email, calendar_id) VALUES ('3aeaf27b-c564-4870-b039-4c7a21febc45', 'employeeName604', 'employeeLastName604', 'd4afa6fa-1089-4b33-a723-4c2a09f69803', 'e7bb210d-6f42-4b78-ab20-16fac752efb0', null, '2021-12-23T15:57:56.197331800', 'testUser604', 'employee604@em.com', '6566ab75-9d9c-4b15-a7da-d064ec296488');
INSERT INTO art_ping.employee_role VALUES ('c22b39e2-29b4-4326-9a5b-4a078f932e6e', '3aeaf27b-c564-4870-b039-4c7a21febc45', '992e5c70-7b14-44ae-b2fc-d0c884659841');
INSERT INTO art_ping.employee_role VALUES ('7bfd0f92-0231-4c15-85b4-e503fbb85c95', '3aeaf27b-c564-4870-b039-4c7a21febc45', 'e7051ffa-0edb-4ac7-84ed-12c1d3b2b5f8');
INSERT INTO art_ping.employee_role VALUES ('a6980740-d832-47b0-b95e-1622d54f8b15', '3aeaf27b-c564-4870-b039-4c7a21febc45', 'eea13552-ad24-4165-bce4-f1b22776739c');
INSERT INTO art_ping.employee (id, first_name, last_name, office_id, user_id, leave_date, updated, login, email, calendar_id) VALUES ('8cbd7684-1e00-4ca2-a67c-2be74fff9283', 'employeeName605', 'employeeLastName605', '89d26319-c205-4dc9-b23a-fe9ab35c1465', '11031b5c-eb51-4169-a180-28e199ecd252', null, '2021-12-23T15:57:56.197331800', 'testUser605', 'employee605@em.com', 'b66bb045-a363-45f8-a092-7b71249790c5');
INSERT INTO art_ping.employee_role VALUES ('98721625-bb12-4419-ad7d-d48f3ef9e123', '8cbd7684-1e00-4ca2-a67c-2be74fff9283', '9f4932a6-c650-4cd2-9338-2eefa47aeb35');
INSERT INTO art_ping.employee_role VALUES ('530ac29f-471c-4f21-a8ed-edc5b2dcfa5d', '8cbd7684-1e00-4ca2-a67c-2be74fff9283', 'e7051ffa-0edb-4ac7-84ed-12c1d3b2b5f8');
INSERT INTO art_ping.employee_role VALUES ('86cd256f-e11e-4bc7-9917-baa384c349f2', '8cbd7684-1e00-4ca2-a67c-2be74fff9283', 'eea13552-ad24-4165-bce4-f1b22776739c');
INSERT INTO art_ping.employee (id, first_name, last_name, office_id, user_id, leave_date, updated, login, email, calendar_id) VALUES ('9953c3ef-a760-45f0-b380-448c9d14a3eb', 'employeeName606', 'employeeLastName606', 'a6348771-2a1e-486c-aa67-355e25fafcec', 'b91a00c9-67d6-417e-80d2-4958beab20e9', null, '2021-12-23T15:57:56.197331800', 'testUser606', 'employee606@em.com', '6eab5509-7a0b-41f7-b4cc-4cba817a5a6d');
INSERT INTO art_ping.employee_role VALUES ('2e171e14-5322-4935-876c-5d0fd43414fe', '9953c3ef-a760-45f0-b380-448c9d14a3eb', 'e7051ffa-0edb-4ac7-84ed-12c1d3b2b5f8');
INSERT INTO art_ping.employee_role VALUES ('43baf660-b8a6-42d8-b8fd-c41c44b4318e', '9953c3ef-a760-45f0-b380-448c9d14a3eb', 'eea13552-ad24-4165-bce4-f1b22776739c');
INSERT INTO art_ping.employee (id, first_name, last_name, office_id, user_id, leave_date, updated, login, email, calendar_id) VALUES ('10ba37b4-a6ab-472d-bfce-5643c7d370f4', 'employeeName607', 'employeeLastName607', 'a9debb53-7785-4bea-9ca6-38044230ba68', '1246a312-e025-4259-b376-6da0f5092d1e', null, '2021-12-23T15:57:56.197331800', 'testUser607', 'employee607@em.com', 'debfb7a9-fe4c-45c7-9a4f-2c5143c9c1ca');
INSERT INTO art_ping.employee_role VALUES ('aeffdc77-513a-4bd1-b2e9-924f2a651d5e', '10ba37b4-a6ab-472d-bfce-5643c7d370f4', '5b204bc5-6430-4939-aa23-17b1482c6d98');
INSERT INTO art_ping.employee_role VALUES ('ef7d1e9c-a437-4f7e-b53d-994b1de79dbf', '10ba37b4-a6ab-472d-bfce-5643c7d370f4', '9f4932a6-c650-4cd2-9338-2eefa47aeb35');
INSERT INTO art_ping.employee_role VALUES ('8251a7be-ccd7-4876-ae62-cd4713cc52bf', '10ba37b4-a6ab-472d-bfce-5643c7d370f4', 'e7051ffa-0edb-4ac7-84ed-12c1d3b2b5f8');
INSERT INTO art_ping.employee_role VALUES ('4fda065e-3921-43e8-82d5-67fbb9be3cc9', '10ba37b4-a6ab-472d-bfce-5643c7d370f4', 'eea13552-ad24-4165-bce4-f1b22776739c');
INSERT INTO art_ping.employee (id, first_name, last_name, office_id, user_id, leave_date, updated, login, email, calendar_id) VALUES ('accbdfd4-4054-49bf-9930-17db990d4af7', 'employeeName608', 'employeeLastName608', '6ddb3d3e-4058-449d-b442-86e191f62c95', 'b0394fc4-b777-4a4f-a19e-07b0f2c78cba', null, '2021-12-23T15:57:56.197331800', 'testUser608', 'employee608@em.com', '83fb83f4-7544-4f51-993a-47cabe040e5c');
INSERT INTO art_ping.employee_role VALUES ('3b6ed121-5fbc-4faf-85d7-29f5da9ae56c', 'accbdfd4-4054-49bf-9930-17db990d4af7', '992e5c70-7b14-44ae-b2fc-d0c884659841');
INSERT INTO art_ping.employee_role VALUES ('1d93a368-a71f-4840-b7a4-fbf73a4048d1', 'accbdfd4-4054-49bf-9930-17db990d4af7', '5b204bc5-6430-4939-aa23-17b1482c6d98');
INSERT INTO art_ping.employee_role VALUES ('397fe1fc-ef5c-4288-8e25-b3d38e818556', 'accbdfd4-4054-49bf-9930-17db990d4af7', 'eea13552-ad24-4165-bce4-f1b22776739c');
INSERT INTO art_ping.employee (id, first_name, last_name, office_id, user_id, leave_date, updated, login, email, calendar_id) VALUES ('35c4ac03-348a-472f-ad3d-871a6745eca0', 'employeeName609', 'employeeLastName609', 'b7026028-e3d0-4a62-a60c-2e5fe1f75046', '552a7bbe-0eee-4277-8e3e-f913962c2ffa', null, '2021-12-23T15:57:56.197331800', 'testUser609', 'employee609@em.com', '453ead52-aea1-4f91-b834-f75909f84808');
INSERT INTO art_ping.employee_role VALUES ('5749de20-7bf6-4260-8e9b-66e5a72f83fa', '35c4ac03-348a-472f-ad3d-871a6745eca0', 'eea13552-ad24-4165-bce4-f1b22776739c');
INSERT INTO art_ping.employee (id, first_name, last_name, office_id, user_id, leave_date, updated, login, email, calendar_id) VALUES ('75327b2b-17bb-4cb5-8840-679898171eda', 'employeeName610', 'employeeLastName610', '4f731e17-19e6-4d3b-8015-bb4154879a24', '8ca08dc1-64bc-4605-8ba6-b302db051973', null, '2021-12-23T15:57:56.197331800', 'testUser610', 'employee610@em.com', '4612e905-6868-46e2-a497-c81d84aa4e17');
INSERT INTO art_ping.employee_role VALUES ('bf940796-1a4c-414c-9211-f1da1b042478', '75327b2b-17bb-4cb5-8840-679898171eda', '992e5c70-7b14-44ae-b2fc-d0c884659841');
INSERT INTO art_ping.employee_role VALUES ('9e30987d-e3e3-4a74-8da6-abdde91add97', '75327b2b-17bb-4cb5-8840-679898171eda', '9f4932a6-c650-4cd2-9338-2eefa47aeb35');
INSERT INTO art_ping.employee_role VALUES ('b461f9f7-fe56-4037-beff-c7290377e53d', '75327b2b-17bb-4cb5-8840-679898171eda', 'e7051ffa-0edb-4ac7-84ed-12c1d3b2b5f8');
INSERT INTO art_ping.employee_role VALUES ('49cdf5aa-a278-48c4-be70-4e251094c718', '75327b2b-17bb-4cb5-8840-679898171eda', 'eea13552-ad24-4165-bce4-f1b22776739c');
INSERT INTO art_ping.employee (id, first_name, last_name, office_id, user_id, leave_date, updated, login, email, calendar_id) VALUES ('c8198693-c3cc-4a19-b024-f19d1b89733b', 'employeeName611', 'employeeLastName611', '475c0752-77c7-4c70-a014-3b4b29250732', '53f54c2f-6f0f-47f5-8815-14754e82fee0', null, '2021-12-23T15:57:56.197331800', 'testUser611', 'employee611@em.com', '8d334fa6-c85d-4b3d-b6ed-68e7e0b4c937');
INSERT INTO art_ping.employee_role VALUES ('5f71f3b4-a2a8-4cb6-8009-39f4504e996a', 'c8198693-c3cc-4a19-b024-f19d1b89733b', '9f4932a6-c650-4cd2-9338-2eefa47aeb35');
INSERT INTO art_ping.employee_role VALUES ('9a9fb274-2d58-4a03-8412-5773dcd2da8b', 'c8198693-c3cc-4a19-b024-f19d1b89733b', 'eea13552-ad24-4165-bce4-f1b22776739c');
INSERT INTO art_ping.employee (id, first_name, last_name, office_id, user_id, leave_date, updated, login, email, calendar_id) VALUES ('c4908a7e-b48f-455f-a81b-d78644ed91e9', 'employeeName612', 'employeeLastName612', '31be730d-f6c4-4ba3-8ecc-36779fbf6c5d', '6e41a7bd-1e96-4e9b-9441-ba3207181fde', null, '2021-12-23T15:57:56.197331800', 'testUser612', 'employee612@em.com', '78c12def-4023-47c7-aa79-f78ace80f3c6');
INSERT INTO art_ping.employee_role VALUES ('3a41cc83-ff11-4659-863f-6e1c1765d905', 'c4908a7e-b48f-455f-a81b-d78644ed91e9', '992e5c70-7b14-44ae-b2fc-d0c884659841');
INSERT INTO art_ping.employee_role VALUES ('7546d142-1485-4b97-bfab-d8c9644845d8', 'c4908a7e-b48f-455f-a81b-d78644ed91e9', '9f4932a6-c650-4cd2-9338-2eefa47aeb35');
INSERT INTO art_ping.employee_role VALUES ('f598ddcb-6ebb-49d2-b02a-1af04d72ca17', 'c4908a7e-b48f-455f-a81b-d78644ed91e9', 'e7051ffa-0edb-4ac7-84ed-12c1d3b2b5f8');
INSERT INTO art_ping.employee_role VALUES ('9d21db00-2e69-43a4-96eb-5e0bdaa810aa', 'c4908a7e-b48f-455f-a81b-d78644ed91e9', 'eea13552-ad24-4165-bce4-f1b22776739c');
INSERT INTO art_ping.employee (id, first_name, last_name, office_id, user_id, leave_date, updated, login, email, calendar_id) VALUES ('bd32c8d1-6aef-441b-bbb2-0bda4758f204', 'employeeName613', 'employeeLastName613', '1eff2116-a6fa-4f55-b306-5e7b592e81aa', '274be1fd-3ea2-4bbe-80c2-22e2ade7fb38', null, '2021-12-23T15:57:56.197331800', 'testUser613', 'employee613@em.com', '49e35ed1-5eb8-47d3-988b-e65d5c65f597');
INSERT INTO art_ping.employee_role VALUES ('30ffb38c-7de2-4f93-8f5c-d0d50c60aa67', 'bd32c8d1-6aef-441b-bbb2-0bda4758f204', '9f4932a6-c650-4cd2-9338-2eefa47aeb35');
INSERT INTO art_ping.employee_role VALUES ('50c768b1-8edb-4f8a-bd48-61a8727ebf8e', 'bd32c8d1-6aef-441b-bbb2-0bda4758f204', 'e7051ffa-0edb-4ac7-84ed-12c1d3b2b5f8');
INSERT INTO art_ping.employee_role VALUES ('05d6ec5d-1e0f-4111-8eef-115949488687', 'bd32c8d1-6aef-441b-bbb2-0bda4758f204', 'eea13552-ad24-4165-bce4-f1b22776739c');
INSERT INTO art_ping.employee (id, first_name, last_name, office_id, user_id, leave_date, updated, login, email, calendar_id) VALUES ('b7780f63-4092-4c43-b855-0af2523f644c', 'employeeName614', 'employeeLastName614', '5b059ebb-e167-413d-9788-a2c15eb87e35', 'ebfc5772-15f4-4044-bd34-5b5066da37df', null, '2021-12-23T15:57:56.197331800', 'testUser614', 'employee614@em.com', 'b064dd5f-52a1-4b23-a462-daf5a3f31f3b');
INSERT INTO art_ping.employee_role VALUES ('6ea8de9f-a0f4-40f0-8554-f1f4811c20ff', 'b7780f63-4092-4c43-b855-0af2523f644c', '992e5c70-7b14-44ae-b2fc-d0c884659841');
INSERT INTO art_ping.employee_role VALUES ('9ad67e04-dec2-4406-a310-8007a1d15786', 'b7780f63-4092-4c43-b855-0af2523f644c', '9f4932a6-c650-4cd2-9338-2eefa47aeb35');
INSERT INTO art_ping.employee_role VALUES ('8284f683-8c89-4595-8d19-a8c43277864a', 'b7780f63-4092-4c43-b855-0af2523f644c', 'eea13552-ad24-4165-bce4-f1b22776739c');
INSERT INTO art_ping.employee (id, first_name, last_name, office_id, user_id, leave_date, updated, login, email, calendar_id) VALUES ('63649477-d30e-4cb7-8149-52bb5f796373', 'employeeName615', 'employeeLastName615', '2581806d-09f9-4a12-9631-e0d9b1896867', 'd0d15803-5b1c-40db-97a2-92ab69120035', null, '2021-12-23T15:57:56.197331800', 'testUser615', 'employee615@em.com', '4e8599db-4282-47bf-8d07-a9a0f4be8445');
INSERT INTO art_ping.employee_role VALUES ('a7b1cce1-98f9-4f26-867e-4caa4fbb1fc2', '63649477-d30e-4cb7-8149-52bb5f796373', '992e5c70-7b14-44ae-b2fc-d0c884659841');
INSERT INTO art_ping.employee_role VALUES ('9be5a7ae-0be8-4426-83a9-82c3aaa53313', '63649477-d30e-4cb7-8149-52bb5f796373', 'eea13552-ad24-4165-bce4-f1b22776739c');
INSERT INTO art_ping.employee (id, first_name, last_name, office_id, user_id, leave_date, updated, login, email, calendar_id) VALUES ('21f0a20e-1ca8-4895-a904-7f0969c3687f', 'employeeName616', 'employeeLastName616', '6067f3e7-a0b9-40dd-aaa5-ab7d1361eeae', 'b88fbbdb-de76-4bc8-bd61-bf3e5bf689ab', null, '2021-12-23T15:57:56.197331800', 'testUser616', 'employee616@em.com', '4d1c6b46-b965-439f-9fcc-0e45453ba2b6');
INSERT INTO art_ping.employee_role VALUES ('431eb20e-43d4-4d1a-bcb9-5fa75fd6647f', '21f0a20e-1ca8-4895-a904-7f0969c3687f', '5b204bc5-6430-4939-aa23-17b1482c6d98');
INSERT INTO art_ping.employee_role VALUES ('766340ab-87a3-4c4f-b4d3-c11241e7beb8', '21f0a20e-1ca8-4895-a904-7f0969c3687f', 'e7051ffa-0edb-4ac7-84ed-12c1d3b2b5f8');
INSERT INTO art_ping.employee_role VALUES ('255c9473-1a87-4404-82d8-459cff02cc9a', '21f0a20e-1ca8-4895-a904-7f0969c3687f', 'eea13552-ad24-4165-bce4-f1b22776739c');
INSERT INTO art_ping.employee (id, first_name, last_name, office_id, user_id, leave_date, updated, login, email, calendar_id) VALUES ('53cee98c-355a-487b-b02a-cfe20f6899fe', 'employeeName617', 'employeeLastName617', 'b7026028-e3d0-4a62-a60c-2e5fe1f75046', 'a94077d4-cd60-41c8-aa47-84ffbe2803cc', null, '2021-12-23T15:57:56.197331800', 'testUser617', 'employee617@em.com', '453ead52-aea1-4f91-b834-f75909f84808');
INSERT INTO art_ping.employee_role VALUES ('c69c191f-f2a5-493d-8009-b0819d1ba5e1', '53cee98c-355a-487b-b02a-cfe20f6899fe', '9f4932a6-c650-4cd2-9338-2eefa47aeb35');
INSERT INTO art_ping.employee_role VALUES ('a61a002c-87ba-4683-8d47-48c95ba32fd4', '53cee98c-355a-487b-b02a-cfe20f6899fe', 'eea13552-ad24-4165-bce4-f1b22776739c');
INSERT INTO art_ping.employee (id, first_name, last_name, office_id, user_id, leave_date, updated, login, email, calendar_id) VALUES ('3be56123-31bd-40a2-bafb-c43b6717d638', 'employeeName618', 'employeeLastName618', 'd3e0ee9d-aea3-4b6c-a432-e43ff7bcf56f', 'c22c54e1-90c6-4c0f-b5ca-1580266b5c6c', null, '2021-12-23T15:57:56.197331800', 'testUser618', 'employee618@em.com', '7adf3ff0-be1c-46b4-831a-11f4faf1b392');
INSERT INTO art_ping.employee_role VALUES ('49946ba2-9ee6-4930-84c8-01cf1942b059', '3be56123-31bd-40a2-bafb-c43b6717d638', '5b204bc5-6430-4939-aa23-17b1482c6d98');
INSERT INTO art_ping.employee_role VALUES ('36691f46-22b6-4917-98c1-cc4c812397f9', '3be56123-31bd-40a2-bafb-c43b6717d638', 'e7051ffa-0edb-4ac7-84ed-12c1d3b2b5f8');
INSERT INTO art_ping.employee_role VALUES ('c3d0baea-f7c8-4650-9061-3d177dabd1b5', '3be56123-31bd-40a2-bafb-c43b6717d638', 'eea13552-ad24-4165-bce4-f1b22776739c');
INSERT INTO art_ping.employee (id, first_name, last_name, office_id, user_id, leave_date, updated, login, email, calendar_id) VALUES ('d94e1a84-d01b-4e15-b247-5f398d449dcf', 'employeeName619', 'employeeLastName619', 'd4afa6fa-1089-4b33-a723-4c2a09f69803', '71c4d73e-d2f5-4e6e-88f6-5b6b63e59bb9', null, '2021-12-23T15:57:56.198331800', 'testUser619', 'employee619@em.com', '6566ab75-9d9c-4b15-a7da-d064ec296488');
INSERT INTO art_ping.employee_role VALUES ('a6287fa1-34e2-4c25-a397-0b200a888d61', 'd94e1a84-d01b-4e15-b247-5f398d449dcf', '992e5c70-7b14-44ae-b2fc-d0c884659841');
INSERT INTO art_ping.employee_role VALUES ('9464ca70-a50a-478c-ab0d-095f3a80eb79', 'd94e1a84-d01b-4e15-b247-5f398d449dcf', 'eea13552-ad24-4165-bce4-f1b22776739c');
INSERT INTO art_ping.employee (id, first_name, last_name, office_id, user_id, leave_date, updated, login, email, calendar_id) VALUES ('fc80d3d5-13f2-4802-9d0f-ed66529758da', 'employeeName620', 'employeeLastName620', '69ccc84e-7d3b-4660-ac62-23b978276b1c', '1e107e35-44c4-4bfa-a461-2d5c70f65acb', null, '2021-12-23T15:57:56.198331800', 'testUser620', 'employee620@em.com', 'bcca4f69-b16f-4f53-8049-036acb833630');
INSERT INTO art_ping.employee_role VALUES ('292c85e8-3c08-4758-b6cb-c0a4dcc56df3', 'fc80d3d5-13f2-4802-9d0f-ed66529758da', '5b204bc5-6430-4939-aa23-17b1482c6d98');
INSERT INTO art_ping.employee_role VALUES ('02bcf524-5117-498d-8b25-8fae9d74fdc3', 'fc80d3d5-13f2-4802-9d0f-ed66529758da', 'eea13552-ad24-4165-bce4-f1b22776739c');
INSERT INTO art_ping.employee (id, first_name, last_name, office_id, user_id, leave_date, updated, login, email, calendar_id) VALUES ('3b956c6f-e4aa-456a-bd66-7c97e5398235', 'employeeName621', 'employeeLastName621', '699f41f3-578c-443b-bfa4-280d099262cb', '274ba8ba-8c6a-40aa-9203-d795bc66c7d9', null, '2021-12-23T15:57:56.198331800', 'testUser621', 'employee621@em.com', '23775748-0ced-4446-a6d7-d6913f30ff57');
INSERT INTO art_ping.employee_role VALUES ('e86e2bcb-6be1-4ae6-bd71-7aa6b92c6408', '3b956c6f-e4aa-456a-bd66-7c97e5398235', '992e5c70-7b14-44ae-b2fc-d0c884659841');
INSERT INTO art_ping.employee_role VALUES ('68d41e0e-c90f-4e78-b80e-3c0e1e104cb4', '3b956c6f-e4aa-456a-bd66-7c97e5398235', '5b204bc5-6430-4939-aa23-17b1482c6d98');
INSERT INTO art_ping.employee_role VALUES ('3306f2f0-36aa-42ab-bba9-5b350eea837e', '3b956c6f-e4aa-456a-bd66-7c97e5398235', 'eea13552-ad24-4165-bce4-f1b22776739c');
INSERT INTO art_ping.employee (id, first_name, last_name, office_id, user_id, leave_date, updated, login, email, calendar_id) VALUES ('7a9a93b3-a6e3-42d4-ad7e-ce4ced0205d0', 'employeeName622', 'employeeLastName622', '46ea5f4a-40ea-470a-8690-f0c475b1e5e7', '96733ec1-c6e9-4056-996d-08b1ec438456', null, '2021-12-23T15:57:56.198331800', 'testUser622', 'employee622@em.com', '65b30d5f-f607-43c7-8c6d-7ca7ced24c0c');
INSERT INTO art_ping.employee_role VALUES ('29e7e500-f7ae-4249-b9b4-068fad0ce0d5', '7a9a93b3-a6e3-42d4-ad7e-ce4ced0205d0', '992e5c70-7b14-44ae-b2fc-d0c884659841');
INSERT INTO art_ping.employee_role VALUES ('1abd7d16-aef1-4578-ace7-e15af2460fdd', '7a9a93b3-a6e3-42d4-ad7e-ce4ced0205d0', 'e7051ffa-0edb-4ac7-84ed-12c1d3b2b5f8');
INSERT INTO art_ping.employee_role VALUES ('1c5c5ff3-61ba-4d43-a5f6-67dd343b17f7', '7a9a93b3-a6e3-42d4-ad7e-ce4ced0205d0', 'eea13552-ad24-4165-bce4-f1b22776739c');
INSERT INTO art_ping.employee (id, first_name, last_name, office_id, user_id, leave_date, updated, login, email, calendar_id) VALUES ('e2cbc43f-e345-4842-916d-24dcef62f0b1', 'employeeName623', 'employeeLastName623', '83835ef9-8993-45b1-8d9c-d9b1df87e798', '16cb78f1-4ad3-4a55-b211-534a2c9ad0ab', null, '2021-12-23T15:57:56.198331800', 'testUser623', 'employee623@em.com', 'cdce9691-aa7a-4610-8b37-8d2c9209c72d');
INSERT INTO art_ping.employee_role VALUES ('be077454-8492-4aff-b8d6-d08f6031a8ae', 'e2cbc43f-e345-4842-916d-24dcef62f0b1', '992e5c70-7b14-44ae-b2fc-d0c884659841');
INSERT INTO art_ping.employee_role VALUES ('1f693677-fe2f-4bae-80ed-44bbb6d949c4', 'e2cbc43f-e345-4842-916d-24dcef62f0b1', 'e7051ffa-0edb-4ac7-84ed-12c1d3b2b5f8');
INSERT INTO art_ping.employee_role VALUES ('c3304351-a51c-41fa-9123-8c3c71d8cbe6', 'e2cbc43f-e345-4842-916d-24dcef62f0b1', 'eea13552-ad24-4165-bce4-f1b22776739c');
INSERT INTO art_ping.employee (id, first_name, last_name, office_id, user_id, leave_date, updated, login, email, calendar_id) VALUES ('242bccad-d151-431d-b3bd-e0298c85e75f', 'employeeName624', 'employeeLastName624', '786bdd0f-cfaa-48ae-84cb-bef7346a7cff', '0a6364a6-1322-4c74-bc78-26042a4376dd', null, '2021-12-23T15:57:56.198331800', 'testUser624', 'employee624@em.com', '1efce7ca-fc5b-4e84-ab9b-e1eb6771660f');
INSERT INTO art_ping.employee_role VALUES ('24402163-28c7-4e53-b69b-8a60b0f2a03e', '242bccad-d151-431d-b3bd-e0298c85e75f', '9f4932a6-c650-4cd2-9338-2eefa47aeb35');
INSERT INTO art_ping.employee_role VALUES ('9c4149c9-74e5-44bb-8db1-d5cd2a63aec8', '242bccad-d151-431d-b3bd-e0298c85e75f', 'e7051ffa-0edb-4ac7-84ed-12c1d3b2b5f8');
INSERT INTO art_ping.employee_role VALUES ('b10336ad-bcbf-4a94-aa2f-b1d79e88a6e8', '242bccad-d151-431d-b3bd-e0298c85e75f', 'eea13552-ad24-4165-bce4-f1b22776739c');
INSERT INTO art_ping.employee (id, first_name, last_name, office_id, user_id, leave_date, updated, login, email, calendar_id) VALUES ('f5a31b63-a644-4c75-9ada-c7cbd4725f43', 'employeeName625', 'employeeLastName625', 'a68c155d-9c90-4d40-82b4-930f52d0a7eb', 'ec5ff9a1-28db-48af-9eeb-86858dffe39a', null, '2021-12-23T15:57:56.198331800', 'testUser625', 'employee625@em.com', 'bef94631-81a4-4874-8f09-aa1fc75cd486');
INSERT INTO art_ping.employee_role VALUES ('36fa4154-6d66-43fe-a6d1-15f48d8893dd', 'f5a31b63-a644-4c75-9ada-c7cbd4725f43', '9f4932a6-c650-4cd2-9338-2eefa47aeb35');
INSERT INTO art_ping.employee_role VALUES ('abeff4a5-d683-4fb5-abb7-119795eb1321', 'f5a31b63-a644-4c75-9ada-c7cbd4725f43', 'e7051ffa-0edb-4ac7-84ed-12c1d3b2b5f8');
INSERT INTO art_ping.employee_role VALUES ('2e451630-8703-4093-82ad-60f911f67146', 'f5a31b63-a644-4c75-9ada-c7cbd4725f43', 'eea13552-ad24-4165-bce4-f1b22776739c');
INSERT INTO art_ping.employee (id, first_name, last_name, office_id, user_id, leave_date, updated, login, email, calendar_id) VALUES ('231a2166-084a-45b7-b08c-0718eac0fdb3', 'employeeName626', 'employeeLastName626', 'a038b84b-5540-4d7e-924d-f4f0b098e887', 'fdc12938-e922-4007-8ae9-d35df73576fb', null, '2021-12-23T15:57:56.198331800', 'testUser626', 'employee626@em.com', '4fb9de68-e7b6-45af-aa38-5912b6c3a7ad');
INSERT INTO art_ping.employee_role VALUES ('21374333-5c58-482b-9eb6-6866acbb6245', '231a2166-084a-45b7-b08c-0718eac0fdb3', '992e5c70-7b14-44ae-b2fc-d0c884659841');
INSERT INTO art_ping.employee_role VALUES ('4cbd2890-0df4-4fc8-b1bf-f5504e10eedc', '231a2166-084a-45b7-b08c-0718eac0fdb3', '5b204bc5-6430-4939-aa23-17b1482c6d98');
INSERT INTO art_ping.employee_role VALUES ('7e32cecb-cfe2-4b36-8e36-865bd79814cf', '231a2166-084a-45b7-b08c-0718eac0fdb3', 'e7051ffa-0edb-4ac7-84ed-12c1d3b2b5f8');
INSERT INTO art_ping.employee_role VALUES ('dbc553b6-5ec4-49d2-a82a-0dfdc51086fa', '231a2166-084a-45b7-b08c-0718eac0fdb3', 'eea13552-ad24-4165-bce4-f1b22776739c');
INSERT INTO art_ping.employee (id, first_name, last_name, office_id, user_id, leave_date, updated, login, email, calendar_id) VALUES ('5891ad1f-befc-485c-ac2a-c8ee087db2cc', 'employeeName627', 'employeeLastName627', '5b44dfd0-97dd-42b7-8d15-3bcab60d918b', 'dcf792a9-ff99-48a6-a8e1-f77bbd2422d2', null, '2021-12-23T15:57:56.198331800', 'testUser627', 'employee627@em.com', '4f8309e8-83d1-4eaf-9912-b667ae17a8f4');
INSERT INTO art_ping.employee_role VALUES ('61c992b6-a7a1-40c5-9d68-8d2b7423ac1a', '5891ad1f-befc-485c-ac2a-c8ee087db2cc', '5b204bc5-6430-4939-aa23-17b1482c6d98');
INSERT INTO art_ping.employee_role VALUES ('729d5db9-c8c4-4fa9-8ae9-b5946e6c6bec', '5891ad1f-befc-485c-ac2a-c8ee087db2cc', '9f4932a6-c650-4cd2-9338-2eefa47aeb35');
INSERT INTO art_ping.employee_role VALUES ('2db5291c-08d3-48ea-9bc5-749ff0ba008c', '5891ad1f-befc-485c-ac2a-c8ee087db2cc', 'eea13552-ad24-4165-bce4-f1b22776739c');
INSERT INTO art_ping.employee (id, first_name, last_name, office_id, user_id, leave_date, updated, login, email, calendar_id) VALUES ('010af88c-89e4-41b4-90d2-fdd9be0641f0', 'employeeName628', 'employeeLastName628', 'b8ecfb73-a769-4299-a2a0-cbd0b8a0aa5a', '947969af-bfc2-452c-be6d-86005eb633bd', null, '2021-12-23T15:57:56.198331800', 'testUser628', 'employee628@em.com', '4780f695-b40f-41e9-9e69-fed72d1b2522');
INSERT INTO art_ping.employee_role VALUES ('d3313a0f-9000-4ef2-88d1-5806b9a9b6b1', '010af88c-89e4-41b4-90d2-fdd9be0641f0', '992e5c70-7b14-44ae-b2fc-d0c884659841');
INSERT INTO art_ping.employee_role VALUES ('b526b24e-74d1-4402-88d1-aea565c54963', '010af88c-89e4-41b4-90d2-fdd9be0641f0', '9f4932a6-c650-4cd2-9338-2eefa47aeb35');
INSERT INTO art_ping.employee_role VALUES ('8bfac41f-d098-4fe6-bf10-9c07f274d3c8', '010af88c-89e4-41b4-90d2-fdd9be0641f0', 'e7051ffa-0edb-4ac7-84ed-12c1d3b2b5f8');
INSERT INTO art_ping.employee_role VALUES ('d79dc76e-1a28-42b6-9fa6-aece0bc5a68d', '010af88c-89e4-41b4-90d2-fdd9be0641f0', 'eea13552-ad24-4165-bce4-f1b22776739c');
INSERT INTO art_ping.employee (id, first_name, last_name, office_id, user_id, leave_date, updated, login, email, calendar_id) VALUES ('6621bca0-b3a1-4a35-83bb-4f9d389b67d7', 'employeeName629', 'employeeLastName629', 'a6348771-2a1e-486c-aa67-355e25fafcec', '0d694244-3d69-45f9-9e09-ec5872927a06', null, '2021-12-23T15:57:56.198331800', 'testUser629', 'employee629@em.com', '6eab5509-7a0b-41f7-b4cc-4cba817a5a6d');
INSERT INTO art_ping.employee_role VALUES ('672229d0-31fa-4fe0-95b5-18c5f661e1cb', '6621bca0-b3a1-4a35-83bb-4f9d389b67d7', '992e5c70-7b14-44ae-b2fc-d0c884659841');
INSERT INTO art_ping.employee_role VALUES ('fcf7cc30-19fa-450e-adf8-afefe1cef937', '6621bca0-b3a1-4a35-83bb-4f9d389b67d7', 'e7051ffa-0edb-4ac7-84ed-12c1d3b2b5f8');
INSERT INTO art_ping.employee_role VALUES ('df77c5a8-84c8-4ad7-94c6-8bf60466b70d', '6621bca0-b3a1-4a35-83bb-4f9d389b67d7', 'eea13552-ad24-4165-bce4-f1b22776739c');
INSERT INTO art_ping.employee (id, first_name, last_name, office_id, user_id, leave_date, updated, login, email, calendar_id) VALUES ('c4f977b5-260c-4ec2-8d08-ef9e556cdd83', 'employeeName630', 'employeeLastName630', '75ae830a-0f5f-45ae-ab83-ea53a218d53f', 'b7ccb45e-5cbb-47de-befe-d8b8511f03e7', null, '2021-12-23T15:57:56.198331800', 'testUser630', 'employee630@em.com', 'a75f9563-6d25-4f63-9f5c-55202d6b830f');
INSERT INTO art_ping.employee_role VALUES ('0ca234f4-afa4-4713-9a55-fce680283601', 'c4f977b5-260c-4ec2-8d08-ef9e556cdd83', '5b204bc5-6430-4939-aa23-17b1482c6d98');
INSERT INTO art_ping.employee_role VALUES ('4aed6769-2371-4347-bf38-e9a6717e72a2', 'c4f977b5-260c-4ec2-8d08-ef9e556cdd83', 'eea13552-ad24-4165-bce4-f1b22776739c');
INSERT INTO art_ping.employee (id, first_name, last_name, office_id, user_id, leave_date, updated, login, email, calendar_id) VALUES ('de6113d7-ecae-4160-87a1-8fbaf7ecdb46', 'employeeName631', 'employeeLastName631', '06cb0156-67e8-42dc-9403-990eaff36385', '1958f3a9-6ca6-4cf2-a627-2e50c599abb4', null, '2021-12-23T15:57:56.198331800', 'testUser631', 'employee631@em.com', '6740ee80-af1f-4f7c-830d-0022eb5c71ff');
INSERT INTO art_ping.employee_role VALUES ('2eb18754-2046-44d8-964f-e050cab069a9', 'de6113d7-ecae-4160-87a1-8fbaf7ecdb46', '9f4932a6-c650-4cd2-9338-2eefa47aeb35');
INSERT INTO art_ping.employee_role VALUES ('5b8196c8-88cd-4b7d-8f1b-0cc233a9b35e', 'de6113d7-ecae-4160-87a1-8fbaf7ecdb46', 'e7051ffa-0edb-4ac7-84ed-12c1d3b2b5f8');
INSERT INTO art_ping.employee_role VALUES ('e4db7a96-baf2-485c-aa6d-45652e2553b3', 'de6113d7-ecae-4160-87a1-8fbaf7ecdb46', 'eea13552-ad24-4165-bce4-f1b22776739c');
INSERT INTO art_ping.employee (id, first_name, last_name, office_id, user_id, leave_date, updated, login, email, calendar_id) VALUES ('208efbc5-2ee8-4096-9dd2-202236ed1b12', 'employeeName632', 'employeeLastName632', 'dd4cf6e1-d499-4200-b884-3d0e4b2b3e27', '117a8d10-841a-4a24-8a09-aafda594d3a1', null, '2021-12-23T15:57:56.198331800', 'testUser632', 'employee632@em.com', '1a3e5cab-ecf1-4f1a-b2f2-d8a796f6110d');
INSERT INTO art_ping.employee_role VALUES ('84ab5590-f655-46b2-85f1-289219d2dca6', '208efbc5-2ee8-4096-9dd2-202236ed1b12', '5b204bc5-6430-4939-aa23-17b1482c6d98');
INSERT INTO art_ping.employee_role VALUES ('dd2415ee-c346-4b9a-aa9b-dc851c743309', '208efbc5-2ee8-4096-9dd2-202236ed1b12', '9f4932a6-c650-4cd2-9338-2eefa47aeb35');
INSERT INTO art_ping.employee_role VALUES ('e78c9688-6079-417d-b11d-743c473270b3', '208efbc5-2ee8-4096-9dd2-202236ed1b12', 'eea13552-ad24-4165-bce4-f1b22776739c');
INSERT INTO art_ping.employee (id, first_name, last_name, office_id, user_id, leave_date, updated, login, email, calendar_id) VALUES ('bfbe4175-7044-46a9-ae15-90521c2a1621', 'employeeName633', 'employeeLastName633', '565edd6a-7af8-4f02-a54a-05068ba22c2a', 'dfa98e87-8f05-4bb0-881f-4e000210c5e8', null, '2021-12-23T15:57:56.198331800', 'testUser633', 'employee633@em.com', 'f85b781d-f893-42df-9968-5685647133ee');
INSERT INTO art_ping.employee_role VALUES ('524e8589-f44d-4a70-a94a-e19049b635cf', 'bfbe4175-7044-46a9-ae15-90521c2a1621', '992e5c70-7b14-44ae-b2fc-d0c884659841');
INSERT INTO art_ping.employee_role VALUES ('40a52b5a-4dd0-4c25-b548-0003e6d3501a', 'bfbe4175-7044-46a9-ae15-90521c2a1621', '5b204bc5-6430-4939-aa23-17b1482c6d98');
INSERT INTO art_ping.employee_role VALUES ('a854d612-20db-4f5b-81c9-0a7ecab7970e', 'bfbe4175-7044-46a9-ae15-90521c2a1621', '9f4932a6-c650-4cd2-9338-2eefa47aeb35');
INSERT INTO art_ping.employee_role VALUES ('42863552-556f-4137-95b9-f7846b994ca6', 'bfbe4175-7044-46a9-ae15-90521c2a1621', 'eea13552-ad24-4165-bce4-f1b22776739c');
INSERT INTO art_ping.employee (id, first_name, last_name, office_id, user_id, leave_date, updated, login, email, calendar_id) VALUES ('b70cb7b9-8833-4606-8d56-867a01e2c56c', 'employeeName634', 'employeeLastName634', '01efbb9f-ce39-452b-934d-7126d7938613', '6e0f49e8-132c-4677-8aec-d603e48b0804', null, '2021-12-23T15:57:56.198331800', 'testUser634', 'employee634@em.com', 'd31f9382-b96d-477a-9079-9453e36b1b8d');
INSERT INTO art_ping.employee_role VALUES ('6285d907-7c45-47d2-b15b-ccfc52437318', 'b70cb7b9-8833-4606-8d56-867a01e2c56c', '5b204bc5-6430-4939-aa23-17b1482c6d98');
INSERT INTO art_ping.employee_role VALUES ('a43591ab-e505-486f-9d92-ace6006b5691', 'b70cb7b9-8833-4606-8d56-867a01e2c56c', 'e7051ffa-0edb-4ac7-84ed-12c1d3b2b5f8');
INSERT INTO art_ping.employee_role VALUES ('51b6789c-ee62-4537-b7ec-33d054b9b1df', 'b70cb7b9-8833-4606-8d56-867a01e2c56c', 'eea13552-ad24-4165-bce4-f1b22776739c');
INSERT INTO art_ping.employee (id, first_name, last_name, office_id, user_id, leave_date, updated, login, email, calendar_id) VALUES ('40d2a24a-edc8-46b7-ad6d-c36ca3b9007f', 'employeeName635', 'employeeLastName635', 'a57b5b1b-0892-4283-a16a-db0edeb6c8c7', '5e6b852b-1b73-4344-880e-ed95cf48377a', null, '2021-12-23T15:57:56.198331800', 'testUser635', 'employee635@em.com', '1efce7ca-fc5b-4e84-ab9b-e1eb6771660f');
INSERT INTO art_ping.employee_role VALUES ('cdd496cc-852f-4209-ac36-6106d13becfc', '40d2a24a-edc8-46b7-ad6d-c36ca3b9007f', '992e5c70-7b14-44ae-b2fc-d0c884659841');
INSERT INTO art_ping.employee_role VALUES ('4ea1271f-d9b9-4094-837a-a7da9696c708', '40d2a24a-edc8-46b7-ad6d-c36ca3b9007f', '5b204bc5-6430-4939-aa23-17b1482c6d98');
INSERT INTO art_ping.employee_role VALUES ('fe1994a9-135d-490c-aed1-7f805920a461', '40d2a24a-edc8-46b7-ad6d-c36ca3b9007f', '9f4932a6-c650-4cd2-9338-2eefa47aeb35');
INSERT INTO art_ping.employee_role VALUES ('abe392d9-6195-4db9-8641-4b1e15e08938', '40d2a24a-edc8-46b7-ad6d-c36ca3b9007f', 'e7051ffa-0edb-4ac7-84ed-12c1d3b2b5f8');
INSERT INTO art_ping.employee_role VALUES ('4f566ea8-e207-410a-9d3e-19ee494e6402', '40d2a24a-edc8-46b7-ad6d-c36ca3b9007f', 'eea13552-ad24-4165-bce4-f1b22776739c');
INSERT INTO art_ping.employee (id, first_name, last_name, office_id, user_id, leave_date, updated, login, email, calendar_id) VALUES ('b76f35f1-09f9-4e88-bdb3-53613fca1770', 'employeeName636', 'employeeLastName636', '5d88860e-031e-4d3b-9d5b-c1856814135d', '9bcb8c37-57bb-400c-a9e3-4e1aba093f5a', null, '2021-12-23T15:57:56.198331800', 'testUser636', 'employee636@em.com', '43c5a337-ec92-4fc9-955e-599163eab623');
INSERT INTO art_ping.employee_role VALUES ('03109413-6981-41e1-9a44-438e2bf214d4', 'b76f35f1-09f9-4e88-bdb3-53613fca1770', 'e7051ffa-0edb-4ac7-84ed-12c1d3b2b5f8');
INSERT INTO art_ping.employee_role VALUES ('71688800-99c1-4159-9a10-113cc9bc75f9', 'b76f35f1-09f9-4e88-bdb3-53613fca1770', 'eea13552-ad24-4165-bce4-f1b22776739c');
INSERT INTO art_ping.employee (id, first_name, last_name, office_id, user_id, leave_date, updated, login, email, calendar_id) VALUES ('df1ea017-7893-474e-8b65-fe38cbadedcf', 'employeeName637', 'employeeLastName637', 'b5d0b47d-e6fa-4802-adb9-a7ca498ccc1a', 'b7e54aee-9051-453f-a7d0-6789c16edcd9', null, '2021-12-23T15:57:56.198331800', 'testUser637', 'employee637@em.com', '8d334fa6-c85d-4b3d-b6ed-68e7e0b4c937');
INSERT INTO art_ping.employee_role VALUES ('a3ec3ac0-84a9-497d-b040-bb9e48650ad2', 'df1ea017-7893-474e-8b65-fe38cbadedcf', '9f4932a6-c650-4cd2-9338-2eefa47aeb35');
INSERT INTO art_ping.employee_role VALUES ('77b08b52-4e6b-46f7-bf28-063a02b6c9c1', 'df1ea017-7893-474e-8b65-fe38cbadedcf', 'eea13552-ad24-4165-bce4-f1b22776739c');
INSERT INTO art_ping.employee (id, first_name, last_name, office_id, user_id, leave_date, updated, login, email, calendar_id) VALUES ('3400cb43-b4af-4210-8419-dabf67659cd7', 'employeeName638', 'employeeLastName638', 'a9365a07-b379-4ce2-b419-cc22ad4c4e86', 'd14f9830-b349-436e-b407-adea239f8d8a', null, '2021-12-23T15:57:56.198331800', 'testUser638', 'employee638@em.com', '5a3150d1-0daf-45c3-81b2-90d6309551af');
INSERT INTO art_ping.employee_role VALUES ('eebcabd4-1509-4d15-b50c-1a7de2b86ded', '3400cb43-b4af-4210-8419-dabf67659cd7', '992e5c70-7b14-44ae-b2fc-d0c884659841');
INSERT INTO art_ping.employee_role VALUES ('7685e62a-4610-4dc3-8d7c-f04f9387c3b2', '3400cb43-b4af-4210-8419-dabf67659cd7', 'e7051ffa-0edb-4ac7-84ed-12c1d3b2b5f8');
INSERT INTO art_ping.employee_role VALUES ('3a8cd1bb-534a-4f9f-8941-7670e8061ee9', '3400cb43-b4af-4210-8419-dabf67659cd7', 'eea13552-ad24-4165-bce4-f1b22776739c');
INSERT INTO art_ping.employee (id, first_name, last_name, office_id, user_id, leave_date, updated, login, email, calendar_id) VALUES ('fe1d5557-c995-4cc6-8a60-5d8bd0b2bdde', 'employeeName639', 'employeeLastName639', '0f190ae3-9eaa-4d06-b5ed-bc08fc486e77', 'f2fffb68-4b80-4832-8966-bb0ccd974946', null, '2021-12-23T15:57:56.198331800', 'testUser639', 'employee639@em.com', 'b2e5aa59-05c9-4c12-9328-18bce88ee49a');
INSERT INTO art_ping.employee_role VALUES ('643955b7-a63c-4db7-b3b3-ff246d394bef', 'fe1d5557-c995-4cc6-8a60-5d8bd0b2bdde', '5b204bc5-6430-4939-aa23-17b1482c6d98');
INSERT INTO art_ping.employee_role VALUES ('d2cf17c9-a04e-475e-adb8-1ff741cc30bb', 'fe1d5557-c995-4cc6-8a60-5d8bd0b2bdde', 'e7051ffa-0edb-4ac7-84ed-12c1d3b2b5f8');
INSERT INTO art_ping.employee_role VALUES ('ec63c04f-914d-4cac-a68f-b3382d3e4e0d', 'fe1d5557-c995-4cc6-8a60-5d8bd0b2bdde', 'eea13552-ad24-4165-bce4-f1b22776739c');
INSERT INTO art_ping.employee (id, first_name, last_name, office_id, user_id, leave_date, updated, login, email, calendar_id) VALUES ('340e28f5-0850-4a89-8eae-babef720395f', 'employeeName640', 'employeeLastName640', '6ddb3d3e-4058-449d-b442-86e191f62c95', '6f89dd45-ef18-4907-a367-87b70a5d069a', null, '2021-12-23T15:57:56.198331800', 'testUser640', 'employee640@em.com', '83fb83f4-7544-4f51-993a-47cabe040e5c');
INSERT INTO art_ping.employee_role VALUES ('64971538-9d0a-4d3a-bf75-cab7d4cdb412', '340e28f5-0850-4a89-8eae-babef720395f', '5b204bc5-6430-4939-aa23-17b1482c6d98');
INSERT INTO art_ping.employee_role VALUES ('d1a5e8bd-8129-4cfa-b383-eab139ae4c2d', '340e28f5-0850-4a89-8eae-babef720395f', 'eea13552-ad24-4165-bce4-f1b22776739c');
INSERT INTO art_ping.employee (id, first_name, last_name, office_id, user_id, leave_date, updated, login, email, calendar_id) VALUES ('ef7966d0-b3aa-4f46-a659-7441d0f1c60f', 'employeeName641', 'employeeLastName641', 'dd4cf6e1-d499-4200-b884-3d0e4b2b3e27', '6400f567-145b-4538-a4bc-9523d36f25ec', null, '2021-12-23T15:57:56.198331800', 'testUser641', 'employee641@em.com', '1a3e5cab-ecf1-4f1a-b2f2-d8a796f6110d');
INSERT INTO art_ping.employee_role VALUES ('ed0562c3-6faa-44fe-88a1-56a321630c0f', 'ef7966d0-b3aa-4f46-a659-7441d0f1c60f', 'eea13552-ad24-4165-bce4-f1b22776739c');
INSERT INTO art_ping.employee (id, first_name, last_name, office_id, user_id, leave_date, updated, login, email, calendar_id) VALUES ('5fca0cc8-1e0c-4817-9607-8cccf8d8c202', 'employeeName642', 'employeeLastName642', '2e4bfc09-2d7a-419e-9651-64c1d7dd8a0d', '41ee0f7e-8655-4569-9084-22ffe3432680', null, '2021-12-23T15:57:56.198331800', 'testUser642', 'employee642@em.com', 'fc205b82-2a93-4ea6-87ec-587b082bc0f5');
INSERT INTO art_ping.employee_role VALUES ('be617d39-073e-4288-b24c-1d6d49f5e30d', '5fca0cc8-1e0c-4817-9607-8cccf8d8c202', '5b204bc5-6430-4939-aa23-17b1482c6d98');
INSERT INTO art_ping.employee_role VALUES ('e45962b6-9296-46ca-86aa-bec9b448d499', '5fca0cc8-1e0c-4817-9607-8cccf8d8c202', 'eea13552-ad24-4165-bce4-f1b22776739c');
INSERT INTO art_ping.employee (id, first_name, last_name, office_id, user_id, leave_date, updated, login, email, calendar_id) VALUES ('dbd21d63-aa76-4583-883f-ce6246f7aa59', 'employeeName643', 'employeeLastName643', '1bfe1a0d-69dd-4b7d-b5e7-4596182226d0', '8ffcb4f0-5813-4d7a-999f-67cec24f317d', null, '2021-12-23T15:57:56.198331800', 'testUser643', 'employee643@em.com', '7adf3ff0-be1c-46b4-831a-11f4faf1b392');
INSERT INTO art_ping.employee_role VALUES ('51f0f4d1-d186-4185-bfbd-305f18997e00', 'dbd21d63-aa76-4583-883f-ce6246f7aa59', '992e5c70-7b14-44ae-b2fc-d0c884659841');
INSERT INTO art_ping.employee_role VALUES ('43f1ddda-99f1-4db1-bd48-8f9943327061', 'dbd21d63-aa76-4583-883f-ce6246f7aa59', '9f4932a6-c650-4cd2-9338-2eefa47aeb35');
INSERT INTO art_ping.employee_role VALUES ('5e28bc43-9d3c-44cd-bee5-3965728a2ad0', 'dbd21d63-aa76-4583-883f-ce6246f7aa59', 'e7051ffa-0edb-4ac7-84ed-12c1d3b2b5f8');
INSERT INTO art_ping.employee_role VALUES ('37ec9b33-66e2-4bb8-96ae-45dee2121545', 'dbd21d63-aa76-4583-883f-ce6246f7aa59', 'eea13552-ad24-4165-bce4-f1b22776739c');
INSERT INTO art_ping.employee (id, first_name, last_name, office_id, user_id, leave_date, updated, login, email, calendar_id) VALUES ('28e651f7-f623-4b66-9015-759ca6dec68a', 'employeeName644', 'employeeLastName644', 'eecd6606-f488-4fed-bc31-0924d4ede1b7', '1cb998d7-1cc4-4d4a-a50c-f9a36750121c', null, '2021-12-23T15:57:56.198331800', 'testUser644', 'employee644@em.com', '67246d3f-8701-4c01-8736-41cff0bbc062');
INSERT INTO art_ping.employee_role VALUES ('6e133d66-5e11-4884-aaf2-2f9a5319c847', '28e651f7-f623-4b66-9015-759ca6dec68a', '9f4932a6-c650-4cd2-9338-2eefa47aeb35');
INSERT INTO art_ping.employee_role VALUES ('34ff22b9-7515-4e5d-8ece-2932ff86afe4', '28e651f7-f623-4b66-9015-759ca6dec68a', 'e7051ffa-0edb-4ac7-84ed-12c1d3b2b5f8');
INSERT INTO art_ping.employee_role VALUES ('01a83359-e75b-4096-9d03-4a44b8f69c4d', '28e651f7-f623-4b66-9015-759ca6dec68a', 'eea13552-ad24-4165-bce4-f1b22776739c');
INSERT INTO art_ping.employee (id, first_name, last_name, office_id, user_id, leave_date, updated, login, email, calendar_id) VALUES ('bc438fea-080a-4eda-86f8-fa420336a002', 'employeeName645', 'employeeLastName645', '81e49bb0-54db-4824-95ef-7122914d5db9', '398bea2f-0411-4ba0-8046-151d3410bd36', null, '2021-12-23T15:57:56.198331800', 'testUser645', 'employee645@em.com', '5d0fe03f-ed10-4373-bb72-2206c079ab4d');
INSERT INTO art_ping.employee_role VALUES ('f8235c4c-b31f-468f-97fb-2b2461aa4dc3', 'bc438fea-080a-4eda-86f8-fa420336a002', '5b204bc5-6430-4939-aa23-17b1482c6d98');
INSERT INTO art_ping.employee_role VALUES ('82f030ce-4b55-4e5c-9f1a-5b4b57f1d034', 'bc438fea-080a-4eda-86f8-fa420336a002', 'e7051ffa-0edb-4ac7-84ed-12c1d3b2b5f8');
INSERT INTO art_ping.employee_role VALUES ('c374735a-2169-410f-9c81-b7154eede6e9', 'bc438fea-080a-4eda-86f8-fa420336a002', 'eea13552-ad24-4165-bce4-f1b22776739c');
INSERT INTO art_ping.employee (id, first_name, last_name, office_id, user_id, leave_date, updated, login, email, calendar_id) VALUES ('59e525b6-4559-41ed-a074-2ee8a12e7750', 'employeeName646', 'employeeLastName646', 'dc89e283-5622-4ba7-8daf-6f59dad40c0e', '7b1a7462-7e3a-4b1c-9459-65c857fad0d9', null, '2021-12-23T15:57:56.198331800', 'testUser646', 'employee646@em.com', 'eca3e110-990e-41b7-ba9d-a62f8a56a4f3');
INSERT INTO art_ping.employee_role VALUES ('25646b78-f668-4c09-8386-97e6059f7c31', '59e525b6-4559-41ed-a074-2ee8a12e7750', '5b204bc5-6430-4939-aa23-17b1482c6d98');
INSERT INTO art_ping.employee_role VALUES ('2ba09901-eca2-463c-beed-691a91d1f611', '59e525b6-4559-41ed-a074-2ee8a12e7750', '9f4932a6-c650-4cd2-9338-2eefa47aeb35');
INSERT INTO art_ping.employee_role VALUES ('af6eb0d9-37b7-4205-b7bb-a861b841469b', '59e525b6-4559-41ed-a074-2ee8a12e7750', 'eea13552-ad24-4165-bce4-f1b22776739c');
INSERT INTO art_ping.employee (id, first_name, last_name, office_id, user_id, leave_date, updated, login, email, calendar_id) VALUES ('7d219817-34c8-4f18-a496-36979da27863', 'employeeName647', 'employeeLastName647', '7ce4c0d9-0faa-46ea-9023-7428d7ab922b', '5103b0db-a1f3-4ba0-85b2-cd12a3c9a2e0', null, '2021-12-23T15:57:56.198331800', 'testUser647', 'employee647@em.com', 'ece84e5d-f32a-4165-aaeb-9c7fcf4ad087');
INSERT INTO art_ping.employee_role VALUES ('67f87aa0-6563-482a-b795-a1d8267b266a', '7d219817-34c8-4f18-a496-36979da27863', '992e5c70-7b14-44ae-b2fc-d0c884659841');
INSERT INTO art_ping.employee_role VALUES ('cfad96db-0091-4ebf-8d0d-8bfbb1b14dcc', '7d219817-34c8-4f18-a496-36979da27863', '5b204bc5-6430-4939-aa23-17b1482c6d98');
INSERT INTO art_ping.employee_role VALUES ('321d54f8-d2b3-4fc9-bb0f-457831694923', '7d219817-34c8-4f18-a496-36979da27863', 'e7051ffa-0edb-4ac7-84ed-12c1d3b2b5f8');
INSERT INTO art_ping.employee_role VALUES ('6adf3e8b-632d-4f28-a412-66d86c8bcff5', '7d219817-34c8-4f18-a496-36979da27863', 'eea13552-ad24-4165-bce4-f1b22776739c');
INSERT INTO art_ping.employee (id, first_name, last_name, office_id, user_id, leave_date, updated, login, email, calendar_id) VALUES ('3e34d834-dd3d-46a3-943b-d2c271e9ce02', 'employeeName648', 'employeeLastName648', 'b57414d1-26be-4b0a-843b-cb4f3ede54bc', '540040f1-26e6-496c-a8ff-d7a2638ee3f5', null, '2021-12-23T15:57:56.198331800', 'testUser648', 'employee648@em.com', '5e882683-de03-498b-99f7-8e12bc3ec1cb');
INSERT INTO art_ping.employee_role VALUES ('143be733-60aa-4e54-bcfc-dc94b5f9aca9', '3e34d834-dd3d-46a3-943b-d2c271e9ce02', '992e5c70-7b14-44ae-b2fc-d0c884659841');
INSERT INTO art_ping.employee_role VALUES ('553b517c-6ed4-4587-9316-9dec9529bab2', '3e34d834-dd3d-46a3-943b-d2c271e9ce02', '5b204bc5-6430-4939-aa23-17b1482c6d98');
INSERT INTO art_ping.employee_role VALUES ('1086c2c6-3f3b-4368-b8cf-17ab86873d4d', '3e34d834-dd3d-46a3-943b-d2c271e9ce02', 'eea13552-ad24-4165-bce4-f1b22776739c');
INSERT INTO art_ping.employee (id, first_name, last_name, office_id, user_id, leave_date, updated, login, email, calendar_id) VALUES ('0c321c7c-ad6b-4be0-807a-b65820c807ac', 'employeeName649', 'employeeLastName649', '7645e1bc-aa8d-40db-b973-1f41417e07b7', '5e86fd4a-e336-4096-9399-051247e23d27', null, '2021-12-23T15:57:56.198331800', 'testUser649', 'employee649@em.com', '8d334fa6-c85d-4b3d-b6ed-68e7e0b4c937');
INSERT INTO art_ping.employee_role VALUES ('0593c62a-577f-4c7e-ad7a-284a2dda6dce', '0c321c7c-ad6b-4be0-807a-b65820c807ac', '992e5c70-7b14-44ae-b2fc-d0c884659841');
INSERT INTO art_ping.employee_role VALUES ('af141adc-b2eb-46f8-b9ed-a9b3b1627200', '0c321c7c-ad6b-4be0-807a-b65820c807ac', '9f4932a6-c650-4cd2-9338-2eefa47aeb35');
INSERT INTO art_ping.employee_role VALUES ('0cc3c41f-9f0f-417f-917b-e705463f7238', '0c321c7c-ad6b-4be0-807a-b65820c807ac', 'e7051ffa-0edb-4ac7-84ed-12c1d3b2b5f8');
INSERT INTO art_ping.employee_role VALUES ('87325a4b-252e-4ef9-bd48-d40d45498136', '0c321c7c-ad6b-4be0-807a-b65820c807ac', 'eea13552-ad24-4165-bce4-f1b22776739c');
INSERT INTO art_ping.employee (id, first_name, last_name, office_id, user_id, leave_date, updated, login, email, calendar_id) VALUES ('18b42934-149a-4696-9c71-76c8ce5b59d5', 'employeeName650', 'employeeLastName650', '96589e22-51f3-465e-a187-3ea688622fc4', '2327bfe7-9c53-4b2a-be18-066232986402', null, '2021-12-23T15:57:56.198331800', 'testUser650', 'employee650@em.com', '72be929c-8187-459f-a698-1a08fa9a158b');
INSERT INTO art_ping.employee_role VALUES ('12baeece-6b58-46f8-8c0c-39b938d1a5be', '18b42934-149a-4696-9c71-76c8ce5b59d5', '992e5c70-7b14-44ae-b2fc-d0c884659841');
INSERT INTO art_ping.employee_role VALUES ('960c20f0-fc57-4426-a16e-9580557c0d37', '18b42934-149a-4696-9c71-76c8ce5b59d5', '5b204bc5-6430-4939-aa23-17b1482c6d98');
INSERT INTO art_ping.employee_role VALUES ('df936f68-d3b2-42a5-87b2-4424e47188a9', '18b42934-149a-4696-9c71-76c8ce5b59d5', '9f4932a6-c650-4cd2-9338-2eefa47aeb35');
INSERT INTO art_ping.employee_role VALUES ('923b1b6a-c41c-440b-8991-d5e30f57931a', '18b42934-149a-4696-9c71-76c8ce5b59d5', 'e7051ffa-0edb-4ac7-84ed-12c1d3b2b5f8');
INSERT INTO art_ping.employee_role VALUES ('c79c199d-cff5-486e-aa5e-992cef6c414f', '18b42934-149a-4696-9c71-76c8ce5b59d5', 'eea13552-ad24-4165-bce4-f1b22776739c');
INSERT INTO art_ping.employee (id, first_name, last_name, office_id, user_id, leave_date, updated, login, email, calendar_id) VALUES ('efeedefd-d565-4b54-8acd-03ccf746e125', 'employeeName651', 'employeeLastName651', 'd6e3748b-fa18-483c-b001-e8cd88140fc3', 'fc4fda0f-a6b6-4c60-8712-c63755d49add', null, '2021-12-23T15:57:56.198331800', 'testUser651', 'employee651@em.com', 'ca70c6d6-f9ce-4038-82f0-9962fb960763');
INSERT INTO art_ping.employee_role VALUES ('1361689a-843a-4fc0-9caf-7433d4255bb0', 'efeedefd-d565-4b54-8acd-03ccf746e125', '9f4932a6-c650-4cd2-9338-2eefa47aeb35');
INSERT INTO art_ping.employee_role VALUES ('d06af57a-3b2b-456d-9dc7-9b37588177ec', 'efeedefd-d565-4b54-8acd-03ccf746e125', 'e7051ffa-0edb-4ac7-84ed-12c1d3b2b5f8');
INSERT INTO art_ping.employee_role VALUES ('216de413-d1ad-4734-bca5-ad16d9b70a64', 'efeedefd-d565-4b54-8acd-03ccf746e125', 'eea13552-ad24-4165-bce4-f1b22776739c');
INSERT INTO art_ping.employee (id, first_name, last_name, office_id, user_id, leave_date, updated, login, email, calendar_id) VALUES ('c3d31b90-35c6-4f34-9aee-f18f79980ade', 'employeeName652', 'employeeLastName652', '833ab0c4-af02-4d67-a0ab-7870bcdc7a4b', '4e804cbe-5bdc-488f-911d-2d66c6429b0e', null, '2021-12-23T15:57:56.198331800', 'testUser652', 'employee652@em.com', 'ece84e5d-f32a-4165-aaeb-9c7fcf4ad087');
INSERT INTO art_ping.employee_role VALUES ('e715a6cd-9fb3-47ac-895c-665b9f39c8e9', 'c3d31b90-35c6-4f34-9aee-f18f79980ade', '5b204bc5-6430-4939-aa23-17b1482c6d98');
INSERT INTO art_ping.employee_role VALUES ('6f5917d8-27d8-4e9d-ade8-1bc84b7ce26c', 'c3d31b90-35c6-4f34-9aee-f18f79980ade', '9f4932a6-c650-4cd2-9338-2eefa47aeb35');
INSERT INTO art_ping.employee_role VALUES ('25106d6b-fa71-4335-9f0c-aa9445b5375d', 'c3d31b90-35c6-4f34-9aee-f18f79980ade', 'eea13552-ad24-4165-bce4-f1b22776739c');
INSERT INTO art_ping.employee (id, first_name, last_name, office_id, user_id, leave_date, updated, login, email, calendar_id) VALUES ('0a3b8e15-0aa8-4fce-ba52-a3b788c5ba3f', 'employeeName653', 'employeeLastName653', '8b70a73f-b3a4-4127-897d-cad5f786246d', 'b7c3aaf1-d778-4742-9136-2767cde9c9cd', null, '2021-12-23T15:57:56.198331800', 'testUser653', 'employee653@em.com', '4f8309e8-83d1-4eaf-9912-b667ae17a8f4');
INSERT INTO art_ping.employee_role VALUES ('47ec382b-16e6-418f-ba22-608a7752fd9c', '0a3b8e15-0aa8-4fce-ba52-a3b788c5ba3f', 'e7051ffa-0edb-4ac7-84ed-12c1d3b2b5f8');
INSERT INTO art_ping.employee_role VALUES ('4ee76a79-7404-4d53-9a31-2e59b16c84b1', '0a3b8e15-0aa8-4fce-ba52-a3b788c5ba3f', 'eea13552-ad24-4165-bce4-f1b22776739c');
INSERT INTO art_ping.employee (id, first_name, last_name, office_id, user_id, leave_date, updated, login, email, calendar_id) VALUES ('c446f2da-0723-44a3-a07c-dfe281f27a04', 'employeeName654', 'employeeLastName654', '75f0e1e8-c621-4920-aac6-4e317ba2cee2', '2ab0368f-b0cb-41c6-a0af-3fb05738edb5', null, '2021-12-23T15:57:56.198331800', 'testUser654', 'employee654@em.com', 'ad61be45-0c7f-4c95-be8b-608340beb8ee');
INSERT INTO art_ping.employee_role VALUES ('ce32cd61-1d8a-4a0b-8a79-f39fa3385ef2', 'c446f2da-0723-44a3-a07c-dfe281f27a04', '992e5c70-7b14-44ae-b2fc-d0c884659841');
INSERT INTO art_ping.employee_role VALUES ('7e360e5b-7baa-452a-a2f3-af3570a69c74', 'c446f2da-0723-44a3-a07c-dfe281f27a04', '5b204bc5-6430-4939-aa23-17b1482c6d98');
INSERT INTO art_ping.employee_role VALUES ('e2ccd893-155c-4bd8-86bd-8309a1d54a42', 'c446f2da-0723-44a3-a07c-dfe281f27a04', 'eea13552-ad24-4165-bce4-f1b22776739c');
INSERT INTO art_ping.employee (id, first_name, last_name, office_id, user_id, leave_date, updated, login, email, calendar_id) VALUES ('48d4ffc3-a456-41c2-9923-82289f2b4e86', 'employeeName655', 'employeeLastName655', '65d5bd29-e502-4e42-a272-cdff00b41c2c', '7d5f1e63-9801-406b-b52c-58b0d998df3e', null, '2021-12-23T15:57:56.198331800', 'testUser655', 'employee655@em.com', '0698bb6d-7505-49ea-99c4-f4d66e57172b');
INSERT INTO art_ping.employee_role VALUES ('a62880a1-c078-464c-b4d8-ff4a0ea7ee29', '48d4ffc3-a456-41c2-9923-82289f2b4e86', '5b204bc5-6430-4939-aa23-17b1482c6d98');
INSERT INTO art_ping.employee_role VALUES ('35883e0d-995b-4581-a3a2-b781e13c9b06', '48d4ffc3-a456-41c2-9923-82289f2b4e86', 'eea13552-ad24-4165-bce4-f1b22776739c');
INSERT INTO art_ping.employee (id, first_name, last_name, office_id, user_id, leave_date, updated, login, email, calendar_id) VALUES ('d674ff13-5a99-46e3-81cc-8147d08e9c8a', 'employeeName656', 'employeeLastName656', '25ab10e7-b677-4367-9b6a-0beef5826c17', '0cd54bf4-8505-4daa-a2de-84e285d52c38', null, '2021-12-23T15:57:56.198331800', 'testUser656', 'employee656@em.com', 'ece84e5d-f32a-4165-aaeb-9c7fcf4ad087');
INSERT INTO art_ping.employee_role VALUES ('e7af293e-e58e-4d77-9b26-f1ce41a9823f', 'd674ff13-5a99-46e3-81cc-8147d08e9c8a', '9f4932a6-c650-4cd2-9338-2eefa47aeb35');
INSERT INTO art_ping.employee_role VALUES ('db6631c0-1c30-4609-a56d-7561f498dd1c', 'd674ff13-5a99-46e3-81cc-8147d08e9c8a', 'eea13552-ad24-4165-bce4-f1b22776739c');
INSERT INTO art_ping.employee (id, first_name, last_name, office_id, user_id, leave_date, updated, login, email, calendar_id) VALUES ('8826f860-dee3-4947-b021-60be37d05d15', 'employeeName657', 'employeeLastName657', 'd1a9a1fd-f7f8-4089-a751-a28151a96eb2', 'c88c0d17-592f-43d8-98c7-ace7712de64c', null, '2021-12-23T15:57:56.198331800', 'testUser657', 'employee657@em.com', 'bf441199-ac71-46e6-966f-13b0db15c311');
INSERT INTO art_ping.employee_role VALUES ('952c9e10-4d51-42f9-a279-9e3e1ce2b302', '8826f860-dee3-4947-b021-60be37d05d15', '992e5c70-7b14-44ae-b2fc-d0c884659841');
INSERT INTO art_ping.employee_role VALUES ('d53584a7-1f59-45d2-8747-2ad0d6a5c871', '8826f860-dee3-4947-b021-60be37d05d15', 'eea13552-ad24-4165-bce4-f1b22776739c');
INSERT INTO art_ping.employee (id, first_name, last_name, office_id, user_id, leave_date, updated, login, email, calendar_id) VALUES ('b43ed1de-1c6f-425c-aa24-f141c753bd1e', 'employeeName658', 'employeeLastName658', '6d157e58-182c-481d-a532-6a67a767eef4', 'a6de5e0d-869b-4895-8433-8290c8355f90', null, '2021-12-23T15:57:56.198331800', 'testUser658', 'employee658@em.com', 'b2e5aa59-05c9-4c12-9328-18bce88ee49a');
INSERT INTO art_ping.employee_role VALUES ('3719d968-04f1-4e09-a37b-43fae135e8cb', 'b43ed1de-1c6f-425c-aa24-f141c753bd1e', '992e5c70-7b14-44ae-b2fc-d0c884659841');
INSERT INTO art_ping.employee_role VALUES ('1d4b8468-9fcc-41df-9616-9c634750dfe5', 'b43ed1de-1c6f-425c-aa24-f141c753bd1e', '5b204bc5-6430-4939-aa23-17b1482c6d98');
INSERT INTO art_ping.employee_role VALUES ('486d9141-1418-416e-a818-64a27e470859', 'b43ed1de-1c6f-425c-aa24-f141c753bd1e', '9f4932a6-c650-4cd2-9338-2eefa47aeb35');
INSERT INTO art_ping.employee_role VALUES ('f3f986a0-3003-4444-a299-575bb7ebbd89', 'b43ed1de-1c6f-425c-aa24-f141c753bd1e', 'eea13552-ad24-4165-bce4-f1b22776739c');
INSERT INTO art_ping.employee (id, first_name, last_name, office_id, user_id, leave_date, updated, login, email, calendar_id) VALUES ('88067125-6783-4a5e-8729-2743268ad8b8', 'employeeName659', 'employeeLastName659', '6b0dc313-a4e3-459b-af6f-c13d4471c1d0', '115f9b2d-57a7-45e6-ab95-889c92f0b881', null, '2021-12-23T15:57:56.198331800', 'testUser659', 'employee659@em.com', '29489e16-430c-414f-9fc9-1ba60487d240');
INSERT INTO art_ping.employee_role VALUES ('5e9c008c-956a-4568-ad63-c35cfab795d4', '88067125-6783-4a5e-8729-2743268ad8b8', '9f4932a6-c650-4cd2-9338-2eefa47aeb35');
INSERT INTO art_ping.employee_role VALUES ('62587d9e-e748-4144-86e1-edaf98fd8e41', '88067125-6783-4a5e-8729-2743268ad8b8', 'eea13552-ad24-4165-bce4-f1b22776739c');
INSERT INTO art_ping.employee (id, first_name, last_name, office_id, user_id, leave_date, updated, login, email, calendar_id) VALUES ('be6f4617-ce18-4149-b2ff-d1d325b8c6dc', 'employeeName660', 'employeeLastName660', '7f104fc3-cb0d-4989-a397-74c2edfd0bdc', '47b7ad0f-d804-43f0-a866-27e3ca13f2b2', null, '2021-12-23T15:57:56.198331800', 'testUser660', 'employee660@em.com', 'a1c18b37-669c-4ad4-80f8-daa8d99c24d9');
INSERT INTO art_ping.employee_role VALUES ('158b093d-5bbd-489b-8a61-b24c23bc1031', 'be6f4617-ce18-4149-b2ff-d1d325b8c6dc', '992e5c70-7b14-44ae-b2fc-d0c884659841');
INSERT INTO art_ping.employee_role VALUES ('2b66d225-ac13-4bc5-8583-10fc96c2d9df', 'be6f4617-ce18-4149-b2ff-d1d325b8c6dc', '5b204bc5-6430-4939-aa23-17b1482c6d98');
INSERT INTO art_ping.employee_role VALUES ('15a5bfde-ce10-4266-9c70-10790500dd27', 'be6f4617-ce18-4149-b2ff-d1d325b8c6dc', 'e7051ffa-0edb-4ac7-84ed-12c1d3b2b5f8');
INSERT INTO art_ping.employee_role VALUES ('027aed9c-e32a-401d-a5d3-897346c64379', 'be6f4617-ce18-4149-b2ff-d1d325b8c6dc', 'eea13552-ad24-4165-bce4-f1b22776739c');
INSERT INTO art_ping.employee (id, first_name, last_name, office_id, user_id, leave_date, updated, login, email, calendar_id) VALUES ('31f7f66a-2a9a-4a53-8786-588f3c37f782', 'employeeName661', 'employeeLastName661', 'aaf860f0-5e92-4402-b1e5-3189959dfa93', '21760a2f-974a-40e6-b1b6-f3a07fc55054', null, '2021-12-23T15:57:56.199331600', 'testUser661', 'employee661@em.com', '4f8309e8-83d1-4eaf-9912-b667ae17a8f4');
INSERT INTO art_ping.employee_role VALUES ('201b7ef3-678e-45f9-b294-28fa2de747f1', '31f7f66a-2a9a-4a53-8786-588f3c37f782', '5b204bc5-6430-4939-aa23-17b1482c6d98');
INSERT INTO art_ping.employee_role VALUES ('586a2e6b-cef6-41ba-aa19-9175e0f448e8', '31f7f66a-2a9a-4a53-8786-588f3c37f782', '9f4932a6-c650-4cd2-9338-2eefa47aeb35');
INSERT INTO art_ping.employee_role VALUES ('2eaefb74-ff7d-435c-9400-b860a8e20824', '31f7f66a-2a9a-4a53-8786-588f3c37f782', 'eea13552-ad24-4165-bce4-f1b22776739c');
INSERT INTO art_ping.employee (id, first_name, last_name, office_id, user_id, leave_date, updated, login, email, calendar_id) VALUES ('14bf6a76-9d34-4790-bf5c-c0bd399543dd', 'employeeName662', 'employeeLastName662', 'cd62ca69-0f41-43fe-8e05-813c2f890549', 'd1dae585-7c5a-48d6-82ab-6a2da76f6bd8', null, '2021-12-23T15:57:56.199331600', 'testUser662', 'employee662@em.com', 'bef94631-81a4-4874-8f09-aa1fc75cd486');
INSERT INTO art_ping.employee_role VALUES ('5c5367f2-b525-4dbc-b4ee-090976525f2b', '14bf6a76-9d34-4790-bf5c-c0bd399543dd', '5b204bc5-6430-4939-aa23-17b1482c6d98');
INSERT INTO art_ping.employee_role VALUES ('f2ee3d50-aa14-4600-838b-18b80fd581fa', '14bf6a76-9d34-4790-bf5c-c0bd399543dd', 'eea13552-ad24-4165-bce4-f1b22776739c');
INSERT INTO art_ping.employee (id, first_name, last_name, office_id, user_id, leave_date, updated, login, email, calendar_id) VALUES ('93ff44ac-f65e-4e21-bdfd-51e41847af5d', 'employeeName663', 'employeeLastName663', 'd3fd3a60-8844-4307-afab-55fd3101bc4b', '7ba1610b-1563-41da-8277-b6188f787464', null, '2021-12-23T15:57:56.199331600', 'testUser663', 'employee663@em.com', '81d84e96-db7c-46b3-aaef-338fbf47544a');
INSERT INTO art_ping.employee_role VALUES ('6e65c40a-f655-4079-80c8-3feaf2e10125', '93ff44ac-f65e-4e21-bdfd-51e41847af5d', '992e5c70-7b14-44ae-b2fc-d0c884659841');
INSERT INTO art_ping.employee_role VALUES ('da3fdc6d-6f7c-414c-9582-2bae9e26acb9', '93ff44ac-f65e-4e21-bdfd-51e41847af5d', '5b204bc5-6430-4939-aa23-17b1482c6d98');
INSERT INTO art_ping.employee_role VALUES ('24317fe0-47f5-4037-9cc4-b3dee67da2dc', '93ff44ac-f65e-4e21-bdfd-51e41847af5d', '9f4932a6-c650-4cd2-9338-2eefa47aeb35');
INSERT INTO art_ping.employee_role VALUES ('7e1744d6-2762-47a6-a50d-a9d42d8b4304', '93ff44ac-f65e-4e21-bdfd-51e41847af5d', 'eea13552-ad24-4165-bce4-f1b22776739c');
INSERT INTO art_ping.employee (id, first_name, last_name, office_id, user_id, leave_date, updated, login, email, calendar_id) VALUES ('4fdce3b1-17f9-4ac2-ad87-e9725ecabca8', 'employeeName664', 'employeeLastName664', '77b73bf7-1c01-4d1a-b33d-2aa16bc9957e', '50cb144c-ebdd-40a6-baaa-4c0a40a7dbf6', null, '2021-12-23T15:57:56.199331600', 'testUser664', 'employee664@em.com', '982dd106-6950-49b2-b95a-27220c22ee37');
INSERT INTO art_ping.employee_role VALUES ('24bf99f9-468c-4968-bf27-a25b3a40e7b3', '4fdce3b1-17f9-4ac2-ad87-e9725ecabca8', 'eea13552-ad24-4165-bce4-f1b22776739c');
INSERT INTO art_ping.employee (id, first_name, last_name, office_id, user_id, leave_date, updated, login, email, calendar_id) VALUES ('73e42f0e-569c-40be-9cc5-6b9141e09634', 'employeeName665', 'employeeLastName665', 'f639209b-2a9b-44b6-a13f-ff9b6ba4eabe', '817fb72f-4f46-48bd-8833-e472006f8bf1', null, '2021-12-23T15:57:56.199331600', 'testUser665', 'employee665@em.com', '4887c24d-fb47-4d03-a3d5-c84d4cc9d748');
INSERT INTO art_ping.employee_role VALUES ('729ad272-8366-4d6b-9031-ae9b613f835a', '73e42f0e-569c-40be-9cc5-6b9141e09634', '992e5c70-7b14-44ae-b2fc-d0c884659841');
INSERT INTO art_ping.employee_role VALUES ('a6591964-d8be-4839-91fa-b5446865ef18', '73e42f0e-569c-40be-9cc5-6b9141e09634', 'e7051ffa-0edb-4ac7-84ed-12c1d3b2b5f8');
INSERT INTO art_ping.employee_role VALUES ('bc1a1f82-7920-4bdf-a9fe-67d59d68123d', '73e42f0e-569c-40be-9cc5-6b9141e09634', 'eea13552-ad24-4165-bce4-f1b22776739c');
INSERT INTO art_ping.employee (id, first_name, last_name, office_id, user_id, leave_date, updated, login, email, calendar_id) VALUES ('fc6aef29-242d-4162-9dcc-d7e6d10b9efe', 'employeeName666', 'employeeLastName666', 'dc89e283-5622-4ba7-8daf-6f59dad40c0e', '81978aaa-8d64-4beb-ad79-0adf2ef0b961', null, '2021-12-23T15:57:56.199331600', 'testUser666', 'employee666@em.com', 'eca3e110-990e-41b7-ba9d-a62f8a56a4f3');
INSERT INTO art_ping.employee_role VALUES ('9fee02e5-3c88-4624-b0c1-977dd9482073', 'fc6aef29-242d-4162-9dcc-d7e6d10b9efe', '992e5c70-7b14-44ae-b2fc-d0c884659841');
INSERT INTO art_ping.employee_role VALUES ('6323289f-8482-4f98-a712-d4eccd90ba48', 'fc6aef29-242d-4162-9dcc-d7e6d10b9efe', '5b204bc5-6430-4939-aa23-17b1482c6d98');
INSERT INTO art_ping.employee_role VALUES ('981ab0e4-1627-4129-a790-f77323ad6ad5', 'fc6aef29-242d-4162-9dcc-d7e6d10b9efe', '9f4932a6-c650-4cd2-9338-2eefa47aeb35');
INSERT INTO art_ping.employee_role VALUES ('35323bd3-3ea1-42ef-a942-f2a60853ecd8', 'fc6aef29-242d-4162-9dcc-d7e6d10b9efe', 'eea13552-ad24-4165-bce4-f1b22776739c');
INSERT INTO art_ping.employee (id, first_name, last_name, office_id, user_id, leave_date, updated, login, email, calendar_id) VALUES ('05d92b13-3f1e-4326-b4db-bb684357cfe5', 'employeeName667', 'employeeLastName667', '11155b5c-0803-46b4-a3df-e856cefd5081', '62905d82-99f2-4ecc-9067-37d2119c4ee9', null, '2021-12-23T15:57:56.199331600', 'testUser667', 'employee667@em.com', 'b2e5aa59-05c9-4c12-9328-18bce88ee49a');
INSERT INTO art_ping.employee_role VALUES ('6c98703d-7c1f-44ec-ae9a-556215821293', '05d92b13-3f1e-4326-b4db-bb684357cfe5', '992e5c70-7b14-44ae-b2fc-d0c884659841');
INSERT INTO art_ping.employee_role VALUES ('b98709bf-0cbb-464b-9ea5-8309262f7e44', '05d92b13-3f1e-4326-b4db-bb684357cfe5', '5b204bc5-6430-4939-aa23-17b1482c6d98');
INSERT INTO art_ping.employee_role VALUES ('4a32a169-1e20-40bd-b8fa-cd5b693f66cd', '05d92b13-3f1e-4326-b4db-bb684357cfe5', 'eea13552-ad24-4165-bce4-f1b22776739c');
INSERT INTO art_ping.employee (id, first_name, last_name, office_id, user_id, leave_date, updated, login, email, calendar_id) VALUES ('e06d78cf-3c49-42e0-a416-7ee0c3a21be7', 'employeeName668', 'employeeLastName668', 'bf280fea-44ae-4a9b-b89a-bb074888b398', 'cc34106f-e0ef-4873-9965-4bb7892633cd', null, '2021-12-23T15:57:56.199331600', 'testUser668', 'employee668@em.com', '9d39e79d-c72a-4ba8-a106-e0bd5b4a2c9b');
INSERT INTO art_ping.employee_role VALUES ('56f3a98a-04cf-4179-90d1-5ff3b6bb2fd0', 'e06d78cf-3c49-42e0-a416-7ee0c3a21be7', '5b204bc5-6430-4939-aa23-17b1482c6d98');
INSERT INTO art_ping.employee_role VALUES ('37105f97-1a08-4638-86f8-aaefe96d70a2', 'e06d78cf-3c49-42e0-a416-7ee0c3a21be7', 'eea13552-ad24-4165-bce4-f1b22776739c');
INSERT INTO art_ping.employee (id, first_name, last_name, office_id, user_id, leave_date, updated, login, email, calendar_id) VALUES ('048b2bcc-59bf-4a1e-bde6-8dc5f3ae1808', 'employeeName669', 'employeeLastName669', 'bfa673d8-c1ec-4165-98d6-4ed987093465', '3fb93f35-b825-4913-a009-b69008825e80', null, '2021-12-23T15:57:56.199331600', 'testUser669', 'employee669@em.com', '48846e78-d51d-43cd-95d8-4f963493c3af');
INSERT INTO art_ping.employee_role VALUES ('218307f4-0051-4bab-a083-370208ab4d18', '048b2bcc-59bf-4a1e-bde6-8dc5f3ae1808', '992e5c70-7b14-44ae-b2fc-d0c884659841');
INSERT INTO art_ping.employee_role VALUES ('d9d5c102-a4ed-4195-9bc0-aa91c11d750f', '048b2bcc-59bf-4a1e-bde6-8dc5f3ae1808', '9f4932a6-c650-4cd2-9338-2eefa47aeb35');
INSERT INTO art_ping.employee_role VALUES ('5eb82fa1-bcac-4bc8-8c56-126b38c39f29', '048b2bcc-59bf-4a1e-bde6-8dc5f3ae1808', 'e7051ffa-0edb-4ac7-84ed-12c1d3b2b5f8');
INSERT INTO art_ping.employee_role VALUES ('11afc1a2-12ec-44cc-a448-1de56ee673aa', '048b2bcc-59bf-4a1e-bde6-8dc5f3ae1808', 'eea13552-ad24-4165-bce4-f1b22776739c');
INSERT INTO art_ping.employee (id, first_name, last_name, office_id, user_id, leave_date, updated, login, email, calendar_id) VALUES ('28c10195-2f73-4e00-a084-01c1897cd8c2', 'employeeName670', 'employeeLastName670', '2f9763e6-08c1-4272-803d-1a352186fbac', 'dadd6055-0aca-4a10-a110-978e4db42e98', null, '2021-12-23T15:57:56.199331600', 'testUser670', 'employee670@em.com', '4d1c6b46-b965-439f-9fcc-0e45453ba2b6');
INSERT INTO art_ping.employee_role VALUES ('5fbc0ebe-ebca-4784-a4e5-64358bb0d1e7', '28c10195-2f73-4e00-a084-01c1897cd8c2', '5b204bc5-6430-4939-aa23-17b1482c6d98');
INSERT INTO art_ping.employee_role VALUES ('e30d1f45-f145-4260-bfba-f4d071d70dcb', '28c10195-2f73-4e00-a084-01c1897cd8c2', '9f4932a6-c650-4cd2-9338-2eefa47aeb35');
INSERT INTO art_ping.employee_role VALUES ('3e23cc36-8574-499b-95fb-a7b943e3acbf', '28c10195-2f73-4e00-a084-01c1897cd8c2', 'eea13552-ad24-4165-bce4-f1b22776739c');
INSERT INTO art_ping.employee (id, first_name, last_name, office_id, user_id, leave_date, updated, login, email, calendar_id) VALUES ('0f3fd6ce-9450-40fd-87a4-ed9fc59afbf7', 'employeeName671', 'employeeLastName671', '4f435416-9153-49ad-9b90-11bf998deed8', 'd4cc763c-084b-4212-8ec7-e7473bde3a5f', null, '2021-12-23T15:57:56.199331600', 'testUser671', 'employee671@em.com', '3ca8d6d0-3ab2-4e7d-b43a-e789476d70cd');
INSERT INTO art_ping.employee_role VALUES ('9873491f-5dc7-45e9-98ab-a4a5e507eee6', '0f3fd6ce-9450-40fd-87a4-ed9fc59afbf7', '5b204bc5-6430-4939-aa23-17b1482c6d98');
INSERT INTO art_ping.employee_role VALUES ('36e95ba1-2733-4546-8bbb-06e998a57c7e', '0f3fd6ce-9450-40fd-87a4-ed9fc59afbf7', '9f4932a6-c650-4cd2-9338-2eefa47aeb35');
INSERT INTO art_ping.employee_role VALUES ('1b838529-a3ad-4541-9e79-a4667ac55bf6', '0f3fd6ce-9450-40fd-87a4-ed9fc59afbf7', 'eea13552-ad24-4165-bce4-f1b22776739c');
INSERT INTO art_ping.employee (id, first_name, last_name, office_id, user_id, leave_date, updated, login, email, calendar_id) VALUES ('17dd1317-229f-4aa1-a486-5b6c35743554', 'employeeName672', 'employeeLastName672', '73b637aa-3104-4262-a40d-39ef22999d14', '44c92e98-8b45-4eb5-87aa-c2637f88d9d6', null, '2021-12-23T15:57:56.199331600', 'testUser672', 'employee672@em.com', 'ad61be45-0c7f-4c95-be8b-608340beb8ee');
INSERT INTO art_ping.employee_role VALUES ('bdd3d7a3-08d5-4724-9648-1cee380c1d53', '17dd1317-229f-4aa1-a486-5b6c35743554', '9f4932a6-c650-4cd2-9338-2eefa47aeb35');
INSERT INTO art_ping.employee_role VALUES ('c332251a-0637-44dc-bd2e-4d895ed16c4f', '17dd1317-229f-4aa1-a486-5b6c35743554', 'e7051ffa-0edb-4ac7-84ed-12c1d3b2b5f8');
INSERT INTO art_ping.employee_role VALUES ('2f344618-6e52-473f-a3e3-dc29c5225b22', '17dd1317-229f-4aa1-a486-5b6c35743554', 'eea13552-ad24-4165-bce4-f1b22776739c');
INSERT INTO art_ping.employee (id, first_name, last_name, office_id, user_id, leave_date, updated, login, email, calendar_id) VALUES ('1c6946f8-db90-43be-ba89-475260fb7289', 'employeeName673', 'employeeLastName673', '2baf5cd1-ded7-4cb2-9c79-a53bb3bb6b17', '6fd5e441-e2f8-4350-8138-554169a2eda6', null, '2021-12-23T15:57:56.199331600', 'testUser673', 'employee673@em.com', 'a235b392-0594-447a-8cf4-57ea8864c784');
INSERT INTO art_ping.employee_role VALUES ('0c9a4fcc-6927-42b4-b46f-7c535093fab1', '1c6946f8-db90-43be-ba89-475260fb7289', '992e5c70-7b14-44ae-b2fc-d0c884659841');
INSERT INTO art_ping.employee_role VALUES ('47210165-b34c-4eeb-a938-4b6817d7b996', '1c6946f8-db90-43be-ba89-475260fb7289', '5b204bc5-6430-4939-aa23-17b1482c6d98');
INSERT INTO art_ping.employee_role VALUES ('505e0dfc-77ab-4bda-b0d1-a141f6adbca1', '1c6946f8-db90-43be-ba89-475260fb7289', '9f4932a6-c650-4cd2-9338-2eefa47aeb35');
INSERT INTO art_ping.employee_role VALUES ('d3ae5f69-b23b-4564-a009-ad717d5c0392', '1c6946f8-db90-43be-ba89-475260fb7289', 'e7051ffa-0edb-4ac7-84ed-12c1d3b2b5f8');
INSERT INTO art_ping.employee_role VALUES ('bf70c90f-b333-4ad4-94ca-67086e93821e', '1c6946f8-db90-43be-ba89-475260fb7289', 'eea13552-ad24-4165-bce4-f1b22776739c');
INSERT INTO art_ping.employee (id, first_name, last_name, office_id, user_id, leave_date, updated, login, email, calendar_id) VALUES ('54522081-3d96-489e-9741-7d931f7a5ec9', 'employeeName674', 'employeeLastName674', '17f01040-c915-4377-9778-3bc36f6213b5', '59c10aed-5923-4b76-b8db-54df510f3b74', null, '2021-12-23T15:57:56.199331600', 'testUser674', 'employee674@em.com', '5d0fe03f-ed10-4373-bb72-2206c079ab4d');
INSERT INTO art_ping.employee_role VALUES ('0ba8ef19-2439-4634-8f52-bc1b01272e6a', '54522081-3d96-489e-9741-7d931f7a5ec9', '992e5c70-7b14-44ae-b2fc-d0c884659841');
INSERT INTO art_ping.employee_role VALUES ('578b113a-389d-450a-a002-121adfdcd849', '54522081-3d96-489e-9741-7d931f7a5ec9', '5b204bc5-6430-4939-aa23-17b1482c6d98');
INSERT INTO art_ping.employee_role VALUES ('9cacc8a9-cfb4-4571-b094-e4ebb6d306a9', '54522081-3d96-489e-9741-7d931f7a5ec9', 'e7051ffa-0edb-4ac7-84ed-12c1d3b2b5f8');
INSERT INTO art_ping.employee_role VALUES ('6a31160a-3eca-4939-af9e-a1eb9216dffb', '54522081-3d96-489e-9741-7d931f7a5ec9', 'eea13552-ad24-4165-bce4-f1b22776739c');
INSERT INTO art_ping.employee (id, first_name, last_name, office_id, user_id, leave_date, updated, login, email, calendar_id) VALUES ('39837db2-6091-44d6-8a0e-351350a14453', 'employeeName675', 'employeeLastName675', '069b73bd-3ecc-4a42-b4d9-dde51cf61ca1', '6c5ba00f-8407-42ac-ba4b-f24a420e5c88', null, '2021-12-23T15:57:56.199331600', 'testUser675', 'employee675@em.com', '72be929c-8187-459f-a698-1a08fa9a158b');
INSERT INTO art_ping.employee_role VALUES ('a37cb191-3f71-4158-b933-4efabb602edb', '39837db2-6091-44d6-8a0e-351350a14453', '992e5c70-7b14-44ae-b2fc-d0c884659841');
INSERT INTO art_ping.employee_role VALUES ('11ecc200-fb19-4ad6-8491-b643f8c72665', '39837db2-6091-44d6-8a0e-351350a14453', '5b204bc5-6430-4939-aa23-17b1482c6d98');
INSERT INTO art_ping.employee_role VALUES ('b0927973-13aa-421c-ba92-686d4e73b55f', '39837db2-6091-44d6-8a0e-351350a14453', 'e7051ffa-0edb-4ac7-84ed-12c1d3b2b5f8');
INSERT INTO art_ping.employee_role VALUES ('acd6e8b0-ca31-4ebb-866a-2e2556a4282d', '39837db2-6091-44d6-8a0e-351350a14453', 'eea13552-ad24-4165-bce4-f1b22776739c');
INSERT INTO art_ping.employee (id, first_name, last_name, office_id, user_id, leave_date, updated, login, email, calendar_id) VALUES ('3be25b04-dc02-490e-bc1d-1a68adc1fe5f', 'employeeName676', 'employeeLastName676', 'cdfc4153-cbd4-409e-9afc-d49d7eafabf9', '67d72138-ae50-41b2-967f-e79bde1794f4', null, '2021-12-23T15:57:56.199331600', 'testUser676', 'employee676@em.com', '23775748-0ced-4446-a6d7-d6913f30ff57');
INSERT INTO art_ping.employee_role VALUES ('ee2d2aad-cfd5-4a01-9944-3c27f08165f3', '3be25b04-dc02-490e-bc1d-1a68adc1fe5f', '992e5c70-7b14-44ae-b2fc-d0c884659841');
INSERT INTO art_ping.employee_role VALUES ('641f4860-19fa-4a33-b075-5d3cea966f7b', '3be25b04-dc02-490e-bc1d-1a68adc1fe5f', '5b204bc5-6430-4939-aa23-17b1482c6d98');
INSERT INTO art_ping.employee_role VALUES ('42638089-1307-45a1-81e4-59bcebe9c036', '3be25b04-dc02-490e-bc1d-1a68adc1fe5f', 'eea13552-ad24-4165-bce4-f1b22776739c');
INSERT INTO art_ping.employee (id, first_name, last_name, office_id, user_id, leave_date, updated, login, email, calendar_id) VALUES ('1c318b7f-c458-40ae-b54a-bc48195c94cb', 'employeeName677', 'employeeLastName677', '03d47a78-f785-4d9e-a64f-ebe9e467b89a', '2c11f0a2-2d33-4966-8f66-f3dea09c0d69', null, '2021-12-23T15:57:56.199331600', 'testUser677', 'employee677@em.com', '0cf01225-a8a0-423e-aaa4-cabdeddf233e');
INSERT INTO art_ping.employee_role VALUES ('e3466399-4c58-4722-9d85-d4bcfcbf3892', '1c318b7f-c458-40ae-b54a-bc48195c94cb', '5b204bc5-6430-4939-aa23-17b1482c6d98');
INSERT INTO art_ping.employee_role VALUES ('465db6d3-a5b0-45fe-9711-e21ed9f7632c', '1c318b7f-c458-40ae-b54a-bc48195c94cb', 'eea13552-ad24-4165-bce4-f1b22776739c');
INSERT INTO art_ping.employee (id, first_name, last_name, office_id, user_id, leave_date, updated, login, email, calendar_id) VALUES ('59d70d6e-db9e-4dc5-9acd-55d2b3a8aa95', 'employeeName678', 'employeeLastName678', '13a2e961-b0bd-49cb-a1b9-0d945769f126', '1f20b62a-d99e-4b7a-81c8-38c5d283e1f3', null, '2021-12-23T15:57:56.199331600', 'testUser678', 'employee678@em.com', '3ca8d6d0-3ab2-4e7d-b43a-e789476d70cd');
INSERT INTO art_ping.employee_role VALUES ('d11a2a94-21d3-4655-bf04-ec9310787938', '59d70d6e-db9e-4dc5-9acd-55d2b3a8aa95', 'e7051ffa-0edb-4ac7-84ed-12c1d3b2b5f8');
INSERT INTO art_ping.employee_role VALUES ('219dff99-b19a-422f-8749-9cba684b7066', '59d70d6e-db9e-4dc5-9acd-55d2b3a8aa95', 'eea13552-ad24-4165-bce4-f1b22776739c');
INSERT INTO art_ping.employee (id, first_name, last_name, office_id, user_id, leave_date, updated, login, email, calendar_id) VALUES ('8d716000-c4ea-4b70-bed8-2b14a47d9e16', 'employeeName679', 'employeeLastName679', '89d26319-c205-4dc9-b23a-fe9ab35c1465', '0841a168-8148-4284-88a0-3bde25708367', null, '2021-12-23T15:57:56.199331600', 'testUser679', 'employee679@em.com', 'b66bb045-a363-45f8-a092-7b71249790c5');
INSERT INTO art_ping.employee_role VALUES ('f880458e-f4fe-4020-a6b1-8b8ee55d8018', '8d716000-c4ea-4b70-bed8-2b14a47d9e16', '992e5c70-7b14-44ae-b2fc-d0c884659841');
INSERT INTO art_ping.employee_role VALUES ('83b15506-40f5-4b2a-b040-add1166bfccf', '8d716000-c4ea-4b70-bed8-2b14a47d9e16', '5b204bc5-6430-4939-aa23-17b1482c6d98');
INSERT INTO art_ping.employee_role VALUES ('320c7527-833a-4566-bb0a-291812288f0b', '8d716000-c4ea-4b70-bed8-2b14a47d9e16', '9f4932a6-c650-4cd2-9338-2eefa47aeb35');
INSERT INTO art_ping.employee_role VALUES ('25b71d91-7225-47db-bb4a-333817416c98', '8d716000-c4ea-4b70-bed8-2b14a47d9e16', 'e7051ffa-0edb-4ac7-84ed-12c1d3b2b5f8');
INSERT INTO art_ping.employee_role VALUES ('3df876fa-0443-457f-b753-3ef70dd9c427', '8d716000-c4ea-4b70-bed8-2b14a47d9e16', 'eea13552-ad24-4165-bce4-f1b22776739c');
INSERT INTO art_ping.employee (id, first_name, last_name, office_id, user_id, leave_date, updated, login, email, calendar_id) VALUES ('9e5fcfa6-9355-450a-86e8-bfdf9b0e4445', 'employeeName680', 'employeeLastName680', '5e6818e2-9198-4e99-a27d-ca6d31c3bf0d', '15995ee2-f1cd-4b95-b27c-103c98ff54bc', null, '2021-12-23T15:57:56.199331600', 'testUser680', 'employee680@em.com', 'fc694cb1-0f0a-4453-b24f-ef2f835f9ef6');
INSERT INTO art_ping.employee_role VALUES ('8762b0a2-4e7d-4a61-8c3c-d4acd05a7ab2', '9e5fcfa6-9355-450a-86e8-bfdf9b0e4445', '992e5c70-7b14-44ae-b2fc-d0c884659841');
INSERT INTO art_ping.employee_role VALUES ('bb156dab-78ca-4712-bddd-38c56f50b192', '9e5fcfa6-9355-450a-86e8-bfdf9b0e4445', '5b204bc5-6430-4939-aa23-17b1482c6d98');
INSERT INTO art_ping.employee_role VALUES ('8b58eaa9-67cb-4377-a1aa-28eb0f997734', '9e5fcfa6-9355-450a-86e8-bfdf9b0e4445', 'eea13552-ad24-4165-bce4-f1b22776739c');
INSERT INTO art_ping.employee (id, first_name, last_name, office_id, user_id, leave_date, updated, login, email, calendar_id) VALUES ('b296d2b6-dc0c-494a-aa45-bbf06ca44a27', 'employeeName681', 'employeeLastName681', 'abffaebb-f893-4bbe-982b-0beb02f0bb0d', 'bf310a96-e9a5-4e7a-b2f9-152eccb26ec7', null, '2021-12-23T15:57:56.199331600', 'testUser681', 'employee681@em.com', '774135d2-f0e3-47c2-8496-78319f1757d0');
INSERT INTO art_ping.employee_role VALUES ('f088b457-d3ee-4d5d-8cae-a61e2c7c6563', 'b296d2b6-dc0c-494a-aa45-bbf06ca44a27', '992e5c70-7b14-44ae-b2fc-d0c884659841');
INSERT INTO art_ping.employee_role VALUES ('b0f87a5d-44ce-475d-a010-2d5df7e3a5bc', 'b296d2b6-dc0c-494a-aa45-bbf06ca44a27', '5b204bc5-6430-4939-aa23-17b1482c6d98');
INSERT INTO art_ping.employee_role VALUES ('06ab2230-bb84-456a-938e-b0ce32b30410', 'b296d2b6-dc0c-494a-aa45-bbf06ca44a27', '9f4932a6-c650-4cd2-9338-2eefa47aeb35');
INSERT INTO art_ping.employee_role VALUES ('1bf12f59-5daf-4055-a3b6-5bb7a1decfb7', 'b296d2b6-dc0c-494a-aa45-bbf06ca44a27', 'eea13552-ad24-4165-bce4-f1b22776739c');
INSERT INTO art_ping.employee (id, first_name, last_name, office_id, user_id, leave_date, updated, login, email, calendar_id) VALUES ('6d377f60-7599-448b-8e55-728b00620144', 'employeeName682', 'employeeLastName682', '557514c6-e2dd-4722-b056-99ae0c2cac3f', '0de601f2-2713-4047-8b22-2a1dda8e0892', null, '2021-12-23T15:57:56.199331600', 'testUser682', 'employee682@em.com', 'e68ad155-c07f-4b3c-8022-66f96be8c2bf');
INSERT INTO art_ping.employee_role VALUES ('6db0d344-e6ff-458d-8adc-4c1401ee530e', '6d377f60-7599-448b-8e55-728b00620144', '5b204bc5-6430-4939-aa23-17b1482c6d98');
INSERT INTO art_ping.employee_role VALUES ('f65b19c7-3e7c-4343-a4e3-fc79d70b2847', '6d377f60-7599-448b-8e55-728b00620144', 'eea13552-ad24-4165-bce4-f1b22776739c');
INSERT INTO art_ping.employee (id, first_name, last_name, office_id, user_id, leave_date, updated, login, email, calendar_id) VALUES ('8287baf5-4067-4c65-9264-fe5793108fda', 'employeeName683', 'employeeLastName683', '2023ce3e-27fb-49d3-b19b-0fd1220b331a', '7c80e73c-f4a0-44d9-b0fa-0da23e8505a5', null, '2021-12-23T15:57:56.199331600', 'testUser683', 'employee683@em.com', 'f83e41d6-04f0-4b04-b4f1-949c46b31d00');
INSERT INTO art_ping.employee_role VALUES ('c6e81b6f-b3e1-4fbd-bd26-a7f44d11d462', '8287baf5-4067-4c65-9264-fe5793108fda', '5b204bc5-6430-4939-aa23-17b1482c6d98');
INSERT INTO art_ping.employee_role VALUES ('f01b7418-decf-47ce-8789-a269a58077a5', '8287baf5-4067-4c65-9264-fe5793108fda', '9f4932a6-c650-4cd2-9338-2eefa47aeb35');
INSERT INTO art_ping.employee_role VALUES ('790c34ab-3197-44bd-98c9-ba3228b6420e', '8287baf5-4067-4c65-9264-fe5793108fda', 'e7051ffa-0edb-4ac7-84ed-12c1d3b2b5f8');
INSERT INTO art_ping.employee_role VALUES ('659db7ac-fcba-4344-bcbf-20cba4d4a585', '8287baf5-4067-4c65-9264-fe5793108fda', 'eea13552-ad24-4165-bce4-f1b22776739c');
INSERT INTO art_ping.employee (id, first_name, last_name, office_id, user_id, leave_date, updated, login, email, calendar_id) VALUES ('9baeb07f-48a3-4fb6-b077-e978369263c8', 'employeeName684', 'employeeLastName684', 'e53bff0f-dcae-46c0-a892-6a99de326f0f', '5b7bdda1-2b93-44ae-80ce-4d59462eeb77', null, '2021-12-23T15:57:56.199331600', 'testUser684', 'employee684@em.com', '5d0fe03f-ed10-4373-bb72-2206c079ab4d');
INSERT INTO art_ping.employee_role VALUES ('9aa7c142-2801-4220-99ee-f26655bd7f1e', '9baeb07f-48a3-4fb6-b077-e978369263c8', '992e5c70-7b14-44ae-b2fc-d0c884659841');
INSERT INTO art_ping.employee_role VALUES ('3ab073a9-aaac-489f-9e1d-bfe7f59e8405', '9baeb07f-48a3-4fb6-b077-e978369263c8', 'eea13552-ad24-4165-bce4-f1b22776739c');
INSERT INTO art_ping.employee (id, first_name, last_name, office_id, user_id, leave_date, updated, login, email, calendar_id) VALUES ('b41a2ef2-3d6c-4087-ae26-451f83c475fa', 'employeeName685', 'employeeLastName685', 'e9886fde-932d-4297-bacf-c1df92746b8f', '0d6c1172-ef28-4db8-ad27-fa006de1e8d5', null, '2021-12-23T15:57:56.199331600', 'testUser685', 'employee685@em.com', 'c6f8565c-983c-4f3a-bf19-90c83d1ac25e');
INSERT INTO art_ping.employee_role VALUES ('46125492-748f-491a-90fc-98c8b0721043', 'b41a2ef2-3d6c-4087-ae26-451f83c475fa', '992e5c70-7b14-44ae-b2fc-d0c884659841');
INSERT INTO art_ping.employee_role VALUES ('3d7b5ebe-6ae5-455b-a32c-7dd64bc690b4', 'b41a2ef2-3d6c-4087-ae26-451f83c475fa', '9f4932a6-c650-4cd2-9338-2eefa47aeb35');
INSERT INTO art_ping.employee_role VALUES ('0e44aebe-aef8-4883-a139-cea33cec7d00', 'b41a2ef2-3d6c-4087-ae26-451f83c475fa', 'e7051ffa-0edb-4ac7-84ed-12c1d3b2b5f8');
INSERT INTO art_ping.employee_role VALUES ('414184b0-f6b7-4944-b2f9-368dfdbb707a', 'b41a2ef2-3d6c-4087-ae26-451f83c475fa', 'eea13552-ad24-4165-bce4-f1b22776739c');
INSERT INTO art_ping.employee (id, first_name, last_name, office_id, user_id, leave_date, updated, login, email, calendar_id) VALUES ('ee00c89a-d2e9-4d1f-b11d-f6890c6f4039', 'employeeName686', 'employeeLastName686', '703db01e-bbbb-4c93-8102-28dd0f3a228e', 'c62fa1ef-0c13-4eec-8b7f-dbcde2ed382a', null, '2021-12-23T15:57:56.199331600', 'testUser686', 'employee686@em.com', '4f6093ac-29bf-457b-9d82-0d7d7c2f089f');
INSERT INTO art_ping.employee_role VALUES ('ec124166-46f2-436f-baca-e800fd12a950', 'ee00c89a-d2e9-4d1f-b11d-f6890c6f4039', '992e5c70-7b14-44ae-b2fc-d0c884659841');
INSERT INTO art_ping.employee_role VALUES ('9f796ad8-6d55-42ed-8330-f229d4f8c06c', 'ee00c89a-d2e9-4d1f-b11d-f6890c6f4039', '5b204bc5-6430-4939-aa23-17b1482c6d98');
INSERT INTO art_ping.employee_role VALUES ('3e682089-266d-4d3d-b754-73add5fbdcab', 'ee00c89a-d2e9-4d1f-b11d-f6890c6f4039', '9f4932a6-c650-4cd2-9338-2eefa47aeb35');
INSERT INTO art_ping.employee_role VALUES ('dd367b3e-7046-4eb6-9fc1-77f7c770649c', 'ee00c89a-d2e9-4d1f-b11d-f6890c6f4039', 'e7051ffa-0edb-4ac7-84ed-12c1d3b2b5f8');
INSERT INTO art_ping.employee_role VALUES ('51b5abff-887d-47b8-8812-8d3eb11ced41', 'ee00c89a-d2e9-4d1f-b11d-f6890c6f4039', 'eea13552-ad24-4165-bce4-f1b22776739c');
INSERT INTO art_ping.employee (id, first_name, last_name, office_id, user_id, leave_date, updated, login, email, calendar_id) VALUES ('471a103a-faff-493e-8d0a-299e388cbb2d', 'employeeName687', 'employeeLastName687', '565c8a26-f6f1-4df7-8858-8b0d1655ca5b', '84dde4f8-5834-4fbb-8bca-2c2a7415504e', null, '2021-12-23T15:57:56.199331600', 'testUser687', 'employee687@em.com', '23775748-0ced-4446-a6d7-d6913f30ff57');
INSERT INTO art_ping.employee_role VALUES ('3b2fbaf9-8d26-4029-ac9f-9c34c3e68bdf', '471a103a-faff-493e-8d0a-299e388cbb2d', '992e5c70-7b14-44ae-b2fc-d0c884659841');
INSERT INTO art_ping.employee_role VALUES ('cfe49401-6040-46b6-9a26-fd84b4a72a8d', '471a103a-faff-493e-8d0a-299e388cbb2d', '5b204bc5-6430-4939-aa23-17b1482c6d98');
INSERT INTO art_ping.employee_role VALUES ('b12c8600-0419-4710-a7c5-0defb2d2ca18', '471a103a-faff-493e-8d0a-299e388cbb2d', '9f4932a6-c650-4cd2-9338-2eefa47aeb35');
INSERT INTO art_ping.employee_role VALUES ('ecf8ea3a-3b8c-4878-b1f2-cf01ca88e9b3', '471a103a-faff-493e-8d0a-299e388cbb2d', 'eea13552-ad24-4165-bce4-f1b22776739c');
INSERT INTO art_ping.employee (id, first_name, last_name, office_id, user_id, leave_date, updated, login, email, calendar_id) VALUES ('4fd466c7-89db-42c1-aac7-aeb9e138a273', 'employeeName688', 'employeeLastName688', '2a676724-c216-481e-a749-50e96322c4e2', '294b0115-ccb3-4c85-bf73-24cc946753ee', null, '2021-12-23T15:57:56.199331600', 'testUser688', 'employee688@em.com', '3ea41cd2-2e35-467b-a976-9406d9c891da');
INSERT INTO art_ping.employee_role VALUES ('11d9bcff-dc5c-4c16-aff6-5c89495fb56d', '4fd466c7-89db-42c1-aac7-aeb9e138a273', '992e5c70-7b14-44ae-b2fc-d0c884659841');
INSERT INTO art_ping.employee_role VALUES ('8800e092-8c5e-4066-ba39-4a18dcd60e7a', '4fd466c7-89db-42c1-aac7-aeb9e138a273', '5b204bc5-6430-4939-aa23-17b1482c6d98');
INSERT INTO art_ping.employee_role VALUES ('3f715432-aa92-4719-bf78-28cdb31a6b9f', '4fd466c7-89db-42c1-aac7-aeb9e138a273', '9f4932a6-c650-4cd2-9338-2eefa47aeb35');
INSERT INTO art_ping.employee_role VALUES ('0850d656-b4d0-4b09-9135-ae7ebe1e3fd1', '4fd466c7-89db-42c1-aac7-aeb9e138a273', 'eea13552-ad24-4165-bce4-f1b22776739c');
INSERT INTO art_ping.employee (id, first_name, last_name, office_id, user_id, leave_date, updated, login, email, calendar_id) VALUES ('9e772308-013b-4e58-9b98-921ea5b62eba', 'employeeName689', 'employeeLastName689', 'dd555d67-0b33-4c94-9df1-1c2db24dbe3a', '00c34e45-eb54-4e27-8abf-9f38608a6507', null, '2021-12-23T15:57:56.199331600', 'testUser689', 'employee689@em.com', '7adf3ff0-be1c-46b4-831a-11f4faf1b392');
INSERT INTO art_ping.employee_role VALUES ('c56067b1-e214-44f1-a38a-fb5c603d217f', '9e772308-013b-4e58-9b98-921ea5b62eba', '992e5c70-7b14-44ae-b2fc-d0c884659841');
INSERT INTO art_ping.employee_role VALUES ('c66a157e-acfe-4ab4-82be-97b2abdd3af7', '9e772308-013b-4e58-9b98-921ea5b62eba', '9f4932a6-c650-4cd2-9338-2eefa47aeb35');
INSERT INTO art_ping.employee_role VALUES ('fb69a2cc-ebca-4eb6-bfcd-40164d5e4392', '9e772308-013b-4e58-9b98-921ea5b62eba', 'eea13552-ad24-4165-bce4-f1b22776739c');
INSERT INTO art_ping.employee (id, first_name, last_name, office_id, user_id, leave_date, updated, login, email, calendar_id) VALUES ('e7cdf9ca-162c-4cd2-ae5d-720f15f922ee', 'employeeName690', 'employeeLastName690', '71268697-cf00-41be-8cbd-ae1bbc6b5701', 'fa459ee2-72a4-4970-b335-f75a141c9a27', null, '2021-12-23T15:57:56.199331600', 'testUser690', 'employee690@em.com', '306a5472-189c-4972-b016-25d8da988d9a');
INSERT INTO art_ping.employee_role VALUES ('0549043a-5809-4bba-86ad-01063da3952a', 'e7cdf9ca-162c-4cd2-ae5d-720f15f922ee', '9f4932a6-c650-4cd2-9338-2eefa47aeb35');
INSERT INTO art_ping.employee_role VALUES ('ceeb0f1f-fbf9-4064-bd7e-568eac377231', 'e7cdf9ca-162c-4cd2-ae5d-720f15f922ee', 'eea13552-ad24-4165-bce4-f1b22776739c');
INSERT INTO art_ping.employee (id, first_name, last_name, office_id, user_id, leave_date, updated, login, email, calendar_id) VALUES ('0f1ecb89-a2b6-4610-984c-9dc110ea6497', 'employeeName691', 'employeeLastName691', '1eff2116-a6fa-4f55-b306-5e7b592e81aa', '3a40bd9e-57ca-4ad7-ac82-e0993f736024', null, '2021-12-23T15:57:56.199331600', 'testUser691', 'employee691@em.com', '49e35ed1-5eb8-47d3-988b-e65d5c65f597');
INSERT INTO art_ping.employee_role VALUES ('157b72eb-5162-47c5-bfe1-b9995d946c36', '0f1ecb89-a2b6-4610-984c-9dc110ea6497', '9f4932a6-c650-4cd2-9338-2eefa47aeb35');
INSERT INTO art_ping.employee_role VALUES ('ff09748f-9127-4953-8a84-afb20924bd65', '0f1ecb89-a2b6-4610-984c-9dc110ea6497', 'e7051ffa-0edb-4ac7-84ed-12c1d3b2b5f8');
INSERT INTO art_ping.employee_role VALUES ('f7a01ffe-1c0b-46e6-a154-448fdf4c6ace', '0f1ecb89-a2b6-4610-984c-9dc110ea6497', 'eea13552-ad24-4165-bce4-f1b22776739c');
INSERT INTO art_ping.employee (id, first_name, last_name, office_id, user_id, leave_date, updated, login, email, calendar_id) VALUES ('0065bc69-99d2-46de-969f-aa5725ae3b89', 'employeeName692', 'employeeLastName692', 'bbec8f4e-4931-47fd-b16d-fc75f56e3c9e', '231b3e32-b62f-45b0-ab78-0eb91bf074b3', null, '2021-12-23T15:57:56.199331600', 'testUser692', 'employee692@em.com', '0f73303c-5a23-4777-9c8b-720a36f1b310');
INSERT INTO art_ping.employee_role VALUES ('dfb2c007-d238-4efd-92b6-b2f7aa89da0c', '0065bc69-99d2-46de-969f-aa5725ae3b89', 'e7051ffa-0edb-4ac7-84ed-12c1d3b2b5f8');
INSERT INTO art_ping.employee_role VALUES ('fa494709-8421-4a11-8e94-b4a7258c4cf4', '0065bc69-99d2-46de-969f-aa5725ae3b89', 'eea13552-ad24-4165-bce4-f1b22776739c');
INSERT INTO art_ping.employee (id, first_name, last_name, office_id, user_id, leave_date, updated, login, email, calendar_id) VALUES ('9da55ae7-503a-4029-8886-d8a73140d246', 'employeeName693', 'employeeLastName693', 'b5a5d28e-6a96-4924-bbe3-3add5cf8d125', 'ae3f0201-c1ab-46cd-a799-1799f6501309', null, '2021-12-23T15:57:56.199331600', 'testUser693', 'employee693@em.com', '8f58430d-dc78-447d-b06c-c901317bc8d2');
INSERT INTO art_ping.employee_role VALUES ('382f2b47-ada8-4c24-bae5-679fbd55c4b1', '9da55ae7-503a-4029-8886-d8a73140d246', '992e5c70-7b14-44ae-b2fc-d0c884659841');
INSERT INTO art_ping.employee_role VALUES ('dcaadd6d-5437-48c0-a586-4636deee2878', '9da55ae7-503a-4029-8886-d8a73140d246', '9f4932a6-c650-4cd2-9338-2eefa47aeb35');
INSERT INTO art_ping.employee_role VALUES ('aec7f516-e413-4d5e-b522-d40ea8625cb8', '9da55ae7-503a-4029-8886-d8a73140d246', 'eea13552-ad24-4165-bce4-f1b22776739c');
INSERT INTO art_ping.employee (id, first_name, last_name, office_id, user_id, leave_date, updated, login, email, calendar_id) VALUES ('a1fc8d1a-f540-4e31-8d4a-43383f68a302', 'employeeName694', 'employeeLastName694', '957438d4-25f2-4014-9830-19ec2a75468a', '6a1b7362-8b47-408f-b408-ca2bbd80919c', null, '2021-12-23T15:57:56.199331600', 'testUser694', 'employee694@em.com', '10387938-3ba2-4382-8a36-f7a5769851e4');
INSERT INTO art_ping.employee_role VALUES ('cfb531fd-07d3-4434-9157-fa98ef34c8ec', 'a1fc8d1a-f540-4e31-8d4a-43383f68a302', '992e5c70-7b14-44ae-b2fc-d0c884659841');
INSERT INTO art_ping.employee_role VALUES ('912bf315-0ae2-494b-8f75-a161c0b73396', 'a1fc8d1a-f540-4e31-8d4a-43383f68a302', '9f4932a6-c650-4cd2-9338-2eefa47aeb35');
INSERT INTO art_ping.employee_role VALUES ('e2227c57-64db-4ca3-b705-a7f67100ecec', 'a1fc8d1a-f540-4e31-8d4a-43383f68a302', 'eea13552-ad24-4165-bce4-f1b22776739c');
INSERT INTO art_ping.employee (id, first_name, last_name, office_id, user_id, leave_date, updated, login, email, calendar_id) VALUES ('a5637101-c194-4d4e-a661-313569df8625', 'employeeName695', 'employeeLastName695', '15dc9d19-cdf7-4cdd-92e0-a91d05433867', 'ea692314-7062-4272-8742-e5069d023269', null, '2021-12-23T15:57:56.199331600', 'testUser695', 'employee695@em.com', 'e82d3ca7-23bd-48c0-a0c3-b52d05aeaced');
INSERT INTO art_ping.employee_role VALUES ('400870ba-3fd9-45c7-85ec-3760af01d17b', 'a5637101-c194-4d4e-a661-313569df8625', '992e5c70-7b14-44ae-b2fc-d0c884659841');
INSERT INTO art_ping.employee_role VALUES ('074bcffa-1671-4cb5-aaee-665879b71677', 'a5637101-c194-4d4e-a661-313569df8625', '5b204bc5-6430-4939-aa23-17b1482c6d98');
INSERT INTO art_ping.employee_role VALUES ('cf73c68a-a29b-4e92-9f0f-a24a3f87fc73', 'a5637101-c194-4d4e-a661-313569df8625', '9f4932a6-c650-4cd2-9338-2eefa47aeb35');
INSERT INTO art_ping.employee_role VALUES ('3d20c594-9468-490a-8f26-0996fd768ef8', 'a5637101-c194-4d4e-a661-313569df8625', 'eea13552-ad24-4165-bce4-f1b22776739c');
INSERT INTO art_ping.employee (id, first_name, last_name, office_id, user_id, leave_date, updated, login, email, calendar_id) VALUES ('3e1ae869-8169-4939-bf64-b2d2977d8457', 'employeeName696', 'employeeLastName696', '46ea5f4a-40ea-470a-8690-f0c475b1e5e7', '76fbb666-12c5-43bb-a57a-eff329f4b767', null, '2021-12-23T15:57:56.199331600', 'testUser696', 'employee696@em.com', '65b30d5f-f607-43c7-8c6d-7ca7ced24c0c');
INSERT INTO art_ping.employee_role VALUES ('081ac2e3-725c-454d-b5cb-434368d2d91d', '3e1ae869-8169-4939-bf64-b2d2977d8457', '9f4932a6-c650-4cd2-9338-2eefa47aeb35');
INSERT INTO art_ping.employee_role VALUES ('b93c9598-97e3-4e8c-a1d8-3a9981c74581', '3e1ae869-8169-4939-bf64-b2d2977d8457', 'eea13552-ad24-4165-bce4-f1b22776739c');
INSERT INTO art_ping.employee (id, first_name, last_name, office_id, user_id, leave_date, updated, login, email, calendar_id) VALUES ('089fd005-d1ce-454f-9922-c99944b2aa94', 'employeeName697', 'employeeLastName697', 'd8453af2-e32a-4ed6-bfe2-334ebcfd2642', 'affff942-c206-4f6a-8f44-f9c0314ef201', null, '2021-12-23T15:57:56.199331600', 'testUser697', 'employee697@em.com', 'debfb7a9-fe4c-45c7-9a4f-2c5143c9c1ca');
INSERT INTO art_ping.employee_role VALUES ('1b3580ab-476c-48b3-bcaa-07f1137039aa', '089fd005-d1ce-454f-9922-c99944b2aa94', 'eea13552-ad24-4165-bce4-f1b22776739c');
INSERT INTO art_ping.employee (id, first_name, last_name, office_id, user_id, leave_date, updated, login, email, calendar_id) VALUES ('2f690191-97fc-4523-8952-6e0f6ce811f2', 'employeeName698', 'employeeLastName698', '31d641e9-4849-4366-bc49-bd05627fbc1d', 'b266f1c0-a4e0-40a0-9d12-b1de50d31068', null, '2021-12-23T15:57:56.199331600', 'testUser698', 'employee698@em.com', 'eca3e110-990e-41b7-ba9d-a62f8a56a4f3');
INSERT INTO art_ping.employee_role VALUES ('263816f9-b821-44d9-ba41-3fe1447bfdc3', '2f690191-97fc-4523-8952-6e0f6ce811f2', '992e5c70-7b14-44ae-b2fc-d0c884659841');
INSERT INTO art_ping.employee_role VALUES ('2296f9f1-d7e2-4427-bfe9-37540f6bc1cd', '2f690191-97fc-4523-8952-6e0f6ce811f2', '9f4932a6-c650-4cd2-9338-2eefa47aeb35');
INSERT INTO art_ping.employee_role VALUES ('d79dc0c6-ba49-4145-8494-de39b5ebce92', '2f690191-97fc-4523-8952-6e0f6ce811f2', 'e7051ffa-0edb-4ac7-84ed-12c1d3b2b5f8');
INSERT INTO art_ping.employee_role VALUES ('30e3ac05-718b-411f-892a-83bcb9ad3498', '2f690191-97fc-4523-8952-6e0f6ce811f2', 'eea13552-ad24-4165-bce4-f1b22776739c');
INSERT INTO art_ping.employee (id, first_name, last_name, office_id, user_id, leave_date, updated, login, email, calendar_id) VALUES ('1d33ab56-e783-4cbc-8752-7dfa72ae233b', 'employeeName699', 'employeeLastName699', 'b7476a80-ff1b-4ab6-aca1-ed386fd6cea7', 'fc78faf7-f968-4cf0-a784-4bfd6e33b6eb', null, '2021-12-23T15:57:56.199331600', 'testUser699', 'employee699@em.com', '18b737d7-d971-4249-b85a-545311ad1dca');
INSERT INTO art_ping.employee_role VALUES ('03e33f80-b84b-430e-bb11-9387fc033ee4', '1d33ab56-e783-4cbc-8752-7dfa72ae233b', '9f4932a6-c650-4cd2-9338-2eefa47aeb35');
INSERT INTO art_ping.employee_role VALUES ('62d46ea8-5369-4605-9137-b9206d8d74f5', '1d33ab56-e783-4cbc-8752-7dfa72ae233b', 'eea13552-ad24-4165-bce4-f1b22776739c');
INSERT INTO art_ping.employee (id, first_name, last_name, office_id, user_id, leave_date, updated, login, email, calendar_id) VALUES ('a69e1a15-2334-4eee-a908-8d9f343a9e20', 'employeeName700', 'employeeLastName700', 'aada6ea8-4a9d-4a86-b30c-d57c40b2529b', 'd9c54e9c-4f7f-4e7e-9979-f234e8973cc3', null, '2021-12-23T15:57:56.199331600', 'testUser700', 'employee700@em.com', 'df638e33-b2a7-45be-9e78-c44dd676c73c');
INSERT INTO art_ping.employee_role VALUES ('8fd58ed2-254f-43f8-a3ba-d189e557bd25', 'a69e1a15-2334-4eee-a908-8d9f343a9e20', '992e5c70-7b14-44ae-b2fc-d0c884659841');
INSERT INTO art_ping.employee_role VALUES ('4d5f873e-b2ba-4f92-811f-a4b725a96cbf', 'a69e1a15-2334-4eee-a908-8d9f343a9e20', 'eea13552-ad24-4165-bce4-f1b22776739c');
INSERT INTO art_ping.employee (id, first_name, last_name, office_id, user_id, leave_date, updated, login, email, calendar_id) VALUES ('da31df42-46d7-441b-9a2a-7ac8e563c02e', 'employeeName701', 'employeeLastName701', 'db38136f-988f-46fa-8de6-d12496e31662', '5816f50c-678e-4bfe-96c4-30331c85ee00', null, '2021-12-23T15:57:56.199331600', 'testUser701', 'employee701@em.com', 'eab6a16f-e17b-4322-93d4-ad382394206d');
INSERT INTO art_ping.employee_role VALUES ('784b2e6f-abc4-442a-80c8-43ca9e6a787b', 'da31df42-46d7-441b-9a2a-7ac8e563c02e', '9f4932a6-c650-4cd2-9338-2eefa47aeb35');
INSERT INTO art_ping.employee_role VALUES ('e11e2a2e-2a62-4955-926f-63bd12eba7f6', 'da31df42-46d7-441b-9a2a-7ac8e563c02e', 'e7051ffa-0edb-4ac7-84ed-12c1d3b2b5f8');
INSERT INTO art_ping.employee_role VALUES ('86908406-e226-4676-bc79-d3d2eadfa9b7', 'da31df42-46d7-441b-9a2a-7ac8e563c02e', 'eea13552-ad24-4165-bce4-f1b22776739c');
INSERT INTO art_ping.employee (id, first_name, last_name, office_id, user_id, leave_date, updated, login, email, calendar_id) VALUES ('4ad4c246-4d9c-4976-8096-f91c94c73ad2', 'employeeName702', 'employeeLastName702', '69ccc84e-7d3b-4660-ac62-23b978276b1c', 'c8b67ff2-242c-4445-990a-0fe81fcd9fe0', null, '2021-12-23T15:57:56.200331600', 'testUser702', 'employee702@em.com', 'bcca4f69-b16f-4f53-8049-036acb833630');
INSERT INTO art_ping.employee_role VALUES ('4bd6cd5c-8d79-47dd-b872-0ed46b1baaee', '4ad4c246-4d9c-4976-8096-f91c94c73ad2', '5b204bc5-6430-4939-aa23-17b1482c6d98');
INSERT INTO art_ping.employee_role VALUES ('a6149b93-46fa-48b5-8d7a-fe655bb2dd89', '4ad4c246-4d9c-4976-8096-f91c94c73ad2', 'eea13552-ad24-4165-bce4-f1b22776739c');
INSERT INTO art_ping.employee (id, first_name, last_name, office_id, user_id, leave_date, updated, login, email, calendar_id) VALUES ('a826b351-d4db-44c7-95f8-f68c790b595b', 'employeeName703', 'employeeLastName703', 'afdfa797-0d5b-445f-bc6c-61ab0df59714', 'fca2e029-f056-4e56-8637-68ffb3f37bdc', null, '2021-12-23T15:57:56.200331600', 'testUser703', 'employee703@em.com', 'd7c4b3c8-6301-414d-b394-9c6ca223a4ce');
INSERT INTO art_ping.employee_role VALUES ('bfbce9b7-c2e6-473b-8f75-39f9284da937', 'a826b351-d4db-44c7-95f8-f68c790b595b', '9f4932a6-c650-4cd2-9338-2eefa47aeb35');
INSERT INTO art_ping.employee_role VALUES ('04fbf6a6-be09-4688-b3b7-89699449c654', 'a826b351-d4db-44c7-95f8-f68c790b595b', 'e7051ffa-0edb-4ac7-84ed-12c1d3b2b5f8');
INSERT INTO art_ping.employee_role VALUES ('858b96a5-0683-4c74-9ea1-ab8b393e63c2', 'a826b351-d4db-44c7-95f8-f68c790b595b', 'eea13552-ad24-4165-bce4-f1b22776739c');
INSERT INTO art_ping.employee (id, first_name, last_name, office_id, user_id, leave_date, updated, login, email, calendar_id) VALUES ('b1f82042-7404-42c8-b6b7-fe92c637e47b', 'employeeName704', 'employeeLastName704', '12d17978-c84f-4e8c-a4fc-fdfae5d4adb3', 'ba5ed102-efa3-4a0e-a7a8-1c982be6c10f', null, '2021-12-23T15:57:56.200331600', 'testUser704', 'employee704@em.com', 'fbbbbd43-e6f6-4627-bd74-24d84772a586');
INSERT INTO art_ping.employee_role VALUES ('ee394ec7-e4c2-467d-bb97-1b7d8df1911a', 'b1f82042-7404-42c8-b6b7-fe92c637e47b', '992e5c70-7b14-44ae-b2fc-d0c884659841');
INSERT INTO art_ping.employee_role VALUES ('c6582601-abcf-44ab-aa9d-2f39953b2166', 'b1f82042-7404-42c8-b6b7-fe92c637e47b', '5b204bc5-6430-4939-aa23-17b1482c6d98');
INSERT INTO art_ping.employee_role VALUES ('d44766f9-a5fe-4798-8e40-5283c4e25cdc', 'b1f82042-7404-42c8-b6b7-fe92c637e47b', '9f4932a6-c650-4cd2-9338-2eefa47aeb35');
INSERT INTO art_ping.employee_role VALUES ('69b9cc4f-03fb-4c14-9b88-95fca062dfc7', 'b1f82042-7404-42c8-b6b7-fe92c637e47b', 'e7051ffa-0edb-4ac7-84ed-12c1d3b2b5f8');
INSERT INTO art_ping.employee_role VALUES ('5f0ceb34-3231-49cb-a1c9-caf45e70765b', 'b1f82042-7404-42c8-b6b7-fe92c637e47b', 'eea13552-ad24-4165-bce4-f1b22776739c');
INSERT INTO art_ping.employee (id, first_name, last_name, office_id, user_id, leave_date, updated, login, email, calendar_id) VALUES ('fde5fdd7-8bbd-446b-a01f-b2b4978514a3', 'employeeName705', 'employeeLastName705', 'e4994d9f-0415-4ed4-820e-68f94e66f86a', '2fd7a2dd-aa9d-40a7-9cf8-a088dc5cd9cc', null, '2021-12-23T15:57:56.200331600', 'testUser705', 'employee705@em.com', '453ead52-aea1-4f91-b834-f75909f84808');
INSERT INTO art_ping.employee_role VALUES ('b3bd05d0-7606-4d9a-afbd-ff11cdd1b387', 'fde5fdd7-8bbd-446b-a01f-b2b4978514a3', '992e5c70-7b14-44ae-b2fc-d0c884659841');
INSERT INTO art_ping.employee_role VALUES ('313b3321-9f06-440d-8b97-a28b1a6e8d97', 'fde5fdd7-8bbd-446b-a01f-b2b4978514a3', '9f4932a6-c650-4cd2-9338-2eefa47aeb35');
INSERT INTO art_ping.employee_role VALUES ('0871df08-d713-4d40-b796-eb6c3b54c73c', 'fde5fdd7-8bbd-446b-a01f-b2b4978514a3', 'eea13552-ad24-4165-bce4-f1b22776739c');
INSERT INTO art_ping.employee (id, first_name, last_name, office_id, user_id, leave_date, updated, login, email, calendar_id) VALUES ('01d00aa2-994c-4edb-9f87-774146e9e864', 'employeeName706', 'employeeLastName706', '18cf1f18-bee0-4579-8ae0-1885d9400a93', '2dcb3007-d1cc-4fb3-9753-f98c1ec3587e', null, '2021-12-23T15:57:56.200331600', 'testUser706', 'employee706@em.com', 'be21ba46-06d5-42d8-bc3f-703f93cb2233');
INSERT INTO art_ping.employee_role VALUES ('2cdd24c3-eec6-45e0-922f-a0b4e2b10cd7', '01d00aa2-994c-4edb-9f87-774146e9e864', '992e5c70-7b14-44ae-b2fc-d0c884659841');
INSERT INTO art_ping.employee_role VALUES ('6dc99444-085e-44cf-9662-e9a6a4bbd9fb', '01d00aa2-994c-4edb-9f87-774146e9e864', '5b204bc5-6430-4939-aa23-17b1482c6d98');
INSERT INTO art_ping.employee_role VALUES ('8fc2331b-4a85-4e88-b741-31340c128e11', '01d00aa2-994c-4edb-9f87-774146e9e864', '9f4932a6-c650-4cd2-9338-2eefa47aeb35');
INSERT INTO art_ping.employee_role VALUES ('04ba3289-b35b-41f6-8a99-d1abb71c044b', '01d00aa2-994c-4edb-9f87-774146e9e864', 'e7051ffa-0edb-4ac7-84ed-12c1d3b2b5f8');
INSERT INTO art_ping.employee_role VALUES ('98436468-f6c0-433c-b95e-aac52df79115', '01d00aa2-994c-4edb-9f87-774146e9e864', 'eea13552-ad24-4165-bce4-f1b22776739c');
INSERT INTO art_ping.employee (id, first_name, last_name, office_id, user_id, leave_date, updated, login, email, calendar_id) VALUES ('4d4b1ea2-8b1c-4446-82e5-796ab32e5d09', 'employeeName707', 'employeeLastName707', '1bfe1a0d-69dd-4b7d-b5e7-4596182226d0', 'de5457ff-fbb2-46ef-9f50-80cad2290abf', null, '2021-12-23T15:57:56.200331600', 'testUser707', 'employee707@em.com', '7adf3ff0-be1c-46b4-831a-11f4faf1b392');
INSERT INTO art_ping.employee_role VALUES ('1e49df0f-2e11-4653-9dbf-9bb51286703a', '4d4b1ea2-8b1c-4446-82e5-796ab32e5d09', '5b204bc5-6430-4939-aa23-17b1482c6d98');
INSERT INTO art_ping.employee_role VALUES ('d3fd853b-f4bf-419a-98ca-7510d2ad0de9', '4d4b1ea2-8b1c-4446-82e5-796ab32e5d09', 'eea13552-ad24-4165-bce4-f1b22776739c');
INSERT INTO art_ping.employee (id, first_name, last_name, office_id, user_id, leave_date, updated, login, email, calendar_id) VALUES ('3fc44eaa-159e-4a3b-9c82-65fc88092e3b', 'employeeName708', 'employeeLastName708', '3036147a-f1c8-4c51-9e6b-6f80ab62ec6a', '3dd03a04-5314-4fea-8c63-17d6492456ee', null, '2021-12-23T15:57:56.200331600', 'testUser708', 'employee708@em.com', '987a48d2-2eed-492e-adbb-718872384007');
INSERT INTO art_ping.employee_role VALUES ('d8586215-264e-4ae8-813a-13b3d0b52f4f', '3fc44eaa-159e-4a3b-9c82-65fc88092e3b', '992e5c70-7b14-44ae-b2fc-d0c884659841');
INSERT INTO art_ping.employee_role VALUES ('eddc2348-3bb0-415f-8357-9f98ff08dc05', '3fc44eaa-159e-4a3b-9c82-65fc88092e3b', '5b204bc5-6430-4939-aa23-17b1482c6d98');
INSERT INTO art_ping.employee_role VALUES ('62c07286-64d2-4bf4-975d-233208513461', '3fc44eaa-159e-4a3b-9c82-65fc88092e3b', '9f4932a6-c650-4cd2-9338-2eefa47aeb35');
INSERT INTO art_ping.employee_role VALUES ('db77b6b4-f845-4eda-ae3a-2d508e3a486e', '3fc44eaa-159e-4a3b-9c82-65fc88092e3b', 'eea13552-ad24-4165-bce4-f1b22776739c');
INSERT INTO art_ping.employee (id, first_name, last_name, office_id, user_id, leave_date, updated, login, email, calendar_id) VALUES ('8b0cf62b-565c-4ce2-8b86-343e96db374d', 'employeeName709', 'employeeLastName709', '1ba947e3-eaf1-4929-b987-102328976aa3', '8663abcc-6377-4c70-9980-77b86ece097c', null, '2021-12-23T15:57:56.200331600', 'testUser709', 'employee709@em.com', 'd4552982-6b20-4953-a229-ab5c109eda88');
INSERT INTO art_ping.employee_role VALUES ('570b4275-fd3f-42f6-bfee-ab4c31cdf042', '8b0cf62b-565c-4ce2-8b86-343e96db374d', '992e5c70-7b14-44ae-b2fc-d0c884659841');
INSERT INTO art_ping.employee_role VALUES ('a798bbf9-73f1-4d4c-a2ee-58beb9588e31', '8b0cf62b-565c-4ce2-8b86-343e96db374d', '5b204bc5-6430-4939-aa23-17b1482c6d98');
INSERT INTO art_ping.employee_role VALUES ('51d8fad4-b117-49c8-961c-88d18a9cfd00', '8b0cf62b-565c-4ce2-8b86-343e96db374d', '9f4932a6-c650-4cd2-9338-2eefa47aeb35');
INSERT INTO art_ping.employee_role VALUES ('9cc74218-1d9a-4d93-986c-40749d29f3e0', '8b0cf62b-565c-4ce2-8b86-343e96db374d', 'eea13552-ad24-4165-bce4-f1b22776739c');
INSERT INTO art_ping.employee (id, first_name, last_name, office_id, user_id, leave_date, updated, login, email, calendar_id) VALUES ('52cf7dca-8a89-4675-8cca-ca319a24bc04', 'employeeName710', 'employeeLastName710', '48e75f7d-29ed-462e-8028-b504652c6e29', '9f885920-0063-45e1-a866-c0cd9a34ee81', null, '2021-12-23T15:57:56.200331600', 'testUser710', 'employee710@em.com', '48846e78-d51d-43cd-95d8-4f963493c3af');
INSERT INTO art_ping.employee_role VALUES ('169e1873-3b20-4c41-9b4d-6374e3fe6199', '52cf7dca-8a89-4675-8cca-ca319a24bc04', '992e5c70-7b14-44ae-b2fc-d0c884659841');
INSERT INTO art_ping.employee_role VALUES ('e810e154-5592-4891-9bea-af41837d6fc5', '52cf7dca-8a89-4675-8cca-ca319a24bc04', 'eea13552-ad24-4165-bce4-f1b22776739c');
INSERT INTO art_ping.employee (id, first_name, last_name, office_id, user_id, leave_date, updated, login, email, calendar_id) VALUES ('df1c1f90-b73e-4ab9-8dde-4101ce4f40a6', 'employeeName711', 'employeeLastName711', '3a2f05d5-1b40-4048-9a30-e4feb279d5df', '70133a79-03d1-4927-8ac8-3dce04e58c48', null, '2021-12-23T15:57:56.200331600', 'testUser711', 'employee711@em.com', '4612e905-6868-46e2-a497-c81d84aa4e17');
INSERT INTO art_ping.employee_role VALUES ('7274d672-d1ac-4a25-a26c-6c76d728815e', 'df1c1f90-b73e-4ab9-8dde-4101ce4f40a6', '992e5c70-7b14-44ae-b2fc-d0c884659841');
INSERT INTO art_ping.employee_role VALUES ('4b823daf-f518-4603-aba1-3ddf2aefdda8', 'df1c1f90-b73e-4ab9-8dde-4101ce4f40a6', '9f4932a6-c650-4cd2-9338-2eefa47aeb35');
INSERT INTO art_ping.employee_role VALUES ('e73bdd21-85a7-439e-880d-ad50d58ff656', 'df1c1f90-b73e-4ab9-8dde-4101ce4f40a6', 'e7051ffa-0edb-4ac7-84ed-12c1d3b2b5f8');
INSERT INTO art_ping.employee_role VALUES ('afbd783f-7a74-4121-ab8c-5272c594e43c', 'df1c1f90-b73e-4ab9-8dde-4101ce4f40a6', 'eea13552-ad24-4165-bce4-f1b22776739c');
INSERT INTO art_ping.employee (id, first_name, last_name, office_id, user_id, leave_date, updated, login, email, calendar_id) VALUES ('4dc1adf7-49f7-45d6-a918-e955b4da7dbd', 'employeeName712', 'employeeLastName712', '2023ce3e-27fb-49d3-b19b-0fd1220b331a', 'a84e8e8e-485e-431a-96f6-28a88b59414c', null, '2021-12-23T15:57:56.200331600', 'testUser712', 'employee712@em.com', 'f83e41d6-04f0-4b04-b4f1-949c46b31d00');
INSERT INTO art_ping.employee_role VALUES ('46b06956-08e2-4813-827e-0b7dfa331486', '4dc1adf7-49f7-45d6-a918-e955b4da7dbd', '9f4932a6-c650-4cd2-9338-2eefa47aeb35');
INSERT INTO art_ping.employee_role VALUES ('461f8b44-3a30-47bb-860e-648539bdc863', '4dc1adf7-49f7-45d6-a918-e955b4da7dbd', 'eea13552-ad24-4165-bce4-f1b22776739c');
INSERT INTO art_ping.employee (id, first_name, last_name, office_id, user_id, leave_date, updated, login, email, calendar_id) VALUES ('6671d797-3b4a-4ba1-916f-97e2ec2fec0b', 'employeeName713', 'employeeLastName713', '8c48adbe-20a7-44bf-b911-77410174a31e', '953ae983-4227-4e40-b096-1f5852493de3', null, '2021-12-23T15:57:56.200331600', 'testUser713', 'employee713@em.com', 'a235b392-0594-447a-8cf4-57ea8864c784');
INSERT INTO art_ping.employee_role VALUES ('5be6d826-3cf9-44ec-99a1-f6ba0ce37f69', '6671d797-3b4a-4ba1-916f-97e2ec2fec0b', '9f4932a6-c650-4cd2-9338-2eefa47aeb35');
INSERT INTO art_ping.employee_role VALUES ('9c37e2d7-8681-4e1b-a376-dd00ece9c5de', '6671d797-3b4a-4ba1-916f-97e2ec2fec0b', 'eea13552-ad24-4165-bce4-f1b22776739c');
INSERT INTO art_ping.employee (id, first_name, last_name, office_id, user_id, leave_date, updated, login, email, calendar_id) VALUES ('a96fd4f7-d900-4b9b-89e2-d2b9600bee29', 'employeeName714', 'employeeLastName714', '94d8b0ff-cc8c-4096-8749-f32ce65ee5d6', '7bfe865a-aba7-4c53-9e90-a63e39f8037e', null, '2021-12-23T15:57:56.200331600', 'testUser714', 'employee714@em.com', '2f770549-a4ad-4a69-822b-3db886f9dc7f');
INSERT INTO art_ping.employee_role VALUES ('aef41331-37ee-4269-8504-4a7d0161cca1', 'a96fd4f7-d900-4b9b-89e2-d2b9600bee29', '9f4932a6-c650-4cd2-9338-2eefa47aeb35');
INSERT INTO art_ping.employee_role VALUES ('5264aaa3-b47f-41a0-bced-08f7914f1675', 'a96fd4f7-d900-4b9b-89e2-d2b9600bee29', 'eea13552-ad24-4165-bce4-f1b22776739c');
INSERT INTO art_ping.employee (id, first_name, last_name, office_id, user_id, leave_date, updated, login, email, calendar_id) VALUES ('7230ee53-e482-41fd-9dbb-9e052efbc50c', 'employeeName715', 'employeeLastName715', 'deeb8205-ffab-47f8-84fb-e447d79258d9', '3d010666-bc24-4f2c-8f77-672cf94520a0', null, '2021-12-23T15:57:56.200331600', 'testUser715', 'employee715@em.com', '3e282a1a-a35a-4b7c-b629-a2f1b356f0fe');
INSERT INTO art_ping.employee_role VALUES ('badf5ddd-94c8-49ea-b2ef-08031c737877', '7230ee53-e482-41fd-9dbb-9e052efbc50c', 'e7051ffa-0edb-4ac7-84ed-12c1d3b2b5f8');
INSERT INTO art_ping.employee_role VALUES ('fe37bd77-b618-4c67-bcbd-6dc300042c9c', '7230ee53-e482-41fd-9dbb-9e052efbc50c', 'eea13552-ad24-4165-bce4-f1b22776739c');
INSERT INTO art_ping.employee (id, first_name, last_name, office_id, user_id, leave_date, updated, login, email, calendar_id) VALUES ('af3ef3c6-f266-45bc-b259-a5c2e9b944ee', 'employeeName716', 'employeeLastName716', 'ba0ae5f5-df7c-4729-a1e9-743a1f4d55ee', '1c29cfb9-4833-4865-afea-362f8da225b2', null, '2021-12-23T15:57:56.200331600', 'testUser716', 'employee716@em.com', '1a3e5cab-ecf1-4f1a-b2f2-d8a796f6110d');
INSERT INTO art_ping.employee_role VALUES ('9c70e423-2dfd-421a-b1b8-14cf58f36a41', 'af3ef3c6-f266-45bc-b259-a5c2e9b944ee', '5b204bc5-6430-4939-aa23-17b1482c6d98');
INSERT INTO art_ping.employee_role VALUES ('430993e6-16b1-4e8f-ad77-8a2010c936c9', 'af3ef3c6-f266-45bc-b259-a5c2e9b944ee', '9f4932a6-c650-4cd2-9338-2eefa47aeb35');
INSERT INTO art_ping.employee_role VALUES ('e6189b6c-9593-4655-b9de-053986013b36', 'af3ef3c6-f266-45bc-b259-a5c2e9b944ee', 'e7051ffa-0edb-4ac7-84ed-12c1d3b2b5f8');
INSERT INTO art_ping.employee_role VALUES ('9f2f0696-83dd-4157-91e5-5019a9bd0df3', 'af3ef3c6-f266-45bc-b259-a5c2e9b944ee', 'eea13552-ad24-4165-bce4-f1b22776739c');
INSERT INTO art_ping.employee (id, first_name, last_name, office_id, user_id, leave_date, updated, login, email, calendar_id) VALUES ('cf0d3889-ccf9-4c1a-8cab-2c364d1fd976', 'employeeName717', 'employeeLastName717', '51bbd74e-d50b-4083-9758-07fde28380ae', '3a1e904c-4d37-4a0e-9f0a-cf9608c32f8d', null, '2021-12-23T15:57:56.200331600', 'testUser717', 'employee717@em.com', '48846e78-d51d-43cd-95d8-4f963493c3af');
INSERT INTO art_ping.employee_role VALUES ('53b826de-0aaf-4e0b-9e6d-1ee45676f718', 'cf0d3889-ccf9-4c1a-8cab-2c364d1fd976', '992e5c70-7b14-44ae-b2fc-d0c884659841');
INSERT INTO art_ping.employee_role VALUES ('ebee4bdd-bd42-44d0-8bae-f2e3fe0f8963', 'cf0d3889-ccf9-4c1a-8cab-2c364d1fd976', 'eea13552-ad24-4165-bce4-f1b22776739c');
INSERT INTO art_ping.employee (id, first_name, last_name, office_id, user_id, leave_date, updated, login, email, calendar_id) VALUES ('2da77dcb-0768-478c-a741-618b705ed54c', 'employeeName718', 'employeeLastName718', 'a3c60b9e-051e-4228-8f81-ef01a64b3e7b', '25c3792b-c429-4c1b-badd-f4aad66b426c', null, '2021-12-23T15:57:56.200331600', 'testUser718', 'employee718@em.com', '9ecad47a-2227-4f3d-8f7d-f1e21389be51');
INSERT INTO art_ping.employee_role VALUES ('02e3166a-fe36-4658-8a48-7f3cb96b112b', '2da77dcb-0768-478c-a741-618b705ed54c', 'e7051ffa-0edb-4ac7-84ed-12c1d3b2b5f8');
INSERT INTO art_ping.employee_role VALUES ('f6e28d3f-544e-41a0-8fc3-b096fceb5578', '2da77dcb-0768-478c-a741-618b705ed54c', 'eea13552-ad24-4165-bce4-f1b22776739c');
INSERT INTO art_ping.employee (id, first_name, last_name, office_id, user_id, leave_date, updated, login, email, calendar_id) VALUES ('6af93bbb-0c9c-4c02-b564-e1c57b244499', 'employeeName719', 'employeeLastName719', '111f2c27-fae3-4609-bd82-864bdfbc9c20', '75a4968f-a11b-417d-814e-df5f8ecca68d', null, '2021-12-23T15:57:56.200331600', 'testUser719', 'employee719@em.com', '7061fcee-5c59-426b-ba35-44c82724e8b7');
INSERT INTO art_ping.employee_role VALUES ('07740b89-c27e-4917-ad0b-c9103bb9cd4e', '6af93bbb-0c9c-4c02-b564-e1c57b244499', '9f4932a6-c650-4cd2-9338-2eefa47aeb35');
INSERT INTO art_ping.employee_role VALUES ('26b66f2f-a67d-44d8-a743-638df26098fb', '6af93bbb-0c9c-4c02-b564-e1c57b244499', 'eea13552-ad24-4165-bce4-f1b22776739c');
INSERT INTO art_ping.employee (id, first_name, last_name, office_id, user_id, leave_date, updated, login, email, calendar_id) VALUES ('3f6ab95e-9529-4932-996b-26b5494d8518', 'employeeName720', 'employeeLastName720', 'bfaf99a6-0b1b-4306-adad-9527717fc497', 'fce2e348-a9f7-4cca-888c-03e908fe2b73', null, '2021-12-23T15:57:56.200331600', 'testUser720', 'employee720@em.com', '90405144-abf7-4c23-bb5e-c4c60b07823c');
INSERT INTO art_ping.employee_role VALUES ('1357f5b6-0468-4c13-a4c3-99bbbe47f47b', '3f6ab95e-9529-4932-996b-26b5494d8518', '992e5c70-7b14-44ae-b2fc-d0c884659841');
INSERT INTO art_ping.employee_role VALUES ('2c697e85-ae0b-4404-9285-ad61d1f25115', '3f6ab95e-9529-4932-996b-26b5494d8518', 'eea13552-ad24-4165-bce4-f1b22776739c');
INSERT INTO art_ping.employee (id, first_name, last_name, office_id, user_id, leave_date, updated, login, email, calendar_id) VALUES ('1726d11a-8c45-4b86-86c8-eaee90e0f42a', 'employeeName721', 'employeeLastName721', '1474fde4-7488-4ad3-9495-a980a697c2be', '38e8790d-d381-4da6-a683-4aee5d2da36f', null, '2021-12-23T15:57:56.200331600', 'testUser721', 'employee721@em.com', 'ece84e5d-f32a-4165-aaeb-9c7fcf4ad087');
INSERT INTO art_ping.employee_role VALUES ('c22efbf7-4aa7-4ae8-a263-f3e275afb8dd', '1726d11a-8c45-4b86-86c8-eaee90e0f42a', '5b204bc5-6430-4939-aa23-17b1482c6d98');
INSERT INTO art_ping.employee_role VALUES ('1e1fc261-7608-4530-b4aa-2c738b937d7f', '1726d11a-8c45-4b86-86c8-eaee90e0f42a', 'eea13552-ad24-4165-bce4-f1b22776739c');
INSERT INTO art_ping.employee (id, first_name, last_name, office_id, user_id, leave_date, updated, login, email, calendar_id) VALUES ('80c79fe3-f762-4dce-93f2-86cf0be30c68', 'employeeName722', 'employeeLastName722', '0cf50304-50e2-40ad-ac2f-1fe1dc4380ca', '7fb8b0fe-9455-4cab-835d-7b359a8bf1a7', null, '2021-12-23T15:57:56.200331600', 'testUser722', 'employee722@em.com', '6eab5509-7a0b-41f7-b4cc-4cba817a5a6d');
INSERT INTO art_ping.employee_role VALUES ('80b46d27-85e2-4350-8fbb-7500d969224e', '80c79fe3-f762-4dce-93f2-86cf0be30c68', '5b204bc5-6430-4939-aa23-17b1482c6d98');
INSERT INTO art_ping.employee_role VALUES ('0a3734ae-a66b-42bc-b333-48c505e688c4', '80c79fe3-f762-4dce-93f2-86cf0be30c68', 'eea13552-ad24-4165-bce4-f1b22776739c');
INSERT INTO art_ping.employee (id, first_name, last_name, office_id, user_id, leave_date, updated, login, email, calendar_id) VALUES ('57d5315d-1c9e-4c4b-9a35-af13051cd6a7', 'employeeName723', 'employeeLastName723', '937ba759-79b7-477c-ae2f-dde3ed137121', '65b76394-4d35-4b8f-8a27-78e3f813ccc0', null, '2021-12-23T15:57:56.200331600', 'testUser723', 'employee723@em.com', '1a3e5cab-ecf1-4f1a-b2f2-d8a796f6110d');
INSERT INTO art_ping.employee_role VALUES ('da6ebf7c-773e-4f32-af54-a01c28b09140', '57d5315d-1c9e-4c4b-9a35-af13051cd6a7', '992e5c70-7b14-44ae-b2fc-d0c884659841');
INSERT INTO art_ping.employee_role VALUES ('3930579a-6411-4a49-8260-cd7ec9b492a4', '57d5315d-1c9e-4c4b-9a35-af13051cd6a7', '9f4932a6-c650-4cd2-9338-2eefa47aeb35');
INSERT INTO art_ping.employee_role VALUES ('3b869a49-ef18-4784-b615-a4adec8d080d', '57d5315d-1c9e-4c4b-9a35-af13051cd6a7', 'e7051ffa-0edb-4ac7-84ed-12c1d3b2b5f8');
INSERT INTO art_ping.employee_role VALUES ('b4250ed1-5dec-42a8-afcf-82831d24a7dd', '57d5315d-1c9e-4c4b-9a35-af13051cd6a7', 'eea13552-ad24-4165-bce4-f1b22776739c');
INSERT INTO art_ping.employee (id, first_name, last_name, office_id, user_id, leave_date, updated, login, email, calendar_id) VALUES ('e02699a0-c6d4-4f00-9911-eecb65eb6853', 'employeeName724', 'employeeLastName724', '92cf1ba4-4898-458d-90b7-2fa55a9446a1', '483ed84e-8c5d-4706-9ec1-2bde89ff937e', null, '2021-12-23T15:57:56.200331600', 'testUser724', 'employee724@em.com', 'debfb7a9-fe4c-45c7-9a4f-2c5143c9c1ca');
INSERT INTO art_ping.employee_role VALUES ('510cc317-4ce5-46fd-83c4-f4fd6f94f5a2', 'e02699a0-c6d4-4f00-9911-eecb65eb6853', '992e5c70-7b14-44ae-b2fc-d0c884659841');
INSERT INTO art_ping.employee_role VALUES ('98fa360c-967f-4b37-8ab8-1b9f92f29a80', 'e02699a0-c6d4-4f00-9911-eecb65eb6853', '9f4932a6-c650-4cd2-9338-2eefa47aeb35');
INSERT INTO art_ping.employee_role VALUES ('c0f6ee36-8049-4e00-9cb7-c335e3346357', 'e02699a0-c6d4-4f00-9911-eecb65eb6853', 'e7051ffa-0edb-4ac7-84ed-12c1d3b2b5f8');
INSERT INTO art_ping.employee_role VALUES ('da267945-1d20-4255-97fe-ac75c5011a4a', 'e02699a0-c6d4-4f00-9911-eecb65eb6853', 'eea13552-ad24-4165-bce4-f1b22776739c');
INSERT INTO art_ping.employee (id, first_name, last_name, office_id, user_id, leave_date, updated, login, email, calendar_id) VALUES ('1e5f7186-0fb5-49d0-ac30-eab33edcc0a7', 'employeeName725', 'employeeLastName725', '88d6ca75-e17e-4339-b81c-99cafb421932', '37a447b6-6264-4501-a967-f413ed0a9969', null, '2021-12-23T15:57:56.200331600', 'testUser725', 'employee725@em.com', 'a7486ce1-a4d7-43a8-a3e9-a9bc45473eaa');
INSERT INTO art_ping.employee_role VALUES ('ede36849-ce06-4936-9bd5-99eadddff971', '1e5f7186-0fb5-49d0-ac30-eab33edcc0a7', '992e5c70-7b14-44ae-b2fc-d0c884659841');
INSERT INTO art_ping.employee_role VALUES ('35047b4b-11f1-47c6-b443-7a78c7933aa7', '1e5f7186-0fb5-49d0-ac30-eab33edcc0a7', '5b204bc5-6430-4939-aa23-17b1482c6d98');
INSERT INTO art_ping.employee_role VALUES ('fc0f8841-6360-4f70-9b2a-e0b63e458ac3', '1e5f7186-0fb5-49d0-ac30-eab33edcc0a7', '9f4932a6-c650-4cd2-9338-2eefa47aeb35');
INSERT INTO art_ping.employee_role VALUES ('c65a98b4-1729-448a-b26c-cf895ce438da', '1e5f7186-0fb5-49d0-ac30-eab33edcc0a7', 'e7051ffa-0edb-4ac7-84ed-12c1d3b2b5f8');
INSERT INTO art_ping.employee_role VALUES ('b1987ade-1830-4ca8-8589-ad8105309768', '1e5f7186-0fb5-49d0-ac30-eab33edcc0a7', 'eea13552-ad24-4165-bce4-f1b22776739c');
INSERT INTO art_ping.employee (id, first_name, last_name, office_id, user_id, leave_date, updated, login, email, calendar_id) VALUES ('51c847b7-446c-4714-b4c2-bb66392b420b', 'employeeName726', 'employeeLastName726', '069b73bd-3ecc-4a42-b4d9-dde51cf61ca1', 'fc6ef1c4-3f89-44d2-a0a0-ab53d24c96ac', null, '2021-12-23T15:57:56.200331600', 'testUser726', 'employee726@em.com', '72be929c-8187-459f-a698-1a08fa9a158b');
INSERT INTO art_ping.employee_role VALUES ('13b4889e-1771-4712-b629-fe010abd6bb5', '51c847b7-446c-4714-b4c2-bb66392b420b', '992e5c70-7b14-44ae-b2fc-d0c884659841');
INSERT INTO art_ping.employee_role VALUES ('f7ce5284-496f-4e4c-b26c-04d6e93f358c', '51c847b7-446c-4714-b4c2-bb66392b420b', '9f4932a6-c650-4cd2-9338-2eefa47aeb35');
INSERT INTO art_ping.employee_role VALUES ('37fbb0a6-ae29-4fa4-8043-45a56f7f5cce', '51c847b7-446c-4714-b4c2-bb66392b420b', 'e7051ffa-0edb-4ac7-84ed-12c1d3b2b5f8');
INSERT INTO art_ping.employee_role VALUES ('12850352-057d-4097-8cba-56c26da373f6', '51c847b7-446c-4714-b4c2-bb66392b420b', 'eea13552-ad24-4165-bce4-f1b22776739c');
INSERT INTO art_ping.employee (id, first_name, last_name, office_id, user_id, leave_date, updated, login, email, calendar_id) VALUES ('81de19b3-4102-4be2-b92b-0f66fc0e3d16', 'employeeName727', 'employeeLastName727', 'c58a84f2-ca58-4a59-ae19-b96e5a0f5e4b', '9121063f-51e6-4d31-a593-e85ca9d7988e', null, '2021-12-23T15:57:56.200331600', 'testUser727', 'employee727@em.com', '79f0840b-c9b7-4da8-a723-94850b7de070');
INSERT INTO art_ping.employee_role VALUES ('f178c268-9fea-44a5-8323-aee82a8185e5', '81de19b3-4102-4be2-b92b-0f66fc0e3d16', '992e5c70-7b14-44ae-b2fc-d0c884659841');
INSERT INTO art_ping.employee_role VALUES ('d9e03430-b79a-4a47-b2e9-56c542dbc8e1', '81de19b3-4102-4be2-b92b-0f66fc0e3d16', '5b204bc5-6430-4939-aa23-17b1482c6d98');
INSERT INTO art_ping.employee_role VALUES ('430bd661-16cb-4415-a2e7-0b300da11d3c', '81de19b3-4102-4be2-b92b-0f66fc0e3d16', '9f4932a6-c650-4cd2-9338-2eefa47aeb35');
INSERT INTO art_ping.employee_role VALUES ('59baa4a7-64a5-4085-90c9-9b73c4be4620', '81de19b3-4102-4be2-b92b-0f66fc0e3d16', 'eea13552-ad24-4165-bce4-f1b22776739c');
INSERT INTO art_ping.employee (id, first_name, last_name, office_id, user_id, leave_date, updated, login, email, calendar_id) VALUES ('5895a739-710b-42c6-a590-43412f4df365', 'employeeName728', 'employeeLastName728', 'c82fcb6c-db60-4ed7-bb68-1ec92b113617', '9860a653-da99-4a99-be32-8f00c5a25476', null, '2021-12-23T15:57:56.200331600', 'testUser728', 'employee728@em.com', 'd7310f65-c734-4e83-b875-7c01e33250dc');
INSERT INTO art_ping.employee_role VALUES ('f55ee367-a91f-4f10-a081-f6af4cdd388b', '5895a739-710b-42c6-a590-43412f4df365', '9f4932a6-c650-4cd2-9338-2eefa47aeb35');
INSERT INTO art_ping.employee_role VALUES ('0ecdb02e-11fc-4ade-8cc7-87ba6458b587', '5895a739-710b-42c6-a590-43412f4df365', 'e7051ffa-0edb-4ac7-84ed-12c1d3b2b5f8');
INSERT INTO art_ping.employee_role VALUES ('3939e3e8-ec6b-4220-b11e-fdf9bfc9fc9e', '5895a739-710b-42c6-a590-43412f4df365', 'eea13552-ad24-4165-bce4-f1b22776739c');
INSERT INTO art_ping.employee (id, first_name, last_name, office_id, user_id, leave_date, updated, login, email, calendar_id) VALUES ('f8ddfe9e-d9ac-41ad-a3f4-fe2cf81862c6', 'employeeName729', 'employeeLastName729', '575f1ddf-d760-4f22-a276-71207f5cbba7', '79a9f343-f423-4e12-9ed2-8c8d5cec7175', null, '2021-12-23T15:57:56.200331600', 'testUser729', 'employee729@em.com', '982dd106-6950-49b2-b95a-27220c22ee37');
INSERT INTO art_ping.employee_role VALUES ('7dfa7f0a-05fc-47d5-9279-8f531ff084e6', 'f8ddfe9e-d9ac-41ad-a3f4-fe2cf81862c6', '5b204bc5-6430-4939-aa23-17b1482c6d98');
INSERT INTO art_ping.employee_role VALUES ('26f2b34e-eda3-4e81-b207-05045c16731f', 'f8ddfe9e-d9ac-41ad-a3f4-fe2cf81862c6', '9f4932a6-c650-4cd2-9338-2eefa47aeb35');
INSERT INTO art_ping.employee_role VALUES ('363e655e-7c44-48dd-ae95-d4d07246bb69', 'f8ddfe9e-d9ac-41ad-a3f4-fe2cf81862c6', 'eea13552-ad24-4165-bce4-f1b22776739c');
INSERT INTO art_ping.employee (id, first_name, last_name, office_id, user_id, leave_date, updated, login, email, calendar_id) VALUES ('80eb122f-e58e-4ee6-8ca9-7ec1ceb245d0', 'employeeName730', 'employeeLastName730', 'e3290671-be30-4229-8fa8-24ad9dc45eea', '081e596e-19de-424a-90f2-4acfa3a50cca', null, '2021-12-23T15:57:56.200331600', 'testUser730', 'employee730@em.com', '49e35ed1-5eb8-47d3-988b-e65d5c65f597');
INSERT INTO art_ping.employee_role VALUES ('94ffb2bb-4ed0-45eb-aa88-6833a7719cd5', '80eb122f-e58e-4ee6-8ca9-7ec1ceb245d0', '992e5c70-7b14-44ae-b2fc-d0c884659841');
INSERT INTO art_ping.employee_role VALUES ('b757845a-eac7-4d73-9911-7a90386a472d', '80eb122f-e58e-4ee6-8ca9-7ec1ceb245d0', '9f4932a6-c650-4cd2-9338-2eefa47aeb35');
INSERT INTO art_ping.employee_role VALUES ('19fbb02d-1277-458c-aaa9-44f74032f84a', '80eb122f-e58e-4ee6-8ca9-7ec1ceb245d0', 'e7051ffa-0edb-4ac7-84ed-12c1d3b2b5f8');
INSERT INTO art_ping.employee_role VALUES ('d1b3c5f7-f4c7-4516-9b5b-1988ec2df226', '80eb122f-e58e-4ee6-8ca9-7ec1ceb245d0', 'eea13552-ad24-4165-bce4-f1b22776739c');
INSERT INTO art_ping.employee (id, first_name, last_name, office_id, user_id, leave_date, updated, login, email, calendar_id) VALUES ('f8c0b433-7218-41c1-829f-de660259aacd', 'employeeName731', 'employeeLastName731', '14942791-4335-4153-94a4-635de3369e11', '23dea32f-33e7-4cf7-a8d5-d6d30aeda4e4', null, '2021-12-23T15:57:56.200331600', 'testUser731', 'employee731@em.com', '560183ad-37a6-4a3b-b797-75616dada42a');
INSERT INTO art_ping.employee_role VALUES ('5cc485f9-e1f6-4116-9213-5f2554ab81d5', 'f8c0b433-7218-41c1-829f-de660259aacd', '992e5c70-7b14-44ae-b2fc-d0c884659841');
INSERT INTO art_ping.employee_role VALUES ('3fadd468-c871-4c4b-897b-5b0bea80848d', 'f8c0b433-7218-41c1-829f-de660259aacd', 'e7051ffa-0edb-4ac7-84ed-12c1d3b2b5f8');
INSERT INTO art_ping.employee_role VALUES ('7995027f-480a-408b-859d-9996e80b4fe0', 'f8c0b433-7218-41c1-829f-de660259aacd', 'eea13552-ad24-4165-bce4-f1b22776739c');
INSERT INTO art_ping.employee (id, first_name, last_name, office_id, user_id, leave_date, updated, login, email, calendar_id) VALUES ('e4bd53af-629a-470c-b62f-59cec1997074', 'employeeName732', 'employeeLastName732', '5b04ae11-93fd-4762-8918-08b6e380b65a', 'fdc6c83e-5d65-4cbd-867e-062f8688de35', null, '2021-12-23T15:57:56.200331600', 'testUser732', 'employee732@em.com', '3921a3c2-4c27-4f38-a3d7-31155177d4b4');
INSERT INTO art_ping.employee_role VALUES ('2f750d02-226f-45e5-8967-89c8f520eeba', 'e4bd53af-629a-470c-b62f-59cec1997074', '5b204bc5-6430-4939-aa23-17b1482c6d98');
INSERT INTO art_ping.employee_role VALUES ('f04d09f7-7a16-4d59-ae75-9dd762d81a10', 'e4bd53af-629a-470c-b62f-59cec1997074', 'e7051ffa-0edb-4ac7-84ed-12c1d3b2b5f8');
INSERT INTO art_ping.employee_role VALUES ('35e1aa9d-4176-410e-b1f0-ad1ba7c81c33', 'e4bd53af-629a-470c-b62f-59cec1997074', 'eea13552-ad24-4165-bce4-f1b22776739c');
INSERT INTO art_ping.employee (id, first_name, last_name, office_id, user_id, leave_date, updated, login, email, calendar_id) VALUES ('63cce113-d103-45a1-8092-d837413e8f5d', 'employeeName733', 'employeeLastName733', '0d908e3a-825a-4f04-bb90-4d9883ae2eed', '53954491-195f-4c47-badc-0401e3c165c1', null, '2021-12-23T15:57:56.200331600', 'testUser733', 'employee733@em.com', '4f6093ac-29bf-457b-9d82-0d7d7c2f089f');
INSERT INTO art_ping.employee_role VALUES ('5df3c4bd-2430-4d43-a014-c9cd091962cf', '63cce113-d103-45a1-8092-d837413e8f5d', '992e5c70-7b14-44ae-b2fc-d0c884659841');
INSERT INTO art_ping.employee_role VALUES ('c43a265d-8951-407b-ba1d-18f6864d30a7', '63cce113-d103-45a1-8092-d837413e8f5d', '9f4932a6-c650-4cd2-9338-2eefa47aeb35');
INSERT INTO art_ping.employee_role VALUES ('9caf6a1c-bd4e-4fd2-b824-6a6cbcc454fa', '63cce113-d103-45a1-8092-d837413e8f5d', 'e7051ffa-0edb-4ac7-84ed-12c1d3b2b5f8');
INSERT INTO art_ping.employee_role VALUES ('6e582d0d-334e-44a5-bbb8-92af207270fd', '63cce113-d103-45a1-8092-d837413e8f5d', 'eea13552-ad24-4165-bce4-f1b22776739c');
INSERT INTO art_ping.employee (id, first_name, last_name, office_id, user_id, leave_date, updated, login, email, calendar_id) VALUES ('79374c82-9c26-4dc1-8a66-f7e312d42ec1', 'employeeName734', 'employeeLastName734', 'fd3ef0ae-8d76-420c-9afb-d762f73349d1', 'aa3a87dd-45c2-46f3-86dc-5a6a42a6c27e', null, '2021-12-23T15:57:56.200331600', 'testUser734', 'employee734@em.com', 'efaf2c31-3480-421a-bb39-03aa8dad35d8');
INSERT INTO art_ping.employee_role VALUES ('94818370-8caf-46d8-a40f-7491b895817c', '79374c82-9c26-4dc1-8a66-f7e312d42ec1', '992e5c70-7b14-44ae-b2fc-d0c884659841');
INSERT INTO art_ping.employee_role VALUES ('5c2212d7-35fe-432f-b30f-b7d9f8acc40f', '79374c82-9c26-4dc1-8a66-f7e312d42ec1', '5b204bc5-6430-4939-aa23-17b1482c6d98');
INSERT INTO art_ping.employee_role VALUES ('ca6c5e6e-04e0-4f5e-80ca-8421ae100f10', '79374c82-9c26-4dc1-8a66-f7e312d42ec1', '9f4932a6-c650-4cd2-9338-2eefa47aeb35');
INSERT INTO art_ping.employee_role VALUES ('e25df1e6-6a7e-44bf-9ab6-e5a65896c731', '79374c82-9c26-4dc1-8a66-f7e312d42ec1', 'eea13552-ad24-4165-bce4-f1b22776739c');
INSERT INTO art_ping.employee (id, first_name, last_name, office_id, user_id, leave_date, updated, login, email, calendar_id) VALUES ('2a1dd19e-3dfc-401d-8ae6-a3531463e0e2', 'employeeName735', 'employeeLastName735', '3ca1e963-27d6-475e-a6c7-8a7b4f88555a', 'd6457ed6-a924-4179-b55f-ecc6ce3817d7', null, '2021-12-23T15:57:56.200331600', 'testUser735', 'employee735@em.com', 'be21ba46-06d5-42d8-bc3f-703f93cb2233');
INSERT INTO art_ping.employee_role VALUES ('7a5fc114-d826-4dd4-82dd-7e21201ce83c', '2a1dd19e-3dfc-401d-8ae6-a3531463e0e2', '9f4932a6-c650-4cd2-9338-2eefa47aeb35');
INSERT INTO art_ping.employee_role VALUES ('fdccc32c-536c-4dbe-a9ae-733792a7f222', '2a1dd19e-3dfc-401d-8ae6-a3531463e0e2', 'eea13552-ad24-4165-bce4-f1b22776739c');
INSERT INTO art_ping.employee (id, first_name, last_name, office_id, user_id, leave_date, updated, login, email, calendar_id) VALUES ('48d98a19-98c0-44cf-98a7-95bc2f399373', 'employeeName736', 'employeeLastName736', '408b1964-209f-4569-a642-79852bbe5d08', 'fa5734a4-4f87-4c52-9020-24daa4c69f75', null, '2021-12-23T15:57:56.200331600', 'testUser736', 'employee736@em.com', '774135d2-f0e3-47c2-8496-78319f1757d0');
INSERT INTO art_ping.employee_role VALUES ('87be7b82-8526-4596-93c4-489fe949f1e5', '48d98a19-98c0-44cf-98a7-95bc2f399373', '5b204bc5-6430-4939-aa23-17b1482c6d98');
INSERT INTO art_ping.employee_role VALUES ('c1c573f6-ba27-4127-977a-69839ef81627', '48d98a19-98c0-44cf-98a7-95bc2f399373', '9f4932a6-c650-4cd2-9338-2eefa47aeb35');
INSERT INTO art_ping.employee_role VALUES ('6f8d952d-4a95-4f78-b77e-7a26672e436c', '48d98a19-98c0-44cf-98a7-95bc2f399373', 'eea13552-ad24-4165-bce4-f1b22776739c');
INSERT INTO art_ping.employee (id, first_name, last_name, office_id, user_id, leave_date, updated, login, email, calendar_id) VALUES ('c657ade1-6670-4fa3-9858-1ffba5e72132', 'employeeName737', 'employeeLastName737', 'd295b9f1-f3c8-45c4-abea-f75a887ba6a6', 'af12ba55-4676-4bb7-93a1-2ca2466a3615', null, '2021-12-23T15:57:56.200331600', 'testUser737', 'employee737@em.com', 'bd33e50b-d99e-4f0f-b2eb-191673b80876');
INSERT INTO art_ping.employee_role VALUES ('93fbecbe-8a90-4465-8f3b-4fb8b2f60e38', 'c657ade1-6670-4fa3-9858-1ffba5e72132', '992e5c70-7b14-44ae-b2fc-d0c884659841');
INSERT INTO art_ping.employee_role VALUES ('8a839eb9-d5e8-403b-a032-0b2177e724da', 'c657ade1-6670-4fa3-9858-1ffba5e72132', '5b204bc5-6430-4939-aa23-17b1482c6d98');
INSERT INTO art_ping.employee_role VALUES ('8f890b7a-3d7d-47e8-baf5-3dc05358b6f6', 'c657ade1-6670-4fa3-9858-1ffba5e72132', '9f4932a6-c650-4cd2-9338-2eefa47aeb35');
INSERT INTO art_ping.employee_role VALUES ('9c968117-eafe-4b01-8ae3-0ae9bd434b1b', 'c657ade1-6670-4fa3-9858-1ffba5e72132', 'e7051ffa-0edb-4ac7-84ed-12c1d3b2b5f8');
INSERT INTO art_ping.employee_role VALUES ('926f26a0-3770-4f32-accb-1e6270db676f', 'c657ade1-6670-4fa3-9858-1ffba5e72132', 'eea13552-ad24-4165-bce4-f1b22776739c');
INSERT INTO art_ping.employee (id, first_name, last_name, office_id, user_id, leave_date, updated, login, email, calendar_id) VALUES ('9c7b8963-f8ac-422b-b5e0-9de69dae432e', 'employeeName738', 'employeeLastName738', '3922eb7d-adfb-4550-9949-6266985ac551', 'd7ab546e-1bac-4fbc-bdf7-e35282179e78', null, '2021-12-23T15:57:56.200331600', 'testUser738', 'employee738@em.com', '48846e78-d51d-43cd-95d8-4f963493c3af');
INSERT INTO art_ping.employee_role VALUES ('fedb1818-a9e3-42f9-a344-8d088eaf724c', '9c7b8963-f8ac-422b-b5e0-9de69dae432e', 'eea13552-ad24-4165-bce4-f1b22776739c');
INSERT INTO art_ping.employee (id, first_name, last_name, office_id, user_id, leave_date, updated, login, email, calendar_id) VALUES ('1077b982-eb5d-48f5-89f7-50f6c6b9e973', 'employeeName739', 'employeeLastName739', '2f39abc2-0a99-4b9d-ad8b-2ba7a9a5c01c', '3a287845-7be9-4dfd-8f59-89b49b5bca13', null, '2021-12-23T15:57:56.200331600', 'testUser739', 'employee739@em.com', '886154e8-0b6b-4b1a-9712-137acd2d2b8b');
INSERT INTO art_ping.employee_role VALUES ('b7e697be-9032-46c8-8b32-4a9d14a47b22', '1077b982-eb5d-48f5-89f7-50f6c6b9e973', '992e5c70-7b14-44ae-b2fc-d0c884659841');
INSERT INTO art_ping.employee_role VALUES ('4fffee4e-28e2-46c9-8b80-330aac2c2314', '1077b982-eb5d-48f5-89f7-50f6c6b9e973', '5b204bc5-6430-4939-aa23-17b1482c6d98');
INSERT INTO art_ping.employee_role VALUES ('5d49a24c-192c-4f76-8d80-9f9df128678b', '1077b982-eb5d-48f5-89f7-50f6c6b9e973', 'e7051ffa-0edb-4ac7-84ed-12c1d3b2b5f8');
INSERT INTO art_ping.employee_role VALUES ('cf972611-7546-475f-9b46-ed41c4a01939', '1077b982-eb5d-48f5-89f7-50f6c6b9e973', 'eea13552-ad24-4165-bce4-f1b22776739c');
INSERT INTO art_ping.employee (id, first_name, last_name, office_id, user_id, leave_date, updated, login, email, calendar_id) VALUES ('f1b2ee7f-8722-4daf-b265-6a5a272a2bdb', 'employeeName740', 'employeeLastName740', '3c3e50fc-bd68-4ae9-9f2d-eb0be2ff87f9', 'c0e85b15-d216-42a0-b588-5a943f65dfa8', null, '2021-12-23T15:57:56.200331600', 'testUser740', 'employee740@em.com', '6eab5509-7a0b-41f7-b4cc-4cba817a5a6d');
INSERT INTO art_ping.employee_role VALUES ('a7e15676-8e88-49d4-ad79-e3dec5c869a9', 'f1b2ee7f-8722-4daf-b265-6a5a272a2bdb', '992e5c70-7b14-44ae-b2fc-d0c884659841');
INSERT INTO art_ping.employee_role VALUES ('d93aeb25-b245-4a8b-aea8-5e2915bcc103', 'f1b2ee7f-8722-4daf-b265-6a5a272a2bdb', '5b204bc5-6430-4939-aa23-17b1482c6d98');
INSERT INTO art_ping.employee_role VALUES ('52ac447e-8c3c-44e3-97fa-1ce50b24a5a1', 'f1b2ee7f-8722-4daf-b265-6a5a272a2bdb', 'eea13552-ad24-4165-bce4-f1b22776739c');
INSERT INTO art_ping.employee (id, first_name, last_name, office_id, user_id, leave_date, updated, login, email, calendar_id) VALUES ('a631eccb-2ad5-4789-8d5c-ed6132b2e674', 'employeeName741', 'employeeLastName741', '9dcc8d7b-ca00-4ea1-9e65-94b309561b32', '689a8bfc-0058-4b7d-ad8d-ab64ccc51f00', null, '2021-12-23T15:57:56.200331600', 'testUser741', 'employee741@em.com', '9ecad47a-2227-4f3d-8f7d-f1e21389be51');
INSERT INTO art_ping.employee_role VALUES ('8082db87-2820-4a3d-9a30-b370ca282689', 'a631eccb-2ad5-4789-8d5c-ed6132b2e674', '992e5c70-7b14-44ae-b2fc-d0c884659841');
INSERT INTO art_ping.employee_role VALUES ('3233b6f9-cd9a-4d63-8673-eac7362b0473', 'a631eccb-2ad5-4789-8d5c-ed6132b2e674', '5b204bc5-6430-4939-aa23-17b1482c6d98');
INSERT INTO art_ping.employee_role VALUES ('02e92d2c-18c3-41d3-ba32-6297c39998f4', 'a631eccb-2ad5-4789-8d5c-ed6132b2e674', 'e7051ffa-0edb-4ac7-84ed-12c1d3b2b5f8');
INSERT INTO art_ping.employee_role VALUES ('e0ca00c4-87dd-47e4-a760-aab91265720d', 'a631eccb-2ad5-4789-8d5c-ed6132b2e674', 'eea13552-ad24-4165-bce4-f1b22776739c');
INSERT INTO art_ping.employee (id, first_name, last_name, office_id, user_id, leave_date, updated, login, email, calendar_id) VALUES ('df72b0f4-029b-4a59-b358-f9da272d0125', 'employeeName742', 'employeeLastName742', '786bdd0f-cfaa-48ae-84cb-bef7346a7cff', 'a58b0af9-7608-4874-a66b-1907d55ddd48', null, '2021-12-23T15:57:56.200331600', 'testUser742', 'employee742@em.com', '1efce7ca-fc5b-4e84-ab9b-e1eb6771660f');
INSERT INTO art_ping.employee_role VALUES ('d4e33d92-bdc4-4148-bad8-fb561ce22010', 'df72b0f4-029b-4a59-b358-f9da272d0125', '992e5c70-7b14-44ae-b2fc-d0c884659841');
INSERT INTO art_ping.employee_role VALUES ('d4b34e08-d5f8-4b14-a44c-014c15ca0f8a', 'df72b0f4-029b-4a59-b358-f9da272d0125', '5b204bc5-6430-4939-aa23-17b1482c6d98');
INSERT INTO art_ping.employee_role VALUES ('054077a2-ca97-4dd6-b178-34e873ac238c', 'df72b0f4-029b-4a59-b358-f9da272d0125', 'eea13552-ad24-4165-bce4-f1b22776739c');
INSERT INTO art_ping.employee (id, first_name, last_name, office_id, user_id, leave_date, updated, login, email, calendar_id) VALUES ('7b03ab40-238a-488a-87a3-d3b19501196d', 'employeeName743', 'employeeLastName743', '01efbb9f-ce39-452b-934d-7126d7938613', '418da012-aa66-4952-a3de-0a124e76c100', null, '2021-12-23T15:57:56.200331600', 'testUser743', 'employee743@em.com', 'd31f9382-b96d-477a-9079-9453e36b1b8d');
INSERT INTO art_ping.employee_role VALUES ('42c07ac9-e6a5-46cb-8ccd-ea8fd82ede57', '7b03ab40-238a-488a-87a3-d3b19501196d', '5b204bc5-6430-4939-aa23-17b1482c6d98');
INSERT INTO art_ping.employee_role VALUES ('293100e6-b3d3-4f36-af17-f06dceabb083', '7b03ab40-238a-488a-87a3-d3b19501196d', 'eea13552-ad24-4165-bce4-f1b22776739c');
INSERT INTO art_ping.employee (id, first_name, last_name, office_id, user_id, leave_date, updated, login, email, calendar_id) VALUES ('83b49996-22c0-4243-ab54-574dc2275deb', 'employeeName744', 'employeeLastName744', 'a7fd52f5-bc9c-4cac-8c37-dcf8ab8848c6', '87e1c5b1-856a-4672-816d-db02f4ba0f61', null, '2021-12-23T15:57:56.201331800', 'testUser744', 'employee744@em.com', 'debfb7a9-fe4c-45c7-9a4f-2c5143c9c1ca');
INSERT INTO art_ping.employee_role VALUES ('ca342635-ef95-4efb-895a-593e75775205', '83b49996-22c0-4243-ab54-574dc2275deb', '5b204bc5-6430-4939-aa23-17b1482c6d98');
INSERT INTO art_ping.employee_role VALUES ('f8ca02a0-1ce1-4deb-92c5-6ed88ce97aee', '83b49996-22c0-4243-ab54-574dc2275deb', 'e7051ffa-0edb-4ac7-84ed-12c1d3b2b5f8');
INSERT INTO art_ping.employee_role VALUES ('981ff251-4c36-48aa-b380-68345a551eab', '83b49996-22c0-4243-ab54-574dc2275deb', 'eea13552-ad24-4165-bce4-f1b22776739c');
INSERT INTO art_ping.employee (id, first_name, last_name, office_id, user_id, leave_date, updated, login, email, calendar_id) VALUES ('004faa79-f42b-4f41-8bca-6c70dab97ec7', 'employeeName745', 'employeeLastName745', 'a7627bd2-e1a1-436c-a003-af2b199ae21e', '0ae14619-e315-4453-9dcb-4a5698eb258f', null, '2021-12-23T15:57:56.201331800', 'testUser745', 'employee745@em.com', '4b1ba17b-5803-4657-aeff-19741575fd9d');
INSERT INTO art_ping.employee_role VALUES ('1833bb89-9bb6-4bf5-a659-c1b9b2e5034f', '004faa79-f42b-4f41-8bca-6c70dab97ec7', '992e5c70-7b14-44ae-b2fc-d0c884659841');
INSERT INTO art_ping.employee_role VALUES ('a6c370db-f740-4115-b449-752c49cb6f8f', '004faa79-f42b-4f41-8bca-6c70dab97ec7', 'eea13552-ad24-4165-bce4-f1b22776739c');
INSERT INTO art_ping.employee (id, first_name, last_name, office_id, user_id, leave_date, updated, login, email, calendar_id) VALUES ('0e7f2468-f920-461e-93a0-65a69233c30c', 'employeeName746', 'employeeLastName746', '699f41f3-578c-443b-bfa4-280d099262cb', '7598642c-a7bd-4b99-90b5-c98c41782ec0', null, '2021-12-23T15:57:56.201331800', 'testUser746', 'employee746@em.com', '23775748-0ced-4446-a6d7-d6913f30ff57');
INSERT INTO art_ping.employee_role VALUES ('a06ff6f3-26dd-4c80-939c-1ccede5c37ae', '0e7f2468-f920-461e-93a0-65a69233c30c', '992e5c70-7b14-44ae-b2fc-d0c884659841');
INSERT INTO art_ping.employee_role VALUES ('bd3c8176-0d8a-4284-9412-4af084bc61bb', '0e7f2468-f920-461e-93a0-65a69233c30c', '5b204bc5-6430-4939-aa23-17b1482c6d98');
INSERT INTO art_ping.employee_role VALUES ('96683a41-02b5-471e-b1fd-9f7190a6561a', '0e7f2468-f920-461e-93a0-65a69233c30c', 'eea13552-ad24-4165-bce4-f1b22776739c');
INSERT INTO art_ping.employee (id, first_name, last_name, office_id, user_id, leave_date, updated, login, email, calendar_id) VALUES ('4e444732-bfa8-4437-9e90-b12b405cddba', 'employeeName747', 'employeeLastName747', '4a93e78c-0494-4f99-9bee-24b83c93c6c0', '35514c20-78be-4d7b-9388-1c1997f50a06', null, '2021-12-23T15:57:56.201331800', 'testUser747', 'employee747@em.com', 'f0ff4fa0-137f-466d-bc0e-38e49a2efaa5');
INSERT INTO art_ping.employee_role VALUES ('d9642c46-cc53-4fbb-af13-776a3a9ad066', '4e444732-bfa8-4437-9e90-b12b405cddba', '992e5c70-7b14-44ae-b2fc-d0c884659841');
INSERT INTO art_ping.employee_role VALUES ('d1c47175-ab11-4bbf-9b37-23b12eb93b4d', '4e444732-bfa8-4437-9e90-b12b405cddba', '5b204bc5-6430-4939-aa23-17b1482c6d98');
INSERT INTO art_ping.employee_role VALUES ('8539014d-af44-4bb4-ab3a-f2e63f062e5b', '4e444732-bfa8-4437-9e90-b12b405cddba', '9f4932a6-c650-4cd2-9338-2eefa47aeb35');
INSERT INTO art_ping.employee_role VALUES ('a35cf7c0-2e4c-4fea-b1ab-b4ed98229af4', '4e444732-bfa8-4437-9e90-b12b405cddba', 'eea13552-ad24-4165-bce4-f1b22776739c');
INSERT INTO art_ping.employee (id, first_name, last_name, office_id, user_id, leave_date, updated, login, email, calendar_id) VALUES ('2d601f45-775e-4572-89be-deec95beb941', 'employeeName748', 'employeeLastName748', '2faf0455-0444-435e-8f7a-1f90b3114361', 'b5114321-3fe0-4535-9a92-87f5b78c00f1', null, '2021-12-23T15:57:56.201331800', 'testUser748', 'employee748@em.com', '802b57b2-dc55-4ffa-b4fa-195259182c8c');
INSERT INTO art_ping.employee_role VALUES ('c556e70b-fd9d-4a1c-aa10-01f1df759dec', '2d601f45-775e-4572-89be-deec95beb941', '9f4932a6-c650-4cd2-9338-2eefa47aeb35');
INSERT INTO art_ping.employee_role VALUES ('f98b52aa-1c1b-4ce6-bc2c-b067f9e0f768', '2d601f45-775e-4572-89be-deec95beb941', 'e7051ffa-0edb-4ac7-84ed-12c1d3b2b5f8');
INSERT INTO art_ping.employee_role VALUES ('af9d056b-bb18-45f0-89c5-48db2af15286', '2d601f45-775e-4572-89be-deec95beb941', 'eea13552-ad24-4165-bce4-f1b22776739c');
INSERT INTO art_ping.employee (id, first_name, last_name, office_id, user_id, leave_date, updated, login, email, calendar_id) VALUES ('ccbc9996-12d3-442e-ba88-ba53f3e240b8', 'employeeName749', 'employeeLastName749', '00c14cae-f5ac-4c4b-81c9-5fee65111124', '4bfdc1fa-f1e5-4677-a71b-d3353b87a5c0', null, '2021-12-23T15:57:56.201331800', 'testUser749', 'employee749@em.com', '987a48d2-2eed-492e-adbb-718872384007');
INSERT INTO art_ping.employee_role VALUES ('c1c20db1-a634-45bd-b5d3-9b935951e3fb', 'ccbc9996-12d3-442e-ba88-ba53f3e240b8', '992e5c70-7b14-44ae-b2fc-d0c884659841');
INSERT INTO art_ping.employee_role VALUES ('0a76410d-af6d-400e-8908-bf9182cf698d', 'ccbc9996-12d3-442e-ba88-ba53f3e240b8', '5b204bc5-6430-4939-aa23-17b1482c6d98');
INSERT INTO art_ping.employee_role VALUES ('ced2b1ec-8fe8-4e87-bfcc-78cddaffefb4', 'ccbc9996-12d3-442e-ba88-ba53f3e240b8', 'e7051ffa-0edb-4ac7-84ed-12c1d3b2b5f8');
INSERT INTO art_ping.employee_role VALUES ('ec8cc256-0c2e-46b0-9ea4-c0f8eea77778', 'ccbc9996-12d3-442e-ba88-ba53f3e240b8', 'eea13552-ad24-4165-bce4-f1b22776739c');
INSERT INTO art_ping.employee (id, first_name, last_name, office_id, user_id, leave_date, updated, login, email, calendar_id) VALUES ('bc0fcf18-417f-470c-bb5b-075ee1ab870f', 'employeeName750', 'employeeLastName750', '7bd07dfc-0748-436f-aa83-5b2127392772', '7cb86668-5c01-431c-af00-4ee3976bc539', null, '2021-12-23T15:57:56.201331800', 'testUser750', 'employee750@em.com', 'd3cd12c5-22c2-4632-9750-1b44ccdbe5c8');
INSERT INTO art_ping.employee_role VALUES ('56718b24-17d2-4f1e-a7fe-6b7c8919b348', 'bc0fcf18-417f-470c-bb5b-075ee1ab870f', 'e7051ffa-0edb-4ac7-84ed-12c1d3b2b5f8');
INSERT INTO art_ping.employee_role VALUES ('9c8eb979-e342-4b3f-8634-ce274a0f343d', 'bc0fcf18-417f-470c-bb5b-075ee1ab870f', 'eea13552-ad24-4165-bce4-f1b22776739c');
INSERT INTO art_ping.employee (id, first_name, last_name, office_id, user_id, leave_date, updated, login, email, calendar_id) VALUES ('069ee076-a9b5-44e8-883f-6a6afdb7efd8', 'employeeName751', 'employeeLastName751', '4060e5ce-24df-4074-a72d-0d096be5e4ca', '5c316ab2-c1bf-4bd1-9b3d-85ec9fe0fcc2', null, '2021-12-23T15:57:56.201331800', 'testUser751', 'employee751@em.com', 'ca196dd7-5deb-45a2-b88b-ae966af9b597');
INSERT INTO art_ping.employee_role VALUES ('a51dd2af-5c50-4730-840b-6f1b90ac41ab', '069ee076-a9b5-44e8-883f-6a6afdb7efd8', 'e7051ffa-0edb-4ac7-84ed-12c1d3b2b5f8');
INSERT INTO art_ping.employee_role VALUES ('58220ace-a2e6-4b9d-b148-3ecbe74d24fd', '069ee076-a9b5-44e8-883f-6a6afdb7efd8', 'eea13552-ad24-4165-bce4-f1b22776739c');
INSERT INTO art_ping.employee (id, first_name, last_name, office_id, user_id, leave_date, updated, login, email, calendar_id) VALUES ('6af70ce3-be0a-4b67-90f8-5d03b9250dff', 'employeeName752', 'employeeLastName752', '1fbbbcac-e7fe-4668-82ec-2927f64110c5', 'e4f2491e-8c96-4294-bc87-690dcd9c3d6f', null, '2021-12-23T15:57:56.201331800', 'testUser752', 'employee752@em.com', 'ad61be45-0c7f-4c95-be8b-608340beb8ee');
INSERT INTO art_ping.employee_role VALUES ('dfb6a5a5-2217-444c-9e80-f8ed2a6e0b7a', '6af70ce3-be0a-4b67-90f8-5d03b9250dff', '992e5c70-7b14-44ae-b2fc-d0c884659841');
INSERT INTO art_ping.employee_role VALUES ('198ad929-ce17-4ae1-aef4-e2e324c8ec41', '6af70ce3-be0a-4b67-90f8-5d03b9250dff', '9f4932a6-c650-4cd2-9338-2eefa47aeb35');
INSERT INTO art_ping.employee_role VALUES ('dc31d266-8121-4821-8e87-2f8bf01b268c', '6af70ce3-be0a-4b67-90f8-5d03b9250dff', 'e7051ffa-0edb-4ac7-84ed-12c1d3b2b5f8');
INSERT INTO art_ping.employee_role VALUES ('8be226a3-0d00-4990-8dde-cbfe63a54d5c', '6af70ce3-be0a-4b67-90f8-5d03b9250dff', 'eea13552-ad24-4165-bce4-f1b22776739c');
INSERT INTO art_ping.employee (id, first_name, last_name, office_id, user_id, leave_date, updated, login, email, calendar_id) VALUES ('05401823-060e-4ba4-af55-daf4f5ed50bc', 'employeeName753', 'employeeLastName753', '4672af58-336a-41a9-8ed5-366a579aaa39', '80547fa3-f7de-4c7e-81fd-dedc39a353f0', null, '2021-12-23T15:57:56.201331800', 'testUser753', 'employee753@em.com', '3ca8d6d0-3ab2-4e7d-b43a-e789476d70cd');
INSERT INTO art_ping.employee_role VALUES ('c24308c6-23a5-4dbe-975a-f874d8dfeccf', '05401823-060e-4ba4-af55-daf4f5ed50bc', '992e5c70-7b14-44ae-b2fc-d0c884659841');
INSERT INTO art_ping.employee_role VALUES ('426a1c14-2e0c-443c-badf-b54498e93203', '05401823-060e-4ba4-af55-daf4f5ed50bc', '5b204bc5-6430-4939-aa23-17b1482c6d98');
INSERT INTO art_ping.employee_role VALUES ('023c62e9-db52-49e0-a0fe-fa41d314e7cf', '05401823-060e-4ba4-af55-daf4f5ed50bc', 'eea13552-ad24-4165-bce4-f1b22776739c');
INSERT INTO art_ping.employee (id, first_name, last_name, office_id, user_id, leave_date, updated, login, email, calendar_id) VALUES ('8843030e-58ad-4ea0-8271-1a969a286434', 'employeeName754', 'employeeLastName754', 'a43ab379-abe5-4c19-a272-c1961d580f8f', '7ad82555-0973-4cd9-ae20-6322eda91554', null, '2021-12-23T15:57:56.201331800', 'testUser754', 'employee754@em.com', '3921a3c2-4c27-4f38-a3d7-31155177d4b4');
INSERT INTO art_ping.employee_role VALUES ('279dee63-c851-496b-90dd-c99df6a90a28', '8843030e-58ad-4ea0-8271-1a969a286434', '992e5c70-7b14-44ae-b2fc-d0c884659841');
INSERT INTO art_ping.employee_role VALUES ('3fa4faff-9b17-4e92-8427-014c782d162e', '8843030e-58ad-4ea0-8271-1a969a286434', '5b204bc5-6430-4939-aa23-17b1482c6d98');
INSERT INTO art_ping.employee_role VALUES ('c7a687d3-6eab-44db-8fa3-51bbd4d4911e', '8843030e-58ad-4ea0-8271-1a969a286434', '9f4932a6-c650-4cd2-9338-2eefa47aeb35');
INSERT INTO art_ping.employee_role VALUES ('95a2acb2-334b-41a0-a5d7-fe050a70f52c', '8843030e-58ad-4ea0-8271-1a969a286434', 'eea13552-ad24-4165-bce4-f1b22776739c');
INSERT INTO art_ping.employee (id, first_name, last_name, office_id, user_id, leave_date, updated, login, email, calendar_id) VALUES ('d24fad58-5692-48dc-bb9a-c2e6e6751114', 'employeeName755', 'employeeLastName755', 'c476b8de-bb4f-464a-814b-fd43d3de7ce2', 'ac9bee2d-beda-4703-9934-5dea150456e8', null, '2021-12-23T15:57:56.201331800', 'testUser755', 'employee755@em.com', '6740ee80-af1f-4f7c-830d-0022eb5c71ff');
INSERT INTO art_ping.employee_role VALUES ('0b9dbd14-8237-4c58-b644-d2ed1a5c4122', 'd24fad58-5692-48dc-bb9a-c2e6e6751114', '9f4932a6-c650-4cd2-9338-2eefa47aeb35');
INSERT INTO art_ping.employee_role VALUES ('b01354f4-6fab-44d4-a641-ea689ad2d944', 'd24fad58-5692-48dc-bb9a-c2e6e6751114', 'e7051ffa-0edb-4ac7-84ed-12c1d3b2b5f8');
INSERT INTO art_ping.employee_role VALUES ('8c4c7b21-4da8-4ae4-9dfa-48ac2086669c', 'd24fad58-5692-48dc-bb9a-c2e6e6751114', 'eea13552-ad24-4165-bce4-f1b22776739c');
INSERT INTO art_ping.employee (id, first_name, last_name, office_id, user_id, leave_date, updated, login, email, calendar_id) VALUES ('0d6ed6ce-cd81-40fa-8ab8-91e5b6ed43d2', 'employeeName756', 'employeeLastName756', '08ca9868-9653-4dab-bbb7-c394d84d0edf', '43bb9fcc-a2b4-4cd4-b80a-ef43bbf2e297', null, '2021-12-23T15:57:56.201331800', 'testUser756', 'employee756@em.com', 'be21ba46-06d5-42d8-bc3f-703f93cb2233');
INSERT INTO art_ping.employee_role VALUES ('7bd13474-8fd0-478a-9cb1-c255ec961d10', '0d6ed6ce-cd81-40fa-8ab8-91e5b6ed43d2', '9f4932a6-c650-4cd2-9338-2eefa47aeb35');
INSERT INTO art_ping.employee_role VALUES ('b1bda764-d561-441d-bcfb-59327947c47d', '0d6ed6ce-cd81-40fa-8ab8-91e5b6ed43d2', 'eea13552-ad24-4165-bce4-f1b22776739c');
INSERT INTO art_ping.employee (id, first_name, last_name, office_id, user_id, leave_date, updated, login, email, calendar_id) VALUES ('0d9be05f-494f-4ea6-aa20-04cb47089c46', 'employeeName757', 'employeeLastName757', 'bbf85530-8751-4308-a771-efef5c0fe998', '4791ab26-c3a7-4a4c-8139-21322232d211', null, '2021-12-23T15:57:56.201331800', 'testUser757', 'employee757@em.com', '65b30d5f-f607-43c7-8c6d-7ca7ced24c0c');
INSERT INTO art_ping.employee_role VALUES ('6757dbd6-aa98-4681-8828-88207d07b32c', '0d9be05f-494f-4ea6-aa20-04cb47089c46', '5b204bc5-6430-4939-aa23-17b1482c6d98');
INSERT INTO art_ping.employee_role VALUES ('3c72cd88-bd77-435e-b6bc-a361b8f343fc', '0d9be05f-494f-4ea6-aa20-04cb47089c46', 'e7051ffa-0edb-4ac7-84ed-12c1d3b2b5f8');
INSERT INTO art_ping.employee_role VALUES ('dbde4a0f-f04d-4391-9629-8132c655285b', '0d9be05f-494f-4ea6-aa20-04cb47089c46', 'eea13552-ad24-4165-bce4-f1b22776739c');
INSERT INTO art_ping.employee (id, first_name, last_name, office_id, user_id, leave_date, updated, login, email, calendar_id) VALUES ('4e877079-8463-403d-8b7f-aabde8b63d16', 'employeeName758', 'employeeLastName758', 'a1804e8b-77fa-4631-825e-c3c9c31c898e', 'cacfee26-d458-4c7d-bbb9-ec19c3fff65e', null, '2021-12-23T15:57:56.201331800', 'testUser758', 'employee758@em.com', 'd7310f65-c734-4e83-b875-7c01e33250dc');
INSERT INTO art_ping.employee_role VALUES ('91b3aae9-2478-4fcc-bc41-b2a1a8a20763', '4e877079-8463-403d-8b7f-aabde8b63d16', '5b204bc5-6430-4939-aa23-17b1482c6d98');
INSERT INTO art_ping.employee_role VALUES ('4ab75745-8f88-4f73-8c7d-bb37b4a0dc06', '4e877079-8463-403d-8b7f-aabde8b63d16', '9f4932a6-c650-4cd2-9338-2eefa47aeb35');
INSERT INTO art_ping.employee_role VALUES ('ca6b1934-a574-48c1-a722-c2bc99854a82', '4e877079-8463-403d-8b7f-aabde8b63d16', 'eea13552-ad24-4165-bce4-f1b22776739c');
INSERT INTO art_ping.employee (id, first_name, last_name, office_id, user_id, leave_date, updated, login, email, calendar_id) VALUES ('d7a1c974-165d-43d0-8739-dbc1c4b8d59a', 'employeeName759', 'employeeLastName759', '7c12f3c6-03fc-4b3f-937f-209221b1ff4a', '558f287d-ddca-4c59-b1b5-7a771390f27f', null, '2021-12-23T15:57:56.201331800', 'testUser759', 'employee759@em.com', '72be929c-8187-459f-a698-1a08fa9a158b');
INSERT INTO art_ping.employee_role VALUES ('245f9082-5e94-4721-b9a2-9de36023f8c4', 'd7a1c974-165d-43d0-8739-dbc1c4b8d59a', '5b204bc5-6430-4939-aa23-17b1482c6d98');
INSERT INTO art_ping.employee_role VALUES ('964b740f-e22c-48b7-a8f8-cd7d396aae2c', 'd7a1c974-165d-43d0-8739-dbc1c4b8d59a', 'e7051ffa-0edb-4ac7-84ed-12c1d3b2b5f8');
INSERT INTO art_ping.employee_role VALUES ('f98c332b-ae80-480f-b155-885008b20bfe', 'd7a1c974-165d-43d0-8739-dbc1c4b8d59a', 'eea13552-ad24-4165-bce4-f1b22776739c');
INSERT INTO art_ping.employee (id, first_name, last_name, office_id, user_id, leave_date, updated, login, email, calendar_id) VALUES ('fdcb8726-41c4-4ce5-8310-f8cbbc5216fe', 'employeeName760', 'employeeLastName760', '3d32f490-0192-41f8-af4c-658dea840975', '570d4b94-0904-4b53-8714-cebc26b0cb4d', null, '2021-12-23T15:57:56.201331800', 'testUser760', 'employee760@em.com', 'f85375e3-ece3-447f-81a6-2931737032df');
INSERT INTO art_ping.employee_role VALUES ('1d5ca10a-a4ec-466b-b684-23f903cd0163', 'fdcb8726-41c4-4ce5-8310-f8cbbc5216fe', 'e7051ffa-0edb-4ac7-84ed-12c1d3b2b5f8');
INSERT INTO art_ping.employee_role VALUES ('1fa49b5b-3ed8-4324-8f52-d320ad9a6cc8', 'fdcb8726-41c4-4ce5-8310-f8cbbc5216fe', 'eea13552-ad24-4165-bce4-f1b22776739c');
INSERT INTO art_ping.employee (id, first_name, last_name, office_id, user_id, leave_date, updated, login, email, calendar_id) VALUES ('41762832-804a-4128-b0d8-fb0a1eff1e49', 'employeeName761', 'employeeLastName761', '185a6ae7-c744-4531-91d2-c1d2de187c9b', '988f3597-ef71-44b2-b13c-b6b0c630d7ce', null, '2021-12-23T15:57:56.201331800', 'testUser761', 'employee761@em.com', '567f95ff-0272-471e-a091-5ba82268387c');
INSERT INTO art_ping.employee_role VALUES ('e6f26777-bdc2-4c2d-860e-0773eafa73c9', '41762832-804a-4128-b0d8-fb0a1eff1e49', '992e5c70-7b14-44ae-b2fc-d0c884659841');
INSERT INTO art_ping.employee_role VALUES ('48ee4f04-7444-4614-99a5-e6a8e90a1908', '41762832-804a-4128-b0d8-fb0a1eff1e49', '5b204bc5-6430-4939-aa23-17b1482c6d98');
INSERT INTO art_ping.employee_role VALUES ('55fb715c-969e-44ba-a8c6-f3fdad3e7dcb', '41762832-804a-4128-b0d8-fb0a1eff1e49', 'e7051ffa-0edb-4ac7-84ed-12c1d3b2b5f8');
INSERT INTO art_ping.employee_role VALUES ('bbfee9a5-9800-4c78-9ae5-5aa83b347486', '41762832-804a-4128-b0d8-fb0a1eff1e49', 'eea13552-ad24-4165-bce4-f1b22776739c');
INSERT INTO art_ping.employee (id, first_name, last_name, office_id, user_id, leave_date, updated, login, email, calendar_id) VALUES ('58c8f386-8e2b-4f49-8f0a-cdec23fc0dd2', 'employeeName762', 'employeeLastName762', '31d641e9-4849-4366-bc49-bd05627fbc1d', 'ae88bc19-da72-4f94-a96e-72942a19a5bb', null, '2021-12-23T15:57:56.201331800', 'testUser762', 'employee762@em.com', 'eca3e110-990e-41b7-ba9d-a62f8a56a4f3');
INSERT INTO art_ping.employee_role VALUES ('a27ee270-2935-4937-85f9-889746e11bde', '58c8f386-8e2b-4f49-8f0a-cdec23fc0dd2', '992e5c70-7b14-44ae-b2fc-d0c884659841');
INSERT INTO art_ping.employee_role VALUES ('5bab972e-1e0f-4594-8198-dee1a6d98d6b', '58c8f386-8e2b-4f49-8f0a-cdec23fc0dd2', '9f4932a6-c650-4cd2-9338-2eefa47aeb35');
INSERT INTO art_ping.employee_role VALUES ('53dea88b-e7c0-4868-8929-1c4026fd056d', '58c8f386-8e2b-4f49-8f0a-cdec23fc0dd2', 'eea13552-ad24-4165-bce4-f1b22776739c');
INSERT INTO art_ping.employee (id, first_name, last_name, office_id, user_id, leave_date, updated, login, email, calendar_id) VALUES ('7226671b-fb2b-4f8b-918d-ff38157eb98f', 'employeeName763', 'employeeLastName763', 'abffaebb-f893-4bbe-982b-0beb02f0bb0d', 'b0f59f3f-a6bb-4ca6-8e40-8a3d339825d9', null, '2021-12-23T15:57:56.201331800', 'testUser763', 'employee763@em.com', '774135d2-f0e3-47c2-8496-78319f1757d0');
INSERT INTO art_ping.employee_role VALUES ('c1ea9a63-737a-4750-b69d-29c548f67935', '7226671b-fb2b-4f8b-918d-ff38157eb98f', '992e5c70-7b14-44ae-b2fc-d0c884659841');
INSERT INTO art_ping.employee_role VALUES ('e9d73650-42fa-4eff-aca4-10fe00498d31', '7226671b-fb2b-4f8b-918d-ff38157eb98f', '9f4932a6-c650-4cd2-9338-2eefa47aeb35');
INSERT INTO art_ping.employee_role VALUES ('9cb54c8f-7ec2-4edb-8c31-f2abe4796b85', '7226671b-fb2b-4f8b-918d-ff38157eb98f', 'e7051ffa-0edb-4ac7-84ed-12c1d3b2b5f8');
INSERT INTO art_ping.employee_role VALUES ('5f1cf47b-1294-4eff-86cf-f29feca629f6', '7226671b-fb2b-4f8b-918d-ff38157eb98f', 'eea13552-ad24-4165-bce4-f1b22776739c');
INSERT INTO art_ping.employee (id, first_name, last_name, office_id, user_id, leave_date, updated, login, email, calendar_id) VALUES ('1f77cbae-6ff3-4e01-950c-ebb36963c717', 'employeeName764', 'employeeLastName764', '45e3e7a5-3be8-43d1-b8db-71f420b6c3e2', '7876a3e3-af62-4639-bdc9-e7bda8335872', null, '2021-12-23T15:57:56.201331800', 'testUser764', 'employee764@em.com', 'e8bd2e59-8616-4a24-a43d-18aa57a45a96');
INSERT INTO art_ping.employee_role VALUES ('46d513f3-ecdb-453a-b64f-d4d3f18a3ea6', '1f77cbae-6ff3-4e01-950c-ebb36963c717', 'e7051ffa-0edb-4ac7-84ed-12c1d3b2b5f8');
INSERT INTO art_ping.employee_role VALUES ('3199a2dc-02e3-40cd-9a4e-3b254ede4b01', '1f77cbae-6ff3-4e01-950c-ebb36963c717', 'eea13552-ad24-4165-bce4-f1b22776739c');
INSERT INTO art_ping.employee (id, first_name, last_name, office_id, user_id, leave_date, updated, login, email, calendar_id) VALUES ('5e51929f-4682-4bed-be25-0b205fd4c44b', 'employeeName765', 'employeeLastName765', '007615b0-9172-459c-a5bd-4c10ee1b4e1a', 'c7b94a30-69e3-4a40-98a9-7331219fda41', null, '2021-12-23T15:57:56.201331800', 'testUser765', 'employee765@em.com', '560183ad-37a6-4a3b-b797-75616dada42a');
INSERT INTO art_ping.employee_role VALUES ('383b467a-5fe3-4cf2-abb2-bb2ee24e2aa1', '5e51929f-4682-4bed-be25-0b205fd4c44b', '992e5c70-7b14-44ae-b2fc-d0c884659841');
INSERT INTO art_ping.employee_role VALUES ('ff2e0b85-bb41-4d51-8f10-93cfb95093c0', '5e51929f-4682-4bed-be25-0b205fd4c44b', '5b204bc5-6430-4939-aa23-17b1482c6d98');
INSERT INTO art_ping.employee_role VALUES ('0c0f1fb0-857a-4036-8b0d-449de041b975', '5e51929f-4682-4bed-be25-0b205fd4c44b', 'eea13552-ad24-4165-bce4-f1b22776739c');
INSERT INTO art_ping.employee (id, first_name, last_name, office_id, user_id, leave_date, updated, login, email, calendar_id) VALUES ('e3ef6639-8627-4f7d-baee-89e110150894', 'employeeName766', 'employeeLastName766', '65d5bd29-e502-4e42-a272-cdff00b41c2c', '1622ed2b-dd4b-4515-bd18-482f6f3fe164', null, '2021-12-23T15:57:56.201331800', 'testUser766', 'employee766@em.com', '0698bb6d-7505-49ea-99c4-f4d66e57172b');
INSERT INTO art_ping.employee_role VALUES ('ad9e226b-22dc-4185-b592-4cf5af371c71', 'e3ef6639-8627-4f7d-baee-89e110150894', 'eea13552-ad24-4165-bce4-f1b22776739c');
INSERT INTO art_ping.employee (id, first_name, last_name, office_id, user_id, leave_date, updated, login, email, calendar_id) VALUES ('655dfc48-3658-43c6-81df-7d7c3a642499', 'employeeName767', 'employeeLastName767', '105cec0a-b10a-4b12-9728-8aa01b5f71a2', '9c9866f2-70a5-46c1-b669-32936e087f9e', null, '2021-12-23T15:57:56.201331800', 'testUser767', 'employee767@em.com', '4f8309e8-83d1-4eaf-9912-b667ae17a8f4');
INSERT INTO art_ping.employee_role VALUES ('e954c335-56c8-42b2-b1c2-5498d7945543', '655dfc48-3658-43c6-81df-7d7c3a642499', '5b204bc5-6430-4939-aa23-17b1482c6d98');
INSERT INTO art_ping.employee_role VALUES ('82b8763b-6f4a-4865-bebd-46036964aa07', '655dfc48-3658-43c6-81df-7d7c3a642499', '9f4932a6-c650-4cd2-9338-2eefa47aeb35');
INSERT INTO art_ping.employee_role VALUES ('c8936daf-bfcd-458b-8b88-f3bd32d01ec0', '655dfc48-3658-43c6-81df-7d7c3a642499', 'eea13552-ad24-4165-bce4-f1b22776739c');
INSERT INTO art_ping.employee (id, first_name, last_name, office_id, user_id, leave_date, updated, login, email, calendar_id) VALUES ('9f62c00b-5934-40d2-91b7-231cf0b8da2f', 'employeeName768', 'employeeLastName768', '154f93d9-7083-4ccb-8093-220412ddd376', 'ad67c8ec-33c8-41f4-90f5-39d11ebbd186', null, '2021-12-23T15:57:56.201331800', 'testUser768', 'employee768@em.com', '1a3e5cab-ecf1-4f1a-b2f2-d8a796f6110d');
INSERT INTO art_ping.employee_role VALUES ('e654708c-80ec-423b-8c32-d8c1b6b0ba19', '9f62c00b-5934-40d2-91b7-231cf0b8da2f', '992e5c70-7b14-44ae-b2fc-d0c884659841');
INSERT INTO art_ping.employee_role VALUES ('ab136932-2d4d-4845-a8ab-1feedf471580', '9f62c00b-5934-40d2-91b7-231cf0b8da2f', 'e7051ffa-0edb-4ac7-84ed-12c1d3b2b5f8');
INSERT INTO art_ping.employee_role VALUES ('59cec8d5-ff09-40fe-b016-d0373955849f', '9f62c00b-5934-40d2-91b7-231cf0b8da2f', 'eea13552-ad24-4165-bce4-f1b22776739c');
INSERT INTO art_ping.employee (id, first_name, last_name, office_id, user_id, leave_date, updated, login, email, calendar_id) VALUES ('fd7b6a3a-b275-4e81-bf15-2ac247b46cd6', 'employeeName769', 'employeeLastName769', '32ac08b6-4380-402c-a3fa-e5cf955ce7f7', '29e325d8-7068-4c2c-9494-bd36d80d4214', null, '2021-12-23T15:57:56.201331800', 'testUser769', 'employee769@em.com', '1efce7ca-fc5b-4e84-ab9b-e1eb6771660f');
INSERT INTO art_ping.employee_role VALUES ('379924ec-568b-48b3-add3-31db8ca51063', 'fd7b6a3a-b275-4e81-bf15-2ac247b46cd6', '5b204bc5-6430-4939-aa23-17b1482c6d98');
INSERT INTO art_ping.employee_role VALUES ('0170cdaa-b00c-41ee-962d-9b7cdf4047e7', 'fd7b6a3a-b275-4e81-bf15-2ac247b46cd6', '9f4932a6-c650-4cd2-9338-2eefa47aeb35');
INSERT INTO art_ping.employee_role VALUES ('05b1e167-2973-40b2-950c-3b22b47b8a0f', 'fd7b6a3a-b275-4e81-bf15-2ac247b46cd6', 'eea13552-ad24-4165-bce4-f1b22776739c');
INSERT INTO art_ping.employee (id, first_name, last_name, office_id, user_id, leave_date, updated, login, email, calendar_id) VALUES ('8f066cff-4d9f-488f-8a9b-0c78b13fdef8', 'employeeName770', 'employeeLastName770', '86fa3364-c5ed-4981-b0a8-9fc98844c0b9', 'fc3cf1fd-805f-42c9-a088-c7859bd027a9', null, '2021-12-23T15:57:56.201331800', 'testUser770', 'employee770@em.com', '98884dec-90c3-4401-a86e-6547cddf37b8');
INSERT INTO art_ping.employee_role VALUES ('7039f68b-5a1d-40b5-b06c-4641b560eb45', '8f066cff-4d9f-488f-8a9b-0c78b13fdef8', '9f4932a6-c650-4cd2-9338-2eefa47aeb35');
INSERT INTO art_ping.employee_role VALUES ('c12a396c-60a1-495d-96ab-263a31991370', '8f066cff-4d9f-488f-8a9b-0c78b13fdef8', 'eea13552-ad24-4165-bce4-f1b22776739c');
INSERT INTO art_ping.employee (id, first_name, last_name, office_id, user_id, leave_date, updated, login, email, calendar_id) VALUES ('41764999-aa9b-4509-a434-09e9393347d2', 'employeeName771', 'employeeLastName771', '96c7369a-6b4f-467b-a20a-e2609e4ef4ac', '4982eae2-695a-466a-8e71-5f749ed36814', null, '2021-12-23T15:57:56.201331800', 'testUser771', 'employee771@em.com', '4b1ba17b-5803-4657-aeff-19741575fd9d');
INSERT INTO art_ping.employee_role VALUES ('ced32478-41fb-447a-a4b8-5781b1705ae0', '41764999-aa9b-4509-a434-09e9393347d2', '9f4932a6-c650-4cd2-9338-2eefa47aeb35');
INSERT INTO art_ping.employee_role VALUES ('8bfe72ea-e985-45e8-b005-3755339ca8bb', '41764999-aa9b-4509-a434-09e9393347d2', 'eea13552-ad24-4165-bce4-f1b22776739c');
INSERT INTO art_ping.employee (id, first_name, last_name, office_id, user_id, leave_date, updated, login, email, calendar_id) VALUES ('8ac9b53f-0bc0-4ae0-b54e-e11218c13f71', 'employeeName772', 'employeeLastName772', '6c8f4a34-7c02-46df-92e4-83726f7c9e92', '87599cce-d9ea-4bad-9ddd-92a65211cd4d', null, '2021-12-23T15:57:56.201331800', 'testUser772', 'employee772@em.com', 'cd21ba88-d073-4a67-a7c0-5eaef8b85809');
INSERT INTO art_ping.employee_role VALUES ('a75c96a5-8012-4e92-bbc9-6446b9939d8d', '8ac9b53f-0bc0-4ae0-b54e-e11218c13f71', '992e5c70-7b14-44ae-b2fc-d0c884659841');
INSERT INTO art_ping.employee_role VALUES ('c1f4940f-22d3-4343-ad9d-aeb9305bb44d', '8ac9b53f-0bc0-4ae0-b54e-e11218c13f71', '5b204bc5-6430-4939-aa23-17b1482c6d98');
INSERT INTO art_ping.employee_role VALUES ('770cbc4c-9031-4cc2-a9c2-b8fe3bd78968', '8ac9b53f-0bc0-4ae0-b54e-e11218c13f71', 'e7051ffa-0edb-4ac7-84ed-12c1d3b2b5f8');
INSERT INTO art_ping.employee_role VALUES ('a132da76-258a-4321-9899-bb907995252b', '8ac9b53f-0bc0-4ae0-b54e-e11218c13f71', 'eea13552-ad24-4165-bce4-f1b22776739c');
INSERT INTO art_ping.employee (id, first_name, last_name, office_id, user_id, leave_date, updated, login, email, calendar_id) VALUES ('50626407-8ca1-42e7-9771-61f5b2eccfea', 'employeeName773', 'employeeLastName773', '7ce4c0d9-0faa-46ea-9023-7428d7ab922b', 'c9232747-6310-4862-a885-ee89edc4e219', null, '2021-12-23T15:57:56.201331800', 'testUser773', 'employee773@em.com', 'ece84e5d-f32a-4165-aaeb-9c7fcf4ad087');
INSERT INTO art_ping.employee_role VALUES ('ccdc3e70-8468-443c-ba20-d39bda6f64e4', '50626407-8ca1-42e7-9771-61f5b2eccfea', '992e5c70-7b14-44ae-b2fc-d0c884659841');
INSERT INTO art_ping.employee_role VALUES ('1b375115-f673-4783-bc11-80d2865b179c', '50626407-8ca1-42e7-9771-61f5b2eccfea', '5b204bc5-6430-4939-aa23-17b1482c6d98');
INSERT INTO art_ping.employee_role VALUES ('25742d26-248e-422d-8028-92032a6666a0', '50626407-8ca1-42e7-9771-61f5b2eccfea', '9f4932a6-c650-4cd2-9338-2eefa47aeb35');
INSERT INTO art_ping.employee_role VALUES ('8b42e880-c91d-4c99-a641-2996d2ea72f7', '50626407-8ca1-42e7-9771-61f5b2eccfea', 'e7051ffa-0edb-4ac7-84ed-12c1d3b2b5f8');
INSERT INTO art_ping.employee_role VALUES ('0b527d3b-5ba3-4b64-b572-fff48ff9023b', '50626407-8ca1-42e7-9771-61f5b2eccfea', 'eea13552-ad24-4165-bce4-f1b22776739c');
INSERT INTO art_ping.employee (id, first_name, last_name, office_id, user_id, leave_date, updated, login, email, calendar_id) VALUES ('4a603d7c-7db7-4939-a25c-d579ef352137', 'employeeName774', 'employeeLastName774', '6ce7b162-3578-4488-a4c2-5c52416e650a', '2c458909-b56d-49cc-89d3-64f3c1817207', null, '2021-12-23T15:57:56.201331800', 'testUser774', 'employee774@em.com', '567f95ff-0272-471e-a091-5ba82268387c');
INSERT INTO art_ping.employee_role VALUES ('1e354eb8-09a9-4525-b5d3-c605285d004a', '4a603d7c-7db7-4939-a25c-d579ef352137', '992e5c70-7b14-44ae-b2fc-d0c884659841');
INSERT INTO art_ping.employee_role VALUES ('9d9201e4-d1f0-4b9e-81d0-1c05800f9a31', '4a603d7c-7db7-4939-a25c-d579ef352137', '5b204bc5-6430-4939-aa23-17b1482c6d98');
INSERT INTO art_ping.employee_role VALUES ('10186bbc-1e89-46af-8810-6c3180c51927', '4a603d7c-7db7-4939-a25c-d579ef352137', '9f4932a6-c650-4cd2-9338-2eefa47aeb35');
INSERT INTO art_ping.employee_role VALUES ('bf312f7b-763f-4464-a4e9-082fa6c9a141', '4a603d7c-7db7-4939-a25c-d579ef352137', 'eea13552-ad24-4165-bce4-f1b22776739c');
INSERT INTO art_ping.employee (id, first_name, last_name, office_id, user_id, leave_date, updated, login, email, calendar_id) VALUES ('19e4eb05-8946-4575-aafd-3595a8b8616d', 'employeeName775', 'employeeLastName775', '68e778fb-f10c-45d7-99df-90d394dae58f', 'f8fc34d3-02c8-4eca-9f80-29efb6f39523', null, '2021-12-23T15:57:56.201331800', 'testUser775', 'employee775@em.com', '5d0fe03f-ed10-4373-bb72-2206c079ab4d');
INSERT INTO art_ping.employee_role VALUES ('5c37d4c2-ad6d-4bf2-8287-44a506844f4f', '19e4eb05-8946-4575-aafd-3595a8b8616d', '992e5c70-7b14-44ae-b2fc-d0c884659841');
INSERT INTO art_ping.employee_role VALUES ('52bb6c4c-9613-43d7-80ca-aadf9f2af08f', '19e4eb05-8946-4575-aafd-3595a8b8616d', '9f4932a6-c650-4cd2-9338-2eefa47aeb35');
INSERT INTO art_ping.employee_role VALUES ('491620d7-43ca-4502-8150-d04d5a0201e0', '19e4eb05-8946-4575-aafd-3595a8b8616d', 'e7051ffa-0edb-4ac7-84ed-12c1d3b2b5f8');
INSERT INTO art_ping.employee_role VALUES ('9a648317-42a0-4d58-9188-ac2488e5d2f4', '19e4eb05-8946-4575-aafd-3595a8b8616d', 'eea13552-ad24-4165-bce4-f1b22776739c');
INSERT INTO art_ping.employee (id, first_name, last_name, office_id, user_id, leave_date, updated, login, email, calendar_id) VALUES ('9e118fb6-b144-47c7-8bb9-3a2a80d66630', 'employeeName776', 'employeeLastName776', '9718c3d1-df7a-4bf4-8c6f-2ff686cad009', '3a9006f6-d2c9-467f-9bf8-189a1e900fb4', null, '2021-12-23T15:57:56.201331800', 'testUser776', 'employee776@em.com', 'fc205b82-2a93-4ea6-87ec-587b082bc0f5');
INSERT INTO art_ping.employee_role VALUES ('868feef3-bc44-4db2-8835-b31de5cfe505', '9e118fb6-b144-47c7-8bb9-3a2a80d66630', '992e5c70-7b14-44ae-b2fc-d0c884659841');
INSERT INTO art_ping.employee_role VALUES ('a027ef17-893e-4da6-b0b1-40f55c84d83f', '9e118fb6-b144-47c7-8bb9-3a2a80d66630', '9f4932a6-c650-4cd2-9338-2eefa47aeb35');
INSERT INTO art_ping.employee_role VALUES ('9b84516f-a737-4d42-8540-6499bf285a62', '9e118fb6-b144-47c7-8bb9-3a2a80d66630', 'e7051ffa-0edb-4ac7-84ed-12c1d3b2b5f8');
INSERT INTO art_ping.employee_role VALUES ('ff9fb2ff-2720-45a2-b87e-863c5560ddd0', '9e118fb6-b144-47c7-8bb9-3a2a80d66630', 'eea13552-ad24-4165-bce4-f1b22776739c');
INSERT INTO art_ping.employee (id, first_name, last_name, office_id, user_id, leave_date, updated, login, email, calendar_id) VALUES ('be595e60-8b11-40cf-ab70-211fca0756b1', 'employeeName777', 'employeeLastName777', '80a14896-aa09-4314-8cf0-905dba6428bd', 'fc0259cc-ad32-48f4-b8ea-3c89d51d6721', null, '2021-12-23T15:57:56.201331800', 'testUser777', 'employee777@em.com', 'eca3e110-990e-41b7-ba9d-a62f8a56a4f3');
INSERT INTO art_ping.employee_role VALUES ('5e73dc06-28e5-4e0b-b735-a8502c82a59d', 'be595e60-8b11-40cf-ab70-211fca0756b1', 'eea13552-ad24-4165-bce4-f1b22776739c');
INSERT INTO art_ping.employee (id, first_name, last_name, office_id, user_id, leave_date, updated, login, email, calendar_id) VALUES ('9ac8a9ee-d072-4f6e-bbe6-fbb4f1a557f7', 'employeeName778', 'employeeLastName778', 'c476b8de-bb4f-464a-814b-fd43d3de7ce2', '7330a5b6-01fd-4a55-8cbb-14a02684d602', null, '2021-12-23T15:57:56.201331800', 'testUser778', 'employee778@em.com', '6740ee80-af1f-4f7c-830d-0022eb5c71ff');
INSERT INTO art_ping.employee_role VALUES ('2cde9569-b64d-46ec-a016-a30871a11ee8', '9ac8a9ee-d072-4f6e-bbe6-fbb4f1a557f7', '5b204bc5-6430-4939-aa23-17b1482c6d98');
INSERT INTO art_ping.employee_role VALUES ('03d2ea2d-a32e-400d-aa49-7426079c1b10', '9ac8a9ee-d072-4f6e-bbe6-fbb4f1a557f7', '9f4932a6-c650-4cd2-9338-2eefa47aeb35');
INSERT INTO art_ping.employee_role VALUES ('6b971a35-8c5b-44ea-9b9a-bfa314e92c51', '9ac8a9ee-d072-4f6e-bbe6-fbb4f1a557f7', 'e7051ffa-0edb-4ac7-84ed-12c1d3b2b5f8');
INSERT INTO art_ping.employee_role VALUES ('8d902585-c183-4ea2-aefe-27cbc34ceaa9', '9ac8a9ee-d072-4f6e-bbe6-fbb4f1a557f7', 'eea13552-ad24-4165-bce4-f1b22776739c');
INSERT INTO art_ping.employee (id, first_name, last_name, office_id, user_id, leave_date, updated, login, email, calendar_id) VALUES ('87bdf85f-ffd8-492a-bf8b-60745059aea1', 'employeeName779', 'employeeLastName779', '242f8ff9-2990-407f-88ed-4ba82814654a', '5c231f99-25d8-41aa-bfe6-2cefb990f4bf', null, '2021-12-23T15:57:56.201331800', 'testUser779', 'employee779@em.com', '6eab5509-7a0b-41f7-b4cc-4cba817a5a6d');
INSERT INTO art_ping.employee_role VALUES ('38f1f283-7022-4236-bb19-43f13c0e17b8', '87bdf85f-ffd8-492a-bf8b-60745059aea1', '992e5c70-7b14-44ae-b2fc-d0c884659841');
INSERT INTO art_ping.employee_role VALUES ('364f387d-200a-40c2-aedd-846141ee696d', '87bdf85f-ffd8-492a-bf8b-60745059aea1', 'eea13552-ad24-4165-bce4-f1b22776739c');
INSERT INTO art_ping.employee (id, first_name, last_name, office_id, user_id, leave_date, updated, login, email, calendar_id) VALUES ('1543d3c6-f208-43c7-9f8c-5ad4b647f75d', 'employeeName780', 'employeeLastName780', '6d157e58-182c-481d-a532-6a67a767eef4', 'd46f0698-a92b-4aab-845f-6f4a6c6427fc', null, '2021-12-23T15:57:56.201331800', 'testUser780', 'employee780@em.com', 'b2e5aa59-05c9-4c12-9328-18bce88ee49a');
INSERT INTO art_ping.employee_role VALUES ('24a876c3-d88e-476c-bda5-18b36316bb9e', '1543d3c6-f208-43c7-9f8c-5ad4b647f75d', '5b204bc5-6430-4939-aa23-17b1482c6d98');
INSERT INTO art_ping.employee_role VALUES ('01a87fbc-c75d-4718-9995-b8a85258752a', '1543d3c6-f208-43c7-9f8c-5ad4b647f75d', '9f4932a6-c650-4cd2-9338-2eefa47aeb35');
INSERT INTO art_ping.employee_role VALUES ('9d902e67-6ef9-4e0e-aec0-ba6a79938b4e', '1543d3c6-f208-43c7-9f8c-5ad4b647f75d', 'e7051ffa-0edb-4ac7-84ed-12c1d3b2b5f8');
INSERT INTO art_ping.employee_role VALUES ('0123a2e1-9261-45df-a751-81076b212b3e', '1543d3c6-f208-43c7-9f8c-5ad4b647f75d', 'eea13552-ad24-4165-bce4-f1b22776739c');
INSERT INTO art_ping.employee (id, first_name, last_name, office_id, user_id, leave_date, updated, login, email, calendar_id) VALUES ('1b8856af-6593-492a-9fcd-fe63e89abfed', 'employeeName781', 'employeeLastName781', 'abc233d7-636b-4ec1-83b1-fa5309624257', '4dd1b3ca-2d7f-465a-bc9c-d9ba24ad8499', null, '2021-12-23T15:57:56.201331800', 'testUser781', 'employee781@em.com', '0698bb6d-7505-49ea-99c4-f4d66e57172b');
INSERT INTO art_ping.employee_role VALUES ('af910c5d-0cde-46b4-9d57-0da4f6352e3f', '1b8856af-6593-492a-9fcd-fe63e89abfed', '9f4932a6-c650-4cd2-9338-2eefa47aeb35');
INSERT INTO art_ping.employee_role VALUES ('cb7eab6a-36f4-4960-9c39-ad9504286c39', '1b8856af-6593-492a-9fcd-fe63e89abfed', 'eea13552-ad24-4165-bce4-f1b22776739c');
INSERT INTO art_ping.employee (id, first_name, last_name, office_id, user_id, leave_date, updated, login, email, calendar_id) VALUES ('f9e0560e-ea96-46ee-93d7-c0d1583a4eb1', 'employeeName782', 'employeeLastName782', '221e9ff7-ef89-470c-b755-7eebc8933f48', '7b52f26c-770f-43d0-b6c9-4e8f2f76d342', null, '2021-12-23T15:57:56.201331800', 'testUser782', 'employee782@em.com', 'a75f9563-6d25-4f63-9f5c-55202d6b830f');
INSERT INTO art_ping.employee_role VALUES ('bd6e04ed-2d87-4f42-ab8e-900be48826b9', 'f9e0560e-ea96-46ee-93d7-c0d1583a4eb1', '5b204bc5-6430-4939-aa23-17b1482c6d98');
INSERT INTO art_ping.employee_role VALUES ('b875ea6f-f907-4590-b413-f3ddceed2c79', 'f9e0560e-ea96-46ee-93d7-c0d1583a4eb1', '9f4932a6-c650-4cd2-9338-2eefa47aeb35');
INSERT INTO art_ping.employee_role VALUES ('ebf6f56d-8b44-41dd-9390-a548b94fe09a', 'f9e0560e-ea96-46ee-93d7-c0d1583a4eb1', 'e7051ffa-0edb-4ac7-84ed-12c1d3b2b5f8');
INSERT INTO art_ping.employee_role VALUES ('cea3c32c-8d59-4833-ae4c-0c7808c7e232', 'f9e0560e-ea96-46ee-93d7-c0d1583a4eb1', 'eea13552-ad24-4165-bce4-f1b22776739c');
INSERT INTO art_ping.employee (id, first_name, last_name, office_id, user_id, leave_date, updated, login, email, calendar_id) VALUES ('ccad329c-10c6-4578-a85d-415575b47d16', 'employeeName783', 'employeeLastName783', '1bfe1a0d-69dd-4b7d-b5e7-4596182226d0', 'ece92ccb-a037-4e46-9057-b10a8302f0c3', null, '2021-12-23T15:57:56.201331800', 'testUser783', 'employee783@em.com', '7adf3ff0-be1c-46b4-831a-11f4faf1b392');
INSERT INTO art_ping.employee_role VALUES ('1fad3a35-5e7e-4263-b679-d14f73f0da02', 'ccad329c-10c6-4578-a85d-415575b47d16', '992e5c70-7b14-44ae-b2fc-d0c884659841');
INSERT INTO art_ping.employee_role VALUES ('bfbd4bb5-5635-4bc7-a1a4-5cc91f9f1610', 'ccad329c-10c6-4578-a85d-415575b47d16', '5b204bc5-6430-4939-aa23-17b1482c6d98');
INSERT INTO art_ping.employee_role VALUES ('2fd0f307-49ae-42ed-817b-e441bb44a845', 'ccad329c-10c6-4578-a85d-415575b47d16', '9f4932a6-c650-4cd2-9338-2eefa47aeb35');
INSERT INTO art_ping.employee_role VALUES ('24bf5fce-a21b-4b92-9ba2-3bb814b24ee3', 'ccad329c-10c6-4578-a85d-415575b47d16', 'e7051ffa-0edb-4ac7-84ed-12c1d3b2b5f8');
INSERT INTO art_ping.employee_role VALUES ('f7d3fb48-3ea5-47aa-8124-3bf0489d65f1', 'ccad329c-10c6-4578-a85d-415575b47d16', 'eea13552-ad24-4165-bce4-f1b22776739c');
INSERT INTO art_ping.employee (id, first_name, last_name, office_id, user_id, leave_date, updated, login, email, calendar_id) VALUES ('7da4e3d4-baa4-43cf-8f8d-b2e0c29145ab', 'employeeName784', 'employeeLastName784', '80a14896-aa09-4314-8cf0-905dba6428bd', '6cd7a456-21d5-4ca3-bd9f-0a0495dff061', null, '2021-12-23T15:57:56.201331800', 'testUser784', 'employee784@em.com', 'eca3e110-990e-41b7-ba9d-a62f8a56a4f3');
INSERT INTO art_ping.employee_role VALUES ('9724f860-07d1-4d37-83c5-4c20be98d41a', '7da4e3d4-baa4-43cf-8f8d-b2e0c29145ab', '992e5c70-7b14-44ae-b2fc-d0c884659841');
INSERT INTO art_ping.employee_role VALUES ('6a548beb-7eb1-4c0c-ae0b-db13e89ccf18', '7da4e3d4-baa4-43cf-8f8d-b2e0c29145ab', '9f4932a6-c650-4cd2-9338-2eefa47aeb35');
INSERT INTO art_ping.employee_role VALUES ('0b294d47-7ff3-4219-84f7-8e9b60d07dea', '7da4e3d4-baa4-43cf-8f8d-b2e0c29145ab', 'e7051ffa-0edb-4ac7-84ed-12c1d3b2b5f8');
INSERT INTO art_ping.employee_role VALUES ('4bd90e7b-400c-4ff8-b849-226621357328', '7da4e3d4-baa4-43cf-8f8d-b2e0c29145ab', 'eea13552-ad24-4165-bce4-f1b22776739c');
INSERT INTO art_ping.employee (id, first_name, last_name, office_id, user_id, leave_date, updated, login, email, calendar_id) VALUES ('c65c9dc4-e47e-4ab0-b4ea-9762e95d0a50', 'employeeName785', 'employeeLastName785', '32661f4f-3388-4555-a111-d9bb0e6f9808', 'a169459c-382b-4bda-a4c0-2ff1b76176dc', null, '2021-12-23T15:57:56.202331600', 'testUser785', 'employee785@em.com', '29489e16-430c-414f-9fc9-1ba60487d240');
INSERT INTO art_ping.employee_role VALUES ('7757c90f-4759-4d72-a9d1-fafd18b3cd23', 'c65c9dc4-e47e-4ab0-b4ea-9762e95d0a50', '992e5c70-7b14-44ae-b2fc-d0c884659841');
INSERT INTO art_ping.employee_role VALUES ('b8b0cad0-4790-4c0d-baff-971e83b956d1', 'c65c9dc4-e47e-4ab0-b4ea-9762e95d0a50', '5b204bc5-6430-4939-aa23-17b1482c6d98');
INSERT INTO art_ping.employee_role VALUES ('2b0978f5-0b70-4de4-9bec-3e7e39efd0c7', 'c65c9dc4-e47e-4ab0-b4ea-9762e95d0a50', '9f4932a6-c650-4cd2-9338-2eefa47aeb35');
INSERT INTO art_ping.employee_role VALUES ('3d7fe968-028b-425a-a41d-cd4833084207', 'c65c9dc4-e47e-4ab0-b4ea-9762e95d0a50', 'eea13552-ad24-4165-bce4-f1b22776739c');
INSERT INTO art_ping.employee (id, first_name, last_name, office_id, user_id, leave_date, updated, login, email, calendar_id) VALUES ('bffbe7fd-8567-4bb8-8a54-93e2176ae01d', 'employeeName786', 'employeeLastName786', 'c2f21410-d133-4849-858a-620aad1936f0', '6573370a-951f-473d-90d8-ebf5140a8e5c', null, '2021-12-23T15:57:56.202331600', 'testUser786', 'employee786@em.com', '7adf3ff0-be1c-46b4-831a-11f4faf1b392');
INSERT INTO art_ping.employee_role VALUES ('18bfaf75-320b-43cc-b3e0-e6a4321384e2', 'bffbe7fd-8567-4bb8-8a54-93e2176ae01d', '992e5c70-7b14-44ae-b2fc-d0c884659841');
INSERT INTO art_ping.employee_role VALUES ('6f7cbb1c-9fe8-40a7-a194-8b210c817c5b', 'bffbe7fd-8567-4bb8-8a54-93e2176ae01d', '5b204bc5-6430-4939-aa23-17b1482c6d98');
INSERT INTO art_ping.employee_role VALUES ('78f248ce-56d2-4075-b5ec-a026ce08b9aa', 'bffbe7fd-8567-4bb8-8a54-93e2176ae01d', 'e7051ffa-0edb-4ac7-84ed-12c1d3b2b5f8');
INSERT INTO art_ping.employee_role VALUES ('1396b005-5e8b-45d1-8728-f425eaec260d', 'bffbe7fd-8567-4bb8-8a54-93e2176ae01d', 'eea13552-ad24-4165-bce4-f1b22776739c');
INSERT INTO art_ping.employee (id, first_name, last_name, office_id, user_id, leave_date, updated, login, email, calendar_id) VALUES ('70473947-4991-484a-9a35-6489c98e827f', 'employeeName787', 'employeeLastName787', '4c42fded-ca53-4a9a-85e2-4f8f849bbc34', '47236a95-3df5-4440-a422-950de9d2d503', null, '2021-12-23T15:57:56.202331600', 'testUser787', 'employee787@em.com', '4fb9de68-e7b6-45af-aa38-5912b6c3a7ad');
INSERT INTO art_ping.employee_role VALUES ('7091ec50-44ef-4a08-ab04-5200c4b83915', '70473947-4991-484a-9a35-6489c98e827f', '992e5c70-7b14-44ae-b2fc-d0c884659841');
INSERT INTO art_ping.employee_role VALUES ('df0d1c7d-2dd1-4fdd-8904-a0b5c7d6754e', '70473947-4991-484a-9a35-6489c98e827f', '5b204bc5-6430-4939-aa23-17b1482c6d98');
INSERT INTO art_ping.employee_role VALUES ('bca4add2-e0c9-4b0c-8f3f-62b87885aba3', '70473947-4991-484a-9a35-6489c98e827f', 'e7051ffa-0edb-4ac7-84ed-12c1d3b2b5f8');
INSERT INTO art_ping.employee_role VALUES ('48932a76-6c76-4a17-b966-c7bd567ae044', '70473947-4991-484a-9a35-6489c98e827f', 'eea13552-ad24-4165-bce4-f1b22776739c');
INSERT INTO art_ping.employee (id, first_name, last_name, office_id, user_id, leave_date, updated, login, email, calendar_id) VALUES ('90a02b61-94e7-4e76-ab63-d53544cb5234', 'employeeName788', 'employeeLastName788', '3fd0d7f7-949b-41e7-949b-300f5a7d31d5', '83f9d66a-0695-41dc-9374-eb24d783bcfc', null, '2021-12-23T15:57:56.202331600', 'testUser788', 'employee788@em.com', '81d84e96-db7c-46b3-aaef-338fbf47544a');
INSERT INTO art_ping.employee_role VALUES ('089a3761-253b-4181-a795-dc83863f6025', '90a02b61-94e7-4e76-ab63-d53544cb5234', '992e5c70-7b14-44ae-b2fc-d0c884659841');
INSERT INTO art_ping.employee_role VALUES ('d5e827e0-b4b3-4529-b26c-c8b223c2b6ca', '90a02b61-94e7-4e76-ab63-d53544cb5234', '5b204bc5-6430-4939-aa23-17b1482c6d98');
INSERT INTO art_ping.employee_role VALUES ('00b01e0e-3822-4118-af36-b4bede1dffad', '90a02b61-94e7-4e76-ab63-d53544cb5234', '9f4932a6-c650-4cd2-9338-2eefa47aeb35');
INSERT INTO art_ping.employee_role VALUES ('1eae92d3-a209-4f09-a304-828960288cc7', '90a02b61-94e7-4e76-ab63-d53544cb5234', 'eea13552-ad24-4165-bce4-f1b22776739c');
INSERT INTO art_ping.employee (id, first_name, last_name, office_id, user_id, leave_date, updated, login, email, calendar_id) VALUES ('ca0da76d-74ec-4bd0-b2b7-83fa512b3234', 'employeeName789', 'employeeLastName789', '25da4074-ba9d-42e6-ad0f-0573b950b4cb', 'f86518de-6239-4f23-bab4-2fab272d6040', null, '2021-12-23T15:57:56.202331600', 'testUser789', 'employee789@em.com', 'e68ad155-c07f-4b3c-8022-66f96be8c2bf');
INSERT INTO art_ping.employee_role VALUES ('058c4c74-aa07-44bf-b7b9-b1e7cd1a25f1', 'ca0da76d-74ec-4bd0-b2b7-83fa512b3234', '992e5c70-7b14-44ae-b2fc-d0c884659841');
INSERT INTO art_ping.employee_role VALUES ('eb2c0313-85eb-4173-9436-fde5cf2b164e', 'ca0da76d-74ec-4bd0-b2b7-83fa512b3234', '9f4932a6-c650-4cd2-9338-2eefa47aeb35');
INSERT INTO art_ping.employee_role VALUES ('effdc0f7-880e-4d2d-8d1b-23fdd4dac803', 'ca0da76d-74ec-4bd0-b2b7-83fa512b3234', 'eea13552-ad24-4165-bce4-f1b22776739c');
INSERT INTO art_ping.employee (id, first_name, last_name, office_id, user_id, leave_date, updated, login, email, calendar_id) VALUES ('25ea56fd-6149-4ec2-ba0d-3558f6c5accc', 'employeeName790', 'employeeLastName790', 'b8410fbe-75ff-4d73-bd19-5477a82848fa', '4e436b2b-94f5-4dfb-841d-530c47556733', null, '2021-12-23T15:57:56.202331600', 'testUser790', 'employee790@em.com', 'd7c4b3c8-6301-414d-b394-9c6ca223a4ce');
INSERT INTO art_ping.employee_role VALUES ('8484c3e4-a944-4ab9-99ef-a69f6b5407b9', '25ea56fd-6149-4ec2-ba0d-3558f6c5accc', '992e5c70-7b14-44ae-b2fc-d0c884659841');
INSERT INTO art_ping.employee_role VALUES ('defae8ac-5f43-4f21-8a16-6beacadf5fab', '25ea56fd-6149-4ec2-ba0d-3558f6c5accc', '5b204bc5-6430-4939-aa23-17b1482c6d98');
INSERT INTO art_ping.employee_role VALUES ('79de9b10-4b2b-4275-9510-a920a3d13d82', '25ea56fd-6149-4ec2-ba0d-3558f6c5accc', '9f4932a6-c650-4cd2-9338-2eefa47aeb35');
INSERT INTO art_ping.employee_role VALUES ('320124f2-9890-411a-bdb9-c864428ed6eb', '25ea56fd-6149-4ec2-ba0d-3558f6c5accc', 'e7051ffa-0edb-4ac7-84ed-12c1d3b2b5f8');
INSERT INTO art_ping.employee_role VALUES ('1f313cb3-dbc7-4d3d-994b-9ce62dd9a757', '25ea56fd-6149-4ec2-ba0d-3558f6c5accc', 'eea13552-ad24-4165-bce4-f1b22776739c');
INSERT INTO art_ping.employee (id, first_name, last_name, office_id, user_id, leave_date, updated, login, email, calendar_id) VALUES ('2864a45e-6a73-493e-a9e5-f43029ae42a4', 'employeeName791', 'employeeLastName791', '89d26319-c205-4dc9-b23a-fe9ab35c1465', '22e610aa-bd38-4715-9566-418c6a1e3641', null, '2021-12-23T15:57:56.202331600', 'testUser791', 'employee791@em.com', 'b66bb045-a363-45f8-a092-7b71249790c5');
INSERT INTO art_ping.employee_role VALUES ('999081c7-48c8-4522-bf3e-6e020dc38711', '2864a45e-6a73-493e-a9e5-f43029ae42a4', '5b204bc5-6430-4939-aa23-17b1482c6d98');
INSERT INTO art_ping.employee_role VALUES ('580a5a69-9f13-432a-a9ed-006b623ce255', '2864a45e-6a73-493e-a9e5-f43029ae42a4', 'eea13552-ad24-4165-bce4-f1b22776739c');
INSERT INTO art_ping.employee (id, first_name, last_name, office_id, user_id, leave_date, updated, login, email, calendar_id) VALUES ('10724f0c-543d-44d0-b03a-b5c36b854f6d', 'employeeName792', 'employeeLastName792', 'f388ac57-8dec-4c3f-a5b4-455eff3339c0', '5a773dec-a847-46ad-adca-70d394920a8f', null, '2021-12-23T15:57:56.202331600', 'testUser792', 'employee792@em.com', '4887c24d-fb47-4d03-a3d5-c84d4cc9d748');
INSERT INTO art_ping.employee_role VALUES ('33684e7d-bf93-49ed-8c83-b2c3a504edc7', '10724f0c-543d-44d0-b03a-b5c36b854f6d', '992e5c70-7b14-44ae-b2fc-d0c884659841');
INSERT INTO art_ping.employee_role VALUES ('8d84ea6e-b4f1-4eab-ad2f-3fb3919edfd3', '10724f0c-543d-44d0-b03a-b5c36b854f6d', '5b204bc5-6430-4939-aa23-17b1482c6d98');
INSERT INTO art_ping.employee_role VALUES ('ff8b1576-d77e-4a74-82b0-44befdc70e97', '10724f0c-543d-44d0-b03a-b5c36b854f6d', 'eea13552-ad24-4165-bce4-f1b22776739c');
INSERT INTO art_ping.employee (id, first_name, last_name, office_id, user_id, leave_date, updated, login, email, calendar_id) VALUES ('66cf2e59-f3fb-4523-a071-f700fb2eed5a', 'employeeName793', 'employeeLastName793', '4f731e17-19e6-4d3b-8015-bb4154879a24', '1c21a0ab-11e4-4c00-875e-6ead37eb3aa3', null, '2021-12-23T15:57:56.202331600', 'testUser793', 'employee793@em.com', '4612e905-6868-46e2-a497-c81d84aa4e17');
INSERT INTO art_ping.employee_role VALUES ('ed0f0638-f5bc-4034-9eeb-7a8dc32df858', '66cf2e59-f3fb-4523-a071-f700fb2eed5a', '992e5c70-7b14-44ae-b2fc-d0c884659841');
INSERT INTO art_ping.employee_role VALUES ('b6044da3-99a4-443e-8eba-fc82cfae4c1d', '66cf2e59-f3fb-4523-a071-f700fb2eed5a', '9f4932a6-c650-4cd2-9338-2eefa47aeb35');
INSERT INTO art_ping.employee_role VALUES ('0b8d9947-d383-45a5-93da-be3055569036', '66cf2e59-f3fb-4523-a071-f700fb2eed5a', 'eea13552-ad24-4165-bce4-f1b22776739c');
INSERT INTO art_ping.employee (id, first_name, last_name, office_id, user_id, leave_date, updated, login, email, calendar_id) VALUES ('c87d7ac2-9439-45f3-b83f-350db105adf3', 'employeeName794', 'employeeLastName794', 'a97ea2e3-5140-4082-959c-a7660baeaf6d', 'a82114ed-986e-4ce4-a5fe-ac5c34448027', null, '2021-12-23T15:57:56.202331600', 'testUser794', 'employee794@em.com', '3ea41cd2-2e35-467b-a976-9406d9c891da');
INSERT INTO art_ping.employee_role VALUES ('8d4d3005-34f6-4565-ada1-b47759c243e6', 'c87d7ac2-9439-45f3-b83f-350db105adf3', '992e5c70-7b14-44ae-b2fc-d0c884659841');
INSERT INTO art_ping.employee_role VALUES ('c58cd89b-d8e6-4c57-9917-64ad52ab1d3e', 'c87d7ac2-9439-45f3-b83f-350db105adf3', 'eea13552-ad24-4165-bce4-f1b22776739c');
INSERT INTO art_ping.employee (id, first_name, last_name, office_id, user_id, leave_date, updated, login, email, calendar_id) VALUES ('0929a218-1054-4297-9281-a856aec8a3a8', 'employeeName795', 'employeeLastName795', 'be2d97dd-d637-4b80-bc60-23e12ba4d20b', '9d93d812-a95f-4ead-9755-fdb0d9b19570', null, '2021-12-23T15:57:56.202331600', 'testUser795', 'employee795@em.com', 'd7c4b3c8-6301-414d-b394-9c6ca223a4ce');
INSERT INTO art_ping.employee_role VALUES ('2eb6b61f-d0b6-42fe-badf-77492470f166', '0929a218-1054-4297-9281-a856aec8a3a8', '992e5c70-7b14-44ae-b2fc-d0c884659841');
INSERT INTO art_ping.employee_role VALUES ('ae2e5f98-47d6-4031-b17b-6fe41292016a', '0929a218-1054-4297-9281-a856aec8a3a8', 'e7051ffa-0edb-4ac7-84ed-12c1d3b2b5f8');
INSERT INTO art_ping.employee_role VALUES ('d930a085-ab43-49a3-9629-a6069ae65332', '0929a218-1054-4297-9281-a856aec8a3a8', 'eea13552-ad24-4165-bce4-f1b22776739c');
INSERT INTO art_ping.employee (id, first_name, last_name, office_id, user_id, leave_date, updated, login, email, calendar_id) VALUES ('db2a3830-9632-42f6-a3bd-7ec482fe4a30', 'employeeName796', 'employeeLastName796', 'c672907f-e958-4f1e-86d4-7882249ed64f', '5cc1f517-2b57-4a58-9c5b-f41419723bae', null, '2021-12-23T15:57:56.202331600', 'testUser796', 'employee796@em.com', 'e82d3ca7-23bd-48c0-a0c3-b52d05aeaced');
INSERT INTO art_ping.employee_role VALUES ('128da65c-8dbb-4c92-8077-7b36596ebb01', 'db2a3830-9632-42f6-a3bd-7ec482fe4a30', '992e5c70-7b14-44ae-b2fc-d0c884659841');
INSERT INTO art_ping.employee_role VALUES ('2ac7d4b3-21c2-4bb8-8305-6ecca4ca5cb7', 'db2a3830-9632-42f6-a3bd-7ec482fe4a30', '5b204bc5-6430-4939-aa23-17b1482c6d98');
INSERT INTO art_ping.employee_role VALUES ('fa8c9d21-38f2-4b4a-9b4a-9678f74786e5', 'db2a3830-9632-42f6-a3bd-7ec482fe4a30', 'e7051ffa-0edb-4ac7-84ed-12c1d3b2b5f8');
INSERT INTO art_ping.employee_role VALUES ('64e6e0a3-6e30-4ccb-9a7e-fad4d9bea64d', 'db2a3830-9632-42f6-a3bd-7ec482fe4a30', 'eea13552-ad24-4165-bce4-f1b22776739c');
INSERT INTO art_ping.employee (id, first_name, last_name, office_id, user_id, leave_date, updated, login, email, calendar_id) VALUES ('0e56808e-1d78-4611-b873-0d2d75c33554', 'employeeName797', 'employeeLastName797', 'fc709772-9e05-466d-8021-966942f13a57', '5707fa6f-ea71-42ce-8b60-ce26889dc47e', null, '2021-12-23T15:57:56.202331600', 'testUser797', 'employee797@em.com', 'f83e41d6-04f0-4b04-b4f1-949c46b31d00');
INSERT INTO art_ping.employee_role VALUES ('af23fe19-1b81-415a-954a-b85a846724ab', '0e56808e-1d78-4611-b873-0d2d75c33554', '992e5c70-7b14-44ae-b2fc-d0c884659841');
INSERT INTO art_ping.employee_role VALUES ('18c3080f-cbc9-4ba9-8ede-08e3d3a7dc15', '0e56808e-1d78-4611-b873-0d2d75c33554', 'e7051ffa-0edb-4ac7-84ed-12c1d3b2b5f8');
INSERT INTO art_ping.employee_role VALUES ('12491678-5da9-4517-be49-25e8587364a2', '0e56808e-1d78-4611-b873-0d2d75c33554', 'eea13552-ad24-4165-bce4-f1b22776739c');
INSERT INTO art_ping.employee (id, first_name, last_name, office_id, user_id, leave_date, updated, login, email, calendar_id) VALUES ('0a8d3842-fea7-4746-9f39-809b0418831f', 'employeeName798', 'employeeLastName798', '92cf1ba4-4898-458d-90b7-2fa55a9446a1', '90f76023-52b0-48a6-a6e1-4bb7d876ff8d', null, '2021-12-23T15:57:56.202331600', 'testUser798', 'employee798@em.com', 'debfb7a9-fe4c-45c7-9a4f-2c5143c9c1ca');
INSERT INTO art_ping.employee_role VALUES ('3f02eaf6-c7a7-4fee-bda2-96e17ed1e43f', '0a8d3842-fea7-4746-9f39-809b0418831f', '992e5c70-7b14-44ae-b2fc-d0c884659841');
INSERT INTO art_ping.employee_role VALUES ('3dd8d0fd-e24f-4ea4-9ef6-8979a80c9c90', '0a8d3842-fea7-4746-9f39-809b0418831f', '5b204bc5-6430-4939-aa23-17b1482c6d98');
INSERT INTO art_ping.employee_role VALUES ('f5af2b6a-33a6-434c-9b27-98d8843f80b6', '0a8d3842-fea7-4746-9f39-809b0418831f', 'eea13552-ad24-4165-bce4-f1b22776739c');
INSERT INTO art_ping.employee (id, first_name, last_name, office_id, user_id, leave_date, updated, login, email, calendar_id) VALUES ('ac516ae2-d3e4-4c54-ba76-0fd2c6f7d909', 'employeeName799', 'employeeLastName799', 'be2d97dd-d637-4b80-bc60-23e12ba4d20b', '0d30f404-814e-4fa1-a85f-27f2f99e9ccc', null, '2021-12-23T15:57:56.202331600', 'testUser799', 'employee799@em.com', 'd7c4b3c8-6301-414d-b394-9c6ca223a4ce');
INSERT INTO art_ping.employee_role VALUES ('04363884-03b3-4ceb-8cfc-978df70e4d15', 'ac516ae2-d3e4-4c54-ba76-0fd2c6f7d909', 'e7051ffa-0edb-4ac7-84ed-12c1d3b2b5f8');
INSERT INTO art_ping.employee_role VALUES ('68197462-46cf-4370-93d5-45c6b0b68a02', 'ac516ae2-d3e4-4c54-ba76-0fd2c6f7d909', 'eea13552-ad24-4165-bce4-f1b22776739c');
UPDATE art_ping.user SET employee_id = '1a5484bd-7b93-4ed8-a7f7-26e3af3c9b10' WHERE id = 'cd49b7fb-78d3-4009-a527-eec218cff90c';
UPDATE art_ping.user SET employee_id = '8df33974-bbfb-4503-adc0-d790a20ed541' WHERE id = '894cb730-26b4-4316-adad-b4dae7405df3';
UPDATE art_ping.user SET employee_id = 'fcb8cfae-fc2f-4c8a-87aa-3b3d2c8a5880' WHERE id = 'dd201d84-38c3-4a90-ab64-6aee255d9f60';
UPDATE art_ping.user SET employee_id = 'd26bf81b-cb46-448c-8011-1909509433d6' WHERE id = '0b24d632-f1c2-40e6-8c86-e06d90831248';
UPDATE art_ping.user SET employee_id = '00fc6cb3-34cd-4069-9d7e-99624391bb79' WHERE id = '9a2690e4-3b0c-4d8f-890d-0b85ed08d9d7';
UPDATE art_ping.user SET employee_id = 'b64b1095-2d78-4e25-9e05-12a050f5008a' WHERE id = '1362b8ca-deea-48fb-bc7d-ed572f9d11e2';
UPDATE art_ping.user SET employee_id = '535b7d85-758b-4d74-aa39-21d17204611b' WHERE id = '7d9f745c-3269-4d3d-aeab-7afc89385f10';
UPDATE art_ping.user SET employee_id = '375352c8-70c6-4a89-9ce3-1098a0bf225e' WHERE id = '73612cba-22a7-4a70-bc71-5b363af1a2bc';
UPDATE art_ping.user SET employee_id = 'ff815e1a-552a-4b9e-bb37-738ff0b16e61' WHERE id = '0b06e7de-a390-4fc8-a93f-99b1303a7d4f';
UPDATE art_ping.user SET employee_id = '37507164-90ac-403a-8f6e-c68295cc128e' WHERE id = '877c9577-a696-4a49-8242-397293342e0e';
UPDATE art_ping.user SET employee_id = '853d7de4-dc4c-4eec-915b-3872c26e0cbd' WHERE id = '01b877f1-ab80-418c-a9d1-51845bf21a65';
UPDATE art_ping.user SET employee_id = 'd50a29c0-ef34-44a1-a19c-0889ca4a3ecd' WHERE id = '7c7455a9-103f-448f-8f03-30b2f738f907';
UPDATE art_ping.user SET employee_id = '72a38b2d-0329-4d0b-85d5-6f4be052ef1a' WHERE id = 'dc1b45ca-fedb-46ca-8095-621f94390c16';
UPDATE art_ping.user SET employee_id = 'ef15254f-a4cf-4eea-bcd8-6498dd842f78' WHERE id = 'a06d6505-f92d-43d8-8464-1c509ff98097';
UPDATE art_ping.user SET employee_id = '44c9c411-075c-47c0-a41a-30b2b1f2d191' WHERE id = 'aee74c22-e4b1-475a-900e-a5f9c032129f';
UPDATE art_ping.user SET employee_id = 'f1390d56-a7f9-4ed6-a315-8e5d3128590e' WHERE id = 'dbeed98b-e971-47cc-99c5-f01aa4fc3c7c';
UPDATE art_ping.user SET employee_id = '5eba329b-26d1-470b-9c1d-9b45c8aef6c1' WHERE id = '3dcc24fd-0252-485b-a585-fc8f7cb05c78';
UPDATE art_ping.user SET employee_id = 'a5c55288-cba6-44c0-a078-d34a51694cb8' WHERE id = 'e4d22083-1917-473d-a930-f103eaabf630';
UPDATE art_ping.user SET employee_id = '00a1e1c7-4a51-4f70-84a3-a423c0acacf6' WHERE id = '0044689d-a0e2-4279-a8b5-83fe7108a9ef';
UPDATE art_ping.user SET employee_id = 'de4e9d50-476d-40ba-94d6-4f47e89f11e3' WHERE id = 'a5e80a9a-06cd-4b43-9373-5392cb6f3315';
UPDATE art_ping.user SET employee_id = '0102be80-9dbd-4f3b-a044-a315c9de6c8b' WHERE id = '0fd733fe-ec96-4b31-8027-2f43939ff723';
UPDATE art_ping.user SET employee_id = '7d0e9d44-4a81-4cb4-a56a-bfec1177128d' WHERE id = '1be46c26-a0cc-4fad-86ca-43cd9ced697c';
UPDATE art_ping.user SET employee_id = '842e81fd-1abd-4313-95a9-bce6893d360f' WHERE id = 'e92f79b2-3f7c-425c-914d-febaf9a56931';
UPDATE art_ping.user SET employee_id = '6dc96164-1a4e-4d40-a791-6e3eb28ece7f' WHERE id = 'e753f559-e492-4168-90c1-ad4dd6c2b1d6';
UPDATE art_ping.user SET employee_id = '7b73d822-2b12-434c-b501-c2fece7e80b6' WHERE id = '04e6bb94-bb71-41a6-8567-1f21122ab441';
UPDATE art_ping.user SET employee_id = '6f72e149-282d-4937-90ea-ff1fd12e9bed' WHERE id = '255f467c-8f2b-4917-8142-db10ec248d8c';
UPDATE art_ping.user SET employee_id = '702949cd-8d49-414c-a7c6-d4966977798f' WHERE id = '89e802ae-2987-4bbd-8668-3d7d33b14b01';
UPDATE art_ping.user SET employee_id = '8d0a0dc3-0342-45da-8476-e755d0b6f05e' WHERE id = 'c643644d-6978-427f-b5a8-99a5a57103ff';
UPDATE art_ping.user SET employee_id = '2702af20-e90e-4f75-9325-a90528f21be1' WHERE id = '5cc08d18-7b1c-4aeb-991a-2b7ace5c62b8';
UPDATE art_ping.user SET employee_id = '3b01bb4f-3641-47f7-95dc-543b4a0da9a5' WHERE id = '9acdf66c-51c9-4865-9b7f-9ab27b7b1f86';
UPDATE art_ping.user SET employee_id = '312e73e9-183a-46b9-b871-763096d3a647' WHERE id = '8c5402b0-53c0-4fe2-b9bf-f9eec1d60822';
UPDATE art_ping.user SET employee_id = '7461a4f0-99f3-4237-92a6-1b7e459a9325' WHERE id = 'cfdb29f8-ecb0-4518-a1ea-1bb48c24a4c3';
UPDATE art_ping.user SET employee_id = '8a88b32e-fc57-48e4-ba53-671bd073ed6c' WHERE id = '7a1055f4-853a-4d35-9554-578f280e71b0';
UPDATE art_ping.user SET employee_id = '528a7e66-23dc-4e86-a30f-9ec391dc3143' WHERE id = '83c8e1d9-1c41-46d1-b813-7f97b4894cb8';
UPDATE art_ping.user SET employee_id = 'c97dbc09-c6ae-491b-9a16-b3b5ab235543' WHERE id = 'b2e0a32a-65e0-429b-a422-c3ac7390fe09';
UPDATE art_ping.user SET employee_id = '6ee424aa-e0f1-4a58-93ae-551f7892393b' WHERE id = '6635c436-81d6-4d90-a2bd-4d7ab18a7481';
UPDATE art_ping.user SET employee_id = '8c0aa537-18de-454b-9b44-889e04071437' WHERE id = '68754348-31e8-4c04-9ca7-081730f91a49';
UPDATE art_ping.user SET employee_id = '0c6d2a1f-a5fb-419a-b16b-998b14649693' WHERE id = '8b8e5ff8-0ad4-437c-8f9e-73095a810d3d';
UPDATE art_ping.user SET employee_id = 'bb778065-93d5-43f6-8bb5-fe5f03389bba' WHERE id = 'd66aa806-9ddb-4bdd-860c-89d4c50cf1f3';
UPDATE art_ping.user SET employee_id = 'c180acf8-56d0-4a0c-a171-514360652673' WHERE id = '9d2f4020-3aed-4db6-ac49-ae35eb8b8dba';
UPDATE art_ping.user SET employee_id = 'ff4f7cda-e5f9-484b-8b90-c1ad03aa1766' WHERE id = '71b5a732-61b2-4d62-84a7-8a4de912e3b3';
UPDATE art_ping.user SET employee_id = '71b9601a-d1b9-401d-b260-35ca929bbeec' WHERE id = 'd26ff93d-06c5-46b8-a42f-64b77c6af2c3';
UPDATE art_ping.user SET employee_id = 'e93ce43a-a49f-4a1b-a03f-e68946c96bb9' WHERE id = '59e2f78d-66e7-4004-970c-38cb4bc92410';
UPDATE art_ping.user SET employee_id = 'f4afc4da-d98c-4f2b-be4a-43ebca9bce04' WHERE id = 'bf487f16-0230-4881-92eb-b664c0ce5578';
UPDATE art_ping.user SET employee_id = '53fc0d4a-c909-4502-b70b-d2fcfa8bd8fb' WHERE id = '6106e7f4-72fb-41b2-be76-467e3e09aaf3';
UPDATE art_ping.user SET employee_id = '998b5219-c09c-46fa-922b-edd5ad48d4f1' WHERE id = '0a9ed4e8-c876-48bc-bcb2-e7a4dad3974e';
UPDATE art_ping.user SET employee_id = '5a3b8ac9-5ccc-4960-8b0a-e990b9394193' WHERE id = 'c9af0aef-f53f-4a61-9b62-d6719c1d0399';
UPDATE art_ping.user SET employee_id = 'a3c277aa-71bb-4224-8d59-940803715ffa' WHERE id = '33dbcf79-90b1-4227-8a5b-f0d9627fc72e';
UPDATE art_ping.user SET employee_id = '683a6a5f-6718-486b-9736-ad722ff6570d' WHERE id = '0e34c9d9-d759-4f7e-a156-9feca00d68b4';
UPDATE art_ping.user SET employee_id = '0b3b827f-6181-4483-8d10-7397dc02b368' WHERE id = '10c8485b-cb32-498a-9120-e30bf5cabf16';
UPDATE art_ping.user SET employee_id = 'c80963ca-8441-48a3-b833-d21f1c444187' WHERE id = '2e9a90ee-4a6a-4a1f-ab4c-bda34d77983b';
UPDATE art_ping.user SET employee_id = 'f85b2f23-7c21-4600-afde-19dfe90554b9' WHERE id = '08538f8b-305a-4b55-ac29-05f0fd40a4a3';
UPDATE art_ping.user SET employee_id = '8b8926db-6dea-40e5-b8fd-579381501a21' WHERE id = '8412fdf7-2b09-4b82-b711-6ed67359aa70';
UPDATE art_ping.user SET employee_id = '35af698d-59f4-4fb5-b154-07310af46e3d' WHERE id = '80bc7dbb-dc26-4f38-92d9-f285df28e97d';
UPDATE art_ping.user SET employee_id = '0601a295-8576-48de-9b2b-bde2f46b6b24' WHERE id = 'd91dcd91-f430-4ff5-95c9-9bca42253db1';
UPDATE art_ping.user SET employee_id = '39b39e41-30ac-4ec9-a74c-f41d0c5812e9' WHERE id = 'd3f8e26d-1877-4cce-b597-4d15007c27d8';
UPDATE art_ping.user SET employee_id = '572d0b36-c5a4-49b4-9a5f-d7e56f0e3da9' WHERE id = '87114627-9e7e-402c-90e2-d1c32ffa8487';
UPDATE art_ping.user SET employee_id = 'b6253a98-159e-4c74-94ac-a4b372fbe34a' WHERE id = 'a1175954-168f-4ba4-8717-69717dc97980';
UPDATE art_ping.user SET employee_id = '49ca6af2-2766-489a-99af-6c617ccda1d4' WHERE id = 'c917b123-4fea-41b7-9c12-5b8f1d6fd527';
UPDATE art_ping.user SET employee_id = '01133c1d-0029-463e-88df-5fafd35fcefe' WHERE id = '4376808a-7c63-4cf8-a07d-e5a5368a0dd5';
UPDATE art_ping.user SET employee_id = '8b7aa8af-fcb3-472e-a2ff-f74f8f941a0b' WHERE id = '0c37964f-f40b-4d78-8cda-b5d179e47cb2';
UPDATE art_ping.user SET employee_id = 'b7a5bdfc-4447-4cbb-bd40-b61847f0fd1e' WHERE id = '4fa2230e-0185-4375-ace2-c74f270b5a12';
UPDATE art_ping.user SET employee_id = '99de8f95-187e-4ef0-82f4-792435051f62' WHERE id = '41a828c4-ef71-419f-92b6-b32b931c3b83';
UPDATE art_ping.user SET employee_id = 'e29c42aa-1923-468d-92cc-6543541d65c6' WHERE id = 'b98deb7f-bb94-4624-9082-0446d3889d64';
UPDATE art_ping.user SET employee_id = 'b3bbb05f-31f7-4286-b5d7-801f7ba8a253' WHERE id = '8b90d8b9-da73-4aba-a541-4dad23c1c4a5';
UPDATE art_ping.user SET employee_id = '8e42298b-4598-4e97-90dd-e2a2a7ff6b9f' WHERE id = 'e4c68069-8178-4a91-8c28-4f4119e4b417';
UPDATE art_ping.user SET employee_id = '1fa7b87d-f0de-4dd1-9f90-776b7a9eb4c3' WHERE id = '90425919-1be9-4c74-a39d-410705050e82';
UPDATE art_ping.user SET employee_id = 'f8e292b6-2d14-45e4-bc4f-d69bcf6c60e5' WHERE id = '69e93b91-78db-48c5-bdaf-d3b313665f02';
UPDATE art_ping.user SET employee_id = '51bc8980-3c9f-4afe-8a7b-bacfd2955566' WHERE id = '6b90d848-80d5-4ebb-925c-fa850efe037b';
UPDATE art_ping.user SET employee_id = 'bdce2984-48ff-47e3-9fed-ecc02eb0faa4' WHERE id = '5a2a5d52-df61-4640-992b-8eda1f285fd9';
UPDATE art_ping.user SET employee_id = 'afe9b494-96c4-4c65-8192-7839fd67d093' WHERE id = 'd5c0ae41-5c4b-436c-8be0-e9cb0988d031';
UPDATE art_ping.user SET employee_id = '13462e56-1fb5-4ebf-bd36-0bf0a91515b9' WHERE id = '9bca34c6-d613-4fb3-a4d0-709d41b70d1a';
UPDATE art_ping.user SET employee_id = '484d8b7f-a858-49e0-88a5-9e45a14c5cd4' WHERE id = '6fa6b8b6-89d4-41ed-a359-af21ccb47f54';
UPDATE art_ping.user SET employee_id = 'c4d96eed-4f16-4ede-a4e2-e8047d4afe00' WHERE id = '352ac2a5-2caf-4505-84f3-d7eeb97fdcc1';
UPDATE art_ping.user SET employee_id = '3e851127-afa8-449b-8908-c7912137d368' WHERE id = 'a6ebe603-2607-46bd-a402-45f2b8c5cd06';
UPDATE art_ping.user SET employee_id = 'ce38fb77-90e4-469d-9e4b-2164de440b56' WHERE id = 'e31a388c-8653-41ae-b506-ddba240215d3';
UPDATE art_ping.user SET employee_id = 'c2d2f97e-8a11-4a1b-bc6f-ea054abe0e77' WHERE id = '68d2133b-dac7-4517-bebe-d53abeb54316';
UPDATE art_ping.user SET employee_id = '0adc8fc3-8898-4378-8865-15f939a8179f' WHERE id = '855ca0aa-17a6-432b-82f7-fc3c00d21662';
UPDATE art_ping.user SET employee_id = '33dfdf17-ad6b-4f18-9ce2-d1fce01adf7e' WHERE id = '57eb15f5-1f1b-4186-a161-c69a1c30400b';
UPDATE art_ping.user SET employee_id = 'a3eba660-ebad-4453-92f8-72def095c50d' WHERE id = '3c4140f1-0049-4f82-a4ad-080531dc082f';
UPDATE art_ping.user SET employee_id = '0ef87a64-d84c-423a-b727-7f198f0a7d18' WHERE id = 'bf384ccf-e1c8-42ab-9cd1-f43c2759b895';
UPDATE art_ping.user SET employee_id = 'a9d41662-5fbc-48d6-af6d-70bd1ccbf684' WHERE id = '6e70ea0e-2edb-42ef-9b02-0d4441bf2d66';
UPDATE art_ping.user SET employee_id = 'eca8228c-30d7-4e99-90e1-814a18adebdc' WHERE id = '054e2d1c-4ee8-4261-8d83-84c5ae8cacb7';
UPDATE art_ping.user SET employee_id = '18ebec9b-6d09-4fa5-b6d7-817998f8dea7' WHERE id = 'b9487210-e822-4c8d-836a-5463f78b21eb';
UPDATE art_ping.user SET employee_id = 'b778b2cc-ca73-4f95-8b90-6e7ac3507fec' WHERE id = '55312e62-20e9-4a9c-9cf2-9c9522b7022d';
UPDATE art_ping.user SET employee_id = '74511b13-e9ee-41b9-8e2f-38bc890316a5' WHERE id = 'a8de7d54-9645-4637-901a-e97ed92e809c';
UPDATE art_ping.user SET employee_id = '3f1b841e-e693-48dd-ad6c-ac8bf19e40ce' WHERE id = 'a64b2343-6907-44e2-b2a7-e9bb48488c33';
UPDATE art_ping.user SET employee_id = '085d1150-48f8-4b0b-814d-fa33a489b982' WHERE id = '211487b8-3d8e-4a22-ada1-a83b8b9f0799';
UPDATE art_ping.user SET employee_id = 'f9019837-96ef-40c0-96e6-432357b2631a' WHERE id = '53b61315-3b7f-4b2b-8c92-041ddebe9c9d';
UPDATE art_ping.user SET employee_id = '287e5d5a-620c-4827-a90a-1f842bfb0e19' WHERE id = '8a16e2e5-92f0-4aa4-a7b9-9d0e6f326d4b';
UPDATE art_ping.user SET employee_id = 'da7fe6a8-3541-4b03-8804-056261fc2bd8' WHERE id = 'd4d84e13-e3e1-491c-a067-ea9e4024f5fa';
UPDATE art_ping.user SET employee_id = '56d3098f-57a8-4e7c-871d-76887c62c528' WHERE id = '903c816b-6cd6-43c4-ba5b-090e6a4414da';
UPDATE art_ping.user SET employee_id = '7de2f33b-ac5c-4e79-9bc1-3e791251fa70' WHERE id = '626d2fc7-8f70-46b6-9a67-6365be05f634';
UPDATE art_ping.user SET employee_id = '5a7f29f2-c165-4475-af5c-0c41a0d9b49a' WHERE id = '4a156077-e204-486a-a9f8-0b4909da4907';
UPDATE art_ping.user SET employee_id = 'ae2b42a2-d149-411e-814b-0edded87714b' WHERE id = 'c84fb23b-d3b0-4146-9f8e-c08eefb7a529';
UPDATE art_ping.user SET employee_id = '4cdf619d-8a5b-4bfc-9feb-30cce1470f9b' WHERE id = 'e3be15b5-8da2-4812-9b94-d6a4a203191f';
UPDATE art_ping.user SET employee_id = '68701196-939a-4d55-8611-2a710a1d93bf' WHERE id = '79137c23-f179-4ed3-a126-4575c76ad733';
UPDATE art_ping.user SET employee_id = '410dc7a2-ecfe-4725-81f1-0977b2bf9883' WHERE id = 'd40fdcc5-b826-4021-8625-9f4fa06f4967';
UPDATE art_ping.user SET employee_id = '3e3ed623-2e99-4b38-930c-85d443561aea' WHERE id = 'de4cdf1a-5340-47cd-8326-9b4dce51b088';
UPDATE art_ping.user SET employee_id = 'd11834f9-c4d6-4c79-ae1f-ecc818b70de9' WHERE id = '31e81a9c-b7aa-4818-ab27-e48612e91efb';
UPDATE art_ping.user SET employee_id = '5be3b278-a954-4e91-b5c1-09c005ce113c' WHERE id = 'a5f7c950-c3df-46d3-ac86-f7ea264dc49f';
UPDATE art_ping.user SET employee_id = '76db39d9-b2ab-470a-af66-04427497d652' WHERE id = '468f79c9-c4ab-43fc-973a-66fe26036744';
UPDATE art_ping.user SET employee_id = 'c596a3e1-c4d2-4fd9-8b80-226244975170' WHERE id = '2ee1a22e-af51-4331-b6d7-3ecb48698f14';
UPDATE art_ping.user SET employee_id = 'ccd5828e-2daa-4dbe-8c87-a5b5722653cb' WHERE id = '98a3c3ea-0f07-4558-b431-3cba49ce59b8';
UPDATE art_ping.user SET employee_id = 'e244ae14-7e73-4465-8068-62da4a118288' WHERE id = '5d3e2019-6d5e-449e-9a59-e267db9a004c';
UPDATE art_ping.user SET employee_id = '1d487669-af0b-4511-af1f-e7c8686b897f' WHERE id = 'f0265a8b-8ec6-447d-a2d8-3e35b1efcc59';
UPDATE art_ping.user SET employee_id = '645e95c5-885f-42bf-b4a6-dd0e0f10f16f' WHERE id = 'ef733b68-f624-49bf-81be-90595b9ddce4';
UPDATE art_ping.user SET employee_id = 'ffa02c36-60d5-4eae-908b-67f7dafe0a46' WHERE id = '356290b5-092c-439c-a778-f3d5f67dd4de';
UPDATE art_ping.user SET employee_id = 'e64a50e8-f81c-4ca3-9582-c4c0c42e2f4b' WHERE id = '598ee5e9-a8e0-40d6-8d14-c6f0d4674234';
UPDATE art_ping.user SET employee_id = '5d5f62ab-4100-439e-ab0a-b40bd5dd2df6' WHERE id = 'd7f05b84-b241-49c5-8105-3af1936572b8';
UPDATE art_ping.user SET employee_id = 'f959a1d8-f0fe-472a-869a-6d5e59673f3f' WHERE id = '01b4d5a9-5a92-481e-a27f-9888798ed565';
UPDATE art_ping.user SET employee_id = '8530c865-bceb-42e6-82ad-9957f3687fc8' WHERE id = 'b0c2637f-68b0-4e65-9346-689ff65aec14';
UPDATE art_ping.user SET employee_id = 'ada10710-d213-4070-b5cf-549aa23423ee' WHERE id = '9c89e0c8-01ee-463b-871c-2985c2cb7f78';
UPDATE art_ping.user SET employee_id = '13a53fc3-1c04-431b-a501-34dbf0dfa565' WHERE id = '2afefa47-b911-4d3c-9c25-efbcb018b6e5';
UPDATE art_ping.user SET employee_id = '715f1eee-07f4-4b3f-99a8-2d7fb649c94f' WHERE id = 'f64acf2c-69d1-41cd-a2fd-3ddf831b6922';
UPDATE art_ping.user SET employee_id = '50047f5c-c2e4-4e7a-a936-7a4fe1756c41' WHERE id = 'd0216249-9c76-473f-9bfe-84d5aba226cc';
UPDATE art_ping.user SET employee_id = '71fc503c-3cc7-45b6-915d-77b2592dbb1c' WHERE id = 'd796e33a-ffb7-4fe6-8ef2-801992f5d534';
UPDATE art_ping.user SET employee_id = '046d5e00-ba89-4a40-ba02-eae14c78c564' WHERE id = '7a1f8513-b503-4e3f-a58d-8745331d9adf';
UPDATE art_ping.user SET employee_id = 'f3e554c4-893a-41eb-9a09-215a08f04216' WHERE id = '635d0301-f681-4829-86e8-917eebc87e7d';
UPDATE art_ping.user SET employee_id = '757c6849-14ed-4cf4-82f8-f2693e708222' WHERE id = 'db5d8040-c9fa-4300-b3fb-c3af7ebb797b';
UPDATE art_ping.user SET employee_id = 'e118eaff-ea44-4548-8941-28b1cb9ffd3a' WHERE id = '57eef3e1-d351-44b6-b04a-287f628899c5';
UPDATE art_ping.user SET employee_id = 'b3ff289a-968a-4dcb-8b38-6800ca163fd5' WHERE id = 'b73f97b2-1480-4934-b184-efdb851e2d21';
UPDATE art_ping.user SET employee_id = 'd8d8b297-a19d-4be5-8981-07f78b84e6e2' WHERE id = '35f526ed-6324-4f73-b2fd-e81e0c021549';
UPDATE art_ping.user SET employee_id = 'bb139bc0-e654-4063-973a-815c4683bbb9' WHERE id = 'f37f52c0-9f5f-4cf9-a08e-199e4eb734b6';
UPDATE art_ping.user SET employee_id = '75a5ec96-6bdb-48ad-9e41-3992c3e411aa' WHERE id = '4bd29e38-eeb9-4e2a-be8c-83d83bcaa9e5';
UPDATE art_ping.user SET employee_id = 'd82f685e-e42e-4d93-be51-4b4de7ba08d5' WHERE id = '3272ab22-2a72-40ba-a61a-0785b0d83b45';
UPDATE art_ping.user SET employee_id = '188b1861-cfdc-4061-b923-989f1c7a980f' WHERE id = '168f52e9-b9c6-4edc-bb9a-b1fdb4496a03';
UPDATE art_ping.user SET employee_id = '606aa705-2913-4857-b870-266864ce2bee' WHERE id = '26a21145-a442-4bdc-a795-027bf1a816c0';
UPDATE art_ping.user SET employee_id = '154b73f8-e56f-42af-8131-08d4912597c8' WHERE id = 'de046d51-ff9b-4b08-b81e-ac6030892f72';
UPDATE art_ping.user SET employee_id = '4edf1e3b-8944-42c0-aa02-4622fba98a22' WHERE id = 'bcd6513c-e09b-4f0a-a06a-44a3fd7a2f18';
UPDATE art_ping.user SET employee_id = '12cf9287-3cd2-4a0d-a630-d9cc809c65a6' WHERE id = '5543ff9f-d813-47d0-a2f6-3354631d2dcd';
UPDATE art_ping.user SET employee_id = 'b175a33a-6b43-40ec-85e7-9f1438e24094' WHERE id = '182feb7d-bf62-4d9f-95b0-393bb6539532';
UPDATE art_ping.user SET employee_id = '4a8c76e6-5848-4acc-8be5-5b85be00720e' WHERE id = '1705ea22-d18f-45a1-ab91-ab6e1f52b7de';
UPDATE art_ping.user SET employee_id = '4e83edd3-48d5-465e-9547-0f04d540e74e' WHERE id = 'c4e3f6a6-3d3c-4ea8-981c-dc78345f444b';
UPDATE art_ping.user SET employee_id = 'ca9f2c0f-d99d-4daf-b8c4-0a57639238f6' WHERE id = '8129fc49-75cd-4a17-9739-0d5d615ef742';
UPDATE art_ping.user SET employee_id = '6cfb2d70-61ca-4ebe-8c24-b5d403461dfd' WHERE id = '7d16e374-9ed3-47c0-af6f-4fd9f95ea7f0';
UPDATE art_ping.user SET employee_id = 'c497679e-3fec-4bcd-99a7-864f9803de1c' WHERE id = 'd80819bc-c984-46b3-827b-249c4bd869c9';
UPDATE art_ping.user SET employee_id = '6944d429-c1da-44c9-b670-4eb84c3d179a' WHERE id = '6e37c191-6fa1-4540-bd05-95b06bfaee42';
UPDATE art_ping.user SET employee_id = '06b0dc44-9bf8-496c-b5c1-979f596e5eca' WHERE id = '22a13bbf-d162-4a62-a716-a72ad05f255d';
UPDATE art_ping.user SET employee_id = '3ee6ee98-01e9-477e-aae0-b8afbdab73b4' WHERE id = '9aa167c5-0225-403c-a5df-2fc8b5d218df';
UPDATE art_ping.user SET employee_id = '637a1a7c-d8d0-4180-b638-5371d9c59de7' WHERE id = 'c0452006-0c17-4cb6-90eb-ab8feca2172a';
UPDATE art_ping.user SET employee_id = '8c049c7a-0143-4d5f-a532-c9ab9c30e5c7' WHERE id = '5498b5bf-eb5d-466e-8215-a325b46f79c5';
UPDATE art_ping.user SET employee_id = 'e169be65-4c8e-4158-b89e-92ffda1131ee' WHERE id = 'ed6336d1-03a1-415e-830c-d9fb3652cf42';
UPDATE art_ping.user SET employee_id = '80031c24-f767-4e50-83eb-919faa0ff8f5' WHERE id = '3f0e4a92-0ad3-405a-992e-eb6bdc9662ea';
UPDATE art_ping.user SET employee_id = '8129909d-b55b-408b-a343-ccb232362045' WHERE id = '7116ccd4-48ef-46e1-be84-a2c4e3b95284';
UPDATE art_ping.user SET employee_id = '5ecc3fa5-74a8-4f71-ae5b-81df6c8f9e6a' WHERE id = '1def98cb-b5ff-4d71-aa98-a3c8d9ff5047';
UPDATE art_ping.user SET employee_id = '91108f67-ae35-453a-8da8-be80cd5998ed' WHERE id = '63fc5cb3-26b7-4eb7-bbda-a846b1c27d80';
UPDATE art_ping.user SET employee_id = '61973623-7ea1-40ad-bb08-a2d7b4a237e7' WHERE id = 'f4fa838d-20b1-4222-9d97-3952e64b1789';
UPDATE art_ping.user SET employee_id = 'eb78dfd4-d641-4376-bcd5-c5bd54db3aaf' WHERE id = 'd9966b15-059f-45b3-9fb2-57a20c235498';
UPDATE art_ping.user SET employee_id = 'd1837d6b-5509-42b4-a68a-ada499a1db9c' WHERE id = '88e70e05-b6e2-4c9a-a7c4-6770721a0c0c';
UPDATE art_ping.user SET employee_id = 'bb8f3b0c-32a9-466a-be09-949ec786b922' WHERE id = '860c05fd-be9b-4693-a9f2-707af70cc0d9';
UPDATE art_ping.user SET employee_id = 'bd5f4072-4756-47cd-8cdd-b3863b8a3be4' WHERE id = '3169df47-3c78-4820-8184-089d2d5401e7';
UPDATE art_ping.user SET employee_id = 'db7c32ef-a43e-4924-950d-67368720b1ca' WHERE id = 'ef4e662b-6760-4ba2-a219-5159a2e280d4';
UPDATE art_ping.user SET employee_id = '219ba6fe-7459-4043-87a7-8fa8941d5964' WHERE id = '55bff470-23d7-475c-a1ac-a85f9ccf2651';
UPDATE art_ping.user SET employee_id = 'f36f6161-6920-456f-8932-312679f02ff0' WHERE id = 'aad0ad6d-3b1a-442f-bd00-a7ec2e983459';
UPDATE art_ping.user SET employee_id = '3caacf5d-2a9e-4b36-8fa2-b3a5303147fa' WHERE id = 'f5c6ce91-790c-4969-868e-1ba31bf752a3';
UPDATE art_ping.user SET employee_id = '1bdc9fbe-a832-48d7-8ab9-dd59882f1cb7' WHERE id = 'f0681140-84ac-4531-944e-3fde06dcdcd7';
UPDATE art_ping.user SET employee_id = 'f93f3f29-0c4a-40d7-8014-b1e56e528dd6' WHERE id = 'fa37086e-d4d2-4eec-94d7-329d7c982e8a';
UPDATE art_ping.user SET employee_id = '3d4f01e2-43dc-4c70-83cc-7cdb1f3df1eb' WHERE id = 'b96e9427-a34b-46c3-8e2d-9cae0e285e08';
UPDATE art_ping.user SET employee_id = 'c46f6f86-7e74-4c03-884c-e25c91cc4946' WHERE id = 'dfb28f90-0c36-4b01-aacd-cf7101d5b959';
UPDATE art_ping.user SET employee_id = '5b1aea66-ceef-4316-9677-23ec2cd167f3' WHERE id = '1a4f66e0-1f17-49dc-8c2a-5ab2b2ddd80d';
UPDATE art_ping.user SET employee_id = '506c90be-9047-4868-9f58-4d30d43c5cd4' WHERE id = 'ada20409-2d04-40ee-a127-d4ca2d8a639a';
UPDATE art_ping.user SET employee_id = '00480f9c-f2d1-4f04-bd42-bc6509b39d8c' WHERE id = '33c2bf66-4681-47bb-b4bf-2c37b94f6f2e';
UPDATE art_ping.user SET employee_id = '7337ef3d-f68b-445a-8b3b-e8e8eb34dfba' WHERE id = 'b0fb4e8a-283a-42c9-9c4b-135d1882dadd';
UPDATE art_ping.user SET employee_id = '6ea9e0cd-7d8b-4673-b90c-8aec9bfba868' WHERE id = '72bd703d-0502-433f-bfdb-99f55963670c';
UPDATE art_ping.user SET employee_id = 'a9a30df2-0e61-43b4-ab85-7cda635d7531' WHERE id = 'cc5de5eb-8b0d-4c21-b2fc-9786d739d99c';
UPDATE art_ping.user SET employee_id = '7519c8c7-492f-4c67-a3fd-61e57984164c' WHERE id = '82451ad0-e60c-4179-a6aa-6f4dd001c827';
UPDATE art_ping.user SET employee_id = '19116dfb-4faf-46d5-af4c-f421b1dd04ec' WHERE id = 'd0056670-b5cd-4f30-9a45-4049a910e0ed';
UPDATE art_ping.user SET employee_id = '577eae4c-cf68-4566-96cd-5d990ee35d36' WHERE id = '531ba10a-d210-46ab-92bb-37eadfcb1491';
UPDATE art_ping.user SET employee_id = '8978b820-3832-4eb8-9d16-1359d70a5f41' WHERE id = '453a21e8-5b0c-448c-acd5-cb5f9c1d3eef';
UPDATE art_ping.user SET employee_id = '75257361-002d-4a84-a6a7-45bdd09516c7' WHERE id = 'ba16d16f-f14e-4f9c-8095-e014c461fac7';
UPDATE art_ping.user SET employee_id = 'ba4e3b46-f8fe-441f-92e9-024868b9fe19' WHERE id = 'ee43d9e7-b127-4303-ade6-b3b2465616d4';
UPDATE art_ping.user SET employee_id = '0492f9c5-0b23-46c3-a435-691547b39086' WHERE id = '8083bf25-404b-4115-b5d9-a17ab804b593';
UPDATE art_ping.user SET employee_id = '475abc23-901a-43ed-be8b-ecb5ff7ac4c5' WHERE id = 'bcb584fa-dbb1-44e0-9d90-26552c36bee4';
UPDATE art_ping.user SET employee_id = '833f10ad-97d4-43ed-ade5-8b0a843aabbf' WHERE id = '18584a3a-11b1-4cc5-969b-74119c7d41ad';
UPDATE art_ping.user SET employee_id = 'e86f1abf-c2c7-4e09-a287-28e6bc3e35fb' WHERE id = '8eeee2b6-9975-4076-af52-fe0a74b887d3';
UPDATE art_ping.user SET employee_id = 'f8c6fc9b-5a6e-41da-a329-b2510034e3c6' WHERE id = '139ac6c5-f2b9-47d2-9887-b8851a9a0364';
UPDATE art_ping.user SET employee_id = 'f4db3270-810e-4611-a75e-8e055a8e8784' WHERE id = 'cbe1faf3-ef54-48d2-9eca-0d4e35acc2f9';
UPDATE art_ping.user SET employee_id = '3b2a40d0-1670-4a18-940d-bd37a4123361' WHERE id = 'c5d410dd-fdb9-4507-9245-2c1854ce6c3f';
UPDATE art_ping.user SET employee_id = '2035cd1d-05d0-4bca-8ea4-911c82defd0b' WHERE id = 'eb062368-3e09-487c-b1f3-90dd931e50a7';
UPDATE art_ping.user SET employee_id = 'd4e0fce8-0226-4516-afa3-243214ffa105' WHERE id = '4a82a507-ed27-43d5-993e-6e11555d6729';
UPDATE art_ping.user SET employee_id = 'f127662b-6eb0-47af-ab37-589932ceb498' WHERE id = '105050d7-bde0-44a9-a919-4fbce37e55b8';
UPDATE art_ping.user SET employee_id = '899809d2-dbd7-43af-908b-6caa46258872' WHERE id = '5c1bc9ab-40b2-446a-a865-eafc0c4395e1';
UPDATE art_ping.user SET employee_id = 'f4a19dcf-51f6-4782-9969-1c0850f2fa41' WHERE id = 'fbec4eac-35b5-4d32-9c85-106bbfe3da54';
UPDATE art_ping.user SET employee_id = '00289862-fe38-443f-983a-37f2c047c1bb' WHERE id = 'aeb317b9-eef4-4298-b7e4-837ce8f16912';
UPDATE art_ping.user SET employee_id = '25937bae-8f8e-4ddc-a714-3e74c80fc42d' WHERE id = '72240258-f028-49b7-9310-69480cb52cf5';
UPDATE art_ping.user SET employee_id = '538a87f4-a5ad-435e-8e83-fed368ab2fdf' WHERE id = '337309e9-cef4-40ff-9e16-2f671a33661b';
UPDATE art_ping.user SET employee_id = '8429609f-625a-4bd0-a20d-70f7372da498' WHERE id = '20840812-abe9-46cf-8a77-d2be93281dd8';
UPDATE art_ping.user SET employee_id = '1726dad8-71cf-4ec6-8e13-5c8750de21c8' WHERE id = '6bd10ac3-60ef-4d27-a0a3-31a0ff793886';
UPDATE art_ping.user SET employee_id = '16cf7a15-9ef3-4997-9816-57feaff4d083' WHERE id = '762a62b6-3ba8-40a5-8048-8826d6a40b6e';
UPDATE art_ping.user SET employee_id = '470e5ad9-7cf2-4629-9048-a8f17873018d' WHERE id = 'e92d9719-84b2-4e8e-b652-1538315a861d';
UPDATE art_ping.user SET employee_id = '62becc2a-b2e8-4c91-a5ba-31e279a16d9c' WHERE id = '5b3941d3-7dd3-4af4-96be-1418438f9085';
UPDATE art_ping.user SET employee_id = '80544bcc-4286-4ed6-8981-323152036cde' WHERE id = '879abf87-5086-4b92-bcc1-d22e6e83c5bc';
UPDATE art_ping.user SET employee_id = '5648ab49-662f-4584-9194-51d0dd974a77' WHERE id = '1f220b30-6d18-4c3f-a424-ba2dbe27859f';
UPDATE art_ping.user SET employee_id = '8f63c6e9-51e8-4f0f-a373-734a128ab4c1' WHERE id = 'e85bb924-8719-4b4c-8850-f991bcdab5e2';
UPDATE art_ping.user SET employee_id = '95ab0c6e-bcd2-4038-86ad-9f7fa7293f10' WHERE id = '285c8b20-05c0-4920-90dc-cfd0aa6170db';
UPDATE art_ping.user SET employee_id = 'b81ee9ec-c164-40d3-8cb0-951b23351884' WHERE id = 'fffe30b1-72e8-492b-b0e5-cf14eab33f25';
UPDATE art_ping.user SET employee_id = '4281c7b2-01a0-4154-8a50-fd49e765852b' WHERE id = 'a1315a29-4137-4a94-95cb-bfbc13c71b34';
UPDATE art_ping.user SET employee_id = '3b1768cf-f553-412f-add8-519afa8d587a' WHERE id = 'c50c217d-50e1-4239-82a3-dfbd322887f1';
UPDATE art_ping.user SET employee_id = '34c4844f-74cd-480a-8c3a-696b6ae60e22' WHERE id = '83818d84-5ae0-4c04-b9b3-16b591e3d9df';
UPDATE art_ping.user SET employee_id = '6e22ba74-d2f9-415e-8ddf-cd40f6b42f5f' WHERE id = 'd905caff-3df6-47f2-91f2-412226b7b71c';
UPDATE art_ping.user SET employee_id = 'f9cbd2b4-d97d-4265-a5c3-4430f0614efa' WHERE id = 'e34656b7-cb24-4205-862d-571c74e6d366';
UPDATE art_ping.user SET employee_id = '5c5fca0c-c39c-4fa6-8670-2bdd13273633' WHERE id = 'f58de610-df38-4de9-82d7-4926f0123bcf';
UPDATE art_ping.user SET employee_id = 'd4f81a01-d8a8-4620-9fa0-a863ffc0d9d7' WHERE id = '9cf561e9-3750-4ce7-ae28-31de715b7a10';
UPDATE art_ping.user SET employee_id = '2784a9de-bfa6-432a-8db3-3c6ef96b175b' WHERE id = '61285820-b829-4aaf-8677-50e19ab5d7e3';
UPDATE art_ping.user SET employee_id = '229d920e-cf5b-4dfb-a8eb-29e6a6c8068f' WHERE id = 'ec25e7eb-ab84-43f0-964c-aeabb5589a76';
UPDATE art_ping.user SET employee_id = '64ff7b30-1b01-4f81-b183-4f9929bb9052' WHERE id = '98cbb75a-ad03-4173-8283-b6661a2da292';
UPDATE art_ping.user SET employee_id = '7881231e-2a8e-4736-a3c8-68c27ddac2a1' WHERE id = 'eaab929d-d829-4ccb-bba1-16c1ca8c7864';
UPDATE art_ping.user SET employee_id = '3f80df10-2953-4b62-a570-e579a1d6357a' WHERE id = 'd4977644-04e2-45bc-a50c-f4e1664c6cf5';
UPDATE art_ping.user SET employee_id = 'b7105255-b70c-429e-8686-7ba8633ebf9f' WHERE id = '3d24b414-26eb-49cd-8401-0332acad9ede';
UPDATE art_ping.user SET employee_id = 'a547f5ea-4ebe-4601-aa11-6306914d7eaf' WHERE id = '38fa534c-cf90-4a6f-9d69-1e62342f05bb';
UPDATE art_ping.user SET employee_id = 'dd37a8fa-7ce0-4b01-ba47-f2a8978f690d' WHERE id = '78c8307f-49ab-4957-8fac-e4b4d4d4e0c4';
UPDATE art_ping.user SET employee_id = '51fb2ac4-8ba7-4194-b5f5-36972508e6de' WHERE id = 'af48ed90-d6d4-4e37-a22e-4fef0b49f99f';
UPDATE art_ping.user SET employee_id = 'df693f88-209f-42b6-926e-457b8aeb2af9' WHERE id = 'aec7f6c5-2408-4d10-949c-72b24e78a53a';
UPDATE art_ping.user SET employee_id = '0e1b2f29-f490-4f75-b4c3-611ccccdd849' WHERE id = 'bbd33fb5-8e2c-4f26-948d-575b3707982f';
UPDATE art_ping.user SET employee_id = 'a97deb29-5516-46aa-b2d0-2ddd14fbee1d' WHERE id = '2c0b6ca8-5a5d-4cf4-9255-58506081b34a';
UPDATE art_ping.user SET employee_id = '9923f9ff-3d98-49be-a1a7-75f0de86dbc0' WHERE id = 'a41a280a-4e4c-4157-aaea-120384abe6f5';
UPDATE art_ping.user SET employee_id = '824e5eb7-7d8f-4071-a8ed-2023f126d58c' WHERE id = 'f5a9976f-a4fb-4c74-a253-c8a518910521';
UPDATE art_ping.user SET employee_id = 'f6601251-90a2-4acd-a611-5087f2c59f77' WHERE id = '8544f292-6877-4239-b508-b4142c6818f8';
UPDATE art_ping.user SET employee_id = '68aca824-016e-4faa-926c-9688c6b57fc2' WHERE id = '94d9da30-4cc3-4522-979f-8b0a6c0f94bf';
UPDATE art_ping.user SET employee_id = '92bdf01e-cbbd-4d9f-88a5-c6fa0275dfae' WHERE id = '4ff929ac-f5c8-4f60-9ead-d1e79f7b3360';
UPDATE art_ping.user SET employee_id = '51354a6d-189b-4def-9c2e-83d47695307a' WHERE id = 'c9a1d3a0-018c-4e79-8fa1-912a1de262d0';
UPDATE art_ping.user SET employee_id = 'a6790baa-fb04-4966-8a25-39972358d9b7' WHERE id = '3376f000-00bf-43cc-9628-6367400ed5d2';
UPDATE art_ping.user SET employee_id = '6728eb07-5841-48cf-a6e5-4acb471295e2' WHERE id = 'f7698c0f-630d-4080-a888-8f827e767c25';
UPDATE art_ping.user SET employee_id = '348e4a71-99d5-4382-a884-229d538af662' WHERE id = 'd344de8a-b9d2-4698-ab40-2713e0d19fa9';
UPDATE art_ping.user SET employee_id = '58f5f5c8-3b76-4e8d-ae9e-e48d2094a434' WHERE id = '6e1b3b8b-d8ba-4e0f-a878-810459934894';
UPDATE art_ping.user SET employee_id = 'acf24a6a-9e8b-4edf-982c-ad62dcb4e236' WHERE id = 'a1035ec0-bfcc-4984-aed0-1f0b377dc534';
UPDATE art_ping.user SET employee_id = '568b88a7-f196-4ef3-b6b6-2f35874f331c' WHERE id = '358aab34-4883-4a23-ab58-f9c7cb23d652';
UPDATE art_ping.user SET employee_id = '7f017fd4-81ac-4d7b-a32e-c28b45ceb60f' WHERE id = '80fb2843-87a0-4711-b066-aec473b7485e';
UPDATE art_ping.user SET employee_id = '8497a2ae-1393-40a2-a1aa-025047ed3835' WHERE id = 'f8f551b9-deb7-47dc-9c0a-7f81f3ce4f37';
UPDATE art_ping.user SET employee_id = '30dfa1ca-7b8d-4ff6-aad2-336b8946cd43' WHERE id = 'bc6eeca0-4bf5-48cc-b832-11314f7d46c2';
UPDATE art_ping.user SET employee_id = '5d393e40-0dca-4fe6-9264-a2042cd888d3' WHERE id = '8ce0fcd8-9744-47c9-abbe-0cb54abd81ba';
UPDATE art_ping.user SET employee_id = 'ecba32ef-e3b9-4f48-b96a-d2f81f777fbb' WHERE id = '6b61724b-0ce8-474e-8bc6-804bf39cf1bd';
UPDATE art_ping.user SET employee_id = 'e8fa1518-3191-4982-992e-6e1f22ae0d0b' WHERE id = '4f03871d-62b9-4ff4-b377-07268be0eecb';
UPDATE art_ping.user SET employee_id = '2a60de57-a87a-4f65-b5fc-47ec38b4bfa9' WHERE id = '5d0963ea-6a2a-428a-85a8-83c172bbc2c8';
UPDATE art_ping.user SET employee_id = 'b155eaf8-7e88-4d0a-992f-8ee70d8b37e5' WHERE id = '3b77938b-42d2-46cb-8148-112adcf49b3e';
UPDATE art_ping.user SET employee_id = '735a9cac-c943-4560-99a5-c2778ed36806' WHERE id = '2d241ad9-c0dd-4d8b-b208-be9f24bcfc55';
UPDATE art_ping.user SET employee_id = '120e9abf-1fc2-4c79-a365-77e49a1f76ed' WHERE id = '5338fc84-90f9-441b-8654-593a53d396f1';
UPDATE art_ping.user SET employee_id = '55743fe3-5eb2-4bcb-a294-96956680a9f5' WHERE id = '451150ed-e5ee-493e-9daf-3744b66b79fe';
UPDATE art_ping.user SET employee_id = '96d379a2-8d90-4c59-b1b0-4f6fc45acaeb' WHERE id = '075458f3-e9c2-4c37-954e-1be896f3382b';
UPDATE art_ping.user SET employee_id = 'a1d05cee-811f-4a34-8cba-326090f3ec2c' WHERE id = '0aaf161b-1cd2-4069-88b7-25d6ba19c9cb';
UPDATE art_ping.user SET employee_id = 'b661d5fb-e6f6-4bb7-8f3b-415d1edfda19' WHERE id = '5504c3b2-3b64-4623-bfff-5b384d01a8fb';
UPDATE art_ping.user SET employee_id = 'a7a3b462-8533-4f6d-aad0-7f1e1fff2f19' WHERE id = '7749e9cb-1293-428d-b2a6-66a00261489a';
UPDATE art_ping.user SET employee_id = '1fb437d1-aaee-4ed1-bb2c-362b015589fd' WHERE id = '436aff8a-212a-464b-90b2-8339f7431936';
UPDATE art_ping.user SET employee_id = 'ab1f7d61-0802-4f98-b750-405e293c8568' WHERE id = 'ff240e2d-b878-4a0c-bc52-4d492364590b';
UPDATE art_ping.user SET employee_id = '87d80911-91e5-44ff-977f-6c6720cd4d13' WHERE id = 'd9f7f980-7342-4f84-beb7-3641f56917c0';
UPDATE art_ping.user SET employee_id = '9156f9a1-04af-4de0-93d1-bea2aacb4812' WHERE id = 'e4641934-b747-410b-8b1e-8ac5dff1ecfe';
UPDATE art_ping.user SET employee_id = '4d14143a-4934-49e3-a791-a4ae03ae5170' WHERE id = '5a4cd21f-a71f-40b1-b37f-05afca2671db';
UPDATE art_ping.user SET employee_id = '8dacf61c-b38d-4d75-ac11-962a97226013' WHERE id = 'd624afde-38f1-4193-b84e-5bf7b760dc7a';
UPDATE art_ping.user SET employee_id = 'f13996b1-1d4e-4031-b848-4d38e070ae36' WHERE id = 'f7672318-ed43-4c53-9a4a-50f552586a1e';
UPDATE art_ping.user SET employee_id = 'eb489be1-3357-4723-b5af-b7833e1e9da2' WHERE id = '2662cc9d-7670-40cc-aadf-86791dc8a6b9';
UPDATE art_ping.user SET employee_id = '328230d3-b9ac-4810-bfb0-ab9ee61c5e50' WHERE id = 'fc689a5e-6d70-412b-b619-90f48bedf6a4';
UPDATE art_ping.user SET employee_id = 'ff254c8a-c3a5-46f1-a717-c55e3c5e8680' WHERE id = 'e4eea931-4036-4aba-9728-dd39b8dc4cfd';
UPDATE art_ping.user SET employee_id = '318db25a-3b1d-4fa4-ad56-98a5dcd56271' WHERE id = '75abc360-cc07-4520-b844-88ae4c04d96e';
UPDATE art_ping.user SET employee_id = '47f45c62-b0ab-4f70-b60b-71c1f078dbe5' WHERE id = 'da7f07c9-b00f-4e00-8ceb-0dfc6b50890d';
UPDATE art_ping.user SET employee_id = '20b3ccfd-5ab0-4f4c-814e-830f32b570ff' WHERE id = '2037c3b0-2be8-4266-8955-817b4ce1800d';
UPDATE art_ping.user SET employee_id = '5ec97d35-2d20-4b14-9e4e-b3937580b7ae' WHERE id = '0e35cba5-333c-4d0f-af17-ec435894fc21';
UPDATE art_ping.user SET employee_id = '8d154404-8e56-4db1-9c7d-0bf34a0f7847' WHERE id = 'da7dcf3e-5efd-49bc-afd6-30165a60ab61';
UPDATE art_ping.user SET employee_id = '2c2f287b-405c-4870-a42a-3c993400d5c2' WHERE id = '3f19efa5-012e-472a-bc02-9c0ecb319449';
UPDATE art_ping.user SET employee_id = '43d8804d-1c4a-41b3-aba0-8c2291613b1a' WHERE id = '1ab25045-0d66-4d7a-aa69-4c06a5cb0eed';
UPDATE art_ping.user SET employee_id = 'a4c6515a-ad32-4e85-aa5e-a1a5dd5e7199' WHERE id = '4abfdfd4-c6d3-40f8-ad64-d2ef2b8a8c36';
UPDATE art_ping.user SET employee_id = '6fed8a40-b2d0-4cbf-b7e3-0daeaafa3af8' WHERE id = 'cf53de48-cb71-4072-9c13-38a35422e75b';
UPDATE art_ping.user SET employee_id = '493a58e5-2b13-4d7e-9971-399387fafafd' WHERE id = 'd31a8032-95ee-4c29-8f3d-3d4af87aff73';
UPDATE art_ping.user SET employee_id = '17efe547-80c9-4914-967f-0c4fc078b74c' WHERE id = '6f2a7a48-2ffe-495c-a029-29f8e3654f5a';
UPDATE art_ping.user SET employee_id = 'a9b66c15-d3e1-4e38-8361-5051c6feb8fb' WHERE id = '97890d25-db37-48a3-8f20-50e1ac7974cd';
UPDATE art_ping.user SET employee_id = 'e424a74b-19a1-4b97-8ce0-b39646f66c8d' WHERE id = '119a3cd9-1695-4f4e-a90a-859665a73d23';
UPDATE art_ping.user SET employee_id = '40ac132d-530f-4cbf-900e-42f899fe2380' WHERE id = '10518bfc-5c95-425f-a341-88468f838dea';
UPDATE art_ping.user SET employee_id = '8fbca8db-c93a-4666-a70a-f3fc4dda566c' WHERE id = '6514050a-1af0-4e19-a67a-f588c9ce4435';
UPDATE art_ping.user SET employee_id = 'db5ccae6-0bb1-4879-a398-f5fab1e421dd' WHERE id = '414bf688-8eee-4e1d-80dc-e2b43a87f584';
UPDATE art_ping.user SET employee_id = '57c9a6f6-2544-456e-9146-9ae136ae6298' WHERE id = 'e281fa5f-5d24-4c48-af05-9d7010215c88';
UPDATE art_ping.user SET employee_id = 'ae0a4142-3fb8-41c4-a80a-56ad29240937' WHERE id = '5e7aaadc-5dc6-448a-b55a-cd40b974b553';
UPDATE art_ping.user SET employee_id = 'a352156f-46ef-45ef-92b7-6ec0aada131d' WHERE id = '5a0acd6a-4802-476c-9cdb-e7b5f3a8a74d';
UPDATE art_ping.user SET employee_id = '00dbc004-e522-4e71-953d-dc682428df46' WHERE id = 'c24af10d-22f3-45e8-bde9-21aa2403d217';
UPDATE art_ping.user SET employee_id = '915343c7-b40e-4730-975b-f21ed4590532' WHERE id = '0aabcbe0-d441-442e-bd72-38a5904c1d01';
UPDATE art_ping.user SET employee_id = '505e5150-0413-446a-82b4-296aa6dec7f2' WHERE id = 'c5a76fc3-6a09-4232-8db4-509bc5a84f53';
UPDATE art_ping.user SET employee_id = '2dff829a-3580-4075-840a-f5c2ec5e3f1f' WHERE id = 'b8a5d161-fdf2-4108-b4aa-7bb97e948854';
UPDATE art_ping.user SET employee_id = '6bbc2baa-80ce-41da-bbdf-31f8647dddc8' WHERE id = 'fd5f9d64-0793-4802-97aa-aca4b777026a';
UPDATE art_ping.user SET employee_id = 'fbac1bbc-37bf-4349-8ca8-1b95e328ae04' WHERE id = '33e156fd-dea6-4b12-bb39-e1881c09059c';
UPDATE art_ping.user SET employee_id = '8e5aeece-282b-44e2-b0ae-90f428192683' WHERE id = '96d523e3-e501-47d6-a0bf-7feced46e219';
UPDATE art_ping.user SET employee_id = 'd35a0470-b546-4205-8307-5d54da61b18d' WHERE id = '74a7a677-d319-4535-a172-cb6531ca8a1b';
UPDATE art_ping.user SET employee_id = '78d819f1-6b51-420c-8281-c8f1d401a50b' WHERE id = 'e7e60d4d-29be-475c-8cf5-62c883e6c7c2';
UPDATE art_ping.user SET employee_id = '86cf0bff-1a68-488a-8295-4222969a3ffb' WHERE id = 'ea9d0dd3-9f41-492b-80e8-c5b6d3483c02';
UPDATE art_ping.user SET employee_id = 'e5e3df29-b6ee-459b-ae9d-e725b68bbafb' WHERE id = 'bffbd2cf-adf7-4c8b-b7bf-49cad8acbeb7';
UPDATE art_ping.user SET employee_id = 'a9500db5-d6b9-46ea-b8e3-36d36c2fb663' WHERE id = '1b6c2a64-f0e3-4115-807e-dc142bc79cab';
UPDATE art_ping.user SET employee_id = '9674a6de-68c3-4199-9715-44a7c0aede32' WHERE id = '5f43acfb-5a88-40d6-a1b4-90ecf886e2dd';
UPDATE art_ping.user SET employee_id = '515b00bb-3a1a-4c42-9349-ba7e5577b69d' WHERE id = '77b636ee-e0b4-48b6-9af6-d0a3f433cd12';
UPDATE art_ping.user SET employee_id = 'be09a1ce-86c1-4b5c-bb25-a89e94fe6e18' WHERE id = '183f302a-a7ed-48b6-9860-ff607fb289a6';
UPDATE art_ping.user SET employee_id = '3d9ac511-8d2a-40ec-aa7a-043b6a736119' WHERE id = '605b613a-0ad3-4806-b700-a9cf0ca32155';
UPDATE art_ping.user SET employee_id = 'ff381683-f441-4456-b183-eadff5e6641e' WHERE id = 'dddd994b-05fb-4d62-ab85-34cbf75909d8';
UPDATE art_ping.user SET employee_id = 'fac34f0f-f3ea-46b7-bed0-8614e54bf195' WHERE id = '5ba3ac33-52c0-495a-ae81-71aa651846ed';
UPDATE art_ping.user SET employee_id = 'a6f8a1b3-622f-4196-8dea-9dde2fdec79c' WHERE id = 'e13832ac-1bd8-4ceb-ae0f-6f6a609ee0bc';
UPDATE art_ping.user SET employee_id = '5d82c286-6349-49ee-a0c8-8ae17c01a3ea' WHERE id = 'd05f8ceb-9c57-4a0a-ac2c-64d0286f599c';
UPDATE art_ping.user SET employee_id = 'bc0e890f-7318-4cb2-9454-8c4480e65099' WHERE id = '6d56d83e-efc2-44bb-8b2f-d78c9bd1bbf4';
UPDATE art_ping.user SET employee_id = 'ad5c3500-572d-4e3c-84ce-abbf11468475' WHERE id = '3773bc81-41cb-44a1-b919-fb397baee062';
UPDATE art_ping.user SET employee_id = '2bed41e8-9a46-4856-8014-4e1941001799' WHERE id = '7efbbb52-e1f4-42ec-8a5e-08952efcaa2b';
UPDATE art_ping.user SET employee_id = '326ac3e5-245e-4f54-bc7f-c89a0575f37c' WHERE id = '383bbc71-99a3-4c89-b477-a408ba87f693';
UPDATE art_ping.user SET employee_id = '22b95590-f019-4c0b-82ee-73e0fc114eec' WHERE id = '61bcf261-d730-4f36-a771-507548860ce0';
UPDATE art_ping.user SET employee_id = 'e3453ceb-3aec-48b8-9376-a52af08e7111' WHERE id = '2bba81e9-9775-4912-b59f-c947f308b4f1';
UPDATE art_ping.user SET employee_id = 'ecff3071-8e08-4773-b824-cefc3f98780d' WHERE id = '48160ef7-c8be-4413-b9d5-0ba945c65b55';
UPDATE art_ping.user SET employee_id = '93caefdf-d11f-498f-9939-acfa4f238b68' WHERE id = '927d3af4-685e-433d-809b-ee417600b3c7';
UPDATE art_ping.user SET employee_id = '969f05c5-9197-4e39-8ae9-d81af37dd9a7' WHERE id = 'cf446251-851a-44db-9de0-a6d95efcac2b';
UPDATE art_ping.user SET employee_id = 'ae242bfa-9bae-45ea-9425-2b4eaeaa9b68' WHERE id = '2ea22ea4-9d5c-45f9-9d1a-0bb43c1de89b';
UPDATE art_ping.user SET employee_id = '65437f3f-cdfb-4732-ba14-73e765d78096' WHERE id = '2bdfab07-fd93-41fa-ab85-074a97175026';
UPDATE art_ping.user SET employee_id = 'ca80f43d-5268-431a-9be9-598b85e5fbd0' WHERE id = '08395291-5d8a-4b98-8d70-4c0a44631880';
UPDATE art_ping.user SET employee_id = 'af63e045-ff18-4cc6-893b-1d088e0fc2cf' WHERE id = '2f67f869-3f08-4927-8d90-1f113e1cd3f3';
UPDATE art_ping.user SET employee_id = '8b18feb9-b326-47d7-b4b4-99e86b5d3642' WHERE id = 'be81c99d-f6d1-4b05-9454-406d0b7736f0';
UPDATE art_ping.user SET employee_id = '66e5f9ba-af58-4ecb-920b-b052072af89b' WHERE id = '1029d6e9-b46f-49fe-9b86-a9cea46459a2';
UPDATE art_ping.user SET employee_id = '33c5e8ac-400e-4ec6-9e48-5d33bd81f95f' WHERE id = 'a1c4f80c-e56d-4c0c-bc93-0915f72c37b0';
UPDATE art_ping.user SET employee_id = '4dd27506-c685-49ae-b937-9633272a83d8' WHERE id = '32ed8881-e2be-4ba1-811a-9c962742d89b';
UPDATE art_ping.user SET employee_id = '35a3185c-b449-4041-a98b-51e2e4bdfa4c' WHERE id = '5ffe5d49-a83c-407a-bae5-46991962e87a';
UPDATE art_ping.user SET employee_id = 'd506ff2e-4561-4778-b519-7d7fb9384e04' WHERE id = '6bd83dc8-0c93-4f4f-8686-762f40d2fdc2';
UPDATE art_ping.user SET employee_id = 'e7001bd5-482c-4643-b5d7-ea6ee953b6b1' WHERE id = 'c1322287-bc7b-4599-bba6-90f6cafe0d26';
UPDATE art_ping.user SET employee_id = '19a66dc2-080d-4711-abe3-a97cbda9803b' WHERE id = '17bcaf06-88aa-4961-b9af-f42ae9c5d254';
UPDATE art_ping.user SET employee_id = '06d7dbce-24ad-44d6-89f3-438d337d6ef4' WHERE id = '3b1cd8d5-642f-4238-b2f5-94655b9e959a';
UPDATE art_ping.user SET employee_id = 'e06de493-954d-4a4d-a3eb-fb67a4671cfc' WHERE id = '1fcf58d5-f041-4efe-9357-78603c8cca03';
UPDATE art_ping.user SET employee_id = '1c988d6d-899d-488d-8ba6-27658d029b2c' WHERE id = '4f5ed2ba-f056-475a-9505-9207be95d5e3';
UPDATE art_ping.user SET employee_id = 'e47a9330-d261-4c18-907a-b96e441d06ec' WHERE id = '81213444-6df8-4713-9bfa-fbd31d43ddaf';
UPDATE art_ping.user SET employee_id = '8c05f93e-a563-4678-b1ff-9e196908d054' WHERE id = '16f218d0-517b-419e-97ad-36397c172d30';
UPDATE art_ping.user SET employee_id = '99e52a02-bac0-445b-8d97-903fb19434d1' WHERE id = 'b632a061-eea9-4e71-884f-e01ec25b593b';
UPDATE art_ping.user SET employee_id = '9982ae8f-0654-4ea5-a5bf-f9b1c7ac89c1' WHERE id = '6dc839a0-b4a9-423f-a632-0f3e9e38e1cb';
UPDATE art_ping.user SET employee_id = 'd8004060-ae26-4daa-8bc7-735e1e3bf33b' WHERE id = 'be0c3781-7de7-477b-ae31-3bc715be7651';
UPDATE art_ping.user SET employee_id = '41edc2a3-5f19-4c2e-8e4b-75a89d28bdea' WHERE id = '45de2a55-9ba9-4783-a676-2e6ce6c1797b';
UPDATE art_ping.user SET employee_id = '9a2c2d3e-8742-427a-b85c-a6c064010cfb' WHERE id = '1971bf67-ce49-458a-93cf-91111a5b9fa6';
UPDATE art_ping.user SET employee_id = '750e6c14-3132-4292-bdc3-182c1b18373e' WHERE id = 'f1fe7af1-caf5-440c-9d57-9cf78507903a';
UPDATE art_ping.user SET employee_id = 'c959b146-9b08-4010-b577-312bff98e991' WHERE id = 'abfc5eae-4c89-4693-bcf7-bf6aed4beb0c';
UPDATE art_ping.user SET employee_id = 'c081cb8c-ccec-4887-aae1-0d25f16eeea7' WHERE id = 'c1f2843a-b952-4d1b-be9f-04c29f645b79';
UPDATE art_ping.user SET employee_id = '4242e906-afdd-451d-828a-ce35ca2d9931' WHERE id = 'ffa3a38f-683c-4189-99d6-9ce01b60f2d0';
UPDATE art_ping.user SET employee_id = 'b6563d74-1e2b-4bc2-9c0c-b418a628bb78' WHERE id = '75026efe-53c6-469c-82dd-8601f7722979';
UPDATE art_ping.user SET employee_id = 'd6b2e235-5572-40f7-a821-1c3ed79fed56' WHERE id = '6d934fc1-d6ff-4180-b59b-72d5426b8ff4';
UPDATE art_ping.user SET employee_id = 'e10888eb-d630-4580-871e-cbd4910c26ee' WHERE id = 'd05c243e-300c-4ba1-858e-c42d6597cac3';
UPDATE art_ping.user SET employee_id = 'e07742a4-107c-4c77-8d37-aaa5d771ca3e' WHERE id = '23249973-9cdf-41e8-86ea-f770538fd59f';
UPDATE art_ping.user SET employee_id = 'bf99118f-478c-4f13-b090-c482af39638b' WHERE id = 'defd877c-810c-4a2c-865c-ce6e8bc09039';
UPDATE art_ping.user SET employee_id = 'c1c408a4-5c48-45b6-acee-bab5fb93950a' WHERE id = '85caf1f7-8f6b-4dee-a4f1-f2263ab5a054';
UPDATE art_ping.user SET employee_id = 'd0ae51d6-3f25-42a4-aab6-bcdec2a7d13b' WHERE id = 'ea129c54-2066-4dec-a6b5-787e01230781';
UPDATE art_ping.user SET employee_id = '308ced5a-35ab-483f-ad1d-b705e7d67578' WHERE id = '73221738-08cc-419b-b66a-c347be5fbcf6';
UPDATE art_ping.user SET employee_id = '8e0f0958-a38e-4654-bd93-59c73dbb4de4' WHERE id = 'a1bf41f3-02fc-416d-a0b4-3298f23c6909';
UPDATE art_ping.user SET employee_id = '32ed9b74-cfe4-47be-a4a1-75a2574f79f7' WHERE id = 'fbb301dc-43ae-4adc-8123-911f4451a4f7';
UPDATE art_ping.user SET employee_id = 'a894ee0f-9b68-4185-a435-5cea33c3fce6' WHERE id = '83fdf125-13a4-439b-92e2-3836df6849d9';
UPDATE art_ping.user SET employee_id = '3c6e0c9f-5628-4b52-8dd3-51073cb3b3e0' WHERE id = '27eb9d7f-8beb-428b-8e8d-8425d1ba30e6';
UPDATE art_ping.user SET employee_id = 'a91576d9-95f7-42f0-96c2-8d86fbc31bb8' WHERE id = '2872f128-a752-4b1c-bd03-344b231f669e';
UPDATE art_ping.user SET employee_id = '7b45c0df-31bf-463e-85a7-74ff2d101ed8' WHERE id = 'a1d22212-d443-4d76-85e7-9e8de0be6336';
UPDATE art_ping.user SET employee_id = 'fa21f402-1783-4e26-a087-c5cc50765fe8' WHERE id = '60ac7e03-a820-4429-837e-96083029f530';
UPDATE art_ping.user SET employee_id = 'ee6e51f7-4879-4bc5-a8b5-e38b8f0eebe1' WHERE id = '7f3156ff-c515-4dd1-893a-b1ab31482455';
UPDATE art_ping.user SET employee_id = 'c1bbc082-5ce3-4228-8c49-4d89cf9533d9' WHERE id = 'd242fbbd-e0f0-4c9d-8324-3cdfafc11080';
UPDATE art_ping.user SET employee_id = '933b5c28-e1a9-4a5d-8fa2-f4c7b9d1084d' WHERE id = '3957fd76-67d5-41ae-8ef2-00bd34d3e126';
UPDATE art_ping.user SET employee_id = '3a538874-0fd8-4eef-b294-831512cb6b43' WHERE id = '8035dd96-d939-4de3-81e3-a247f7a99ea1';
UPDATE art_ping.user SET employee_id = '2a4e8b0c-fc62-46fd-acd1-f47b3f08e54e' WHERE id = '2316ab5c-ceb8-41de-b09f-b78e04029a5b';
UPDATE art_ping.user SET employee_id = '82ba39fe-9452-4426-b62b-d9b0376c2b6e' WHERE id = '8f25cc32-049e-4377-86c8-a1028b3da45e';
UPDATE art_ping.user SET employee_id = '65c8b1e8-72da-4a05-9ea2-82a47bfbe8f7' WHERE id = '9090613f-2eb3-465d-a0d8-2ae080292aa5';
UPDATE art_ping.user SET employee_id = 'a7009616-fd86-4ae9-bf30-de17064b6f72' WHERE id = '36455014-60c4-45ff-86a8-3ed2a314d90c';
UPDATE art_ping.user SET employee_id = 'ef25260d-3eb8-4893-8fe8-3e51ca329be8' WHERE id = 'fe3cb64e-1ebc-42cd-95a8-874398074a1d';
UPDATE art_ping.user SET employee_id = 'fdf077b8-75a9-47da-bc22-063a2dcb42d6' WHERE id = 'b4d3f764-a6c3-4dce-84f0-bc8373772715';
UPDATE art_ping.user SET employee_id = '428373ee-8677-47fc-a008-7b445812caab' WHERE id = 'c63438fd-d7a4-441a-91f5-d98740b1f338';
UPDATE art_ping.user SET employee_id = 'fb67b0c8-67d8-4b01-a3c5-d27b062ef307' WHERE id = '6961cb2e-0f13-4270-aa34-8c3cfadc9f4c';
UPDATE art_ping.user SET employee_id = '3811cc7b-c6c2-437d-b64b-9afb49d8ad8d' WHERE id = '993b2843-ceac-416b-a6d3-c5dc965535d2';
UPDATE art_ping.user SET employee_id = 'b1adb54f-39bc-49d8-bfbb-5c55f9786399' WHERE id = '51fb81a1-eccc-4ee8-bdc8-1f05631985c5';
UPDATE art_ping.user SET employee_id = 'fb1e30c5-c610-4675-a68e-acc123898179' WHERE id = '14be54b1-7a49-4619-abf3-1e5546f9dcad';
UPDATE art_ping.user SET employee_id = '20bb3776-2233-4d9f-92c7-d6de53f0ebd4' WHERE id = '682adcf8-4672-4a1a-bd06-f6eb55f645f7';
UPDATE art_ping.user SET employee_id = '62c2bb85-0bec-4eb2-87b7-295231bba972' WHERE id = '976111da-b7dd-486a-a8e7-608f7c2effa4';
UPDATE art_ping.user SET employee_id = 'd4ae3e97-b39e-47de-8382-730f16379981' WHERE id = 'b4240ea6-49c7-41ae-8676-d7fc6e04af4b';
UPDATE art_ping.user SET employee_id = 'd596710b-013b-4530-be15-d54f42933ca0' WHERE id = 'babac181-6c3f-4e6c-99f5-0ee6eca94ddc';
UPDATE art_ping.user SET employee_id = '2e8ac846-23df-471d-8678-8d84375ba8c9' WHERE id = '1ef845c9-3d76-4204-96b7-d46d7279bcfd';
UPDATE art_ping.user SET employee_id = '23f620ef-e7b4-429a-9e71-90cc3699cac1' WHERE id = 'b74bb623-1dbf-4367-953a-d8168f0d81a9';
UPDATE art_ping.user SET employee_id = '6dbec378-db3e-4584-963b-b36b733f05fe' WHERE id = '635cf9e8-16b7-4e2e-815b-6bd93cbceafe';
UPDATE art_ping.user SET employee_id = '6bdd5fb0-1d5e-429c-9e42-64d6218babb4' WHERE id = '3969557a-93f2-496e-9af5-fa18c7d3e738';
UPDATE art_ping.user SET employee_id = 'd15ec44e-6635-478c-af0f-f55a63b8a9d3' WHERE id = 'bf6d32a9-05f6-4af4-a944-ac47bad12d5f';
UPDATE art_ping.user SET employee_id = 'bfce59ea-ee35-429a-8f21-43a5b18b601d' WHERE id = '0f39d7fd-89ba-4ddc-a7fa-5bb60bdb2702';
UPDATE art_ping.user SET employee_id = '97b0a31e-f07c-471b-85b5-5f801173b725' WHERE id = '08ac957e-f7e6-4c45-8e67-2ff6859f6131';
UPDATE art_ping.user SET employee_id = 'a8b9309e-c214-4c4d-ae3a-0e27045efb35' WHERE id = '7617cf48-5323-470a-a18c-9240296b4635';
UPDATE art_ping.user SET employee_id = '4302338b-46b5-45ee-bd61-0fc7cede54ba' WHERE id = 'a2219e8a-5de8-47ae-b5e2-cc64a4c2dd6b';
UPDATE art_ping.user SET employee_id = 'd403c098-f9f8-470c-97eb-ac559d090fc5' WHERE id = '9fb25f69-d5a8-41af-b046-43679b8198b2';
UPDATE art_ping.user SET employee_id = 'e637a3c6-071d-4d33-ad8e-b0f4dafd9365' WHERE id = '45495740-3614-4e1f-a688-27074aecf63a';
UPDATE art_ping.user SET employee_id = 'c9044c5e-a7bd-4a3e-a2dc-077e7b2dd274' WHERE id = 'e347058f-b173-4c23-84c7-e389c282479d';
UPDATE art_ping.user SET employee_id = 'e2880836-6c73-4e45-bcce-583ca78f6d5c' WHERE id = 'f7f76700-775b-4300-ac21-646db9db3a69';
UPDATE art_ping.user SET employee_id = '720c96be-e9a2-427b-9798-a2875c823a86' WHERE id = 'e80d67ec-5161-4d15-86b4-e6a6155cacf8';
UPDATE art_ping.user SET employee_id = 'd9676183-1443-4360-bd04-ff9da26453b6' WHERE id = '8fc9c22b-4dd4-4224-aa55-4393ec8f2ca0';
UPDATE art_ping.user SET employee_id = 'ab199b3e-167c-4229-996a-cbee32600910' WHERE id = '27da368e-1fbf-4f8e-93ed-c3fd9c5bcd45';
UPDATE art_ping.user SET employee_id = '8ee9d0a5-7f50-4594-b33b-4f443e534c73' WHERE id = '817d48de-8046-4c78-b0b1-1b21a882f16c';
UPDATE art_ping.user SET employee_id = '53df3ee0-91a3-43c3-a128-6d78c47bd5ad' WHERE id = 'e2370b15-83f1-4f0e-8c3c-67935dec0b4d';
UPDATE art_ping.user SET employee_id = '7c2ee8dd-649b-46a6-89cc-74298ad7b4af' WHERE id = 'd7a1d800-c4e8-44cd-89ae-ffbe8ecb6d2a';
UPDATE art_ping.user SET employee_id = '362a1a04-3bc4-4f14-8010-0c35a9dbc0fb' WHERE id = 'c3da02f7-b989-4451-84d3-bac8ff00f3cd';
UPDATE art_ping.user SET employee_id = '98d503ac-1975-4d08-ac0d-26406ca592f6' WHERE id = '0a374364-f339-4a36-9530-ad384a9fbfae';
UPDATE art_ping.user SET employee_id = '47b6825b-171e-4f90-9288-c97daba27265' WHERE id = '693098e9-8fe9-4313-bbb7-a5520728e5c2';
UPDATE art_ping.user SET employee_id = 'ad128cfd-07db-4120-8966-1b8f5eb8c861' WHERE id = '3d43ec78-defc-430a-9d99-594fa7a05dce';
UPDATE art_ping.user SET employee_id = '370fc29e-15f0-499d-9e63-db0a909c2d45' WHERE id = 'ac7bad7e-d02a-4a22-b76e-9d49bc35d593';
UPDATE art_ping.user SET employee_id = '4c6a386d-fd26-44f5-a7db-4eb441f08069' WHERE id = '8b99ced3-d080-4f40-8275-7b4dea4d6b5c';
UPDATE art_ping.user SET employee_id = 'c2aa43c6-ee1b-4070-9e73-df2e101e2c95' WHERE id = 'f401d016-e482-403f-917b-78ad603f558b';
UPDATE art_ping.user SET employee_id = 'f2591815-1a42-4183-a84d-9b5c0d83ea56' WHERE id = '1fa181ce-144d-4550-b183-db4bf1dce1de';
UPDATE art_ping.user SET employee_id = '9015c159-7a00-4ec8-bc0e-6882efd215cc' WHERE id = '7c4cf9e9-56ca-4fd4-b111-1328e0fb5a37';
UPDATE art_ping.user SET employee_id = '38113e62-495e-4284-aa8c-3d88c55b1727' WHERE id = '22fca7ff-8451-4d1d-bb72-f7d9a9993a59';
UPDATE art_ping.user SET employee_id = 'ba1bad15-851a-4e22-b1f2-99e966b0d2c2' WHERE id = 'f4c6cab0-1f6c-43dd-9652-ad2695bc44b3';
UPDATE art_ping.user SET employee_id = '6919a1f9-906a-4fe4-8794-3852560267b3' WHERE id = '17c5e2d9-4a39-4d5b-b62d-95f81bf239e8';
UPDATE art_ping.user SET employee_id = '76952ea1-cdd7-4128-8a7f-3466b77b9f00' WHERE id = 'e4d99b89-97b1-4485-9e72-a898a24df2b3';
UPDATE art_ping.user SET employee_id = '3c96e2f3-42d5-4564-a4e9-21ff9cf4edf4' WHERE id = '8bf3eacb-bcba-4082-b834-e693f4e32a75';
UPDATE art_ping.user SET employee_id = '7a0bd403-efb2-4cce-b55d-4b906dcb50b0' WHERE id = '25193376-12f1-4a75-83b4-cdfe7110b147';
UPDATE art_ping.user SET employee_id = '8dc81c9e-ee1e-4c44-9e0f-2960dd77133d' WHERE id = '0cfa1e93-bb43-4b41-ae36-e3f7aab48868';
UPDATE art_ping.user SET employee_id = '2d47d4a6-5822-4620-b238-28d1fbd74ee3' WHERE id = '95d9ff01-7104-4ebe-a5d6-1cda6e29b634';
UPDATE art_ping.user SET employee_id = 'b9aad10a-27f0-4bf2-b520-2686dff5c1d0' WHERE id = 'c14112fb-7ddc-4771-b053-e34148a48b15';
UPDATE art_ping.user SET employee_id = '60914a01-1d88-4e5d-96dc-c31f3e6094e3' WHERE id = 'da9c6e45-442d-4217-99fe-dae072d0c9f1';
UPDATE art_ping.user SET employee_id = '8c2fca22-63cb-43cd-80e3-05f0c8182f1d' WHERE id = 'a6116fc8-c3e8-40f1-ae0b-9db74099cb89';
UPDATE art_ping.user SET employee_id = '5d46f018-3b59-4c1d-8d29-10f45690104b' WHERE id = '1e92360d-72d5-4769-a980-db17052a3379';
UPDATE art_ping.user SET employee_id = '3445bdb6-72e9-4dc4-ad8a-508eecf56808' WHERE id = 'edaad93e-b107-4d12-9bed-8b0d7dc0689f';
UPDATE art_ping.user SET employee_id = '756395f5-9fae-40c4-9e47-6eea95e3894e' WHERE id = '7a3cd8cc-e4bc-45f1-b4f7-57ed8724507f';
UPDATE art_ping.user SET employee_id = '73f8c180-f844-4105-8870-8765ece45ad2' WHERE id = '3ffe450f-7ff0-4aed-963e-7f057e413f2d';
UPDATE art_ping.user SET employee_id = '844eb723-803f-40f0-8408-7bd4962cb69c' WHERE id = '5a0ea990-70b0-490e-b1df-44c67d7d5a52';
UPDATE art_ping.user SET employee_id = '2fecbc8b-3576-4283-84a2-b8b6b46c037b' WHERE id = '95b2fb5b-bd60-40be-ba64-c95835f9589c';
UPDATE art_ping.user SET employee_id = '813ef695-83a8-47f0-b648-96a0707d6d60' WHERE id = '727e169f-cad4-4473-b77f-bf780fde6b24';
UPDATE art_ping.user SET employee_id = 'b2e51409-a875-4030-a281-4fefeaddb10f' WHERE id = 'f4a3f1b4-97fe-49f0-8ff8-0c386b616683';
UPDATE art_ping.user SET employee_id = 'eed660b1-8ce6-4fbc-8b1a-102b691fbe78' WHERE id = '523a8e8a-e14d-4df5-be47-d889403abc2d';
UPDATE art_ping.user SET employee_id = 'd862cfce-2f50-4108-a9fb-aa7a9fbe601d' WHERE id = 'ffb30aa2-c04f-43a5-ab59-9cf0756849fe';
UPDATE art_ping.user SET employee_id = '62365fd3-7da9-4683-a17b-fc6a5bfdd898' WHERE id = '1944f5fd-2613-4111-b39b-a45f954224b3';
UPDATE art_ping.user SET employee_id = '8c3502ea-6671-40cf-bf16-8099fb77f8ca' WHERE id = '76af7a36-b65c-4bf0-a2a6-6c38139f19cb';
UPDATE art_ping.user SET employee_id = '66212139-5688-45f1-b12a-3712ecaa9833' WHERE id = '3dc251ba-f6a5-466a-bb4d-324577b4c588';
UPDATE art_ping.user SET employee_id = '4473fa5b-6734-4586-9d4e-f34fa221d21f' WHERE id = '35ce615d-9a2e-4b45-8e0f-6094d189a152';
UPDATE art_ping.user SET employee_id = 'fa8e38a0-4a81-4465-83f9-d45c808cd84b' WHERE id = '085f5032-ee51-429c-93c5-687cc2dfffb0';
UPDATE art_ping.user SET employee_id = 'de966046-f5fb-4ca2-8d50-20101a145eab' WHERE id = '2ca3531c-5648-44c1-8a44-b6974332f1d1';
UPDATE art_ping.user SET employee_id = 'c80079ca-8fc0-40ef-8442-c71268c93503' WHERE id = '3426c1bb-7bd5-4b04-adf6-8c60198574df';
UPDATE art_ping.user SET employee_id = 'f336a8a3-ee30-4778-83b0-3550ccde0fe6' WHERE id = 'e2b252b0-42c0-47be-8488-004c686d4a51';
UPDATE art_ping.user SET employee_id = '8f0ce4a2-4f0c-4d5e-b94b-419a5a440b21' WHERE id = 'f918f93d-b496-4eaf-89c7-e83bb4162f77';
UPDATE art_ping.user SET employee_id = '875d0ddd-5c98-4010-ac0c-27ebe20ac3d5' WHERE id = '985e4eee-38fd-407f-b8d2-598fbc030926';
UPDATE art_ping.user SET employee_id = 'de636aa0-651b-4e79-9b92-65465ddeb768' WHERE id = 'ae91847d-5928-49aa-bc49-8c91f1510d0c';
UPDATE art_ping.user SET employee_id = '1b23321d-fad1-477f-92d5-df44df9dfecd' WHERE id = '8ea5bbb7-7392-4d00-941c-0fee6d0febfc';
UPDATE art_ping.user SET employee_id = '0ada35b7-1963-4938-aa0b-e7fb501440a8' WHERE id = '6c0046fc-2f0c-4e1e-b302-fd638f13cb42';
UPDATE art_ping.user SET employee_id = '54741f62-bbc1-4268-ab95-62c16b080be7' WHERE id = '06959309-1e6b-4731-acf8-51dd5897f392';
UPDATE art_ping.user SET employee_id = '2a2af232-b498-4a4b-9603-c749f89df339' WHERE id = '828510e4-1051-48d9-bc9f-75ce51d5c3d2';
UPDATE art_ping.user SET employee_id = 'e624598c-6a5f-41d2-bab6-db6319e50259' WHERE id = '48d1f87f-0a64-4746-858a-eda75a4654c0';
UPDATE art_ping.user SET employee_id = 'df17a9a2-19ba-44cc-bb69-6050d9c2fb40' WHERE id = '63386087-d71e-494d-a3bc-c93d7bf091d6';
UPDATE art_ping.user SET employee_id = '0f26d3c4-fc4c-42b1-b31e-2c7daab08eb1' WHERE id = '159261ff-1249-4577-a5ef-36c34ef50934';
UPDATE art_ping.user SET employee_id = '4c0d2729-f438-414b-88fb-a19b7c21b288' WHERE id = 'fe0b0ce6-ff4b-413d-9a2b-553903b88518';
UPDATE art_ping.user SET employee_id = '47ce1e37-e6ee-4e8d-9de8-6d2ee8835dcf' WHERE id = 'c9b1bee8-523f-4edc-9451-df8dc63917ce';
UPDATE art_ping.user SET employee_id = 'd37a0a5f-68f0-4c41-9e70-e4364e093ca2' WHERE id = '44b7162d-806d-46da-9340-904d4fe1a54b';
UPDATE art_ping.user SET employee_id = '2bea5822-925e-4f20-935e-39e1f35a9835' WHERE id = 'c757c841-625e-4603-abc3-e1c4b3f310d0';
UPDATE art_ping.user SET employee_id = '47813b39-a1ac-4b21-ab4f-1b9a01ccb067' WHERE id = '95f1af9c-b3cb-4ab2-b9f7-4425d092bfbd';
UPDATE art_ping.user SET employee_id = 'a065a534-0162-4f8f-b178-2323c4b00c3a' WHERE id = 'e6323c03-be4d-4e51-b863-c6ce360c453a';
UPDATE art_ping.user SET employee_id = '2b2923e3-7924-451c-918a-badad47c1be0' WHERE id = 'bca3daea-0d03-4f6b-994e-4e4ac203fe4d';
UPDATE art_ping.user SET employee_id = '7905529c-f0e5-4be5-8397-a2b43235b328' WHERE id = '95f2cce1-a2cd-4689-a7a1-14762351ac2c';
UPDATE art_ping.user SET employee_id = '8470cf39-15e9-4877-b091-3c56b5faeddc' WHERE id = '03381f95-7f57-41aa-aa3b-34ab4fc635da';
UPDATE art_ping.user SET employee_id = 'a8cabb54-2ebd-46a6-aa94-cac081ddd297' WHERE id = '98a46c3a-050e-466d-96a8-dfc515c1be68';
UPDATE art_ping.user SET employee_id = 'e93a897f-0979-4661-b3f9-db6d49fb98d2' WHERE id = '5de3c01b-6482-4274-942a-ae8c7835e9dc';
UPDATE art_ping.user SET employee_id = '032e716f-5985-4f20-a283-dbb833a6612e' WHERE id = 'f0596f30-2ee1-4a61-9a7e-9b5bcf6a179c';
UPDATE art_ping.user SET employee_id = '4c4a348d-fd13-47ff-84c6-591e8868d798' WHERE id = 'c91a69e9-f370-4fd4-947c-fe5a108be231';
UPDATE art_ping.user SET employee_id = 'e49676c5-405b-4493-b79a-d87c5138ccf9' WHERE id = '623f7b4f-b18d-4a26-84f0-a0ce71031c57';
UPDATE art_ping.user SET employee_id = 'e8f306b1-80f2-41f6-a4a3-2dbb11e01e25' WHERE id = 'ab87f8be-77d4-4847-874a-3c03fb0deda2';
UPDATE art_ping.user SET employee_id = 'bc4327db-c687-4933-88b6-ad9f0074ae49' WHERE id = 'f3e44ccb-1a19-40a7-a6a8-41f654f56231';
UPDATE art_ping.user SET employee_id = '64c36331-ea6d-404d-8700-a33e9af74a36' WHERE id = '0038184c-2b8e-4764-84c3-6b4123badf06';
UPDATE art_ping.user SET employee_id = '59ecffe2-a78d-4d3b-a20e-5b1360fb1749' WHERE id = '03113b34-f376-4ab4-8de9-7dec505b663e';
UPDATE art_ping.user SET employee_id = '5240e0be-3f9e-4ad6-954b-e4b62a4aaf36' WHERE id = '0eb37b53-56bc-4f1e-9c7b-29e377803ab7';
UPDATE art_ping.user SET employee_id = '80a00422-f9d7-4880-9c8e-9945236e1624' WHERE id = 'b4c53a8c-bd00-40cd-a3ac-9414dec5292d';
UPDATE art_ping.user SET employee_id = '35eea3b2-a3c0-4965-8160-e17ea8399ce0' WHERE id = '2ec8c3f4-66c8-451c-b6e2-f7f21c8b4fb3';
UPDATE art_ping.user SET employee_id = '9574b8bd-d990-4149-9d74-5338d79432ad' WHERE id = '386706d0-1c3c-44be-9226-db7fa7b4a1c7';
UPDATE art_ping.user SET employee_id = 'dc984317-bc0d-44c5-aa8c-5b9183521938' WHERE id = '0812d19c-6584-429e-88d1-612b98e34b3f';
UPDATE art_ping.user SET employee_id = 'be36ac3d-6a67-478b-909c-3811de330c9a' WHERE id = '83f2a5c2-d127-4979-b312-e4af71009b4b';
UPDATE art_ping.user SET employee_id = '75337bda-5db6-4250-9132-bb2e6b0632b8' WHERE id = '178a0e0d-753a-408b-9861-1f847cbac041';
UPDATE art_ping.user SET employee_id = 'a1b17097-439e-4632-a6ad-30e7eda50e80' WHERE id = '1513db93-591a-4c20-8d0c-4016f875a08b';
UPDATE art_ping.user SET employee_id = '505a4104-acaf-48db-bf7c-45656c6d915e' WHERE id = '30bd5adf-133e-49b1-a0cb-0ca9cf691a65';
UPDATE art_ping.user SET employee_id = '1e53e1cb-cc17-4ad8-9eae-7afe826158f4' WHERE id = '04eb7b82-fa77-42f4-bf35-b9db8f3fae81';
UPDATE art_ping.user SET employee_id = '84d6237a-256f-4c52-94a0-ce2c0e851cf0' WHERE id = '805efee2-6bca-4e0d-a28d-b86fb56e848b';
UPDATE art_ping.user SET employee_id = 'e981f520-5bec-4d2a-b07f-c9c4b3497b13' WHERE id = '3f92ddf1-4d36-4bf8-91fa-9b7ce3ae71be';
UPDATE art_ping.user SET employee_id = '9a7fd726-d2f5-4da5-a2b5-2caa160b2e65' WHERE id = 'b16a9a8a-61a9-4345-ab91-ea938be87535';
UPDATE art_ping.user SET employee_id = '970203ae-fae6-43cc-bc06-cc3bb400ee0a' WHERE id = '29fcbc72-72da-401d-9234-95090069ec9a';
UPDATE art_ping.user SET employee_id = 'b1081430-b743-4952-9920-746536d9b39b' WHERE id = '47c831d3-1e82-47eb-9c5f-2830df792950';
UPDATE art_ping.user SET employee_id = 'b8057b88-4972-4f3c-8d60-b2820094783d' WHERE id = '61fea0c9-c49f-48e3-9cac-ed274d66233e';
UPDATE art_ping.user SET employee_id = '07db2e4b-db75-4803-ae43-4f60fc25a1f8' WHERE id = '95efe351-3c61-47fd-baa8-67fb796eaf04';
UPDATE art_ping.user SET employee_id = '2ff27e9f-d09e-4abf-81e0-e434c1b058e0' WHERE id = '7f28140e-f435-43a6-b434-c97b9e2e7108';
UPDATE art_ping.user SET employee_id = 'bc701c9d-d237-4fd8-9bf9-5996877aeb16' WHERE id = '62add0f1-ab29-4b51-9c3d-cf8256972e75';
UPDATE art_ping.user SET employee_id = '45524fae-7322-42c6-99dc-c0e1cf7880cd' WHERE id = '41c98c8c-539c-417b-b042-44c103a481f6';
UPDATE art_ping.user SET employee_id = '11f08932-f615-4629-9246-f439fc292b0c' WHERE id = '2229230c-a365-4809-8485-7b6980d3243c';
UPDATE art_ping.user SET employee_id = '2aea4376-361c-4af0-bd43-b371f45c3555' WHERE id = '654a4a50-874b-452f-978e-174be22a13c2';
UPDATE art_ping.user SET employee_id = 'e2b5b5af-bea7-4210-8c26-9fdbf97d7207' WHERE id = '89d33adb-80b3-4920-afbd-7015be34fda6';
UPDATE art_ping.user SET employee_id = '9e78a2ab-2fde-45ec-98bf-5b9315e22f61' WHERE id = 'd855ce21-5bed-45bf-a03b-c6cfd1a58223';
UPDATE art_ping.user SET employee_id = 'c4a23d0a-4a7e-402d-bbe4-511d102e4648' WHERE id = '794f314f-2c01-4517-9588-c0bc2ec7b287';
UPDATE art_ping.user SET employee_id = '270ca6a3-8e4a-4a86-a0ef-abef0bab46ed' WHERE id = '0ea45e97-0040-4c8f-9f19-145eae988cb5';
UPDATE art_ping.user SET employee_id = 'f63aeead-1aeb-41cf-9f8e-b7b49884b99d' WHERE id = '07e1e287-5bc2-4b62-bc52-17cbf562cefd';
UPDATE art_ping.user SET employee_id = 'cd84573a-92dd-4a0e-9fd1-b907e05e7821' WHERE id = 'f864454a-5550-4ae8-bad4-931fb8c87e41';
UPDATE art_ping.user SET employee_id = '452bb471-b605-431a-9c9f-c673b4fa099e' WHERE id = '478a250d-c67d-40b7-96d7-4e7b64ff0248';
UPDATE art_ping.user SET employee_id = 'ce651c41-2f4f-4efa-90b6-0741cd1ae09d' WHERE id = '790b0182-c544-4ed9-8dc6-815852b5904a';
UPDATE art_ping.user SET employee_id = '937be2c6-bbe6-4f14-acfe-d630f8314d93' WHERE id = '221d6b42-541c-4190-b49d-255828e02203';
UPDATE art_ping.user SET employee_id = 'b8d59533-9f55-4532-a791-b913d6399661' WHERE id = '0fe8cf76-bfdc-41e7-a4a9-fe6480b61bae';
UPDATE art_ping.user SET employee_id = '1101b59e-066e-43e4-ab5a-bf1e1b623ee0' WHERE id = '51411c9a-d99b-4b7b-97e4-0eeade5c814a';
UPDATE art_ping.user SET employee_id = '6691d92b-988c-41b3-80bb-2ef834ae0adf' WHERE id = '064f8eea-4024-4cd2-b601-549ef131cd82';
UPDATE art_ping.user SET employee_id = 'ad0d0703-f6d8-411c-bb37-9af9e69c382c' WHERE id = 'c78379cc-09bb-45af-8d49-e1be2de601f3';
UPDATE art_ping.user SET employee_id = '228d99f8-a5b4-418e-a28e-8c4856fecc3b' WHERE id = '8e5596e3-9416-4228-b616-dfd990d807ee';
UPDATE art_ping.user SET employee_id = 'b7c568d9-7290-4a23-80af-1a9516e4914e' WHERE id = 'ee34b110-d784-4921-abda-182ed6a444b7';
UPDATE art_ping.user SET employee_id = 'f67579bb-b2ff-430a-a4a1-61e3ffb520ef' WHERE id = '09149f3a-e346-4035-a501-b3dfbd3bb3b4';
UPDATE art_ping.user SET employee_id = '5a5c3045-0dc5-48e6-a271-cd2e5e9dcb06' WHERE id = '667f5d23-0156-409c-bb6c-6d98c176b283';
UPDATE art_ping.user SET employee_id = '6e9c30a5-27da-42df-89e5-72b9f24a751f' WHERE id = 'ec5a8739-8738-47db-bf84-5e69d854ac09';
UPDATE art_ping.user SET employee_id = '0e30c88a-b728-4693-9a2c-f0ee42dfb793' WHERE id = 'd66ffe6b-524a-460d-b67b-93db856187e8';
UPDATE art_ping.user SET employee_id = '451727d3-8e6f-4c5b-8513-1a3ff237e4fd' WHERE id = '8b6dfac7-5c34-4a02-a73d-591ebe2dddf0';
UPDATE art_ping.user SET employee_id = '252eaa38-8f40-4188-9dc0-a8e21c189031' WHERE id = 'fac4acdf-1794-4a73-8189-7ffbbdbbbe4a';
UPDATE art_ping.user SET employee_id = '47bc18e4-7fb3-420f-8dd8-c24da3fcf641' WHERE id = 'f98dc3e9-68df-4a11-8ee5-86778629ed44';
UPDATE art_ping.user SET employee_id = '7ff2ef7f-a10a-4b04-9df4-425dbe96e240' WHERE id = 'af83e0c2-4454-4f4b-b700-05bc3dfc8c57';
UPDATE art_ping.user SET employee_id = '9ffecabc-43e0-4fba-88df-d90801b4c44e' WHERE id = '088d043e-a549-4dd8-a1a8-815c93452f02';
UPDATE art_ping.user SET employee_id = 'ed9d0464-b109-4f00-9bd1-1e40ea8eedec' WHERE id = 'f046f69c-cf93-4398-9629-6fe961283456';
UPDATE art_ping.user SET employee_id = '81c5a992-a2c5-4e8a-86bf-284227c34b96' WHERE id = '3d389db7-5aca-4d92-a226-427e76275f61';
UPDATE art_ping.user SET employee_id = '99756689-c14e-4cdb-8599-10f40d956fcc' WHERE id = 'e131c6f7-df2d-4785-9bf4-93fc30119a65';
UPDATE art_ping.user SET employee_id = 'ef1a352f-9385-48f8-8241-ac27542dc048' WHERE id = 'e4450a84-cbef-4238-aabf-e224f35dea60';
UPDATE art_ping.user SET employee_id = 'fb9b03c8-a286-4686-a803-7019361ef031' WHERE id = '466e0100-cc64-41df-8746-5553aa2422bf';
UPDATE art_ping.user SET employee_id = '07414a26-6230-43e1-b495-bc1baa4a99ae' WHERE id = 'b4978881-dd19-4ab3-b833-a0c98823cee3';
UPDATE art_ping.user SET employee_id = 'a5f03f6a-93a1-4e1b-ac19-c8974ff5f60c' WHERE id = '6527f049-8475-46a9-bd1d-aec30effbd71';
UPDATE art_ping.user SET employee_id = '51ad0527-e8f3-4c49-aaf2-438e268dfc29' WHERE id = 'b733f0f8-3d59-4cb9-9f2f-d8f6686d7d45';
UPDATE art_ping.user SET employee_id = '3a895d1c-5604-455a-9461-0ec25d546b71' WHERE id = 'd6e34c5e-78af-4a3c-9c6e-d5f691621d08';
UPDATE art_ping.user SET employee_id = '7083f3b6-efe4-4bc7-af43-8e7df200936b' WHERE id = '64f59034-020e-4c0d-b44c-4c36bc93e4c7';
UPDATE art_ping.user SET employee_id = '31fecfd7-9f48-418a-a757-9b8087966af9' WHERE id = 'b6971292-513f-4cfc-be14-bc4516d116ad';
UPDATE art_ping.user SET employee_id = '10b19fce-2be2-4dfa-a3d5-edfd155035d7' WHERE id = '28fce0ad-9721-4b0e-bc5b-4a6e9641e207';
UPDATE art_ping.user SET employee_id = 'ebe345b1-8695-49eb-ae32-d301489c4434' WHERE id = '8a371336-269a-494d-adcc-34786c765f3e';
UPDATE art_ping.user SET employee_id = '9418b71e-ddd0-40f6-b21c-08beb53b2d8f' WHERE id = '36d5e068-9b6a-44e1-bd8d-97f936be6464';
UPDATE art_ping.user SET employee_id = '911205e8-de7b-4d21-9100-2512f39f52b0' WHERE id = '60236d3b-8133-4b28-9de4-78158b79053b';
UPDATE art_ping.user SET employee_id = '6953e5d0-da7b-4f25-80e3-195af5533b7a' WHERE id = '3a365c0d-49ff-411e-98d4-0e038f4dec64';
UPDATE art_ping.user SET employee_id = 'aea40393-76aa-4a9a-83c3-0f300b4925e2' WHERE id = 'd9263ae7-107f-4dc3-966b-734e8141c6d8';
UPDATE art_ping.user SET employee_id = '09ca6ecb-a2ec-4bba-ab23-105b683004ba' WHERE id = '04e08c0e-7045-4479-8be3-2d6d5de72421';
UPDATE art_ping.user SET employee_id = 'e93d91dc-b3fa-477b-8279-665237fa27fe' WHERE id = 'd2000daf-522b-4c16-bd01-68b47ce819a0';
UPDATE art_ping.user SET employee_id = '507da374-840a-4ddb-8aa6-98fb673152ec' WHERE id = 'af3f0a52-430e-4dfe-935b-fee309d83ee3';
UPDATE art_ping.user SET employee_id = '6a03c35a-cf52-4329-8505-46f823de9e34' WHERE id = 'c00e9f68-8138-4002-875f-a87a1682244c';
UPDATE art_ping.user SET employee_id = 'ffb3f67e-7363-44b6-99e6-a38eca629edb' WHERE id = 'dbb0cf1a-7fd3-49f8-9b65-7e52699cc8fb';
UPDATE art_ping.user SET employee_id = '6f05137a-39de-4a4b-9b48-2cbce47f84e9' WHERE id = '08276a1e-f2cd-4417-9370-893a6ca69b99';
UPDATE art_ping.user SET employee_id = 'cf9635dd-8a0f-4d91-9da8-e58349558058' WHERE id = '9f248def-0bd7-4767-a291-df00bee16087';
UPDATE art_ping.user SET employee_id = '311f7915-6fe6-413e-8b93-43dc1e05bead' WHERE id = '06f976c7-0ccb-4ac9-9720-1e0a98e38e44';
UPDATE art_ping.user SET employee_id = 'c84f3467-7521-484e-8729-efc7fc54df7a' WHERE id = '866234e6-27b7-44de-930d-c1bdb0a645d7';
UPDATE art_ping.user SET employee_id = '89563683-fc5e-478a-ac65-cd8a0b5e9cc3' WHERE id = 'cb8e08f0-1e8f-4680-9225-adabd58eb376';
UPDATE art_ping.user SET employee_id = 'd5bb3c07-8d34-4796-ad14-d340eb838f54' WHERE id = '7a4164a5-9d26-4e15-932f-e85914bdea73';
UPDATE art_ping.user SET employee_id = '17a42ec3-3aa2-4783-91f1-8c039ee36acb' WHERE id = 'fe1f3844-7ef7-45a2-8194-cd8e790fd73d';
UPDATE art_ping.user SET employee_id = 'dcd42cdf-5ec9-480b-b386-1a36c1f1fb80' WHERE id = '9a310b3d-f46d-4c6b-bbec-3f0ee4ead910';
UPDATE art_ping.user SET employee_id = '903273c9-ca49-4a1c-a336-2f1e04d6b29b' WHERE id = 'c2c07b70-21d4-401c-ba09-21ccd7377647';
UPDATE art_ping.user SET employee_id = '2db034eb-96c1-4646-9261-588f98eadfe4' WHERE id = '07258b9a-5230-467f-b7cd-8ff0496d864f';
UPDATE art_ping.user SET employee_id = 'd13bf3ab-0c22-427c-98a6-97b733ab7813' WHERE id = '77f67026-1235-4f2a-9667-b2afcdcf65a3';
UPDATE art_ping.user SET employee_id = '53575704-25ba-4db4-ad32-e4be90469b7f' WHERE id = '71576814-b3e3-499a-9dbe-78d59329e233';
UPDATE art_ping.user SET employee_id = 'f43a4459-a7f1-4b14-bc6f-b3f1ec7cf13f' WHERE id = '98a7d32f-aacc-427a-8c8b-1b514d10a2af';
UPDATE art_ping.user SET employee_id = 'a3f5c7b4-fba6-4630-9d7e-3cf64001368a' WHERE id = 'ec54dc9c-ec7d-43e7-a3ec-f631b1128b8f';
UPDATE art_ping.user SET employee_id = '5004a47a-83f9-402d-b35e-d4eccbf0e8fa' WHERE id = '8da76b1f-1067-4a03-a8b2-609d62eec635';
UPDATE art_ping.user SET employee_id = '07414fc9-cf25-4373-ac8a-8132e3fb40d9' WHERE id = '6ec3d888-ade1-4e63-ae13-49fe7d916f93';
UPDATE art_ping.user SET employee_id = '72b1c1a9-d35b-4b0b-89ef-d83ee56c33ef' WHERE id = 'd4b5ecfd-5167-4e7e-83b4-f09098c7b8e6';
UPDATE art_ping.user SET employee_id = 'c4cf25c7-892f-4c17-92aa-2d710ec324c9' WHERE id = 'caf567cc-4a42-4906-ab61-bbd2264be9a8';
UPDATE art_ping.user SET employee_id = 'd6034534-a8c2-46dd-bb1f-80911883501d' WHERE id = '7530dda4-2c33-4103-a633-7b42d0ecc839';
UPDATE art_ping.user SET employee_id = 'b1fed44a-222d-4fcc-b025-94c3f386593c' WHERE id = 'c704e032-705f-464a-8048-7561970737d1';
UPDATE art_ping.user SET employee_id = '7935e512-2d6f-486f-96f6-3209b563c670' WHERE id = '648ea792-2bae-4f1a-982e-6032911277fe';
UPDATE art_ping.user SET employee_id = 'd4b8749a-e95d-4de4-9267-ed7b45510d0f' WHERE id = '93c42c53-75e8-478a-8b80-a871209943a5';
UPDATE art_ping.user SET employee_id = 'e3377a21-cba0-4138-b12f-56ac6477367b' WHERE id = 'c02235d2-27d3-47d1-9cf1-c3818dfeec91';
UPDATE art_ping.user SET employee_id = '53d7a47b-7952-4260-b3a5-1ca961b0beff' WHERE id = 'aba03215-8bdf-4649-8028-47248239f8bd';
UPDATE art_ping.user SET employee_id = '9dc4b22b-4c22-4fda-b66e-57caf03383c0' WHERE id = 'ec195a77-54da-4777-9d78-f367a46d5399';
UPDATE art_ping.user SET employee_id = '8e90628d-a25d-4018-bb9e-80ca5aab4945' WHERE id = '16080870-e6db-491a-9545-3424757d4b92';
UPDATE art_ping.user SET employee_id = 'ab9bb73f-921b-4cc7-aa09-0b699f6b914e' WHERE id = 'd7add659-be09-4409-9405-76d7625f5cdb';
UPDATE art_ping.user SET employee_id = '2a028a2d-1bd7-4a01-a444-b25a9a92853c' WHERE id = '2ffe9cf0-662f-48a3-898d-f3e1db4908b6';
UPDATE art_ping.user SET employee_id = '2af6684b-93f0-4c0d-95fb-e70ae2f9255c' WHERE id = 'e6e9a89a-06f0-42c3-9c26-426f8fe20668';
UPDATE art_ping.user SET employee_id = 'b41fe82e-ff88-429b-ba37-b399fe2da606' WHERE id = '80e863bf-dbf6-4145-86f8-719ea699b229';
UPDATE art_ping.user SET employee_id = '6d24c921-23fe-4984-915f-d82336434a9c' WHERE id = '79653c58-7998-41f4-ba4e-ea6e58b213b1';
UPDATE art_ping.user SET employee_id = '9866608c-4bcb-4214-bd85-81000287db57' WHERE id = '2cd4cfe5-ebad-462d-9482-46abf97bd55b';
UPDATE art_ping.user SET employee_id = '996bd995-cc56-418a-9d28-a230fd00fb49' WHERE id = '1d4a4d6c-4066-4865-8821-03de2cb15e32';
UPDATE art_ping.user SET employee_id = 'c9850c5e-3d65-4708-87a4-19a542b0ed9a' WHERE id = 'b0d03c88-e8af-4be8-a4ce-6ffbb4f2e3d5';
UPDATE art_ping.user SET employee_id = '998549e6-64c0-4eae-a2ce-e59c217f47bd' WHERE id = 'd362cd36-c379-4584-b00f-61a8133ceb5a';
UPDATE art_ping.user SET employee_id = '65745237-68de-4eac-ac96-8e7d8144be77' WHERE id = 'fe083983-77ef-4945-9f76-c0cab5e2cc9d';
UPDATE art_ping.user SET employee_id = 'a689a178-8e09-484d-8557-eb38c226482b' WHERE id = '5e8c6997-8bc5-4127-9150-b42ce43c8950';
UPDATE art_ping.user SET employee_id = '41234909-6955-4dc2-a067-e763eb720fc1' WHERE id = '7dcfb18d-4298-4435-86cd-be8ae2433021';
UPDATE art_ping.user SET employee_id = '62fcf142-7cf8-4257-80ef-b43137c8dbd2' WHERE id = 'f7604a6b-34cc-4d00-bee4-2212a11be82d';
UPDATE art_ping.user SET employee_id = 'ee0769af-652c-4ed0-aec4-f09c72a54f84' WHERE id = 'dbdd3a61-a89b-4386-98ac-b8b9f79db732';
UPDATE art_ping.user SET employee_id = '1e82c57d-27c0-45d1-9752-a85399b61eed' WHERE id = '7ece6d95-9552-4fe2-a0d5-a78f3f20295b';
UPDATE art_ping.user SET employee_id = 'fcf4f917-a78a-47ce-8e84-5dd547f471d3' WHERE id = 'fe9f4942-8e5c-4e9c-b713-b1320441e89b';
UPDATE art_ping.user SET employee_id = '9b405656-6e10-4dd1-8397-999e319a030c' WHERE id = '2b011a82-8314-4efc-ad71-2fa82c1f60ab';
UPDATE art_ping.user SET employee_id = '5bc5bbd9-9363-4d71-87cc-e15211542342' WHERE id = '79cd3e24-5abc-49c6-9aee-0cf519243962';
UPDATE art_ping.user SET employee_id = '8df02699-d3eb-42fb-bc6b-0c91b11551cd' WHERE id = '5d53d190-44ac-4a3f-8bdd-6fee1774d420';
UPDATE art_ping.user SET employee_id = 'a6e17dc9-cbaf-476b-bd82-7eba7f1d6855' WHERE id = '235b5c53-c147-4853-afde-7d0cb8716004';
UPDATE art_ping.user SET employee_id = '1fc0efd8-3a62-489a-9f69-9c44b6e225a4' WHERE id = 'ba4db51a-e12d-4e45-8c1b-ccb3a0fd69d2';
UPDATE art_ping.user SET employee_id = '095c0867-62f2-4fa5-b8f3-a87bb561be75' WHERE id = '1556ea90-5a7d-45de-bd9c-00e788ebb6fb';
UPDATE art_ping.user SET employee_id = 'f3f69d81-b3db-423b-878e-85dc10b96e97' WHERE id = '5fae0095-50fa-44ab-9af4-59e1926a86ca';
UPDATE art_ping.user SET employee_id = '97b2f937-54d8-4fa4-b68a-9e346b96953c' WHERE id = 'ca613314-c0a5-4393-b0f7-af78aa898cb6';
UPDATE art_ping.user SET employee_id = '426943fe-cbdf-41f1-91dd-24818b867207' WHERE id = '70e2eb0f-ee50-4756-9981-7d81d5016155';
UPDATE art_ping.user SET employee_id = 'ef803d10-d917-4be1-b89f-6d856e567c3a' WHERE id = '18c85d5d-2df6-4863-be6d-7f6c851319ec';
UPDATE art_ping.user SET employee_id = '784c5c93-5d6b-4a9e-bf92-21158a96f04a' WHERE id = '94b29e73-1a8c-4bc3-a42d-a6eb80a005c5';
UPDATE art_ping.user SET employee_id = '414e27b4-2843-4d3e-9eae-445e2f70e098' WHERE id = 'df3d3104-16ea-4708-a2dd-8f50682c664a';
UPDATE art_ping.user SET employee_id = '07c31b02-615d-4b0a-869b-9e77e763c102' WHERE id = '0836fbe2-b2ff-47ab-9cd0-055eea44fde8';
UPDATE art_ping.user SET employee_id = '56e9ab80-35f9-4034-8592-52a50a03a121' WHERE id = '78adf81b-05d3-425b-96d9-73b02fd59980';
UPDATE art_ping.user SET employee_id = '6b8f564e-b5dd-4c1b-9247-c9e26da5762c' WHERE id = '6ce3d1ce-a4ea-4d21-8059-b08e45b99bf6';
UPDATE art_ping.user SET employee_id = 'b0c8fccb-e7fe-4566-97d9-a330a8d0db10' WHERE id = 'a45705f3-fc88-4ea6-8830-35f5e993c652';
UPDATE art_ping.user SET employee_id = '41e3fc84-eeea-421d-9854-b26ad91df17a' WHERE id = '9db26912-1a12-49cb-b562-a09e601737d2';
UPDATE art_ping.user SET employee_id = '22e421f4-f965-46d0-a8c4-1a98b36d9c78' WHERE id = 'd6933005-ab8c-4c99-9fb3-371f90616891';
UPDATE art_ping.user SET employee_id = '814b20be-ac07-43d9-9e64-d4a054568440' WHERE id = '647d0565-4d7f-4818-afd9-85c5ec89d419';
UPDATE art_ping.user SET employee_id = '9795454f-9c47-4648-9021-ca51f119986e' WHERE id = '87029361-d20b-4639-9bba-b64112fa7d8c';
UPDATE art_ping.user SET employee_id = '6af21098-aeaa-44e1-bd78-523c263dc55d' WHERE id = 'bdac211c-1a14-434d-9cf0-80699e141780';
UPDATE art_ping.user SET employee_id = '40e34d7c-93aa-4eab-b373-5b649e14430a' WHERE id = '65530ff7-4953-4836-81d1-2de71c14f2d0';
UPDATE art_ping.user SET employee_id = '62bf31ec-d2ad-422a-89e5-e0b11be1ac3f' WHERE id = '1baa21d4-79d2-4bda-b641-b624e1be5dad';
UPDATE art_ping.user SET employee_id = '009733eb-8522-45ab-b5ec-0144d9658abc' WHERE id = '8eb41ca4-da4e-431f-95b0-ecba582532ba';
UPDATE art_ping.user SET employee_id = 'f3cceaa9-60b8-4d73-8392-eba7eb26d380' WHERE id = '9c732d4f-79cf-4f36-9491-173c7b5e1db8';
UPDATE art_ping.user SET employee_id = '7bf9589d-3f5b-4251-95fa-912eed7a1001' WHERE id = '454d127e-260d-43af-b3cc-e759660921b3';
UPDATE art_ping.user SET employee_id = '19a3890b-44d6-43bd-b371-54060c6b5bd1' WHERE id = '66488f78-e676-4ce5-9ddf-4256caabcd80';
UPDATE art_ping.user SET employee_id = '3bd6d5b0-006e-4c3b-b5aa-34554eb0c35c' WHERE id = 'f5fc911f-075b-43b0-811b-cb7e1981b34e';
UPDATE art_ping.user SET employee_id = '8a6f27db-c66a-4e27-9055-8440bd72a98f' WHERE id = 'f4d642a3-155b-4aa1-b164-85c4ea6f3f13';
UPDATE art_ping.user SET employee_id = '41ab7c96-68b8-4f61-8f1c-f2a70438fd8e' WHERE id = 'ed45bf39-b639-4899-a455-304b62063b80';
UPDATE art_ping.user SET employee_id = '91350f6c-a83f-47aa-a7bb-619df748a2d4' WHERE id = '0d3c8ba0-796c-4169-93d5-e237a33bf2e0';
UPDATE art_ping.user SET employee_id = '4ac024e2-5f5a-4784-b7dc-896f270256cf' WHERE id = 'd381a6fe-98f8-4ae4-9267-fcf5390b9589';
UPDATE art_ping.user SET employee_id = '3666fedf-cdb0-49c8-83b8-728556b637ce' WHERE id = '9a398f99-a3ab-4e63-a110-255c4f6e275d';
UPDATE art_ping.user SET employee_id = '06da6f43-6210-4a2a-b6c3-5fa7d00dfe3a' WHERE id = 'b237b371-f569-4d10-82a6-c1b75eeceaaf';
UPDATE art_ping.user SET employee_id = '46c8fac7-2eba-4020-b709-cfe139759a0d' WHERE id = '9fe5b3fb-57a2-46ee-9a0b-62fb751bfa29';
UPDATE art_ping.user SET employee_id = '8d13e309-f8aa-4942-bf74-79beb4c00a41' WHERE id = '1967a534-5314-4fec-99cf-cf7b2e56cda7';
UPDATE art_ping.user SET employee_id = '349e1e0f-0da2-4641-81e8-b7073be6d5c7' WHERE id = 'b94abab2-d49d-4eaa-a290-6114e06104bb';
UPDATE art_ping.user SET employee_id = '1d7a619d-6274-4d4b-ab21-6ad4f343d8ac' WHERE id = '5b702964-c12a-479d-b92a-f893ee721bd3';
UPDATE art_ping.user SET employee_id = 'c22a98a5-d269-48ef-9ca3-2e3706520a55' WHERE id = '323ce117-4270-4dd9-b202-cc3010e19305';
UPDATE art_ping.user SET employee_id = '0dbb3ff9-9ae1-49a8-8ce5-2b6d64e79cbd' WHERE id = 'b049b2b9-703e-434e-89e6-12fb5cc9282e';
UPDATE art_ping.user SET employee_id = 'f30ccc1b-32f2-4870-b7b6-62245b2bfd2b' WHERE id = '0a7ffd75-057e-4b5f-85cd-a506d35ead13';
UPDATE art_ping.user SET employee_id = 'e930521e-e6a0-4bf8-aba9-8b6811060576' WHERE id = 'b9711cec-5f62-4014-a27a-bbd9a66fdad5';
UPDATE art_ping.user SET employee_id = '888993a1-3b7f-42bb-96ef-fba9d76ec213' WHERE id = 'e4b2878d-2dfd-4d43-a0ec-50ac70c87f7a';
UPDATE art_ping.user SET employee_id = 'ce2fcf8b-9221-4c2e-b4f5-a4a8d891af42' WHERE id = 'c3f634d5-7244-4efa-b21c-180a6374c408';
UPDATE art_ping.user SET employee_id = 'b9044934-9dd7-4b46-9087-393232e50287' WHERE id = '340c49b2-3859-4dd0-98da-476c020a227e';
UPDATE art_ping.user SET employee_id = '71f59a84-36b5-44a6-a9ff-2432d046da1b' WHERE id = '072174f3-bae8-43d0-8cc4-5f2649384595';
UPDATE art_ping.user SET employee_id = 'ec427102-c9b5-4a13-8664-b383e0077ffc' WHERE id = 'a5d0abfc-42db-4c6a-9e23-c9a19770f9fb';
UPDATE art_ping.user SET employee_id = '96bfe1b1-0a7b-4aad-a8a7-692be088f174' WHERE id = '0c9d226b-cf03-451e-8ff2-3600282a8ddd';
UPDATE art_ping.user SET employee_id = '3aeaf27b-c564-4870-b039-4c7a21febc45' WHERE id = 'e7bb210d-6f42-4b78-ab20-16fac752efb0';
UPDATE art_ping.user SET employee_id = '8cbd7684-1e00-4ca2-a67c-2be74fff9283' WHERE id = '11031b5c-eb51-4169-a180-28e199ecd252';
UPDATE art_ping.user SET employee_id = '9953c3ef-a760-45f0-b380-448c9d14a3eb' WHERE id = 'b91a00c9-67d6-417e-80d2-4958beab20e9';
UPDATE art_ping.user SET employee_id = '10ba37b4-a6ab-472d-bfce-5643c7d370f4' WHERE id = '1246a312-e025-4259-b376-6da0f5092d1e';
UPDATE art_ping.user SET employee_id = 'accbdfd4-4054-49bf-9930-17db990d4af7' WHERE id = 'b0394fc4-b777-4a4f-a19e-07b0f2c78cba';
UPDATE art_ping.user SET employee_id = '35c4ac03-348a-472f-ad3d-871a6745eca0' WHERE id = '552a7bbe-0eee-4277-8e3e-f913962c2ffa';
UPDATE art_ping.user SET employee_id = '75327b2b-17bb-4cb5-8840-679898171eda' WHERE id = '8ca08dc1-64bc-4605-8ba6-b302db051973';
UPDATE art_ping.user SET employee_id = 'c8198693-c3cc-4a19-b024-f19d1b89733b' WHERE id = '53f54c2f-6f0f-47f5-8815-14754e82fee0';
UPDATE art_ping.user SET employee_id = 'c4908a7e-b48f-455f-a81b-d78644ed91e9' WHERE id = '6e41a7bd-1e96-4e9b-9441-ba3207181fde';
UPDATE art_ping.user SET employee_id = 'bd32c8d1-6aef-441b-bbb2-0bda4758f204' WHERE id = '274be1fd-3ea2-4bbe-80c2-22e2ade7fb38';
UPDATE art_ping.user SET employee_id = 'b7780f63-4092-4c43-b855-0af2523f644c' WHERE id = 'ebfc5772-15f4-4044-bd34-5b5066da37df';
UPDATE art_ping.user SET employee_id = '63649477-d30e-4cb7-8149-52bb5f796373' WHERE id = 'd0d15803-5b1c-40db-97a2-92ab69120035';
UPDATE art_ping.user SET employee_id = '21f0a20e-1ca8-4895-a904-7f0969c3687f' WHERE id = 'b88fbbdb-de76-4bc8-bd61-bf3e5bf689ab';
UPDATE art_ping.user SET employee_id = '53cee98c-355a-487b-b02a-cfe20f6899fe' WHERE id = 'a94077d4-cd60-41c8-aa47-84ffbe2803cc';
UPDATE art_ping.user SET employee_id = '3be56123-31bd-40a2-bafb-c43b6717d638' WHERE id = 'c22c54e1-90c6-4c0f-b5ca-1580266b5c6c';
UPDATE art_ping.user SET employee_id = 'd94e1a84-d01b-4e15-b247-5f398d449dcf' WHERE id = '71c4d73e-d2f5-4e6e-88f6-5b6b63e59bb9';
UPDATE art_ping.user SET employee_id = 'fc80d3d5-13f2-4802-9d0f-ed66529758da' WHERE id = '1e107e35-44c4-4bfa-a461-2d5c70f65acb';
UPDATE art_ping.user SET employee_id = '3b956c6f-e4aa-456a-bd66-7c97e5398235' WHERE id = '274ba8ba-8c6a-40aa-9203-d795bc66c7d9';
UPDATE art_ping.user SET employee_id = '7a9a93b3-a6e3-42d4-ad7e-ce4ced0205d0' WHERE id = '96733ec1-c6e9-4056-996d-08b1ec438456';
UPDATE art_ping.user SET employee_id = 'e2cbc43f-e345-4842-916d-24dcef62f0b1' WHERE id = '16cb78f1-4ad3-4a55-b211-534a2c9ad0ab';
UPDATE art_ping.user SET employee_id = '242bccad-d151-431d-b3bd-e0298c85e75f' WHERE id = '0a6364a6-1322-4c74-bc78-26042a4376dd';
UPDATE art_ping.user SET employee_id = 'f5a31b63-a644-4c75-9ada-c7cbd4725f43' WHERE id = 'ec5ff9a1-28db-48af-9eeb-86858dffe39a';
UPDATE art_ping.user SET employee_id = '231a2166-084a-45b7-b08c-0718eac0fdb3' WHERE id = 'fdc12938-e922-4007-8ae9-d35df73576fb';
UPDATE art_ping.user SET employee_id = '5891ad1f-befc-485c-ac2a-c8ee087db2cc' WHERE id = 'dcf792a9-ff99-48a6-a8e1-f77bbd2422d2';
UPDATE art_ping.user SET employee_id = '010af88c-89e4-41b4-90d2-fdd9be0641f0' WHERE id = '947969af-bfc2-452c-be6d-86005eb633bd';
UPDATE art_ping.user SET employee_id = '6621bca0-b3a1-4a35-83bb-4f9d389b67d7' WHERE id = '0d694244-3d69-45f9-9e09-ec5872927a06';
UPDATE art_ping.user SET employee_id = 'c4f977b5-260c-4ec2-8d08-ef9e556cdd83' WHERE id = 'b7ccb45e-5cbb-47de-befe-d8b8511f03e7';
UPDATE art_ping.user SET employee_id = 'de6113d7-ecae-4160-87a1-8fbaf7ecdb46' WHERE id = '1958f3a9-6ca6-4cf2-a627-2e50c599abb4';
UPDATE art_ping.user SET employee_id = '208efbc5-2ee8-4096-9dd2-202236ed1b12' WHERE id = '117a8d10-841a-4a24-8a09-aafda594d3a1';
UPDATE art_ping.user SET employee_id = 'bfbe4175-7044-46a9-ae15-90521c2a1621' WHERE id = 'dfa98e87-8f05-4bb0-881f-4e000210c5e8';
UPDATE art_ping.user SET employee_id = 'b70cb7b9-8833-4606-8d56-867a01e2c56c' WHERE id = '6e0f49e8-132c-4677-8aec-d603e48b0804';
UPDATE art_ping.user SET employee_id = '40d2a24a-edc8-46b7-ad6d-c36ca3b9007f' WHERE id = '5e6b852b-1b73-4344-880e-ed95cf48377a';
UPDATE art_ping.user SET employee_id = 'b76f35f1-09f9-4e88-bdb3-53613fca1770' WHERE id = '9bcb8c37-57bb-400c-a9e3-4e1aba093f5a';
UPDATE art_ping.user SET employee_id = 'df1ea017-7893-474e-8b65-fe38cbadedcf' WHERE id = 'b7e54aee-9051-453f-a7d0-6789c16edcd9';
UPDATE art_ping.user SET employee_id = '3400cb43-b4af-4210-8419-dabf67659cd7' WHERE id = 'd14f9830-b349-436e-b407-adea239f8d8a';
UPDATE art_ping.user SET employee_id = 'fe1d5557-c995-4cc6-8a60-5d8bd0b2bdde' WHERE id = 'f2fffb68-4b80-4832-8966-bb0ccd974946';
UPDATE art_ping.user SET employee_id = '340e28f5-0850-4a89-8eae-babef720395f' WHERE id = '6f89dd45-ef18-4907-a367-87b70a5d069a';
UPDATE art_ping.user SET employee_id = 'ef7966d0-b3aa-4f46-a659-7441d0f1c60f' WHERE id = '6400f567-145b-4538-a4bc-9523d36f25ec';
UPDATE art_ping.user SET employee_id = '5fca0cc8-1e0c-4817-9607-8cccf8d8c202' WHERE id = '41ee0f7e-8655-4569-9084-22ffe3432680';
UPDATE art_ping.user SET employee_id = 'dbd21d63-aa76-4583-883f-ce6246f7aa59' WHERE id = '8ffcb4f0-5813-4d7a-999f-67cec24f317d';
UPDATE art_ping.user SET employee_id = '28e651f7-f623-4b66-9015-759ca6dec68a' WHERE id = '1cb998d7-1cc4-4d4a-a50c-f9a36750121c';
UPDATE art_ping.user SET employee_id = 'bc438fea-080a-4eda-86f8-fa420336a002' WHERE id = '398bea2f-0411-4ba0-8046-151d3410bd36';
UPDATE art_ping.user SET employee_id = '59e525b6-4559-41ed-a074-2ee8a12e7750' WHERE id = '7b1a7462-7e3a-4b1c-9459-65c857fad0d9';
UPDATE art_ping.user SET employee_id = '7d219817-34c8-4f18-a496-36979da27863' WHERE id = '5103b0db-a1f3-4ba0-85b2-cd12a3c9a2e0';
UPDATE art_ping.user SET employee_id = '3e34d834-dd3d-46a3-943b-d2c271e9ce02' WHERE id = '540040f1-26e6-496c-a8ff-d7a2638ee3f5';
UPDATE art_ping.user SET employee_id = '0c321c7c-ad6b-4be0-807a-b65820c807ac' WHERE id = '5e86fd4a-e336-4096-9399-051247e23d27';
UPDATE art_ping.user SET employee_id = '18b42934-149a-4696-9c71-76c8ce5b59d5' WHERE id = '2327bfe7-9c53-4b2a-be18-066232986402';
UPDATE art_ping.user SET employee_id = 'efeedefd-d565-4b54-8acd-03ccf746e125' WHERE id = 'fc4fda0f-a6b6-4c60-8712-c63755d49add';
UPDATE art_ping.user SET employee_id = 'c3d31b90-35c6-4f34-9aee-f18f79980ade' WHERE id = '4e804cbe-5bdc-488f-911d-2d66c6429b0e';
UPDATE art_ping.user SET employee_id = '0a3b8e15-0aa8-4fce-ba52-a3b788c5ba3f' WHERE id = 'b7c3aaf1-d778-4742-9136-2767cde9c9cd';
UPDATE art_ping.user SET employee_id = 'c446f2da-0723-44a3-a07c-dfe281f27a04' WHERE id = '2ab0368f-b0cb-41c6-a0af-3fb05738edb5';
UPDATE art_ping.user SET employee_id = '48d4ffc3-a456-41c2-9923-82289f2b4e86' WHERE id = '7d5f1e63-9801-406b-b52c-58b0d998df3e';
UPDATE art_ping.user SET employee_id = 'd674ff13-5a99-46e3-81cc-8147d08e9c8a' WHERE id = '0cd54bf4-8505-4daa-a2de-84e285d52c38';
UPDATE art_ping.user SET employee_id = '8826f860-dee3-4947-b021-60be37d05d15' WHERE id = 'c88c0d17-592f-43d8-98c7-ace7712de64c';
UPDATE art_ping.user SET employee_id = 'b43ed1de-1c6f-425c-aa24-f141c753bd1e' WHERE id = 'a6de5e0d-869b-4895-8433-8290c8355f90';
UPDATE art_ping.user SET employee_id = '88067125-6783-4a5e-8729-2743268ad8b8' WHERE id = '115f9b2d-57a7-45e6-ab95-889c92f0b881';
UPDATE art_ping.user SET employee_id = 'be6f4617-ce18-4149-b2ff-d1d325b8c6dc' WHERE id = '47b7ad0f-d804-43f0-a866-27e3ca13f2b2';
UPDATE art_ping.user SET employee_id = '31f7f66a-2a9a-4a53-8786-588f3c37f782' WHERE id = '21760a2f-974a-40e6-b1b6-f3a07fc55054';
UPDATE art_ping.user SET employee_id = '14bf6a76-9d34-4790-bf5c-c0bd399543dd' WHERE id = 'd1dae585-7c5a-48d6-82ab-6a2da76f6bd8';
UPDATE art_ping.user SET employee_id = '93ff44ac-f65e-4e21-bdfd-51e41847af5d' WHERE id = '7ba1610b-1563-41da-8277-b6188f787464';
UPDATE art_ping.user SET employee_id = '4fdce3b1-17f9-4ac2-ad87-e9725ecabca8' WHERE id = '50cb144c-ebdd-40a6-baaa-4c0a40a7dbf6';
UPDATE art_ping.user SET employee_id = '73e42f0e-569c-40be-9cc5-6b9141e09634' WHERE id = '817fb72f-4f46-48bd-8833-e472006f8bf1';
UPDATE art_ping.user SET employee_id = 'fc6aef29-242d-4162-9dcc-d7e6d10b9efe' WHERE id = '81978aaa-8d64-4beb-ad79-0adf2ef0b961';
UPDATE art_ping.user SET employee_id = '05d92b13-3f1e-4326-b4db-bb684357cfe5' WHERE id = '62905d82-99f2-4ecc-9067-37d2119c4ee9';
UPDATE art_ping.user SET employee_id = 'e06d78cf-3c49-42e0-a416-7ee0c3a21be7' WHERE id = 'cc34106f-e0ef-4873-9965-4bb7892633cd';
UPDATE art_ping.user SET employee_id = '048b2bcc-59bf-4a1e-bde6-8dc5f3ae1808' WHERE id = '3fb93f35-b825-4913-a009-b69008825e80';
UPDATE art_ping.user SET employee_id = '28c10195-2f73-4e00-a084-01c1897cd8c2' WHERE id = 'dadd6055-0aca-4a10-a110-978e4db42e98';
UPDATE art_ping.user SET employee_id = '0f3fd6ce-9450-40fd-87a4-ed9fc59afbf7' WHERE id = 'd4cc763c-084b-4212-8ec7-e7473bde3a5f';
UPDATE art_ping.user SET employee_id = '17dd1317-229f-4aa1-a486-5b6c35743554' WHERE id = '44c92e98-8b45-4eb5-87aa-c2637f88d9d6';
UPDATE art_ping.user SET employee_id = '1c6946f8-db90-43be-ba89-475260fb7289' WHERE id = '6fd5e441-e2f8-4350-8138-554169a2eda6';
UPDATE art_ping.user SET employee_id = '54522081-3d96-489e-9741-7d931f7a5ec9' WHERE id = '59c10aed-5923-4b76-b8db-54df510f3b74';
UPDATE art_ping.user SET employee_id = '39837db2-6091-44d6-8a0e-351350a14453' WHERE id = '6c5ba00f-8407-42ac-ba4b-f24a420e5c88';
UPDATE art_ping.user SET employee_id = '3be25b04-dc02-490e-bc1d-1a68adc1fe5f' WHERE id = '67d72138-ae50-41b2-967f-e79bde1794f4';
UPDATE art_ping.user SET employee_id = '1c318b7f-c458-40ae-b54a-bc48195c94cb' WHERE id = '2c11f0a2-2d33-4966-8f66-f3dea09c0d69';
UPDATE art_ping.user SET employee_id = '59d70d6e-db9e-4dc5-9acd-55d2b3a8aa95' WHERE id = '1f20b62a-d99e-4b7a-81c8-38c5d283e1f3';
UPDATE art_ping.user SET employee_id = '8d716000-c4ea-4b70-bed8-2b14a47d9e16' WHERE id = '0841a168-8148-4284-88a0-3bde25708367';
UPDATE art_ping.user SET employee_id = '9e5fcfa6-9355-450a-86e8-bfdf9b0e4445' WHERE id = '15995ee2-f1cd-4b95-b27c-103c98ff54bc';
UPDATE art_ping.user SET employee_id = 'b296d2b6-dc0c-494a-aa45-bbf06ca44a27' WHERE id = 'bf310a96-e9a5-4e7a-b2f9-152eccb26ec7';
UPDATE art_ping.user SET employee_id = '6d377f60-7599-448b-8e55-728b00620144' WHERE id = '0de601f2-2713-4047-8b22-2a1dda8e0892';
UPDATE art_ping.user SET employee_id = '8287baf5-4067-4c65-9264-fe5793108fda' WHERE id = '7c80e73c-f4a0-44d9-b0fa-0da23e8505a5';
UPDATE art_ping.user SET employee_id = '9baeb07f-48a3-4fb6-b077-e978369263c8' WHERE id = '5b7bdda1-2b93-44ae-80ce-4d59462eeb77';
UPDATE art_ping.user SET employee_id = 'b41a2ef2-3d6c-4087-ae26-451f83c475fa' WHERE id = '0d6c1172-ef28-4db8-ad27-fa006de1e8d5';
UPDATE art_ping.user SET employee_id = 'ee00c89a-d2e9-4d1f-b11d-f6890c6f4039' WHERE id = 'c62fa1ef-0c13-4eec-8b7f-dbcde2ed382a';
UPDATE art_ping.user SET employee_id = '471a103a-faff-493e-8d0a-299e388cbb2d' WHERE id = '84dde4f8-5834-4fbb-8bca-2c2a7415504e';
UPDATE art_ping.user SET employee_id = '4fd466c7-89db-42c1-aac7-aeb9e138a273' WHERE id = '294b0115-ccb3-4c85-bf73-24cc946753ee';
UPDATE art_ping.user SET employee_id = '9e772308-013b-4e58-9b98-921ea5b62eba' WHERE id = '00c34e45-eb54-4e27-8abf-9f38608a6507';
UPDATE art_ping.user SET employee_id = 'e7cdf9ca-162c-4cd2-ae5d-720f15f922ee' WHERE id = 'fa459ee2-72a4-4970-b335-f75a141c9a27';
UPDATE art_ping.user SET employee_id = '0f1ecb89-a2b6-4610-984c-9dc110ea6497' WHERE id = '3a40bd9e-57ca-4ad7-ac82-e0993f736024';
UPDATE art_ping.user SET employee_id = '0065bc69-99d2-46de-969f-aa5725ae3b89' WHERE id = '231b3e32-b62f-45b0-ab78-0eb91bf074b3';
UPDATE art_ping.user SET employee_id = '9da55ae7-503a-4029-8886-d8a73140d246' WHERE id = 'ae3f0201-c1ab-46cd-a799-1799f6501309';
UPDATE art_ping.user SET employee_id = 'a1fc8d1a-f540-4e31-8d4a-43383f68a302' WHERE id = '6a1b7362-8b47-408f-b408-ca2bbd80919c';
UPDATE art_ping.user SET employee_id = 'a5637101-c194-4d4e-a661-313569df8625' WHERE id = 'ea692314-7062-4272-8742-e5069d023269';
UPDATE art_ping.user SET employee_id = '3e1ae869-8169-4939-bf64-b2d2977d8457' WHERE id = '76fbb666-12c5-43bb-a57a-eff329f4b767';
UPDATE art_ping.user SET employee_id = '089fd005-d1ce-454f-9922-c99944b2aa94' WHERE id = 'affff942-c206-4f6a-8f44-f9c0314ef201';
UPDATE art_ping.user SET employee_id = '2f690191-97fc-4523-8952-6e0f6ce811f2' WHERE id = 'b266f1c0-a4e0-40a0-9d12-b1de50d31068';
UPDATE art_ping.user SET employee_id = '1d33ab56-e783-4cbc-8752-7dfa72ae233b' WHERE id = 'fc78faf7-f968-4cf0-a784-4bfd6e33b6eb';
UPDATE art_ping.user SET employee_id = 'a69e1a15-2334-4eee-a908-8d9f343a9e20' WHERE id = 'd9c54e9c-4f7f-4e7e-9979-f234e8973cc3';
UPDATE art_ping.user SET employee_id = 'da31df42-46d7-441b-9a2a-7ac8e563c02e' WHERE id = '5816f50c-678e-4bfe-96c4-30331c85ee00';
UPDATE art_ping.user SET employee_id = '4ad4c246-4d9c-4976-8096-f91c94c73ad2' WHERE id = 'c8b67ff2-242c-4445-990a-0fe81fcd9fe0';
UPDATE art_ping.user SET employee_id = 'a826b351-d4db-44c7-95f8-f68c790b595b' WHERE id = 'fca2e029-f056-4e56-8637-68ffb3f37bdc';
UPDATE art_ping.user SET employee_id = 'b1f82042-7404-42c8-b6b7-fe92c637e47b' WHERE id = 'ba5ed102-efa3-4a0e-a7a8-1c982be6c10f';
UPDATE art_ping.user SET employee_id = 'fde5fdd7-8bbd-446b-a01f-b2b4978514a3' WHERE id = '2fd7a2dd-aa9d-40a7-9cf8-a088dc5cd9cc';
UPDATE art_ping.user SET employee_id = '01d00aa2-994c-4edb-9f87-774146e9e864' WHERE id = '2dcb3007-d1cc-4fb3-9753-f98c1ec3587e';
UPDATE art_ping.user SET employee_id = '4d4b1ea2-8b1c-4446-82e5-796ab32e5d09' WHERE id = 'de5457ff-fbb2-46ef-9f50-80cad2290abf';
UPDATE art_ping.user SET employee_id = '3fc44eaa-159e-4a3b-9c82-65fc88092e3b' WHERE id = '3dd03a04-5314-4fea-8c63-17d6492456ee';
UPDATE art_ping.user SET employee_id = '8b0cf62b-565c-4ce2-8b86-343e96db374d' WHERE id = '8663abcc-6377-4c70-9980-77b86ece097c';
UPDATE art_ping.user SET employee_id = '52cf7dca-8a89-4675-8cca-ca319a24bc04' WHERE id = '9f885920-0063-45e1-a866-c0cd9a34ee81';
UPDATE art_ping.user SET employee_id = 'df1c1f90-b73e-4ab9-8dde-4101ce4f40a6' WHERE id = '70133a79-03d1-4927-8ac8-3dce04e58c48';
UPDATE art_ping.user SET employee_id = '4dc1adf7-49f7-45d6-a918-e955b4da7dbd' WHERE id = 'a84e8e8e-485e-431a-96f6-28a88b59414c';
UPDATE art_ping.user SET employee_id = '6671d797-3b4a-4ba1-916f-97e2ec2fec0b' WHERE id = '953ae983-4227-4e40-b096-1f5852493de3';
UPDATE art_ping.user SET employee_id = 'a96fd4f7-d900-4b9b-89e2-d2b9600bee29' WHERE id = '7bfe865a-aba7-4c53-9e90-a63e39f8037e';
UPDATE art_ping.user SET employee_id = '7230ee53-e482-41fd-9dbb-9e052efbc50c' WHERE id = '3d010666-bc24-4f2c-8f77-672cf94520a0';
UPDATE art_ping.user SET employee_id = 'af3ef3c6-f266-45bc-b259-a5c2e9b944ee' WHERE id = '1c29cfb9-4833-4865-afea-362f8da225b2';
UPDATE art_ping.user SET employee_id = 'cf0d3889-ccf9-4c1a-8cab-2c364d1fd976' WHERE id = '3a1e904c-4d37-4a0e-9f0a-cf9608c32f8d';
UPDATE art_ping.user SET employee_id = '2da77dcb-0768-478c-a741-618b705ed54c' WHERE id = '25c3792b-c429-4c1b-badd-f4aad66b426c';
UPDATE art_ping.user SET employee_id = '6af93bbb-0c9c-4c02-b564-e1c57b244499' WHERE id = '75a4968f-a11b-417d-814e-df5f8ecca68d';
UPDATE art_ping.user SET employee_id = '3f6ab95e-9529-4932-996b-26b5494d8518' WHERE id = 'fce2e348-a9f7-4cca-888c-03e908fe2b73';
UPDATE art_ping.user SET employee_id = '1726d11a-8c45-4b86-86c8-eaee90e0f42a' WHERE id = '38e8790d-d381-4da6-a683-4aee5d2da36f';
UPDATE art_ping.user SET employee_id = '80c79fe3-f762-4dce-93f2-86cf0be30c68' WHERE id = '7fb8b0fe-9455-4cab-835d-7b359a8bf1a7';
UPDATE art_ping.user SET employee_id = '57d5315d-1c9e-4c4b-9a35-af13051cd6a7' WHERE id = '65b76394-4d35-4b8f-8a27-78e3f813ccc0';
UPDATE art_ping.user SET employee_id = 'e02699a0-c6d4-4f00-9911-eecb65eb6853' WHERE id = '483ed84e-8c5d-4706-9ec1-2bde89ff937e';
UPDATE art_ping.user SET employee_id = '1e5f7186-0fb5-49d0-ac30-eab33edcc0a7' WHERE id = '37a447b6-6264-4501-a967-f413ed0a9969';
UPDATE art_ping.user SET employee_id = '51c847b7-446c-4714-b4c2-bb66392b420b' WHERE id = 'fc6ef1c4-3f89-44d2-a0a0-ab53d24c96ac';
UPDATE art_ping.user SET employee_id = '81de19b3-4102-4be2-b92b-0f66fc0e3d16' WHERE id = '9121063f-51e6-4d31-a593-e85ca9d7988e';
UPDATE art_ping.user SET employee_id = '5895a739-710b-42c6-a590-43412f4df365' WHERE id = '9860a653-da99-4a99-be32-8f00c5a25476';
UPDATE art_ping.user SET employee_id = 'f8ddfe9e-d9ac-41ad-a3f4-fe2cf81862c6' WHERE id = '79a9f343-f423-4e12-9ed2-8c8d5cec7175';
UPDATE art_ping.user SET employee_id = '80eb122f-e58e-4ee6-8ca9-7ec1ceb245d0' WHERE id = '081e596e-19de-424a-90f2-4acfa3a50cca';
UPDATE art_ping.user SET employee_id = 'f8c0b433-7218-41c1-829f-de660259aacd' WHERE id = '23dea32f-33e7-4cf7-a8d5-d6d30aeda4e4';
UPDATE art_ping.user SET employee_id = 'e4bd53af-629a-470c-b62f-59cec1997074' WHERE id = 'fdc6c83e-5d65-4cbd-867e-062f8688de35';
UPDATE art_ping.user SET employee_id = '63cce113-d103-45a1-8092-d837413e8f5d' WHERE id = '53954491-195f-4c47-badc-0401e3c165c1';
UPDATE art_ping.user SET employee_id = '79374c82-9c26-4dc1-8a66-f7e312d42ec1' WHERE id = 'aa3a87dd-45c2-46f3-86dc-5a6a42a6c27e';
UPDATE art_ping.user SET employee_id = '2a1dd19e-3dfc-401d-8ae6-a3531463e0e2' WHERE id = 'd6457ed6-a924-4179-b55f-ecc6ce3817d7';
UPDATE art_ping.user SET employee_id = '48d98a19-98c0-44cf-98a7-95bc2f399373' WHERE id = 'fa5734a4-4f87-4c52-9020-24daa4c69f75';
UPDATE art_ping.user SET employee_id = 'c657ade1-6670-4fa3-9858-1ffba5e72132' WHERE id = 'af12ba55-4676-4bb7-93a1-2ca2466a3615';
UPDATE art_ping.user SET employee_id = '9c7b8963-f8ac-422b-b5e0-9de69dae432e' WHERE id = 'd7ab546e-1bac-4fbc-bdf7-e35282179e78';
UPDATE art_ping.user SET employee_id = '1077b982-eb5d-48f5-89f7-50f6c6b9e973' WHERE id = '3a287845-7be9-4dfd-8f59-89b49b5bca13';
UPDATE art_ping.user SET employee_id = 'f1b2ee7f-8722-4daf-b265-6a5a272a2bdb' WHERE id = 'c0e85b15-d216-42a0-b588-5a943f65dfa8';
UPDATE art_ping.user SET employee_id = 'a631eccb-2ad5-4789-8d5c-ed6132b2e674' WHERE id = '689a8bfc-0058-4b7d-ad8d-ab64ccc51f00';
UPDATE art_ping.user SET employee_id = 'df72b0f4-029b-4a59-b358-f9da272d0125' WHERE id = 'a58b0af9-7608-4874-a66b-1907d55ddd48';
UPDATE art_ping.user SET employee_id = '7b03ab40-238a-488a-87a3-d3b19501196d' WHERE id = '418da012-aa66-4952-a3de-0a124e76c100';
UPDATE art_ping.user SET employee_id = '83b49996-22c0-4243-ab54-574dc2275deb' WHERE id = '87e1c5b1-856a-4672-816d-db02f4ba0f61';
UPDATE art_ping.user SET employee_id = '004faa79-f42b-4f41-8bca-6c70dab97ec7' WHERE id = '0ae14619-e315-4453-9dcb-4a5698eb258f';
UPDATE art_ping.user SET employee_id = '0e7f2468-f920-461e-93a0-65a69233c30c' WHERE id = '7598642c-a7bd-4b99-90b5-c98c41782ec0';
UPDATE art_ping.user SET employee_id = '4e444732-bfa8-4437-9e90-b12b405cddba' WHERE id = '35514c20-78be-4d7b-9388-1c1997f50a06';
UPDATE art_ping.user SET employee_id = '2d601f45-775e-4572-89be-deec95beb941' WHERE id = 'b5114321-3fe0-4535-9a92-87f5b78c00f1';
UPDATE art_ping.user SET employee_id = 'ccbc9996-12d3-442e-ba88-ba53f3e240b8' WHERE id = '4bfdc1fa-f1e5-4677-a71b-d3353b87a5c0';
UPDATE art_ping.user SET employee_id = 'bc0fcf18-417f-470c-bb5b-075ee1ab870f' WHERE id = '7cb86668-5c01-431c-af00-4ee3976bc539';
UPDATE art_ping.user SET employee_id = '069ee076-a9b5-44e8-883f-6a6afdb7efd8' WHERE id = '5c316ab2-c1bf-4bd1-9b3d-85ec9fe0fcc2';
UPDATE art_ping.user SET employee_id = '6af70ce3-be0a-4b67-90f8-5d03b9250dff' WHERE id = 'e4f2491e-8c96-4294-bc87-690dcd9c3d6f';
UPDATE art_ping.user SET employee_id = '05401823-060e-4ba4-af55-daf4f5ed50bc' WHERE id = '80547fa3-f7de-4c7e-81fd-dedc39a353f0';
UPDATE art_ping.user SET employee_id = '8843030e-58ad-4ea0-8271-1a969a286434' WHERE id = '7ad82555-0973-4cd9-ae20-6322eda91554';
UPDATE art_ping.user SET employee_id = 'd24fad58-5692-48dc-bb9a-c2e6e6751114' WHERE id = 'ac9bee2d-beda-4703-9934-5dea150456e8';
UPDATE art_ping.user SET employee_id = '0d6ed6ce-cd81-40fa-8ab8-91e5b6ed43d2' WHERE id = '43bb9fcc-a2b4-4cd4-b80a-ef43bbf2e297';
UPDATE art_ping.user SET employee_id = '0d9be05f-494f-4ea6-aa20-04cb47089c46' WHERE id = '4791ab26-c3a7-4a4c-8139-21322232d211';
UPDATE art_ping.user SET employee_id = '4e877079-8463-403d-8b7f-aabde8b63d16' WHERE id = 'cacfee26-d458-4c7d-bbb9-ec19c3fff65e';
UPDATE art_ping.user SET employee_id = 'd7a1c974-165d-43d0-8739-dbc1c4b8d59a' WHERE id = '558f287d-ddca-4c59-b1b5-7a771390f27f';
UPDATE art_ping.user SET employee_id = 'fdcb8726-41c4-4ce5-8310-f8cbbc5216fe' WHERE id = '570d4b94-0904-4b53-8714-cebc26b0cb4d';
UPDATE art_ping.user SET employee_id = '41762832-804a-4128-b0d8-fb0a1eff1e49' WHERE id = '988f3597-ef71-44b2-b13c-b6b0c630d7ce';
UPDATE art_ping.user SET employee_id = '58c8f386-8e2b-4f49-8f0a-cdec23fc0dd2' WHERE id = 'ae88bc19-da72-4f94-a96e-72942a19a5bb';
UPDATE art_ping.user SET employee_id = '7226671b-fb2b-4f8b-918d-ff38157eb98f' WHERE id = 'b0f59f3f-a6bb-4ca6-8e40-8a3d339825d9';
UPDATE art_ping.user SET employee_id = '1f77cbae-6ff3-4e01-950c-ebb36963c717' WHERE id = '7876a3e3-af62-4639-bdc9-e7bda8335872';
UPDATE art_ping.user SET employee_id = '5e51929f-4682-4bed-be25-0b205fd4c44b' WHERE id = 'c7b94a30-69e3-4a40-98a9-7331219fda41';
UPDATE art_ping.user SET employee_id = 'e3ef6639-8627-4f7d-baee-89e110150894' WHERE id = '1622ed2b-dd4b-4515-bd18-482f6f3fe164';
UPDATE art_ping.user SET employee_id = '655dfc48-3658-43c6-81df-7d7c3a642499' WHERE id = '9c9866f2-70a5-46c1-b669-32936e087f9e';
UPDATE art_ping.user SET employee_id = '9f62c00b-5934-40d2-91b7-231cf0b8da2f' WHERE id = 'ad67c8ec-33c8-41f4-90f5-39d11ebbd186';
UPDATE art_ping.user SET employee_id = 'fd7b6a3a-b275-4e81-bf15-2ac247b46cd6' WHERE id = '29e325d8-7068-4c2c-9494-bd36d80d4214';
UPDATE art_ping.user SET employee_id = '8f066cff-4d9f-488f-8a9b-0c78b13fdef8' WHERE id = 'fc3cf1fd-805f-42c9-a088-c7859bd027a9';
UPDATE art_ping.user SET employee_id = '41764999-aa9b-4509-a434-09e9393347d2' WHERE id = '4982eae2-695a-466a-8e71-5f749ed36814';
UPDATE art_ping.user SET employee_id = '8ac9b53f-0bc0-4ae0-b54e-e11218c13f71' WHERE id = '87599cce-d9ea-4bad-9ddd-92a65211cd4d';
UPDATE art_ping.user SET employee_id = '50626407-8ca1-42e7-9771-61f5b2eccfea' WHERE id = 'c9232747-6310-4862-a885-ee89edc4e219';
UPDATE art_ping.user SET employee_id = '4a603d7c-7db7-4939-a25c-d579ef352137' WHERE id = '2c458909-b56d-49cc-89d3-64f3c1817207';
UPDATE art_ping.user SET employee_id = '19e4eb05-8946-4575-aafd-3595a8b8616d' WHERE id = 'f8fc34d3-02c8-4eca-9f80-29efb6f39523';
UPDATE art_ping.user SET employee_id = '9e118fb6-b144-47c7-8bb9-3a2a80d66630' WHERE id = '3a9006f6-d2c9-467f-9bf8-189a1e900fb4';
UPDATE art_ping.user SET employee_id = 'be595e60-8b11-40cf-ab70-211fca0756b1' WHERE id = 'fc0259cc-ad32-48f4-b8ea-3c89d51d6721';
UPDATE art_ping.user SET employee_id = '9ac8a9ee-d072-4f6e-bbe6-fbb4f1a557f7' WHERE id = '7330a5b6-01fd-4a55-8cbb-14a02684d602';
UPDATE art_ping.user SET employee_id = '87bdf85f-ffd8-492a-bf8b-60745059aea1' WHERE id = '5c231f99-25d8-41aa-bfe6-2cefb990f4bf';
UPDATE art_ping.user SET employee_id = '1543d3c6-f208-43c7-9f8c-5ad4b647f75d' WHERE id = 'd46f0698-a92b-4aab-845f-6f4a6c6427fc';
UPDATE art_ping.user SET employee_id = '1b8856af-6593-492a-9fcd-fe63e89abfed' WHERE id = '4dd1b3ca-2d7f-465a-bc9c-d9ba24ad8499';
UPDATE art_ping.user SET employee_id = 'f9e0560e-ea96-46ee-93d7-c0d1583a4eb1' WHERE id = '7b52f26c-770f-43d0-b6c9-4e8f2f76d342';
UPDATE art_ping.user SET employee_id = 'ccad329c-10c6-4578-a85d-415575b47d16' WHERE id = 'ece92ccb-a037-4e46-9057-b10a8302f0c3';
UPDATE art_ping.user SET employee_id = '7da4e3d4-baa4-43cf-8f8d-b2e0c29145ab' WHERE id = '6cd7a456-21d5-4ca3-bd9f-0a0495dff061';
UPDATE art_ping.user SET employee_id = 'c65c9dc4-e47e-4ab0-b4ea-9762e95d0a50' WHERE id = 'a169459c-382b-4bda-a4c0-2ff1b76176dc';
UPDATE art_ping.user SET employee_id = 'bffbe7fd-8567-4bb8-8a54-93e2176ae01d' WHERE id = '6573370a-951f-473d-90d8-ebf5140a8e5c';
UPDATE art_ping.user SET employee_id = '70473947-4991-484a-9a35-6489c98e827f' WHERE id = '47236a95-3df5-4440-a422-950de9d2d503';
UPDATE art_ping.user SET employee_id = '90a02b61-94e7-4e76-ab63-d53544cb5234' WHERE id = '83f9d66a-0695-41dc-9374-eb24d783bcfc';
UPDATE art_ping.user SET employee_id = 'ca0da76d-74ec-4bd0-b2b7-83fa512b3234' WHERE id = 'f86518de-6239-4f23-bab4-2fab272d6040';
UPDATE art_ping.user SET employee_id = '25ea56fd-6149-4ec2-ba0d-3558f6c5accc' WHERE id = '4e436b2b-94f5-4dfb-841d-530c47556733';
UPDATE art_ping.user SET employee_id = '2864a45e-6a73-493e-a9e5-f43029ae42a4' WHERE id = '22e610aa-bd38-4715-9566-418c6a1e3641';
UPDATE art_ping.user SET employee_id = '10724f0c-543d-44d0-b03a-b5c36b854f6d' WHERE id = '5a773dec-a847-46ad-adca-70d394920a8f';
UPDATE art_ping.user SET employee_id = '66cf2e59-f3fb-4523-a071-f700fb2eed5a' WHERE id = '1c21a0ab-11e4-4c00-875e-6ead37eb3aa3';
UPDATE art_ping.user SET employee_id = 'c87d7ac2-9439-45f3-b83f-350db105adf3' WHERE id = 'a82114ed-986e-4ce4-a5fe-ac5c34448027';
UPDATE art_ping.user SET employee_id = '0929a218-1054-4297-9281-a856aec8a3a8' WHERE id = '9d93d812-a95f-4ead-9755-fdb0d9b19570';
UPDATE art_ping.user SET employee_id = 'db2a3830-9632-42f6-a3bd-7ec482fe4a30' WHERE id = '5cc1f517-2b57-4a58-9c5b-f41419723bae';
UPDATE art_ping.user SET employee_id = '0e56808e-1d78-4611-b873-0d2d75c33554' WHERE id = '5707fa6f-ea71-42ce-8b60-ce26889dc47e';
UPDATE art_ping.user SET employee_id = '0a8d3842-fea7-4746-9f39-809b0418831f' WHERE id = '90f76023-52b0-48a6-a6e1-4bb7d876ff8d';
UPDATE art_ping.user SET employee_id = 'ac516ae2-d3e4-4c54-ba76-0fd2c6f7d909' WHERE id = '0d30f404-814e-4fa1-a85f-27f2f99e9ccc';
INSERT INTO art_ping.project VALUES ('db8fe120-d5ba-49ad-9034-c20025b85793', 'project0', true);
INSERT INTO art_ping.project_employee VALUES ('758c0237-f3c7-4e42-ba7d-ce7354b3a279', 'db8fe120-d5ba-49ad-9034-c20025b85793', '99e52a02-bac0-445b-8d97-903fb19434d1', false);
INSERT INTO art_ping.project_employee VALUES ('84c5dd2a-9d87-41e4-8981-1ff8cfe89750', 'db8fe120-d5ba-49ad-9034-c20025b85793', '1543d3c6-f208-43c7-9f8c-5ad4b647f75d', false);
INSERT INTO art_ping.project_employee VALUES ('8bc6c961-2f22-4819-bae7-0497a7f15cdc', 'db8fe120-d5ba-49ad-9034-c20025b85793', '8f066cff-4d9f-488f-8a9b-0c78b13fdef8', false);
INSERT INTO art_ping.project VALUES ('d83241a4-6744-4341-a9e6-6d8868496eee', 'project1', true);
INSERT INTO art_ping.project_employee VALUES ('bf0d111a-4887-479b-b7d1-600e5e9cfcaf', 'd83241a4-6744-4341-a9e6-6d8868496eee', '0f3fd6ce-9450-40fd-87a4-ed9fc59afbf7', false);
INSERT INTO art_ping.project_employee VALUES ('c9d23ff8-ebe2-433a-aee7-525b4f98291d', 'd83241a4-6744-4341-a9e6-6d8868496eee', 'ffa02c36-60d5-4eae-908b-67f7dafe0a46', false);
INSERT INTO art_ping.project_employee VALUES ('c56e74e2-1e8e-4033-b344-2208f337ad4f', 'd83241a4-6744-4341-a9e6-6d8868496eee', '13462e56-1fb5-4ebf-bd36-0bf0a91515b9', false);
INSERT INTO art_ping.project_employee VALUES ('8c355034-5242-4efe-9603-7bc381e33fe7', 'd83241a4-6744-4341-a9e6-6d8868496eee', '4242e906-afdd-451d-828a-ce35ca2d9931', false);
INSERT INTO art_ping.project_employee VALUES ('4f9271b4-42ba-411b-b994-f5314c712d77', 'd83241a4-6744-4341-a9e6-6d8868496eee', 'e64a50e8-f81c-4ca3-9582-c4c0c42e2f4b', false);
INSERT INTO art_ping.project_employee VALUES ('a7f253a9-6da3-4fe8-9eef-5eb04d54b548', 'd83241a4-6744-4341-a9e6-6d8868496eee', 'c46f6f86-7e74-4c03-884c-e25c91cc4946', false);
INSERT INTO art_ping.project_employee VALUES ('28293d78-4e20-4f80-b111-eb9c3b92d2d5', 'd83241a4-6744-4341-a9e6-6d8868496eee', '17dd1317-229f-4aa1-a486-5b6c35743554', false);
INSERT INTO art_ping.project_employee VALUES ('3a77cc37-118c-4e4d-849c-62640ac74e24', 'd83241a4-6744-4341-a9e6-6d8868496eee', 'f9cbd2b4-d97d-4265-a5c3-4430f0614efa', false);
INSERT INTO art_ping.project_employee VALUES ('5b8b004c-873a-4b07-a892-b91643c406b7', 'd83241a4-6744-4341-a9e6-6d8868496eee', '577eae4c-cf68-4566-96cd-5d990ee35d36', false);
INSERT INTO art_ping.project_employee VALUES ('78b74326-122a-4861-9eed-1a875dbffa56', 'd83241a4-6744-4341-a9e6-6d8868496eee', '98d503ac-1975-4d08-ac0d-26406ca592f6', false);
INSERT INTO art_ping.project_employee VALUES ('06663ba1-3791-4491-be7b-7c177b4e0360', 'd83241a4-6744-4341-a9e6-6d8868496eee', '1fb437d1-aaee-4ed1-bb2c-362b015589fd', false);
INSERT INTO art_ping.project VALUES ('17de2820-8f37-4b00-8c83-bc873e068ec7', 'project2', true);
INSERT INTO art_ping.project_employee VALUES ('08807fdb-771e-4fc2-a171-c70174c4362a', '17de2820-8f37-4b00-8c83-bc873e068ec7', '5b1aea66-ceef-4316-9677-23ec2cd167f3', false);
INSERT INTO art_ping.project_employee VALUES ('d0c41068-8f42-4f33-902f-faae51a4495d', '17de2820-8f37-4b00-8c83-bc873e068ec7', '9a2c2d3e-8742-427a-b85c-a6c064010cfb', false);
INSERT INTO art_ping.project_employee VALUES ('8610fb5a-ef87-4f96-b3c5-5c54804e42d1', '17de2820-8f37-4b00-8c83-bc873e068ec7', '3445bdb6-72e9-4dc4-ad8a-508eecf56808', false);
INSERT INTO art_ping.project_employee VALUES ('5c69efda-6a85-4426-8069-6339e85495e5', '17de2820-8f37-4b00-8c83-bc873e068ec7', '41234909-6955-4dc2-a067-e763eb720fc1', false);
INSERT INTO art_ping.project_employee VALUES ('500f71ff-8608-4a78-8e39-2ee40e382389', '17de2820-8f37-4b00-8c83-bc873e068ec7', '19116dfb-4faf-46d5-af4c-f421b1dd04ec', false);
INSERT INTO art_ping.project_employee VALUES ('515e9c44-1bf9-4e78-9aaf-7f064bede44c', '17de2820-8f37-4b00-8c83-bc873e068ec7', '80a00422-f9d7-4880-9c8e-9945236e1624', false);
INSERT INTO art_ping.project_employee VALUES ('dd224606-a733-4a9b-8fb0-fde021a936cd', '17de2820-8f37-4b00-8c83-bc873e068ec7', 'ef1a352f-9385-48f8-8241-ac27542dc048', false);
INSERT INTO art_ping.project_employee VALUES ('c9809e91-8080-4f50-b5fb-1b2d58aceaac', '17de2820-8f37-4b00-8c83-bc873e068ec7', '40d2a24a-edc8-46b7-ad6d-c36ca3b9007f', false);
INSERT INTO art_ping.project_employee VALUES ('2e3f04bf-cd94-47b9-83ed-d00c7608bfcf', '17de2820-8f37-4b00-8c83-bc873e068ec7', 'a9d41662-5fbc-48d6-af6d-70bd1ccbf684', false);
INSERT INTO art_ping.project_employee VALUES ('18b8d5d6-3bc2-44b3-9877-9ead327f8d00', '17de2820-8f37-4b00-8c83-bc873e068ec7', 'cd84573a-92dd-4a0e-9fd1-b907e05e7821', false);
INSERT INTO art_ping.project_employee VALUES ('abeb2950-90f2-488a-aa4a-05c19f2b339a', '17de2820-8f37-4b00-8c83-bc873e068ec7', '80eb122f-e58e-4ee6-8ca9-7ec1ceb245d0', false);
INSERT INTO art_ping.project_employee VALUES ('62c43830-b5db-49e8-9dc4-de8e58ae879a', '17de2820-8f37-4b00-8c83-bc873e068ec7', 'ad128cfd-07db-4120-8966-1b8f5eb8c861', false);
INSERT INTO art_ping.project VALUES ('58f54a86-f6a7-4f0b-9170-c69eea5e1099', 'project3', true);
INSERT INTO art_ping.project_employee VALUES ('8ff116ba-279e-4e37-ba70-a640e518f3a8', '58f54a86-f6a7-4f0b-9170-c69eea5e1099', '229d920e-cf5b-4dfb-a8eb-29e6a6c8068f', false);
INSERT INTO art_ping.project_employee VALUES ('cf51fe27-f550-4fc8-b09e-0f0ecdcb71a9', '58f54a86-f6a7-4f0b-9170-c69eea5e1099', '8b18feb9-b326-47d7-b4b4-99e86b5d3642', false);
INSERT INTO art_ping.project_employee VALUES ('4a99b1d0-2e1c-40c7-a89a-ce69bc80fb37', '58f54a86-f6a7-4f0b-9170-c69eea5e1099', '2a2af232-b498-4a4b-9603-c749f89df339', false);
INSERT INTO art_ping.project_employee VALUES ('e7839549-7a5c-46d3-8c14-afeea3fe4640', '58f54a86-f6a7-4f0b-9170-c69eea5e1099', '5b1aea66-ceef-4316-9677-23ec2cd167f3', false);
INSERT INTO art_ping.project_employee VALUES ('1431f165-926f-4757-a69d-805f199d5572', '58f54a86-f6a7-4f0b-9170-c69eea5e1099', '7935e512-2d6f-486f-96f6-3209b563c670', false);
INSERT INTO art_ping.project_employee VALUES ('5d12eda3-9ced-4aea-b2e3-85c3566a5a09', '58f54a86-f6a7-4f0b-9170-c69eea5e1099', '66cf2e59-f3fb-4523-a071-f700fb2eed5a', false);
INSERT INTO art_ping.project_employee VALUES ('07151659-7797-468c-b655-4c57712d6a32', '58f54a86-f6a7-4f0b-9170-c69eea5e1099', 'b70cb7b9-8833-4606-8d56-867a01e2c56c', false);
INSERT INTO art_ping.project_employee VALUES ('179fbbfe-b951-4946-b977-f9f7a0ce73df', '58f54a86-f6a7-4f0b-9170-c69eea5e1099', '51fb2ac4-8ba7-4194-b5f5-36972508e6de', false);
INSERT INTO art_ping.project_employee VALUES ('2840cef1-58a8-4a09-bb3b-67a92c69586d', '58f54a86-f6a7-4f0b-9170-c69eea5e1099', '17a42ec3-3aa2-4783-91f1-8c039ee36acb', false);
INSERT INTO art_ping.project_employee VALUES ('f32bdc9e-59c2-448f-bcbe-93c3ed10df9d', '58f54a86-f6a7-4f0b-9170-c69eea5e1099', '3a538874-0fd8-4eef-b294-831512cb6b43', false);
INSERT INTO art_ping.project_employee VALUES ('1e5ad145-8dc0-44ce-9335-5dd51f0ca87d', '58f54a86-f6a7-4f0b-9170-c69eea5e1099', '528a7e66-23dc-4e86-a30f-9ec391dc3143', false);
INSERT INTO art_ping.project_employee VALUES ('656925ec-96d8-4b54-b45f-afea59b789b2', '58f54a86-f6a7-4f0b-9170-c69eea5e1099', '8287baf5-4067-4c65-9264-fe5793108fda', false);
INSERT INTO art_ping.project_employee VALUES ('e65c6340-2cc3-43eb-935b-34bc5cf884e2', '58f54a86-f6a7-4f0b-9170-c69eea5e1099', 'df1c1f90-b73e-4ab9-8dde-4101ce4f40a6', false);
INSERT INTO art_ping.project_employee VALUES ('63d36582-9cdd-42c6-8e35-93fdad7fee50', '58f54a86-f6a7-4f0b-9170-c69eea5e1099', 'a3c277aa-71bb-4224-8d59-940803715ffa', false);
INSERT INTO art_ping.project_employee VALUES ('41deef7a-b205-47af-94d1-9c1fb0a63f2d', '58f54a86-f6a7-4f0b-9170-c69eea5e1099', 'c596a3e1-c4d2-4fd9-8b80-226244975170', false);
INSERT INTO art_ping.project_employee VALUES ('8d787a89-ccae-42bb-89b6-f60f665d9350', '58f54a86-f6a7-4f0b-9170-c69eea5e1099', '0a3b8e15-0aa8-4fce-ba52-a3b788c5ba3f', false);
INSERT INTO art_ping.project_employee VALUES ('558a559b-b9ba-4350-a566-80260914aec0', '58f54a86-f6a7-4f0b-9170-c69eea5e1099', 'd4b8749a-e95d-4de4-9267-ed7b45510d0f', false);
INSERT INTO art_ping.project_employee VALUES ('5b0661ef-0269-42f8-b539-0f4a7f0b9fd3', '58f54a86-f6a7-4f0b-9170-c69eea5e1099', '9953c3ef-a760-45f0-b380-448c9d14a3eb', false);
INSERT INTO art_ping.project VALUES ('2e466375-376b-4f1e-90fa-9e0e7dd0971f', 'project4', true);
INSERT INTO art_ping.project_employee VALUES ('5af018fb-a9db-4dc1-bfa9-c3c845530159', '2e466375-376b-4f1e-90fa-9e0e7dd0971f', 'e3453ceb-3aec-48b8-9376-a52af08e7111', false);
INSERT INTO art_ping.project_employee VALUES ('699fe235-5417-4e57-9edc-476baa1424ed', '2e466375-376b-4f1e-90fa-9e0e7dd0971f', 'f36f6161-6920-456f-8932-312679f02ff0', false);
INSERT INTO art_ping.project_employee VALUES ('d39b6bd3-1622-43e7-80f9-b3ceb1d148dc', '2e466375-376b-4f1e-90fa-9e0e7dd0971f', 'ef7966d0-b3aa-4f46-a659-7441d0f1c60f', false);
INSERT INTO art_ping.project_employee VALUES ('9eb210e8-4d0a-4c5d-982c-bb20dc766a43', '2e466375-376b-4f1e-90fa-9e0e7dd0971f', '683a6a5f-6718-486b-9736-ad722ff6570d', false);
INSERT INTO art_ping.project_employee VALUES ('ef53d886-1795-4b01-ac3a-b8401a3ba6e3', '2e466375-376b-4f1e-90fa-9e0e7dd0971f', 'd4e0fce8-0226-4516-afa3-243214ffa105', false);
INSERT INTO art_ping.project_employee VALUES ('4992a38b-5839-4d20-9349-10ec9e280b12', '2e466375-376b-4f1e-90fa-9e0e7dd0971f', '1fb437d1-aaee-4ed1-bb2c-362b015589fd', false);
INSERT INTO art_ping.project VALUES ('02b4b748-4122-40bb-8402-22767609a3ba', 'project5', true);
INSERT INTO art_ping.project_employee VALUES ('b61feb94-6ead-4bcf-9dcc-d42f47f24e0d', '02b4b748-4122-40bb-8402-22767609a3ba', '1b23321d-fad1-477f-92d5-df44df9dfecd', false);
INSERT INTO art_ping.project_employee VALUES ('2920ed13-9d47-457f-b9e7-5fded26139d9', '02b4b748-4122-40bb-8402-22767609a3ba', '3e851127-afa8-449b-8908-c7912137d368', false);
INSERT INTO art_ping.project_employee VALUES ('0d261500-495f-4ab8-a5e9-09d6b764bfbf', '02b4b748-4122-40bb-8402-22767609a3ba', '6b8f564e-b5dd-4c1b-9247-c9e26da5762c', false);
INSERT INTO art_ping.project_employee VALUES ('513f4e3c-604c-4f90-a7e2-4fc7628ce8c0', '02b4b748-4122-40bb-8402-22767609a3ba', '7ff2ef7f-a10a-4b04-9df4-425dbe96e240', false);
INSERT INTO art_ping.project_employee VALUES ('a6d82c69-d93d-4bc0-ac5e-c28709ca916f', '02b4b748-4122-40bb-8402-22767609a3ba', '5ec97d35-2d20-4b14-9e4e-b3937580b7ae', false);
INSERT INTO art_ping.project_employee VALUES ('33f54ce5-b89f-4194-afd5-b67368118691', '02b4b748-4122-40bb-8402-22767609a3ba', '95ab0c6e-bcd2-4038-86ad-9f7fa7293f10', false);
INSERT INTO art_ping.project_employee VALUES ('53f7a150-c845-41a6-8dd3-43899e260655', '02b4b748-4122-40bb-8402-22767609a3ba', 'bc4327db-c687-4933-88b6-ad9f0074ae49', false);
INSERT INTO art_ping.project_employee VALUES ('f149de18-3028-48d4-8691-fab2f10b9f27', '02b4b748-4122-40bb-8402-22767609a3ba', 'ef1a352f-9385-48f8-8241-ac27542dc048', false);
INSERT INTO art_ping.project_employee VALUES ('c41b9acd-76b0-44f6-92e9-79b08152d1ba', '02b4b748-4122-40bb-8402-22767609a3ba', '35af698d-59f4-4fb5-b154-07310af46e3d', false);
INSERT INTO art_ping.project_employee VALUES ('be81c7e9-ea13-493c-85b1-e76532129228', '02b4b748-4122-40bb-8402-22767609a3ba', '1c6946f8-db90-43be-ba89-475260fb7289', false);
INSERT INTO art_ping.project_employee VALUES ('86e06d18-b092-4032-8d99-2172125d22f7', '02b4b748-4122-40bb-8402-22767609a3ba', '9ffecabc-43e0-4fba-88df-d90801b4c44e', false);
INSERT INTO art_ping.project_employee VALUES ('ad471cdb-73e7-4ee7-a51d-889c34d51853', '02b4b748-4122-40bb-8402-22767609a3ba', '4dc1adf7-49f7-45d6-a918-e955b4da7dbd', false);
INSERT INTO art_ping.project_employee VALUES ('3b48bc33-5af7-4fdb-9899-f339e0a6db0c', '02b4b748-4122-40bb-8402-22767609a3ba', '9953c3ef-a760-45f0-b380-448c9d14a3eb', false);
INSERT INTO art_ping.project VALUES ('252c2dd6-9222-49b5-bf3a-6b7d16c95778', 'project6', true);
INSERT INTO art_ping.project_employee VALUES ('0efe3509-5462-4ea0-a59b-0ad9bfb17320', '252c2dd6-9222-49b5-bf3a-6b7d16c95778', 'b8057b88-4972-4f3c-8d60-b2820094783d', false);
INSERT INTO art_ping.project_employee VALUES ('db2d7993-2c10-4a4f-a300-5021d18f1692', '252c2dd6-9222-49b5-bf3a-6b7d16c95778', '20b3ccfd-5ab0-4f4c-814e-830f32b570ff', false);
INSERT INTO art_ping.project_employee VALUES ('ea40cc3b-748f-439a-84ce-3350b58ae8e5', '252c2dd6-9222-49b5-bf3a-6b7d16c95778', '5e51929f-4682-4bed-be25-0b205fd4c44b', false);
INSERT INTO art_ping.project_employee VALUES ('ac4f930e-4788-4bd4-bfe3-b33e0b5bc814', '252c2dd6-9222-49b5-bf3a-6b7d16c95778', '8b0cf62b-565c-4ce2-8b86-343e96db374d', false);
INSERT INTO art_ping.project_employee VALUES ('f7f98372-6134-4ec2-a8aa-b6686e0e4111', '252c2dd6-9222-49b5-bf3a-6b7d16c95778', 'fdcb8726-41c4-4ce5-8310-f8cbbc5216fe', false);
INSERT INTO art_ping.project_employee VALUES ('25fa79e9-2b05-443c-8a59-e2b3b9ae9d27', '252c2dd6-9222-49b5-bf3a-6b7d16c95778', '471a103a-faff-493e-8d0a-299e388cbb2d', false);
INSERT INTO art_ping.project_employee VALUES ('9dc52ec8-8e68-4d73-af03-b98416908b22', '252c2dd6-9222-49b5-bf3a-6b7d16c95778', 'a9d41662-5fbc-48d6-af6d-70bd1ccbf684', false);
INSERT INTO art_ping.project_employee VALUES ('0d94a1fd-44a8-41d0-9bcb-f15a086d0184', '252c2dd6-9222-49b5-bf3a-6b7d16c95778', '7083f3b6-efe4-4bc7-af43-8e7df200936b', false);
INSERT INTO art_ping.project_employee VALUES ('d67d2e49-018b-46de-ad4b-10b8cb966748', '252c2dd6-9222-49b5-bf3a-6b7d16c95778', '4e83edd3-48d5-465e-9547-0f04d540e74e', false);
INSERT INTO art_ping.project_employee VALUES ('434892e5-8da0-487e-8a3f-96dbb7fca9a9', '252c2dd6-9222-49b5-bf3a-6b7d16c95778', 'f4a19dcf-51f6-4782-9969-1c0850f2fa41', false);
INSERT INTO art_ping.project_employee VALUES ('507b70b3-cfbc-4d04-acbd-e502283417db', '252c2dd6-9222-49b5-bf3a-6b7d16c95778', '9f62c00b-5934-40d2-91b7-231cf0b8da2f', false);
INSERT INTO art_ping.project_employee VALUES ('c7ed1eef-1920-4451-a3bc-e1d0abb1603a', '252c2dd6-9222-49b5-bf3a-6b7d16c95778', '0d9be05f-494f-4ea6-aa20-04cb47089c46', false);
INSERT INTO art_ping.project_employee VALUES ('868da7ff-a6cd-4afd-b2fa-c614a455a558', '252c2dd6-9222-49b5-bf3a-6b7d16c95778', '095c0867-62f2-4fa5-b8f3-a87bb561be75', false);
INSERT INTO art_ping.project_employee VALUES ('b1bde011-7302-48fd-a6bb-4d65326dcf25', '252c2dd6-9222-49b5-bf3a-6b7d16c95778', '120e9abf-1fc2-4c79-a365-77e49a1f76ed', false);
INSERT INTO art_ping.project_employee VALUES ('a23615d9-313f-4745-8904-715ba1906c09', '252c2dd6-9222-49b5-bf3a-6b7d16c95778', '80544bcc-4286-4ed6-8981-323152036cde', false);
INSERT INTO art_ping.project VALUES ('0aa162a4-41a8-46a2-9972-d8558e80c349', 'project7', true);
INSERT INTO art_ping.project_employee VALUES ('a8cd1e85-dab2-4ee5-a34a-70d579e58c4a', '0aa162a4-41a8-46a2-9972-d8558e80c349', '3445bdb6-72e9-4dc4-ad8a-508eecf56808', false);
INSERT INTO art_ping.project_employee VALUES ('127f0084-0fd3-4d72-bca9-0cd28025db10', '0aa162a4-41a8-46a2-9972-d8558e80c349', 'd82f685e-e42e-4d93-be51-4b4de7ba08d5', false);
INSERT INTO art_ping.project_employee VALUES ('7a7b3720-9338-4262-b450-9f5e22964e6e', '0aa162a4-41a8-46a2-9972-d8558e80c349', '64c36331-ea6d-404d-8700-a33e9af74a36', false);
INSERT INTO art_ping.project_employee VALUES ('5b50fd96-3c15-41ca-b5ab-16ced7691c08', '0aa162a4-41a8-46a2-9972-d8558e80c349', '8e90628d-a25d-4018-bb9e-80ca5aab4945', false);
INSERT INTO art_ping.project_employee VALUES ('cbd28e99-0df2-4acb-93fc-5194c765cb19', '0aa162a4-41a8-46a2-9972-d8558e80c349', 'd13bf3ab-0c22-427c-98a6-97b733ab7813', false);
INSERT INTO art_ping.project_employee VALUES ('e4ef9cdd-677b-4a97-ae02-4582e9d6c545', '0aa162a4-41a8-46a2-9972-d8558e80c349', '48d4ffc3-a456-41c2-9923-82289f2b4e86', false);
INSERT INTO art_ping.project_employee VALUES ('65e3fb70-0a8c-403f-b9f3-5a0761b596da', '0aa162a4-41a8-46a2-9972-d8558e80c349', 'bc4327db-c687-4933-88b6-ad9f0074ae49', false);
INSERT INTO art_ping.project_employee VALUES ('d5bf3a71-d223-4032-9908-5823aa7cd80f', '0aa162a4-41a8-46a2-9972-d8558e80c349', 'ef15254f-a4cf-4eea-bcd8-6498dd842f78', false);
INSERT INTO art_ping.project_employee VALUES ('6b29609b-a526-4e01-9a00-d89397e6a224', '0aa162a4-41a8-46a2-9972-d8558e80c349', '9156f9a1-04af-4de0-93d1-bea2aacb4812', false);
INSERT INTO art_ping.project_employee VALUES ('5dfc15c1-e299-463b-8e6a-b5797c709246', '0aa162a4-41a8-46a2-9972-d8558e80c349', '20bb3776-2233-4d9f-92c7-d6de53f0ebd4', false);
INSERT INTO art_ping.project_employee VALUES ('90b4b190-9aa9-4723-9351-d2ffc290f8d4', '0aa162a4-41a8-46a2-9972-d8558e80c349', '3b2a40d0-1670-4a18-940d-bd37a4123361', false);
INSERT INTO art_ping.project_employee VALUES ('8244ec37-90df-4190-a169-0c6335b1b80a', '0aa162a4-41a8-46a2-9972-d8558e80c349', '39837db2-6091-44d6-8a0e-351350a14453', false);
INSERT INTO art_ping.project_employee VALUES ('ac05535a-ac8f-4b55-8ef1-4a35b66b9f8f', '0aa162a4-41a8-46a2-9972-d8558e80c349', 'bb8f3b0c-32a9-466a-be09-949ec786b922', false);
INSERT INTO art_ping.project_employee VALUES ('8119a79f-a0d1-491c-bbbb-2e8472729d35', '0aa162a4-41a8-46a2-9972-d8558e80c349', '5a7f29f2-c165-4475-af5c-0c41a0d9b49a', false);
INSERT INTO art_ping.project_employee VALUES ('6f812574-eb28-4a6c-b574-250f255ce9f7', '0aa162a4-41a8-46a2-9972-d8558e80c349', 'b0c8fccb-e7fe-4566-97d9-a330a8d0db10', false);
INSERT INTO art_ping.project_employee VALUES ('b6bbdfd7-826f-45de-aa1e-4ab839e98416', '0aa162a4-41a8-46a2-9972-d8558e80c349', '6af70ce3-be0a-4b67-90f8-5d03b9250dff', false);
INSERT INTO art_ping.project VALUES ('8bfbd646-d054-4a26-bea3-9d1e8559609c', 'project8', true);
INSERT INTO art_ping.project_employee VALUES ('641e0d31-7c8f-4556-8e7e-2af5fc0da58f', '8bfbd646-d054-4a26-bea3-9d1e8559609c', 'c4cf25c7-892f-4c17-92aa-2d710ec324c9', false);
INSERT INTO art_ping.project_employee VALUES ('c27846e0-0895-49e4-ae54-b9f3ef798c0c', '8bfbd646-d054-4a26-bea3-9d1e8559609c', '6691d92b-988c-41b3-80bb-2ef834ae0adf', false);
INSERT INTO art_ping.project_employee VALUES ('91946df3-4a03-4ef6-bf3a-fea0bf98a514', '8bfbd646-d054-4a26-bea3-9d1e8559609c', '715f1eee-07f4-4b3f-99a8-2d7fb649c94f', false);
INSERT INTO art_ping.project_employee VALUES ('3c1ca594-bf09-4967-a12c-c445bee99343', '8bfbd646-d054-4a26-bea3-9d1e8559609c', '91350f6c-a83f-47aa-a7bb-619df748a2d4', false);
INSERT INTO art_ping.project_employee VALUES ('413dcf89-02c0-48dd-b778-ed286c5e80bd', '8bfbd646-d054-4a26-bea3-9d1e8559609c', '3be56123-31bd-40a2-bafb-c43b6717d638', false);
INSERT INTO art_ping.project_employee VALUES ('11499b6f-6a53-499b-a898-ab7d82708e23', '8bfbd646-d054-4a26-bea3-9d1e8559609c', 'bd32c8d1-6aef-441b-bbb2-0bda4758f204', false);
INSERT INTO art_ping.project_employee VALUES ('7d101339-6372-4343-9acc-6fb077bc2e92', '8bfbd646-d054-4a26-bea3-9d1e8559609c', 'ef25260d-3eb8-4893-8fe8-3e51ca329be8', false);
INSERT INTO art_ping.project VALUES ('f3433144-b1da-45b6-ba24-face034e0866', 'project9', true);
INSERT INTO art_ping.project_employee VALUES ('f1b825a1-0713-4362-a809-8aa412872024', 'f3433144-b1da-45b6-ba24-face034e0866', '188b1861-cfdc-4061-b923-989f1c7a980f', false);
INSERT INTO art_ping.project_employee VALUES ('8972cb9e-e1d4-4601-8090-fe42b41a9076', 'f3433144-b1da-45b6-ba24-face034e0866', '3caacf5d-2a9e-4b36-8fa2-b3a5303147fa', false);
INSERT INTO art_ping.project_employee VALUES ('621900fa-1137-4135-a7ad-a7a48712e66a', 'f3433144-b1da-45b6-ba24-face034e0866', '535b7d85-758b-4d74-aa39-21d17204611b', false);
INSERT INTO art_ping.project_employee VALUES ('5c15e8fc-1b36-4565-aa41-d3b5e2fd6feb', 'f3433144-b1da-45b6-ba24-face034e0866', 'd6b2e235-5572-40f7-a821-1c3ed79fed56', false);
INSERT INTO art_ping.project_employee VALUES ('9f026b72-17e7-4f1a-958f-5c5fdb10683c', 'f3433144-b1da-45b6-ba24-face034e0866', '683a6a5f-6718-486b-9736-ad722ff6570d', false);
INSERT INTO art_ping.project_employee VALUES ('6139217f-ad67-4366-bae4-564ae879fa0f', 'f3433144-b1da-45b6-ba24-face034e0866', 'c1bbc082-5ce3-4228-8c49-4d89cf9533d9', false);
INSERT INTO art_ping.project_employee VALUES ('a7cd7b6c-1864-45e1-bd39-bc6a77f22104', 'f3433144-b1da-45b6-ba24-face034e0866', 'c84f3467-7521-484e-8729-efc7fc54df7a', false);
INSERT INTO art_ping.project_employee VALUES ('55b73a8d-b659-410a-9249-fc31cdcbb587', 'f3433144-b1da-45b6-ba24-face034e0866', '7a0bd403-efb2-4cce-b55d-4b906dcb50b0', false);
INSERT INTO art_ping.project_employee VALUES ('915220b0-4f1a-4f8b-90ad-3027b5dd5fce', 'f3433144-b1da-45b6-ba24-face034e0866', '0d9be05f-494f-4ea6-aa20-04cb47089c46', false);
INSERT INTO art_ping.project_employee VALUES ('8841c249-490e-4928-8c44-6187adc48950', 'f3433144-b1da-45b6-ba24-face034e0866', '3400cb43-b4af-4210-8419-dabf67659cd7', false);
INSERT INTO art_ping.project_employee VALUES ('84629bc7-ecde-4094-b5fd-5a9395cad44e', 'f3433144-b1da-45b6-ba24-face034e0866', '7935e512-2d6f-486f-96f6-3209b563c670', false);
INSERT INTO art_ping.project_employee VALUES ('8dfc9902-cec1-49aa-b3e8-63207c8d710d', 'f3433144-b1da-45b6-ba24-face034e0866', 'b70cb7b9-8833-4606-8d56-867a01e2c56c', false);
INSERT INTO art_ping.project_employee VALUES ('c8e168bf-490f-437c-8337-703dd47777a2', 'f3433144-b1da-45b6-ba24-face034e0866', 'c596a3e1-c4d2-4fd9-8b80-226244975170', false);
INSERT INTO art_ping.project VALUES ('c4e41b29-78a8-4dbd-ad8c-df44f19dac7b', 'project10', true);
INSERT INTO art_ping.project_employee VALUES ('55d4f118-6c07-4fa4-b5e4-d316f62a2aab', 'c4e41b29-78a8-4dbd-ad8c-df44f19dac7b', '01d00aa2-994c-4edb-9f87-774146e9e864', false);
INSERT INTO art_ping.project_employee VALUES ('8d9bd7df-2fb7-4a92-ac50-e7c203ff9f87', 'c4e41b29-78a8-4dbd-ad8c-df44f19dac7b', '6d24c921-23fe-4984-915f-d82336434a9c', false);
INSERT INTO art_ping.project_employee VALUES ('e3b4076e-07a5-41f3-ab94-03cd5a79aa0b', 'c4e41b29-78a8-4dbd-ad8c-df44f19dac7b', 'f3cceaa9-60b8-4d73-8392-eba7eb26d380', false);
INSERT INTO art_ping.project_employee VALUES ('5e63ea88-58a9-49aa-bbc3-87da0e3d498e', 'c4e41b29-78a8-4dbd-ad8c-df44f19dac7b', '62fcf142-7cf8-4257-80ef-b43137c8dbd2', false);
INSERT INTO art_ping.project VALUES ('b0cb7276-1f1b-4e76-a916-69059b3fb803', 'project11', true);
INSERT INTO art_ping.project_employee VALUES ('93e465f4-237a-4b88-a2d1-6b1706cb9782', 'b0cb7276-1f1b-4e76-a916-69059b3fb803', '5e51929f-4682-4bed-be25-0b205fd4c44b', false);
INSERT INTO art_ping.project_employee VALUES ('e97172fa-b2e4-43ac-8706-080beb2a8b08', 'b0cb7276-1f1b-4e76-a916-69059b3fb803', 'd26bf81b-cb46-448c-8011-1909509433d6', false);
INSERT INTO art_ping.project_employee VALUES ('17c9d803-8e75-4428-be17-ad87ec83c983', 'b0cb7276-1f1b-4e76-a916-69059b3fb803', '5895a739-710b-42c6-a590-43412f4df365', false);
INSERT INTO art_ping.project_employee VALUES ('aa027ca2-f184-4b73-a205-70c3ff8a5ff4', 'b0cb7276-1f1b-4e76-a916-69059b3fb803', 'ee6e51f7-4879-4bc5-a8b5-e38b8f0eebe1', false);
INSERT INTO art_ping.project_employee VALUES ('f94962ce-c064-43f9-a94e-b96ff21665c7', 'b0cb7276-1f1b-4e76-a916-69059b3fb803', 'ecff3071-8e08-4773-b824-cefc3f98780d', false);
INSERT INTO art_ping.project_employee VALUES ('805c84a3-7389-4c30-8228-f70f0de17455', 'b0cb7276-1f1b-4e76-a916-69059b3fb803', '8e42298b-4598-4e97-90dd-e2a2a7ff6b9f', false);
INSERT INTO art_ping.project_employee VALUES ('2c9c0f77-6b6a-4cac-93e9-675ded869b49', 'b0cb7276-1f1b-4e76-a916-69059b3fb803', 'b8d59533-9f55-4532-a791-b913d6399661', false);
INSERT INTO art_ping.project_employee VALUES ('74221a86-b4b8-4ecc-9ce1-2c97333c18db', 'b0cb7276-1f1b-4e76-a916-69059b3fb803', '3d9ac511-8d2a-40ec-aa7a-043b6a736119', false);
INSERT INTO art_ping.project_employee VALUES ('8c1af6a0-46c0-4551-9d35-67fac7c4031b', 'b0cb7276-1f1b-4e76-a916-69059b3fb803', '4e877079-8463-403d-8b7f-aabde8b63d16', false);
INSERT INTO art_ping.project_employee VALUES ('f1adf16d-5e12-423e-9d77-c4adde47235d', 'b0cb7276-1f1b-4e76-a916-69059b3fb803', '6671d797-3b4a-4ba1-916f-97e2ec2fec0b', false);
INSERT INTO art_ping.project_employee VALUES ('67cb5fdb-e30f-49bd-8c69-9244b62f1132', 'b0cb7276-1f1b-4e76-a916-69059b3fb803', '4d4b1ea2-8b1c-4446-82e5-796ab32e5d09', false);
INSERT INTO art_ping.project_employee VALUES ('7789dc08-f3d2-425c-a129-936da7505e93', 'b0cb7276-1f1b-4e76-a916-69059b3fb803', '47ce1e37-e6ee-4e8d-9de8-6d2ee8835dcf', false);
INSERT INTO art_ping.project_employee VALUES ('d01f0fa9-bd5a-412d-98a3-8b8ad9b40424', 'b0cb7276-1f1b-4e76-a916-69059b3fb803', '3be25b04-dc02-490e-bc1d-1a68adc1fe5f', false);
INSERT INTO art_ping.project VALUES ('9bcdc834-9ca0-4ce4-801e-e06f6920a0cf', 'project12', true);
INSERT INTO art_ping.project_employee VALUES ('0a5ba9ed-c52d-4f93-8de9-6f0382b08034', '9bcdc834-9ca0-4ce4-801e-e06f6920a0cf', 'f9019837-96ef-40c0-96e6-432357b2631a', false);
INSERT INTO art_ping.project_employee VALUES ('530f91f6-8ba3-4583-9494-44b70ce094b2', '9bcdc834-9ca0-4ce4-801e-e06f6920a0cf', 'ce2fcf8b-9221-4c2e-b4f5-a4a8d891af42', false);
INSERT INTO art_ping.project_employee VALUES ('2859c700-db86-410b-a748-4ff2e85ab063', '9bcdc834-9ca0-4ce4-801e-e06f6920a0cf', '9b405656-6e10-4dd1-8397-999e319a030c', false);
INSERT INTO art_ping.project_employee VALUES ('e3c56d9d-c36a-47b5-9bbd-7547da2add6e', '9bcdc834-9ca0-4ce4-801e-e06f6920a0cf', '7bf9589d-3f5b-4251-95fa-912eed7a1001', false);
INSERT INTO art_ping.project_employee VALUES ('5a4806e2-e4ec-4418-a50e-4e746097bcef', '9bcdc834-9ca0-4ce4-801e-e06f6920a0cf', 'd6b2e235-5572-40f7-a821-1c3ed79fed56', false);
INSERT INTO art_ping.project_employee VALUES ('6a515f8f-976a-41cf-b0c8-958b5fd37adf', '9bcdc834-9ca0-4ce4-801e-e06f6920a0cf', 'a7a3b462-8533-4f6d-aad0-7f1e1fff2f19', false);
INSERT INTO art_ping.project_employee VALUES ('6c183e15-256d-4f9c-9da1-fc4bbbcf187b', '9bcdc834-9ca0-4ce4-801e-e06f6920a0cf', '0d9be05f-494f-4ea6-aa20-04cb47089c46', false);
INSERT INTO art_ping.project_employee VALUES ('ea67acd6-222f-4ed0-a8cd-67924bb93bd5', '9bcdc834-9ca0-4ce4-801e-e06f6920a0cf', '9866608c-4bcb-4214-bd85-81000287db57', false);
INSERT INTO art_ping.project_employee VALUES ('bb93a46e-e4a4-4c70-8204-9ff9eaab744a', '9bcdc834-9ca0-4ce4-801e-e06f6920a0cf', '5b1aea66-ceef-4316-9677-23ec2cd167f3', false);
INSERT INTO art_ping.project_employee VALUES ('a61a0e6b-4f85-4f35-8f69-080c3c70a4a1', '9bcdc834-9ca0-4ce4-801e-e06f6920a0cf', 'a7009616-fd86-4ae9-bf30-de17064b6f72', false);
INSERT INTO art_ping.project_employee VALUES ('28b34e3b-9384-48dd-9e1b-3c5664b249a7', '9bcdc834-9ca0-4ce4-801e-e06f6920a0cf', '46c8fac7-2eba-4020-b709-cfe139759a0d', false);
INSERT INTO art_ping.project_employee VALUES ('9cc8aa67-ca00-46bf-b219-75e55b488a41', '9bcdc834-9ca0-4ce4-801e-e06f6920a0cf', 'd6034534-a8c2-46dd-bb1f-80911883501d', false);
INSERT INTO art_ping.project_employee VALUES ('37fff38f-8702-4c50-9517-e80e412e62c1', '9bcdc834-9ca0-4ce4-801e-e06f6920a0cf', '2a028a2d-1bd7-4a01-a444-b25a9a92853c', false);
INSERT INTO art_ping.project_employee VALUES ('1cca6770-e017-4508-b2dc-153dad66cac3', '9bcdc834-9ca0-4ce4-801e-e06f6920a0cf', '308ced5a-35ab-483f-ad1d-b705e7d67578', false);
INSERT INTO art_ping.project_employee VALUES ('4422c982-c9a9-4db8-a442-81a845fdcc71', '9bcdc834-9ca0-4ce4-801e-e06f6920a0cf', 'eed660b1-8ce6-4fbc-8b1a-102b691fbe78', false);
INSERT INTO art_ping.project_employee VALUES ('6ed3b2bc-ff9a-457e-a75a-552f229a5188', '9bcdc834-9ca0-4ce4-801e-e06f6920a0cf', 'bfce59ea-ee35-429a-8f21-43a5b18b601d', false);
INSERT INTO art_ping.project_employee VALUES ('2c671e27-f6fd-47b3-9dce-c3ebabb919d9', '9bcdc834-9ca0-4ce4-801e-e06f6920a0cf', '4fdce3b1-17f9-4ac2-ad87-e9725ecabca8', false);
INSERT INTO art_ping.project_employee VALUES ('6d469ad0-8d8e-4635-b3ef-29eab503dd93', '9bcdc834-9ca0-4ce4-801e-e06f6920a0cf', '47b6825b-171e-4f90-9288-c97daba27265', false);
INSERT INTO art_ping.project_employee VALUES ('a0bee792-2e8d-4c04-a5eb-a9c89ed7a3f2', '9bcdc834-9ca0-4ce4-801e-e06f6920a0cf', 'e981f520-5bec-4d2a-b07f-c9c4b3497b13', false);
INSERT INTO art_ping.project VALUES ('1e4762af-6b1f-4d2e-a616-a9fd364d515f', 'project13', true);
INSERT INTO art_ping.project_employee VALUES ('9e15a4b4-a221-4be1-b7a9-96e619da6a5f', '1e4762af-6b1f-4d2e-a616-a9fd364d515f', '8d716000-c4ea-4b70-bed8-2b14a47d9e16', false);
INSERT INTO art_ping.project_employee VALUES ('b0242660-ea24-42e4-8f88-65cae8a1eb96', '1e4762af-6b1f-4d2e-a616-a9fd364d515f', '41edc2a3-5f19-4c2e-8e4b-75a89d28bdea', false);
INSERT INTO art_ping.project_employee VALUES ('8116c261-297b-4d02-8944-51bddce25e28', '1e4762af-6b1f-4d2e-a616-a9fd364d515f', '0e56808e-1d78-4611-b873-0d2d75c33554', false);
INSERT INTO art_ping.project_employee VALUES ('0fdcb8e0-be6a-47d4-bbf5-ea2ef9050da6', '1e4762af-6b1f-4d2e-a616-a9fd364d515f', '63cce113-d103-45a1-8092-d837413e8f5d', false);
INSERT INTO art_ping.project_employee VALUES ('c3757fb0-e7cd-47d8-97a2-9fdcf4cf9fe3', '1e4762af-6b1f-4d2e-a616-a9fd364d515f', '715f1eee-07f4-4b3f-99a8-2d7fb649c94f', false);
INSERT INTO art_ping.project_employee VALUES ('a33c65dd-7428-4d25-b1e1-901f541b6a25', '1e4762af-6b1f-4d2e-a616-a9fd364d515f', '6ee424aa-e0f1-4a58-93ae-551f7892393b', false);
INSERT INTO art_ping.project_employee VALUES ('891ddf25-0ed8-455c-9d27-cfc68ce2511e', '1e4762af-6b1f-4d2e-a616-a9fd364d515f', 'b6563d74-1e2b-4bc2-9c0c-b418a628bb78', false);
INSERT INTO art_ping.project_employee VALUES ('40ce0147-2a4a-4da1-8385-5813451eadea', '1e4762af-6b1f-4d2e-a616-a9fd364d515f', '4dc1adf7-49f7-45d6-a918-e955b4da7dbd', false);
INSERT INTO art_ping.project VALUES ('8bf956da-09b4-4a49-af86-07ea396b7524', 'project14', true);
INSERT INTO art_ping.project_employee VALUES ('8b2f3b44-c4ce-4aa2-9e4a-474d7d576b50', '8bf956da-09b4-4a49-af86-07ea396b7524', '969f05c5-9197-4e39-8ae9-d81af37dd9a7', false);
INSERT INTO art_ping.project_employee VALUES ('68293cf5-6db9-4f7e-b966-00bfb6551239', '8bf956da-09b4-4a49-af86-07ea396b7524', '1d33ab56-e783-4cbc-8752-7dfa72ae233b', false);
INSERT INTO art_ping.project_employee VALUES ('98890c8c-832b-4b02-a076-155c9b15f158', '8bf956da-09b4-4a49-af86-07ea396b7524', '7d219817-34c8-4f18-a496-36979da27863', false);
INSERT INTO art_ping.project_employee VALUES ('346f5755-e9ef-41d3-a225-f89909b498cf', '8bf956da-09b4-4a49-af86-07ea396b7524', '2fecbc8b-3576-4283-84a2-b8b6b46c037b', false);
INSERT INTO art_ping.project_employee VALUES ('d2740cc8-8b99-4ffa-a6ba-f3f525368a46', '8bf956da-09b4-4a49-af86-07ea396b7524', 'f127662b-6eb0-47af-ab37-589932ceb498', false);
INSERT INTO art_ping.project_employee VALUES ('f629d38c-82ac-4f4a-b09e-4508d5a2609e', '8bf956da-09b4-4a49-af86-07ea396b7524', '120e9abf-1fc2-4c79-a365-77e49a1f76ed', false);
INSERT INTO art_ping.project_employee VALUES ('1ed33365-bfad-4df1-9ec1-e755ea5fc88f', '8bf956da-09b4-4a49-af86-07ea396b7524', '18ebec9b-6d09-4fa5-b6d7-817998f8dea7', false);
INSERT INTO art_ping.project VALUES ('d5bbdac6-1239-4b18-8598-2257e2c43d6f', 'project15', true);
INSERT INTO art_ping.project_employee VALUES ('e5c89d09-e604-434b-b73d-c24d607709d3', 'd5bbdac6-1239-4b18-8598-2257e2c43d6f', '813ef695-83a8-47f0-b648-96a0707d6d60', false);
INSERT INTO art_ping.project_employee VALUES ('af2855cc-6312-4671-b856-7e390344383c', 'd5bbdac6-1239-4b18-8598-2257e2c43d6f', '62fcf142-7cf8-4257-80ef-b43137c8dbd2', false);
INSERT INTO art_ping.project_employee VALUES ('6b03fc28-79af-4f45-98e3-2ca44ea484a4', 'd5bbdac6-1239-4b18-8598-2257e2c43d6f', '3d4f01e2-43dc-4c70-83cc-7cdb1f3df1eb', false);
INSERT INTO art_ping.project_employee VALUES ('c492e9ab-850e-4192-9754-787c48e3c4ac', 'd5bbdac6-1239-4b18-8598-2257e2c43d6f', 'b1081430-b743-4952-9920-746536d9b39b', false);
INSERT INTO art_ping.project_employee VALUES ('01a2011c-2246-405b-9453-dd6228b41c1c', 'd5bbdac6-1239-4b18-8598-2257e2c43d6f', '59ecffe2-a78d-4d3b-a20e-5b1360fb1749', false);
INSERT INTO art_ping.project_employee VALUES ('5abfbf8c-236e-4e17-87f3-b704fb1a2080', 'd5bbdac6-1239-4b18-8598-2257e2c43d6f', 'be36ac3d-6a67-478b-909c-3811de330c9a', false);
INSERT INTO art_ping.project_employee VALUES ('272662e1-7980-4222-8b28-fae927679c10', 'd5bbdac6-1239-4b18-8598-2257e2c43d6f', '2a2af232-b498-4a4b-9603-c749f89df339', false);
INSERT INTO art_ping.project VALUES ('cf086b9a-6161-44f3-835c-25f2042da5fb', 'project16', true);
INSERT INTO art_ping.project_employee VALUES ('3c94d92d-8fb1-444e-9166-c6a01e359701', 'cf086b9a-6161-44f3-835c-25f2042da5fb', '51c847b7-446c-4714-b4c2-bb66392b420b', false);
INSERT INTO art_ping.project_employee VALUES ('be2869b6-ffb3-454e-b37f-f17f84b5b9e7', 'cf086b9a-6161-44f3-835c-25f2042da5fb', '5c5fca0c-c39c-4fa6-8670-2bdd13273633', false);
INSERT INTO art_ping.project_employee VALUES ('b1668acc-3d89-45b9-b2ed-eaa5d03ac8cf', 'cf086b9a-6161-44f3-835c-25f2042da5fb', '35eea3b2-a3c0-4965-8160-e17ea8399ce0', false);
INSERT INTO art_ping.project_employee VALUES ('393f4bd2-7696-44c3-be07-a573b0480458', 'cf086b9a-6161-44f3-835c-25f2042da5fb', '414e27b4-2843-4d3e-9eae-445e2f70e098', false);
INSERT INTO art_ping.project_employee VALUES ('168bc92a-b5a7-4e61-bd42-93fd08726370', 'cf086b9a-6161-44f3-835c-25f2042da5fb', '71fc503c-3cc7-45b6-915d-77b2592dbb1c', false);
INSERT INTO art_ping.project_employee VALUES ('d0b2bc8f-3378-4c5f-bc01-ee1d2dc0804c', 'cf086b9a-6161-44f3-835c-25f2042da5fb', 'fcb8cfae-fc2f-4c8a-87aa-3b3d2c8a5880', false);
INSERT INTO art_ping.project_employee VALUES ('a543baa7-cf4e-413a-8eda-131d85d7d388', 'cf086b9a-6161-44f3-835c-25f2042da5fb', 'a9d41662-5fbc-48d6-af6d-70bd1ccbf684', false);
INSERT INTO art_ping.project_employee VALUES ('583e1b34-8a64-4141-81eb-3d6494e9c700', 'cf086b9a-6161-44f3-835c-25f2042da5fb', '452bb471-b605-431a-9c9f-c673b4fa099e', false);
INSERT INTO art_ping.project_employee VALUES ('478d43e6-43b5-42f3-9191-778e129e1d27', 'cf086b9a-6161-44f3-835c-25f2042da5fb', '4e83edd3-48d5-465e-9547-0f04d540e74e', false);
INSERT INTO art_ping.project_employee VALUES ('a4e0700e-0c09-49e7-a9d6-574e26db0940', 'cf086b9a-6161-44f3-835c-25f2042da5fb', 'b9044934-9dd7-4b46-9087-393232e50287', false);
INSERT INTO art_ping.project_employee VALUES ('4a2c7a7b-db46-49f8-add3-3c26673f2b97', 'cf086b9a-6161-44f3-835c-25f2042da5fb', 'dd37a8fa-7ce0-4b01-ba47-f2a8978f690d', false);
INSERT INTO art_ping.project_employee VALUES ('324f06ea-287d-4355-bd2a-e9858b68ed8f', 'cf086b9a-6161-44f3-835c-25f2042da5fb', '60914a01-1d88-4e5d-96dc-c31f3e6094e3', false);
INSERT INTO art_ping.project_employee VALUES ('943e8622-653a-49e4-bb6e-6440dedee47c', 'cf086b9a-6161-44f3-835c-25f2042da5fb', '81de19b3-4102-4be2-b92b-0f66fc0e3d16', false);
INSERT INTO art_ping.project_employee VALUES ('c9febdfb-2a44-4e13-bdca-7febbc0e04a6', 'cf086b9a-6161-44f3-835c-25f2042da5fb', 'd403c098-f9f8-470c-97eb-ac559d090fc5', false);
INSERT INTO art_ping.project_employee VALUES ('f5c4f525-493c-4633-a3ba-0fe80cd0c5a2', 'cf086b9a-6161-44f3-835c-25f2042da5fb', '998549e6-64c0-4eae-a2ce-e59c217f47bd', false);
INSERT INTO art_ping.project_employee VALUES ('a70f6c89-39b1-486f-9076-e65f00904c5a', 'cf086b9a-6161-44f3-835c-25f2042da5fb', '5a7f29f2-c165-4475-af5c-0c41a0d9b49a', false);
INSERT INTO art_ping.project_employee VALUES ('0aa1de88-7b70-4811-81cf-69525579b669', 'cf086b9a-6161-44f3-835c-25f2042da5fb', '53575704-25ba-4db4-ad32-e4be90469b7f', false);
INSERT INTO art_ping.project_employee VALUES ('c53c95a2-d644-489f-a447-81a621aa3913', 'cf086b9a-6161-44f3-835c-25f2042da5fb', '71b9601a-d1b9-401d-b260-35ca929bbeec', false);
INSERT INTO art_ping.project VALUES ('9b2a5b51-0a99-4ef0-bc38-9e0df981a285', 'project17', true);
INSERT INTO art_ping.project_employee VALUES ('f0b659f5-4962-48b6-9082-518a0fb50165', '9b2a5b51-0a99-4ef0-bc38-9e0df981a285', '0ef87a64-d84c-423a-b727-7f198f0a7d18', false);
INSERT INTO art_ping.project_employee VALUES ('3fb147a6-ebe4-4ffb-8d2e-cb5680df6c07', '9b2a5b51-0a99-4ef0-bc38-9e0df981a285', '3811cc7b-c6c2-437d-b64b-9afb49d8ad8d', false);
INSERT INTO art_ping.project_employee VALUES ('3cb581fc-2520-4203-a459-dbdeab9ef318', '9b2a5b51-0a99-4ef0-bc38-9e0df981a285', '50626407-8ca1-42e7-9771-61f5b2eccfea', false);
INSERT INTO art_ping.project_employee VALUES ('cecda73e-810e-4695-8452-0f0917431e80', '9b2a5b51-0a99-4ef0-bc38-9e0df981a285', 'ecff3071-8e08-4773-b824-cefc3f98780d', false);
INSERT INTO art_ping.project_employee VALUES ('3a39f0a2-717e-421b-9c9a-33628e8af71b', '9b2a5b51-0a99-4ef0-bc38-9e0df981a285', '475abc23-901a-43ed-be8b-ecb5ff7ac4c5', false);
INSERT INTO art_ping.project_employee VALUES ('3fea5dd1-2be2-469f-9345-7e7903b506e2', '9b2a5b51-0a99-4ef0-bc38-9e0df981a285', '1077b982-eb5d-48f5-89f7-50f6c6b9e973', false);
INSERT INTO art_ping.project_employee VALUES ('553ab639-bba0-41f9-86b1-9d70d4464ecc', '9b2a5b51-0a99-4ef0-bc38-9e0df981a285', '53fc0d4a-c909-4502-b70b-d2fcfa8bd8fb', false);
INSERT INTO art_ping.project_employee VALUES ('bc63b313-39e2-400e-8d5b-b34a11e4ad1c', '9b2a5b51-0a99-4ef0-bc38-9e0df981a285', 'f5a31b63-a644-4c75-9ada-c7cbd4725f43', false);
INSERT INTO art_ping.project_employee VALUES ('8f726f40-6019-4049-ba72-59691384dab4', '9b2a5b51-0a99-4ef0-bc38-9e0df981a285', 'fc80d3d5-13f2-4802-9d0f-ed66529758da', false);
INSERT INTO art_ping.project_employee VALUES ('fa4bb6ce-17f4-4b07-b92f-1aff1a4e434d', '9b2a5b51-0a99-4ef0-bc38-9e0df981a285', '735a9cac-c943-4560-99a5-c2778ed36806', false);
INSERT INTO art_ping.project_employee VALUES ('222adeb5-bd51-402f-99a6-9aa65a27129d', '9b2a5b51-0a99-4ef0-bc38-9e0df981a285', '80a00422-f9d7-4880-9c8e-9945236e1624', false);
INSERT INTO art_ping.project_employee VALUES ('06790123-28f3-44a7-92b1-27ac3cdfb7b7', '9b2a5b51-0a99-4ef0-bc38-9e0df981a285', '3f6ab95e-9529-4932-996b-26b5494d8518', false);
INSERT INTO art_ping.project_employee VALUES ('e8339eea-e4eb-4771-acfc-cfe4b4c176dd', '9b2a5b51-0a99-4ef0-bc38-9e0df981a285', '9418b71e-ddd0-40f6-b21c-08beb53b2d8f', false);
INSERT INTO art_ping.project_employee VALUES ('2ac0b9bf-8f0a-4f64-95b3-1a7079dfb9b1', '9b2a5b51-0a99-4ef0-bc38-9e0df981a285', '8b8926db-6dea-40e5-b8fd-579381501a21', false);
INSERT INTO art_ping.project_employee VALUES ('52a27df5-c6be-45cf-a211-475af1884e8a', '9b2a5b51-0a99-4ef0-bc38-9e0df981a285', '3666fedf-cdb0-49c8-83b8-728556b637ce', false);
INSERT INTO art_ping.project_employee VALUES ('e3f555a7-41e5-4573-80a8-b53d46f7ce15', '9b2a5b51-0a99-4ef0-bc38-9e0df981a285', 'd35a0470-b546-4205-8307-5d54da61b18d', false);
INSERT INTO art_ping.project VALUES ('a6b6cd70-48a8-42a2-955a-135d41d10206', 'project18', true);
INSERT INTO art_ping.project_employee VALUES ('61a026d6-05e3-4630-9fb0-c48fb9ae1825', 'a6b6cd70-48a8-42a2-955a-135d41d10206', 'd50a29c0-ef34-44a1-a19c-0889ca4a3ecd', false);
INSERT INTO art_ping.project_employee VALUES ('68b665ed-e826-4bf3-9d8a-14d674fcafbb', 'a6b6cd70-48a8-42a2-955a-135d41d10206', 'c4cf25c7-892f-4c17-92aa-2d710ec324c9', false);
INSERT INTO art_ping.project_employee VALUES ('13886e8a-3b81-4b0d-8685-be1f6bdaed46', 'a6b6cd70-48a8-42a2-955a-135d41d10206', '01133c1d-0029-463e-88df-5fafd35fcefe', false);
INSERT INTO art_ping.project_employee VALUES ('acc9fa4d-e8d9-4f3f-8c17-b2b415a4f25e', 'a6b6cd70-48a8-42a2-955a-135d41d10206', 'ef15254f-a4cf-4eea-bcd8-6498dd842f78', false);
INSERT INTO art_ping.project_employee VALUES ('f685c00d-a80d-4469-925f-78bf9e72764e', 'a6b6cd70-48a8-42a2-955a-135d41d10206', '07db2e4b-db75-4803-ae43-4f60fc25a1f8', false);
INSERT INTO art_ping.project_employee VALUES ('b4177451-a40c-4713-b1d7-17dc86513594', 'a6b6cd70-48a8-42a2-955a-135d41d10206', 'ce651c41-2f4f-4efa-90b6-0741cd1ae09d', false);
INSERT INTO art_ping.project_employee VALUES ('121b3bf2-c727-46b2-877c-6f8a9d281980', 'a6b6cd70-48a8-42a2-955a-135d41d10206', 'd4f81a01-d8a8-4620-9fa0-a863ffc0d9d7', false);
INSERT INTO art_ping.project_employee VALUES ('8225d754-d1ae-4e5b-9053-6d6dafab22f7', 'a6b6cd70-48a8-42a2-955a-135d41d10206', 'e4bd53af-629a-470c-b62f-59cec1997074', false);
INSERT INTO art_ping.project_employee VALUES ('aae70ce1-6711-4b7f-964d-ee678a94ebed', 'a6b6cd70-48a8-42a2-955a-135d41d10206', '19a3890b-44d6-43bd-b371-54060c6b5bd1', false);
INSERT INTO art_ping.project VALUES ('295eda71-e752-4ce8-952c-146bf59fb2b2', 'project19', true);
INSERT INTO art_ping.project_employee VALUES ('141d0d55-4531-44ae-8100-24f32ca2a1a2', '295eda71-e752-4ce8-952c-146bf59fb2b2', '009733eb-8522-45ab-b5ec-0144d9658abc', false);
INSERT INTO art_ping.project_employee VALUES ('bc1a2cd5-f7e6-47a8-92a3-4bc5fefc0c63', '295eda71-e752-4ce8-952c-146bf59fb2b2', '33dfdf17-ad6b-4f18-9ce2-d1fce01adf7e', false);
INSERT INTO art_ping.project_employee VALUES ('b7ac9949-a1fd-4468-bc63-2da762f0131f', '295eda71-e752-4ce8-952c-146bf59fb2b2', '2702af20-e90e-4f75-9325-a90528f21be1', false);
INSERT INTO art_ping.project_employee VALUES ('8e9a21c6-3a1e-4d1e-af45-97335f56df47', '295eda71-e752-4ce8-952c-146bf59fb2b2', '81c5a992-a2c5-4e8a-86bf-284227c34b96', false);
INSERT INTO art_ping.project_employee VALUES ('2aee064d-5d35-4d57-9410-357bc4e0facb', '295eda71-e752-4ce8-952c-146bf59fb2b2', 'f1390d56-a7f9-4ed6-a315-8e5d3128590e', false);
INSERT INTO art_ping.project_employee VALUES ('91676f80-90ff-4bc9-b629-9f5215881ff8', '295eda71-e752-4ce8-952c-146bf59fb2b2', '76db39d9-b2ab-470a-af66-04427497d652', false);
INSERT INTO art_ping.project_employee VALUES ('5b863d6b-995a-420c-80b5-50164e30d12f', '295eda71-e752-4ce8-952c-146bf59fb2b2', '48d4ffc3-a456-41c2-9923-82289f2b4e86', false);
INSERT INTO art_ping.project_employee VALUES ('92fa3f83-651b-4bd6-b486-a61e2da16c3b', '295eda71-e752-4ce8-952c-146bf59fb2b2', '720c96be-e9a2-427b-9798-a2875c823a86', false);
INSERT INTO art_ping.project_employee VALUES ('13f5b8cc-d2f7-4276-a9c2-8c9e8b3055f4', '295eda71-e752-4ce8-952c-146bf59fb2b2', '9a2c2d3e-8742-427a-b85c-a6c064010cfb', false);
INSERT INTO art_ping.project_employee VALUES ('9e677179-733e-4e04-9272-99c196f0fd2d', '295eda71-e752-4ce8-952c-146bf59fb2b2', '8c3502ea-6671-40cf-bf16-8099fb77f8ca', false);
INSERT INTO art_ping.project_employee VALUES ('e28f051d-ac45-43cf-9355-c4a4b6eaebff', '295eda71-e752-4ce8-952c-146bf59fb2b2', 'fb9b03c8-a286-4686-a803-7019361ef031', false);
INSERT INTO art_ping.project_employee VALUES ('93e42dd6-0b4c-43ed-9229-c65c42ff1e29', '295eda71-e752-4ce8-952c-146bf59fb2b2', 'ebe345b1-8695-49eb-ae32-d301489c4434', false);
INSERT INTO art_ping.project_employee VALUES ('b7a67c59-9e0c-4360-8b80-619eb9837baa', '295eda71-e752-4ce8-952c-146bf59fb2b2', '3d4f01e2-43dc-4c70-83cc-7cdb1f3df1eb', false);
INSERT INTO art_ping.project_employee VALUES ('edb845f0-e942-412c-918b-fa6b9b3457e1', '295eda71-e752-4ce8-952c-146bf59fb2b2', 'bb8f3b0c-32a9-466a-be09-949ec786b922', false);
INSERT INTO art_ping.project_employee VALUES ('ecb6bbb2-661b-4d55-a734-882e2b06a99a', '295eda71-e752-4ce8-952c-146bf59fb2b2', '8a88b32e-fc57-48e4-ba53-671bd073ed6c', false);
INSERT INTO art_ping.project VALUES ('faab6ee0-8f55-4594-ae49-71152c43a8c9', 'project20', true);
INSERT INTO art_ping.project_employee VALUES ('fe7738f0-8711-4aba-a608-f285f5eb922e', 'faab6ee0-8f55-4594-ae49-71152c43a8c9', 'ccad329c-10c6-4578-a85d-415575b47d16', false);
INSERT INTO art_ping.project_employee VALUES ('864ff20b-2289-4d25-ad56-a6326d41cc56', 'faab6ee0-8f55-4594-ae49-71152c43a8c9', '2da77dcb-0768-478c-a741-618b705ed54c', false);
INSERT INTO art_ping.project_employee VALUES ('ebd3cbff-bc41-42be-bb48-063b776ed181', 'faab6ee0-8f55-4594-ae49-71152c43a8c9', '93ff44ac-f65e-4e21-bdfd-51e41847af5d', false);
INSERT INTO art_ping.project_employee VALUES ('ea775e9b-93a1-4470-86f1-0f179f4c1cde', 'faab6ee0-8f55-4594-ae49-71152c43a8c9', '25937bae-8f8e-4ddc-a714-3e74c80fc42d', false);
INSERT INTO art_ping.project_employee VALUES ('9b963f8a-231c-42a6-9651-c9f9dfb43a4f', 'faab6ee0-8f55-4594-ae49-71152c43a8c9', '18b42934-149a-4696-9c71-76c8ce5b59d5', false);
INSERT INTO art_ping.project_employee VALUES ('3db66813-7289-4450-868f-10a8784f5329', 'faab6ee0-8f55-4594-ae49-71152c43a8c9', '2dff829a-3580-4075-840a-f5c2ec5e3f1f', false);
INSERT INTO art_ping.project_employee VALUES ('87c43f0c-9d7a-43a0-8d9b-a1669824b6ab', 'faab6ee0-8f55-4594-ae49-71152c43a8c9', '0dbb3ff9-9ae1-49a8-8ce5-2b6d64e79cbd', false);
INSERT INTO art_ping.project VALUES ('613b4bb8-8ee8-424c-a5b2-f1709269e71e', 'project21', true);
INSERT INTO art_ping.project_employee VALUES ('832e2aa7-f28c-45a0-9d17-f4098c433f31', '613b4bb8-8ee8-424c-a5b2-f1709269e71e', '3400cb43-b4af-4210-8419-dabf67659cd7', false);
INSERT INTO art_ping.project_employee VALUES ('a5592429-8868-4a6a-813c-4929533d61cf', '613b4bb8-8ee8-424c-a5b2-f1709269e71e', 'd674ff13-5a99-46e3-81cc-8147d08e9c8a', false);
INSERT INTO art_ping.project_employee VALUES ('7c26acff-3ad5-478c-90ca-6407c00e0f5f', '613b4bb8-8ee8-424c-a5b2-f1709269e71e', '35a3185c-b449-4041-a98b-51e2e4bdfa4c', false);
INSERT INTO art_ping.project_employee VALUES ('27fd5081-2ee0-42d7-9c2c-c9030d30b3bf', '613b4bb8-8ee8-424c-a5b2-f1709269e71e', '9156f9a1-04af-4de0-93d1-bea2aacb4812', false);
INSERT INTO art_ping.project_employee VALUES ('def8a1f5-5117-46a2-bc74-14782d08e16d', '613b4bb8-8ee8-424c-a5b2-f1709269e71e', 'fa21f402-1783-4e26-a087-c5cc50765fe8', false);
INSERT INTO art_ping.project_employee VALUES ('564137e8-7f24-487e-99d3-897571b82a65', '613b4bb8-8ee8-424c-a5b2-f1709269e71e', '0e1b2f29-f490-4f75-b4c3-611ccccdd849', false);
INSERT INTO art_ping.project_employee VALUES ('0c4ed0ea-9397-484b-9137-9ea17db9a327', '613b4bb8-8ee8-424c-a5b2-f1709269e71e', '97b0a31e-f07c-471b-85b5-5f801173b725', false);
INSERT INTO art_ping.project_employee VALUES ('d939bd03-2d94-47b6-85b4-60c551739d88', '613b4bb8-8ee8-424c-a5b2-f1709269e71e', '2b2923e3-7924-451c-918a-badad47c1be0', false);
INSERT INTO art_ping.project_employee VALUES ('8e1a8a52-edf2-449f-91f2-a85b52ae3c4c', '613b4bb8-8ee8-424c-a5b2-f1709269e71e', '8c05f93e-a563-4678-b1ff-9e196908d054', false);
INSERT INTO art_ping.project_employee VALUES ('69086982-fc49-4383-9f5c-ca3a025f4ab5', '613b4bb8-8ee8-424c-a5b2-f1709269e71e', '844eb723-803f-40f0-8408-7bd4962cb69c', false);
INSERT INTO art_ping.project_employee VALUES ('509eacf6-fc22-4ff2-896a-ec6877174ccb', '613b4bb8-8ee8-424c-a5b2-f1709269e71e', 'efeedefd-d565-4b54-8acd-03ccf746e125', false);
INSERT INTO art_ping.project_employee VALUES ('6264bcdc-ba0a-4fbb-8751-95a3a48009ce', '613b4bb8-8ee8-424c-a5b2-f1709269e71e', '2ff27e9f-d09e-4abf-81e0-e434c1b058e0', false);
INSERT INTO art_ping.project VALUES ('f3f528c1-8005-4850-bfc2-ac189f798ef5', 'project22', true);
INSERT INTO art_ping.project_employee VALUES ('6c174b42-e93d-467f-9d05-889ef66bd8cf', 'f3f528c1-8005-4850-bfc2-ac189f798ef5', 'c22a98a5-d269-48ef-9ca3-2e3706520a55', false);
INSERT INTO art_ping.project_employee VALUES ('40475da3-1b71-4b86-bac7-d566c91d0c8d', 'f3f528c1-8005-4850-bfc2-ac189f798ef5', '75337bda-5db6-4250-9132-bb2e6b0632b8', false);
INSERT INTO art_ping.project_employee VALUES ('30c4780f-aecc-4785-9ba7-7601cfe280f9', 'f3f528c1-8005-4850-bfc2-ac189f798ef5', '1b23321d-fad1-477f-92d5-df44df9dfecd', false);
INSERT INTO art_ping.project_employee VALUES ('fdfec32a-24e0-486b-a1de-614b66a112ef', 'f3f528c1-8005-4850-bfc2-ac189f798ef5', 'c3d31b90-35c6-4f34-9aee-f18f79980ade', false);
INSERT INTO art_ping.project_employee VALUES ('348e563f-6443-4b55-a83c-642b2730c3a5', 'f3f528c1-8005-4850-bfc2-ac189f798ef5', 'c46f6f86-7e74-4c03-884c-e25c91cc4946', false);
INSERT INTO art_ping.project_employee VALUES ('8f3783ec-41bc-497b-8866-16b43af0dc60', 'f3f528c1-8005-4850-bfc2-ac189f798ef5', '229d920e-cf5b-4dfb-a8eb-29e6a6c8068f', false);
INSERT INTO art_ping.project_employee VALUES ('3d43d907-1ae4-4af5-a9cc-72b34384e593', 'f3f528c1-8005-4850-bfc2-ac189f798ef5', '1e82c57d-27c0-45d1-9752-a85399b61eed', false);
INSERT INTO art_ping.project_employee VALUES ('b3dc7dab-f0c2-4b67-bc70-ef955ce637d3', 'f3f528c1-8005-4850-bfc2-ac189f798ef5', '7b03ab40-238a-488a-87a3-d3b19501196d', false);
INSERT INTO art_ping.project_employee VALUES ('d83fe972-2cf2-4b5f-9b95-58632e294be7', 'f3f528c1-8005-4850-bfc2-ac189f798ef5', '085d1150-48f8-4b0b-814d-fa33a489b982', false);
INSERT INTO art_ping.project_employee VALUES ('434c2eb3-3b5c-4e78-85be-abef11382d0d', 'f3f528c1-8005-4850-bfc2-ac189f798ef5', 'f8c6fc9b-5a6e-41da-a329-b2510034e3c6', false);
INSERT INTO art_ping.project_employee VALUES ('4d2ec844-f064-4e0d-965d-88ab9b373221', 'f3f528c1-8005-4850-bfc2-ac189f798ef5', '48d4ffc3-a456-41c2-9923-82289f2b4e86', false);
INSERT INTO art_ping.project_employee VALUES ('655792f1-bdfa-4012-9326-005b44e6150e', 'f3f528c1-8005-4850-bfc2-ac189f798ef5', '0492f9c5-0b23-46c3-a435-691547b39086', false);
INSERT INTO art_ping.project_employee VALUES ('ab6a44d7-5c63-4f22-ad9f-7d79a6744e72', 'f3f528c1-8005-4850-bfc2-ac189f798ef5', 'd674ff13-5a99-46e3-81cc-8147d08e9c8a', false);
INSERT INTO art_ping.project_employee VALUES ('5c2bbbe2-e03d-4639-b551-b540fbc471c9', 'f3f528c1-8005-4850-bfc2-ac189f798ef5', '1d487669-af0b-4511-af1f-e7c8686b897f', false);
INSERT INTO art_ping.project_employee VALUES ('5ec8b326-b110-46ff-ae33-81e5fbfb4460', 'f3f528c1-8005-4850-bfc2-ac189f798ef5', 'b1081430-b743-4952-9920-746536d9b39b', false);
INSERT INTO art_ping.project_employee VALUES ('aa29702c-8e8a-4d4b-986b-1da8df92929d', 'f3f528c1-8005-4850-bfc2-ac189f798ef5', 'b1fed44a-222d-4fcc-b025-94c3f386593c', false);
INSERT INTO art_ping.project_employee VALUES ('79517ff4-a5cb-409e-bf51-628e88623514', 'f3f528c1-8005-4850-bfc2-ac189f798ef5', 'df1ea017-7893-474e-8b65-fe38cbadedcf', false);
INSERT INTO art_ping.project_employee VALUES ('ebc074d8-cb88-4533-beec-ed1baae8ae28', 'f3f528c1-8005-4850-bfc2-ac189f798ef5', '8d154404-8e56-4db1-9c7d-0bf34a0f7847', false);
INSERT INTO art_ping.project_employee VALUES ('86b76e8c-d71f-43a0-91f7-1f64e4c49cff', 'f3f528c1-8005-4850-bfc2-ac189f798ef5', '98d503ac-1975-4d08-ac0d-26406ca592f6', false);
INSERT INTO art_ping.project VALUES ('35280f6d-7fd2-41ba-a08b-fd7e080f825e', 'project23', true);
INSERT INTO art_ping.project_employee VALUES ('e1b74747-51b9-4323-9c84-89f14db2de43', '35280f6d-7fd2-41ba-a08b-fd7e080f825e', '0c321c7c-ad6b-4be0-807a-b65820c807ac', false);
INSERT INTO art_ping.project_employee VALUES ('e9917172-b3d3-4bfe-bb1c-ff5cf0722c1b', '35280f6d-7fd2-41ba-a08b-fd7e080f825e', '0ef87a64-d84c-423a-b727-7f198f0a7d18', false);
INSERT INTO art_ping.project_employee VALUES ('3a3bf79d-2541-4b41-a06d-03ceca7f1f0f', '35280f6d-7fd2-41ba-a08b-fd7e080f825e', '66cf2e59-f3fb-4523-a071-f700fb2eed5a', false);
INSERT INTO art_ping.project_employee VALUES ('33f00d86-e20e-41c1-9aae-787f28976a38', '35280f6d-7fd2-41ba-a08b-fd7e080f825e', '6b8f564e-b5dd-4c1b-9247-c9e26da5762c', false);
INSERT INTO art_ping.project_employee VALUES ('5a0df0f8-ff2c-43b6-8d28-55587dfd5eff', '35280f6d-7fd2-41ba-a08b-fd7e080f825e', '0d6ed6ce-cd81-40fa-8ab8-91e5b6ed43d2', false);
INSERT INTO art_ping.project_employee VALUES ('a844ae73-7846-4696-b2bd-64b814be91e2', '35280f6d-7fd2-41ba-a08b-fd7e080f825e', '7f017fd4-81ac-4d7b-a32e-c28b45ceb60f', false);
INSERT INTO art_ping.project_employee VALUES ('9554b0bf-4f93-4258-be6f-3f1a7db55103', '35280f6d-7fd2-41ba-a08b-fd7e080f825e', 'e7cdf9ca-162c-4cd2-ae5d-720f15f922ee', false);
INSERT INTO art_ping.project_employee VALUES ('2afdde42-80d0-4c62-9cab-d63f65656f5d', '35280f6d-7fd2-41ba-a08b-fd7e080f825e', 'f3e554c4-893a-41eb-9a09-215a08f04216', false);
INSERT INTO art_ping.project VALUES ('88a6cd76-4d3e-45b4-be5d-03b776f3bb88', 'project24', true);
INSERT INTO art_ping.project_employee VALUES ('953b2f0a-14cd-4ef7-98a2-d34c8aabe726', '88a6cd76-4d3e-45b4-be5d-03b776f3bb88', '8c049c7a-0143-4d5f-a532-c9ab9c30e5c7', false);
INSERT INTO art_ping.project_employee VALUES ('feb07b0a-1b98-4576-9181-4ecac2356e03', '88a6cd76-4d3e-45b4-be5d-03b776f3bb88', 'a9b66c15-d3e1-4e38-8361-5051c6feb8fb', false);
INSERT INTO art_ping.project_employee VALUES ('5a409a0b-719f-4466-bdfc-5d407a08ab9b', '88a6cd76-4d3e-45b4-be5d-03b776f3bb88', '735a9cac-c943-4560-99a5-c2778ed36806', false);
INSERT INTO art_ping.project_employee VALUES ('1f1bb3bb-1002-4e6b-aa76-51aca91e7b4f', '88a6cd76-4d3e-45b4-be5d-03b776f3bb88', 'b70cb7b9-8833-4606-8d56-867a01e2c56c', false);
INSERT INTO art_ping.project_employee VALUES ('83a47f88-54a2-48f8-8c6f-aa400501fd28', '88a6cd76-4d3e-45b4-be5d-03b776f3bb88', '84d6237a-256f-4c52-94a0-ce2c0e851cf0', false);
INSERT INTO art_ping.project_employee VALUES ('f7622f72-2764-4c1d-a8a7-e2bb174d3db1', '88a6cd76-4d3e-45b4-be5d-03b776f3bb88', '0929a218-1054-4297-9281-a856aec8a3a8', false);
INSERT INTO art_ping.project VALUES ('084fbedd-0f7f-4149-9489-9592848e5934', 'project25', true);
INSERT INTO art_ping.project_employee VALUES ('3222fb40-f344-49c0-aad0-499ffbd57d0f', '084fbedd-0f7f-4149-9489-9592848e5934', '01d00aa2-994c-4edb-9f87-774146e9e864', false);
INSERT INTO art_ping.project_employee VALUES ('cbb2ef88-2959-4481-8632-c2d5618b921e', '084fbedd-0f7f-4149-9489-9592848e5934', '10b19fce-2be2-4dfa-a3d5-edfd155035d7', false);
INSERT INTO art_ping.project_employee VALUES ('4674ff6f-6c40-4413-a4fc-44518bd8156a', '084fbedd-0f7f-4149-9489-9592848e5934', '2bed41e8-9a46-4856-8014-4e1941001799', false);
INSERT INTO art_ping.project_employee VALUES ('9f7145ed-49f6-4e27-81be-f4367cdbd311', '084fbedd-0f7f-4149-9489-9592848e5934', '91350f6c-a83f-47aa-a7bb-619df748a2d4', false);
INSERT INTO art_ping.project_employee VALUES ('f2ac50d3-a59a-4ade-9e16-882f3b67cc1b', '084fbedd-0f7f-4149-9489-9592848e5934', 'd82f685e-e42e-4d93-be51-4b4de7ba08d5', false);
INSERT INTO art_ping.project_employee VALUES ('f12477ea-5da7-42b2-b0d2-87b0d548aca4', '084fbedd-0f7f-4149-9489-9592848e5934', '8c0aa537-18de-454b-9b44-889e04071437', false);
INSERT INTO art_ping.project_employee VALUES ('66ec9d65-64e7-49c5-ac88-249ac27f8a3e', '084fbedd-0f7f-4149-9489-9592848e5934', 'f13996b1-1d4e-4031-b848-4d38e070ae36', false);
INSERT INTO art_ping.project_employee VALUES ('9ed82edc-d19e-4771-a636-a814afd43718', '084fbedd-0f7f-4149-9489-9592848e5934', 'fb1e30c5-c610-4675-a68e-acc123898179', false);
INSERT INTO art_ping.project_employee VALUES ('5181f1bf-9d37-4fc6-87b9-e393ee09fecc', '084fbedd-0f7f-4149-9489-9592848e5934', '5a7f29f2-c165-4475-af5c-0c41a0d9b49a', false);
INSERT INTO art_ping.project_employee VALUES ('ca88e302-564f-49e4-82c6-8482d329a3f3', '084fbedd-0f7f-4149-9489-9592848e5934', '87d80911-91e5-44ff-977f-6c6720cd4d13', false);
INSERT INTO art_ping.project_employee VALUES ('2030329c-d399-4a4e-92e4-593f86577e1a', '084fbedd-0f7f-4149-9489-9592848e5934', 'ff254c8a-c3a5-46f1-a717-c55e3c5e8680', false);
INSERT INTO art_ping.project VALUES ('04192072-fd64-4dc4-9416-7a55b0ed1cad', 'project26', true);
INSERT INTO art_ping.project_employee VALUES ('453d8b5f-5011-4a25-a90c-155939aca110', '04192072-fd64-4dc4-9416-7a55b0ed1cad', '1b8856af-6593-492a-9fcd-fe63e89abfed', false);
INSERT INTO art_ping.project_employee VALUES ('a550732a-e12a-4023-9b47-b266df31b276', '04192072-fd64-4dc4-9416-7a55b0ed1cad', '4e444732-bfa8-4437-9e90-b12b405cddba', false);
INSERT INTO art_ping.project_employee VALUES ('a8bc6619-5664-40fe-8690-59ab726ac864', '04192072-fd64-4dc4-9416-7a55b0ed1cad', '998b5219-c09c-46fa-922b-edd5ad48d4f1', false);
INSERT INTO art_ping.project_employee VALUES ('4d9f750b-668a-4f47-b2f0-4a8724de8133', '04192072-fd64-4dc4-9416-7a55b0ed1cad', 'f8c0b433-7218-41c1-829f-de660259aacd', false);
INSERT INTO art_ping.project VALUES ('090b000d-07ea-4120-b7ab-f218c890eb3d', 'project27', true);
INSERT INTO art_ping.project_employee VALUES ('6f508ccb-3a45-463f-b1f3-95764889cf22', '090b000d-07ea-4120-b7ab-f218c890eb3d', '3bd6d5b0-006e-4c3b-b5aa-34554eb0c35c', false);
INSERT INTO art_ping.project_employee VALUES ('feb20e7c-e1be-46f3-8cb3-ef40b4d1b365', '090b000d-07ea-4120-b7ab-f218c890eb3d', '22e421f4-f965-46d0-a8c4-1a98b36d9c78', false);
INSERT INTO art_ping.project_employee VALUES ('9919cb8d-b08a-4717-9f9a-c37ec29b5134', '090b000d-07ea-4120-b7ab-f218c890eb3d', 'b661d5fb-e6f6-4bb7-8f3b-415d1edfda19', false);
INSERT INTO art_ping.project_employee VALUES ('bba9b011-594c-4e18-a3ed-a07a759ad0b3', '090b000d-07ea-4120-b7ab-f218c890eb3d', '7ff2ef7f-a10a-4b04-9df4-425dbe96e240', false);
INSERT INTO art_ping.project_employee VALUES ('9224214b-908c-4c50-a613-3d109f071416', '090b000d-07ea-4120-b7ab-f218c890eb3d', 'd4e0fce8-0226-4516-afa3-243214ffa105', false);
INSERT INTO art_ping.project_employee VALUES ('7fe7127d-5acd-42ac-969f-aab08541bd58', '090b000d-07ea-4120-b7ab-f218c890eb3d', '915343c7-b40e-4730-975b-f21ed4590532', false);
INSERT INTO art_ping.project_employee VALUES ('4b7c6fbd-1fef-456a-9b04-9b1148af2679', '090b000d-07ea-4120-b7ab-f218c890eb3d', '4a8c76e6-5848-4acc-8be5-5b85be00720e', false);
INSERT INTO art_ping.project_employee VALUES ('d01a228e-c2cf-4d68-a8f7-9d82cf23f305', '090b000d-07ea-4120-b7ab-f218c890eb3d', '0f26d3c4-fc4c-42b1-b31e-2c7daab08eb1', false);
INSERT INTO art_ping.project_employee VALUES ('2bef4678-3615-494e-9936-261991936bc4', '090b000d-07ea-4120-b7ab-f218c890eb3d', 'e86f1abf-c2c7-4e09-a287-28e6bc3e35fb', false);
INSERT INTO art_ping.project_employee VALUES ('ec2aecd9-bb00-41b8-9a4e-ca63f4cf63f6', '090b000d-07ea-4120-b7ab-f218c890eb3d', '9c7b8963-f8ac-422b-b5e0-9de69dae432e', false);
INSERT INTO art_ping.project_employee VALUES ('f53da514-845f-4596-b4d6-cbb1e1235a50', '090b000d-07ea-4120-b7ab-f218c890eb3d', 'd403c098-f9f8-470c-97eb-ac559d090fc5', false);
INSERT INTO art_ping.project_employee VALUES ('828dbbe9-d5ba-4669-858b-b111336694d3', '090b000d-07ea-4120-b7ab-f218c890eb3d', 'a8cabb54-2ebd-46a6-aa94-cac081ddd297', false);
INSERT INTO art_ping.project_employee VALUES ('c4eae44e-b8f6-464f-ae0b-d3aeb811a164', '090b000d-07ea-4120-b7ab-f218c890eb3d', '75327b2b-17bb-4cb5-8840-679898171eda', false);
INSERT INTO art_ping.project VALUES ('d1d1b69d-9728-4dff-a79b-3cd911edeba8', 'project28', true);
INSERT INTO art_ping.project_employee VALUES ('716035c3-61ee-478d-bba5-bfcd50b96358', 'd1d1b69d-9728-4dff-a79b-3cd911edeba8', '3c6e0c9f-5628-4b52-8dd3-51073cb3b3e0', false);
INSERT INTO art_ping.project_employee VALUES ('837c3f46-fa08-4cdf-ae90-c3bc9a3a7e9e', 'd1d1b69d-9728-4dff-a79b-3cd911edeba8', '46c8fac7-2eba-4020-b709-cfe139759a0d', false);
INSERT INTO art_ping.project_employee VALUES ('260259a1-00f3-4cad-b852-e688310345eb', 'd1d1b69d-9728-4dff-a79b-3cd911edeba8', 'f93f3f29-0c4a-40d7-8014-b1e56e528dd6', false);
INSERT INTO art_ping.project_employee VALUES ('f2745739-bfa1-4946-9714-0fc5da8144fb', 'd1d1b69d-9728-4dff-a79b-3cd911edeba8', 'fac34f0f-f3ea-46b7-bed0-8614e54bf195', false);
INSERT INTO art_ping.project VALUES ('42ad2201-3775-4c4c-a7ea-7ef3c66f9a9f', 'project29', true);
INSERT INTO art_ping.project_employee VALUES ('d9f257d5-f762-43a3-a379-8b008c29670d', '42ad2201-3775-4c4c-a7ea-7ef3c66f9a9f', '12cf9287-3cd2-4a0d-a630-d9cc809c65a6', false);
INSERT INTO art_ping.project_employee VALUES ('a7fdd75a-cd00-420f-822b-56bd2040645e', '42ad2201-3775-4c4c-a7ea-7ef3c66f9a9f', 'c3d31b90-35c6-4f34-9aee-f18f79980ade', false);
INSERT INTO art_ping.project_employee VALUES ('be7f5c4a-55e2-4773-a02d-d6859e3a4ef4', '42ad2201-3775-4c4c-a7ea-7ef3c66f9a9f', '9156f9a1-04af-4de0-93d1-bea2aacb4812', false);
INSERT INTO art_ping.project_employee VALUES ('ee2117f5-0746-4413-880a-92d8662265eb', '42ad2201-3775-4c4c-a7ea-7ef3c66f9a9f', '41764999-aa9b-4509-a434-09e9393347d2', false);
INSERT INTO art_ping.project VALUES ('f179c32a-95ad-4756-973a-ec1da6b9d349', 'project30', true);
INSERT INTO art_ping.project_employee VALUES ('95a49ea9-3f09-430e-9464-2d5cda453ed8', 'f179c32a-95ad-4756-973a-ec1da6b9d349', '28c10195-2f73-4e00-a084-01c1897cd8c2', false);
INSERT INTO art_ping.project_employee VALUES ('e0a508c8-492b-42b1-88f7-edf35ad56dcf', 'f179c32a-95ad-4756-973a-ec1da6b9d349', '471a103a-faff-493e-8d0a-299e388cbb2d', false);
INSERT INTO art_ping.project_employee VALUES ('7a490f19-4d3f-4119-86d5-68b145aeb44f', 'f179c32a-95ad-4756-973a-ec1da6b9d349', '47ce1e37-e6ee-4e8d-9de8-6d2ee8835dcf', false);
INSERT INTO art_ping.project_employee VALUES ('7fa5f23a-949d-4742-b65a-edbab9ed95c3', 'f179c32a-95ad-4756-973a-ec1da6b9d349', '75327b2b-17bb-4cb5-8840-679898171eda', false);
INSERT INTO art_ping.project VALUES ('a2addd11-bc8f-4e59-9ab5-3c527a01a91d', 'project31', true);
INSERT INTO art_ping.project_employee VALUES ('80bc5008-d777-4f10-885a-f837e15039c6', 'a2addd11-bc8f-4e59-9ab5-3c527a01a91d', 'cf9635dd-8a0f-4d91-9da8-e58349558058', false);
INSERT INTO art_ping.project_employee VALUES ('9fd8e327-5ca8-49d4-878b-f1042a69219a', 'a2addd11-bc8f-4e59-9ab5-3c527a01a91d', '5ec97d35-2d20-4b14-9e4e-b3937580b7ae', false);
INSERT INTO art_ping.project_employee VALUES ('92367e3f-5cdd-4e9c-bc66-9887c40c9870', 'a2addd11-bc8f-4e59-9ab5-3c527a01a91d', 'f2591815-1a42-4183-a84d-9b5c0d83ea56', false);
INSERT INTO art_ping.project_employee VALUES ('ea05445b-a533-4999-b454-062d3e497c51', 'a2addd11-bc8f-4e59-9ab5-3c527a01a91d', '37507164-90ac-403a-8f6e-c68295cc128e', false);
INSERT INTO art_ping.project_employee VALUES ('e22f7468-58ae-4a2d-8aa0-5c1dfc2d7cc8', 'a2addd11-bc8f-4e59-9ab5-3c527a01a91d', '3aeaf27b-c564-4870-b039-4c7a21febc45', false);
INSERT INTO art_ping.project_employee VALUES ('48f06bbf-2dbe-4a54-8630-fe96ff496b7a', 'a2addd11-bc8f-4e59-9ab5-3c527a01a91d', '5ecc3fa5-74a8-4f71-ae5b-81df6c8f9e6a', false);
INSERT INTO art_ping.project_employee VALUES ('9c268d0a-20a1-493a-b087-9004efb8ebfe', 'a2addd11-bc8f-4e59-9ab5-3c527a01a91d', '208efbc5-2ee8-4096-9dd2-202236ed1b12', false);
INSERT INTO art_ping.project_employee VALUES ('8e47c44f-a906-4bea-ba15-118fa423c163', 'a2addd11-bc8f-4e59-9ab5-3c527a01a91d', 'e637a3c6-071d-4d33-ad8e-b0f4dafd9365', false);
INSERT INTO art_ping.project_employee VALUES ('2835c609-4b2a-44fb-822d-1c15f48761d5', 'a2addd11-bc8f-4e59-9ab5-3c527a01a91d', 'df72b0f4-029b-4a59-b358-f9da272d0125', false);
INSERT INTO art_ping.project_employee VALUES ('a39a6b6e-38ba-440d-90c8-d960d411e517', 'a2addd11-bc8f-4e59-9ab5-3c527a01a91d', 'ee0769af-652c-4ed0-aec4-f09c72a54f84', false);
INSERT INTO art_ping.project_employee VALUES ('ae7240c9-97de-40c8-8cce-6c3280df5123', 'a2addd11-bc8f-4e59-9ab5-3c527a01a91d', '2a2af232-b498-4a4b-9603-c749f89df339', false);
INSERT INTO art_ping.project VALUES ('dfc291e7-014a-424c-97ea-18c3e90af32e', 'project32', true);
INSERT INTO art_ping.project_employee VALUES ('f3006955-677b-4c54-9355-df73e67dffac', 'dfc291e7-014a-424c-97ea-18c3e90af32e', 'd674ff13-5a99-46e3-81cc-8147d08e9c8a', false);
INSERT INTO art_ping.project_employee VALUES ('be40bf07-f151-4bdb-a522-250def99e36e', 'dfc291e7-014a-424c-97ea-18c3e90af32e', 'f127662b-6eb0-47af-ab37-589932ceb498', false);
INSERT INTO art_ping.project_employee VALUES ('45f0f1d6-0012-4b38-856f-f3675e344290', 'dfc291e7-014a-424c-97ea-18c3e90af32e', 'c1bbc082-5ce3-4228-8c49-4d89cf9533d9', false);
INSERT INTO art_ping.project VALUES ('c3a02dfd-be74-41ba-a84b-0e86cccd9684', 'project33', true);
INSERT INTO art_ping.project_employee VALUES ('6abc3b3f-8b2b-4ac3-af8e-1161434c6dd9', 'c3a02dfd-be74-41ba-a84b-0e86cccd9684', '903273c9-ca49-4a1c-a336-2f1e04d6b29b', false);
INSERT INTO art_ping.project_employee VALUES ('9393fa25-8e05-4b45-8ffb-35274e018b2d', 'c3a02dfd-be74-41ba-a84b-0e86cccd9684', '535b7d85-758b-4d74-aa39-21d17204611b', false);
INSERT INTO art_ping.project_employee VALUES ('16a3c3bb-b8e9-4c88-8b32-5523de509ff7', 'c3a02dfd-be74-41ba-a84b-0e86cccd9684', '9c7b8963-f8ac-422b-b5e0-9de69dae432e', false);
INSERT INTO art_ping.project_employee VALUES ('b5dec226-dd8d-4c0b-b0b0-f8c6c4b337be', 'c3a02dfd-be74-41ba-a84b-0e86cccd9684', '17dd1317-229f-4aa1-a486-5b6c35743554', false);
INSERT INTO art_ping.project_employee VALUES ('7a5c7bfa-6ff3-4ec2-87f9-7f7ff8ec9e2b', 'c3a02dfd-be74-41ba-a84b-0e86cccd9684', 'd1837d6b-5509-42b4-a68a-ada499a1db9c', false);
INSERT INTO art_ping.project VALUES ('a1aa70ee-52b8-4b0a-852f-64dca2659ce9', 'project34', true);
INSERT INTO art_ping.project_employee VALUES ('552ff32e-d8fb-42b2-85df-b741595ab59f', 'a1aa70ee-52b8-4b0a-852f-64dca2659ce9', '8f63c6e9-51e8-4f0f-a373-734a128ab4c1', false);
INSERT INTO art_ping.project_employee VALUES ('7b37a84b-fd01-49d8-822b-1bb6d556bd88', 'a1aa70ee-52b8-4b0a-852f-64dca2659ce9', 'ca9f2c0f-d99d-4daf-b8c4-0a57639238f6', false);
INSERT INTO art_ping.project_employee VALUES ('0c1b6e2d-c18f-4902-8f9d-84880f18e03b', 'a1aa70ee-52b8-4b0a-852f-64dca2659ce9', 'fde5fdd7-8bbd-446b-a01f-b2b4978514a3', false);
INSERT INTO art_ping.project_employee VALUES ('8ee3a0c6-e089-472e-bf2a-656a925616a0', 'a1aa70ee-52b8-4b0a-852f-64dca2659ce9', '80c79fe3-f762-4dce-93f2-86cf0be30c68', false);
INSERT INTO art_ping.project VALUES ('f7f64ce7-506a-44d3-9da6-73c169fee627', 'project35', true);
INSERT INTO art_ping.project_employee VALUES ('1f93e092-7845-4fc4-860b-ba1232f471e8', 'f7f64ce7-506a-44d3-9da6-73c169fee627', '1d33ab56-e783-4cbc-8752-7dfa72ae233b', false);
INSERT INTO art_ping.project_employee VALUES ('9a7a6218-e70a-4028-8cc1-6908ec62063e', 'f7f64ce7-506a-44d3-9da6-73c169fee627', 'e3377a21-cba0-4138-b12f-56ac6477367b', false);
INSERT INTO art_ping.project_employee VALUES ('0a20ef4f-eadf-4330-a8be-0e89a8748704', 'f7f64ce7-506a-44d3-9da6-73c169fee627', '4fd466c7-89db-42c1-aac7-aeb9e138a273', false);
INSERT INTO art_ping.project_employee VALUES ('e569cadf-d95d-4298-b5d1-4b38c3640b30', 'f7f64ce7-506a-44d3-9da6-73c169fee627', '228d99f8-a5b4-418e-a28e-8c4856fecc3b', false);
INSERT INTO art_ping.project_employee VALUES ('5fd4b012-e09d-4e74-b6f8-be4e78a52186', 'f7f64ce7-506a-44d3-9da6-73c169fee627', '1fc0efd8-3a62-489a-9f69-9c44b6e225a4', false);
INSERT INTO art_ping.project_employee VALUES ('b1d1b1a8-05b5-48e7-b6ac-87398ce9de7c', 'f7f64ce7-506a-44d3-9da6-73c169fee627', 'a4c6515a-ad32-4e85-aa5e-a1a5dd5e7199', false);
INSERT INTO art_ping.project_employee VALUES ('12bc2e47-ba6f-4fe5-91b6-73e85ddc4de8', 'f7f64ce7-506a-44d3-9da6-73c169fee627', '00480f9c-f2d1-4f04-bd42-bc6509b39d8c', false);
INSERT INTO art_ping.project_employee VALUES ('b361730c-6a38-4ede-ab88-fa71fb4b7609', 'f7f64ce7-506a-44d3-9da6-73c169fee627', '996bd995-cc56-418a-9d28-a230fd00fb49', false);
INSERT INTO art_ping.project_employee VALUES ('7d9e45b0-465a-4a73-920a-6eaef672607c', 'f7f64ce7-506a-44d3-9da6-73c169fee627', '3b1768cf-f553-412f-add8-519afa8d587a', false);
INSERT INTO art_ping.project_employee VALUES ('c7af9da1-ee75-4f8d-a956-46265415f85b', 'f7f64ce7-506a-44d3-9da6-73c169fee627', '8e0f0958-a38e-4654-bd93-59c73dbb4de4', false);
INSERT INTO art_ping.project_employee VALUES ('e55a7f1a-c9a7-4e19-ae3c-f50d45edcf99', 'f7f64ce7-506a-44d3-9da6-73c169fee627', '20bb3776-2233-4d9f-92c7-d6de53f0ebd4', false);
INSERT INTO art_ping.project_employee VALUES ('97a0fbe9-0852-4b57-9845-9b942126e1e3', 'f7f64ce7-506a-44d3-9da6-73c169fee627', '3d4f01e2-43dc-4c70-83cc-7cdb1f3df1eb', false);
INSERT INTO art_ping.project_employee VALUES ('1d03b833-f34e-4efa-80b3-04506b5c2c98', 'f7f64ce7-506a-44d3-9da6-73c169fee627', '71f59a84-36b5-44a6-a9ff-2432d046da1b', false);
INSERT INTO art_ping.project_employee VALUES ('b8e124bc-35b8-469b-8e14-b607cef44d11', 'f7f64ce7-506a-44d3-9da6-73c169fee627', '47b6825b-171e-4f90-9288-c97daba27265', false);
INSERT INTO art_ping.project_employee VALUES ('fac25aba-0734-4d14-b6c0-e2364d3b7511', 'f7f64ce7-506a-44d3-9da6-73c169fee627', '0adc8fc3-8898-4378-8865-15f939a8179f', false);
INSERT INTO art_ping.project VALUES ('73441c46-be95-4cf9-ad93-c5cd75277503', 'project36', true);
INSERT INTO art_ping.project_employee VALUES ('35ca9ac5-106a-43bf-9ac0-379797bdf2cf', '73441c46-be95-4cf9-ad93-c5cd75277503', '3f80df10-2953-4b62-a570-e579a1d6357a', false);
INSERT INTO art_ping.project_employee VALUES ('4ed133c3-aa58-4226-a84e-fb201e22792e', '73441c46-be95-4cf9-ad93-c5cd75277503', '3c96e2f3-42d5-4564-a4e9-21ff9cf4edf4', false);
INSERT INTO art_ping.project_employee VALUES ('a4e5de3d-b507-41bf-9050-a50147823c43', '73441c46-be95-4cf9-ad93-c5cd75277503', '7de2f33b-ac5c-4e79-9bc1-3e791251fa70', false);
INSERT INTO art_ping.project_employee VALUES ('ff52bda2-bbe5-450a-8162-637abda86093', '73441c46-be95-4cf9-ad93-c5cd75277503', 'c1c408a4-5c48-45b6-acee-bab5fb93950a', false);
INSERT INTO art_ping.project_employee VALUES ('66490006-0b05-4894-afa3-eb7560db67e3', '73441c46-be95-4cf9-ad93-c5cd75277503', '50626407-8ca1-42e7-9771-61f5b2eccfea', false);
INSERT INTO art_ping.project_employee VALUES ('9bd81917-bb7b-4697-a7a1-4449ff614f67', '73441c46-be95-4cf9-ad93-c5cd75277503', '568b88a7-f196-4ef3-b6b6-2f35874f331c', false);
INSERT INTO art_ping.project_employee VALUES ('5c8d07f2-60a4-4e79-ab6b-a4506843b5b0', '73441c46-be95-4cf9-ad93-c5cd75277503', '05d92b13-3f1e-4326-b4db-bb684357cfe5', false);
INSERT INTO art_ping.project_employee VALUES ('7737bd32-b19a-4852-9f07-b7367a9d9bb6', '73441c46-be95-4cf9-ad93-c5cd75277503', '51354a6d-189b-4def-9c2e-83d47695307a', false);
INSERT INTO art_ping.project VALUES ('4b3065d6-2979-436e-a4bf-975f8177461b', 'project37', true);
INSERT INTO art_ping.project_employee VALUES ('4f442af3-9a40-4d43-8b8c-c9f3c212eede', '4b3065d6-2979-436e-a4bf-975f8177461b', '3bd6d5b0-006e-4c3b-b5aa-34554eb0c35c', false);
INSERT INTO art_ping.project_employee VALUES ('fea3280b-bfaa-4bc3-ba04-7795db48e982', '4b3065d6-2979-436e-a4bf-975f8177461b', '8497a2ae-1393-40a2-a1aa-025047ed3835', false);
INSERT INTO art_ping.project_employee VALUES ('aa76aaf2-f113-4ca9-9688-adaba52eeb83', '4b3065d6-2979-436e-a4bf-975f8177461b', '01d00aa2-994c-4edb-9f87-774146e9e864', false);
INSERT INTO art_ping.project_employee VALUES ('ed4f6eb9-e53b-4f1e-9f8a-078937e45c12', '4b3065d6-2979-436e-a4bf-975f8177461b', '75337bda-5db6-4250-9132-bb2e6b0632b8', false);
INSERT INTO art_ping.project_employee VALUES ('95e65a36-6097-4982-b2c7-c89d9491c3a1', '4b3065d6-2979-436e-a4bf-975f8177461b', '9015c159-7a00-4ec8-bc0e-6882efd215cc', false);
INSERT INTO art_ping.project_employee VALUES ('fd06b31d-79f7-4f8f-8e52-994a793ef332', '4b3065d6-2979-436e-a4bf-975f8177461b', '8fbca8db-c93a-4666-a70a-f3fc4dda566c', false);
INSERT INTO art_ping.project_employee VALUES ('e59fdd32-3954-4522-a60d-58087a1ae8c3', '4b3065d6-2979-436e-a4bf-975f8177461b', '01133c1d-0029-463e-88df-5fafd35fcefe', false);
INSERT INTO art_ping.project_employee VALUES ('e602cb45-6afc-4040-91f7-1d09272c0390', '4b3065d6-2979-436e-a4bf-975f8177461b', 'c46f6f86-7e74-4c03-884c-e25c91cc4946', false);
INSERT INTO art_ping.project_employee VALUES ('062e650c-3ee9-496e-a67f-ead7d1b0b48a', '4b3065d6-2979-436e-a4bf-975f8177461b', '31f7f66a-2a9a-4a53-8786-588f3c37f782', false);
INSERT INTO art_ping.project_employee VALUES ('ab51bc7b-3624-486b-8ed3-b2a7d10587ac', '4b3065d6-2979-436e-a4bf-975f8177461b', 'd82f685e-e42e-4d93-be51-4b4de7ba08d5', false);
INSERT INTO art_ping.project_employee VALUES ('f82f7c40-3d12-49c7-8053-f6a38e6dbac2', '4b3065d6-2979-436e-a4bf-975f8177461b', '6b8f564e-b5dd-4c1b-9247-c9e26da5762c', false);
INSERT INTO art_ping.project_employee VALUES ('7b13ce3e-8aa7-4280-b0f7-f6911bc6d40d', '4b3065d6-2979-436e-a4bf-975f8177461b', 'f3f69d81-b3db-423b-878e-85dc10b96e97', false);
INSERT INTO art_ping.project_employee VALUES ('9e6bac17-a814-4dd8-9893-36a43924d76f', '4b3065d6-2979-436e-a4bf-975f8177461b', '0d6ed6ce-cd81-40fa-8ab8-91e5b6ed43d2', false);
INSERT INTO art_ping.project_employee VALUES ('a0f0b495-3ff5-426a-a9d8-4e7813cf9998', '4b3065d6-2979-436e-a4bf-975f8177461b', 'de636aa0-651b-4e79-9b92-65465ddeb768', false);
INSERT INTO art_ping.project_employee VALUES ('3708538e-152d-4bcf-91df-b2824c362127', '4b3065d6-2979-436e-a4bf-975f8177461b', 'f43a4459-a7f1-4b14-bc6f-b3f1ec7cf13f', false);
INSERT INTO art_ping.project_employee VALUES ('a9e30b52-ab1e-4caf-b20e-4d57f067dbf9', '4b3065d6-2979-436e-a4bf-975f8177461b', 'b7780f63-4092-4c43-b855-0af2523f644c', false);
INSERT INTO art_ping.project_employee VALUES ('c15dd4ef-379a-45cf-aebf-e74b88d5e439', '4b3065d6-2979-436e-a4bf-975f8177461b', 'e64a50e8-f81c-4ca3-9582-c4c0c42e2f4b', false);
INSERT INTO art_ping.project_employee VALUES ('41640a01-7ad3-495d-a62a-4f1c2559f24e', '4b3065d6-2979-436e-a4bf-975f8177461b', '3b2a40d0-1670-4a18-940d-bd37a4123361', false);
INSERT INTO art_ping.project_employee VALUES ('87bed654-96d6-4c9a-9e7e-e5c389d013ea', '4b3065d6-2979-436e-a4bf-975f8177461b', '57d5315d-1c9e-4c4b-9a35-af13051cd6a7', false);
INSERT INTO art_ping.project VALUES ('c4d740a6-40f5-43ed-9353-da5ca8d59d49', 'project38', true);
INSERT INTO art_ping.project_employee VALUES ('450f0cb9-36cd-4a1f-86cd-c8b3c4975a58', 'c4d740a6-40f5-43ed-9353-da5ca8d59d49', '34c4844f-74cd-480a-8c3a-696b6ae60e22', false);
INSERT INTO art_ping.project_employee VALUES ('4fe2c155-a05a-44aa-8f41-ec5c71b33c71', 'c4d740a6-40f5-43ed-9353-da5ca8d59d49', 'ef15254f-a4cf-4eea-bcd8-6498dd842f78', false);
INSERT INTO art_ping.project_employee VALUES ('28bb6436-dffe-4f2d-8fd5-5d80a6e43c8b', 'c4d740a6-40f5-43ed-9353-da5ca8d59d49', '757c6849-14ed-4cf4-82f8-f2693e708222', false);
INSERT INTO art_ping.project_employee VALUES ('c7b1e85b-5f89-4f60-8067-e1f1ffb4a5b1', 'c4d740a6-40f5-43ed-9353-da5ca8d59d49', '89563683-fc5e-478a-ac65-cd8a0b5e9cc3', false);
INSERT INTO art_ping.project_employee VALUES ('9a0a70e5-0fe7-441f-8302-7aa194330be1', 'c4d740a6-40f5-43ed-9353-da5ca8d59d49', 'e637a3c6-071d-4d33-ad8e-b0f4dafd9365', false);
INSERT INTO art_ping.project VALUES ('1a077c96-4de3-4203-8124-e97cca971886', 'project39', true);
INSERT INTO art_ping.project_employee VALUES ('37712092-0a07-48a7-bf6c-3d5b22aeb57c', '1a077c96-4de3-4203-8124-e97cca971886', '842e81fd-1abd-4313-95a9-bce6893d360f', false);
INSERT INTO art_ping.project_employee VALUES ('97c028d4-6be6-42ab-8ffe-f263657624d6', '1a077c96-4de3-4203-8124-e97cca971886', '2aea4376-361c-4af0-bd43-b371f45c3555', false);
INSERT INTO art_ping.project_employee VALUES ('2d312357-ac0c-43e3-b8ce-bb94c8ca43b5', '1a077c96-4de3-4203-8124-e97cca971886', 'd26bf81b-cb46-448c-8011-1909509433d6', false);
INSERT INTO art_ping.project_employee VALUES ('e0ef7a9c-0efc-4f1f-9f2e-eaef5bfdfed1', '1a077c96-4de3-4203-8124-e97cca971886', 'd8d8b297-a19d-4be5-8981-07f78b84e6e2', false);
INSERT INTO art_ping.project_employee VALUES ('128d25de-8385-4f7b-92fe-dbaabec1542d', '1a077c96-4de3-4203-8124-e97cca971886', '4dd27506-c685-49ae-b937-9633272a83d8', false);
INSERT INTO art_ping.project_employee VALUES ('5a452b7b-cc0f-44a8-b5ee-f3e0ec76aebe', '1a077c96-4de3-4203-8124-e97cca971886', '8d154404-8e56-4db1-9c7d-0bf34a0f7847', false);
INSERT INTO art_ping.project_employee VALUES ('97abe2f8-6e4f-47fc-a4cf-7b94ec2da15e', '1a077c96-4de3-4203-8124-e97cca971886', 'd1837d6b-5509-42b4-a68a-ada499a1db9c', false);
INSERT INTO art_ping.project_employee VALUES ('e2572bea-e9f3-439a-9a34-cc63aebdbbdd', '1a077c96-4de3-4203-8124-e97cca971886', 'b1f82042-7404-42c8-b6b7-fe92c637e47b', false);
INSERT INTO art_ping.project_employee VALUES ('445f39a2-42fa-4ed6-963f-3eac141f17db', '1a077c96-4de3-4203-8124-e97cca971886', '53df3ee0-91a3-43c3-a128-6d78c47bd5ad', false);
INSERT INTO art_ping.project_employee VALUES ('ab7f579a-dcc2-4975-a995-4c7b6593b59f', '1a077c96-4de3-4203-8124-e97cca971886', '06b0dc44-9bf8-496c-b5c1-979f596e5eca', false);
INSERT INTO art_ping.project_employee VALUES ('e3f21dbf-bd2f-4753-9a99-a56074bf54c5', '1a077c96-4de3-4203-8124-e97cca971886', '51354a6d-189b-4def-9c2e-83d47695307a', false);
INSERT INTO art_ping.project_employee VALUES ('983b215c-8c94-40c6-837b-e892356a23de', '1a077c96-4de3-4203-8124-e97cca971886', 'a5637101-c194-4d4e-a661-313569df8625', false);
INSERT INTO art_ping.project VALUES ('f78793e9-b760-4f1a-b027-12cf598ce7ed', 'project40', true);
INSERT INTO art_ping.project_employee VALUES ('b4833bc3-3c5f-4513-82a6-0a072999800a', 'f78793e9-b760-4f1a-b027-12cf598ce7ed', 'b8d59533-9f55-4532-a791-b913d6399661', false);
INSERT INTO art_ping.project_employee VALUES ('f5c16dec-2857-4a4a-83c6-774b9060b6a7', 'f78793e9-b760-4f1a-b027-12cf598ce7ed', '8d716000-c4ea-4b70-bed8-2b14a47d9e16', false);
INSERT INTO art_ping.project_employee VALUES ('386a3b26-69aa-4861-8e51-0e6dd884e5f2', 'f78793e9-b760-4f1a-b027-12cf598ce7ed', 'c65c9dc4-e47e-4ab0-b4ea-9762e95d0a50', false);
INSERT INTO art_ping.project_employee VALUES ('75e39c23-d7c4-4a66-b7d2-31ef733d5bac', 'f78793e9-b760-4f1a-b027-12cf598ce7ed', '20bb3776-2233-4d9f-92c7-d6de53f0ebd4', false);
INSERT INTO art_ping.project_employee VALUES ('90dd8f06-fd7b-4357-949d-9dca568f0db9', 'f78793e9-b760-4f1a-b027-12cf598ce7ed', '79374c82-9c26-4dc1-8a66-f7e312d42ec1', false);
INSERT INTO art_ping.project_employee VALUES ('45901435-50ae-4760-82cb-2eebd349b274', 'f78793e9-b760-4f1a-b027-12cf598ce7ed', '8b8926db-6dea-40e5-b8fd-579381501a21', false);
INSERT INTO art_ping.project_employee VALUES ('5b074636-7fd5-4369-b3a0-8ad219e636e1', 'f78793e9-b760-4f1a-b027-12cf598ce7ed', 'cd84573a-92dd-4a0e-9fd1-b907e05e7821', false);
INSERT INTO art_ping.project_employee VALUES ('53264b4c-c84b-4b8a-8df3-43478a9087c2', 'f78793e9-b760-4f1a-b027-12cf598ce7ed', '0929a218-1054-4297-9281-a856aec8a3a8', false);
INSERT INTO art_ping.project_employee VALUES ('6c5a4976-f509-4891-b0c2-535a23fa3321', 'f78793e9-b760-4f1a-b027-12cf598ce7ed', '1726dad8-71cf-4ec6-8e13-5c8750de21c8', false);
INSERT INTO art_ping.project VALUES ('ee0e7325-d5b2-4ccc-b9e4-2317f112175b', 'project41', true);
INSERT INTO art_ping.project_employee VALUES ('1689c0aa-e10d-4f36-9d7a-51bd353da832', 'ee0e7325-d5b2-4ccc-b9e4-2317f112175b', 'd11834f9-c4d6-4c79-ae1f-ecc818b70de9', false);
INSERT INTO art_ping.project_employee VALUES ('2e96c18c-614c-4bde-af87-9c434bcf3a02', 'ee0e7325-d5b2-4ccc-b9e4-2317f112175b', '93caefdf-d11f-498f-9939-acfa4f238b68', false);
INSERT INTO art_ping.project_employee VALUES ('d529f052-d000-4364-8003-401b0d807d52', 'ee0e7325-d5b2-4ccc-b9e4-2317f112175b', '5895a739-710b-42c6-a590-43412f4df365', false);
INSERT INTO art_ping.project_employee VALUES ('eb0415be-ed8d-434d-b47d-7fb35545a438', 'ee0e7325-d5b2-4ccc-b9e4-2317f112175b', '07414fc9-cf25-4373-ac8a-8132e3fb40d9', false);
INSERT INTO art_ping.project_employee VALUES ('8a7f27ea-e384-46e4-8342-9cc415cdb183', 'ee0e7325-d5b2-4ccc-b9e4-2317f112175b', '362a1a04-3bc4-4f14-8010-0c35a9dbc0fb', false);
INSERT INTO art_ping.project_employee VALUES ('4ba5b6b0-9818-4f3a-b7fb-090387af45ef', 'ee0e7325-d5b2-4ccc-b9e4-2317f112175b', '8c0aa537-18de-454b-9b44-889e04071437', false);
INSERT INTO art_ping.project_employee VALUES ('036feca2-a147-48e6-b3d7-01ab513da896', 'ee0e7325-d5b2-4ccc-b9e4-2317f112175b', 'df693f88-209f-42b6-926e-457b8aeb2af9', false);
INSERT INTO art_ping.project_employee VALUES ('7a40cb16-3c83-4c14-8ea7-f369672043d2', 'ee0e7325-d5b2-4ccc-b9e4-2317f112175b', '1fc0efd8-3a62-489a-9f69-9c44b6e225a4', false);
INSERT INTO art_ping.project_employee VALUES ('02b938c3-68c0-4e5c-a11d-de9512bb42ed', 'ee0e7325-d5b2-4ccc-b9e4-2317f112175b', 'de966046-f5fb-4ca2-8d50-20101a145eab', false);
INSERT INTO art_ping.project_employee VALUES ('26274221-cfce-4818-9ab5-30f5e318ec84', 'ee0e7325-d5b2-4ccc-b9e4-2317f112175b', '37507164-90ac-403a-8f6e-c68295cc128e', false);
INSERT INTO art_ping.project_employee VALUES ('0ad4c1ac-abd9-4212-8735-5aee898b4305', 'ee0e7325-d5b2-4ccc-b9e4-2317f112175b', '7519c8c7-492f-4c67-a3fd-61e57984164c', false);
INSERT INTO art_ping.project_employee VALUES ('0543a0cc-5957-43c9-b9f3-f928e284f62e', 'ee0e7325-d5b2-4ccc-b9e4-2317f112175b', 'd403c098-f9f8-470c-97eb-ac559d090fc5', false);
INSERT INTO art_ping.project_employee VALUES ('673bf5ba-7151-4036-ba61-f2e5b070f234', 'ee0e7325-d5b2-4ccc-b9e4-2317f112175b', '8f066cff-4d9f-488f-8a9b-0c78b13fdef8', false);
INSERT INTO art_ping.project VALUES ('5fba34f7-1258-4a6e-b6b0-86d7b67b8b56', 'project42', true);
INSERT INTO art_ping.project_employee VALUES ('22a78be0-abc4-47b1-b31d-c312f1eba9ac', '5fba34f7-1258-4a6e-b6b0-86d7b67b8b56', 'b6253a98-159e-4c74-94ac-a4b372fbe34a', false);
INSERT INTO art_ping.project_employee VALUES ('62cf0258-4507-44c6-afd1-82ff28557b39', '5fba34f7-1258-4a6e-b6b0-86d7b67b8b56', '6cfb2d70-61ca-4ebe-8c24-b5d403461dfd', false);
INSERT INTO art_ping.project_employee VALUES ('23bca23f-de9b-4bbf-94cb-bc0fc5f27345', '5fba34f7-1258-4a6e-b6b0-86d7b67b8b56', '32ed9b74-cfe4-47be-a4a1-75a2574f79f7', false);
INSERT INTO art_ping.project_employee VALUES ('0aab43d0-cd75-4854-ac87-8548fd589abd', '5fba34f7-1258-4a6e-b6b0-86d7b67b8b56', 'e4bd53af-629a-470c-b62f-59cec1997074', false);
INSERT INTO art_ping.project_employee VALUES ('741a0e88-e5e7-4ac4-a551-4a172cdb91a9', '5fba34f7-1258-4a6e-b6b0-86d7b67b8b56', '606aa705-2913-4857-b870-266864ce2bee', false);
INSERT INTO art_ping.project_employee VALUES ('918c9761-a4ba-4ce0-b642-868b5a483d19', '5fba34f7-1258-4a6e-b6b0-86d7b67b8b56', 'df72b0f4-029b-4a59-b358-f9da272d0125', false);
INSERT INTO art_ping.project_employee VALUES ('84ccab50-2875-40f4-b903-c574ae96f8db', '5fba34f7-1258-4a6e-b6b0-86d7b67b8b56', '8c05f93e-a563-4678-b1ff-9e196908d054', false);
INSERT INTO art_ping.project_employee VALUES ('1b9114c7-7f67-412c-8554-0e563d11162d', '5fba34f7-1258-4a6e-b6b0-86d7b67b8b56', '40ac132d-530f-4cbf-900e-42f899fe2380', false);
INSERT INTO art_ping.project_employee VALUES ('490973d6-d409-45df-b82a-1f28ea721d62', '5fba34f7-1258-4a6e-b6b0-86d7b67b8b56', '00480f9c-f2d1-4f04-bd42-bc6509b39d8c', false);
INSERT INTO art_ping.project_employee VALUES ('ded3f338-7df9-435b-8102-896cf513fad5', '5fba34f7-1258-4a6e-b6b0-86d7b67b8b56', '8b18feb9-b326-47d7-b4b4-99e86b5d3642', false);
INSERT INTO art_ping.project_employee VALUES ('554b9efa-dfb2-471a-831f-3ae730b994b7', '5fba34f7-1258-4a6e-b6b0-86d7b67b8b56', '1726dad8-71cf-4ec6-8e13-5c8750de21c8', false);
INSERT INTO art_ping.project VALUES ('f17c2637-6840-4f1a-b13d-b35b1bbbd271', 'project43', true);
INSERT INTO art_ping.project_employee VALUES ('b90ace5d-38f2-4df5-9d8b-6b95b96ce31b', 'f17c2637-6840-4f1a-b13d-b35b1bbbd271', 'f9e0560e-ea96-46ee-93d7-c0d1583a4eb1', false);
INSERT INTO art_ping.project_employee VALUES ('2ba0f345-1e82-4ad1-9c73-46a99c3cb6a3', 'f17c2637-6840-4f1a-b13d-b35b1bbbd271', 'c3d31b90-35c6-4f34-9aee-f18f79980ade', false);
INSERT INTO art_ping.project_employee VALUES ('685ef1f3-44a3-4401-b661-e65a879c29fb', 'f17c2637-6840-4f1a-b13d-b35b1bbbd271', 'f4afc4da-d98c-4f2b-be4a-43ebca9bce04', false);
INSERT INTO art_ping.project_employee VALUES ('df193987-dfa4-4999-aff8-c74bb5fae7ea', 'f17c2637-6840-4f1a-b13d-b35b1bbbd271', 'bc0e890f-7318-4cb2-9454-8c4480e65099', false);
INSERT INTO art_ping.project_employee VALUES ('b0e0bece-c22f-4300-b185-cdabb3a04f8b', 'f17c2637-6840-4f1a-b13d-b35b1bbbd271', '96d379a2-8d90-4c59-b1b0-4f6fc45acaeb', false);
INSERT INTO art_ping.project_employee VALUES ('de2ce5de-1a15-4fc5-976b-8f9cb68f034a', 'f17c2637-6840-4f1a-b13d-b35b1bbbd271', '00480f9c-f2d1-4f04-bd42-bc6509b39d8c', false);
INSERT INTO art_ping.project_employee VALUES ('43d35e82-26ed-47d5-9be0-cd6accb536e3', 'f17c2637-6840-4f1a-b13d-b35b1bbbd271', '0492f9c5-0b23-46c3-a435-691547b39086', false);
INSERT INTO art_ping.project_employee VALUES ('0823f533-2a2e-4f3a-8006-a3f574107a5e', 'f17c2637-6840-4f1a-b13d-b35b1bbbd271', '06b0dc44-9bf8-496c-b5c1-979f596e5eca', false);
INSERT INTO art_ping.project_employee VALUES ('a19d5549-1e41-4472-9a13-8cece8966fda', 'f17c2637-6840-4f1a-b13d-b35b1bbbd271', '54522081-3d96-489e-9741-7d931f7a5ec9', false);
INSERT INTO art_ping.project_employee VALUES ('253e8432-70b7-459d-8458-96164d2cac37', 'f17c2637-6840-4f1a-b13d-b35b1bbbd271', '750e6c14-3132-4292-bdc3-182c1b18373e', false);
INSERT INTO art_ping.project_employee VALUES ('31987f66-0aea-4d30-b58d-207b2d4a1bbb', 'f17c2637-6840-4f1a-b13d-b35b1bbbd271', 'e86f1abf-c2c7-4e09-a287-28e6bc3e35fb', false);
INSERT INTO art_ping.project_employee VALUES ('0fbab996-f8e3-40fc-a07b-ca7107fce2e3', 'f17c2637-6840-4f1a-b13d-b35b1bbbd271', '7c2ee8dd-649b-46a6-89cc-74298ad7b4af', false);
INSERT INTO art_ping.project_employee VALUES ('f284e9b3-dd7b-4ff9-8ca0-8d0867c32a66', 'f17c2637-6840-4f1a-b13d-b35b1bbbd271', '8470cf39-15e9-4877-b091-3c56b5faeddc', false);
INSERT INTO art_ping.project_employee VALUES ('407c846b-9e22-444b-9c15-9a4e352b27a4', 'f17c2637-6840-4f1a-b13d-b35b1bbbd271', 'f9cbd2b4-d97d-4265-a5c3-4430f0614efa', false);
INSERT INTO art_ping.project_employee VALUES ('0931c1a6-6e2d-4c88-b2f5-bbe6c9705bc4', 'f17c2637-6840-4f1a-b13d-b35b1bbbd271', 'fac34f0f-f3ea-46b7-bed0-8614e54bf195', false);
INSERT INTO art_ping.project VALUES ('f74da690-a8e2-49a0-a7f5-8691ca476e93', 'project44', true);
INSERT INTO art_ping.project_employee VALUES ('d7fbaf20-c065-4053-9cbe-f87da8cf27f5', 'f74da690-a8e2-49a0-a7f5-8691ca476e93', 'eb78dfd4-d641-4376-bcd5-c5bd54db3aaf', false);
INSERT INTO art_ping.project_employee VALUES ('fdfc0dd7-392d-4eea-a873-435c9224a51d', 'f74da690-a8e2-49a0-a7f5-8691ca476e93', '3445bdb6-72e9-4dc4-ad8a-508eecf56808', false);
INSERT INTO art_ping.project_employee VALUES ('c6a93388-d14e-463a-842b-460a965bf9f0', 'f74da690-a8e2-49a0-a7f5-8691ca476e93', 'bc438fea-080a-4eda-86f8-fa420336a002', false);
INSERT INTO art_ping.project_employee VALUES ('8bb0cf8c-df72-4e2a-a1d6-aa5979d4b498', 'f74da690-a8e2-49a0-a7f5-8691ca476e93', 'd4e0fce8-0226-4516-afa3-243214ffa105', false);
INSERT INTO art_ping.project_employee VALUES ('80ffbb5a-58f6-4c89-8384-73477dc8deae', 'f74da690-a8e2-49a0-a7f5-8691ca476e93', 'd0ae51d6-3f25-42a4-aab6-bcdec2a7d13b', false);
INSERT INTO art_ping.project_employee VALUES ('eafd4a66-ca31-4050-89d1-17e9fcb9983d', 'f74da690-a8e2-49a0-a7f5-8691ca476e93', 'b41fe82e-ff88-429b-ba37-b399fe2da606', false);
INSERT INTO art_ping.project_employee VALUES ('0a67541b-e699-489e-b7c5-552c47da698f', 'f74da690-a8e2-49a0-a7f5-8691ca476e93', '1c318b7f-c458-40ae-b54a-bc48195c94cb', false);
INSERT INTO art_ping.project_employee VALUES ('29a30d64-8413-4458-bc4f-7255d346cd45', 'f74da690-a8e2-49a0-a7f5-8691ca476e93', 'e424a74b-19a1-4b97-8ce0-b39646f66c8d', false);
INSERT INTO art_ping.project_employee VALUES ('ea65eae7-1065-4b9f-9a40-a0b361686265', 'f74da690-a8e2-49a0-a7f5-8691ca476e93', '9e772308-013b-4e58-9b98-921ea5b62eba', false);
INSERT INTO art_ping.project_employee VALUES ('3fa402ae-9b31-454c-baff-6aa4a2d7bb07', 'f74da690-a8e2-49a0-a7f5-8691ca476e93', 'bfbe4175-7044-46a9-ae15-90521c2a1621', false);
INSERT INTO art_ping.project_employee VALUES ('fd3d4361-f5ab-429a-b547-9558775adf85', 'f74da690-a8e2-49a0-a7f5-8691ca476e93', '0065bc69-99d2-46de-969f-aa5725ae3b89', false);
INSERT INTO art_ping.project_employee VALUES ('40c9c3e4-ba3f-4ae1-82e2-d4d74d3e6871', 'f74da690-a8e2-49a0-a7f5-8691ca476e93', '8b8926db-6dea-40e5-b8fd-579381501a21', false);
INSERT INTO art_ping.project_employee VALUES ('783c0ba9-4065-4cd7-b4f1-94d9c76e993a', 'f74da690-a8e2-49a0-a7f5-8691ca476e93', '9ffecabc-43e0-4fba-88df-d90801b4c44e', false);
INSERT INTO art_ping.project_employee VALUES ('5bdd74cb-ed66-437e-bdb2-016e49c49649', 'f74da690-a8e2-49a0-a7f5-8691ca476e93', '9da55ae7-503a-4029-8886-d8a73140d246', false);
INSERT INTO art_ping.project_employee VALUES ('39e9eb76-73c4-416c-bc95-ccb0ad871a74', 'f74da690-a8e2-49a0-a7f5-8691ca476e93', '25937bae-8f8e-4ddc-a714-3e74c80fc42d', false);
INSERT INTO art_ping.project VALUES ('10fec80c-a58e-4f95-ac64-7456a2b150a8', 'project45', true);
INSERT INTO art_ping.project_employee VALUES ('202946f7-0b1f-459b-a1bf-343dc50e32a0', '10fec80c-a58e-4f95-ac64-7456a2b150a8', '23f620ef-e7b4-429a-9e71-90cc3699cac1', false);
INSERT INTO art_ping.project_employee VALUES ('86d1bf95-4916-401d-9189-48e31b776faf', '10fec80c-a58e-4f95-ac64-7456a2b150a8', '19a66dc2-080d-4711-abe3-a97cbda9803b', false);
INSERT INTO art_ping.project_employee VALUES ('adeb30f4-f38f-4fcf-bc71-16f1f85cb850', '10fec80c-a58e-4f95-ac64-7456a2b150a8', '188b1861-cfdc-4061-b923-989f1c7a980f', false);
INSERT INTO art_ping.project_employee VALUES ('f59b9942-cd3b-44d3-ab75-e57832b469d8', '10fec80c-a58e-4f95-ac64-7456a2b150a8', '80eb122f-e58e-4ee6-8ca9-7ec1ceb245d0', false);
INSERT INTO art_ping.project_employee VALUES ('6959b00e-9875-4c02-9b2c-19ea18f0115c', '10fec80c-a58e-4f95-ac64-7456a2b150a8', 'e29c42aa-1923-468d-92cc-6543541d65c6', false);
INSERT INTO art_ping.project_employee VALUES ('3ff15c8e-5398-4e81-8ed8-6b73b7200aa1', '10fec80c-a58e-4f95-ac64-7456a2b150a8', 'b7780f63-4092-4c43-b855-0af2523f644c', false);
INSERT INTO art_ping.project_employee VALUES ('229bb6f4-d5e9-4c2d-b05e-b1bfad454775', '10fec80c-a58e-4f95-ac64-7456a2b150a8', 'a3f5c7b4-fba6-4630-9d7e-3cf64001368a', false);
INSERT INTO art_ping.project_employee VALUES ('20ceb87a-cbee-47a0-aa51-fb197c0ad292', '10fec80c-a58e-4f95-ac64-7456a2b150a8', '308ced5a-35ab-483f-ad1d-b705e7d67578', false);
INSERT INTO art_ping.project_employee VALUES ('a6114a9d-4871-4bcd-a294-5afb9e6fbb4f', '10fec80c-a58e-4f95-ac64-7456a2b150a8', '3f6ab95e-9529-4932-996b-26b5494d8518', false);
INSERT INTO art_ping.project_employee VALUES ('0b4da159-8fcf-4f0f-88ea-19f0a838c265', '10fec80c-a58e-4f95-ac64-7456a2b150a8', 'ef1a352f-9385-48f8-8241-ac27542dc048', false);
INSERT INTO art_ping.project_employee VALUES ('73374217-2f87-4021-8c1c-4e13338dd147', '10fec80c-a58e-4f95-ac64-7456a2b150a8', '154b73f8-e56f-42af-8131-08d4912597c8', false);
INSERT INTO art_ping.project_employee VALUES ('7554e6de-ce2e-4985-a9e2-dafa58aaa37c', '10fec80c-a58e-4f95-ac64-7456a2b150a8', '9674a6de-68c3-4199-9715-44a7c0aede32', false);
INSERT INTO art_ping.project_employee VALUES ('d59ae2eb-26a5-4143-9f60-7cf67639593b', '10fec80c-a58e-4f95-ac64-7456a2b150a8', '61973623-7ea1-40ad-bb08-a2d7b4a237e7', false);
INSERT INTO art_ping.project_employee VALUES ('e33522d6-cdae-4a8c-85a8-6a068b3144d2', '10fec80c-a58e-4f95-ac64-7456a2b150a8', 'ee0769af-652c-4ed0-aec4-f09c72a54f84', false);
INSERT INTO art_ping.project VALUES ('a69b6e4e-5bd1-481f-a042-9c46d08f80f0', 'project46', true);
INSERT INTO art_ping.project_employee VALUES ('838a0226-776c-491e-a30b-503b41bcf583', 'a69b6e4e-5bd1-481f-a042-9c46d08f80f0', '505a4104-acaf-48db-bf7c-45656c6d915e', false);
INSERT INTO art_ping.project_employee VALUES ('26148cc2-e798-4808-a441-12bc00eabaeb', 'a69b6e4e-5bd1-481f-a042-9c46d08f80f0', 'c87d7ac2-9439-45f3-b83f-350db105adf3', false);
INSERT INTO art_ping.project_employee VALUES ('9b7767bd-89d9-41df-bb09-885111b49afb', 'a69b6e4e-5bd1-481f-a042-9c46d08f80f0', 'c2d2f97e-8a11-4a1b-bc6f-ea054abe0e77', false);
INSERT INTO art_ping.project_employee VALUES ('0f978620-2fdb-4ac0-b53f-5243177f02ce', 'a69b6e4e-5bd1-481f-a042-9c46d08f80f0', 'af63e045-ff18-4cc6-893b-1d088e0fc2cf', false);
INSERT INTO art_ping.project_employee VALUES ('9ca8b9a8-314d-4e83-bfe6-5a937ab5881b', 'a69b6e4e-5bd1-481f-a042-9c46d08f80f0', 'b41a2ef2-3d6c-4087-ae26-451f83c475fa', false);
INSERT INTO art_ping.project_employee VALUES ('a271f61a-a345-4b4e-b125-91cfc9518679', 'a69b6e4e-5bd1-481f-a042-9c46d08f80f0', '49ca6af2-2766-489a-99af-6c617ccda1d4', false);
INSERT INTO art_ping.project_employee VALUES ('f24839fb-fbff-4e3b-a3ed-8611db98cdd8', 'a69b6e4e-5bd1-481f-a042-9c46d08f80f0', 'ca0da76d-74ec-4bd0-b2b7-83fa512b3234', false);
INSERT INTO art_ping.project_employee VALUES ('5101d46f-ba42-4f44-82ac-43184678f094', 'a69b6e4e-5bd1-481f-a042-9c46d08f80f0', 'ebe345b1-8695-49eb-ae32-d301489c4434', false);
INSERT INTO art_ping.project_employee VALUES ('147fa7c3-3531-44df-b7c7-b86ae098e410', 'a69b6e4e-5bd1-481f-a042-9c46d08f80f0', '6f72e149-282d-4937-90ea-ff1fd12e9bed', false);
INSERT INTO art_ping.project_employee VALUES ('2580b156-5abc-4063-8ce1-aa9279805173', 'a69b6e4e-5bd1-481f-a042-9c46d08f80f0', '59ecffe2-a78d-4d3b-a20e-5b1360fb1749', false);
INSERT INTO art_ping.project VALUES ('34e766b2-2c8e-4b1e-921f-d16a12dbefb5', 'project47', true);
INSERT INTO art_ping.project_employee VALUES ('e56a82c6-af05-4fe1-908d-b8ed288ea9da', '34e766b2-2c8e-4b1e-921f-d16a12dbefb5', '75257361-002d-4a84-a6a7-45bdd09516c7', false);
INSERT INTO art_ping.project_employee VALUES ('76976a5f-8b76-455d-a9cb-509dafd9e844', '34e766b2-2c8e-4b1e-921f-d16a12dbefb5', '1bdc9fbe-a832-48d7-8ab9-dd59882f1cb7', false);
INSERT INTO art_ping.project_employee VALUES ('1ee90a07-64c7-46ea-a9d1-562f55367d85', '34e766b2-2c8e-4b1e-921f-d16a12dbefb5', '35eea3b2-a3c0-4965-8160-e17ea8399ce0', false);
INSERT INTO art_ping.project_employee VALUES ('b13e6cd0-4f7e-4c7b-9572-84e5e2da9869', '34e766b2-2c8e-4b1e-921f-d16a12dbefb5', '00a1e1c7-4a51-4f70-84a3-a423c0acacf6', false);
INSERT INTO art_ping.project_employee VALUES ('7d4f1f40-b03c-4d97-9db0-ba23792fa1b3', '34e766b2-2c8e-4b1e-921f-d16a12dbefb5', 'f1390d56-a7f9-4ed6-a315-8e5d3128590e', false);
INSERT INTO art_ping.project_employee VALUES ('6d44d5e4-322f-4a49-afcd-3895b481a5f6', '34e766b2-2c8e-4b1e-921f-d16a12dbefb5', '80544bcc-4286-4ed6-8981-323152036cde', false);
INSERT INTO art_ping.project_employee VALUES ('d2c4295e-529a-40a0-b728-053fdfaeda09', '34e766b2-2c8e-4b1e-921f-d16a12dbefb5', '05d92b13-3f1e-4326-b4db-bb684357cfe5', false);
INSERT INTO art_ping.project_employee VALUES ('78f6e1ca-8db4-422c-af1e-f8ca6e0e5da6', '34e766b2-2c8e-4b1e-921f-d16a12dbefb5', '2ff27e9f-d09e-4abf-81e0-e434c1b058e0', false);
INSERT INTO art_ping.project_employee VALUES ('09bcbf47-d5ea-4276-a49b-9ffd781ee42b', '34e766b2-2c8e-4b1e-921f-d16a12dbefb5', '6919a1f9-906a-4fe4-8794-3852560267b3', false);
INSERT INTO art_ping.project_employee VALUES ('4ad038f2-90f7-4c66-ac27-338143c20695', '34e766b2-2c8e-4b1e-921f-d16a12dbefb5', '833f10ad-97d4-43ed-ade5-8b0a843aabbf', false);
INSERT INTO art_ping.project VALUES ('2f50ef22-3c6a-494e-8bc7-c03e05fe7c1d', 'project48', true);
INSERT INTO art_ping.project_employee VALUES ('11405093-b129-43db-a605-ef2ba936023b', '2f50ef22-3c6a-494e-8bc7-c03e05fe7c1d', '0ef87a64-d84c-423a-b727-7f198f0a7d18', false);
INSERT INTO art_ping.project_employee VALUES ('9f4b199f-74bd-46c5-b4c0-cef9a4ae41ee', '2f50ef22-3c6a-494e-8bc7-c03e05fe7c1d', 'c9044c5e-a7bd-4a3e-a2dc-077e7b2dd274', false);
INSERT INTO art_ping.project_employee VALUES ('d19b0df4-d04e-4730-a816-9a70b43d91ac', '2f50ef22-3c6a-494e-8bc7-c03e05fe7c1d', '8b7aa8af-fcb3-472e-a2ff-f74f8f941a0b', false);
INSERT INTO art_ping.project_employee VALUES ('735b0152-e83d-4b53-85b9-7255f8b6dd11', '2f50ef22-3c6a-494e-8bc7-c03e05fe7c1d', '7bf9589d-3f5b-4251-95fa-912eed7a1001', false);
INSERT INTO art_ping.project_employee VALUES ('fc1e9877-8722-4d3d-8bc4-8c6cce00fea0', '2f50ef22-3c6a-494e-8bc7-c03e05fe7c1d', '3fc44eaa-159e-4a3b-9c82-65fc88092e3b', false);
INSERT INTO art_ping.project_employee VALUES ('e02eee5c-ca8b-43a2-81e4-5c6b19e6f6c5', '2f50ef22-3c6a-494e-8bc7-c03e05fe7c1d', 'be36ac3d-6a67-478b-909c-3811de330c9a', false);
INSERT INTO art_ping.project_employee VALUES ('6003c014-4246-4129-9e76-7a9403d3866d', '2f50ef22-3c6a-494e-8bc7-c03e05fe7c1d', '9923f9ff-3d98-49be-a1a7-75f0de86dbc0', false);
INSERT INTO art_ping.project_employee VALUES ('2cc0a4a0-8850-4743-ac5c-88f22a79823e', '2f50ef22-3c6a-494e-8bc7-c03e05fe7c1d', 'd0ae51d6-3f25-42a4-aab6-bcdec2a7d13b', false);
INSERT INTO art_ping.project_employee VALUES ('a1207bf3-a32f-4dd8-9814-df3961ffb37d', '2f50ef22-3c6a-494e-8bc7-c03e05fe7c1d', 'da7fe6a8-3541-4b03-8804-056261fc2bd8', false);
INSERT INTO art_ping.project_employee VALUES ('35c07752-cc32-4449-87dc-f34a57bf6b2f', '2f50ef22-3c6a-494e-8bc7-c03e05fe7c1d', '51bc8980-3c9f-4afe-8a7b-bacfd2955566', false);
INSERT INTO art_ping.project_employee VALUES ('6fea3ead-8e1b-44a0-a8bc-faee3d0e34a5', '2f50ef22-3c6a-494e-8bc7-c03e05fe7c1d', '318db25a-3b1d-4fa4-ad56-98a5dcd56271', false);
INSERT INTO art_ping.project_employee VALUES ('5f0c4ea9-4e44-43c7-a86e-d52286ff1e3e', '2f50ef22-3c6a-494e-8bc7-c03e05fe7c1d', '35a3185c-b449-4041-a98b-51e2e4bdfa4c', false);
INSERT INTO art_ping.project_employee VALUES ('bcc14d7b-3e3f-42cc-bbd6-a1d847b0bcc3', '2f50ef22-3c6a-494e-8bc7-c03e05fe7c1d', '4dd27506-c685-49ae-b937-9633272a83d8', false);
INSERT INTO art_ping.project_employee VALUES ('fdc6df07-9a19-4f18-bce1-c07dc9484586', '2f50ef22-3c6a-494e-8bc7-c03e05fe7c1d', 'f93f3f29-0c4a-40d7-8014-b1e56e528dd6', false);
INSERT INTO art_ping.project_employee VALUES ('13b94ef6-5215-4463-af31-5f670e91293f', '2f50ef22-3c6a-494e-8bc7-c03e05fe7c1d', 'df1c1f90-b73e-4ab9-8dde-4101ce4f40a6', false);
INSERT INTO art_ping.project_employee VALUES ('71edc2c6-95ca-4e53-b292-5de98f86b9a9', '2f50ef22-3c6a-494e-8bc7-c03e05fe7c1d', 'e637a3c6-071d-4d33-ad8e-b0f4dafd9365', false);
INSERT INTO art_ping.project_employee VALUES ('0210c148-6c3a-4806-a062-41c46fc1f82c', '2f50ef22-3c6a-494e-8bc7-c03e05fe7c1d', 'b9aad10a-27f0-4bf2-b520-2686dff5c1d0', false);
INSERT INTO art_ping.project_employee VALUES ('379fb42a-36d7-4ffa-ae9f-0ccc7a3b111e', '2f50ef22-3c6a-494e-8bc7-c03e05fe7c1d', '3666fedf-cdb0-49c8-83b8-728556b637ce', false);
INSERT INTO art_ping.project_employee VALUES ('0e136868-3b09-45fc-8409-5a948172ec31', '2f50ef22-3c6a-494e-8bc7-c03e05fe7c1d', '14bf6a76-9d34-4790-bf5c-c0bd399543dd', false);
INSERT INTO art_ping.project VALUES ('1c243b2f-e635-49bb-94b3-328aefaac459', 'project49', true);
INSERT INTO art_ping.project_employee VALUES ('0ac80f2c-22b4-4372-80d1-8c7d8d537c12', '1c243b2f-e635-49bb-94b3-328aefaac459', 'e624598c-6a5f-41d2-bab6-db6319e50259', false);
INSERT INTO art_ping.project_employee VALUES ('dde7bb67-1ca7-48a6-86bc-ea8af24895c7', '1c243b2f-e635-49bb-94b3-328aefaac459', 'a3eba660-ebad-4453-92f8-72def095c50d', false);
INSERT INTO art_ping.project_employee VALUES ('5ee0a282-ded3-484a-97d6-12515be4491d', '1c243b2f-e635-49bb-94b3-328aefaac459', 'b661d5fb-e6f6-4bb7-8f3b-415d1edfda19', false);
INSERT INTO art_ping.project_employee VALUES ('f952bea5-79d6-4aef-9140-d53696de9d7b', '1c243b2f-e635-49bb-94b3-328aefaac459', 'cf0d3889-ccf9-4c1a-8cab-2c364d1fd976', false);
INSERT INTO art_ping.project VALUES ('af62a45f-23e4-4815-99fd-4c785bed2c26', 'project50', true);
INSERT INTO art_ping.project_employee VALUES ('a0a783bc-704a-4af4-89d1-f079673b538f', 'af62a45f-23e4-4815-99fd-4c785bed2c26', '34c4844f-74cd-480a-8c3a-696b6ae60e22', false);
INSERT INTO art_ping.project_employee VALUES ('869cfcda-048b-4f19-a20d-36f1d095ed07', 'af62a45f-23e4-4815-99fd-4c785bed2c26', 'dcd42cdf-5ec9-480b-b386-1a36c1f1fb80', false);
INSERT INTO art_ping.project_employee VALUES ('3aab7806-edb6-4197-adb0-566a256b9e9e', 'af62a45f-23e4-4815-99fd-4c785bed2c26', '004faa79-f42b-4f41-8bca-6c70dab97ec7', false);
INSERT INTO art_ping.project_employee VALUES ('47365fca-95f0-4431-86bc-3c82ecaaf463', 'af62a45f-23e4-4815-99fd-4c785bed2c26', 'c9044c5e-a7bd-4a3e-a2dc-077e7b2dd274', false);
INSERT INTO art_ping.project_employee VALUES ('b825ee36-5bb3-4cf8-b261-c9d097f822b3', 'af62a45f-23e4-4815-99fd-4c785bed2c26', '8c0aa537-18de-454b-9b44-889e04071437', false);
INSERT INTO art_ping.project_employee VALUES ('efe06a53-cffe-4ca4-98a6-4c39cd7fb514', 'af62a45f-23e4-4815-99fd-4c785bed2c26', '5d46f018-3b59-4c1d-8d29-10f45690104b', false);
INSERT INTO art_ping.project_employee VALUES ('c7f47653-6bdf-4ebb-99b0-f66064b025d0', 'af62a45f-23e4-4815-99fd-4c785bed2c26', '5a7f29f2-c165-4475-af5c-0c41a0d9b49a', false);
INSERT INTO art_ping.project_employee VALUES ('aa5e5ff8-ccb0-4e3e-9ac8-c86d5568f431', 'af62a45f-23e4-4815-99fd-4c785bed2c26', 'bc0fcf18-417f-470c-bb5b-075ee1ab870f', false);
INSERT INTO art_ping.project_employee VALUES ('f10e72a1-3e0f-4025-a43c-ce279419e9b8', 'af62a45f-23e4-4815-99fd-4c785bed2c26', 'b155eaf8-7e88-4d0a-992f-8ee70d8b37e5', false);
INSERT INTO art_ping.project_employee VALUES ('1a2b490f-c8bc-446a-92a7-52163e025b11', 'af62a45f-23e4-4815-99fd-4c785bed2c26', 'a5637101-c194-4d4e-a661-313569df8625', false);
INSERT INTO art_ping.project VALUES ('f8b41ec2-2282-41d3-a443-d836bbf00750', 'project51', true);
INSERT INTO art_ping.project_employee VALUES ('d7c38260-ba45-4673-b271-9e415116ebbb', 'f8b41ec2-2282-41d3-a443-d836bbf00750', '33dfdf17-ad6b-4f18-9ce2-d1fce01adf7e', false);
INSERT INTO art_ping.project_employee VALUES ('5476030e-7dbf-4f8f-89b2-2418cd37ffa8', 'f8b41ec2-2282-41d3-a443-d836bbf00750', '73f8c180-f844-4105-8870-8765ece45ad2', false);
INSERT INTO art_ping.project_employee VALUES ('d8d56338-bdab-4750-84a0-5b17283e12f4', 'f8b41ec2-2282-41d3-a443-d836bbf00750', 'ccd5828e-2daa-4dbe-8c87-a5b5722653cb', false);
INSERT INTO art_ping.project_employee VALUES ('39e06a2c-e755-4a21-aed8-66011a1e0294', 'f8b41ec2-2282-41d3-a443-d836bbf00750', '41234909-6955-4dc2-a067-e763eb720fc1', false);
INSERT INTO art_ping.project_employee VALUES ('53960746-4229-4647-b71f-9aeb42e9537b', 'f8b41ec2-2282-41d3-a443-d836bbf00750', 'bc438fea-080a-4eda-86f8-fa420336a002', false);
INSERT INTO art_ping.project_employee VALUES ('9c1b5e4a-0efd-4307-952a-71dee4267467', 'f8b41ec2-2282-41d3-a443-d836bbf00750', '1b8856af-6593-492a-9fcd-fe63e89abfed', false);
INSERT INTO art_ping.project_employee VALUES ('de16250c-9705-47db-a594-be54ae17f641', 'f8b41ec2-2282-41d3-a443-d836bbf00750', '6ea9e0cd-7d8b-4673-b90c-8aec9bfba868', false);
INSERT INTO art_ping.project_employee VALUES ('f237ae08-ea3f-4ea7-94bf-0e697a25b052', 'f8b41ec2-2282-41d3-a443-d836bbf00750', '62becc2a-b2e8-4c91-a5ba-31e279a16d9c', false);
INSERT INTO art_ping.project_employee VALUES ('a37e3ae9-fd57-414e-beeb-8d8f4e33ef50', 'f8b41ec2-2282-41d3-a443-d836bbf00750', '8e0f0958-a38e-4654-bd93-59c73dbb4de4', false);
INSERT INTO art_ping.project_employee VALUES ('d8f43e49-2c2e-4448-ad8f-68651bce51ec', 'f8b41ec2-2282-41d3-a443-d836bbf00750', '5fca0cc8-1e0c-4817-9607-8cccf8d8c202', false);
INSERT INTO art_ping.project_employee VALUES ('307b2825-4cb2-4801-aa4e-be898cee1cfc', 'f8b41ec2-2282-41d3-a443-d836bbf00750', 'e47a9330-d261-4c18-907a-b96e441d06ec', false);
INSERT INTO art_ping.project_employee VALUES ('21e2c8c1-4677-42f9-b474-ba0430b0e84e', 'f8b41ec2-2282-41d3-a443-d836bbf00750', 'ebe345b1-8695-49eb-ae32-d301489c4434', false);
INSERT INTO art_ping.project_employee VALUES ('5f9815c5-4432-45a2-a869-4dd693db0b66', 'f8b41ec2-2282-41d3-a443-d836bbf00750', 'c1c408a4-5c48-45b6-acee-bab5fb93950a', false);
INSERT INTO art_ping.project_employee VALUES ('dde05244-34ba-4e9c-8828-660ca74c532d', 'f8b41ec2-2282-41d3-a443-d836bbf00750', 'f13996b1-1d4e-4031-b848-4d38e070ae36', false);
INSERT INTO art_ping.project_employee VALUES ('fd8407b5-54cf-48da-a4e3-33c820b51a97', 'f8b41ec2-2282-41d3-a443-d836bbf00750', '47ce1e37-e6ee-4e8d-9de8-6d2ee8835dcf', false);
INSERT INTO art_ping.project_employee VALUES ('2846ae09-1c27-43bd-940d-11e61fa3aadf', 'f8b41ec2-2282-41d3-a443-d836bbf00750', 'f9cbd2b4-d97d-4265-a5c3-4430f0614efa', false);
INSERT INTO art_ping.project_employee VALUES ('d2529aa2-6b03-45de-9982-3af78a3f3aa9', 'f8b41ec2-2282-41d3-a443-d836bbf00750', 'a6790baa-fb04-4966-8a25-39972358d9b7', false);
INSERT INTO art_ping.project_employee VALUES ('73e43306-cd40-4279-85c7-0f811080e53d', 'f8b41ec2-2282-41d3-a443-d836bbf00750', '99756689-c14e-4cdb-8599-10f40d956fcc', false);
INSERT INTO art_ping.project VALUES ('d6f25566-1b18-474f-ad09-0f2116b765d0', 'project52', true);
INSERT INTO art_ping.project_employee VALUES ('dea09902-40fa-4a4b-b225-909b2371f31a', 'd6f25566-1b18-474f-ad09-0f2116b765d0', '1b23321d-fad1-477f-92d5-df44df9dfecd', false);
INSERT INTO art_ping.project_employee VALUES ('90b56a83-e16c-45af-be58-e5eccb7ba515', 'd6f25566-1b18-474f-ad09-0f2116b765d0', '47f45c62-b0ab-4f70-b60b-71c1f078dbe5', false);
INSERT INTO art_ping.project_employee VALUES ('0b1c00fc-2fe3-45d8-9670-ed6e015f680f', 'd6f25566-1b18-474f-ad09-0f2116b765d0', '7da4e3d4-baa4-43cf-8f8d-b2e0c29145ab', false);
INSERT INTO art_ping.project_employee VALUES ('8c6bf31b-9eeb-4198-92df-d6ae09fe817e', 'd6f25566-1b18-474f-ad09-0f2116b765d0', 'a9d41662-5fbc-48d6-af6d-70bd1ccbf684', false);
INSERT INTO art_ping.project VALUES ('c4d33a2d-da1d-4242-a039-cd4f3ef61a8c', 'project53', true);
INSERT INTO art_ping.project_employee VALUES ('d8e59b43-f972-4aa1-9af9-0516bc7f9aa6', 'c4d33a2d-da1d-4242-a039-cd4f3ef61a8c', 'c497679e-3fec-4bcd-99a7-864f9803de1c', false);
INSERT INTO art_ping.project_employee VALUES ('2d5a06e3-26f2-4822-90e1-1276c4a95c83', 'c4d33a2d-da1d-4242-a039-cd4f3ef61a8c', '7a9a93b3-a6e3-42d4-ad7e-ce4ced0205d0', false);
INSERT INTO art_ping.project_employee VALUES ('ebea517a-959a-4193-ac3b-05667fe4f683', 'c4d33a2d-da1d-4242-a039-cd4f3ef61a8c', '86cf0bff-1a68-488a-8295-4222969a3ffb', false);
INSERT INTO art_ping.project_employee VALUES ('495cde81-2748-455d-ad70-41df39cb070d', 'c4d33a2d-da1d-4242-a039-cd4f3ef61a8c', '8826f860-dee3-4947-b021-60be37d05d15', false);
INSERT INTO art_ping.project_employee VALUES ('4b6db936-a113-4cf3-9f64-5023bf5a831c', 'c4d33a2d-da1d-4242-a039-cd4f3ef61a8c', 'ec427102-c9b5-4a13-8664-b383e0077ffc', false);
INSERT INTO art_ping.project_employee VALUES ('6e078dc9-ec52-4d64-8961-e3f1e768f0b3', 'c4d33a2d-da1d-4242-a039-cd4f3ef61a8c', 'd862cfce-2f50-4108-a9fb-aa7a9fbe601d', false);
INSERT INTO art_ping.project_employee VALUES ('c8568bc4-d870-420d-b164-74ccb7cbce36', 'c4d33a2d-da1d-4242-a039-cd4f3ef61a8c', 'df17a9a2-19ba-44cc-bb69-6050d9c2fb40', false);
INSERT INTO art_ping.project_employee VALUES ('ee0a5bad-eb13-4050-941a-b182081af767', 'c4d33a2d-da1d-4242-a039-cd4f3ef61a8c', 'ffb3f67e-7363-44b6-99e6-a38eca629edb', false);
INSERT INTO art_ping.project_employee VALUES ('a2de1f71-4198-4c59-90a4-94df503394e8', 'c4d33a2d-da1d-4242-a039-cd4f3ef61a8c', '14bf6a76-9d34-4790-bf5c-c0bd399543dd', false);
INSERT INTO art_ping.project VALUES ('57b5b83a-db99-4a14-a196-2d05527698bb', 'project54', true);
INSERT INTO art_ping.project_employee VALUES ('1d09daef-6d4e-446f-829e-7493fc2941d8', '57b5b83a-db99-4a14-a196-2d05527698bb', '6dc96164-1a4e-4d40-a791-6e3eb28ece7f', false);
INSERT INTO art_ping.project_employee VALUES ('8355d13a-010e-412c-ba7a-43bbdb0aa10c', '57b5b83a-db99-4a14-a196-2d05527698bb', '538a87f4-a5ad-435e-8e83-fed368ab2fdf', false);
INSERT INTO art_ping.project_employee VALUES ('d26c79b2-3501-46d9-8f25-cea239f25c85', '57b5b83a-db99-4a14-a196-2d05527698bb', 'c46f6f86-7e74-4c03-884c-e25c91cc4946', false);
INSERT INTO art_ping.project_employee VALUES ('35433da7-a100-4b63-b2df-8829fceedaa9', '57b5b83a-db99-4a14-a196-2d05527698bb', 'df693f88-209f-42b6-926e-457b8aeb2af9', false);
INSERT INTO art_ping.project_employee VALUES ('d11305f7-ec58-4959-8338-e922563d2409', '57b5b83a-db99-4a14-a196-2d05527698bb', 'bd32c8d1-6aef-441b-bbb2-0bda4758f204', false);
INSERT INTO art_ping.project_employee VALUES ('04e93a70-9c65-4e22-ba4b-3b4485fcadb2', '57b5b83a-db99-4a14-a196-2d05527698bb', '996bd995-cc56-418a-9d28-a230fd00fb49', false);
INSERT INTO art_ping.project VALUES ('1f553843-fde3-490f-a968-97ec901d9d75', 'project55', true);
INSERT INTO art_ping.project_employee VALUES ('02288374-ab42-4d6c-8fb4-4c6a7243e1d9', '1f553843-fde3-490f-a968-97ec901d9d75', 'a8b9309e-c214-4c4d-ae3a-0e27045efb35', false);
INSERT INTO art_ping.project_employee VALUES ('aa345d91-98a9-4b6e-b2f1-3f8236d9f00a', '1f553843-fde3-490f-a968-97ec901d9d75', '538a87f4-a5ad-435e-8e83-fed368ab2fdf', false);
INSERT INTO art_ping.project_employee VALUES ('48060310-3df9-4e96-a701-b111e1720736', '1f553843-fde3-490f-a968-97ec901d9d75', 'b7c568d9-7290-4a23-80af-1a9516e4914e', false);
INSERT INTO art_ping.project_employee VALUES ('634d14e0-5895-4d70-952e-8408b4cf76ba', '1f553843-fde3-490f-a968-97ec901d9d75', '577eae4c-cf68-4566-96cd-5d990ee35d36', false);
INSERT INTO art_ping.project VALUES ('ceb60095-a1de-4676-8b88-159df390b9fc', 'project56', true);
INSERT INTO art_ping.project_employee VALUES ('1c5ea7e2-112b-49a2-9a90-4362573993a6', 'ceb60095-a1de-4676-8b88-159df390b9fc', '1a5484bd-7b93-4ed8-a7f7-26e3af3c9b10', false);
INSERT INTO art_ping.project_employee VALUES ('627a4349-1850-4fef-a329-617c62604583', 'ceb60095-a1de-4676-8b88-159df390b9fc', '4242e906-afdd-451d-828a-ce35ca2d9931', false);
INSERT INTO art_ping.project_employee VALUES ('e8a534d7-b061-45df-a71a-d478287d64c9', 'ceb60095-a1de-4676-8b88-159df390b9fc', 'ff815e1a-552a-4b9e-bb37-738ff0b16e61', false);
INSERT INTO art_ping.project_employee VALUES ('18fa3726-1551-409b-9d9d-778f68273f8e', 'ceb60095-a1de-4676-8b88-159df390b9fc', 'f1390d56-a7f9-4ed6-a315-8e5d3128590e', false);
INSERT INTO art_ping.project_employee VALUES ('21eaa853-2203-446c-847c-d63579c0651e', 'ceb60095-a1de-4676-8b88-159df390b9fc', '62fcf142-7cf8-4257-80ef-b43137c8dbd2', false);
INSERT INTO art_ping.project_employee VALUES ('c4bd752d-6946-4877-99ef-a8cd40a52210', 'ceb60095-a1de-4676-8b88-159df390b9fc', 'ce38fb77-90e4-469d-9e4b-2164de440b56', false);
INSERT INTO art_ping.project_employee VALUES ('c1a04c05-e15f-4c45-b09b-26a2aef3264f', 'ceb60095-a1de-4676-8b88-159df390b9fc', 'bfce59ea-ee35-429a-8f21-43a5b18b601d', false);
INSERT INTO art_ping.project_employee VALUES ('a511d963-6d19-4043-9b45-9c84a3d74d49', 'ceb60095-a1de-4676-8b88-159df390b9fc', '9674a6de-68c3-4199-9715-44a7c0aede32', false);
INSERT INTO art_ping.project_employee VALUES ('51021ac8-672e-420f-b122-56afdcbd51a8', 'ceb60095-a1de-4676-8b88-159df390b9fc', '76db39d9-b2ab-470a-af66-04427497d652', false);
INSERT INTO art_ping.project_employee VALUES ('21f3db53-81f1-4192-9580-32a0e1f4198e', 'ceb60095-a1de-4676-8b88-159df390b9fc', '55743fe3-5eb2-4bcb-a294-96956680a9f5', false);
INSERT INTO art_ping.project VALUES ('71a9ab56-282f-4640-ad2a-e76747f51ac1', 'project57', true);
INSERT INTO art_ping.project_employee VALUES ('74dd690d-05fc-4d39-b314-df10396a5f18', '71a9ab56-282f-4640-ad2a-e76747f51ac1', '515b00bb-3a1a-4c42-9349-ba7e5577b69d', false);
INSERT INTO art_ping.project_employee VALUES ('8d62faac-65ae-4b74-aaa2-606f2dc044a3', '71a9ab56-282f-4640-ad2a-e76747f51ac1', '19a66dc2-080d-4711-abe3-a97cbda9803b', false);
INSERT INTO art_ping.project_employee VALUES ('eb852fe8-a36f-4298-8397-b57c5b10c809', '71a9ab56-282f-4640-ad2a-e76747f51ac1', '5648ab49-662f-4584-9194-51d0dd974a77', false);
INSERT INTO art_ping.project_employee VALUES ('e4de92fc-b17b-4387-a8ce-283da7e7b18a', '71a9ab56-282f-4640-ad2a-e76747f51ac1', 'd24fad58-5692-48dc-bb9a-c2e6e6751114', false);
INSERT INTO art_ping.project_employee VALUES ('83dcc97c-cd9a-4aac-82f3-e22c01e63b4b', '71a9ab56-282f-4640-ad2a-e76747f51ac1', '41764999-aa9b-4509-a434-09e9393347d2', false);
INSERT INTO art_ping.project_employee VALUES ('a07b4182-61cf-40b1-b486-7dbd95f5fe1b', '71a9ab56-282f-4640-ad2a-e76747f51ac1', '47813b39-a1ac-4b21-ab4f-1b9a01ccb067', false);
INSERT INTO art_ping.project_employee VALUES ('d1c8dfd1-08bd-4712-8566-fafe2bdeef91', '71a9ab56-282f-4640-ad2a-e76747f51ac1', '915343c7-b40e-4730-975b-f21ed4590532', false);
INSERT INTO art_ping.project_employee VALUES ('1692a05b-da65-4c70-ac8e-5caed32fcfc5', '71a9ab56-282f-4640-ad2a-e76747f51ac1', 'fc80d3d5-13f2-4802-9d0f-ed66529758da', false);
INSERT INTO art_ping.project_employee VALUES ('5f9427b2-d7ed-4cab-a28a-004a769976a9', '71a9ab56-282f-4640-ad2a-e76747f51ac1', '1a5484bd-7b93-4ed8-a7f7-26e3af3c9b10', false);
INSERT INTO art_ping.project_employee VALUES ('b1531f3d-0b60-4b32-8477-f1e2d5ad3e27', '71a9ab56-282f-4640-ad2a-e76747f51ac1', '13462e56-1fb5-4ebf-bd36-0bf0a91515b9', false);
INSERT INTO art_ping.project_employee VALUES ('67f7579c-8d1f-4f9f-afd4-84c53c7b6bb5', '71a9ab56-282f-4640-ad2a-e76747f51ac1', '87bdf85f-ffd8-492a-bf8b-60745059aea1', false);
INSERT INTO art_ping.project_employee VALUES ('cdaa9bd7-cd0e-4488-b650-a55d132031cd', '71a9ab56-282f-4640-ad2a-e76747f51ac1', '92bdf01e-cbbd-4d9f-88a5-c6fa0275dfae', false);
INSERT INTO art_ping.project_employee VALUES ('059a8a6e-4a4c-4d45-9fd9-566216488c6e', '71a9ab56-282f-4640-ad2a-e76747f51ac1', 'd6034534-a8c2-46dd-bb1f-80911883501d', false);
INSERT INTO art_ping.project_employee VALUES ('8419ae43-864f-4d78-962f-095d62092199', '71a9ab56-282f-4640-ad2a-e76747f51ac1', '53575704-25ba-4db4-ad32-e4be90469b7f', false);
INSERT INTO art_ping.project_employee VALUES ('71931d82-16d9-4f6b-a9e2-09756ca64d67', '71a9ab56-282f-4640-ad2a-e76747f51ac1', '80544bcc-4286-4ed6-8981-323152036cde', false);
INSERT INTO art_ping.project_employee VALUES ('f6c94b5e-48f6-45c4-9367-861c1c8ccceb', '71a9ab56-282f-4640-ad2a-e76747f51ac1', '47b6825b-171e-4f90-9288-c97daba27265', false);
INSERT INTO art_ping.project_employee VALUES ('ff82a2d5-d3f7-42b5-9142-10325edc4ddc', '71a9ab56-282f-4640-ad2a-e76747f51ac1', '74511b13-e9ee-41b9-8e2f-38bc890316a5', false);
INSERT INTO art_ping.project_employee VALUES ('09c7a458-3513-44a4-998f-e89a801ec542', '71a9ab56-282f-4640-ad2a-e76747f51ac1', 'ae2b42a2-d149-411e-814b-0edded87714b', false);
INSERT INTO art_ping.project VALUES ('2aead069-0115-4021-90bd-e44e099a7f36', 'project58', true);
INSERT INTO art_ping.project_employee VALUES ('1f2eebb6-c40a-4038-aedf-87f77b4a2610', '2aead069-0115-4021-90bd-e44e099a7f36', '43d8804d-1c4a-41b3-aba0-8c2291613b1a', false);
INSERT INTO art_ping.project_employee VALUES ('af7af40d-2ebe-4c1f-b06d-b4c97200955b', '2aead069-0115-4021-90bd-e44e099a7f36', 'ccad329c-10c6-4578-a85d-415575b47d16', false);
INSERT INTO art_ping.project_employee VALUES ('e3427d4a-dd70-4505-a9b0-ec11da945c8e', '2aead069-0115-4021-90bd-e44e099a7f36', 'e5e3df29-b6ee-459b-ae9d-e725b68bbafb', false);
INSERT INTO art_ping.project_employee VALUES ('1d66067b-ca23-4e34-b677-f6bbd1c3c78e', '2aead069-0115-4021-90bd-e44e099a7f36', '507da374-840a-4ddb-8aa6-98fb673152ec', false);
INSERT INTO art_ping.project_employee VALUES ('f6b57492-2153-4370-a83a-7b0af82ad4fc', '2aead069-0115-4021-90bd-e44e099a7f36', '048b2bcc-59bf-4a1e-bde6-8dc5f3ae1808', false);
INSERT INTO art_ping.project_employee VALUES ('6018c096-790f-46f8-8418-01cb3ba4df1a', '2aead069-0115-4021-90bd-e44e099a7f36', '35af698d-59f4-4fb5-b154-07310af46e3d', false);
INSERT INTO art_ping.project_employee VALUES ('ad40ef12-8feb-44bb-9a88-ccfa722ea349', '2aead069-0115-4021-90bd-e44e099a7f36', 'da31df42-46d7-441b-9a2a-7ac8e563c02e', false);
INSERT INTO art_ping.project VALUES ('111bffe5-6591-42d6-92e4-714c9db399a6', 'project59', true);
INSERT INTO art_ping.project_employee VALUES ('13cbff3b-7af3-4735-a1f5-ce39188ae505', '111bffe5-6591-42d6-92e4-714c9db399a6', 'cf9635dd-8a0f-4d91-9da8-e58349558058', false);
INSERT INTO art_ping.project_employee VALUES ('81f47f40-bd45-4770-a929-1331376997ce', '111bffe5-6591-42d6-92e4-714c9db399a6', 'd94e1a84-d01b-4e15-b247-5f398d449dcf', false);
INSERT INTO art_ping.project_employee VALUES ('2d140fd1-1e6d-4773-9698-3955f0774407', '111bffe5-6591-42d6-92e4-714c9db399a6', '22e421f4-f965-46d0-a8c4-1a98b36d9c78', false);
INSERT INTO art_ping.project_employee VALUES ('8606760b-2a9f-4be4-9fb0-506689d0e381', '111bffe5-6591-42d6-92e4-714c9db399a6', '9e78a2ab-2fde-45ec-98bf-5b9315e22f61', false);
INSERT INTO art_ping.project_employee VALUES ('89e48a95-4015-4d81-87a1-b03d0a04ebd5', '111bffe5-6591-42d6-92e4-714c9db399a6', '8b0cf62b-565c-4ce2-8b86-343e96db374d', false);
INSERT INTO art_ping.project_employee VALUES ('5ba3f4dd-3521-4c9d-a7ba-1ecd2bc67187', '111bffe5-6591-42d6-92e4-714c9db399a6', '9b405656-6e10-4dd1-8397-999e319a030c', false);
INSERT INTO art_ping.project_employee VALUES ('049dc110-c0dc-409d-bf24-4975944251e5', '111bffe5-6591-42d6-92e4-714c9db399a6', '1726dad8-71cf-4ec6-8e13-5c8750de21c8', false);
INSERT INTO art_ping.project_employee VALUES ('2773e37a-4308-4a22-9b79-650232a0a7e8', '111bffe5-6591-42d6-92e4-714c9db399a6', '5ec97d35-2d20-4b14-9e4e-b3937580b7ae', false);
INSERT INTO art_ping.project_employee VALUES ('cc86bf8b-a0a8-4c77-89d2-ce91f327378e', '111bffe5-6591-42d6-92e4-714c9db399a6', 'b2e51409-a875-4030-a281-4fefeaddb10f', false);
INSERT INTO art_ping.project_employee VALUES ('7c5139ec-6464-43e2-8119-8bbfff24fcb2', '111bffe5-6591-42d6-92e4-714c9db399a6', 'e86f1abf-c2c7-4e09-a287-28e6bc3e35fb', false);
INSERT INTO art_ping.project_employee VALUES ('eeb0adf0-5b2a-4805-9d2c-885af8949d8e', '111bffe5-6591-42d6-92e4-714c9db399a6', 'e5e3df29-b6ee-459b-ae9d-e725b68bbafb', false);
INSERT INTO art_ping.project_employee VALUES ('c59946d6-8b37-4566-8c0e-dd3943d9f0c6', '111bffe5-6591-42d6-92e4-714c9db399a6', 'ad128cfd-07db-4120-8966-1b8f5eb8c861', false);
INSERT INTO art_ping.project_employee VALUES ('aca82b25-3705-441d-94a8-280bfc147f91', '111bffe5-6591-42d6-92e4-714c9db399a6', '14bf6a76-9d34-4790-bf5c-c0bd399543dd', false);
INSERT INTO art_ping.project VALUES ('4db5211d-4b52-4a3a-a839-7a6a99621fe0', 'project60', true);
INSERT INTO art_ping.project_employee VALUES ('4263e04a-7de9-44ad-a034-85e9c2158b02', '4db5211d-4b52-4a3a-a839-7a6a99621fe0', '757c6849-14ed-4cf4-82f8-f2693e708222', false);
INSERT INTO art_ping.project_employee VALUES ('caf560d6-b9df-4b14-8f1d-5a1533a660cb', '4db5211d-4b52-4a3a-a839-7a6a99621fe0', '3f6ab95e-9529-4932-996b-26b5494d8518', false);
INSERT INTO art_ping.project_employee VALUES ('223a5a62-5453-4e9c-94f4-ceb51fba3cf0', '4db5211d-4b52-4a3a-a839-7a6a99621fe0', 'ecff3071-8e08-4773-b824-cefc3f98780d', false);
INSERT INTO art_ping.project_employee VALUES ('4da85b3a-f073-47f1-8036-cba3a9b0a6d1', '4db5211d-4b52-4a3a-a839-7a6a99621fe0', 'ab9bb73f-921b-4cc7-aa09-0b699f6b914e', false);
INSERT INTO art_ping.project_employee VALUES ('a78d49dc-2e53-48ec-a8d7-84d56bd4a30d', '4db5211d-4b52-4a3a-a839-7a6a99621fe0', '7ff2ef7f-a10a-4b04-9df4-425dbe96e240', false);
INSERT INTO art_ping.project_employee VALUES ('f16acc0f-bcb8-4bdc-b6f6-d98a27d8bb1a', '4db5211d-4b52-4a3a-a839-7a6a99621fe0', 'de966046-f5fb-4ca2-8d50-20101a145eab', false);
INSERT INTO art_ping.project VALUES ('ca8d73b7-aeb1-4380-bca8-93f57b4f4f37', 'project61', true);
INSERT INTO art_ping.project_employee VALUES ('a333fe92-7078-46a1-9532-a5c60e3dc47e', 'ca8d73b7-aeb1-4380-bca8-93f57b4f4f37', 'a1b17097-439e-4632-a6ad-30e7eda50e80', false);
INSERT INTO art_ping.project_employee VALUES ('3a5a41fb-f026-497b-a179-8c4c50cd146f', 'ca8d73b7-aeb1-4380-bca8-93f57b4f4f37', '9015c159-7a00-4ec8-bc0e-6882efd215cc', false);
INSERT INTO art_ping.project_employee VALUES ('76821b85-bc86-462c-8577-fb108873ffb5', 'ca8d73b7-aeb1-4380-bca8-93f57b4f4f37', '90a02b61-94e7-4e76-ab63-d53544cb5234', false);
INSERT INTO art_ping.project_employee VALUES ('7aae058b-9863-4e09-a174-23f17040571f', 'ca8d73b7-aeb1-4380-bca8-93f57b4f4f37', '01133c1d-0029-463e-88df-5fafd35fcefe', false);
INSERT INTO art_ping.project_employee VALUES ('4f442e81-443d-42dd-b529-460036264bf9', 'ca8d73b7-aeb1-4380-bca8-93f57b4f4f37', '9e118fb6-b144-47c7-8bb9-3a2a80d66630', false);
INSERT INTO art_ping.project_employee VALUES ('d310d19d-1c01-4f69-b45c-99de0b5dce83', 'ca8d73b7-aeb1-4380-bca8-93f57b4f4f37', '6621bca0-b3a1-4a35-83bb-4f9d389b67d7', false);
INSERT INTO art_ping.project_employee VALUES ('6743c786-c9db-4fca-9db9-b0731abafd52', 'ca8d73b7-aeb1-4380-bca8-93f57b4f4f37', '3caacf5d-2a9e-4b36-8fa2-b3a5303147fa', false);
INSERT INTO art_ping.project_employee VALUES ('cee1c917-38c2-4bb8-b1e5-6fd9c85ef921', 'ca8d73b7-aeb1-4380-bca8-93f57b4f4f37', '1d7a619d-6274-4d4b-ab21-6ad4f343d8ac', false);
INSERT INTO art_ping.project_employee VALUES ('baf51f04-1a8c-4681-8cd1-45738376a32a', 'ca8d73b7-aeb1-4380-bca8-93f57b4f4f37', '3aeaf27b-c564-4870-b039-4c7a21febc45', false);
INSERT INTO art_ping.project_employee VALUES ('f38b904f-64b4-4402-be27-9d490d8eb073', 'ca8d73b7-aeb1-4380-bca8-93f57b4f4f37', '683a6a5f-6718-486b-9736-ad722ff6570d', false);
INSERT INTO art_ping.project_employee VALUES ('41995535-a106-4ef1-9560-27005d21eb01', 'ca8d73b7-aeb1-4380-bca8-93f57b4f4f37', '47813b39-a1ac-4b21-ab4f-1b9a01ccb067', false);
INSERT INTO art_ping.project_employee VALUES ('65373cae-d04f-4f5b-917b-61b032db106b', 'ca8d73b7-aeb1-4380-bca8-93f57b4f4f37', '81de19b3-4102-4be2-b92b-0f66fc0e3d16', false);
INSERT INTO art_ping.project_employee VALUES ('c1a3d3d4-07f8-479d-887c-cab4e087c375', 'ca8d73b7-aeb1-4380-bca8-93f57b4f4f37', '7935e512-2d6f-486f-96f6-3209b563c670', false);
INSERT INTO art_ping.project_employee VALUES ('50bafb13-db7a-4eac-863c-9fa2421981bd', 'ca8d73b7-aeb1-4380-bca8-93f57b4f4f37', '11f08932-f615-4629-9246-f439fc292b0c', false);
INSERT INTO art_ping.project_employee VALUES ('8fc9f06f-0eb4-4781-aabe-4eefb7f6361b', 'ca8d73b7-aeb1-4380-bca8-93f57b4f4f37', '56e9ab80-35f9-4034-8592-52a50a03a121', false);
INSERT INTO art_ping.project_employee VALUES ('fad1f257-ca33-4c33-bbb0-4ed1e23c7682', 'ca8d73b7-aeb1-4380-bca8-93f57b4f4f37', '83b49996-22c0-4243-ab54-574dc2275deb', false);
INSERT INTO art_ping.project VALUES ('063ca5a0-5e5c-43a4-ac01-0a8b9288040d', 'project62', true);
INSERT INTO art_ping.project_employee VALUES ('337a2424-9134-43de-baf1-245e6edb2ef8', '063ca5a0-5e5c-43a4-ac01-0a8b9288040d', 'e930521e-e6a0-4bf8-aba9-8b6811060576', false);
INSERT INTO art_ping.project_employee VALUES ('6600ff56-52b4-463c-875e-304f613a1c2c', '063ca5a0-5e5c-43a4-ac01-0a8b9288040d', 'e118eaff-ea44-4548-8941-28b1cb9ffd3a', false);
INSERT INTO art_ping.project_employee VALUES ('e1d09977-c350-4624-ad46-3620a9c9e803', '063ca5a0-5e5c-43a4-ac01-0a8b9288040d', '07414fc9-cf25-4373-ac8a-8132e3fb40d9', false);
INSERT INTO art_ping.project_employee VALUES ('09d34a87-714a-4bfc-8dba-3b09434098d6', '063ca5a0-5e5c-43a4-ac01-0a8b9288040d', 'e3453ceb-3aec-48b8-9376-a52af08e7111', false);
INSERT INTO art_ping.project_employee VALUES ('20bff890-5286-4e44-94d1-77112fde06aa', '063ca5a0-5e5c-43a4-ac01-0a8b9288040d', '010af88c-89e4-41b4-90d2-fdd9be0641f0', false);
INSERT INTO art_ping.project_employee VALUES ('38011956-153f-40e6-9410-c4ce582eca89', '063ca5a0-5e5c-43a4-ac01-0a8b9288040d', '3aeaf27b-c564-4870-b039-4c7a21febc45', false);
INSERT INTO art_ping.project_employee VALUES ('bfbd1938-69ef-49ec-987c-7d47fe443856', '063ca5a0-5e5c-43a4-ac01-0a8b9288040d', '4d14143a-4934-49e3-a791-a4ae03ae5170', false);
INSERT INTO art_ping.project_employee VALUES ('e236862b-e010-4f45-bca7-91b72d3949f6', '063ca5a0-5e5c-43a4-ac01-0a8b9288040d', '73e42f0e-569c-40be-9cc5-6b9141e09634', false);
INSERT INTO art_ping.project_employee VALUES ('6791f906-26c8-453e-86d2-3e0e409c5135', '063ca5a0-5e5c-43a4-ac01-0a8b9288040d', 'c657ade1-6670-4fa3-9858-1ffba5e72132', false);
INSERT INTO art_ping.project_employee VALUES ('da55a823-afe1-479c-ab5c-c367d67110c8', '063ca5a0-5e5c-43a4-ac01-0a8b9288040d', 'a9a30df2-0e61-43b4-ab85-7cda635d7531', false);
INSERT INTO art_ping.project VALUES ('f3986a97-fd66-443e-94e5-a36ad31af8fe', 'project63', true);
INSERT INTO art_ping.project_employee VALUES ('f51f6804-d673-4093-b6be-c82287398083', 'f3986a97-fd66-443e-94e5-a36ad31af8fe', 'dcd42cdf-5ec9-480b-b386-1a36c1f1fb80', false);
INSERT INTO art_ping.project_employee VALUES ('2750cd00-b634-4ef6-89a0-2e89d9e537dc', 'f3986a97-fd66-443e-94e5-a36ad31af8fe', '655dfc48-3658-43c6-81df-7d7c3a642499', false);
INSERT INTO art_ping.project_employee VALUES ('69518790-4fbd-49b7-8360-04e15c962cd3', 'f3986a97-fd66-443e-94e5-a36ad31af8fe', '750e6c14-3132-4292-bdc3-182c1b18373e', false);
INSERT INTO art_ping.project_employee VALUES ('23d03d13-dc04-4942-8fd0-6dddcb301cfb', 'f3986a97-fd66-443e-94e5-a36ad31af8fe', '5eba329b-26d1-470b-9c1d-9b45c8aef6c1', false);
INSERT INTO art_ping.project_employee VALUES ('5bd9090c-e0f6-43e1-a820-6fa19553fa1e', 'f3986a97-fd66-443e-94e5-a36ad31af8fe', '3e34d834-dd3d-46a3-943b-d2c271e9ce02', false);
INSERT INTO art_ping.project_employee VALUES ('edb5e934-cfe3-4c58-8f37-98c157ab5cf6', 'f3986a97-fd66-443e-94e5-a36ad31af8fe', '010af88c-89e4-41b4-90d2-fdd9be0641f0', false);
INSERT INTO art_ping.project_employee VALUES ('edff426a-bf89-479a-8baf-e08b00aad585', 'f3986a97-fd66-443e-94e5-a36ad31af8fe', '6621bca0-b3a1-4a35-83bb-4f9d389b67d7', false);
INSERT INTO art_ping.project_employee VALUES ('d2bdad42-46e3-47ed-80fa-74444a46b9a1', 'f3986a97-fd66-443e-94e5-a36ad31af8fe', '3fc44eaa-159e-4a3b-9c82-65fc88092e3b', false);
INSERT INTO art_ping.project_employee VALUES ('5e1d2e98-ed9f-46e1-a54b-c8ecf9b302c6', 'f3986a97-fd66-443e-94e5-a36ad31af8fe', '40ac132d-530f-4cbf-900e-42f899fe2380', false);
INSERT INTO art_ping.project_employee VALUES ('9585921f-0bff-495f-ba9a-93ff132d7cbe', 'f3986a97-fd66-443e-94e5-a36ad31af8fe', 'ff254c8a-c3a5-46f1-a717-c55e3c5e8680', false);
INSERT INTO art_ping.project_employee VALUES ('50f8bcb6-43a5-42e3-8b8f-e728348e62ea', 'f3986a97-fd66-443e-94e5-a36ad31af8fe', 'ffb3f67e-7363-44b6-99e6-a38eca629edb', false);
INSERT INTO art_ping.project VALUES ('1a5604ad-138d-43f0-a181-8594fb78a9a9', 'project64', true);
INSERT INTO art_ping.project_employee VALUES ('0eb003fe-d12b-4d72-adb0-1d4f589efa04', '1a5604ad-138d-43f0-a181-8594fb78a9a9', '0d9be05f-494f-4ea6-aa20-04cb47089c46', false);
INSERT INTO art_ping.project_employee VALUES ('7796b837-535a-4fd1-b615-bae89d0eb905', '1a5604ad-138d-43f0-a181-8594fb78a9a9', 'f63aeead-1aeb-41cf-9f8e-b7b49884b99d', false);
INSERT INTO art_ping.project_employee VALUES ('fbbb3831-557f-4a6b-a1a3-f658793154c8', '1a5604ad-138d-43f0-a181-8594fb78a9a9', '63cce113-d103-45a1-8092-d837413e8f5d', false);
INSERT INTO art_ping.project_employee VALUES ('5b89d88c-c4c5-4ebf-b0e5-3fe9be847c29', '1a5604ad-138d-43f0-a181-8594fb78a9a9', 'bdce2984-48ff-47e3-9fed-ecc02eb0faa4', false);
INSERT INTO art_ping.project_employee VALUES ('dde214eb-0d68-48e4-b5a3-6673b1c4eb41', '1a5604ad-138d-43f0-a181-8594fb78a9a9', '56d3098f-57a8-4e7c-871d-76887c62c528', false);
INSERT INTO art_ping.project_employee VALUES ('141586d5-7acc-40b4-8c0c-dc3ec7211ac9', '1a5604ad-138d-43f0-a181-8594fb78a9a9', 'f1390d56-a7f9-4ed6-a315-8e5d3128590e', false);
INSERT INTO art_ping.project_employee VALUES ('d3640e39-866c-4f50-8d60-bac12930f95b', '1a5604ad-138d-43f0-a181-8594fb78a9a9', '4e444732-bfa8-4437-9e90-b12b405cddba', false);
INSERT INTO art_ping.project VALUES ('f1ea7c24-a28f-4c64-93af-b89a4fd51690', 'project65', true);
INSERT INTO art_ping.project_employee VALUES ('0fb5c072-a871-4b39-ac48-d0b74367ecb0', 'f1ea7c24-a28f-4c64-93af-b89a4fd51690', '875d0ddd-5c98-4010-ac0c-27ebe20ac3d5', false);
INSERT INTO art_ping.project_employee VALUES ('f383aa84-b7ff-482f-b2ed-049c853f2d30', 'f1ea7c24-a28f-4c64-93af-b89a4fd51690', '9e78a2ab-2fde-45ec-98bf-5b9315e22f61', false);
INSERT INTO art_ping.project_employee VALUES ('a90565cf-425c-48ff-93f5-9985b30ff25e', 'f1ea7c24-a28f-4c64-93af-b89a4fd51690', '2aea4376-361c-4af0-bd43-b371f45c3555', false);
INSERT INTO art_ping.project_employee VALUES ('d8858947-9880-449e-b347-aedadb5bfa0d', 'f1ea7c24-a28f-4c64-93af-b89a4fd51690', '38113e62-495e-4284-aa8c-3d88c55b1727', false);
INSERT INTO art_ping.project_employee VALUES ('e15f5d29-3722-41d1-b377-e0669dbb4199', 'f1ea7c24-a28f-4c64-93af-b89a4fd51690', '229d920e-cf5b-4dfb-a8eb-29e6a6c8068f', false);
INSERT INTO art_ping.project_employee VALUES ('7b99d3b6-d55b-4f96-9a9e-0c210a9ae9f8', 'f1ea7c24-a28f-4c64-93af-b89a4fd51690', '3caacf5d-2a9e-4b36-8fa2-b3a5303147fa', false);
INSERT INTO art_ping.project_employee VALUES ('49a8f960-7366-4b0d-9bfd-810151e64a3f', 'f1ea7c24-a28f-4c64-93af-b89a4fd51690', '00fc6cb3-34cd-4069-9d7e-99624391bb79', false);
INSERT INTO art_ping.project_employee VALUES ('5d4c60e1-e82f-4255-9ec0-9b4b06895704', 'f1ea7c24-a28f-4c64-93af-b89a4fd51690', '9923f9ff-3d98-49be-a1a7-75f0de86dbc0', false);
INSERT INTO art_ping.project_employee VALUES ('cb475f78-a592-4141-be12-2c6c1d8aec3b', 'f1ea7c24-a28f-4c64-93af-b89a4fd51690', 'f8e292b6-2d14-45e4-bc4f-d69bcf6c60e5', false);
INSERT INTO art_ping.project_employee VALUES ('b011ed3d-e2b0-40a3-b784-c9a7082f0ac7', 'f1ea7c24-a28f-4c64-93af-b89a4fd51690', '095c0867-62f2-4fa5-b8f3-a87bb561be75', false);
INSERT INTO art_ping.project_employee VALUES ('e1a2959d-e954-425f-8ac9-a56c2ed1e5a5', 'f1ea7c24-a28f-4c64-93af-b89a4fd51690', '1f77cbae-6ff3-4e01-950c-ebb36963c717', false);
INSERT INTO art_ping.project_employee VALUES ('9d8ab20f-77f7-4a86-8afc-604b7dc1d85d', 'f1ea7c24-a28f-4c64-93af-b89a4fd51690', 'fc6aef29-242d-4162-9dcc-d7e6d10b9efe', false);
INSERT INTO art_ping.project_employee VALUES ('2b3b97ba-ab90-4986-86f6-c183568f2599', 'f1ea7c24-a28f-4c64-93af-b89a4fd51690', '3be25b04-dc02-490e-bc1d-1a68adc1fe5f', false);
INSERT INTO art_ping.project VALUES ('6ceab09b-9d6e-4731-9718-b98213074cbd', 'project66', true);
INSERT INTO art_ping.project_employee VALUES ('d9c7fdc0-ba1c-4c04-9fc2-6d1cee0eefa1', '6ceab09b-9d6e-4731-9718-b98213074cbd', '326ac3e5-245e-4f54-bc7f-c89a0575f37c', false);
INSERT INTO art_ping.project_employee VALUES ('7634c09a-3026-45c7-a2ad-b7004fef850c', '6ceab09b-9d6e-4731-9718-b98213074cbd', '6bbc2baa-80ce-41da-bbdf-31f8647dddc8', false);
INSERT INTO art_ping.project_employee VALUES ('206c7ca5-0c55-4ae0-b34a-2b6347549d64', '6ceab09b-9d6e-4731-9718-b98213074cbd', 'a9d41662-5fbc-48d6-af6d-70bd1ccbf684', false);
INSERT INTO art_ping.project_employee VALUES ('c0917f0d-fa9a-4759-ae51-6f1704229305', '6ceab09b-9d6e-4731-9718-b98213074cbd', '349e1e0f-0da2-4641-81e8-b7073be6d5c7', false);
INSERT INTO art_ping.project_employee VALUES ('0da591f0-abaa-4571-ac3c-63f089a106c1', '6ceab09b-9d6e-4731-9718-b98213074cbd', 'a9500db5-d6b9-46ea-b8e3-36d36c2fb663', false);
INSERT INTO art_ping.project_employee VALUES ('83fbf155-505b-48fd-85fa-211caf8b4ffd', '6ceab09b-9d6e-4731-9718-b98213074cbd', '470e5ad9-7cf2-4629-9048-a8f17873018d', false);
INSERT INTO art_ping.project_employee VALUES ('bcb93fe7-3f88-4fd6-8906-5c0eaa622e73', '6ceab09b-9d6e-4731-9718-b98213074cbd', 'ecba32ef-e3b9-4f48-b96a-d2f81f777fbb', false);
INSERT INTO art_ping.project_employee VALUES ('8cf4acd2-3c0d-4a39-a77b-484e2feb9cc4', '6ceab09b-9d6e-4731-9718-b98213074cbd', '76952ea1-cdd7-4128-8a7f-3466b77b9f00', false);
INSERT INTO art_ping.project_employee VALUES ('16b655b4-1c94-46b1-ab50-59f0dee4048c', '6ceab09b-9d6e-4731-9718-b98213074cbd', '39b39e41-30ac-4ec9-a74c-f41d0c5812e9', false);
INSERT INTO art_ping.project_employee VALUES ('cc16dcb0-e840-41cd-b308-dbc350290b53', '6ceab09b-9d6e-4731-9718-b98213074cbd', 'aea40393-76aa-4a9a-83c3-0f300b4925e2', false);
INSERT INTO art_ping.project_employee VALUES ('b6d2c1d5-f16d-4746-94fb-292890e6c84a', '6ceab09b-9d6e-4731-9718-b98213074cbd', '47b6825b-171e-4f90-9288-c97daba27265', false);
INSERT INTO art_ping.project_employee VALUES ('a59def5a-d2c9-41bf-8446-cf401e74715f', '6ceab09b-9d6e-4731-9718-b98213074cbd', '824e5eb7-7d8f-4071-a8ed-2023f126d58c', false);
INSERT INTO art_ping.project_employee VALUES ('ba64e8a5-b592-4b9e-8556-88e16ff5fc77', '6ceab09b-9d6e-4731-9718-b98213074cbd', 'efeedefd-d565-4b54-8acd-03ccf746e125', false);
INSERT INTO art_ping.project VALUES ('ff54b97e-9fa8-42c6-bfe7-28aba02a83fb', 'project67', true);
INSERT INTO art_ping.project_employee VALUES ('4b30b012-5ef3-45d5-9613-3edbb7b2a5c3', 'ff54b97e-9fa8-42c6-bfe7-28aba02a83fb', '13462e56-1fb5-4ebf-bd36-0bf0a91515b9', false);
INSERT INTO art_ping.project_employee VALUES ('80f965f3-6201-426a-9cc0-10a9698314ca', 'ff54b97e-9fa8-42c6-bfe7-28aba02a83fb', 'ee6e51f7-4879-4bc5-a8b5-e38b8f0eebe1', false);
INSERT INTO art_ping.project_employee VALUES ('243be326-a233-4e44-baa8-cbbee9bed041', 'ff54b97e-9fa8-42c6-bfe7-28aba02a83fb', '370fc29e-15f0-499d-9e63-db0a909c2d45', false);
INSERT INTO art_ping.project_employee VALUES ('614bc503-c778-4b4d-9aea-78d0d2428074', 'ff54b97e-9fa8-42c6-bfe7-28aba02a83fb', 'f13996b1-1d4e-4031-b848-4d38e070ae36', false);
INSERT INTO art_ping.project_employee VALUES ('dddfc20a-0a41-48b0-b3d8-31b19d41e06b', 'ff54b97e-9fa8-42c6-bfe7-28aba02a83fb', '06d7dbce-24ad-44d6-89f3-438d337d6ef4', false);
INSERT INTO art_ping.project_employee VALUES ('9fd47c71-e2df-4ec1-8614-2af3810fafc7', 'ff54b97e-9fa8-42c6-bfe7-28aba02a83fb', '96d379a2-8d90-4c59-b1b0-4f6fc45acaeb', false);
INSERT INTO art_ping.project_employee VALUES ('e522c93c-48c3-4d92-9d5c-6df7bd8f4db2', 'ff54b97e-9fa8-42c6-bfe7-28aba02a83fb', '71f59a84-36b5-44a6-a9ff-2432d046da1b', false);
INSERT INTO art_ping.project_employee VALUES ('0a245db2-6080-4f10-b038-600b54f8a174', 'ff54b97e-9fa8-42c6-bfe7-28aba02a83fb', '7881231e-2a8e-4736-a3c8-68c27ddac2a1', false);
INSERT INTO art_ping.project_employee VALUES ('f3634c3f-785f-4a86-af11-10472b393fb9', 'ff54b97e-9fa8-42c6-bfe7-28aba02a83fb', '4281c7b2-01a0-4154-8a50-fd49e765852b', false);
INSERT INTO art_ping.project_employee VALUES ('1990be2b-a3b8-4ffb-a115-11fa536dec69', 'ff54b97e-9fa8-42c6-bfe7-28aba02a83fb', '14bf6a76-9d34-4790-bf5c-c0bd399543dd', false);
INSERT INTO art_ping.project VALUES ('9778e0ba-177b-4155-b072-59f004e007e3', 'project68', true);
INSERT INTO art_ping.project_employee VALUES ('1653ce16-1783-43f4-9f13-c2c97b508313', '9778e0ba-177b-4155-b072-59f004e007e3', '9ac8a9ee-d072-4f6e-bbe6-fbb4f1a557f7', false);
INSERT INTO art_ping.project_employee VALUES ('1e6e656b-9af9-4711-be29-e589f05ac1ac', '9778e0ba-177b-4155-b072-59f004e007e3', '326ac3e5-245e-4f54-bc7f-c89a0575f37c', false);
INSERT INTO art_ping.project_employee VALUES ('c396f095-4a66-4af4-b860-4cc0a84e0846', '9778e0ba-177b-4155-b072-59f004e007e3', 'df1c1f90-b73e-4ab9-8dde-4101ce4f40a6', false);
INSERT INTO art_ping.project VALUES ('a3e5cebd-c97d-4aa9-b9f6-88483e7830d6', 'project69', true);
INSERT INTO art_ping.project_employee VALUES ('4171dfef-6189-40f7-8443-f6dc63032b18', 'a3e5cebd-c97d-4aa9-b9f6-88483e7830d6', 'a631eccb-2ad5-4789-8d5c-ed6132b2e674', false);
INSERT INTO art_ping.project_employee VALUES ('0613eddc-bbe7-4a51-9251-b93536581bfd', 'a3e5cebd-c97d-4aa9-b9f6-88483e7830d6', 'e86f1abf-c2c7-4e09-a287-28e6bc3e35fb', false);
INSERT INTO art_ping.project_employee VALUES ('b24b8b78-5763-4331-b33c-ac3b51be8646', 'a3e5cebd-c97d-4aa9-b9f6-88483e7830d6', '6e22ba74-d2f9-415e-8ddf-cd40f6b42f5f', false);
INSERT INTO art_ping.project_employee VALUES ('e01f4a7d-90f5-4770-93b5-63ff768f7fe9', 'a3e5cebd-c97d-4aa9-b9f6-88483e7830d6', 'bc0fcf18-417f-470c-bb5b-075ee1ab870f', false);
INSERT INTO art_ping.project VALUES ('9cc8c2b7-7366-4100-ad0c-c8a92ca64c00', 'project70', true);
INSERT INTO art_ping.project_employee VALUES ('741a624f-19bd-4ae3-8146-02ee8960dcc4', '9cc8c2b7-7366-4100-ad0c-c8a92ca64c00', '09ca6ecb-a2ec-4bba-ab23-105b683004ba', false);
INSERT INTO art_ping.project_employee VALUES ('26753abf-b5f8-4d70-9bda-8c3f21a2bdc8', '9cc8c2b7-7366-4100-ad0c-c8a92ca64c00', 'b64b1095-2d78-4e25-9e05-12a050f5008a', false);
INSERT INTO art_ping.project_employee VALUES ('72abaf38-799b-4f11-b2a7-1db1b6d650cd', '9cc8c2b7-7366-4100-ad0c-c8a92ca64c00', '76952ea1-cdd7-4128-8a7f-3466b77b9f00', false);
INSERT INTO art_ping.project_employee VALUES ('ab7f3cf1-3dbb-44dc-817c-1a7bede91ad7', '9cc8c2b7-7366-4100-ad0c-c8a92ca64c00', 'f1390d56-a7f9-4ed6-a315-8e5d3128590e', false);
INSERT INTO art_ping.project_employee VALUES ('ad70e55e-0469-4c9c-9394-b002fbcd6e62', '9cc8c2b7-7366-4100-ad0c-c8a92ca64c00', '53575704-25ba-4db4-ad32-e4be90469b7f', false);
INSERT INTO art_ping.project_employee VALUES ('d8280e4d-bf40-45d3-bfa3-72d1dbf75a99', '9cc8c2b7-7366-4100-ad0c-c8a92ca64c00', 'a5f03f6a-93a1-4e1b-ac19-c8974ff5f60c', false);
INSERT INTO art_ping.project VALUES ('39f6a232-0e8b-4ec8-ad99-804990a7dd92', 'project71', true);
INSERT INTO art_ping.project_employee VALUES ('e6a6feb5-b9e8-45cf-a99e-b30e872f8556', '39f6a232-0e8b-4ec8-ad99-804990a7dd92', '3445bdb6-72e9-4dc4-ad8a-508eecf56808', false);
INSERT INTO art_ping.project_employee VALUES ('c6dfee57-41f8-488d-a1ea-d8dd4fbe3cd4', '39f6a232-0e8b-4ec8-ad99-804990a7dd92', '5be3b278-a954-4e91-b5c1-09c005ce113c', false);
INSERT INTO art_ping.project_employee VALUES ('a06d7165-9c25-4289-babb-de5361ebc976', '39f6a232-0e8b-4ec8-ad99-804990a7dd92', '2bed41e8-9a46-4856-8014-4e1941001799', false);
INSERT INTO art_ping.project_employee VALUES ('dd45aa01-1f39-4a74-921f-feb667fcd492', '39f6a232-0e8b-4ec8-ad99-804990a7dd92', '19a66dc2-080d-4711-abe3-a97cbda9803b', false);
INSERT INTO art_ping.project_employee VALUES ('75f3d87b-aa59-4522-96ba-2bc26fe91fec', '39f6a232-0e8b-4ec8-ad99-804990a7dd92', '451727d3-8e6f-4c5b-8513-1a3ff237e4fd', false);
INSERT INTO art_ping.project_employee VALUES ('6e1fa86d-1bfb-4404-8a68-b9309a3f18f8', '39f6a232-0e8b-4ec8-ad99-804990a7dd92', '3be56123-31bd-40a2-bafb-c43b6717d638', false);
INSERT INTO art_ping.project_employee VALUES ('96930013-1b7f-4c89-95c6-2cb2dc1752db', '39f6a232-0e8b-4ec8-ad99-804990a7dd92', 'e49676c5-405b-4493-b79a-d87c5138ccf9', false);
INSERT INTO art_ping.project_employee VALUES ('06062378-ac6f-4d0b-a11f-a521937db1b5', '39f6a232-0e8b-4ec8-ad99-804990a7dd92', '069ee076-a9b5-44e8-883f-6a6afdb7efd8', false);
INSERT INTO art_ping.project VALUES ('fa9f4874-b0b3-43c6-a8e0-01a2f10ac224', 'project72', true);
INSERT INTO art_ping.project_employee VALUES ('52e71c2c-5df6-475c-9e92-43ee7d7fe8fb', 'fa9f4874-b0b3-43c6-a8e0-01a2f10ac224', '9a2c2d3e-8742-427a-b85c-a6c064010cfb', false);
INSERT INTO art_ping.project_employee VALUES ('6ce148ef-9622-4a76-a53c-7fa437d4f01b', 'fa9f4874-b0b3-43c6-a8e0-01a2f10ac224', 'a97deb29-5516-46aa-b2d0-2ddd14fbee1d', false);
INSERT INTO art_ping.project_employee VALUES ('7a1c3c1b-9b3d-4953-abd6-7cde3db55e7f', 'fa9f4874-b0b3-43c6-a8e0-01a2f10ac224', '318db25a-3b1d-4fa4-ad56-98a5dcd56271', false);
INSERT INTO art_ping.project_employee VALUES ('719a2157-c894-4011-b7b9-95609c599002', 'fa9f4874-b0b3-43c6-a8e0-01a2f10ac224', '813ef695-83a8-47f0-b648-96a0707d6d60', false);
INSERT INTO art_ping.project_employee VALUES ('6969667f-7fb1-427b-a06f-26f2b93e6778', 'fa9f4874-b0b3-43c6-a8e0-01a2f10ac224', 'ef25260d-3eb8-4893-8fe8-3e51ca329be8', false);
INSERT INTO art_ping.project VALUES ('4a81d1b6-613b-4c92-b3bd-cb2fcd0f70db', 'project73', true);
INSERT INTO art_ping.project_employee VALUES ('f8b661d4-d603-47d0-9797-8903c8090574', '4a81d1b6-613b-4c92-b3bd-cb2fcd0f70db', '4a8c76e6-5848-4acc-8be5-5b85be00720e', false);
INSERT INTO art_ping.project_employee VALUES ('c7bb9782-2d55-46e0-86fc-fd48c0e5a2e8', '4a81d1b6-613b-4c92-b3bd-cb2fcd0f70db', 'c65c9dc4-e47e-4ab0-b4ea-9762e95d0a50', false);
INSERT INTO art_ping.project_employee VALUES ('f7728b12-d6d7-40e3-822a-a1189221f94f', '4a81d1b6-613b-4c92-b3bd-cb2fcd0f70db', '2aea4376-361c-4af0-bd43-b371f45c3555', false);
INSERT INTO art_ping.project_employee VALUES ('3910f6ba-7d8a-4f24-a55c-03f347480303', '4a81d1b6-613b-4c92-b3bd-cb2fcd0f70db', '5648ab49-662f-4584-9194-51d0dd974a77', false);
INSERT INTO art_ping.project_employee VALUES ('7704da26-af75-4b35-8b03-4f53b2a631fb', '4a81d1b6-613b-4c92-b3bd-cb2fcd0f70db', '9c7b8963-f8ac-422b-b5e0-9de69dae432e', false);
INSERT INTO art_ping.project_employee VALUES ('4bce2b44-cd48-4242-b86a-021570f31582', '4a81d1b6-613b-4c92-b3bd-cb2fcd0f70db', '50626407-8ca1-42e7-9771-61f5b2eccfea', false);
INSERT INTO art_ping.project_employee VALUES ('8184ce77-4294-4aef-85af-d9ae5b631636', '4a81d1b6-613b-4c92-b3bd-cb2fcd0f70db', 'acf24a6a-9e8b-4edf-982c-ad62dcb4e236', false);
INSERT INTO art_ping.project_employee VALUES ('4672c73e-3656-46ec-9c9c-83dc2c0298fd', '4a81d1b6-613b-4c92-b3bd-cb2fcd0f70db', 'bb778065-93d5-43f6-8bb5-fe5f03389bba', false);
INSERT INTO art_ping.project_employee VALUES ('83716679-abea-4ef7-9e20-378d16f0060f', '4a81d1b6-613b-4c92-b3bd-cb2fcd0f70db', 'eed660b1-8ce6-4fbc-8b1a-102b691fbe78', false);
INSERT INTO art_ping.project_employee VALUES ('670c3a21-a76a-4c02-850a-d0819b349703', '4a81d1b6-613b-4c92-b3bd-cb2fcd0f70db', '7083f3b6-efe4-4bc7-af43-8e7df200936b', false);
INSERT INTO art_ping.project_employee VALUES ('ffdf6c59-fae1-43b3-98a2-1094f9d2f37e', '4a81d1b6-613b-4c92-b3bd-cb2fcd0f70db', 'da31df42-46d7-441b-9a2a-7ac8e563c02e', false);
INSERT INTO art_ping.project VALUES ('a9463b88-0dd6-4101-be7a-73d99ff5065c', 'project74', true);
INSERT INTO art_ping.project_employee VALUES ('8e4a0d7d-0a22-43e9-ae30-a8e047989a9d', 'a9463b88-0dd6-4101-be7a-73d99ff5065c', '5a5c3045-0dc5-48e6-a271-cd2e5e9dcb06', false);
INSERT INTO art_ping.project_employee VALUES ('8c0fc90b-3ecf-4f12-81ab-cf019ce5f302', 'a9463b88-0dd6-4101-be7a-73d99ff5065c', 'd11834f9-c4d6-4c79-ae1f-ecc818b70de9', false);
INSERT INTO art_ping.project_employee VALUES ('f551c106-a409-427c-8627-1a6bcee82f4b', 'a9463b88-0dd6-4101-be7a-73d99ff5065c', '01133c1d-0029-463e-88df-5fafd35fcefe', false);
INSERT INTO art_ping.project_employee VALUES ('27b40946-f326-4e85-9ae1-4608cf1b7406', 'a9463b88-0dd6-4101-be7a-73d99ff5065c', '888993a1-3b7f-42bb-96ef-fba9d76ec213', false);
INSERT INTO art_ping.project_employee VALUES ('f2322087-3483-491a-8664-eea03a7b2a0a', 'a9463b88-0dd6-4101-be7a-73d99ff5065c', 'c46f6f86-7e74-4c03-884c-e25c91cc4946', false);
INSERT INTO art_ping.project_employee VALUES ('52012698-9c1e-47dd-b14c-14dc014bf4a4', 'a9463b88-0dd6-4101-be7a-73d99ff5065c', '07db2e4b-db75-4803-ae43-4f60fc25a1f8', false);
INSERT INTO art_ping.project_employee VALUES ('fee466d0-dd5f-4556-9eef-4db1972892ce', 'a9463b88-0dd6-4101-be7a-73d99ff5065c', 'd82f685e-e42e-4d93-be51-4b4de7ba08d5', false);
INSERT INTO art_ping.project_employee VALUES ('ab7d6bb9-0c62-45ba-9da2-dbb94ab9c791', 'a9463b88-0dd6-4101-be7a-73d99ff5065c', 'df693f88-209f-42b6-926e-457b8aeb2af9', false);
INSERT INTO art_ping.project_employee VALUES ('e48c4cb8-af83-416a-9479-527606020829', 'a9463b88-0dd6-4101-be7a-73d99ff5065c', '4302338b-46b5-45ee-bd61-0fc7cede54ba', false);
INSERT INTO art_ping.project_employee VALUES ('5e03a091-ec0f-4686-8064-3ea20ec9d457', 'a9463b88-0dd6-4101-be7a-73d99ff5065c', '6ea9e0cd-7d8b-4673-b90c-8aec9bfba868', false);
INSERT INTO art_ping.project_employee VALUES ('0c60ebf7-89e2-4282-b8f9-de390ded8cee', 'a9463b88-0dd6-4101-be7a-73d99ff5065c', '10ba37b4-a6ab-472d-bfce-5643c7d370f4', false);
INSERT INTO art_ping.project_employee VALUES ('6caa5c94-9834-4861-9ea9-0c7e3dc2736a', 'a9463b88-0dd6-4101-be7a-73d99ff5065c', '6bdd5fb0-1d5e-429c-9e42-64d6218babb4', false);
INSERT INTO art_ping.project_employee VALUES ('ac67d402-c75c-4085-8741-4930f7947c1e', 'a9463b88-0dd6-4101-be7a-73d99ff5065c', 'c84f3467-7521-484e-8729-efc7fc54df7a', false);
INSERT INTO art_ping.project_employee VALUES ('05dcee0c-8b68-41dd-b316-0c64a27803e2', 'a9463b88-0dd6-4101-be7a-73d99ff5065c', 'd8d8b297-a19d-4be5-8981-07f78b84e6e2', false);
INSERT INTO art_ping.project_employee VALUES ('67a0146b-7603-490e-8bae-e614a85c8fd2', 'a9463b88-0dd6-4101-be7a-73d99ff5065c', '1d487669-af0b-4511-af1f-e7c8686b897f', false);
INSERT INTO art_ping.project_employee VALUES ('cc687f2e-025b-4796-9835-1800c6bd97bf', 'a9463b88-0dd6-4101-be7a-73d99ff5065c', '39837db2-6091-44d6-8a0e-351350a14453', false);
INSERT INTO art_ping.project_employee VALUES ('a3c4ecb3-efa1-42c6-8645-76cd949d9b71', 'a9463b88-0dd6-4101-be7a-73d99ff5065c', 'df1ea017-7893-474e-8b65-fe38cbadedcf', false);
INSERT INTO art_ping.project_employee VALUES ('b05a115f-ca95-44cb-891a-e68bbb366c7b', 'a9463b88-0dd6-4101-be7a-73d99ff5065c', '506c90be-9047-4868-9f58-4d30d43c5cd4', false);
INSERT INTO art_ping.project VALUES ('2d47f023-b1f8-42e9-bcad-2ff588f2c673', 'project75', true);
INSERT INTO art_ping.project_employee VALUES ('6ee63130-90d1-4aa7-b12a-2c9bc1e89889', '2d47f023-b1f8-42e9-bcad-2ff588f2c673', 'ee6e51f7-4879-4bc5-a8b5-e38b8f0eebe1', false);
INSERT INTO art_ping.project_employee VALUES ('d8db1caf-dcba-49a4-bc56-deb2799fe366', '2d47f023-b1f8-42e9-bcad-2ff588f2c673', '004faa79-f42b-4f41-8bca-6c70dab97ec7', false);
INSERT INTO art_ping.project_employee VALUES ('e71a2298-69b9-4807-be06-7f09c9500d39', '2d47f023-b1f8-42e9-bcad-2ff588f2c673', '00a1e1c7-4a51-4f70-84a3-a423c0acacf6', false);
INSERT INTO art_ping.project_employee VALUES ('1d9fab36-c321-4dbe-a328-bddfea978c31', '2d47f023-b1f8-42e9-bcad-2ff588f2c673', 'fe1d5557-c995-4cc6-8a60-5d8bd0b2bdde', false);
INSERT INTO art_ping.project_employee VALUES ('ba061092-1c24-4738-bcac-35f3b8c2fc3a', '2d47f023-b1f8-42e9-bcad-2ff588f2c673', '07414a26-6230-43e1-b495-bc1baa4a99ae', false);
INSERT INTO art_ping.project_employee VALUES ('85a1402f-b476-46da-b238-d54360a1d122', '2d47f023-b1f8-42e9-bcad-2ff588f2c673', 'f1b2ee7f-8722-4daf-b265-6a5a272a2bdb', false);
INSERT INTO art_ping.project_employee VALUES ('71db7711-50dc-44f1-80f3-45513e79d768', '2d47f023-b1f8-42e9-bcad-2ff588f2c673', 'a91576d9-95f7-42f0-96c2-8d86fbc31bb8', false);
INSERT INTO art_ping.project_employee VALUES ('2a7dc809-b6a3-4a8b-bfb8-86c46322d854', '2d47f023-b1f8-42e9-bcad-2ff588f2c673', 'cf0d3889-ccf9-4c1a-8cab-2c364d1fd976', false);
INSERT INTO art_ping.project_employee VALUES ('4d5dc702-77d8-4bef-8ef3-c5b2f82bd99e', '2d47f023-b1f8-42e9-bcad-2ff588f2c673', 'ab1f7d61-0802-4f98-b750-405e293c8568', false);
INSERT INTO art_ping.project_employee VALUES ('921b7bd1-5f49-49c0-a983-6b521287f60c', '2d47f023-b1f8-42e9-bcad-2ff588f2c673', '312e73e9-183a-46b9-b871-763096d3a647', false);
INSERT INTO art_ping.project_employee VALUES ('39d34490-37f2-4624-8902-053028946214', '2d47f023-b1f8-42e9-bcad-2ff588f2c673', '0e56808e-1d78-4611-b873-0d2d75c33554', false);
INSERT INTO art_ping.project_employee VALUES ('4cbb6665-52c5-43c5-a2d2-3b96fe596a44', '2d47f023-b1f8-42e9-bcad-2ff588f2c673', '7c2ee8dd-649b-46a6-89cc-74298ad7b4af', false);
INSERT INTO art_ping.project_employee VALUES ('81aabb7f-5542-4753-9a38-57f0a6a5fc91', '2d47f023-b1f8-42e9-bcad-2ff588f2c673', 'e49676c5-405b-4493-b79a-d87c5138ccf9', false);
INSERT INTO art_ping.project_employee VALUES ('f0173140-e9cc-442c-95f7-8fa483dc4cb6', '2d47f023-b1f8-42e9-bcad-2ff588f2c673', '14bf6a76-9d34-4790-bf5c-c0bd399543dd', false);
INSERT INTO art_ping.project VALUES ('487942fa-b3fb-48b2-a346-b85496c706ca', 'project76', true);
INSERT INTO art_ping.project_employee VALUES ('744f2300-f063-4f3f-b0fa-c99c24bfb17a', '487942fa-b3fb-48b2-a346-b85496c706ca', '5a5c3045-0dc5-48e6-a271-cd2e5e9dcb06', false);
INSERT INTO art_ping.project_employee VALUES ('7a097b3d-1e62-4070-954a-e6242a7f95d1', '487942fa-b3fb-48b2-a346-b85496c706ca', '5004a47a-83f9-402d-b35e-d4eccbf0e8fa', false);
INSERT INTO art_ping.project_employee VALUES ('32fcf3c3-8e1b-496c-b40a-b566caa7b9ab', '487942fa-b3fb-48b2-a346-b85496c706ca', 'c9044c5e-a7bd-4a3e-a2dc-077e7b2dd274', false);
INSERT INTO art_ping.project_employee VALUES ('f6660b98-1b93-40d4-9747-2cad948bf5f2', '487942fa-b3fb-48b2-a346-b85496c706ca', '1d7a619d-6274-4d4b-ab21-6ad4f343d8ac', false);
INSERT INTO art_ping.project_employee VALUES ('86c4562c-2d9f-4717-9bc8-311b8bcd2d1e', '487942fa-b3fb-48b2-a346-b85496c706ca', '370fc29e-15f0-499d-9e63-db0a909c2d45', false);
INSERT INTO art_ping.project_employee VALUES ('224ff78b-d766-4bd1-82fb-d3bba13aba08', '487942fa-b3fb-48b2-a346-b85496c706ca', 'f3f69d81-b3db-423b-878e-85dc10b96e97', false);
INSERT INTO art_ping.project_employee VALUES ('acfe0816-2736-495f-9295-072f721cafa4', '487942fa-b3fb-48b2-a346-b85496c706ca', '86cf0bff-1a68-488a-8295-4222969a3ffb', false);
INSERT INTO art_ping.project_employee VALUES ('a45c7393-a2c4-4cd3-9969-17e589807ecc', '487942fa-b3fb-48b2-a346-b85496c706ca', '64c36331-ea6d-404d-8700-a33e9af74a36', false);
INSERT INTO art_ping.project_employee VALUES ('8c5231fd-1887-4147-ad50-f2e8415d8ccf', '487942fa-b3fb-48b2-a346-b85496c706ca', '5d5f62ab-4100-439e-ab0a-b40bd5dd2df6', false);
INSERT INTO art_ping.project_employee VALUES ('30a1e128-03b8-4543-8638-fe02c44a9d91', '487942fa-b3fb-48b2-a346-b85496c706ca', 'd0ae51d6-3f25-42a4-aab6-bcdec2a7d13b', false);
INSERT INTO art_ping.project_employee VALUES ('8f4716fa-3369-4250-8a1d-c69ef4a55b6d', '487942fa-b3fb-48b2-a346-b85496c706ca', '2bed41e8-9a46-4856-8014-4e1941001799', false);
INSERT INTO art_ping.project_employee VALUES ('5d0116c4-9ccf-4960-b2f9-622364b5324c', '487942fa-b3fb-48b2-a346-b85496c706ca', '0e1b2f29-f490-4f75-b4c3-611ccccdd849', false);
INSERT INTO art_ping.project_employee VALUES ('c302a379-aa03-490a-a12b-438ab3188ba5', '487942fa-b3fb-48b2-a346-b85496c706ca', '572d0b36-c5a4-49b4-9a5f-d7e56f0e3da9', false);
INSERT INTO art_ping.project_employee VALUES ('9b3330bc-bd58-423c-b33b-bb041e7d66cc', '487942fa-b3fb-48b2-a346-b85496c706ca', '8b8926db-6dea-40e5-b8fd-579381501a21', false);
INSERT INTO art_ping.project_employee VALUES ('9d26ede5-22ad-41f1-8487-6bdcec787bb7', '487942fa-b3fb-48b2-a346-b85496c706ca', 'c8198693-c3cc-4a19-b024-f19d1b89733b', false);
INSERT INTO art_ping.project VALUES ('e4a22b2a-cba3-4e00-870e-9098cc303848', 'project77', true);
INSERT INTO art_ping.project_employee VALUES ('112ba509-1c2c-49a6-afe7-b54e2f339b08', 'e4a22b2a-cba3-4e00-870e-9098cc303848', 'fdcb8726-41c4-4ce5-8310-f8cbbc5216fe', false);
INSERT INTO art_ping.project_employee VALUES ('4d99c286-7563-4b75-9093-62c5bcfd8e91', 'e4a22b2a-cba3-4e00-870e-9098cc303848', 'e07742a4-107c-4c77-8d37-aaa5d771ca3e', false);
INSERT INTO art_ping.project_employee VALUES ('43fbb2fd-8d0f-4db7-9781-422f38be26be', 'e4a22b2a-cba3-4e00-870e-9098cc303848', '814b20be-ac07-43d9-9e64-d4a054568440', false);
INSERT INTO art_ping.project VALUES ('e51ccd17-66e4-4e49-81ba-e984a6dbf97a', 'project78', true);
INSERT INTO art_ping.project_employee VALUES ('ad662276-2bb3-4e23-b962-c6428a3ac751', 'e51ccd17-66e4-4e49-81ba-e984a6dbf97a', '969f05c5-9197-4e39-8ae9-d81af37dd9a7', false);
INSERT INTO art_ping.project_employee VALUES ('231c7c16-3843-4f84-b9e6-e6b55ff9e9b0', 'e51ccd17-66e4-4e49-81ba-e984a6dbf97a', '2af6684b-93f0-4c0d-95fb-e70ae2f9255c', false);
INSERT INTO art_ping.project_employee VALUES ('616dc734-846a-403e-9f9b-c94eaa3fce80', 'e51ccd17-66e4-4e49-81ba-e984a6dbf97a', '7935e512-2d6f-486f-96f6-3209b563c670', false);
INSERT INTO art_ping.project_employee VALUES ('ef6998bb-bc75-4d50-acce-dd92050b73de', 'e51ccd17-66e4-4e49-81ba-e984a6dbf97a', 'd4f81a01-d8a8-4620-9fa0-a863ffc0d9d7', false);
INSERT INTO art_ping.project_employee VALUES ('c1f825e4-258c-44b9-af60-f7ce2e3f0354', 'e51ccd17-66e4-4e49-81ba-e984a6dbf97a', '7b45c0df-31bf-463e-85a7-74ff2d101ed8', false);
INSERT INTO art_ping.project_employee VALUES ('b1d59d89-4067-4192-8900-8c4737ca7f9b', 'e51ccd17-66e4-4e49-81ba-e984a6dbf97a', '4302338b-46b5-45ee-bd61-0fc7cede54ba', false);
INSERT INTO art_ping.project_employee VALUES ('78a3af4e-ff30-43e9-90a1-b2efac2d5b77', 'e51ccd17-66e4-4e49-81ba-e984a6dbf97a', '606aa705-2913-4857-b870-266864ce2bee', false);
INSERT INTO art_ping.project_employee VALUES ('7741ea2e-0307-4dd8-97c4-930e9c86b81c', 'e51ccd17-66e4-4e49-81ba-e984a6dbf97a', 'be595e60-8b11-40cf-ab70-211fca0756b1', false);
INSERT INTO art_ping.project_employee VALUES ('d65bd697-70ed-41bd-b9d8-f7c7c3fe66aa', 'e51ccd17-66e4-4e49-81ba-e984a6dbf97a', 'b76f35f1-09f9-4e88-bdb3-53613fca1770', false);
INSERT INTO art_ping.project VALUES ('623a7db3-4eba-4164-9960-4222b23d2dd7', 'project79', true);
INSERT INTO art_ping.project_employee VALUES ('c5669e58-f1ee-4eac-94bd-52a835c74679', '623a7db3-4eba-4164-9960-4222b23d2dd7', 'ff381683-f441-4456-b183-eadff5e6641e', false);
INSERT INTO art_ping.project_employee VALUES ('c69a53dc-27d1-4e90-a548-770862a21180', '623a7db3-4eba-4164-9960-4222b23d2dd7', 'ae242bfa-9bae-45ea-9425-2b4eaeaa9b68', false);
INSERT INTO art_ping.project_employee VALUES ('5720cb85-c37e-4825-ba58-a93da1ea5126', '623a7db3-4eba-4164-9960-4222b23d2dd7', '004faa79-f42b-4f41-8bca-6c70dab97ec7', false);
INSERT INTO art_ping.project_employee VALUES ('275397bf-f307-40f5-aaa3-90a7a0514c79', '623a7db3-4eba-4164-9960-4222b23d2dd7', '7bf9589d-3f5b-4251-95fa-912eed7a1001', false);
INSERT INTO art_ping.project_employee VALUES ('5ad8df79-29fb-4ccf-96a8-3f549a95623f', '623a7db3-4eba-4164-9960-4222b23d2dd7', 'a91576d9-95f7-42f0-96c2-8d86fbc31bb8', false);
INSERT INTO art_ping.project_employee VALUES ('ab02acdd-b821-4e2c-824d-42b5896a1e1b', '623a7db3-4eba-4164-9960-4222b23d2dd7', 'c081cb8c-ccec-4887-aae1-0d25f16eeea7', false);
INSERT INTO art_ping.project_employee VALUES ('d25711f5-8dfd-486d-9f55-87775bd05f81', '623a7db3-4eba-4164-9960-4222b23d2dd7', 'ab1f7d61-0802-4f98-b750-405e293c8568', false);
INSERT INTO art_ping.project_employee VALUES ('efd65117-4912-47b6-bc87-28bd02b7618a', '623a7db3-4eba-4164-9960-4222b23d2dd7', 'a96fd4f7-d900-4b9b-89e2-d2b9600bee29', false);
INSERT INTO art_ping.project_employee VALUES ('47ed5df9-c0c9-43b6-9993-311143e9c99e', '623a7db3-4eba-4164-9960-4222b23d2dd7', '470e5ad9-7cf2-4629-9048-a8f17873018d', false);
INSERT INTO art_ping.project_employee VALUES ('a0031c2f-c73f-4b54-810d-33ec5176d23b', '623a7db3-4eba-4164-9960-4222b23d2dd7', '10b19fce-2be2-4dfa-a3d5-edfd155035d7', false);
INSERT INTO art_ping.project_employee VALUES ('d03ed75c-96e2-4359-a80d-75098a858772', '623a7db3-4eba-4164-9960-4222b23d2dd7', 'e06d78cf-3c49-42e0-a416-7ee0c3a21be7', false);
INSERT INTO art_ping.project_employee VALUES ('143cf12f-7492-4328-9e08-cd0d5a7951f2', '623a7db3-4eba-4164-9960-4222b23d2dd7', 'b0c8fccb-e7fe-4566-97d9-a330a8d0db10', false);
INSERT INTO art_ping.project_employee VALUES ('6ae83a67-accd-4afe-b7b1-112c176bbc9e', '623a7db3-4eba-4164-9960-4222b23d2dd7', '53575704-25ba-4db4-ad32-e4be90469b7f', false);
INSERT INTO art_ping.project_employee VALUES ('de4df2db-817f-4d40-a6ca-c8419960b907', '623a7db3-4eba-4164-9960-4222b23d2dd7', 'af3ef3c6-f266-45bc-b259-a5c2e9b944ee', false);
INSERT INTO art_ping.project VALUES ('4138a747-371c-4352-8654-e2df03dd6540', 'project80', true);
INSERT INTO art_ping.project_employee VALUES ('921c6793-f40c-4357-9998-a89ef69c902e', '4138a747-371c-4352-8654-e2df03dd6540', '75257361-002d-4a84-a6a7-45bdd09516c7', false);
INSERT INTO art_ping.project_employee VALUES ('fad94993-b3e6-46f4-847e-dbb6e60d3333', '4138a747-371c-4352-8654-e2df03dd6540', '07db2e4b-db75-4803-ae43-4f60fc25a1f8', false);
INSERT INTO art_ping.project_employee VALUES ('4eff938a-013d-43d3-8c8c-e7d31a26e655', '4138a747-371c-4352-8654-e2df03dd6540', 'fd7b6a3a-b275-4e81-bf15-2ac247b46cd6', false);
INSERT INTO art_ping.project_employee VALUES ('e6ea066f-6643-458a-90ee-1172fc518172', '4138a747-371c-4352-8654-e2df03dd6540', '7ff2ef7f-a10a-4b04-9df4-425dbe96e240', false);
INSERT INTO art_ping.project_employee VALUES ('4c9b6fb1-ead6-46f4-bdc9-5c5104a299d7', '4138a747-371c-4352-8654-e2df03dd6540', '9418b71e-ddd0-40f6-b21c-08beb53b2d8f', false);
INSERT INTO art_ping.project_employee VALUES ('cba5ed64-0b20-4292-bdcc-26920de11009', '4138a747-371c-4352-8654-e2df03dd6540', '1c6946f8-db90-43be-ba89-475260fb7289', false);
INSERT INTO art_ping.project_employee VALUES ('eb0932ce-4e9a-4d9a-a09c-80e9fb178a77', '4138a747-371c-4352-8654-e2df03dd6540', 'dc984317-bc0d-44c5-aa8c-5b9183521938', false);
INSERT INTO art_ping.project_employee VALUES ('8e4e94de-e809-4756-a15a-774ea70b00ae', '4138a747-371c-4352-8654-e2df03dd6540', '8d0a0dc3-0342-45da-8476-e755d0b6f05e', false);
INSERT INTO art_ping.project_employee VALUES ('666124a1-e5f8-4115-8c57-350e9a7fadf1', '4138a747-371c-4352-8654-e2df03dd6540', '937be2c6-bbe6-4f14-acfe-d630f8314d93', false);
INSERT INTO art_ping.project VALUES ('31753915-e775-4342-803d-9174aaf0988f', 'project81', true);
INSERT INTO art_ping.project_employee VALUES ('b6ba7609-6465-4ac6-af88-083017272814', '31753915-e775-4342-803d-9174aaf0988f', '6a03c35a-cf52-4329-8505-46f823de9e34', false);
INSERT INTO art_ping.project_employee VALUES ('0e1e0b63-fade-4896-94d0-3eabe8b2552a', '31753915-e775-4342-803d-9174aaf0988f', '93caefdf-d11f-498f-9939-acfa4f238b68', false);
INSERT INTO art_ping.project_employee VALUES ('700cdb22-43d9-4d2f-a00c-e30bfa49dc5a', '31753915-e775-4342-803d-9174aaf0988f', 'ef15254f-a4cf-4eea-bcd8-6498dd842f78', false);
INSERT INTO art_ping.project_employee VALUES ('2c7dde2b-fe9d-434b-b590-2169f403b4f0', '31753915-e775-4342-803d-9174aaf0988f', '49ca6af2-2766-489a-99af-6c617ccda1d4', false);
INSERT INTO art_ping.project_employee VALUES ('03a8cd70-9eb6-4ed5-a3d4-86106d520e37', '31753915-e775-4342-803d-9174aaf0988f', 'a69e1a15-2334-4eee-a908-8d9f343a9e20', false);
INSERT INTO art_ping.project_employee VALUES ('34e38e22-a798-4051-9fd7-f48ed1d9c8f7', '31753915-e775-4342-803d-9174aaf0988f', 'a96fd4f7-d900-4b9b-89e2-d2b9600bee29', false);
INSERT INTO art_ping.project VALUES ('9a4626cf-d063-4f03-99dd-8294824817c9', 'project82', true);
INSERT INTO art_ping.project_employee VALUES ('e4f5dcf9-71af-499c-b14f-05641316a6ff', '9a4626cf-d063-4f03-99dd-8294824817c9', '75337bda-5db6-4250-9132-bb2e6b0632b8', false);
INSERT INTO art_ping.project_employee VALUES ('cbaeaca5-ae7b-48bb-92d1-b62d112fc1e5', '9a4626cf-d063-4f03-99dd-8294824817c9', 'ecba32ef-e3b9-4f48-b96a-d2f81f777fbb', false);
INSERT INTO art_ping.project_employee VALUES ('5607a14a-7e0b-46f6-a2f9-ed8057abf039', '9a4626cf-d063-4f03-99dd-8294824817c9', 'd6034534-a8c2-46dd-bb1f-80911883501d', false);
INSERT INTO art_ping.project_employee VALUES ('1f92190d-94e4-4002-94b9-34ad4ac8b76d', '9a4626cf-d063-4f03-99dd-8294824817c9', '9dc4b22b-4c22-4fda-b66e-57caf03383c0', false);
INSERT INTO art_ping.project_employee VALUES ('0fae63ad-0900-4df6-b459-a45eefc3c4d9', '9a4626cf-d063-4f03-99dd-8294824817c9', '45524fae-7322-42c6-99dc-c0e1cf7880cd', false);
INSERT INTO art_ping.project_employee VALUES ('38900841-cc76-4bb2-99f7-9a72811002d4', '9a4626cf-d063-4f03-99dd-8294824817c9', 'd13bf3ab-0c22-427c-98a6-97b733ab7813', false);
INSERT INTO art_ping.project_employee VALUES ('558b371b-9a51-4c39-8c3d-8e359bc66215', '9a4626cf-d063-4f03-99dd-8294824817c9', 'b9044934-9dd7-4b46-9087-393232e50287', false);
INSERT INTO art_ping.project_employee VALUES ('2ca62ffb-8732-4f2e-9fc8-509587bb743d', '9a4626cf-d063-4f03-99dd-8294824817c9', 'd1837d6b-5509-42b4-a68a-ada499a1db9c', false);
INSERT INTO art_ping.project_employee VALUES ('1791e195-0a95-4b96-904c-4a0b1994952a', '9a4626cf-d063-4f03-99dd-8294824817c9', '72a38b2d-0329-4d0b-85d5-6f4be052ef1a', false);
INSERT INTO art_ping.project VALUES ('20884594-a65c-4eab-ac64-9269dc3932c8', 'project83', true);
INSERT INTO art_ping.project_employee VALUES ('86d2f4d2-5f06-477b-84b8-0b2dd78b072d', '20884594-a65c-4eab-ac64-9269dc3932c8', '41edc2a3-5f19-4c2e-8e4b-75a89d28bdea', false);
INSERT INTO art_ping.project_employee VALUES ('3befc0da-a5b8-4e5b-981c-f2c3c91ec1bb', '20884594-a65c-4eab-ac64-9269dc3932c8', 'd37a0a5f-68f0-4c41-9e70-e4364e093ca2', false);
INSERT INTO art_ping.project_employee VALUES ('8652cab4-0913-4d91-8a7a-fb89597ed99b', '20884594-a65c-4eab-ac64-9269dc3932c8', 'ae242bfa-9bae-45ea-9425-2b4eaeaa9b68', false);
INSERT INTO art_ping.project_employee VALUES ('8b291a8a-74d2-4ac3-b91c-6eaeb5e3eb03', '20884594-a65c-4eab-ac64-9269dc3932c8', 'f1390d56-a7f9-4ed6-a315-8e5d3128590e', false);
INSERT INTO art_ping.project_employee VALUES ('5246eda2-c880-4e8a-aaf9-756c4bc8edf8', '20884594-a65c-4eab-ac64-9269dc3932c8', 'a547f5ea-4ebe-4601-aa11-6306914d7eaf', false);
INSERT INTO art_ping.project_employee VALUES ('1463e329-324a-4985-aabc-636e326851bc', '20884594-a65c-4eab-ac64-9269dc3932c8', '528a7e66-23dc-4e86-a30f-9ec391dc3143', false);
INSERT INTO art_ping.project_employee VALUES ('04ff2bb7-e517-44a8-ba14-3cb8715e883b', '20884594-a65c-4eab-ac64-9269dc3932c8', '348e4a71-99d5-4382-a884-229d538af662', false);
INSERT INTO art_ping.project_employee VALUES ('ada39ecd-8136-419d-bc07-fb50618be843', '20884594-a65c-4eab-ac64-9269dc3932c8', '10ba37b4-a6ab-472d-bfce-5643c7d370f4', false);
INSERT INTO art_ping.project_employee VALUES ('a1f02f86-6f98-4bbc-b557-e9be4213471a', '20884594-a65c-4eab-ac64-9269dc3932c8', '4e83edd3-48d5-465e-9547-0f04d540e74e', false);
INSERT INTO art_ping.project_employee VALUES ('85062b1b-3134-4378-a9fa-06b7b9093517', '20884594-a65c-4eab-ac64-9269dc3932c8', '208efbc5-2ee8-4096-9dd2-202236ed1b12', false);
INSERT INTO art_ping.project VALUES ('e586034f-dc4c-4b9d-8c3d-5b88fd2a13c7', 'project84', true);
INSERT INTO art_ping.project_employee VALUES ('316dd217-f078-4cd5-a398-b214352412ff', 'e586034f-dc4c-4b9d-8c3d-5b88fd2a13c7', '515b00bb-3a1a-4c42-9349-ba7e5577b69d', false);
INSERT INTO art_ping.project_employee VALUES ('e0521d4c-7f37-46ef-b14a-fca72999a0ec', 'e586034f-dc4c-4b9d-8c3d-5b88fd2a13c7', 'e47a9330-d261-4c18-907a-b96e441d06ec', false);
INSERT INTO art_ping.project_employee VALUES ('743849a8-637c-4031-8e4d-55af6ce6673b', 'e586034f-dc4c-4b9d-8c3d-5b88fd2a13c7', 'c8198693-c3cc-4a19-b024-f19d1b89733b', false);
INSERT INTO art_ping.project_employee VALUES ('9f9e9dd0-1cf4-40b1-8102-a2abdb1aa6df', 'e586034f-dc4c-4b9d-8c3d-5b88fd2a13c7', '9953c3ef-a760-45f0-b380-448c9d14a3eb', false);
INSERT INTO art_ping.project VALUES ('3b21aa42-1b7a-4bf4-bddf-de5bd59bb525', 'project85', true);
INSERT INTO art_ping.project_employee VALUES ('6a67a7e5-2813-4b25-b596-4ef7e0470806', '3b21aa42-1b7a-4bf4-bddf-de5bd59bb525', 'd50a29c0-ef34-44a1-a19c-0889ca4a3ecd', false);
INSERT INTO art_ping.project_employee VALUES ('f8bf730f-f989-4b48-8b91-1afe34103c90', '3b21aa42-1b7a-4bf4-bddf-de5bd59bb525', 'e118eaff-ea44-4548-8941-28b1cb9ffd3a', false);
INSERT INTO art_ping.project_employee VALUES ('5c546f7f-84f0-40a9-aae4-559263411e2d', '3b21aa42-1b7a-4bf4-bddf-de5bd59bb525', '99de8f95-187e-4ef0-82f4-792435051f62', false);
INSERT INTO art_ping.project_employee VALUES ('10cbc178-d2eb-4d53-91cb-77f8a3ca645d', '3b21aa42-1b7a-4bf4-bddf-de5bd59bb525', '0ada35b7-1963-4938-aa0b-e7fb501440a8', false);
INSERT INTO art_ping.project_employee VALUES ('cbc4f720-9e43-4bd2-85b8-2a4dcfc298e6', '3b21aa42-1b7a-4bf4-bddf-de5bd59bb525', '35a3185c-b449-4041-a98b-51e2e4bdfa4c', false);
INSERT INTO art_ping.project_employee VALUES ('d641f58b-cde3-45e7-9a65-4180bcb14184', '3b21aa42-1b7a-4bf4-bddf-de5bd59bb525', 'ccd5828e-2daa-4dbe-8c87-a5b5722653cb', false);
INSERT INTO art_ping.project_employee VALUES ('ce716637-ac3d-486b-9d9a-bdf80b496551', '3b21aa42-1b7a-4bf4-bddf-de5bd59bb525', '9dc4b22b-4c22-4fda-b66e-57caf03383c0', false);
INSERT INTO art_ping.project_employee VALUES ('5077a9ec-4a24-487d-9c29-623b8462c29a', '3b21aa42-1b7a-4bf4-bddf-de5bd59bb525', 'fb9b03c8-a286-4686-a803-7019361ef031', false);
INSERT INTO art_ping.project_employee VALUES ('20a5efc7-5ae5-41d3-a208-a4d9c10ca5cc', '3b21aa42-1b7a-4bf4-bddf-de5bd59bb525', '8b8926db-6dea-40e5-b8fd-579381501a21', false);
INSERT INTO art_ping.project_employee VALUES ('16c7bed4-3551-416e-8c76-26988e1b44b8', '3b21aa42-1b7a-4bf4-bddf-de5bd59bb525', '72a38b2d-0329-4d0b-85d5-6f4be052ef1a', false);
INSERT INTO art_ping.project_employee VALUES ('b4925d38-3704-4046-8e32-b857ab667c14', '3b21aa42-1b7a-4bf4-bddf-de5bd59bb525', '8cbd7684-1e00-4ca2-a67c-2be74fff9283', false);
INSERT INTO art_ping.project VALUES ('cfd5d745-c8cc-4233-97f4-da7c2810dfbb', 'project86', true);
INSERT INTO art_ping.project_employee VALUES ('2233cc30-3786-4dc6-8691-066b5066ed16', 'cfd5d745-c8cc-4233-97f4-da7c2810dfbb', '81c5a992-a2c5-4e8a-86bf-284227c34b96', false);
INSERT INTO art_ping.project_employee VALUES ('9197c025-34ca-4ae7-b68f-7a0b6c6cdb3b', 'cfd5d745-c8cc-4233-97f4-da7c2810dfbb', 'b41a2ef2-3d6c-4087-ae26-451f83c475fa', false);
INSERT INTO art_ping.project_employee VALUES ('8850c388-d6d8-4ac6-8dec-4cf67ba7cb5d', 'cfd5d745-c8cc-4233-97f4-da7c2810dfbb', '4242e906-afdd-451d-828a-ce35ca2d9931', false);
INSERT INTO art_ping.project_employee VALUES ('b8ac6d1b-7458-4e0a-8743-6972069adc1f', 'cfd5d745-c8cc-4233-97f4-da7c2810dfbb', '6bbc2baa-80ce-41da-bbdf-31f8647dddc8', false);
INSERT INTO art_ping.project_employee VALUES ('017233ac-20df-48f6-9530-c64b8e04160d', 'cfd5d745-c8cc-4233-97f4-da7c2810dfbb', '1fc0efd8-3a62-489a-9f69-9c44b6e225a4', false);
INSERT INTO art_ping.project_employee VALUES ('3615e48d-a047-4895-b2f5-c67346d55418', 'cfd5d745-c8cc-4233-97f4-da7c2810dfbb', '76db39d9-b2ab-470a-af66-04427497d652', false);
INSERT INTO art_ping.project_employee VALUES ('3ec75433-a6d4-4fcb-8ecc-ed3d6809ab96', 'cfd5d745-c8cc-4233-97f4-da7c2810dfbb', '1e53e1cb-cc17-4ad8-9eae-7afe826158f4', false);
INSERT INTO art_ping.project_employee VALUES ('664ae86f-9e48-4b19-8ab9-e0a3c3a7ef0c', 'cfd5d745-c8cc-4233-97f4-da7c2810dfbb', 'ef803d10-d917-4be1-b89f-6d856e567c3a', false);
INSERT INTO art_ping.project_employee VALUES ('20f112fd-673e-4408-9963-c89a82f7eac8', 'cfd5d745-c8cc-4233-97f4-da7c2810dfbb', 'c2aa43c6-ee1b-4070-9e73-df2e101e2c95', false);
INSERT INTO art_ping.project_employee VALUES ('91632972-6eb5-4111-9a09-9b0612644dad', 'cfd5d745-c8cc-4233-97f4-da7c2810dfbb', 'ef1a352f-9385-48f8-8241-ac27542dc048', false);
INSERT INTO art_ping.project_employee VALUES ('31f9d530-29d0-4d68-9a2c-6fc4e8eb6ca4', 'cfd5d745-c8cc-4233-97f4-da7c2810dfbb', '5a7f29f2-c165-4475-af5c-0c41a0d9b49a', false);
INSERT INTO art_ping.project_employee VALUES ('9a8aaa4a-f811-4450-8c43-dcdc0ce3de18', 'cfd5d745-c8cc-4233-97f4-da7c2810dfbb', 'c80079ca-8fc0-40ef-8442-c71268c93503', false);
INSERT INTO art_ping.project_employee VALUES ('426d18bb-6e94-4879-8e6e-872a3b7e4b97', 'cfd5d745-c8cc-4233-97f4-da7c2810dfbb', '1101b59e-066e-43e4-ab5a-bf1e1b623ee0', false);
INSERT INTO art_ping.project_employee VALUES ('89177c95-7450-4e1b-b6cc-67f22a3bbd6a', 'cfd5d745-c8cc-4233-97f4-da7c2810dfbb', 'bfce59ea-ee35-429a-8f21-43a5b18b601d', false);
INSERT INTO art_ping.project_employee VALUES ('45be2c74-872f-4f61-a43f-667b7deae1e2', 'cfd5d745-c8cc-4233-97f4-da7c2810dfbb', '506c90be-9047-4868-9f58-4d30d43c5cd4', false);
INSERT INTO art_ping.project VALUES ('e6d24942-10a6-4fb8-b234-d7bec7c6bdaa', 'project87', true);
INSERT INTO art_ping.project_employee VALUES ('aee75410-243e-48d8-997e-61261892d646', 'e6d24942-10a6-4fb8-b234-d7bec7c6bdaa', '5004a47a-83f9-402d-b35e-d4eccbf0e8fa', false);
INSERT INTO art_ping.project_employee VALUES ('e880f763-0c6b-4495-a2e3-b9c6f7085015', 'e6d24942-10a6-4fb8-b234-d7bec7c6bdaa', 'e06d78cf-3c49-42e0-a416-7ee0c3a21be7', false);
INSERT INTO art_ping.project_employee VALUES ('bbfba5f8-fc73-4482-8b39-84764819e904', 'e6d24942-10a6-4fb8-b234-d7bec7c6bdaa', '0e1b2f29-f490-4f75-b4c3-611ccccdd849', false);
INSERT INTO art_ping.project_employee VALUES ('bc70c1f4-2c91-4c6f-84ac-be37f4cd1db4', 'e6d24942-10a6-4fb8-b234-d7bec7c6bdaa', '4fdce3b1-17f9-4ac2-ad87-e9725ecabca8', false);
INSERT INTO art_ping.project_employee VALUES ('55164a32-6fe3-4c07-81f8-7b78ebb85874', 'e6d24942-10a6-4fb8-b234-d7bec7c6bdaa', '2864a45e-6a73-493e-a9e5-f43029ae42a4', false);
INSERT INTO art_ping.project_employee VALUES ('28f92e3a-bfe6-497e-8d11-95f9123c2999', 'e6d24942-10a6-4fb8-b234-d7bec7c6bdaa', '375352c8-70c6-4a89-9ce3-1098a0bf225e', false);
INSERT INTO art_ping.project VALUES ('5bd11909-933b-4120-b38d-3aa0f75556f8', 'project88', true);
INSERT INTO art_ping.project_employee VALUES ('122cd612-2aee-48fe-b5d3-ef696452b89e', '5bd11909-933b-4120-b38d-3aa0f75556f8', 'e930521e-e6a0-4bf8-aba9-8b6811060576', false);
INSERT INTO art_ping.project_employee VALUES ('0fc6f45a-e13d-44f0-b213-26732a243038', '5bd11909-933b-4120-b38d-3aa0f75556f8', '7f017fd4-81ac-4d7b-a32e-c28b45ceb60f', false);
INSERT INTO art_ping.project_employee VALUES ('cdb5d1c9-6f6f-4ff6-b595-b885501a87dd', '5bd11909-933b-4120-b38d-3aa0f75556f8', '6bdd5fb0-1d5e-429c-9e42-64d6218babb4', false);
INSERT INTO art_ping.project VALUES ('edaef757-cb7e-41eb-ad68-52589d69f6b8', 'project89', true);
INSERT INTO art_ping.project_employee VALUES ('2c94214e-3707-4ee2-851c-975cab110ee3', 'edaef757-cb7e-41eb-ad68-52589d69f6b8', '64ff7b30-1b01-4f81-b183-4f9929bb9052', false);
INSERT INTO art_ping.project_employee VALUES ('d0d05aa5-895f-4863-a8d0-b8a4e126dd6a', 'edaef757-cb7e-41eb-ad68-52589d69f6b8', '6dc96164-1a4e-4d40-a791-6e3eb28ece7f', false);
INSERT INTO art_ping.project_employee VALUES ('3a2dcf36-3f81-425a-9bb5-f757237022ea', 'edaef757-cb7e-41eb-ad68-52589d69f6b8', '4fd466c7-89db-42c1-aac7-aeb9e138a273', false);
INSERT INTO art_ping.project_employee VALUES ('cce85152-1150-4fc1-ac3a-bf4cd4fe3ec5', 'edaef757-cb7e-41eb-ad68-52589d69f6b8', '4edf1e3b-8944-42c0-aa02-4622fba98a22', false);
INSERT INTO art_ping.project_employee VALUES ('b6a315a6-c9db-44f3-a02d-b32fb1e67239', 'edaef757-cb7e-41eb-ad68-52589d69f6b8', '4302338b-46b5-45ee-bd61-0fc7cede54ba', false);
INSERT INTO art_ping.project_employee VALUES ('fae92d7a-8f73-4570-810a-20c49477e389', 'edaef757-cb7e-41eb-ad68-52589d69f6b8', '3be56123-31bd-40a2-bafb-c43b6717d638', false);
INSERT INTO art_ping.project_employee VALUES ('a2101469-4d50-4197-9b7b-4cc3e0ebb369', 'edaef757-cb7e-41eb-ad68-52589d69f6b8', '41764999-aa9b-4509-a434-09e9393347d2', false);
INSERT INTO art_ping.project_employee VALUES ('08799b26-e6de-4809-b268-ccbd95246dd7', 'edaef757-cb7e-41eb-ad68-52589d69f6b8', '7b03ab40-238a-488a-87a3-d3b19501196d', false);
INSERT INTO art_ping.project_employee VALUES ('bcba8aca-4454-424b-a532-ea99a8b97d3b', 'edaef757-cb7e-41eb-ad68-52589d69f6b8', '80c79fe3-f762-4dce-93f2-86cf0be30c68', false);
INSERT INTO art_ping.project_employee VALUES ('8830d0e6-7e5d-4279-b02e-279678736c7f', 'edaef757-cb7e-41eb-ad68-52589d69f6b8', '348e4a71-99d5-4382-a884-229d538af662', false);
INSERT INTO art_ping.project_employee VALUES ('c991a480-6eb6-4eea-be25-4f6c3738fd6e', 'edaef757-cb7e-41eb-ad68-52589d69f6b8', '085d1150-48f8-4b0b-814d-fa33a489b982', false);
INSERT INTO art_ping.project_employee VALUES ('ec1ac26b-e45b-47ae-9c13-121cbf2aa191', 'edaef757-cb7e-41eb-ad68-52589d69f6b8', 'ae0a4142-3fb8-41c4-a80a-56ad29240937', false);
INSERT INTO art_ping.project_employee VALUES ('98aa9a4c-6435-4e46-8d41-1a6d52d048b5', 'edaef757-cb7e-41eb-ad68-52589d69f6b8', 'fb67b0c8-67d8-4b01-a3c5-d27b062ef307', false);
INSERT INTO art_ping.project_employee VALUES ('0e8770af-69d6-4a53-9238-eab1046770ee', 'edaef757-cb7e-41eb-ad68-52589d69f6b8', '81de19b3-4102-4be2-b92b-0f66fc0e3d16', false);
INSERT INTO art_ping.project_employee VALUES ('7e749e93-1871-43a5-9cc7-6c03a962eac0', 'edaef757-cb7e-41eb-ad68-52589d69f6b8', '735a9cac-c943-4560-99a5-c2778ed36806', false);
INSERT INTO art_ping.project_employee VALUES ('2fcaf04f-503a-448d-9a94-d12b8e6fb42f', 'edaef757-cb7e-41eb-ad68-52589d69f6b8', '0a3b8e15-0aa8-4fce-ba52-a3b788c5ba3f', false);
INSERT INTO art_ping.project_employee VALUES ('22557862-1e12-4f06-87e1-568d38847c56', 'edaef757-cb7e-41eb-ad68-52589d69f6b8', 'ffb3f67e-7363-44b6-99e6-a38eca629edb', false);
INSERT INTO art_ping.project VALUES ('f5bf3aca-dd09-47f8-a7c4-b16605349cf7', 'project90', true);
INSERT INTO art_ping.project_employee VALUES ('5faac32d-d972-4bdd-8655-ec1c0b69f0db', 'f5bf3aca-dd09-47f8-a7c4-b16605349cf7', '5a5c3045-0dc5-48e6-a271-cd2e5e9dcb06', false);
INSERT INTO art_ping.project_employee VALUES ('1eb5c640-1494-4e17-afea-1c08b806118b', 'f5bf3aca-dd09-47f8-a7c4-b16605349cf7', 'a631eccb-2ad5-4789-8d5c-ed6132b2e674', false);
INSERT INTO art_ping.project_employee VALUES ('452e7b3d-c773-48a5-bb17-1e2f0ba2fafe', 'f5bf3aca-dd09-47f8-a7c4-b16605349cf7', 'f959a1d8-f0fe-472a-869a-6d5e59673f3f', false);
INSERT INTO art_ping.project_employee VALUES ('7047bdb9-0ebe-4a52-b183-82f92dc20a34', 'f5bf3aca-dd09-47f8-a7c4-b16605349cf7', 'c446f2da-0723-44a3-a07c-dfe281f27a04', false);
INSERT INTO art_ping.project_employee VALUES ('d2fb10ce-d6c9-48c1-bce1-9f7a10cd7300', 'f5bf3aca-dd09-47f8-a7c4-b16605349cf7', '19a66dc2-080d-4711-abe3-a97cbda9803b', false);
INSERT INTO art_ping.project_employee VALUES ('cfbd1526-3951-4f53-b181-3937d7ef0e72', 'f5bf3aca-dd09-47f8-a7c4-b16605349cf7', '01133c1d-0029-463e-88df-5fafd35fcefe', false);
INSERT INTO art_ping.project_employee VALUES ('8d121356-d94f-4d8e-9340-613219bb2f80', 'f5bf3aca-dd09-47f8-a7c4-b16605349cf7', '5648ab49-662f-4584-9194-51d0dd974a77', false);
INSERT INTO art_ping.project_employee VALUES ('63703336-cc17-4138-bca9-279c96a2aeae', 'f5bf3aca-dd09-47f8-a7c4-b16605349cf7', '4edf1e3b-8944-42c0-aa02-4622fba98a22', false);
INSERT INTO art_ping.project_employee VALUES ('2c2c893f-9fdb-4ce7-9844-e6b478e88e25', 'f5bf3aca-dd09-47f8-a7c4-b16605349cf7', 'c4a23d0a-4a7e-402d-bbe4-511d102e4648', false);
INSERT INTO art_ping.project_employee VALUES ('289f2eed-1b54-4d64-9407-64caf62ee6e7', 'f5bf3aca-dd09-47f8-a7c4-b16605349cf7', 'fb1e30c5-c610-4675-a68e-acc123898179', false);
INSERT INTO art_ping.project_employee VALUES ('18431747-c6b2-4cd8-a8b0-e685809b3f1b', 'f5bf3aca-dd09-47f8-a7c4-b16605349cf7', 'a6f8a1b3-622f-4196-8dea-9dde2fdec79c', false);
INSERT INTO art_ping.project_employee VALUES ('1913ccea-45b4-4758-b84c-df3ce1dfd974', 'f5bf3aca-dd09-47f8-a7c4-b16605349cf7', '219ba6fe-7459-4043-87a7-8fa8941d5964', false);
INSERT INTO art_ping.project_employee VALUES ('e82bbb74-b165-4d9d-8694-ed35b07ea991', 'f5bf3aca-dd09-47f8-a7c4-b16605349cf7', '1543d3c6-f208-43c7-9f8c-5ad4b647f75d', false);
INSERT INTO art_ping.project_employee VALUES ('c89a00eb-1632-4b28-89ec-60aa0ec39ad7', 'f5bf3aca-dd09-47f8-a7c4-b16605349cf7', 'c2d2f97e-8a11-4a1b-bc6f-ea054abe0e77', false);
INSERT INTO art_ping.project_employee VALUES ('4b6481a5-40de-419f-9891-4ede01cd37ef', 'f5bf3aca-dd09-47f8-a7c4-b16605349cf7', '87bdf85f-ffd8-492a-bf8b-60745059aea1', false);
INSERT INTO art_ping.project_employee VALUES ('ed675327-de63-4ced-b915-5cf59f2435ba', 'f5bf3aca-dd09-47f8-a7c4-b16605349cf7', '6f05137a-39de-4a4b-9b48-2cbce47f84e9', false);
INSERT INTO art_ping.project_employee VALUES ('b6b8de3b-4812-42b8-9602-c6c99228c943', 'f5bf3aca-dd09-47f8-a7c4-b16605349cf7', 'c8198693-c3cc-4a19-b024-f19d1b89733b', false);
INSERT INTO art_ping.project VALUES ('7487e23c-394e-4a35-b474-c133c8286903', 'project91', true);
INSERT INTO art_ping.project_employee VALUES ('0e3678d5-47c3-480c-8458-567253c41b9b', '7487e23c-394e-4a35-b474-c133c8286903', '6af21098-aeaa-44e1-bd78-523c263dc55d', false);
INSERT INTO art_ping.project_employee VALUES ('ffaea0c7-a9f1-4a88-82ca-164e2e6f48a6', '7487e23c-394e-4a35-b474-c133c8286903', '9a7fd726-d2f5-4da5-a2b5-2caa160b2e65', false);
INSERT INTO art_ping.project_employee VALUES ('6635412f-d79c-451c-9f61-1b02cc9c6ad4', '7487e23c-394e-4a35-b474-c133c8286903', '0e30c88a-b728-4693-9a2c-f0ee42dfb793', false);
INSERT INTO art_ping.project_employee VALUES ('885956a2-8f21-41ba-9c52-8c8d0eba0b39', '7487e23c-394e-4a35-b474-c133c8286903', '0065bc69-99d2-46de-969f-aa5725ae3b89', false);
INSERT INTO art_ping.project_employee VALUES ('4721dbb0-7eaf-4503-a1d4-b708c20d2b52', '7487e23c-394e-4a35-b474-c133c8286903', '53575704-25ba-4db4-ad32-e4be90469b7f', false);
INSERT INTO art_ping.project VALUES ('8549b235-3ec1-4f95-a917-2f76710a0996', 'project92', true);
INSERT INTO art_ping.project_employee VALUES ('ee35b886-ba6c-42bc-bad8-00cd39d55ec1', '8549b235-3ec1-4f95-a917-2f76710a0996', '8497a2ae-1393-40a2-a1aa-025047ed3835', false);
INSERT INTO art_ping.project_employee VALUES ('16e54390-1d64-43ca-b268-4e8155685dc9', '8549b235-3ec1-4f95-a917-2f76710a0996', '720c96be-e9a2-427b-9798-a2875c823a86', false);
INSERT INTO art_ping.project_employee VALUES ('c7db8280-95d6-400b-bdd6-b2ccaad32ac8', '8549b235-3ec1-4f95-a917-2f76710a0996', '65437f3f-cdfb-4732-ba14-73e765d78096', false);
INSERT INTO art_ping.project_employee VALUES ('334c7e52-2a28-4790-90ad-87c4ca3e860b', '8549b235-3ec1-4f95-a917-2f76710a0996', 'e3453ceb-3aec-48b8-9376-a52af08e7111', false);
INSERT INTO art_ping.project_employee VALUES ('168c2fd5-93d3-42e7-a4c4-999a3eca09c8', '8549b235-3ec1-4f95-a917-2f76710a0996', 'ce651c41-2f4f-4efa-90b6-0741cd1ae09d', false);
INSERT INTO art_ping.project_employee VALUES ('e6cec7d7-4064-44a3-88f6-09734a9d3698', '8549b235-3ec1-4f95-a917-2f76710a0996', '00dbc004-e522-4e71-953d-dc682428df46', false);
INSERT INTO art_ping.project_employee VALUES ('de60e6e4-28f4-4d33-81ef-515a524364dc', '8549b235-3ec1-4f95-a917-2f76710a0996', '4edf1e3b-8944-42c0-aa02-4622fba98a22', false);
INSERT INTO art_ping.project_employee VALUES ('3a2667f9-a508-4d80-92be-d60788655cd8', '8549b235-3ec1-4f95-a917-2f76710a0996', '970203ae-fae6-43cc-bc06-cc3bb400ee0a', false);
INSERT INTO art_ping.project_employee VALUES ('8fb2e065-e3f9-40fa-85d4-7a18720a1c8b', '8549b235-3ec1-4f95-a917-2f76710a0996', '98d503ac-1975-4d08-ac0d-26406ca592f6', false);
INSERT INTO art_ping.project_employee VALUES ('a5d20f09-193d-4b9c-b184-f038801b23e8', '8549b235-3ec1-4f95-a917-2f76710a0996', '05401823-060e-4ba4-af55-daf4f5ed50bc', false);
INSERT INTO art_ping.project_employee VALUES ('b38b1dfa-71ae-477e-9171-34ea89f8c535', '8549b235-3ec1-4f95-a917-2f76710a0996', '3ee6ee98-01e9-477e-aae0-b8afbdab73b4', false);
INSERT INTO art_ping.project VALUES ('43a2917a-0d5e-4839-8405-0a1d2a62fbdb', 'project93', true);
INSERT INTO art_ping.project_employee VALUES ('e537b7a9-11f7-4c1f-bce0-25d26a1f6c0d', '43a2917a-0d5e-4839-8405-0a1d2a62fbdb', 'e930521e-e6a0-4bf8-aba9-8b6811060576', false);
INSERT INTO art_ping.project_employee VALUES ('5282bbbd-6882-4c2e-b95c-b0cb431c1e3f', '43a2917a-0d5e-4839-8405-0a1d2a62fbdb', '8d716000-c4ea-4b70-bed8-2b14a47d9e16', false);
INSERT INTO art_ping.project_employee VALUES ('756f7b24-2cc1-483f-b47c-db90d1cc90d5', '43a2917a-0d5e-4839-8405-0a1d2a62fbdb', '3811cc7b-c6c2-437d-b64b-9afb49d8ad8d', false);
INSERT INTO art_ping.project_employee VALUES ('221e785b-c724-4e5a-9814-46c3f96ae444', '43a2917a-0d5e-4839-8405-0a1d2a62fbdb', '1d7a619d-6274-4d4b-ab21-6ad4f343d8ac', false);
INSERT INTO art_ping.project_employee VALUES ('6126c793-8194-4aed-8d67-1364f27d11a1', '43a2917a-0d5e-4839-8405-0a1d2a62fbdb', '1fc0efd8-3a62-489a-9f69-9c44b6e225a4', false);
INSERT INTO art_ping.project_employee VALUES ('77b77482-4537-48db-a92e-8d4fa4cfd2de', '43a2917a-0d5e-4839-8405-0a1d2a62fbdb', '5d46f018-3b59-4c1d-8d29-10f45690104b', false);
INSERT INTO art_ping.project_employee VALUES ('6be8cf29-39d2-4a6b-a45d-075351cd12cf', '43a2917a-0d5e-4839-8405-0a1d2a62fbdb', 'f6601251-90a2-4acd-a611-5087f2c59f77', false);
INSERT INTO art_ping.project_employee VALUES ('51f831a8-6ba1-43a1-8cc8-e2dcec89eb60', '43a2917a-0d5e-4839-8405-0a1d2a62fbdb', '53fc0d4a-c909-4502-b70b-d2fcfa8bd8fb', false);
INSERT INTO art_ping.project_employee VALUES ('34d38c17-3e65-45dc-aeef-ef9e2072f14a', '43a2917a-0d5e-4839-8405-0a1d2a62fbdb', '72a38b2d-0329-4d0b-85d5-6f4be052ef1a', false);
INSERT INTO art_ping.project_employee VALUES ('b8327fb3-3d5e-4f4c-b42f-b614a9655f27', '43a2917a-0d5e-4839-8405-0a1d2a62fbdb', '5fca0cc8-1e0c-4817-9607-8cccf8d8c202', false);
INSERT INTO art_ping.project_employee VALUES ('f88aa6cd-4e27-415f-aac7-5c3e13e35e9d', '43a2917a-0d5e-4839-8405-0a1d2a62fbdb', 'e86f1abf-c2c7-4e09-a287-28e6bc3e35fb', false);
INSERT INTO art_ping.project_employee VALUES ('dcf93b4c-1dde-4765-be94-168d1859859a', '43a2917a-0d5e-4839-8405-0a1d2a62fbdb', '2fecbc8b-3576-4283-84a2-b8b6b46c037b', false);
INSERT INTO art_ping.project_employee VALUES ('e7cc15d6-cb05-4494-b620-a1abc9cb4fd4', '43a2917a-0d5e-4839-8405-0a1d2a62fbdb', 'b296d2b6-dc0c-494a-aa45-bbf06ca44a27', false);
INSERT INTO art_ping.project_employee VALUES ('6a08c971-b43d-46a5-95bf-9f3d10c161b5', '43a2917a-0d5e-4839-8405-0a1d2a62fbdb', '9156f9a1-04af-4de0-93d1-bea2aacb4812', false);
INSERT INTO art_ping.project_employee VALUES ('b271dc94-a678-494a-9eb0-f3d65eed880c', '43a2917a-0d5e-4839-8405-0a1d2a62fbdb', '80a00422-f9d7-4880-9c8e-9945236e1624', false);
INSERT INTO art_ping.project_employee VALUES ('966fa50f-7912-4900-9569-5b2d28debac7', '43a2917a-0d5e-4839-8405-0a1d2a62fbdb', '98d503ac-1975-4d08-ac0d-26406ca592f6', false);
INSERT INTO art_ping.project_employee VALUES ('9c55bf16-87f2-4c91-ad7c-0152e150d785', '43a2917a-0d5e-4839-8405-0a1d2a62fbdb', 'e2880836-6c73-4e45-bcce-583ca78f6d5c', false);
INSERT INTO art_ping.project_employee VALUES ('62076dbf-48c7-4644-8379-8b8e610ece13', '43a2917a-0d5e-4839-8405-0a1d2a62fbdb', '998b5219-c09c-46fa-922b-edd5ad48d4f1', false);
INSERT INTO art_ping.project_employee VALUES ('99bf4833-a950-418c-8e72-e65a6eb716b8', '43a2917a-0d5e-4839-8405-0a1d2a62fbdb', 'd4b8749a-e95d-4de4-9267-ed7b45510d0f', false);
INSERT INTO art_ping.project VALUES ('3ef1e4f9-0cfd-446f-b949-3b56a99e18fe', 'project94', true);
INSERT INTO art_ping.project_employee VALUES ('3f1a6255-9c27-4c90-8485-3965f5e5c8db', '3ef1e4f9-0cfd-446f-b949-3b56a99e18fe', '888993a1-3b7f-42bb-96ef-fba9d76ec213', false);
INSERT INTO art_ping.project_employee VALUES ('519c91df-60c4-493c-8651-d98de283aae9', '3ef1e4f9-0cfd-446f-b949-3b56a99e18fe', 'ff815e1a-552a-4b9e-bb37-738ff0b16e61', false);
INSERT INTO art_ping.project_employee VALUES ('7c80f0ec-2951-48c8-8e96-298c2c0da767', '3ef1e4f9-0cfd-446f-b949-3b56a99e18fe', '507da374-840a-4ddb-8aa6-98fb673152ec', false);
INSERT INTO art_ping.project_employee VALUES ('553158f4-610f-4dfb-bd6a-f96eb40549e8', '3ef1e4f9-0cfd-446f-b949-3b56a99e18fe', '3be56123-31bd-40a2-bafb-c43b6717d638', false);
INSERT INTO art_ping.project_employee VALUES ('ddfd45a0-a8d4-45df-8f95-68a01e9157b1', '3ef1e4f9-0cfd-446f-b949-3b56a99e18fe', '9e772308-013b-4e58-9b98-921ea5b62eba', false);
INSERT INTO art_ping.project_employee VALUES ('56bb50fc-5afa-4483-9791-8b5e4c37e800', '3ef1e4f9-0cfd-446f-b949-3b56a99e18fe', 'fe1d5557-c995-4cc6-8a60-5d8bd0b2bdde', false);
INSERT INTO art_ping.project_employee VALUES ('0a9668e9-4032-4549-8b2d-45a4b2bdb6c3', '3ef1e4f9-0cfd-446f-b949-3b56a99e18fe', '7b03ab40-238a-488a-87a3-d3b19501196d', false);
INSERT INTO art_ping.project_employee VALUES ('0acd2a8d-45a7-43ad-b8ea-b4931e3d8c27', '3ef1e4f9-0cfd-446f-b949-3b56a99e18fe', '4cdf619d-8a5b-4bfc-9feb-30cce1470f9b', false);
INSERT INTO art_ping.project_employee VALUES ('d54b07ca-8b42-4f03-851a-7a10d1b1545c', '3ef1e4f9-0cfd-446f-b949-3b56a99e18fe', '8b8926db-6dea-40e5-b8fd-579381501a21', false);
INSERT INTO art_ping.project_employee VALUES ('7340e59c-b7f9-47f3-bd09-ac00ede91cd9', '3ef1e4f9-0cfd-446f-b949-3b56a99e18fe', 'cf0d3889-ccf9-4c1a-8cab-2c364d1fd976', false);
INSERT INTO art_ping.project_employee VALUES ('bbc3172a-a2c3-441c-ae8b-fed6706cbcdd', '3ef1e4f9-0cfd-446f-b949-3b56a99e18fe', 'c657ade1-6670-4fa3-9858-1ffba5e72132', false);
INSERT INTO art_ping.project_employee VALUES ('2ddc33cd-22a8-45d4-aa9c-a65fc777c228', '3ef1e4f9-0cfd-446f-b949-3b56a99e18fe', '0929a218-1054-4297-9281-a856aec8a3a8', false);
INSERT INTO art_ping.project VALUES ('ea25e9c4-a401-420c-aa0c-0b8cd7804410', 'project95', true);
INSERT INTO art_ping.project_employee VALUES ('61697cea-6bad-476a-a211-6f220106810e', 'ea25e9c4-a401-420c-aa0c-0b8cd7804410', '842e81fd-1abd-4313-95a9-bce6893d360f', false);
INSERT INTO art_ping.project_employee VALUES ('f0fdf00e-1709-4fe8-aad3-bc808a437c62', 'ea25e9c4-a401-420c-aa0c-0b8cd7804410', '5d82c286-6349-49ee-a0c8-8ae17c01a3ea', false);
INSERT INTO art_ping.project_employee VALUES ('24a433f1-bd47-4085-bd1f-1d2942192d4e', 'ea25e9c4-a401-420c-aa0c-0b8cd7804410', '3c6e0c9f-5628-4b52-8dd3-51073cb3b3e0', false);
INSERT INTO art_ping.project_employee VALUES ('2fe1866b-9314-471a-b19f-ba6363a4aee9', 'ea25e9c4-a401-420c-aa0c-0b8cd7804410', 'c9044c5e-a7bd-4a3e-a2dc-077e7b2dd274', false);
INSERT INTO art_ping.project_employee VALUES ('c0dfa0ac-8429-4710-ba5d-395ed2287c4e', 'ea25e9c4-a401-420c-aa0c-0b8cd7804410', 'df693f88-209f-42b6-926e-457b8aeb2af9', false);
INSERT INTO art_ping.project_employee VALUES ('17cf9077-941d-4912-b0b2-903abe52e915', 'ea25e9c4-a401-420c-aa0c-0b8cd7804410', 'ef7966d0-b3aa-4f46-a659-7441d0f1c60f', false);
INSERT INTO art_ping.project_employee VALUES ('6b444136-7f79-4183-9013-5282bfc0cfcc', 'ea25e9c4-a401-420c-aa0c-0b8cd7804410', '8b7aa8af-fcb3-472e-a2ff-f74f8f941a0b', false);
INSERT INTO art_ping.project_employee VALUES ('64b180b0-3d51-4560-b583-18909fc2ec63', 'ea25e9c4-a401-420c-aa0c-0b8cd7804410', 'a826b351-d4db-44c7-95f8-f68c790b595b', false);
INSERT INTO art_ping.project_employee VALUES ('c7f6f3dc-69c4-4008-a4dc-9d165d944dd3', 'ea25e9c4-a401-420c-aa0c-0b8cd7804410', '7c2ee8dd-649b-46a6-89cc-74298ad7b4af', false);
INSERT INTO art_ping.project_employee VALUES ('0b05855f-bc6b-4a37-8e99-43491f444795', 'ea25e9c4-a401-420c-aa0c-0b8cd7804410', '1c318b7f-c458-40ae-b54a-bc48195c94cb', false);
INSERT INTO art_ping.project_employee VALUES ('2ebc08f5-5a8e-4652-aff6-6a676e3cc818', 'ea25e9c4-a401-420c-aa0c-0b8cd7804410', 'ef25260d-3eb8-4893-8fe8-3e51ca329be8', false);
INSERT INTO art_ping.project_employee VALUES ('c4922697-2aa5-49a3-ad76-189dbe1c37ce', 'ea25e9c4-a401-420c-aa0c-0b8cd7804410', '97b2f937-54d8-4fa4-b68a-9e346b96953c', false);
INSERT INTO art_ping.project_employee VALUES ('b3721a29-eeed-4ca2-9e32-5ccc8663c1c0', 'ea25e9c4-a401-420c-aa0c-0b8cd7804410', '0a3b8e15-0aa8-4fce-ba52-a3b788c5ba3f', false);
INSERT INTO art_ping.project VALUES ('9a919175-a612-4f5d-a088-c7d207a47c60', 'project96', true);
INSERT INTO art_ping.project_employee VALUES ('1cfc188c-26d5-4029-9bd1-e4b3bcefe2f0', '9a919175-a612-4f5d-a088-c7d207a47c60', '9574b8bd-d990-4149-9d74-5338d79432ad', false);
INSERT INTO art_ping.project_employee VALUES ('c6bef7fc-72e2-4786-a4f0-377cd549e54e', '9a919175-a612-4f5d-a088-c7d207a47c60', '0e56808e-1d78-4611-b873-0d2d75c33554', false);
INSERT INTO art_ping.project_employee VALUES ('d0f24437-db9d-4592-b089-6634502702c1', '9a919175-a612-4f5d-a088-c7d207a47c60', 'e5e3df29-b6ee-459b-ae9d-e725b68bbafb', false);
INSERT INTO art_ping.project_employee VALUES ('d5495b8f-81b7-4d2e-a2fc-1e41e032018b', '9a919175-a612-4f5d-a088-c7d207a47c60', '58c8f386-8e2b-4f49-8f0a-cdec23fc0dd2', false);
INSERT INTO art_ping.project_employee VALUES ('b18adecc-30da-4f3f-88d1-6f0776d115bc', '9a919175-a612-4f5d-a088-c7d207a47c60', '3b2a40d0-1670-4a18-940d-bd37a4123361', false);
INSERT INTO art_ping.project_employee VALUES ('2260ace3-0f66-4aaa-84db-406361643947', '9a919175-a612-4f5d-a088-c7d207a47c60', 'df1ea017-7893-474e-8b65-fe38cbadedcf', false);
INSERT INTO art_ping.project_employee VALUES ('1f51962f-0f7a-47fc-9895-a14e88853a51', '9a919175-a612-4f5d-a088-c7d207a47c60', 'a8cabb54-2ebd-46a6-aa94-cac081ddd297', false);
INSERT INTO art_ping.project_employee VALUES ('d2598fbb-691b-4dd6-b16b-d0c18fa449ee', '9a919175-a612-4f5d-a088-c7d207a47c60', 'a91576d9-95f7-42f0-96c2-8d86fbc31bb8', false);
INSERT INTO art_ping.project_employee VALUES ('4f641b33-2dbd-4945-8a6e-7f0aec985c2d', '9a919175-a612-4f5d-a088-c7d207a47c60', '0dbb3ff9-9ae1-49a8-8ce5-2b6d64e79cbd', false);
INSERT INTO art_ping.project VALUES ('4ced3aa4-d6fb-4e51-bebc-0c61ef1df269', 'project97', true);
INSERT INTO art_ping.project_employee VALUES ('a93ef5c1-554e-4e13-b155-994366ed2127', '4ced3aa4-d6fb-4e51-bebc-0c61ef1df269', 'd37a0a5f-68f0-4c41-9e70-e4364e093ca2', false);
INSERT INTO art_ping.project_employee VALUES ('bf55132d-14ef-43b2-874d-796e5b63eb23', '4ced3aa4-d6fb-4e51-bebc-0c61ef1df269', '6bbc2baa-80ce-41da-bbdf-31f8647dddc8', false);
INSERT INTO art_ping.project_employee VALUES ('5c88c338-e466-45b1-b756-da560b3d7d66', '4ced3aa4-d6fb-4e51-bebc-0c61ef1df269', 'f30ccc1b-32f2-4870-b7b6-62245b2bfd2b', false);
INSERT INTO art_ping.project_employee VALUES ('09ab3d87-ea8c-4a24-b873-7072ca58f046', '4ced3aa4-d6fb-4e51-bebc-0c61ef1df269', 'c4908a7e-b48f-455f-a81b-d78644ed91e9', false);
INSERT INTO art_ping.project_employee VALUES ('736ffa1b-36eb-4f31-b460-4ba1bfb7f4d6', '4ced3aa4-d6fb-4e51-bebc-0c61ef1df269', '5a7f29f2-c165-4475-af5c-0c41a0d9b49a', false);
INSERT INTO art_ping.project VALUES ('b2fd9fa9-ea9a-4f05-9fe9-40642518d0e2', 'project98', true);
INSERT INTO art_ping.project_employee VALUES ('57bdc080-5521-4d80-ad33-39985ea18563', 'b2fd9fa9-ea9a-4f05-9fe9-40642518d0e2', 'ecba32ef-e3b9-4f48-b96a-d2f81f777fbb', false);
INSERT INTO art_ping.project_employee VALUES ('561e48df-bd79-4209-a8c6-44520ded547a', 'b2fd9fa9-ea9a-4f05-9fe9-40642518d0e2', 'b41a2ef2-3d6c-4087-ae26-451f83c475fa', false);
INSERT INTO art_ping.project_employee VALUES ('8f63bf5a-e21a-4d90-ae7c-046481f67af5', 'b2fd9fa9-ea9a-4f05-9fe9-40642518d0e2', '8fbca8db-c93a-4666-a70a-f3fc4dda566c', false);
INSERT INTO art_ping.project_employee VALUES ('6b446ba8-2add-449a-bb78-c549e0108436', 'b2fd9fa9-ea9a-4f05-9fe9-40642518d0e2', '7c2ee8dd-649b-46a6-89cc-74298ad7b4af', false);
INSERT INTO art_ping.project_employee VALUES ('d0591772-d536-45de-8d97-7a4923b9889f', 'b2fd9fa9-ea9a-4f05-9fe9-40642518d0e2', '4c6a386d-fd26-44f5-a7db-4eb441f08069', false);
INSERT INTO art_ping.project VALUES ('da7e1e91-63d7-4d5f-bd08-e47cf9ab67eb', 'project99', true);
INSERT INTO art_ping.project_employee VALUES ('1042ecb5-d56c-4779-845c-5b55ef02d282', 'da7e1e91-63d7-4d5f-bd08-e47cf9ab67eb', '0d9be05f-494f-4ea6-aa20-04cb47089c46', false);
INSERT INTO art_ping.project_employee VALUES ('1fd77dbc-b2bb-4fd5-ba78-60dd754a0faa', 'da7e1e91-63d7-4d5f-bd08-e47cf9ab67eb', '01d00aa2-994c-4edb-9f87-774146e9e864', false);
INSERT INTO art_ping.project_employee VALUES ('a1be892e-6046-4704-842a-04098ec87105', 'da7e1e91-63d7-4d5f-bd08-e47cf9ab67eb', '5b1aea66-ceef-4316-9677-23ec2cd167f3', false);
INSERT INTO art_ping.project_employee VALUES ('b5527133-5558-46ff-b2ee-e84d83b36943', 'da7e1e91-63d7-4d5f-bd08-e47cf9ab67eb', '51bc8980-3c9f-4afe-8a7b-bacfd2955566', false);
INSERT INTO art_ping.project_employee VALUES ('c0776fb0-7d4e-4d0b-a7a0-e0b300c9e285', 'da7e1e91-63d7-4d5f-bd08-e47cf9ab67eb', '3caacf5d-2a9e-4b36-8fa2-b3a5303147fa', false);
INSERT INTO art_ping.project_employee VALUES ('4ac850ef-d1ee-45b5-ad44-623c06b37c66', 'da7e1e91-63d7-4d5f-bd08-e47cf9ab67eb', 'eed660b1-8ce6-4fbc-8b1a-102b691fbe78', false);
INSERT INTO art_ping.project_employee VALUES ('a13298c9-318b-4b0a-a1c0-78ccdcb915a9', 'da7e1e91-63d7-4d5f-bd08-e47cf9ab67eb', '80544bcc-4286-4ed6-8981-323152036cde', false);
INSERT INTO art_ping.project_employee VALUES ('9686f2d9-ac01-4725-bd87-527e001a5f44', 'da7e1e91-63d7-4d5f-bd08-e47cf9ab67eb', '6af70ce3-be0a-4b67-90f8-5d03b9250dff', false);
INSERT INTO art_ping.project_employee VALUES ('fc67e42f-0c74-46d2-87eb-bbfa37f2d514', 'da7e1e91-63d7-4d5f-bd08-e47cf9ab67eb', '784c5c93-5d6b-4a9e-bf92-21158a96f04a', false);
INSERT INTO art_ping.project VALUES ('001d0655-51b2-4fe7-8e78-65adfcbfbd4a', 'project100', true);
INSERT INTO art_ping.project_employee VALUES ('a0400444-ae4e-4e87-9537-b371bcfa33a7', '001d0655-51b2-4fe7-8e78-65adfcbfbd4a', 'ca0da76d-74ec-4bd0-b2b7-83fa512b3234', false);
INSERT INTO art_ping.project_employee VALUES ('d267912c-1477-4f24-a39c-04ed0754be1e', '001d0655-51b2-4fe7-8e78-65adfcbfbd4a', 'f3f69d81-b3db-423b-878e-85dc10b96e97', false);
INSERT INTO art_ping.project_employee VALUES ('dd9855d1-0ef5-4d66-9ede-3bed69e59dcf', '001d0655-51b2-4fe7-8e78-65adfcbfbd4a', '7da4e3d4-baa4-43cf-8f8d-b2e0c29145ab', false);
INSERT INTO art_ping.project_employee VALUES ('0893b795-2b67-4d40-9782-097bbc895c5a', '001d0655-51b2-4fe7-8e78-65adfcbfbd4a', '8429609f-625a-4bd0-a20d-70f7372da498', false);
INSERT INTO art_ping.project_employee VALUES ('6bb0dfde-a1a9-4230-a558-916247df4b8f', '001d0655-51b2-4fe7-8e78-65adfcbfbd4a', '8530c865-bceb-42e6-82ad-9957f3687fc8', false);
INSERT INTO art_ping.project_employee VALUES ('942dd07b-f555-4a28-933b-5c5a4da4eade', '001d0655-51b2-4fe7-8e78-65adfcbfbd4a', '8e90628d-a25d-4018-bb9e-80ca5aab4945', false);
INSERT INTO art_ping.project_employee VALUES ('45b32f41-73cd-406b-a811-6156a2d98a25', '001d0655-51b2-4fe7-8e78-65adfcbfbd4a', '97b0a31e-f07c-471b-85b5-5f801173b725', false);
INSERT INTO art_ping.project_employee VALUES ('cd09028b-9fa4-47de-ba1c-2e12d69e8384', '001d0655-51b2-4fe7-8e78-65adfcbfbd4a', '6e9c30a5-27da-42df-89e5-72b9f24a751f', false);
INSERT INTO art_ping.project_employee VALUES ('208f8a90-efd8-49ae-b472-488bf9028d65', '001d0655-51b2-4fe7-8e78-65adfcbfbd4a', '53df3ee0-91a3-43c3-a128-6d78c47bd5ad', false);
INSERT INTO art_ping.project_employee VALUES ('6cbb9976-c6e6-46fc-8313-1286a4f10db5', '001d0655-51b2-4fe7-8e78-65adfcbfbd4a', 'da7fe6a8-3541-4b03-8804-056261fc2bd8', false);
INSERT INTO art_ping.project_employee VALUES ('2cc65b38-beb3-44cc-a1d8-a8d353348404', '001d0655-51b2-4fe7-8e78-65adfcbfbd4a', 'ce651c41-2f4f-4efa-90b6-0741cd1ae09d', false);
INSERT INTO art_ping.project_employee VALUES ('e4ba6e3f-6add-466d-816f-3f6f602b6a22', '001d0655-51b2-4fe7-8e78-65adfcbfbd4a', '57d5315d-1c9e-4c4b-9a35-af13051cd6a7', false);
INSERT INTO art_ping.project_employee VALUES ('1191959d-3333-45ac-b1ea-040b7ed9d47d', '001d0655-51b2-4fe7-8e78-65adfcbfbd4a', '37507164-90ac-403a-8f6e-c68295cc128e', false);
INSERT INTO art_ping.project_employee VALUES ('5056f51a-553e-41dc-9852-e81c70b1787a', '001d0655-51b2-4fe7-8e78-65adfcbfbd4a', '4d4b1ea2-8b1c-4446-82e5-796ab32e5d09', false);
INSERT INTO art_ping.project_employee VALUES ('46a80235-f5b8-4f16-9edd-7038a1731102', '001d0655-51b2-4fe7-8e78-65adfcbfbd4a', 'bb8f3b0c-32a9-466a-be09-949ec786b922', false);
INSERT INTO art_ping.project VALUES ('807e7ef3-8da0-487d-a2c3-84db308467be', 'project101', true);
INSERT INTO art_ping.project_employee VALUES ('66b2b94c-dd67-45c5-8df7-0f127ccaf062', '807e7ef3-8da0-487d-a2c3-84db308467be', '41edc2a3-5f19-4c2e-8e4b-75a89d28bdea', false);
INSERT INTO art_ping.project_employee VALUES ('d3ee87fa-facc-4d1e-b2e2-35d94ed36999', '807e7ef3-8da0-487d-a2c3-84db308467be', 'be09a1ce-86c1-4b5c-bb25-a89e94fe6e18', false);
INSERT INTO art_ping.project_employee VALUES ('777d378b-73a2-4d6f-aee4-d0d6f8d3a5ba', '807e7ef3-8da0-487d-a2c3-84db308467be', 'c87d7ac2-9439-45f3-b83f-350db105adf3', false);
INSERT INTO art_ping.project_employee VALUES ('8afc24ab-d845-4212-90c6-defc98d8ef29', '807e7ef3-8da0-487d-a2c3-84db308467be', 'e64a50e8-f81c-4ca3-9582-c4c0c42e2f4b', false);
INSERT INTO art_ping.project_employee VALUES ('d7e55a88-6425-468c-af0c-db7d7ff1e16d', '807e7ef3-8da0-487d-a2c3-84db308467be', 'fdcb8726-41c4-4ce5-8310-f8cbbc5216fe', false);
INSERT INTO art_ping.project_employee VALUES ('489507e8-0abb-4ac1-80d4-2c7e4271aab7', '807e7ef3-8da0-487d-a2c3-84db308467be', '507da374-840a-4ddb-8aa6-98fb673152ec', false);
INSERT INTO art_ping.project_employee VALUES ('e5116b1e-9c94-4a28-bffd-ccfc0768c142', '807e7ef3-8da0-487d-a2c3-84db308467be', 'aea40393-76aa-4a9a-83c3-0f300b4925e2', false);
INSERT INTO art_ping.project_employee VALUES ('ec9fe6cd-3fa8-49b9-88f4-f3bf7af775b3', '807e7ef3-8da0-487d-a2c3-84db308467be', '2a2af232-b498-4a4b-9603-c749f89df339', false);
INSERT INTO art_ping.project VALUES ('4759f712-6160-4e87-a705-2e67fcc4fb9a', 'project102', true);
INSERT INTO art_ping.project_employee VALUES ('4eb551d7-2e60-44b0-9231-95eeaff8211a', '4759f712-6160-4e87-a705-2e67fcc4fb9a', 'ba1bad15-851a-4e22-b1f2-99e966b0d2c2', false);
INSERT INTO art_ping.project_employee VALUES ('fb06872c-d370-4570-bdf7-2c0996e527d1', '4759f712-6160-4e87-a705-2e67fcc4fb9a', '58f5f5c8-3b76-4e8d-ae9e-e48d2094a434', false);
INSERT INTO art_ping.project_employee VALUES ('cdfa2ef3-1174-47f4-8245-27e0e6fdc568', '4759f712-6160-4e87-a705-2e67fcc4fb9a', '4c4a348d-fd13-47ff-84c6-591e8868d798', false);
INSERT INTO art_ping.project_employee VALUES ('08cd1bed-5678-4587-89fb-4577725576f5', '4759f712-6160-4e87-a705-2e67fcc4fb9a', 'd6b2e235-5572-40f7-a821-1c3ed79fed56', false);
INSERT INTO art_ping.project_employee VALUES ('38b0c21e-a47b-4436-bc68-167f9f0724f8', '4759f712-6160-4e87-a705-2e67fcc4fb9a', '41764999-aa9b-4509-a434-09e9393347d2', false);
INSERT INTO art_ping.project_employee VALUES ('d982cb3e-2e2e-42a0-a613-08320ee077a2', '4759f712-6160-4e87-a705-2e67fcc4fb9a', '73e42f0e-569c-40be-9cc5-6b9141e09634', false);
INSERT INTO art_ping.project_employee VALUES ('dd02e014-03bc-4959-bbc2-d8d1d9c0b1c1', '4759f712-6160-4e87-a705-2e67fcc4fb9a', '6af21098-aeaa-44e1-bd78-523c263dc55d', false);
INSERT INTO art_ping.project_employee VALUES ('c480505e-ccf4-4d0c-9f5e-dd4787785b7c', '4759f712-6160-4e87-a705-2e67fcc4fb9a', '41ab7c96-68b8-4f61-8f1c-f2a70438fd8e', false);
INSERT INTO art_ping.project_employee VALUES ('d1429b21-26b0-4add-8096-75157146aa03', '4759f712-6160-4e87-a705-2e67fcc4fb9a', '5a3b8ac9-5ccc-4960-8b0a-e990b9394193', false);
INSERT INTO art_ping.project_employee VALUES ('d88b0e5a-3653-40cb-958c-6776ff2a79b3', '4759f712-6160-4e87-a705-2e67fcc4fb9a', 'df1ea017-7893-474e-8b65-fe38cbadedcf', false);
INSERT INTO art_ping.project_employee VALUES ('1c8f1c35-40c8-4d47-aec1-a4ee91dc5d67', '4759f712-6160-4e87-a705-2e67fcc4fb9a', '50047f5c-c2e4-4e7a-a936-7a4fe1756c41', false);
INSERT INTO art_ping.project_employee VALUES ('aa5f0142-9e8c-412d-a998-86c0689ae49c', '4759f712-6160-4e87-a705-2e67fcc4fb9a', '154b73f8-e56f-42af-8131-08d4912597c8', false);
INSERT INTO art_ping.project_employee VALUES ('6d83d390-bc59-4404-ae08-d0d019b20bdd', '4759f712-6160-4e87-a705-2e67fcc4fb9a', '4fdce3b1-17f9-4ac2-ad87-e9725ecabca8', false);
INSERT INTO art_ping.project_employee VALUES ('4f33f907-be99-402f-bb9a-236237100181', '4759f712-6160-4e87-a705-2e67fcc4fb9a', '506c90be-9047-4868-9f58-4d30d43c5cd4', false);
INSERT INTO art_ping.project_employee VALUES ('64b3d810-4609-4c3d-9caa-f6f16b32291a', '4759f712-6160-4e87-a705-2e67fcc4fb9a', 'b155eaf8-7e88-4d0a-992f-8ee70d8b37e5', false);
INSERT INTO art_ping.project VALUES ('d945a440-8002-46dc-b34a-179f9c4ff03d', 'project103', true);
INSERT INTO art_ping.project_employee VALUES ('0cb64da9-0484-4fe9-8d9f-34107649b34d', 'd945a440-8002-46dc-b34a-179f9c4ff03d', '5ec97d35-2d20-4b14-9e4e-b3937580b7ae', false);
INSERT INTO art_ping.project_employee VALUES ('81c63164-b84d-4194-99c1-f469aabad030', 'd945a440-8002-46dc-b34a-179f9c4ff03d', 'fc80d3d5-13f2-4802-9d0f-ed66529758da', false);
INSERT INTO art_ping.project_employee VALUES ('ae1da8d3-283a-4137-9ba4-665f125204e9', 'd945a440-8002-46dc-b34a-179f9c4ff03d', '0f26d3c4-fc4c-42b1-b31e-2c7daab08eb1', false);
INSERT INTO art_ping.project_employee VALUES ('3c489d0d-63c0-4bd7-8ed1-5d104b21224d', 'd945a440-8002-46dc-b34a-179f9c4ff03d', '20b3ccfd-5ab0-4f4c-814e-830f32b570ff', false);
INSERT INTO art_ping.project_employee VALUES ('82682077-7692-40d6-b0c8-aa3e3733d297', 'd945a440-8002-46dc-b34a-179f9c4ff03d', '63cce113-d103-45a1-8092-d837413e8f5d', false);
INSERT INTO art_ping.project_employee VALUES ('a87bb91a-0e37-48e9-9616-a29931c02516', 'd945a440-8002-46dc-b34a-179f9c4ff03d', 'ad5c3500-572d-4e3c-84ce-abbf11468475', false);
INSERT INTO art_ping.project_employee VALUES ('d4449730-57cf-409b-afaf-099b93da9dc2', 'd945a440-8002-46dc-b34a-179f9c4ff03d', '96d379a2-8d90-4c59-b1b0-4f6fc45acaeb', false);
INSERT INTO art_ping.project_employee VALUES ('d0a75348-ed16-4f71-baae-241331dc62a2', 'd945a440-8002-46dc-b34a-179f9c4ff03d', '41e3fc84-eeea-421d-9854-b26ad91df17a', false);
INSERT INTO art_ping.project_employee VALUES ('fa092902-3250-4419-add3-0fa17ffb17f6', 'd945a440-8002-46dc-b34a-179f9c4ff03d', 'e02699a0-c6d4-4f00-9911-eecb65eb6853', false);
INSERT INTO art_ping.project_employee VALUES ('f0293960-d906-48fb-b4dd-67dca8e1d7b5', 'd945a440-8002-46dc-b34a-179f9c4ff03d', 'b9aad10a-27f0-4bf2-b520-2686dff5c1d0', false);
INSERT INTO art_ping.project_employee VALUES ('a245c5f7-12b9-47c3-9175-86d67db899d2', 'd945a440-8002-46dc-b34a-179f9c4ff03d', '53df3ee0-91a3-43c3-a128-6d78c47bd5ad', false);
INSERT INTO art_ping.project VALUES ('6d997fee-61cd-4df5-87f1-b169cba0b164', 'project104', true);
INSERT INTO art_ping.project_employee VALUES ('530eb409-3a0c-4b65-839a-abb646e8e540', '6d997fee-61cd-4df5-87f1-b169cba0b164', '32ed9b74-cfe4-47be-a4a1-75a2574f79f7', false);
INSERT INTO art_ping.project_employee VALUES ('1381ffdf-c225-40ce-825d-5aa10796663f', '6d997fee-61cd-4df5-87f1-b169cba0b164', '0a8d3842-fea7-4746-9f39-809b0418831f', false);
INSERT INTO art_ping.project_employee VALUES ('74a58e55-43c0-4e34-a675-447c9c113c03', '6d997fee-61cd-4df5-87f1-b169cba0b164', '362a1a04-3bc4-4f14-8010-0c35a9dbc0fb', false);
INSERT INTO art_ping.project_employee VALUES ('0432e253-65d1-42a7-8349-ff2439405346', '6d997fee-61cd-4df5-87f1-b169cba0b164', 'b778b2cc-ca73-4f95-8b90-6e7ac3507fec', false);
INSERT INTO art_ping.project_employee VALUES ('72ebd79d-5f0e-4962-948f-c956ec24fddf', '6d997fee-61cd-4df5-87f1-b169cba0b164', '33c5e8ac-400e-4ec6-9e48-5d33bd81f95f', false);
INSERT INTO art_ping.project_employee VALUES ('8ca6c33b-b209-4c1e-8c1b-d8076dbe1f90', '6d997fee-61cd-4df5-87f1-b169cba0b164', '6bbc2baa-80ce-41da-bbdf-31f8647dddc8', false);
INSERT INTO art_ping.project_employee VALUES ('764ea3b8-c171-4d1e-98ef-c1ef5c5a03b8', '6d997fee-61cd-4df5-87f1-b169cba0b164', 'a4c6515a-ad32-4e85-aa5e-a1a5dd5e7199', false);
INSERT INTO art_ping.project_employee VALUES ('db9d2efe-6779-4c3e-adff-c6e6d7c18281', '6d997fee-61cd-4df5-87f1-b169cba0b164', '8df33974-bbfb-4503-adc0-d790a20ed541', false);
INSERT INTO art_ping.project_employee VALUES ('fa2360df-f293-48d2-a095-f96e9a4e94b9', '6d997fee-61cd-4df5-87f1-b169cba0b164', 'e06de493-954d-4a4d-a3eb-fb67a4671cfc', false);
INSERT INTO art_ping.project_employee VALUES ('3e14759d-c9a1-45bd-8160-668c4ffef90a', '6d997fee-61cd-4df5-87f1-b169cba0b164', '219ba6fe-7459-4043-87a7-8fa8941d5964', false);
INSERT INTO art_ping.project_employee VALUES ('e08e85d3-c9e9-44f9-afc2-996c4927bd94', '6d997fee-61cd-4df5-87f1-b169cba0b164', '853d7de4-dc4c-4eec-915b-3872c26e0cbd', false);
INSERT INTO art_ping.project_employee VALUES ('9dd2e366-2c07-4346-8035-ba3821cd45fc', '6d997fee-61cd-4df5-87f1-b169cba0b164', '8e42298b-4598-4e97-90dd-e2a2a7ff6b9f', false);
INSERT INTO art_ping.project_employee VALUES ('29993995-678a-42f5-a2b4-53e911203ed5', '6d997fee-61cd-4df5-87f1-b169cba0b164', '735a9cac-c943-4560-99a5-c2778ed36806', false);
INSERT INTO art_ping.project_employee VALUES ('53c9a7e6-60ea-4255-a2bb-f4ed796b6ee4', '6d997fee-61cd-4df5-87f1-b169cba0b164', '8d13e309-f8aa-4942-bf74-79beb4c00a41', false);
INSERT INTO art_ping.project_employee VALUES ('6f0741f8-d0b7-4e58-b145-232247057a70', '6d997fee-61cd-4df5-87f1-b169cba0b164', '22b95590-f019-4c0b-82ee-73e0fc114eec', false);
INSERT INTO art_ping.project_employee VALUES ('a1022297-6c82-421d-bc9a-c11869ef3830', '6d997fee-61cd-4df5-87f1-b169cba0b164', 'aea40393-76aa-4a9a-83c3-0f300b4925e2', false);
INSERT INTO art_ping.project_employee VALUES ('648bfbae-51f6-4e08-a6df-e2c5edc45243', '6d997fee-61cd-4df5-87f1-b169cba0b164', '18ebec9b-6d09-4fa5-b6d7-817998f8dea7', false);
INSERT INTO art_ping.project_employee VALUES ('52126671-bbc7-4e4b-808f-605b3bfabf80', '6d997fee-61cd-4df5-87f1-b169cba0b164', '06da6f43-6210-4a2a-b6c3-5fa7d00dfe3a', false);
INSERT INTO art_ping.project VALUES ('c7777bf8-6cdc-40a9-a638-e41071650b36', 'project105', true);
INSERT INTO art_ping.project_employee VALUES ('cbdcf77f-e65c-4f9e-939e-d4b8a052a0df', 'c7777bf8-6cdc-40a9-a638-e41071650b36', 'e2b5b5af-bea7-4210-8c26-9fdbf97d7207', false);
INSERT INTO art_ping.project_employee VALUES ('0ecc0508-a3b5-40ee-9265-da2bcf2abbdd', 'c7777bf8-6cdc-40a9-a638-e41071650b36', 'a5c55288-cba6-44c0-a078-d34a51694cb8', false);
INSERT INTO art_ping.project_employee VALUES ('dbc7898d-0aee-46fd-acac-ae103fc80e38', 'c7777bf8-6cdc-40a9-a638-e41071650b36', 'dcd42cdf-5ec9-480b-b386-1a36c1f1fb80', false);
INSERT INTO art_ping.project_employee VALUES ('27307bed-71a2-4e8e-ab83-4af26114b2c0', 'c7777bf8-6cdc-40a9-a638-e41071650b36', 'c2d2f97e-8a11-4a1b-bc6f-ea054abe0e77', false);
INSERT INTO art_ping.project_employee VALUES ('63c55989-a5a4-46f4-8b08-55c17aa18d87', 'c7777bf8-6cdc-40a9-a638-e41071650b36', '62bf31ec-d2ad-422a-89e5-e0b11be1ac3f', false);
INSERT INTO art_ping.project_employee VALUES ('5e3db775-818a-4cb5-9244-5ec489e84019', 'c7777bf8-6cdc-40a9-a638-e41071650b36', 'e3453ceb-3aec-48b8-9376-a52af08e7111', false);
INSERT INTO art_ping.project_employee VALUES ('c5c45bab-9db6-4b58-98af-d2d48e39c453', 'c7777bf8-6cdc-40a9-a638-e41071650b36', 'f6601251-90a2-4acd-a611-5087f2c59f77', false);
INSERT INTO art_ping.project_employee VALUES ('a15f28e5-86f3-4ec8-88ff-1d2e20449d36', 'c7777bf8-6cdc-40a9-a638-e41071650b36', '348e4a71-99d5-4382-a884-229d538af662', false);
INSERT INTO art_ping.project_employee VALUES ('13bb728f-d6ce-4e3a-88d0-59308e4e5645', 'c7777bf8-6cdc-40a9-a638-e41071650b36', 'be6f4617-ce18-4149-b2ff-d1d325b8c6dc', false);
INSERT INTO art_ping.project_employee VALUES ('5ce3a706-dbe7-460c-a3a0-4398a242b87a', 'c7777bf8-6cdc-40a9-a638-e41071650b36', '53df3ee0-91a3-43c3-a128-6d78c47bd5ad', false);
INSERT INTO art_ping.project_employee VALUES ('140db0ee-b1aa-49e0-a0f2-a501038b75d5', 'c7777bf8-6cdc-40a9-a638-e41071650b36', 'f8c0b433-7218-41c1-829f-de660259aacd', false);
INSERT INTO art_ping.project VALUES ('bf2c364d-2ad8-4d29-9971-ceee0d19c007', 'project106', true);
INSERT INTO art_ping.project_employee VALUES ('53c27a74-ea08-4fa6-9a24-b3db4d075cd7', 'bf2c364d-2ad8-4d29-9971-ceee0d19c007', 'd9676183-1443-4360-bd04-ff9da26453b6', false);
INSERT INTO art_ping.project_employee VALUES ('180b3bb9-85d4-4621-b161-7f29a7662e15', 'bf2c364d-2ad8-4d29-9971-ceee0d19c007', '31f7f66a-2a9a-4a53-8786-588f3c37f782', false);
INSERT INTO art_ping.project_employee VALUES ('78bffdc1-dcf8-4a26-a207-e5be007339d1', 'bf2c364d-2ad8-4d29-9971-ceee0d19c007', '937be2c6-bbe6-4f14-acfe-d630f8314d93', false);
INSERT INTO art_ping.project VALUES ('036fcb9b-1417-4bef-8e1d-2d736931343c', 'project107', true);
INSERT INTO art_ping.project_employee VALUES ('7939aff4-7022-40b6-b0d2-b14c511f4573', '036fcb9b-1417-4bef-8e1d-2d736931343c', '99e52a02-bac0-445b-8d97-903fb19434d1', false);
INSERT INTO art_ping.project_employee VALUES ('8de267f4-1467-487c-a297-5f7c28153d46', '036fcb9b-1417-4bef-8e1d-2d736931343c', '2bed41e8-9a46-4856-8014-4e1941001799', false);
INSERT INTO art_ping.project_employee VALUES ('49deee36-db59-4381-b259-1c5e0d35cce0', '036fcb9b-1417-4bef-8e1d-2d736931343c', 'ca0da76d-74ec-4bd0-b2b7-83fa512b3234', false);
INSERT INTO art_ping.project_employee VALUES ('a6adb448-8204-4c21-a675-e70aecf61b7b', '036fcb9b-1417-4bef-8e1d-2d736931343c', '0e1b2f29-f490-4f75-b4c3-611ccccdd849', false);
INSERT INTO art_ping.project_employee VALUES ('55d66114-ed85-4cca-8f02-1146dfa0f310', '036fcb9b-1417-4bef-8e1d-2d736931343c', '475abc23-901a-43ed-be8b-ecb5ff7ac4c5', false);
INSERT INTO art_ping.project_employee VALUES ('6b063397-1d6a-4b45-a5c9-d7c4c1dd508e', '036fcb9b-1417-4bef-8e1d-2d736931343c', 'a3c277aa-71bb-4224-8d59-940803715ffa', false);
INSERT INTO art_ping.project VALUES ('8b771c3a-72fb-4328-a53e-2d2573f00128', 'project108', true);
INSERT INTO art_ping.project_employee VALUES ('fb931909-7c02-401e-a759-8ae1ec1826e0', '8b771c3a-72fb-4328-a53e-2d2573f00128', '0f3fd6ce-9450-40fd-87a4-ed9fc59afbf7', false);
INSERT INTO art_ping.project_employee VALUES ('3217c949-b468-4827-a38d-1c4192b5a8d1', '8b771c3a-72fb-4328-a53e-2d2573f00128', 'a9b66c15-d3e1-4e38-8361-5051c6feb8fb', false);
INSERT INTO art_ping.project_employee VALUES ('82c33bf9-7801-43b0-b9fa-9ea1000b7b21', '8b771c3a-72fb-4328-a53e-2d2573f00128', '8dacf61c-b38d-4d75-ac11-962a97226013', false);
INSERT INTO art_ping.project_employee VALUES ('0dfc5559-00ef-49d3-b358-a62ae9b00f67', '8b771c3a-72fb-4328-a53e-2d2573f00128', '1f77cbae-6ff3-4e01-950c-ebb36963c717', false);
INSERT INTO art_ping.project_employee VALUES ('0f1988ba-d749-454f-b1bc-657e7a86a419', '8b771c3a-72fb-4328-a53e-2d2573f00128', '3811cc7b-c6c2-437d-b64b-9afb49d8ad8d', false);
INSERT INTO art_ping.project_employee VALUES ('afc10c4c-f544-474d-8e54-4367f380e6a7', '8b771c3a-72fb-4328-a53e-2d2573f00128', 'e06d78cf-3c49-42e0-a416-7ee0c3a21be7', false);
INSERT INTO art_ping.project_employee VALUES ('007b3b18-d702-471a-92e7-8b19edb15fc3', '8b771c3a-72fb-4328-a53e-2d2573f00128', '8df02699-d3eb-42fb-bc6b-0c91b11551cd', false);
INSERT INTO art_ping.project VALUES ('d023f1ff-4de6-4927-bd81-6d7c516aed29', 'project109', true);
INSERT INTO art_ping.project_employee VALUES ('763e007a-c09d-40fc-a8a4-22b1c2d3f762', 'd023f1ff-4de6-4927-bd81-6d7c516aed29', 'c446f2da-0723-44a3-a07c-dfe281f27a04', false);
INSERT INTO art_ping.project_employee VALUES ('178e0e0e-6da2-47e4-a301-0b4022373135', 'd023f1ff-4de6-4927-bd81-6d7c516aed29', '5eba329b-26d1-470b-9c1d-9b45c8aef6c1', false);
INSERT INTO art_ping.project_employee VALUES ('b16d5f41-bbc5-45c4-ae8e-f2f8f9eb831b', 'd023f1ff-4de6-4927-bd81-6d7c516aed29', 'e93d91dc-b3fa-477b-8279-665237fa27fe', false);
INSERT INTO art_ping.project_employee VALUES ('6df7f9bf-71d6-4341-ac34-25064d83a15f', 'd023f1ff-4de6-4927-bd81-6d7c516aed29', '0e30c88a-b728-4693-9a2c-f0ee42dfb793', false);
INSERT INTO art_ping.project_employee VALUES ('b5a8fc85-a546-466f-ba11-697d9136461f', 'd023f1ff-4de6-4927-bd81-6d7c516aed29', '4c4a348d-fd13-47ff-84c6-591e8868d798', false);
INSERT INTO art_ping.project_employee VALUES ('e50b8955-670e-4dc9-83b6-b9901244e851', 'd023f1ff-4de6-4927-bd81-6d7c516aed29', 'c180acf8-56d0-4a0c-a171-514360652673', false);
INSERT INTO art_ping.project_employee VALUES ('49e6bcd3-0852-4b33-afd8-f2967e5200dc', 'd023f1ff-4de6-4927-bd81-6d7c516aed29', '046d5e00-ba89-4a40-ba02-eae14c78c564', false);
INSERT INTO art_ping.project_employee VALUES ('e77a9d14-1d8c-45b5-91ac-10c11b12afd3', 'd023f1ff-4de6-4927-bd81-6d7c516aed29', 'f8c6fc9b-5a6e-41da-a329-b2510034e3c6', false);
INSERT INTO art_ping.project_employee VALUES ('1f97f7d6-3847-4257-b545-833d9aea4374', 'd023f1ff-4de6-4927-bd81-6d7c516aed29', '53df3ee0-91a3-43c3-a128-6d78c47bd5ad', false);
INSERT INTO art_ping.project_employee VALUES ('5e09748b-f368-4832-9a98-cc63a1bf336b', 'd023f1ff-4de6-4927-bd81-6d7c516aed29', '72b1c1a9-d35b-4b0b-89ef-d83ee56c33ef', false);
INSERT INTO art_ping.project_employee VALUES ('12f5770f-c79d-4f8a-8565-f7a3e104c0b0', 'd023f1ff-4de6-4927-bd81-6d7c516aed29', '7f017fd4-81ac-4d7b-a32e-c28b45ceb60f', false);
INSERT INTO art_ping.project_employee VALUES ('cbfdac4e-9dff-4300-bfca-51d03742a49b', 'd023f1ff-4de6-4927-bd81-6d7c516aed29', '7a0bd403-efb2-4cce-b55d-4b906dcb50b0', false);
INSERT INTO art_ping.project_employee VALUES ('3b650473-93c2-4832-b56f-85f547a6e9b9', 'd023f1ff-4de6-4927-bd81-6d7c516aed29', '720c96be-e9a2-427b-9798-a2875c823a86', false);
INSERT INTO art_ping.project_employee VALUES ('034bb0e0-82d9-4786-b2b2-4ec1998c53bf', 'd023f1ff-4de6-4927-bd81-6d7c516aed29', 'fbac1bbc-37bf-4349-8ca8-1b95e328ae04', false);
INSERT INTO art_ping.project_employee VALUES ('23f6851d-7f94-4b0a-a0a2-9907d52e74f5', 'd023f1ff-4de6-4927-bd81-6d7c516aed29', '0065bc69-99d2-46de-969f-aa5725ae3b89', false);
INSERT INTO art_ping.project_employee VALUES ('ddeb6daa-3e04-46ad-9330-a0ded87fb06e', 'd023f1ff-4de6-4927-bd81-6d7c516aed29', '45524fae-7322-42c6-99dc-c0e1cf7880cd', false);
INSERT INTO art_ping.project_employee VALUES ('44a75b94-eb40-4e61-bdfc-ba884af4dff3', 'd023f1ff-4de6-4927-bd81-6d7c516aed29', 'accbdfd4-4054-49bf-9930-17db990d4af7', false);
INSERT INTO art_ping.project_employee VALUES ('2b6ff107-8e53-49f7-874e-689d2068d493', 'd023f1ff-4de6-4927-bd81-6d7c516aed29', '5240e0be-3f9e-4ad6-954b-e4b62a4aaf36', false);
INSERT INTO art_ping.project VALUES ('30d730c6-8dfa-462a-8a2f-488d522eb201', 'project110', true);
INSERT INTO art_ping.project_employee VALUES ('11e85393-2b4f-4a64-8e0a-7f38c1685a3d', '30d730c6-8dfa-462a-8a2f-488d522eb201', 'a1b17097-439e-4632-a6ad-30e7eda50e80', false);
INSERT INTO art_ping.project_employee VALUES ('386147f1-6eed-464e-b386-07b26fcfa3dd', '30d730c6-8dfa-462a-8a2f-488d522eb201', '7905529c-f0e5-4be5-8397-a2b43235b328', false);
INSERT INTO art_ping.project_employee VALUES ('84542c6b-8600-4711-a869-9f297b036aca', '30d730c6-8dfa-462a-8a2f-488d522eb201', '73f8c180-f844-4105-8870-8765ece45ad2', false);
INSERT INTO art_ping.project_employee VALUES ('eff8302d-b383-48d2-8562-4f110c14b640', '30d730c6-8dfa-462a-8a2f-488d522eb201', '0a8d3842-fea7-4746-9f39-809b0418831f', false);
INSERT INTO art_ping.project_employee VALUES ('2a92a0c6-a337-4bee-9706-55fc6ea90a57', '30d730c6-8dfa-462a-8a2f-488d522eb201', 'e93ce43a-a49f-4a1b-a03f-e68946c96bb9', false);
INSERT INTO art_ping.project_employee VALUES ('d8928606-622e-4956-b2e3-18e1bdc1d6bb', '30d730c6-8dfa-462a-8a2f-488d522eb201', '41762832-804a-4128-b0d8-fb0a1eff1e49', false);
INSERT INTO art_ping.project_employee VALUES ('bc1043db-5f56-445b-a318-27046da8042d', '30d730c6-8dfa-462a-8a2f-488d522eb201', '50626407-8ca1-42e7-9771-61f5b2eccfea', false);
INSERT INTO art_ping.project_employee VALUES ('01649d31-61d2-4cde-a205-8ff00549a502', '30d730c6-8dfa-462a-8a2f-488d522eb201', 'd15ec44e-6635-478c-af0f-f55a63b8a9d3', false);
INSERT INTO art_ping.project_employee VALUES ('836e2db4-7ff9-4389-9d58-88034ba8a1d7', '30d730c6-8dfa-462a-8a2f-488d522eb201', 'be36ac3d-6a67-478b-909c-3811de330c9a', false);
INSERT INTO art_ping.project_employee VALUES ('021f7052-0909-4ec7-887b-c115b89a570a', '30d730c6-8dfa-462a-8a2f-488d522eb201', 'e2cbc43f-e345-4842-916d-24dcef62f0b1', false);
INSERT INTO art_ping.project_employee VALUES ('b7b4a9e1-9f47-455b-82b8-a776544c2600', '30d730c6-8dfa-462a-8a2f-488d522eb201', 'a352156f-46ef-45ef-92b7-6ec0aada131d', false);
INSERT INTO art_ping.project_employee VALUES ('eba7afa9-1f04-4928-8028-8f492addbd91', '30d730c6-8dfa-462a-8a2f-488d522eb201', '13462e56-1fb5-4ebf-bd36-0bf0a91515b9', false);
INSERT INTO art_ping.project_employee VALUES ('ec3c83e6-9425-4119-9a0c-82786db6d98f', '30d730c6-8dfa-462a-8a2f-488d522eb201', '6671d797-3b4a-4ba1-916f-97e2ec2fec0b', false);
INSERT INTO art_ping.project_employee VALUES ('35967b1f-6434-400c-a83c-8b473a894924', '30d730c6-8dfa-462a-8a2f-488d522eb201', '756395f5-9fae-40c4-9e47-6eea95e3894e', false);
INSERT INTO art_ping.project_employee VALUES ('8ba9976e-04a9-4232-a0f7-e7770eea373c', '30d730c6-8dfa-462a-8a2f-488d522eb201', '572d0b36-c5a4-49b4-9a5f-d7e56f0e3da9', false);
INSERT INTO art_ping.project_employee VALUES ('8ddc135e-b0c4-49b1-8d51-3aff655c67ea', '30d730c6-8dfa-462a-8a2f-488d522eb201', '154b73f8-e56f-42af-8131-08d4912597c8', false);
INSERT INTO art_ping.project_employee VALUES ('efe66429-49e4-499e-ae4c-1cc53eb26348', '30d730c6-8dfa-462a-8a2f-488d522eb201', '8b8926db-6dea-40e5-b8fd-579381501a21', false);
INSERT INTO art_ping.project VALUES ('2db5150e-b339-4aa2-ab46-9e1d935de2c2', 'project111', true);
INSERT INTO art_ping.project_employee VALUES ('7fad8324-cdc4-4381-b0bc-f1e3352d2c8f', '2db5150e-b339-4aa2-ab46-9e1d935de2c2', '6d24c921-23fe-4984-915f-d82336434a9c', false);
INSERT INTO art_ping.project_employee VALUES ('f8acafa3-adbf-44f5-9806-68dbe34f1414', '2db5150e-b339-4aa2-ab46-9e1d935de2c2', '8843030e-58ad-4ea0-8271-1a969a286434', false);
INSERT INTO art_ping.project_employee VALUES ('be407e94-4884-43e3-9a11-e3f5ac218af5', '2db5150e-b339-4aa2-ab46-9e1d935de2c2', '3be56123-31bd-40a2-bafb-c43b6717d638', false);
INSERT INTO art_ping.project_employee VALUES ('37801ecc-8434-41a3-8b93-968fc63332e3', '2db5150e-b339-4aa2-ab46-9e1d935de2c2', 'fb1e30c5-c610-4675-a68e-acc123898179', false);
INSERT INTO art_ping.project_employee VALUES ('7a73ad09-a063-4aa1-9f89-6d3838fa7f6f', '2db5150e-b339-4aa2-ab46-9e1d935de2c2', '5d46f018-3b59-4c1d-8d29-10f45690104b', false);
INSERT INTO art_ping.project_employee VALUES ('2b923651-8a41-4f25-b7be-500f35ae8e30', '2db5150e-b339-4aa2-ab46-9e1d935de2c2', '3b01bb4f-3641-47f7-95dc-543b4a0da9a5', false);
INSERT INTO art_ping.project_employee VALUES ('86724367-5d4d-4b3d-91b1-7467feccd13d', '2db5150e-b339-4aa2-ab46-9e1d935de2c2', '814b20be-ac07-43d9-9e64-d4a054568440', false);
INSERT INTO art_ping.project_employee VALUES ('9efff437-3d0e-40f0-9a15-5e3c3491a30e', '2db5150e-b339-4aa2-ab46-9e1d935de2c2', 'fbac1bbc-37bf-4349-8ca8-1b95e328ae04', false);
INSERT INTO art_ping.project_employee VALUES ('8df2ac78-5483-4141-9192-818c6a995b0b', '2db5150e-b339-4aa2-ab46-9e1d935de2c2', 'c87d7ac2-9439-45f3-b83f-350db105adf3', false);
INSERT INTO art_ping.project_employee VALUES ('c1aa374d-6320-4d3e-93b0-9b4b613abd0d', '2db5150e-b339-4aa2-ab46-9e1d935de2c2', 'bdce2984-48ff-47e3-9fed-ecc02eb0faa4', false);
INSERT INTO art_ping.project_employee VALUES ('abecbf32-a405-4e35-bf73-bf235dc5d089', '2db5150e-b339-4aa2-ab46-9e1d935de2c2', 'd4ae3e97-b39e-47de-8382-730f16379981', false);
INSERT INTO art_ping.project_employee VALUES ('6918c5f6-098a-401a-956b-0f9dc5699fac', '2db5150e-b339-4aa2-ab46-9e1d935de2c2', 'e86f1abf-c2c7-4e09-a287-28e6bc3e35fb', false);
INSERT INTO art_ping.project_employee VALUES ('aa03ac0a-be00-45b6-aae4-88e44a32c53e', '2db5150e-b339-4aa2-ab46-9e1d935de2c2', '17a42ec3-3aa2-4783-91f1-8c039ee36acb', false);
INSERT INTO art_ping.project_employee VALUES ('83349722-288d-4b53-9799-d379f8a54498', '2db5150e-b339-4aa2-ab46-9e1d935de2c2', '484d8b7f-a858-49e0-88a5-9e45a14c5cd4', false);
INSERT INTO art_ping.project_employee VALUES ('36bc4ba8-5429-4635-b676-95a5b90c4c75', '2db5150e-b339-4aa2-ab46-9e1d935de2c2', 'a3c277aa-71bb-4224-8d59-940803715ffa', false);
INSERT INTO art_ping.project_employee VALUES ('2b53e667-303c-4be0-a136-2cdbfba083b5', '2db5150e-b339-4aa2-ab46-9e1d935de2c2', '98d503ac-1975-4d08-ac0d-26406ca592f6', false);
INSERT INTO art_ping.project_employee VALUES ('8fa4e8fd-ead1-4e07-942b-c50814386787', '2db5150e-b339-4aa2-ab46-9e1d935de2c2', 'efeedefd-d565-4b54-8acd-03ccf746e125', false);
INSERT INTO art_ping.project_employee VALUES ('f7e84604-669e-4a0a-9b48-23b8a5d367af', '2db5150e-b339-4aa2-ab46-9e1d935de2c2', 'ff4f7cda-e5f9-484b-8b90-c1ad03aa1766', false);
INSERT INTO art_ping.project VALUES ('e994f9c2-60c3-4a78-aedc-c53a6ceef4e6', 'project112', true);
INSERT INTO art_ping.project_employee VALUES ('5ee5bbfc-6fda-42c7-a454-bfc1b5bf3895', 'e994f9c2-60c3-4a78-aedc-c53a6ceef4e6', '99e52a02-bac0-445b-8d97-903fb19434d1', false);
INSERT INTO art_ping.project_employee VALUES ('27c7b8ed-0b12-4920-9488-87febe5d331d', 'e994f9c2-60c3-4a78-aedc-c53a6ceef4e6', '63cce113-d103-45a1-8092-d837413e8f5d', false);
INSERT INTO art_ping.project_employee VALUES ('48b48798-ae78-4b06-ab43-df255ecf24f5', 'e994f9c2-60c3-4a78-aedc-c53a6ceef4e6', 'fa8e38a0-4a81-4465-83f9-d45c808cd84b', false);
INSERT INTO art_ping.project VALUES ('02d93cbc-8ff6-422b-8b27-ee7809e8bdd0', 'project113', true);
INSERT INTO art_ping.project_employee VALUES ('67507a93-8c4f-4b6c-890b-4df1241984d2', '02d93cbc-8ff6-422b-8b27-ee7809e8bdd0', '0d9be05f-494f-4ea6-aa20-04cb47089c46', false);
INSERT INTO art_ping.project_employee VALUES ('632f5078-e0f2-44fd-9081-4b98b4709bb2', '02d93cbc-8ff6-422b-8b27-ee7809e8bdd0', '44c9c411-075c-47c0-a41a-30b2b1f2d191', false);
INSERT INTO art_ping.project_employee VALUES ('8e7dc537-eb7c-4bd1-bf18-6b34b8425d10', '02d93cbc-8ff6-422b-8b27-ee7809e8bdd0', '9a7fd726-d2f5-4da5-a2b5-2caa160b2e65', false);
INSERT INTO art_ping.project_employee VALUES ('4b93c36a-dc41-4571-9354-b37abd182b65', '02d93cbc-8ff6-422b-8b27-ee7809e8bdd0', '97b0a31e-f07c-471b-85b5-5f801173b725', false);
INSERT INTO art_ping.project_employee VALUES ('eb5bce09-a3bd-4728-81ff-c12644c8924f', '02d93cbc-8ff6-422b-8b27-ee7809e8bdd0', '784c5c93-5d6b-4a9e-bf92-21158a96f04a', false);
INSERT INTO art_ping.project_employee VALUES ('bdeeeafd-4bd5-4f97-a438-b484df4d76c3', '02d93cbc-8ff6-422b-8b27-ee7809e8bdd0', '3be25b04-dc02-490e-bc1d-1a68adc1fe5f', false);
INSERT INTO art_ping.project_employee VALUES ('d8635ff5-e03e-4722-a3d6-8c292d28beae', '02d93cbc-8ff6-422b-8b27-ee7809e8bdd0', '66e5f9ba-af58-4ecb-920b-b052072af89b', false);
INSERT INTO art_ping.project_employee VALUES ('c1f55c40-9cc7-47d4-a220-34bd38eb200f', '02d93cbc-8ff6-422b-8b27-ee7809e8bdd0', 'ee0769af-652c-4ed0-aec4-f09c72a54f84', false);
INSERT INTO art_ping.project VALUES ('582a29e5-e294-4e56-b624-78d9b3f1764c', 'project114', true);
INSERT INTO art_ping.project_employee VALUES ('d965c829-ada6-4f2f-b8f9-4d1674d14e41', '582a29e5-e294-4e56-b624-78d9b3f1764c', '3f80df10-2953-4b62-a570-e579a1d6357a', false);
INSERT INTO art_ping.project_employee VALUES ('11174c0d-e2a4-4205-b7b8-fe290450a28b', '582a29e5-e294-4e56-b624-78d9b3f1764c', '915343c7-b40e-4730-975b-f21ed4590532', false);
INSERT INTO art_ping.project_employee VALUES ('1324545f-d329-4100-a09b-8ae7fecc16fc', '582a29e5-e294-4e56-b624-78d9b3f1764c', '9574b8bd-d990-4149-9d74-5338d79432ad', false);
INSERT INTO art_ping.project_employee VALUES ('041df2a5-4a43-4e3d-a6a2-660a21e1cb6d', '582a29e5-e294-4e56-b624-78d9b3f1764c', 'd8d8b297-a19d-4be5-8981-07f78b84e6e2', false);
INSERT INTO art_ping.project_employee VALUES ('817daecd-09dd-4ef0-aa43-3f46b5741360', '582a29e5-e294-4e56-b624-78d9b3f1764c', '7230ee53-e482-41fd-9dbb-9e052efbc50c', false);
INSERT INTO art_ping.project_employee VALUES ('5c4d6335-8d58-4d18-acdb-0aaac2ead9fc', '582a29e5-e294-4e56-b624-78d9b3f1764c', 'e424a74b-19a1-4b97-8ce0-b39646f66c8d', false);
INSERT INTO art_ping.project_employee VALUES ('259848a7-652e-4574-9fe5-0936d1341530', '582a29e5-e294-4e56-b624-78d9b3f1764c', '10724f0c-543d-44d0-b03a-b5c36b854f6d', false);
INSERT INTO art_ping.project_employee VALUES ('8423c073-b07f-466a-87a5-f27c9fbf9922', '582a29e5-e294-4e56-b624-78d9b3f1764c', 'c80079ca-8fc0-40ef-8442-c71268c93503', false);
INSERT INTO art_ping.project_employee VALUES ('96bb501b-ae67-44e3-a8ad-6fa8db2ec9e2', '582a29e5-e294-4e56-b624-78d9b3f1764c', 'a69e1a15-2334-4eee-a908-8d9f343a9e20', false);
INSERT INTO art_ping.project_employee VALUES ('60565853-3eec-4b41-98cf-89b7df3e86b7', '582a29e5-e294-4e56-b624-78d9b3f1764c', '3f1b841e-e693-48dd-ad6c-ac8bf19e40ce', false);
INSERT INTO art_ping.project VALUES ('ced2d827-3064-4f47-9bea-82a99fa03f98', 'project115', true);
INSERT INTO art_ping.project_employee VALUES ('bfaafb1c-3480-4ff3-9002-8b355a912906', 'ced2d827-3064-4f47-9bea-82a99fa03f98', 'a1b17097-439e-4632-a6ad-30e7eda50e80', false);
INSERT INTO art_ping.project_employee VALUES ('00b8a2b2-0c01-42a6-88f8-7311847505cf', 'ced2d827-3064-4f47-9bea-82a99fa03f98', '68701196-939a-4d55-8611-2a710a1d93bf', false);
INSERT INTO art_ping.project_employee VALUES ('82cb7212-04dd-4856-82ea-2890315903d8', 'ced2d827-3064-4f47-9bea-82a99fa03f98', 'bffbe7fd-8567-4bb8-8a54-93e2176ae01d', false);
INSERT INTO art_ping.project_employee VALUES ('4972c8d5-3c9c-4426-a58f-a16793b3b43f', 'ced2d827-3064-4f47-9bea-82a99fa03f98', 'b778b2cc-ca73-4f95-8b90-6e7ac3507fec', false);
INSERT INTO art_ping.project_employee VALUES ('dd819009-8f11-4672-8f10-ceb9cd17d732', 'ced2d827-3064-4f47-9bea-82a99fa03f98', '535b7d85-758b-4d74-aa39-21d17204611b', false);
INSERT INTO art_ping.project_employee VALUES ('841b4b64-90d8-46bb-a4da-7f7cba858428', 'ced2d827-3064-4f47-9bea-82a99fa03f98', '577eae4c-cf68-4566-96cd-5d990ee35d36', false);
INSERT INTO art_ping.project_employee VALUES ('9b969045-3ae7-424d-be93-c4242b9743b8', 'ced2d827-3064-4f47-9bea-82a99fa03f98', '47b6825b-171e-4f90-9288-c97daba27265', false);
INSERT INTO art_ping.project_employee VALUES ('cd6c0964-fbec-49c7-90ca-20ee60310bef', 'ced2d827-3064-4f47-9bea-82a99fa03f98', '8ee9d0a5-7f50-4594-b33b-4f443e534c73', false);
INSERT INTO art_ping.project VALUES ('69a21259-d859-4127-852c-c1f607e4399c', 'project116', true);
INSERT INTO art_ping.project_employee VALUES ('28cc0789-2ef5-4fe8-908a-264149c4f466', '69a21259-d859-4127-852c-c1f607e4399c', 'a8b9309e-c214-4c4d-ae3a-0e27045efb35', false);
INSERT INTO art_ping.project_employee VALUES ('4909a9b1-2a33-40f3-b761-ff036cb743a0', '69a21259-d859-4127-852c-c1f607e4399c', '6dc96164-1a4e-4d40-a791-6e3eb28ece7f', false);
INSERT INTO art_ping.project_employee VALUES ('762bc7e9-58e7-4a55-9f48-e31601f9d6ca', '69a21259-d859-4127-852c-c1f607e4399c', '93caefdf-d11f-498f-9939-acfa4f238b68', false);
INSERT INTO art_ping.project_employee VALUES ('70f5ad8f-9372-4f41-9d8b-a692d1472be3', '69a21259-d859-4127-852c-c1f607e4399c', '362a1a04-3bc4-4f14-8010-0c35a9dbc0fb', false);
INSERT INTO art_ping.project_employee VALUES ('bb048c75-11c0-4512-a5e4-a6837db0d6ea', '69a21259-d859-4127-852c-c1f607e4399c', 'f4db3270-810e-4611-a75e-8e055a8e8784', false);
INSERT INTO art_ping.project_employee VALUES ('cdf012ad-5b06-42a5-a679-d7f9afeca087', '69a21259-d859-4127-852c-c1f607e4399c', '3caacf5d-2a9e-4b36-8fa2-b3a5303147fa', false);
INSERT INTO art_ping.project_employee VALUES ('49d6764f-996c-453e-9d78-8830eacfcd5e', '69a21259-d859-4127-852c-c1f607e4399c', '41764999-aa9b-4509-a434-09e9393347d2', false);
INSERT INTO art_ping.project_employee VALUES ('f68c3fb6-af13-4937-a626-12e3f0af00bf', '69a21259-d859-4127-852c-c1f607e4399c', 'd24fad58-5692-48dc-bb9a-c2e6e6751114', false);
INSERT INTO art_ping.project_employee VALUES ('0dc4961a-b42b-4c33-9128-db8d80efc9cf', '69a21259-d859-4127-852c-c1f607e4399c', '9866608c-4bcb-4214-bd85-81000287db57', false);
INSERT INTO art_ping.project_employee VALUES ('4fd6bb83-cf53-401c-8f6f-e68503f7deb4', '69a21259-d859-4127-852c-c1f607e4399c', '735a9cac-c943-4560-99a5-c2778ed36806', false);
INSERT INTO art_ping.project_employee VALUES ('b1c61fa3-edf1-40b5-8b90-6f7299821bdc', '69a21259-d859-4127-852c-c1f607e4399c', 'a352156f-46ef-45ef-92b7-6ec0aada131d', false);
INSERT INTO art_ping.project_employee VALUES ('2a0a706a-5a8b-4263-afe9-19320929067c', '69a21259-d859-4127-852c-c1f607e4399c', '20bb3776-2233-4d9f-92c7-d6de53f0ebd4', false);
INSERT INTO art_ping.project_employee VALUES ('9e94b09b-fc14-46e1-9d2f-9537cff639c3', '69a21259-d859-4127-852c-c1f607e4399c', '0e1b2f29-f490-4f75-b4c3-611ccccdd849', false);
INSERT INTO art_ping.project_employee VALUES ('a5e159cd-e1f0-4c76-921b-128d40d58b4f', '69a21259-d859-4127-852c-c1f607e4399c', '1101b59e-066e-43e4-ab5a-bf1e1b623ee0', false);
INSERT INTO art_ping.project_employee VALUES ('eebec956-039a-42eb-b1a9-8791692874b8', '69a21259-d859-4127-852c-c1f607e4399c', 'f9cbd2b4-d97d-4265-a5c3-4430f0614efa', false);
INSERT INTO art_ping.project_employee VALUES ('37b34d3f-3e50-400f-9c78-8f5b6bed4afa', '69a21259-d859-4127-852c-c1f607e4399c', '6f05137a-39de-4a4b-9b48-2cbce47f84e9', false);
INSERT INTO art_ping.project_employee VALUES ('7510606d-0bee-43c5-96df-67a1445e8f47', '69a21259-d859-4127-852c-c1f607e4399c', '7d0e9d44-4a81-4cb4-a56a-bfec1177128d', false);
INSERT INTO art_ping.project_employee VALUES ('f2a147e7-e265-4cfa-bc9c-0516f516eda7', '69a21259-d859-4127-852c-c1f607e4399c', 'd4b8749a-e95d-4de4-9267-ed7b45510d0f', false);
INSERT INTO art_ping.project VALUES ('c18525b7-ead1-4ca0-bc27-001cd3595f8f', 'project117', true);
INSERT INTO art_ping.project_employee VALUES ('9a6df3e1-23ac-4ea3-a031-c42703066088', 'c18525b7-ead1-4ca0-bc27-001cd3595f8f', '9e118fb6-b144-47c7-8bb9-3a2a80d66630', false);
INSERT INTO art_ping.project_employee VALUES ('f8bd2ff4-eb90-45c9-93e5-98d0110c0e99', 'c18525b7-ead1-4ca0-bc27-001cd3595f8f', 'c1bbc082-5ce3-4228-8c49-4d89cf9533d9', false);
INSERT INTO art_ping.project_employee VALUES ('fa5d4d3c-3ef5-44c6-8b36-d42b773284a8', 'c18525b7-ead1-4ca0-bc27-001cd3595f8f', 'd1837d6b-5509-42b4-a68a-ada499a1db9c', false);
INSERT INTO art_ping.project_employee VALUES ('3bdf3768-8e41-41bf-a905-b73cfe344b0a', 'c18525b7-ead1-4ca0-bc27-001cd3595f8f', '252eaa38-8f40-4188-9dc0-a8e21c189031', false);
INSERT INTO art_ping.project_employee VALUES ('ce0ce687-0038-4647-9d89-5093fd76d499', 'c18525b7-ead1-4ca0-bc27-001cd3595f8f', '6bdd5fb0-1d5e-429c-9e42-64d6218babb4', false);
INSERT INTO art_ping.project_employee VALUES ('d2c1044b-c706-450c-8555-efda0fbd15ae', 'c18525b7-ead1-4ca0-bc27-001cd3595f8f', '47bc18e4-7fb3-420f-8dd8-c24da3fcf641', false);
INSERT INTO art_ping.project_employee VALUES ('818e720d-5765-4d91-8474-b4592ae824d1', 'c18525b7-ead1-4ca0-bc27-001cd3595f8f', 'ef15254f-a4cf-4eea-bcd8-6498dd842f78', false);
INSERT INTO art_ping.project_employee VALUES ('6582ccf9-2b16-445d-b70a-42f2250c1ddf', 'c18525b7-ead1-4ca0-bc27-001cd3595f8f', '933b5c28-e1a9-4a5d-8fa2-f4c7b9d1084d', false);
INSERT INTO art_ping.project_employee VALUES ('42a4a493-dd39-43c4-a8a4-4dadc9200f45', 'c18525b7-ead1-4ca0-bc27-001cd3595f8f', '8dc81c9e-ee1e-4c44-9e0f-2960dd77133d', false);
INSERT INTO art_ping.project_employee VALUES ('9c76fba8-ff72-4357-842a-ac48e21aeb46', 'c18525b7-ead1-4ca0-bc27-001cd3595f8f', 'e8f306b1-80f2-41f6-a4a3-2dbb11e01e25', false);
INSERT INTO art_ping.project_employee VALUES ('5b8b2ec4-0bbf-408f-afb0-448ca4ac46c5', 'c18525b7-ead1-4ca0-bc27-001cd3595f8f', '8826f860-dee3-4947-b021-60be37d05d15', false);
INSERT INTO art_ping.project_employee VALUES ('2d72a34e-cc41-423f-a25d-1af4154e4510', 'c18525b7-ead1-4ca0-bc27-001cd3595f8f', '4c6a386d-fd26-44f5-a7db-4eb441f08069', false);
INSERT INTO art_ping.project_employee VALUES ('b79f79df-c6ec-4529-9aa3-c596f7c159e8', 'c18525b7-ead1-4ca0-bc27-001cd3595f8f', '4fdce3b1-17f9-4ac2-ad87-e9725ecabca8', false);
INSERT INTO art_ping.project_employee VALUES ('63260d51-11bf-40ef-b9c7-db585b492a22', 'c18525b7-ead1-4ca0-bc27-001cd3595f8f', 'a5637101-c194-4d4e-a661-313569df8625', false);
INSERT INTO art_ping.project VALUES ('9860df54-e4c4-46fa-88d5-f91b33149f85', 'project118', true);
INSERT INTO art_ping.project_employee VALUES ('1aae202a-24cf-4ce9-b2cb-ee06e4734990', '9860df54-e4c4-46fa-88d5-f91b33149f85', '5d82c286-6349-49ee-a0c8-8ae17c01a3ea', false);
INSERT INTO art_ping.project_employee VALUES ('793d8e65-a13d-49fe-927a-ff18279b996b', '9860df54-e4c4-46fa-88d5-f91b33149f85', 'ada10710-d213-4070-b5cf-549aa23423ee', false);
INSERT INTO art_ping.project_employee VALUES ('44db698e-200d-4a17-a6b2-37e7621ae445', '9860df54-e4c4-46fa-88d5-f91b33149f85', '19e4eb05-8946-4575-aafd-3595a8b8616d', false);
INSERT INTO art_ping.project_employee VALUES ('de8a90ce-98a5-4c6e-bd9a-856ce69a7002', '9860df54-e4c4-46fa-88d5-f91b33149f85', 'c9044c5e-a7bd-4a3e-a2dc-077e7b2dd274', false);
INSERT INTO art_ping.project_employee VALUES ('d893d687-692a-48ef-bed8-70a83f141fc1', '9860df54-e4c4-46fa-88d5-f91b33149f85', '71fc503c-3cc7-45b6-915d-77b2592dbb1c', false);
INSERT INTO art_ping.project_employee VALUES ('a2d2b8e7-88e8-4984-a21e-1c4b83f758eb', '9860df54-e4c4-46fa-88d5-f91b33149f85', '80c79fe3-f762-4dce-93f2-86cf0be30c68', false);
INSERT INTO art_ping.project_employee VALUES ('8dfa7e62-994d-403e-9a8d-8504312b31f5', '9860df54-e4c4-46fa-88d5-f91b33149f85', '568b88a7-f196-4ef3-b6b6-2f35874f331c', false);
INSERT INTO art_ping.project_employee VALUES ('b4f4c9a8-7efe-4a69-b896-e9201898fb22', '9860df54-e4c4-46fa-88d5-f91b33149f85', '7f017fd4-81ac-4d7b-a32e-c28b45ceb60f', false);
INSERT INTO art_ping.project_employee VALUES ('1d8f0689-919a-40f3-bcb7-f260d3501a31', '9860df54-e4c4-46fa-88d5-f91b33149f85', 'f5a31b63-a644-4c75-9ada-c7cbd4725f43', false);
INSERT INTO art_ping.project_employee VALUES ('4aa56c54-bea0-4e3d-9391-c69ccd281b81', '9860df54-e4c4-46fa-88d5-f91b33149f85', 'b1081430-b743-4952-9920-746536d9b39b', false);
INSERT INTO art_ping.project_employee VALUES ('8b5d9301-8fa7-4fc1-90e3-39e510648420', '9860df54-e4c4-46fa-88d5-f91b33149f85', 'bb8f3b0c-32a9-466a-be09-949ec786b922', false);
INSERT INTO art_ping.project_employee VALUES ('a9946efd-989a-45f6-9c2b-b7073492d15e', '9860df54-e4c4-46fa-88d5-f91b33149f85', 'c80079ca-8fc0-40ef-8442-c71268c93503', false);
INSERT INTO art_ping.project_employee VALUES ('3cae770c-04bd-4f72-a120-82448174e13a', '9860df54-e4c4-46fa-88d5-f91b33149f85', 'c97dbc09-c6ae-491b-9a16-b3b5ab235543', false);
INSERT INTO art_ping.project VALUES ('c2f7b8cf-aba2-4f39-beac-5c64bed456c1', 'project119', true);
INSERT INTO art_ping.project_employee VALUES ('bc9bf515-c782-4113-848b-24c58f947bf2', 'c2f7b8cf-aba2-4f39-beac-5c64bed456c1', 'cf9635dd-8a0f-4d91-9da8-e58349558058', false);
INSERT INTO art_ping.project_employee VALUES ('6b9affef-4d21-440a-957d-98afbbd8dfe8', 'c2f7b8cf-aba2-4f39-beac-5c64bed456c1', '19e4eb05-8946-4575-aafd-3595a8b8616d', false);
INSERT INTO art_ping.project_employee VALUES ('51e60322-66d4-420c-a21c-09b835facaa7', 'c2f7b8cf-aba2-4f39-beac-5c64bed456c1', 'd37a0a5f-68f0-4c41-9e70-e4364e093ca2', false);
INSERT INTO art_ping.project_employee VALUES ('3f3ff655-9a9c-468e-a683-32dfdecfcc42', 'c2f7b8cf-aba2-4f39-beac-5c64bed456c1', '6a03c35a-cf52-4329-8505-46f823de9e34', false);
INSERT INTO art_ping.project_employee VALUES ('33c5c358-8879-4254-9e0b-6a88e5163efe', 'c2f7b8cf-aba2-4f39-beac-5c64bed456c1', 'bffbe7fd-8567-4bb8-8a54-93e2176ae01d', false);
INSERT INTO art_ping.project_employee VALUES ('565e5d6c-4511-462b-8904-9e35ad80cfda', 'c2f7b8cf-aba2-4f39-beac-5c64bed456c1', 'bc701c9d-d237-4fd8-9bf9-5996877aeb16', false);
INSERT INTO art_ping.project_employee VALUES ('90c6a9f3-812c-482b-895c-cdb5b34455d0', 'c2f7b8cf-aba2-4f39-beac-5c64bed456c1', '9b405656-6e10-4dd1-8397-999e319a030c', false);
INSERT INTO art_ping.project_employee VALUES ('873b219f-2da1-4185-9128-236418c13137', 'c2f7b8cf-aba2-4f39-beac-5c64bed456c1', 'd15ec44e-6635-478c-af0f-f55a63b8a9d3', false);
INSERT INTO art_ping.project_employee VALUES ('10f8ee5f-5b71-4b6c-b135-78b7ee1a6f08', 'c2f7b8cf-aba2-4f39-beac-5c64bed456c1', '069ee076-a9b5-44e8-883f-6a6afdb7efd8', false);
INSERT INTO art_ping.project_employee VALUES ('fbd31427-d67d-4e57-a06d-315e7bc913c4', 'c2f7b8cf-aba2-4f39-beac-5c64bed456c1', 'a5c55288-cba6-44c0-a078-d34a51694cb8', false);
INSERT INTO art_ping.project_employee VALUES ('c0c4b18e-7246-478d-9a4f-bca07742013f', 'c2f7b8cf-aba2-4f39-beac-5c64bed456c1', 'd674ff13-5a99-46e3-81cc-8147d08e9c8a', false);
INSERT INTO art_ping.project_employee VALUES ('cf753f95-749b-4b26-b7b4-803495f28099', 'c2f7b8cf-aba2-4f39-beac-5c64bed456c1', '0f1ecb89-a2b6-4610-984c-9dc110ea6497', false);
INSERT INTO art_ping.project_employee VALUES ('97e3472e-44e0-493c-a2af-7594935e8d93', 'c2f7b8cf-aba2-4f39-beac-5c64bed456c1', 'd4ae3e97-b39e-47de-8382-730f16379981', false);
INSERT INTO art_ping.project_employee VALUES ('0fac7017-0f4e-4be8-be3f-f8175185a0fb', 'c2f7b8cf-aba2-4f39-beac-5c64bed456c1', 'e8fa1518-3191-4982-992e-6e1f22ae0d0b', false);
INSERT INTO art_ping.project_employee VALUES ('5a2bccc5-b92f-4e64-b8c0-806f55c97b1a', 'c2f7b8cf-aba2-4f39-beac-5c64bed456c1', '7519c8c7-492f-4c67-a3fd-61e57984164c', false);
INSERT INTO art_ping.project_employee VALUES ('60e61253-942a-42b0-baea-023dd01d3a34', 'c2f7b8cf-aba2-4f39-beac-5c64bed456c1', 'e8f306b1-80f2-41f6-a4a3-2dbb11e01e25', false);
INSERT INTO art_ping.project_employee VALUES ('dd58d1fa-25e2-4f37-b547-b0506b530c5c', 'c2f7b8cf-aba2-4f39-beac-5c64bed456c1', '45524fae-7322-42c6-99dc-c0e1cf7880cd', false);
INSERT INTO art_ping.project_employee VALUES ('52635c9b-db78-42aa-873c-df83cc7dd4a0', 'c2f7b8cf-aba2-4f39-beac-5c64bed456c1', '833f10ad-97d4-43ed-ade5-8b0a843aabbf', false);
INSERT INTO art_ping.project_employee VALUES ('d23d4fb2-4f11-426d-802a-2f29dbdca8b0', 'c2f7b8cf-aba2-4f39-beac-5c64bed456c1', '4c0d2729-f438-414b-88fb-a19b7c21b288', false);
INSERT INTO art_ping.project VALUES ('be65c34b-651b-4e36-b38a-8c64fd1aec68', 'project120', true);
INSERT INTO art_ping.project_employee VALUES ('81092c74-69b6-4bc2-a631-ca0167b309c1', 'be65c34b-651b-4e36-b38a-8c64fd1aec68', '8e0f0958-a38e-4654-bd93-59c73dbb4de4', false);
INSERT INTO art_ping.project_employee VALUES ('a22873b3-494b-42cb-ab25-841130dce4f9', 'be65c34b-651b-4e36-b38a-8c64fd1aec68', 'a894ee0f-9b68-4185-a435-5cea33c3fce6', false);
INSERT INTO art_ping.project_employee VALUES ('064e4648-1f95-4dd7-b6c0-c4fa10181e77', 'be65c34b-651b-4e36-b38a-8c64fd1aec68', '8497a2ae-1393-40a2-a1aa-025047ed3835', false);
INSERT INTO art_ping.project_employee VALUES ('d672be04-c76a-4475-bdbc-bd4400527a59', 'be65c34b-651b-4e36-b38a-8c64fd1aec68', 'e64a50e8-f81c-4ca3-9582-c4c0c42e2f4b', false);
INSERT INTO art_ping.project_employee VALUES ('e0df99fb-f1be-45ca-bae4-65507a79f3de', 'be65c34b-651b-4e36-b38a-8c64fd1aec68', 'a3f5c7b4-fba6-4630-9d7e-3cf64001368a', false);
INSERT INTO art_ping.project_employee VALUES ('0c31877e-153c-4a38-9ca8-77fe9a4337f3', 'be65c34b-651b-4e36-b38a-8c64fd1aec68', '71fc503c-3cc7-45b6-915d-77b2592dbb1c', false);
INSERT INTO art_ping.project_employee VALUES ('4dfffd05-07b9-4b66-a97d-f3a156523fae', 'be65c34b-651b-4e36-b38a-8c64fd1aec68', '8ac9b53f-0bc0-4ae0-b54e-e11218c13f71', false);
INSERT INTO art_ping.project_employee VALUES ('4ef2ed0f-06e6-4e9f-9bc0-9254f1dc8f99', 'be65c34b-651b-4e36-b38a-8c64fd1aec68', 'b661d5fb-e6f6-4bb7-8f3b-415d1edfda19', false);
INSERT INTO art_ping.project_employee VALUES ('c9dc129b-3aa1-4608-9a8a-02d5b3da8258', 'be65c34b-651b-4e36-b38a-8c64fd1aec68', 'b0c8fccb-e7fe-4566-97d9-a330a8d0db10', false);
INSERT INTO art_ping.project_employee VALUES ('dfd79be3-984c-4ccc-87ea-5c3e5eefc776', 'be65c34b-651b-4e36-b38a-8c64fd1aec68', 'd1837d6b-5509-42b4-a68a-ada499a1db9c', false);
INSERT INTO art_ping.project_employee VALUES ('1f6069d6-3855-4fdb-920b-fc21153ecbc1', 'be65c34b-651b-4e36-b38a-8c64fd1aec68', '506c90be-9047-4868-9f58-4d30d43c5cd4', false);
INSERT INTO art_ping.project_employee VALUES ('35a49604-9911-40e8-a985-8f2f1f797c7b', 'be65c34b-651b-4e36-b38a-8c64fd1aec68', 'f5a31b63-a644-4c75-9ada-c7cbd4725f43', false);
INSERT INTO art_ping.project VALUES ('d5b40569-0580-48c0-b50b-78d5fc7b2d47', 'project121', true);
INSERT INTO art_ping.project_employee VALUES ('1ba436e3-2fba-4fa1-aca8-fee1216ef2e5', 'd5b40569-0580-48c0-b50b-78d5fc7b2d47', 'f9019837-96ef-40c0-96e6-432357b2631a', false);
INSERT INTO art_ping.project_employee VALUES ('91fbbe4b-66ef-4616-9fa4-bb197bc4764f', 'd5b40569-0580-48c0-b50b-78d5fc7b2d47', '340e28f5-0850-4a89-8eae-babef720395f', false);
INSERT INTO art_ping.project_employee VALUES ('639112d5-04a1-4a26-99f5-3955d093512c', 'd5b40569-0580-48c0-b50b-78d5fc7b2d47', 'c446f2da-0723-44a3-a07c-dfe281f27a04', false);
INSERT INTO art_ping.project_employee VALUES ('330c3ae9-0e36-471f-8e0a-1d2fd4106bcf', 'd5b40569-0580-48c0-b50b-78d5fc7b2d47', 'ae242bfa-9bae-45ea-9425-2b4eaeaa9b68', false);
INSERT INTO art_ping.project_employee VALUES ('1faaaa0b-edf5-4b6f-9797-41a0e35c158d', 'd5b40569-0580-48c0-b50b-78d5fc7b2d47', '228d99f8-a5b4-418e-a28e-8c4856fecc3b', false);
INSERT INTO art_ping.project_employee VALUES ('765ce5ed-ddba-42ed-9d37-ed73dade0584', 'd5b40569-0580-48c0-b50b-78d5fc7b2d47', 'e93d91dc-b3fa-477b-8279-665237fa27fe', false);
INSERT INTO art_ping.project_employee VALUES ('2045a3b0-0019-4d6d-997f-2c34d7b96b8f', 'd5b40569-0580-48c0-b50b-78d5fc7b2d47', 'ca0da76d-74ec-4bd0-b2b7-83fa512b3234', false);
INSERT INTO art_ping.project_employee VALUES ('9c857f03-6d17-4934-bba1-fab8fb073456', 'd5b40569-0580-48c0-b50b-78d5fc7b2d47', '50626407-8ca1-42e7-9771-61f5b2eccfea', false);
INSERT INTO art_ping.project_employee VALUES ('ce895a60-67f9-4447-87b1-8144f0f1c20e', 'd5b40569-0580-48c0-b50b-78d5fc7b2d47', 'fcf4f917-a78a-47ce-8e84-5dd547f471d3', false);
INSERT INTO art_ping.project_employee VALUES ('391dfb61-a510-446a-958a-58f1d71fb7ab', 'd5b40569-0580-48c0-b50b-78d5fc7b2d47', 'f5a31b63-a644-4c75-9ada-c7cbd4725f43', false);
INSERT INTO art_ping.project_employee VALUES ('f17fb104-9788-4f81-971f-3c80d064232e', 'd5b40569-0580-48c0-b50b-78d5fc7b2d47', 'fc80d3d5-13f2-4802-9d0f-ed66529758da', false);
INSERT INTO art_ping.project_employee VALUES ('46bc6468-fa7f-4555-b9f0-761f3679b287', 'd5b40569-0580-48c0-b50b-78d5fc7b2d47', '57d5315d-1c9e-4c4b-9a35-af13051cd6a7', false);
INSERT INTO art_ping.project_employee VALUES ('84f8f627-835c-4041-a547-2a66e7d9e608', 'd5b40569-0580-48c0-b50b-78d5fc7b2d47', '5240e0be-3f9e-4ad6-954b-e4b62a4aaf36', false);
INSERT INTO art_ping.project_employee VALUES ('3ab3a5a5-87e3-4198-aeeb-0e70ed342c8f', 'd5b40569-0580-48c0-b50b-78d5fc7b2d47', '2d47d4a6-5822-4620-b238-28d1fbd74ee3', false);
INSERT INTO art_ping.project VALUES ('5930d343-53af-49c2-b274-6c5d19d8345b', 'project122', true);
INSERT INTO art_ping.project_employee VALUES ('484cd5f6-2b22-49ad-8b42-6ca5886b2424', '5930d343-53af-49c2-b274-6c5d19d8345b', '75257361-002d-4a84-a6a7-45bdd09516c7', false);
INSERT INTO art_ping.project_employee VALUES ('093fe9cc-04e5-45cf-a24c-36f7fb8bc4f7', '5930d343-53af-49c2-b274-6c5d19d8345b', 'eb78dfd4-d641-4376-bcd5-c5bd54db3aaf', false);
INSERT INTO art_ping.project_employee VALUES ('de6170c3-98ef-43ee-a1a1-e74d47eed9f8', '5930d343-53af-49c2-b274-6c5d19d8345b', '2c2f287b-405c-4870-a42a-3c993400d5c2', false);
INSERT INTO art_ping.project_employee VALUES ('6cf0710a-0da7-407f-853f-ee3175326e7d', '5930d343-53af-49c2-b274-6c5d19d8345b', '3b01bb4f-3641-47f7-95dc-543b4a0da9a5', false);
INSERT INTO art_ping.project_employee VALUES ('91c8bf33-c165-4935-8bc9-af8ff42a0b26', '5930d343-53af-49c2-b274-6c5d19d8345b', '79374c82-9c26-4dc1-8a66-f7e312d42ec1', false);
INSERT INTO art_ping.project_employee VALUES ('e6b944a8-118e-4c46-b274-1730b76656b1', '5930d343-53af-49c2-b274-6c5d19d8345b', '3aeaf27b-c564-4870-b039-4c7a21febc45', false);
INSERT INTO art_ping.project_employee VALUES ('6abc231a-d300-4350-ac41-a8c5d20d8e20', '5930d343-53af-49c2-b274-6c5d19d8345b', '1101b59e-066e-43e4-ab5a-bf1e1b623ee0', false);
INSERT INTO art_ping.project_employee VALUES ('a8c96b42-40c4-455a-a76f-218482524693', '5930d343-53af-49c2-b274-6c5d19d8345b', '6919a1f9-906a-4fe4-8794-3852560267b3', false);
INSERT INTO art_ping.project VALUES ('b25da0d5-ac36-4282-bbea-40ad37f68722', 'project123', true);
INSERT INTO art_ping.project_employee VALUES ('eb1652ab-3a17-4a7d-81f5-2ddd3d21bd97', 'b25da0d5-ac36-4282-bbea-40ad37f68722', '32ed9b74-cfe4-47be-a4a1-75a2574f79f7', false);
INSERT INTO art_ping.project_employee VALUES ('79308e7a-97c3-49e1-ad29-ae9a3a3a060d', 'b25da0d5-ac36-4282-bbea-40ad37f68722', 'e47a9330-d261-4c18-907a-b96e441d06ec', false);
INSERT INTO art_ping.project_employee VALUES ('d77978f9-5c19-4987-a500-b54cf3033a94', 'b25da0d5-ac36-4282-bbea-40ad37f68722', '471a103a-faff-493e-8d0a-299e388cbb2d', false);
INSERT INTO art_ping.project_employee VALUES ('aff49081-c4ac-4a0c-b1ae-bd92d20ea983', 'b25da0d5-ac36-4282-bbea-40ad37f68722', '3a895d1c-5604-455a-9461-0ec25d546b71', false);
INSERT INTO art_ping.project_employee VALUES ('5e14fa5c-8f48-4ff8-92b4-f9a4a5fd493f', 'b25da0d5-ac36-4282-bbea-40ad37f68722', '8f066cff-4d9f-488f-8a9b-0c78b13fdef8', false);
INSERT INTO art_ping.project_employee VALUES ('4f7452e4-87e5-416a-ab4f-aa7fd6c9f646', 'b25da0d5-ac36-4282-bbea-40ad37f68722', '53575704-25ba-4db4-ad32-e4be90469b7f', false);
INSERT INTO art_ping.project_employee VALUES ('6a53d64f-e43a-4efd-a648-d634c4592e17', 'b25da0d5-ac36-4282-bbea-40ad37f68722', '2864a45e-6a73-493e-a9e5-f43029ae42a4', false);
INSERT INTO art_ping.project_employee VALUES ('85ad1e53-9316-4a6f-bc47-bb8a060c9d81', 'b25da0d5-ac36-4282-bbea-40ad37f68722', '833f10ad-97d4-43ed-ade5-8b0a843aabbf', false);
INSERT INTO art_ping.project VALUES ('55b5fcc9-49b7-4e7d-a2a5-1fb58c6d8c91', 'project124', true);
INSERT INTO art_ping.project_employee VALUES ('8d795c0a-cbcf-4232-af25-d3f001c459b9', '55b5fcc9-49b7-4e7d-a2a5-1fb58c6d8c91', 'b7105255-b70c-429e-8686-7ba8633ebf9f', false);
INSERT INTO art_ping.project_employee VALUES ('48b725f3-593b-40cd-ada7-ad754dadd48c', '55b5fcc9-49b7-4e7d-a2a5-1fb58c6d8c91', '2bed41e8-9a46-4856-8014-4e1941001799', false);
INSERT INTO art_ping.project_employee VALUES ('3900d979-3b06-4afb-9bc3-1f17b99c9272', '55b5fcc9-49b7-4e7d-a2a5-1fb58c6d8c91', '5eba329b-26d1-470b-9c1d-9b45c8aef6c1', false);
INSERT INTO art_ping.project_employee VALUES ('0d007d29-f1a5-4be0-9159-cb8c90aff8b2', '55b5fcc9-49b7-4e7d-a2a5-1fb58c6d8c91', '5c5fca0c-c39c-4fa6-8670-2bdd13273633', false);
INSERT INTO art_ping.project_employee VALUES ('c7e7ea7e-74e9-41f6-9760-16da8ee22586', '55b5fcc9-49b7-4e7d-a2a5-1fb58c6d8c91', '17efe547-80c9-4914-967f-0c4fc078b74c', false);
INSERT INTO art_ping.project_employee VALUES ('377e661c-1901-4a5a-922b-7343db4edbba', '55b5fcc9-49b7-4e7d-a2a5-1fb58c6d8c91', '2a4e8b0c-fc62-46fd-acd1-f47b3f08e54e', false);
INSERT INTO art_ping.project_employee VALUES ('d7de28e3-4d44-4c31-836c-30824fc0c7d3', '55b5fcc9-49b7-4e7d-a2a5-1fb58c6d8c91', '1e82c57d-27c0-45d1-9752-a85399b61eed', false);
INSERT INTO art_ping.project_employee VALUES ('10e689b9-ae45-4b55-9119-f0b33e37e8f6', '55b5fcc9-49b7-4e7d-a2a5-1fb58c6d8c91', '2e8ac846-23df-471d-8678-8d84375ba8c9', false);
INSERT INTO art_ping.project_employee VALUES ('9bff7cd8-9d3b-4a18-b662-9c2244ff3d90', '55b5fcc9-49b7-4e7d-a2a5-1fb58c6d8c91', 'ab9bb73f-921b-4cc7-aa09-0b699f6b914e', false);
INSERT INTO art_ping.project_employee VALUES ('02097170-3b8a-4bd9-9954-f92f7d42409b', '55b5fcc9-49b7-4e7d-a2a5-1fb58c6d8c91', '68aca824-016e-4faa-926c-9688c6b57fc2', false);
INSERT INTO art_ping.project_employee VALUES ('1c0a7e7a-4bf7-46a6-bd7f-f93c4668e064', '55b5fcc9-49b7-4e7d-a2a5-1fb58c6d8c91', 'df17a9a2-19ba-44cc-bb69-6050d9c2fb40', false);
INSERT INTO art_ping.project_employee VALUES ('84fc831f-3b0b-43e0-9fc8-b6917448a214', '55b5fcc9-49b7-4e7d-a2a5-1fb58c6d8c91', '06b0dc44-9bf8-496c-b5c1-979f596e5eca', false);
INSERT INTO art_ping.project VALUES ('457cf288-c991-4ed0-b598-f79006f92d84', 'project125', true);
INSERT INTO art_ping.project_employee VALUES ('88cb01f7-291a-4091-8140-af0b7e5608db', '457cf288-c991-4ed0-b598-f79006f92d84', '51ad0527-e8f3-4c49-aaf2-438e268dfc29', false);
INSERT INTO art_ping.project_employee VALUES ('4c6f1a65-eaf6-4df6-8470-31c6f6d7e068', '457cf288-c991-4ed0-b598-f79006f92d84', '5b1aea66-ceef-4316-9677-23ec2cd167f3', false);
INSERT INTO art_ping.project_employee VALUES ('1d146103-eb6c-404c-b7a6-f4e018795859', '457cf288-c991-4ed0-b598-f79006f92d84', 'd11834f9-c4d6-4c79-ae1f-ecc818b70de9', false);
INSERT INTO art_ping.project_employee VALUES ('fe55e917-9023-46ff-aa40-988e3777dc41', '457cf288-c991-4ed0-b598-f79006f92d84', '4473fa5b-6734-4586-9d4e-f34fa221d21f', false);
INSERT INTO art_ping.project_employee VALUES ('b3c668de-f068-49c6-9c29-3a697e6ce568', '457cf288-c991-4ed0-b598-f79006f92d84', 'bdce2984-48ff-47e3-9fed-ecc02eb0faa4', false);
INSERT INTO art_ping.project_employee VALUES ('5408b54a-d4f6-4927-b4d8-474f18336648', '457cf288-c991-4ed0-b598-f79006f92d84', '00a1e1c7-4a51-4f70-84a3-a423c0acacf6', false);
INSERT INTO art_ping.project_employee VALUES ('4f39ea84-1df3-48ab-9bc0-f148646543bb', '457cf288-c991-4ed0-b598-f79006f92d84', 'c1c408a4-5c48-45b6-acee-bab5fb93950a', false);
INSERT INTO art_ping.project_employee VALUES ('cd8c4c18-73c0-42b6-8069-0a3fdfe48841', '457cf288-c991-4ed0-b598-f79006f92d84', '37507164-90ac-403a-8f6e-c68295cc128e', false);
INSERT INTO art_ping.project_employee VALUES ('8b032a48-19f2-426f-956e-66e8d95f2dfa', '457cf288-c991-4ed0-b598-f79006f92d84', '606aa705-2913-4857-b870-266864ce2bee', false);
INSERT INTO art_ping.project_employee VALUES ('22ac43a4-71fc-4f2b-9506-b666a062a95a', '457cf288-c991-4ed0-b598-f79006f92d84', '35c4ac03-348a-472f-ad3d-871a6745eca0', false);
INSERT INTO art_ping.project_employee VALUES ('51afe01d-260b-4e46-ae6c-c0b0cf392b2a', '457cf288-c991-4ed0-b598-f79006f92d84', '6af70ce3-be0a-4b67-90f8-5d03b9250dff', false);
INSERT INTO art_ping.project_employee VALUES ('dcb14319-213b-456a-8d86-4a5ea5df1955', '457cf288-c991-4ed0-b598-f79006f92d84', '53fc0d4a-c909-4502-b70b-d2fcfa8bd8fb', false);
INSERT INTO art_ping.project VALUES ('ed763567-2fac-42b8-94fb-4ce327d1bc09', 'project126', true);
INSERT INTO art_ping.project_employee VALUES ('dc7ece6f-83b9-49cf-80ee-6ac41311a3f2', 'ed763567-2fac-42b8-94fb-4ce327d1bc09', '54522081-3d96-489e-9741-7d931f7a5ec9', false);
INSERT INTO art_ping.project_employee VALUES ('df95f014-fc69-45b3-92e9-3a61ad86f4e7', 'ed763567-2fac-42b8-94fb-4ce327d1bc09', '0e30c88a-b728-4693-9a2c-f0ee42dfb793', false);
INSERT INTO art_ping.project_employee VALUES ('1588b654-81be-4482-b268-0b451e0ada15', 'ed763567-2fac-42b8-94fb-4ce327d1bc09', '0d6ed6ce-cd81-40fa-8ab8-91e5b6ed43d2', false);
INSERT INTO art_ping.project_employee VALUES ('b508d7bd-906b-403c-8f51-8343e5df8c54', 'ed763567-2fac-42b8-94fb-4ce327d1bc09', 'e169be65-4c8e-4158-b89e-92ffda1131ee', false);
INSERT INTO art_ping.project_employee VALUES ('40475f57-050d-49bc-97c5-b36cdcd5e73e', 'ed763567-2fac-42b8-94fb-4ce327d1bc09', '75327b2b-17bb-4cb5-8840-679898171eda', false);
INSERT INTO art_ping.project_employee VALUES ('29971ab8-f58e-4dad-8b6a-f133aaec9adc', 'ed763567-2fac-42b8-94fb-4ce327d1bc09', 'db7c32ef-a43e-4924-950d-67368720b1ca', false);
INSERT INTO art_ping.project_employee VALUES ('1dac590b-89f8-4661-9986-b481a8564d45', 'ed763567-2fac-42b8-94fb-4ce327d1bc09', 'e93a897f-0979-4661-b3f9-db6d49fb98d2', false);
INSERT INTO art_ping.project VALUES ('dce12cd0-d4a3-4779-81c6-abd10d2d3e66', 'project127', true);
INSERT INTO art_ping.project_employee VALUES ('2751a4ca-46b3-43c1-ac37-cb48eb2cbde9', 'dce12cd0-d4a3-4779-81c6-abd10d2d3e66', '9a7fd726-d2f5-4da5-a2b5-2caa160b2e65', false);
INSERT INTO art_ping.project_employee VALUES ('24c602e2-4f7e-460d-9d3f-c7a4386452e1', 'dce12cd0-d4a3-4779-81c6-abd10d2d3e66', '1b23321d-fad1-477f-92d5-df44df9dfecd', false);
INSERT INTO art_ping.project_employee VALUES ('7095b17e-4487-4117-b63a-f813913eb744', 'dce12cd0-d4a3-4779-81c6-abd10d2d3e66', '0a8d3842-fea7-4746-9f39-809b0418831f', false);
INSERT INTO art_ping.project_employee VALUES ('e7b7ee6c-e866-4aac-b684-bee05c1935e8', 'dce12cd0-d4a3-4779-81c6-abd10d2d3e66', 'b43ed1de-1c6f-425c-aa24-f141c753bd1e', false);
INSERT INTO art_ping.project_employee VALUES ('2d1b3ed8-a2e3-408f-bf05-f4727a1fe5f8', 'dce12cd0-d4a3-4779-81c6-abd10d2d3e66', '370fc29e-15f0-499d-9e63-db0a909c2d45', false);
INSERT INTO art_ping.project_employee VALUES ('4391a6fe-2447-427c-a5f9-2d429df3bebb', 'dce12cd0-d4a3-4779-81c6-abd10d2d3e66', 'f4afc4da-d98c-4f2b-be4a-43ebca9bce04', false);
INSERT INTO art_ping.project_employee VALUES ('fd1c55dd-8dbd-43b6-9104-5f04f4f25178', 'dce12cd0-d4a3-4779-81c6-abd10d2d3e66', 'a065a534-0162-4f8f-b178-2323c4b00c3a', false);
INSERT INTO art_ping.project VALUES ('64d8d574-eb7a-417c-ba18-7efdb5a988f5', 'project128', true);
INSERT INTO art_ping.project_employee VALUES ('1a4783c2-8967-4a89-838c-a70e63a64422', '64d8d574-eb7a-417c-ba18-7efdb5a988f5', 'c497679e-3fec-4bcd-99a7-864f9803de1c', false);
INSERT INTO art_ping.project_employee VALUES ('d4e0fafb-37c5-407b-a8fc-89e9a7115209', '64d8d574-eb7a-417c-ba18-7efdb5a988f5', '28c10195-2f73-4e00-a084-01c1897cd8c2', false);
INSERT INTO art_ping.project_employee VALUES ('8573f37c-c093-4db8-a6b4-e77478323b50', '64d8d574-eb7a-417c-ba18-7efdb5a988f5', 'b1adb54f-39bc-49d8-bfbb-5c55f9786399', false);
INSERT INTO art_ping.project_employee VALUES ('a793c74a-d5b9-465e-9852-89713c73e781', '64d8d574-eb7a-417c-ba18-7efdb5a988f5', '505e5150-0413-446a-82b4-296aa6dec7f2', false);
INSERT INTO art_ping.project_employee VALUES ('984c0a84-51a1-4589-8e4c-451bd538ed88', '64d8d574-eb7a-417c-ba18-7efdb5a988f5', '7bf9589d-3f5b-4251-95fa-912eed7a1001', false);
INSERT INTO art_ping.project_employee VALUES ('2d32d7f4-9972-493d-aca0-85447d558c1f', '64d8d574-eb7a-417c-ba18-7efdb5a988f5', 'd6b2e235-5572-40f7-a821-1c3ed79fed56', false);
INSERT INTO art_ping.project_employee VALUES ('bf60f323-3229-405c-87f0-d46eb101bcd0', '64d8d574-eb7a-417c-ba18-7efdb5a988f5', '970203ae-fae6-43cc-bc06-cc3bb400ee0a', false);
INSERT INTO art_ping.project_employee VALUES ('83b00187-73ef-482a-be9a-5920daa55c95', '64d8d574-eb7a-417c-ba18-7efdb5a988f5', '577eae4c-cf68-4566-96cd-5d990ee35d36', false);
INSERT INTO art_ping.project_employee VALUES ('3e8a0fe4-81e7-4819-bb58-36f32aa7c803', '64d8d574-eb7a-417c-ba18-7efdb5a988f5', '7f017fd4-81ac-4d7b-a32e-c28b45ceb60f', false);
INSERT INTO art_ping.project_employee VALUES ('78310787-6911-460c-82be-8fcf17d1b17d', '64d8d574-eb7a-417c-ba18-7efdb5a988f5', '853d7de4-dc4c-4eec-915b-3872c26e0cbd', false);
INSERT INTO art_ping.project_employee VALUES ('2083e84a-fb5d-44fe-84b6-db281709ef6a', '64d8d574-eb7a-417c-ba18-7efdb5a988f5', '99e52a02-bac0-445b-8d97-903fb19434d1', false);
INSERT INTO art_ping.project_employee VALUES ('3613f6ea-e550-4490-a33f-751f8f70a465', '64d8d574-eb7a-417c-ba18-7efdb5a988f5', '637a1a7c-d8d0-4180-b638-5371d9c59de7', false);
INSERT INTO art_ping.project_employee VALUES ('fe8e4b72-7618-4eae-b62c-4edd34538730', '64d8d574-eb7a-417c-ba18-7efdb5a988f5', 'c65c9dc4-e47e-4ab0-b4ea-9762e95d0a50', false);
INSERT INTO art_ping.project_employee VALUES ('58f50599-3f31-48a3-992c-9b7581a01d25', '64d8d574-eb7a-417c-ba18-7efdb5a988f5', '8c3502ea-6671-40cf-bf16-8099fb77f8ca', false);
INSERT INTO art_ping.project_employee VALUES ('4d823020-d058-4ca0-a0d8-daa6687684ee', '64d8d574-eb7a-417c-ba18-7efdb5a988f5', '933b5c28-e1a9-4a5d-8fa2-f4c7b9d1084d', false);
INSERT INTO art_ping.project_employee VALUES ('8981365a-2d42-4710-b1ae-1ca04c8e0619', '64d8d574-eb7a-417c-ba18-7efdb5a988f5', '756395f5-9fae-40c4-9e47-6eea95e3894e', false);
INSERT INTO art_ping.project_employee VALUES ('e5c1960c-a305-4571-a011-6ae227e73510', '64d8d574-eb7a-417c-ba18-7efdb5a988f5', '3d4f01e2-43dc-4c70-83cc-7cdb1f3df1eb', false);
INSERT INTO art_ping.project_employee VALUES ('752747b5-50ac-4efd-bc38-29ad114d5862', '64d8d574-eb7a-417c-ba18-7efdb5a988f5', '410dc7a2-ecfe-4725-81f1-0977b2bf9883', false);
INSERT INTO art_ping.project VALUES ('6e50d821-fb56-4382-8010-e6a3ae91ad94', 'project129', true);
INSERT INTO art_ping.project_employee VALUES ('74441277-21d9-4267-9135-d6d41202b63f', '6e50d821-fb56-4382-8010-e6a3ae91ad94', 'e930521e-e6a0-4bf8-aba9-8b6811060576', false);
INSERT INTO art_ping.project_employee VALUES ('78512cb9-02f9-49cf-8994-d7310d1103a3', '6e50d821-fb56-4382-8010-e6a3ae91ad94', '5c5fca0c-c39c-4fa6-8670-2bdd13273633', false);
INSERT INTO art_ping.project_employee VALUES ('43faa42c-2372-4c72-bb19-7350bce2dfe0', '6e50d821-fb56-4382-8010-e6a3ae91ad94', '9e118fb6-b144-47c7-8bb9-3a2a80d66630', false);
INSERT INTO art_ping.project_employee VALUES ('f9885058-65fd-4374-a8df-1aa088a8c819', '6e50d821-fb56-4382-8010-e6a3ae91ad94', '6af93bbb-0c9c-4c02-b564-e1c57b244499', false);
INSERT INTO art_ping.project_employee VALUES ('b9cb0aea-f660-420e-b670-adf17788d671', '6e50d821-fb56-4382-8010-e6a3ae91ad94', 'd4b8749a-e95d-4de4-9267-ed7b45510d0f', false);
INSERT INTO art_ping.project VALUES ('623968a9-a383-44b9-b971-537a1ece37d7', 'project130', true);
INSERT INTO art_ping.project_employee VALUES ('71fdb32b-48b7-40d7-b2b4-9c0c70e4279b', '623968a9-a383-44b9-b971-537a1ece37d7', '842e81fd-1abd-4313-95a9-bce6893d360f', false);
INSERT INTO art_ping.project_employee VALUES ('2541519e-2207-4e8c-a54c-2982989f2a91', '623968a9-a383-44b9-b971-537a1ece37d7', '78d819f1-6b51-420c-8281-c8f1d401a50b', false);
INSERT INTO art_ping.project_employee VALUES ('43167a86-fdeb-44c7-9a04-73cd9922f136', '623968a9-a383-44b9-b971-537a1ece37d7', '81c5a992-a2c5-4e8a-86bf-284227c34b96', false);
INSERT INTO art_ping.project_employee VALUES ('054d3f3b-9b34-4f94-9a7e-2439795f0d4a', '623968a9-a383-44b9-b971-537a1ece37d7', '2f690191-97fc-4523-8952-6e0f6ce811f2', false);
INSERT INTO art_ping.project_employee VALUES ('190b2893-669a-411b-92a8-c6fec6baa312', '623968a9-a383-44b9-b971-537a1ece37d7', '91350f6c-a83f-47aa-a7bb-619df748a2d4', false);
INSERT INTO art_ping.project_employee VALUES ('e2deb41b-99f6-4df0-9b61-878b99de8d1f', '623968a9-a383-44b9-b971-537a1ece37d7', '0c6d2a1f-a5fb-419a-b16b-998b14649693', false);
INSERT INTO art_ping.project_employee VALUES ('72a00ef2-c48f-4b5c-8e31-02c3355280e7', '623968a9-a383-44b9-b971-537a1ece37d7', '3b1768cf-f553-412f-add8-519afa8d587a', false);
INSERT INTO art_ping.project_employee VALUES ('a20d30d1-1a26-44cd-85f8-bbfa3c6b5827', '623968a9-a383-44b9-b971-537a1ece37d7', '219ba6fe-7459-4043-87a7-8fa8941d5964', false);
INSERT INTO art_ping.project_employee VALUES ('d9bfaa7b-4abb-4d9d-899d-83ddf498f3e4', '623968a9-a383-44b9-b971-537a1ece37d7', '1a5484bd-7b93-4ed8-a7f7-26e3af3c9b10', false);
INSERT INTO art_ping.project_employee VALUES ('f0d61139-12af-4a01-ba0b-4527be80f957', '623968a9-a383-44b9-b971-537a1ece37d7', '9a2c2d3e-8742-427a-b85c-a6c064010cfb', false);
INSERT INTO art_ping.project_employee VALUES ('a5e074db-9f56-4f0f-b98f-1dea97207973', '623968a9-a383-44b9-b971-537a1ece37d7', 'c87d7ac2-9439-45f3-b83f-350db105adf3', false);
INSERT INTO art_ping.project_employee VALUES ('1e4040a7-9bff-426f-ba80-89acd84e018f', '623968a9-a383-44b9-b971-537a1ece37d7', '13462e56-1fb5-4ebf-bd36-0bf0a91515b9', false);
INSERT INTO art_ping.project_employee VALUES ('c40b5b84-5463-44d6-b7e0-914873d9983a', '623968a9-a383-44b9-b971-537a1ece37d7', '095c0867-62f2-4fa5-b8f3-a87bb561be75', false);
INSERT INTO art_ping.project_employee VALUES ('6efe4f89-914c-40c1-ab92-603f95ad7d70', '623968a9-a383-44b9-b971-537a1ece37d7', '20bb3776-2233-4d9f-92c7-d6de53f0ebd4', false);
INSERT INTO art_ping.project_employee VALUES ('6ec5dd5f-c22d-47c8-aad5-081b7c1adc21', '623968a9-a383-44b9-b971-537a1ece37d7', 'b81ee9ec-c164-40d3-8cb0-951b23351884', false);
INSERT INTO art_ping.project_employee VALUES ('52303e60-5d9a-4508-b63b-1ff08fece1c5', '623968a9-a383-44b9-b971-537a1ece37d7', '048b2bcc-59bf-4a1e-bde6-8dc5f3ae1808', false);
INSERT INTO art_ping.project_employee VALUES ('0e46115c-67d5-40b9-8068-4af0537a80de', '623968a9-a383-44b9-b971-537a1ece37d7', 'b0c8fccb-e7fe-4566-97d9-a330a8d0db10', false);
INSERT INTO art_ping.project_employee VALUES ('c7cd7a76-2241-4467-82a1-f47bd22e96ab', '623968a9-a383-44b9-b971-537a1ece37d7', '089fd005-d1ce-454f-9922-c99944b2aa94', false);
INSERT INTO art_ping.project VALUES ('c2c6f6b8-fe93-4639-8f63-8e5870fa6a1a', 'project131', true);
INSERT INTO art_ping.project_employee VALUES ('250884fa-ab2c-4638-a80a-0b84dca7b63f', 'c2c6f6b8-fe93-4639-8f63-8e5870fa6a1a', 'f63aeead-1aeb-41cf-9f8e-b7b49884b99d', false);
INSERT INTO art_ping.project_employee VALUES ('5b9579eb-880b-4c46-901a-749647bf6731', 'c2c6f6b8-fe93-4639-8f63-8e5870fa6a1a', '6dc96164-1a4e-4d40-a791-6e3eb28ece7f', false);
INSERT INTO art_ping.project_employee VALUES ('d0e24de1-b6a4-427b-9aea-1e384565c303', 'c2c6f6b8-fe93-4639-8f63-8e5870fa6a1a', '75a5ec96-6bdb-48ad-9e41-3992c3e411aa', false);
INSERT INTO art_ping.project_employee VALUES ('bb58834a-fbfe-46b8-ae10-f933d2242c5a', 'c2c6f6b8-fe93-4639-8f63-8e5870fa6a1a', '9e118fb6-b144-47c7-8bb9-3a2a80d66630', false);
INSERT INTO art_ping.project_employee VALUES ('e1e490b0-80a6-492e-9f9d-ab561c692724', 'c2c6f6b8-fe93-4639-8f63-8e5870fa6a1a', '07db2e4b-db75-4803-ae43-4f60fc25a1f8', false);
INSERT INTO art_ping.project_employee VALUES ('de100d5b-1472-4487-a032-95412035ea08', 'c2c6f6b8-fe93-4639-8f63-8e5870fa6a1a', 'c80963ca-8441-48a3-b833-d21f1c444187', false);
INSERT INTO art_ping.project_employee VALUES ('e2d92959-91fb-438d-abb2-6b5e60ce18a4', 'c2c6f6b8-fe93-4639-8f63-8e5870fa6a1a', '7f017fd4-81ac-4d7b-a32e-c28b45ceb60f', false);
INSERT INTO art_ping.project_employee VALUES ('9bc60cb4-fee7-4e2b-80db-21bfa41c8f02', 'c2c6f6b8-fe93-4639-8f63-8e5870fa6a1a', '62bf31ec-d2ad-422a-89e5-e0b11be1ac3f', false);
INSERT INTO art_ping.project_employee VALUES ('df16eb18-e3e5-4018-b29e-04967d073124', 'c2c6f6b8-fe93-4639-8f63-8e5870fa6a1a', 'e64a50e8-f81c-4ca3-9582-c4c0c42e2f4b', false);
INSERT INTO art_ping.project_employee VALUES ('eda643c4-286b-4e40-b7ff-c5b7b883962e', 'c2c6f6b8-fe93-4639-8f63-8e5870fa6a1a', '6d377f60-7599-448b-8e55-728b00620144', false);
INSERT INTO art_ping.project_employee VALUES ('acfc83bf-91d2-4980-996f-be7fcec0844d', 'c2c6f6b8-fe93-4639-8f63-8e5870fa6a1a', 'fa21f402-1783-4e26-a087-c5cc50765fe8', false);
INSERT INTO art_ping.project_employee VALUES ('8f025942-4af4-4e22-af0b-e24a81106517', 'c2c6f6b8-fe93-4639-8f63-8e5870fa6a1a', '9c7b8963-f8ac-422b-b5e0-9de69dae432e', false);
INSERT INTO art_ping.project_employee VALUES ('5fb7585c-e37a-42fc-919e-778df970099e', 'c2c6f6b8-fe93-4639-8f63-8e5870fa6a1a', '39837db2-6091-44d6-8a0e-351350a14453', false);
INSERT INTO art_ping.project_employee VALUES ('efd9655a-1bc3-4747-b656-c5f207f4016e', 'c2c6f6b8-fe93-4639-8f63-8e5870fa6a1a', 'a8cabb54-2ebd-46a6-aa94-cac081ddd297', false);
INSERT INTO art_ping.project_employee VALUES ('11a575a5-3ca3-4b73-987e-e72bcdbb8000', 'c2c6f6b8-fe93-4639-8f63-8e5870fa6a1a', '35af698d-59f4-4fb5-b154-07310af46e3d', false);
INSERT INTO art_ping.project VALUES ('a1a89b42-64dd-4627-8d08-da4e6a0201d3', 'project132', true);
INSERT INTO art_ping.project_employee VALUES ('e8435d2d-06b9-448f-a6f7-bd2291490212', 'a1a89b42-64dd-4627-8d08-da4e6a0201d3', '493a58e5-2b13-4d7e-9971-399387fafafd', false);
INSERT INTO art_ping.project_employee VALUES ('0ead53b1-cc6d-4942-967c-cfd71b263e78', 'a1a89b42-64dd-4627-8d08-da4e6a0201d3', 'ce651c41-2f4f-4efa-90b6-0741cd1ae09d', false);
INSERT INTO art_ping.project_employee VALUES ('effd1010-f2d5-4a3e-bf50-4236cb72dad2', 'a1a89b42-64dd-4627-8d08-da4e6a0201d3', '2a60de57-a87a-4f65-b5fc-47ec38b4bfa9', false);
INSERT INTO art_ping.project_employee VALUES ('9d72e653-8025-4eec-b45b-a645bd5ccbec', 'a1a89b42-64dd-4627-8d08-da4e6a0201d3', '3b01bb4f-3641-47f7-95dc-543b4a0da9a5', false);
INSERT INTO art_ping.project_employee VALUES ('b8f23ccf-a9ec-4c8d-929f-155079b08032', 'a1a89b42-64dd-4627-8d08-da4e6a0201d3', '41e3fc84-eeea-421d-9854-b26ad91df17a', false);
INSERT INTO art_ping.project_employee VALUES ('d72857a0-e123-4b7e-ab94-a54e564a2108', 'a1a89b42-64dd-4627-8d08-da4e6a0201d3', 'db7c32ef-a43e-4924-950d-67368720b1ca', false);
INSERT INTO art_ping.project_employee VALUES ('9200d595-c5f9-4096-9ec1-6ff4dc5f845c', 'a1a89b42-64dd-4627-8d08-da4e6a0201d3', 'a3c277aa-71bb-4224-8d59-940803715ffa', false);
INSERT INTO art_ping.project_employee VALUES ('cd208076-a1ec-4871-871d-101d210b855e', 'a1a89b42-64dd-4627-8d08-da4e6a0201d3', '2dff829a-3580-4075-840a-f5c2ec5e3f1f', false);
INSERT INTO art_ping.project VALUES ('eb994e5d-e20c-42e3-85d0-993ea3040fb4', 'project133', true);
INSERT INTO art_ping.project_employee VALUES ('6abc7177-ac54-4fe3-9fb4-5e27334f0077', 'eb994e5d-e20c-42e3-85d0-993ea3040fb4', '7935e512-2d6f-486f-96f6-3209b563c670', false);
INSERT INTO art_ping.project_employee VALUES ('058944eb-2fc4-45de-9c86-caa02bc82a8a', 'eb994e5d-e20c-42e3-85d0-993ea3040fb4', '1bdc9fbe-a832-48d7-8ab9-dd59882f1cb7', false);
INSERT INTO art_ping.project_employee VALUES ('b9f3060b-acf1-482c-a576-41e6e5ee5afd', 'eb994e5d-e20c-42e3-85d0-993ea3040fb4', 'f4afc4da-d98c-4f2b-be4a-43ebca9bce04', false);
INSERT INTO art_ping.project_employee VALUES ('1d5fed7e-fb44-41b5-9268-5c04c60b0ce4', 'eb994e5d-e20c-42e3-85d0-993ea3040fb4', '61973623-7ea1-40ad-bb08-a2d7b4a237e7', false);
INSERT INTO art_ping.project_employee VALUES ('ea498e86-0ec8-406a-b191-fe571a6205ec', 'eb994e5d-e20c-42e3-85d0-993ea3040fb4', '0c6d2a1f-a5fb-419a-b16b-998b14649693', false);
INSERT INTO art_ping.project VALUES ('94cbaa55-ef4f-46cd-a040-ba45fe6ab1ba', 'project134', true);
INSERT INTO art_ping.project_employee VALUES ('27d90812-380d-43a5-a20b-997ad65417f9', '94cbaa55-ef4f-46cd-a040-ba45fe6ab1ba', '515b00bb-3a1a-4c42-9349-ba7e5577b69d', false);
INSERT INTO art_ping.project_employee VALUES ('1bd20f86-ce14-42fe-87f2-11b27bfae7d6', '94cbaa55-ef4f-46cd-a040-ba45fe6ab1ba', 'a689a178-8e09-484d-8557-eb38c226482b', false);
INSERT INTO art_ping.project_employee VALUES ('4647ea2a-d650-4a93-a598-0f0459f3594e', '94cbaa55-ef4f-46cd-a040-ba45fe6ab1ba', '228d99f8-a5b4-418e-a28e-8c4856fecc3b', false);
INSERT INTO art_ping.project_employee VALUES ('ab57ea3d-4bb7-4166-9225-e736fa729ab0', '94cbaa55-ef4f-46cd-a040-ba45fe6ab1ba', '8978b820-3832-4eb8-9d16-1359d70a5f41', false);
INSERT INTO art_ping.project_employee VALUES ('c87ff9dd-9a61-440b-b743-8f7151b6dfed', '94cbaa55-ef4f-46cd-a040-ba45fe6ab1ba', '31f7f66a-2a9a-4a53-8786-588f3c37f782', false);
INSERT INTO art_ping.project_employee VALUES ('6d0473ab-f9e1-4982-a3eb-7d939823ff37', '94cbaa55-ef4f-46cd-a040-ba45fe6ab1ba', 'ccd5828e-2daa-4dbe-8c87-a5b5722653cb', false);
INSERT INTO art_ping.project_employee VALUES ('74bb6832-c35b-469a-8f9e-e18ea8829cb3', '94cbaa55-ef4f-46cd-a040-ba45fe6ab1ba', '7a9a93b3-a6e3-42d4-ad7e-ce4ced0205d0', false);
INSERT INTO art_ping.project_employee VALUES ('a9f559b1-4a8d-4b75-924e-f17ffdf79347', '94cbaa55-ef4f-46cd-a040-ba45fe6ab1ba', '475abc23-901a-43ed-be8b-ecb5ff7ac4c5', false);
INSERT INTO art_ping.project_employee VALUES ('53cc52f3-7b69-4698-8baf-39351b551746', '94cbaa55-ef4f-46cd-a040-ba45fe6ab1ba', 'bc438fea-080a-4eda-86f8-fa420336a002', false);
INSERT INTO art_ping.project_employee VALUES ('61d63c9f-f9d8-4733-88a3-9cef73b139ef', '94cbaa55-ef4f-46cd-a040-ba45fe6ab1ba', '2a1dd19e-3dfc-401d-8ae6-a3531463e0e2', false);
INSERT INTO art_ping.project_employee VALUES ('db2d7b6e-bbf8-4043-b741-74e577f766af', '94cbaa55-ef4f-46cd-a040-ba45fe6ab1ba', 'f1b2ee7f-8722-4daf-b265-6a5a272a2bdb', false);
INSERT INTO art_ping.project_employee VALUES ('dfb1b4ed-9004-41f1-8688-6b8de734a9ab', '94cbaa55-ef4f-46cd-a040-ba45fe6ab1ba', '2b2923e3-7924-451c-918a-badad47c1be0', false);
INSERT INTO art_ping.project_employee VALUES ('07b8789b-f296-4dcc-961a-05c59a830962', '94cbaa55-ef4f-46cd-a040-ba45fe6ab1ba', '853d7de4-dc4c-4eec-915b-3872c26e0cbd', false);
INSERT INTO art_ping.project_employee VALUES ('e1378917-cb16-421b-bab4-ecd14f9ab098', '94cbaa55-ef4f-46cd-a040-ba45fe6ab1ba', '8c3502ea-6671-40cf-bf16-8099fb77f8ca', false);
INSERT INTO art_ping.project_employee VALUES ('2b65a471-1bf5-4b40-b6f4-c9a62ccf2a30', '94cbaa55-ef4f-46cd-a040-ba45fe6ab1ba', '11f08932-f615-4629-9246-f439fc292b0c', false);
INSERT INTO art_ping.project_employee VALUES ('afed607f-b673-48ec-b494-21f81dcbd67b', '94cbaa55-ef4f-46cd-a040-ba45fe6ab1ba', '21f0a20e-1ca8-4895-a904-7f0969c3687f', false);
INSERT INTO art_ping.project_employee VALUES ('2459fc20-91a9-47e7-8e31-fccaa34ffc74', '94cbaa55-ef4f-46cd-a040-ba45fe6ab1ba', '2a60de57-a87a-4f65-b5fc-47ec38b4bfa9', false);
INSERT INTO art_ping.project_employee VALUES ('bafac58c-8ec8-462d-a2df-5795d31fa856', '94cbaa55-ef4f-46cd-a040-ba45fe6ab1ba', 'a69e1a15-2334-4eee-a908-8d9f343a9e20', false);
INSERT INTO art_ping.project VALUES ('9dc0058b-7fa7-45d4-8917-808b6b27b516', 'project135', true);
INSERT INTO art_ping.project_employee VALUES ('767fb2eb-c2d7-4525-8397-74fb757f8d7d', '9dc0058b-7fa7-45d4-8917-808b6b27b516', 'c446f2da-0723-44a3-a07c-dfe281f27a04', false);
INSERT INTO art_ping.project_employee VALUES ('d33501b6-4ffa-4502-beb1-36a4acdbe12a', '9dc0058b-7fa7-45d4-8917-808b6b27b516', '41edc2a3-5f19-4c2e-8e4b-75a89d28bdea', false);
INSERT INTO art_ping.project_employee VALUES ('4a9762ec-4a18-4b13-ab7e-d6ce22a1ddf1', '9dc0058b-7fa7-45d4-8917-808b6b27b516', '28c10195-2f73-4e00-a084-01c1897cd8c2', false);
INSERT INTO art_ping.project_employee VALUES ('1d1e0620-19e9-4c5b-9094-39dbd3ce9831', '9dc0058b-7fa7-45d4-8917-808b6b27b516', '229d920e-cf5b-4dfb-a8eb-29e6a6c8068f', false);
INSERT INTO art_ping.project_employee VALUES ('17dfc4bd-f669-48d2-96c9-ec0cca0634c8', '9dc0058b-7fa7-45d4-8917-808b6b27b516', '7226671b-fb2b-4f8b-918d-ff38157eb98f', false);
INSERT INTO art_ping.project_employee VALUES ('f87362be-ff3e-495c-8f2e-171098996157', '9dc0058b-7fa7-45d4-8917-808b6b27b516', '17dd1317-229f-4aa1-a486-5b6c35743554', false);
INSERT INTO art_ping.project_employee VALUES ('ace57ef5-f88a-408d-8c50-d1381d301c0b', '9dc0058b-7fa7-45d4-8917-808b6b27b516', '1b8856af-6593-492a-9fcd-fe63e89abfed', false);
INSERT INTO art_ping.project_employee VALUES ('8f5ca51b-8a43-461d-ae11-fb2903ea6dda', '9dc0058b-7fa7-45d4-8917-808b6b27b516', 'be595e60-8b11-40cf-ab70-211fca0756b1', false);
INSERT INTO art_ping.project_employee VALUES ('3705ef6c-955c-4fad-be1b-bbc23abc662a', '9dc0058b-7fa7-45d4-8917-808b6b27b516', '7f017fd4-81ac-4d7b-a32e-c28b45ceb60f', false);
INSERT INTO art_ping.project_employee VALUES ('83c2a9f4-8004-466c-9ded-6df544d6983a', '9dc0058b-7fa7-45d4-8917-808b6b27b516', 'f5a31b63-a644-4c75-9ada-c7cbd4725f43', false);
INSERT INTO art_ping.project_employee VALUES ('b24c6593-5f22-42d9-aa78-899676ee86cd', '9dc0058b-7fa7-45d4-8917-808b6b27b516', '0102be80-9dbd-4f3b-a044-a315c9de6c8b', false);
INSERT INTO art_ping.project_employee VALUES ('29f05158-8b60-4860-89b8-51658b093c32', '9dc0058b-7fa7-45d4-8917-808b6b27b516', '3f80df10-2953-4b62-a570-e579a1d6357a', false);
INSERT INTO art_ping.project_employee VALUES ('e208041d-6da1-4048-b3a8-d4fbecdef51d', '9dc0058b-7fa7-45d4-8917-808b6b27b516', 'ed9d0464-b109-4f00-9bd1-1e40ea8eedec', false);
INSERT INTO art_ping.project_employee VALUES ('dfe1a83e-10c2-4084-ab84-b59beecb67bd', '9dc0058b-7fa7-45d4-8917-808b6b27b516', 'a69e1a15-2334-4eee-a908-8d9f343a9e20', false);
INSERT INTO art_ping.project_employee VALUES ('9b69bc2b-268a-49ff-a0a4-88ae0d0b85f6', '9dc0058b-7fa7-45d4-8917-808b6b27b516', '4ac024e2-5f5a-4784-b7dc-896f270256cf', false);
INSERT INTO art_ping.project_employee VALUES ('1aa9c96f-7458-4980-b513-c4d46540a6e2', '9dc0058b-7fa7-45d4-8917-808b6b27b516', 'e637a3c6-071d-4d33-ad8e-b0f4dafd9365', false);
INSERT INTO art_ping.project_employee VALUES ('2eba6a79-bb42-47e5-aad3-aa74c54db309', '9dc0058b-7fa7-45d4-8917-808b6b27b516', '506c90be-9047-4868-9f58-4d30d43c5cd4', false);
INSERT INTO art_ping.project_employee VALUES ('210bbad8-ba28-4e14-8a7b-ee6f0d8d21fe', '9dc0058b-7fa7-45d4-8917-808b6b27b516', 'b76f35f1-09f9-4e88-bdb3-53613fca1770', false);
INSERT INTO art_ping.project VALUES ('7fe37774-30a0-450a-af40-dcaa6df92c90', 'project136', true);
INSERT INTO art_ping.project_employee VALUES ('8951cfa2-6256-4316-9173-18efe20a64a1', '7fe37774-30a0-450a-af40-dcaa6df92c90', '645e95c5-885f-42bf-b4a6-dd0e0f10f16f', false);
INSERT INTO art_ping.project_employee VALUES ('966ceed6-ccd6-4ab1-ba59-534b9d523c02', '7fe37774-30a0-450a-af40-dcaa6df92c90', 'fc80d3d5-13f2-4802-9d0f-ed66529758da', false);
INSERT INTO art_ping.project_employee VALUES ('d156ef58-3254-4b36-8c77-797d968a20b0', '7fe37774-30a0-450a-af40-dcaa6df92c90', '7b73d822-2b12-434c-b501-c2fece7e80b6', false);
INSERT INTO art_ping.project_employee VALUES ('390daa9f-36ee-4551-af73-1a959b2f5c7e', '7fe37774-30a0-450a-af40-dcaa6df92c90', '41edc2a3-5f19-4c2e-8e4b-75a89d28bdea', false);
INSERT INTO art_ping.project_employee VALUES ('69c77de2-fea7-4227-8eab-a621364a459d', '7fe37774-30a0-450a-af40-dcaa6df92c90', '33dfdf17-ad6b-4f18-9ce2-d1fce01adf7e', false);
INSERT INTO art_ping.project_employee VALUES ('a8e5f80f-84d4-40eb-89c6-a0bd85be67a7', '7fe37774-30a0-450a-af40-dcaa6df92c90', '47bc18e4-7fb3-420f-8dd8-c24da3fcf641', false);
INSERT INTO art_ping.project_employee VALUES ('e2ac0412-45bc-4e7e-a524-d9b97abb51fd', '7fe37774-30a0-450a-af40-dcaa6df92c90', '5a3b8ac9-5ccc-4960-8b0a-e990b9394193', false);
INSERT INTO art_ping.project_employee VALUES ('2f487a63-153e-49a3-9564-0ba9d0a651da', '7fe37774-30a0-450a-af40-dcaa6df92c90', '606aa705-2913-4857-b870-266864ce2bee', false);
INSERT INTO art_ping.project_employee VALUES ('66049768-b97c-457f-a141-ccd187ecd3e7', '7fe37774-30a0-450a-af40-dcaa6df92c90', '65745237-68de-4eac-ac96-8e7d8144be77', false);
INSERT INTO art_ping.project_employee VALUES ('2e2c0e58-800f-4c55-a4ca-f0dc4bd1c0cc', '7fe37774-30a0-450a-af40-dcaa6df92c90', 'de6113d7-ecae-4160-87a1-8fbaf7ecdb46', false);
INSERT INTO art_ping.project VALUES ('7962c16a-989f-4410-80fc-9e20aa906401', 'project137', true);
INSERT INTO art_ping.project_employee VALUES ('04079d1a-d241-4fb4-99e2-1634bf7f00a2', '7962c16a-989f-4410-80fc-9e20aa906401', 'f959a1d8-f0fe-472a-869a-6d5e59673f3f', false);
INSERT INTO art_ping.project_employee VALUES ('0e0f27ba-1e68-4cd1-b182-10974fa482a7', '7962c16a-989f-4410-80fc-9e20aa906401', '470e5ad9-7cf2-4629-9048-a8f17873018d', false);
INSERT INTO art_ping.project_employee VALUES ('423f5d83-acee-4acb-9fbe-b6945cb5cbf3', '7962c16a-989f-4410-80fc-9e20aa906401', '426943fe-cbdf-41f1-91dd-24818b867207', false);
INSERT INTO art_ping.project_employee VALUES ('32b59a14-4a81-457b-8046-69a51b5fcf68', '7962c16a-989f-4410-80fc-9e20aa906401', 'b43ed1de-1c6f-425c-aa24-f141c753bd1e', false);
INSERT INTO art_ping.project_employee VALUES ('e5327e3f-15fe-4009-baed-3b37d3e35bda', '7962c16a-989f-4410-80fc-9e20aa906401', '784c5c93-5d6b-4a9e-bf92-21158a96f04a', false);
INSERT INTO art_ping.project_employee VALUES ('baa4d5f3-8783-4896-a39f-6840a5b7b0b0', '7962c16a-989f-4410-80fc-9e20aa906401', '81de19b3-4102-4be2-b92b-0f66fc0e3d16', false);
INSERT INTO art_ping.project_employee VALUES ('1cb09435-7f3a-4246-94bc-d75225fb7925', '7962c16a-989f-4410-80fc-9e20aa906401', '9953c3ef-a760-45f0-b380-448c9d14a3eb', false);
INSERT INTO art_ping.project VALUES ('2cd4eed8-d86c-453b-bdbf-b02307e184f5', 'project138', true);
INSERT INTO art_ping.project_employee VALUES ('ef2dc805-11ec-49ed-810d-a8bccb797515', '2cd4eed8-d86c-453b-bdbf-b02307e184f5', 'e624598c-6a5f-41d2-bab6-db6319e50259', false);
INSERT INTO art_ping.project_employee VALUES ('3f795cbb-424f-4afb-ac52-41d8401b4917', '2cd4eed8-d86c-453b-bdbf-b02307e184f5', 'f959a1d8-f0fe-472a-869a-6d5e59673f3f', false);
INSERT INTO art_ping.project_employee VALUES ('c93aa179-13d8-421e-ae15-ddfc0faab4ba', '2cd4eed8-d86c-453b-bdbf-b02307e184f5', 'a826b351-d4db-44c7-95f8-f68c790b595b', false);
INSERT INTO art_ping.project_employee VALUES ('bae46c74-baef-46b5-9603-0810a0620d57', '2cd4eed8-d86c-453b-bdbf-b02307e184f5', 'fdf077b8-75a9-47da-bc22-063a2dcb42d6', false);
INSERT INTO art_ping.project_employee VALUES ('7b2d835d-f8f4-436d-b15e-ba55012ccd6c', '2cd4eed8-d86c-453b-bdbf-b02307e184f5', '637a1a7c-d8d0-4180-b638-5371d9c59de7', false);
INSERT INTO art_ping.project_employee VALUES ('e18208e1-aac3-4d8b-afab-1f6836105860', '2cd4eed8-d86c-453b-bdbf-b02307e184f5', 'bdce2984-48ff-47e3-9fed-ecc02eb0faa4', false);
INSERT INTO art_ping.project_employee VALUES ('50149274-b419-4e2b-87f1-02674c3d3bae', '2cd4eed8-d86c-453b-bdbf-b02307e184f5', '1d487669-af0b-4511-af1f-e7c8686b897f', false);
INSERT INTO art_ping.project_employee VALUES ('927dbae3-8950-46b0-9313-ca295da13c5e', '2cd4eed8-d86c-453b-bdbf-b02307e184f5', '6bbc2baa-80ce-41da-bbdf-31f8647dddc8', false);
INSERT INTO art_ping.project_employee VALUES ('efc61708-9313-41b5-8269-17e2a912079d', '2cd4eed8-d86c-453b-bdbf-b02307e184f5', '71f59a84-36b5-44a6-a9ff-2432d046da1b', false);
INSERT INTO art_ping.project_employee VALUES ('503440f6-041c-4aed-8b08-17af805b600d', '2cd4eed8-d86c-453b-bdbf-b02307e184f5', '5a7f29f2-c165-4475-af5c-0c41a0d9b49a', false);
INSERT INTO art_ping.project VALUES ('2b358eeb-cfcf-4ed8-a9cc-ce5ce3230623', 'project139', true);
INSERT INTO art_ping.project_employee VALUES ('25256700-67b8-4743-b2bc-fc432acbf02b', '2b358eeb-cfcf-4ed8-a9cc-ce5ce3230623', '54522081-3d96-489e-9741-7d931f7a5ec9', false);
INSERT INTO art_ping.project_employee VALUES ('7a18317c-ac2f-491a-b4bb-f97a8721c0a1', '2b358eeb-cfcf-4ed8-a9cc-ce5ce3230623', '048b2bcc-59bf-4a1e-bde6-8dc5f3ae1808', false);
INSERT INTO art_ping.project_employee VALUES ('8b7836b7-e7ff-465a-b495-b554db537c06', '2b358eeb-cfcf-4ed8-a9cc-ce5ce3230623', '59ecffe2-a78d-4d3b-a20e-5b1360fb1749', false);
INSERT INTO art_ping.project VALUES ('4cd6e8b5-1174-412a-95b0-a07772bf718e', 'project140', true);
INSERT INTO art_ping.project_employee VALUES ('fe4eacf1-ec65-44db-8d58-d56cf70fbd5f', '4cd6e8b5-1174-412a-95b0-a07772bf718e', 'a1b17097-439e-4632-a6ad-30e7eda50e80', false);
INSERT INTO art_ping.project_employee VALUES ('df1e0f06-2a37-454c-85bb-d20069216d3b', '4cd6e8b5-1174-412a-95b0-a07772bf718e', '1a5484bd-7b93-4ed8-a7f7-26e3af3c9b10', false);
INSERT INTO art_ping.project_employee VALUES ('24774591-c1cc-4a35-89eb-56cd1e2e541d', '4cd6e8b5-1174-412a-95b0-a07772bf718e', '6953e5d0-da7b-4f25-80e3-195af5533b7a', false);
INSERT INTO art_ping.project_employee VALUES ('26afd477-8a0f-437f-83cf-1abd09a1cf15', '4cd6e8b5-1174-412a-95b0-a07772bf718e', 'b43ed1de-1c6f-425c-aa24-f141c753bd1e', false);
INSERT INTO art_ping.project_employee VALUES ('38e55ad0-ee31-41a9-9e02-068b4ed1b6f5', '4cd6e8b5-1174-412a-95b0-a07772bf718e', '9dc4b22b-4c22-4fda-b66e-57caf03383c0', false);
INSERT INTO art_ping.project_employee VALUES ('2bb6981f-8610-4ed1-8478-d63ee4baf687', '4cd6e8b5-1174-412a-95b0-a07772bf718e', '8e90628d-a25d-4018-bb9e-80ca5aab4945', false);
INSERT INTO art_ping.project_employee VALUES ('79c69fa4-1223-428f-a14d-85dd8da8c952', '4cd6e8b5-1174-412a-95b0-a07772bf718e', '73e42f0e-569c-40be-9cc5-6b9141e09634', false);
INSERT INTO art_ping.project_employee VALUES ('3844af37-37bc-4038-bdff-d3a86e932026', '4cd6e8b5-1174-412a-95b0-a07772bf718e', 'ca80f43d-5268-431a-9be9-598b85e5fbd0', false);
INSERT INTO art_ping.project VALUES ('382801c4-305f-4d18-9077-ea99fb4f7c58', 'project141', true);
INSERT INTO art_ping.project_employee VALUES ('438b2753-8cff-48f3-b4c3-e2c02ebc95c1', '382801c4-305f-4d18-9077-ea99fb4f7c58', 'd674ff13-5a99-46e3-81cc-8147d08e9c8a', false);
INSERT INTO art_ping.project_employee VALUES ('e1b5ecb4-38e2-47ee-93f3-4688ee1f2725', '382801c4-305f-4d18-9077-ea99fb4f7c58', 'fdcb8726-41c4-4ce5-8310-f8cbbc5216fe', false);
INSERT INTO art_ping.project_employee VALUES ('d7d6dae5-03c8-494c-a91a-ef4562ad1314', '382801c4-305f-4d18-9077-ea99fb4f7c58', 'e4bd53af-629a-470c-b62f-59cec1997074', false);
INSERT INTO art_ping.project_employee VALUES ('485634eb-b6b7-449a-8427-3be1bb13a778', '382801c4-305f-4d18-9077-ea99fb4f7c58', '1e5f7186-0fb5-49d0-ac30-eab33edcc0a7', false);
INSERT INTO art_ping.project_employee VALUES ('524db3ff-949e-4176-abad-1da8b211b4f2', '382801c4-305f-4d18-9077-ea99fb4f7c58', 'f8c6fc9b-5a6e-41da-a329-b2510034e3c6', false);
INSERT INTO art_ping.project_employee VALUES ('186af504-0cd9-4692-9f96-6268f1d89981', '382801c4-305f-4d18-9077-ea99fb4f7c58', '0dbb3ff9-9ae1-49a8-8ce5-2b6d64e79cbd', false);
INSERT INTO art_ping.project VALUES ('bdda0901-83b2-4e07-993b-81fc908079b4', 'project142', true);
INSERT INTO art_ping.project_employee VALUES ('e242dea8-ca07-4635-a586-8f4e69da99f0', 'bdda0901-83b2-4e07-993b-81fc908079b4', '009733eb-8522-45ab-b5ec-0144d9658abc', false);
INSERT INTO art_ping.project_employee VALUES ('bfdb5c8f-f59d-48e6-a7ce-26480e47ada7', 'bdda0901-83b2-4e07-993b-81fc908079b4', 'd11834f9-c4d6-4c79-ae1f-ecc818b70de9', false);
INSERT INTO art_ping.project_employee VALUES ('d44fdacc-05b7-4415-9639-c8862a20d6f9', 'bdda0901-83b2-4e07-993b-81fc908079b4', '19a66dc2-080d-4711-abe3-a97cbda9803b', false);
INSERT INTO art_ping.project_employee VALUES ('da6fee9e-22d3-48ce-b673-8de43b256f3a', 'bdda0901-83b2-4e07-993b-81fc908079b4', '01133c1d-0029-463e-88df-5fafd35fcefe', false);
INSERT INTO art_ping.project_employee VALUES ('7c38d071-5501-4d29-9e22-e58df402b2c4', 'bdda0901-83b2-4e07-993b-81fc908079b4', '97b0a31e-f07c-471b-85b5-5f801173b725', false);
INSERT INTO art_ping.project_employee VALUES ('b74a758a-94aa-469b-96d7-3d76de03461c', 'bdda0901-83b2-4e07-993b-81fc908079b4', '40e34d7c-93aa-4eab-b373-5b649e14430a', false);
INSERT INTO art_ping.project_employee VALUES ('85cfaaf5-44f3-49c1-a514-e2caf5eaf13d', 'bdda0901-83b2-4e07-993b-81fc908079b4', 'bf99118f-478c-4f13-b090-c482af39638b', false);
INSERT INTO art_ping.project_employee VALUES ('ef88cf5f-02b3-45cd-a325-ac0f951cc394', 'bdda0901-83b2-4e07-993b-81fc908079b4', '937be2c6-bbe6-4f14-acfe-d630f8314d93', false);
INSERT INTO art_ping.project_employee VALUES ('3d91d977-44d3-443b-8ead-805891cfb6fd', 'bdda0901-83b2-4e07-993b-81fc908079b4', 'd596710b-013b-4530-be15-d54f42933ca0', false);
INSERT INTO art_ping.project_employee VALUES ('26522760-1641-429a-99ee-be0865c64c4e', 'bdda0901-83b2-4e07-993b-81fc908079b4', '1726d11a-8c45-4b86-86c8-eaee90e0f42a', false);
INSERT INTO art_ping.project_employee VALUES ('e379724d-9524-41cd-ac65-4cdb08469684', 'bdda0901-83b2-4e07-993b-81fc908079b4', '9baeb07f-48a3-4fb6-b077-e978369263c8', false);
INSERT INTO art_ping.project_employee VALUES ('3407c508-33e0-4861-a6f3-4d0110e048c4', 'bdda0901-83b2-4e07-993b-81fc908079b4', '20bb3776-2233-4d9f-92c7-d6de53f0ebd4', false);
INSERT INTO art_ping.project_employee VALUES ('7f5b70ce-afca-4d58-9dd7-0cdba101dc9c', 'bdda0901-83b2-4e07-993b-81fc908079b4', '66212139-5688-45f1-b12a-3712ecaa9833', false);
INSERT INTO art_ping.project_employee VALUES ('ae8309bb-27ea-4339-bdec-61e856e839af', 'bdda0901-83b2-4e07-993b-81fc908079b4', 'acf24a6a-9e8b-4edf-982c-ad62dcb4e236', false);
INSERT INTO art_ping.project_employee VALUES ('a6b10bae-474c-47cd-bf8d-4f501c9af97b', 'bdda0901-83b2-4e07-993b-81fc908079b4', '40d2a24a-edc8-46b7-ad6d-c36ca3b9007f', false);
INSERT INTO art_ping.project_employee VALUES ('c8bd7ffe-13f6-4f03-b8f3-6b49675c4c0a', 'bdda0901-83b2-4e07-993b-81fc908079b4', 'a69e1a15-2334-4eee-a908-8d9f343a9e20', false);
INSERT INTO art_ping.project_employee VALUES ('3be0e7da-22e6-4ff8-9225-911916a8d502', 'bdda0901-83b2-4e07-993b-81fc908079b4', 'accbdfd4-4054-49bf-9930-17db990d4af7', false);
INSERT INTO art_ping.project VALUES ('84d74c01-df52-4264-a226-23f27283bdf1', 'project143', true);
INSERT INTO art_ping.project_employee VALUES ('09ecf7e7-cbde-4335-bae6-9976f39231b3', '84d74c01-df52-4264-a226-23f27283bdf1', '5004a47a-83f9-402d-b35e-d4eccbf0e8fa', false);
INSERT INTO art_ping.project_employee VALUES ('81921342-cb85-4ca4-abee-5e7cdb301033', '84d74c01-df52-4264-a226-23f27283bdf1', 'a1fc8d1a-f540-4e31-8d4a-43383f68a302', false);
INSERT INTO art_ping.project_employee VALUES ('ca970ae2-e5f8-410c-a85d-de5b0faee465', '84d74c01-df52-4264-a226-23f27283bdf1', '8978b820-3832-4eb8-9d16-1359d70a5f41', false);
INSERT INTO art_ping.project_employee VALUES ('c1f53041-55e3-4600-ba4f-8309d74b8cbb', '84d74c01-df52-4264-a226-23f27283bdf1', '004faa79-f42b-4f41-8bca-6c70dab97ec7', false);
INSERT INTO art_ping.project_employee VALUES ('eae6a989-fb89-4d0c-9832-222c2a70c415', '84d74c01-df52-4264-a226-23f27283bdf1', '2da77dcb-0768-478c-a741-618b705ed54c', false);
INSERT INTO art_ping.project_employee VALUES ('a6b4e322-92bf-4e79-b26b-e9c52b5c3047', '84d74c01-df52-4264-a226-23f27283bdf1', '6dbec378-db3e-4584-963b-b36b733f05fe', false);
INSERT INTO art_ping.project_employee VALUES ('4b65c362-3c5c-4af9-97fd-884e9f86a9c4', '84d74c01-df52-4264-a226-23f27283bdf1', '1b8856af-6593-492a-9fcd-fe63e89abfed', false);
INSERT INTO art_ping.project_employee VALUES ('6fbd7c0f-aa41-478d-8e8d-a96194e61d6d', '84d74c01-df52-4264-a226-23f27283bdf1', '80eb122f-e58e-4ee6-8ca9-7ec1ceb245d0', false);
INSERT INTO art_ping.project_employee VALUES ('24223018-3e81-4542-941b-d1613aea7318', '84d74c01-df52-4264-a226-23f27283bdf1', '231a2166-084a-45b7-b08c-0718eac0fdb3', false);
INSERT INTO art_ping.project_employee VALUES ('ffd5e89d-082c-48d2-898f-41a76a94975c', '84d74c01-df52-4264-a226-23f27283bdf1', '9923f9ff-3d98-49be-a1a7-75f0de86dbc0', false);
INSERT INTO art_ping.project_employee VALUES ('15b59b6e-a210-4f83-8e35-badff38258d3', '84d74c01-df52-4264-a226-23f27283bdf1', 'f13996b1-1d4e-4031-b848-4d38e070ae36', false);
INSERT INTO art_ping.project_employee VALUES ('1c5b7cdf-48ab-4a9e-9a2a-f3b3c9195d76', '84d74c01-df52-4264-a226-23f27283bdf1', '8287baf5-4067-4c65-9264-fe5793108fda', false);
INSERT INTO art_ping.project_employee VALUES ('680be49d-00ec-4a13-a428-0014a98275e2', '84d74c01-df52-4264-a226-23f27283bdf1', '4ac024e2-5f5a-4784-b7dc-896f270256cf', false);
INSERT INTO art_ping.project_employee VALUES ('dfd31e57-b64f-4caf-a610-c7557ab0fd93', '84d74c01-df52-4264-a226-23f27283bdf1', '506c90be-9047-4868-9f58-4d30d43c5cd4', false);
INSERT INTO art_ping.project VALUES ('35dd6ecb-315d-456f-b9ba-f4a37a2795c6', 'project144', true);
INSERT INTO art_ping.project_employee VALUES ('8ea45075-b178-441a-84ef-4c1358667ab4', '35dd6ecb-315d-456f-b9ba-f4a37a2795c6', 'c22a98a5-d269-48ef-9ca3-2e3706520a55', false);
INSERT INTO art_ping.project_employee VALUES ('d5a62add-09ea-4bf0-b4be-808927e90e96', '35dd6ecb-315d-456f-b9ba-f4a37a2795c6', '8843030e-58ad-4ea0-8271-1a969a286434', false);
INSERT INTO art_ping.project_employee VALUES ('2fce7f60-f8ed-457f-9314-e931cd80bca2', '35dd6ecb-315d-456f-b9ba-f4a37a2795c6', 'c497679e-3fec-4bcd-99a7-864f9803de1c', false);
INSERT INTO art_ping.project_employee VALUES ('2423aef0-9465-4fba-9804-38a4e7ed6c62', '35dd6ecb-315d-456f-b9ba-f4a37a2795c6', 'b778b2cc-ca73-4f95-8b90-6e7ac3507fec', false);
INSERT INTO art_ping.project_employee VALUES ('bbd06e24-d799-4776-be9c-59b74f03f2d3', '35dd6ecb-315d-456f-b9ba-f4a37a2795c6', 'a547f5ea-4ebe-4601-aa11-6306914d7eaf', false);
INSERT INTO art_ping.project_employee VALUES ('45a1099c-b99e-479a-8285-b73da3317cc8', '35dd6ecb-315d-456f-b9ba-f4a37a2795c6', 'dbd21d63-aa76-4583-883f-ce6246f7aa59', false);
INSERT INTO art_ping.project_employee VALUES ('86156a22-ea73-4257-bee8-257405e2a7d9', '35dd6ecb-315d-456f-b9ba-f4a37a2795c6', 'a3eba660-ebad-4453-92f8-72def095c50d', false);
INSERT INTO art_ping.project_employee VALUES ('ff245e3b-ea0a-430a-814e-c48b517350c3', '35dd6ecb-315d-456f-b9ba-f4a37a2795c6', 'c4908a7e-b48f-455f-a81b-d78644ed91e9', false);
INSERT INTO art_ping.project_employee VALUES ('9089e58e-db4f-4ded-8ede-2f1bad44bf18', '35dd6ecb-315d-456f-b9ba-f4a37a2795c6', '8429609f-625a-4bd0-a20d-70f7372da498', false);
INSERT INTO art_ping.project_employee VALUES ('2b0654fd-c703-472a-b59b-93a37af36943', '35dd6ecb-315d-456f-b9ba-f4a37a2795c6', '72b1c1a9-d35b-4b0b-89ef-d83ee56c33ef', false);
INSERT INTO art_ping.project_employee VALUES ('555f2f0d-0e10-4520-8b35-491b0dcda90d', '35dd6ecb-315d-456f-b9ba-f4a37a2795c6', '0492f9c5-0b23-46c3-a435-691547b39086', false);
INSERT INTO art_ping.project_employee VALUES ('f010ceea-d698-4d71-98d6-3f98a736411d', '35dd6ecb-315d-456f-b9ba-f4a37a2795c6', '0e56808e-1d78-4611-b873-0d2d75c33554', false);
INSERT INTO art_ping.project_employee VALUES ('b3c383fe-3f28-4470-9b91-649c315831d6', '35dd6ecb-315d-456f-b9ba-f4a37a2795c6', '9baeb07f-48a3-4fb6-b077-e978369263c8', false);
INSERT INTO art_ping.project_employee VALUES ('808d1e0e-7d46-484c-b5a3-c7aea5398db6', '35dd6ecb-315d-456f-b9ba-f4a37a2795c6', '62fcf142-7cf8-4257-80ef-b43137c8dbd2', false);
INSERT INTO art_ping.project_employee VALUES ('f322ad8b-4105-43a5-b398-7433f10c9a91', '35dd6ecb-315d-456f-b9ba-f4a37a2795c6', '7519c8c7-492f-4c67-a3fd-61e57984164c', false);
INSERT INTO art_ping.project_employee VALUES ('54688131-11ec-450d-8e1c-3622954c9c8f', '35dd6ecb-315d-456f-b9ba-f4a37a2795c6', '47ce1e37-e6ee-4e8d-9de8-6d2ee8835dcf', false);
INSERT INTO art_ping.project_employee VALUES ('d8fa13af-26d5-4604-a78e-2359047ae96a', '35dd6ecb-315d-456f-b9ba-f4a37a2795c6', '4d14143a-4934-49e3-a791-a4ae03ae5170', false);
INSERT INTO art_ping.project_employee VALUES ('3cd1bf74-3b5d-4519-8399-a246d3677a5a', '35dd6ecb-315d-456f-b9ba-f4a37a2795c6', 'c8198693-c3cc-4a19-b024-f19d1b89733b', false);
INSERT INTO art_ping.project VALUES ('c3ba98f8-0974-4cc7-94d9-079a1e762c42', 'project145', true);
INSERT INTO art_ping.project_employee VALUES ('4939a0d9-14b9-49b6-8e60-e04151c5d109', 'c3ba98f8-0974-4cc7-94d9-079a1e762c42', '28c10195-2f73-4e00-a084-01c1897cd8c2', false);
INSERT INTO art_ping.project_employee VALUES ('5a664ce4-21a6-4994-9f65-cae9fe5801b8', 'c3ba98f8-0974-4cc7-94d9-079a1e762c42', '41764999-aa9b-4509-a434-09e9393347d2', false);
INSERT INTO art_ping.project_employee VALUES ('9e2b8516-4f21-466f-8298-36d7bd21063a', 'c3ba98f8-0974-4cc7-94d9-079a1e762c42', 'f8ddfe9e-d9ac-41ad-a3f4-fe2cf81862c6', false);
INSERT INTO art_ping.project_employee VALUES ('e5d21db1-4131-4493-ad2e-7812b6825e81', 'c3ba98f8-0974-4cc7-94d9-079a1e762c42', 'a9d41662-5fbc-48d6-af6d-70bd1ccbf684', false);
INSERT INTO art_ping.project_employee VALUES ('a86d6b1a-c722-4d0a-b781-632036c9d5d9', 'c3ba98f8-0974-4cc7-94d9-079a1e762c42', 'b3bbb05f-31f7-4286-b5d7-801f7ba8a253', false);
INSERT INTO art_ping.project_employee VALUES ('7bebb308-73a5-4288-95c5-d7d3d2827450', 'c3ba98f8-0974-4cc7-94d9-079a1e762c42', '0c6d2a1f-a5fb-419a-b16b-998b14649693', false);
INSERT INTO art_ping.project_employee VALUES ('3b6ad96f-2331-43ee-b127-2a499f9d1499', 'c3ba98f8-0974-4cc7-94d9-079a1e762c42', '2dff829a-3580-4075-840a-f5c2ec5e3f1f', false);
INSERT INTO art_ping.project_employee VALUES ('78be1f9c-801a-4dfc-9579-f1f657fd837f', 'c3ba98f8-0974-4cc7-94d9-079a1e762c42', 'e06de493-954d-4a4d-a3eb-fb67a4671cfc', false);
INSERT INTO art_ping.project_employee VALUES ('e5320915-57cd-4b2a-af0c-ade7d6f0cfa3', 'c3ba98f8-0974-4cc7-94d9-079a1e762c42', '09ca6ecb-a2ec-4bba-ab23-105b683004ba', false);
INSERT INTO art_ping.project_employee VALUES ('0b61dd67-fc73-4443-b7ab-4ea43dc0a5d1', 'c3ba98f8-0974-4cc7-94d9-079a1e762c42', '2af6684b-93f0-4c0d-95fb-e70ae2f9255c', false);
INSERT INTO art_ping.project_employee VALUES ('42f7c343-fa05-4086-b554-3b7711814937', 'c3ba98f8-0974-4cc7-94d9-079a1e762c42', 'ecba32ef-e3b9-4f48-b96a-d2f81f777fbb', false);
INSERT INTO art_ping.project_employee VALUES ('24706a40-76cf-4687-abf4-00f37913d8de', 'c3ba98f8-0974-4cc7-94d9-079a1e762c42', '1c318b7f-c458-40ae-b54a-bc48195c94cb', false);
INSERT INTO art_ping.project_employee VALUES ('9a71f753-d891-48b8-99bd-abf820be0bfe', 'c3ba98f8-0974-4cc7-94d9-079a1e762c42', 'ef1a352f-9385-48f8-8241-ac27542dc048', false);
INSERT INTO art_ping.project_employee VALUES ('d844d1c0-e610-4402-976c-56d3630ce787', 'c3ba98f8-0974-4cc7-94d9-079a1e762c42', '98d503ac-1975-4d08-ac0d-26406ca592f6', false);
INSERT INTO art_ping.project VALUES ('a0438525-53f0-4b4c-a7a1-fc72e3723ca5', 'project146', true);
INSERT INTO art_ping.project_employee VALUES ('64e38b8a-c18d-4f26-abab-38d6905d1ff8', 'a0438525-53f0-4b4c-a7a1-fc72e3723ca5', 'f9019837-96ef-40c0-96e6-432357b2631a', false);
INSERT INTO art_ping.project_employee VALUES ('ee4d4872-531d-4ef6-b624-68fe43bb77b1', 'a0438525-53f0-4b4c-a7a1-fc72e3723ca5', 'eb78dfd4-d641-4376-bcd5-c5bd54db3aaf', false);
INSERT INTO art_ping.project_employee VALUES ('6717f8c2-4539-4da6-a24a-2530c47b1d99', 'a0438525-53f0-4b4c-a7a1-fc72e3723ca5', 'b8057b88-4972-4f3c-8d60-b2820094783d', false);
INSERT INTO art_ping.project_employee VALUES ('954ac3fb-fb7a-4f13-b2dc-b87e25f7f3d0', 'a0438525-53f0-4b4c-a7a1-fc72e3723ca5', 'ff381683-f441-4456-b183-eadff5e6641e', false);
INSERT INTO art_ping.project_employee VALUES ('6b3bac3d-a043-4cf1-ad68-333345825a9c', 'a0438525-53f0-4b4c-a7a1-fc72e3723ca5', '702949cd-8d49-414c-a7c6-d4966977798f', false);
INSERT INTO art_ping.project_employee VALUES ('05d79aa2-040b-40e2-936a-4edc24250751', 'a0438525-53f0-4b4c-a7a1-fc72e3723ca5', 'ecff3071-8e08-4773-b824-cefc3f98780d', false);
INSERT INTO art_ping.project_employee VALUES ('cce2a9ca-b240-4fde-8591-e08fcbd4ef96', 'a0438525-53f0-4b4c-a7a1-fc72e3723ca5', 'd13bf3ab-0c22-427c-98a6-97b733ab7813', false);
INSERT INTO art_ping.project_employee VALUES ('e16cb14d-4742-48f0-a92c-ad86d97f489c', 'a0438525-53f0-4b4c-a7a1-fc72e3723ca5', '085d1150-48f8-4b0b-814d-fa33a489b982', false);
INSERT INTO art_ping.project_employee VALUES ('205d8539-3403-40d9-a5fd-40ca36aaa90d', 'a0438525-53f0-4b4c-a7a1-fc72e3723ca5', 'dd37a8fa-7ce0-4b01-ba47-f2a8978f690d', false);
INSERT INTO art_ping.project_employee VALUES ('db5d7327-dd6b-4f0c-b885-b88488ad6802', 'a0438525-53f0-4b4c-a7a1-fc72e3723ca5', 'fb67b0c8-67d8-4b01-a3c5-d27b062ef307', false);
INSERT INTO art_ping.project_employee VALUES ('9be40d96-8b1d-4040-8757-bc3ad5bd8be3', 'a0438525-53f0-4b4c-a7a1-fc72e3723ca5', 'f8c0b433-7218-41c1-829f-de660259aacd', false);
INSERT INTO art_ping.project_employee VALUES ('4cda40fd-748c-4892-8dab-a722c838b4a2', 'a0438525-53f0-4b4c-a7a1-fc72e3723ca5', '903273c9-ca49-4a1c-a336-2f1e04d6b29b', false);
INSERT INTO art_ping.project_employee VALUES ('574f2f35-79d8-46bc-9cce-00761910049e', 'a0438525-53f0-4b4c-a7a1-fc72e3723ca5', '6d377f60-7599-448b-8e55-728b00620144', false);
INSERT INTO art_ping.project_employee VALUES ('e375756d-6572-46f7-b47a-68651f803fde', 'a0438525-53f0-4b4c-a7a1-fc72e3723ca5', '21f0a20e-1ca8-4895-a904-7f0969c3687f', false);
INSERT INTO art_ping.project_employee VALUES ('d643a9e9-3d70-4a30-8f51-e9a147476f7c', 'a0438525-53f0-4b4c-a7a1-fc72e3723ca5', '410dc7a2-ecfe-4725-81f1-0977b2bf9883', false);
INSERT INTO art_ping.project_employee VALUES ('8f1882d6-352a-41b7-b439-a658e2e6b1ba', 'a0438525-53f0-4b4c-a7a1-fc72e3723ca5', 'bc0fcf18-417f-470c-bb5b-075ee1ab870f', false);
INSERT INTO art_ping.project VALUES ('658e00ba-3369-427a-90d8-a8fe59474dfa', 'project147', true);
INSERT INTO art_ping.project_employee VALUES ('9108e1a1-860f-4190-9af7-2f71da00f990', '658e00ba-3369-427a-90d8-a8fe59474dfa', '0d9be05f-494f-4ea6-aa20-04cb47089c46', false);
INSERT INTO art_ping.project_employee VALUES ('d5bd9c4f-5d28-44bd-9896-b9ad66e90e7f', '658e00ba-3369-427a-90d8-a8fe59474dfa', '9866608c-4bcb-4214-bd85-81000287db57', false);
INSERT INTO art_ping.project_employee VALUES ('2ca2b640-7ffa-4aef-8405-e304e03f8a7e', '658e00ba-3369-427a-90d8-a8fe59474dfa', 'fc80d3d5-13f2-4802-9d0f-ed66529758da', false);
INSERT INTO art_ping.project_employee VALUES ('61bea122-531d-4ec0-812a-46c9a05161be', '658e00ba-3369-427a-90d8-a8fe59474dfa', '188b1861-cfdc-4061-b923-989f1c7a980f', false);
INSERT INTO art_ping.project_employee VALUES ('4e58eb02-5c3e-4796-a5d7-20acc89cff04', '658e00ba-3369-427a-90d8-a8fe59474dfa', 'd13bf3ab-0c22-427c-98a6-97b733ab7813', false);
INSERT INTO art_ping.project_employee VALUES ('1938a51f-87c5-4f61-a616-2736302032ec', '658e00ba-3369-427a-90d8-a8fe59474dfa', 'b0c8fccb-e7fe-4566-97d9-a330a8d0db10', false);
INSERT INTO art_ping.project_employee VALUES ('a4aaba1f-1e7e-43d6-8274-bca69f4ea5d1', '658e00ba-3369-427a-90d8-a8fe59474dfa', '3666fedf-cdb0-49c8-83b8-728556b637ce', false);
INSERT INTO art_ping.project_employee VALUES ('20fd69bd-df53-487e-bac9-537dea73163e', '658e00ba-3369-427a-90d8-a8fe59474dfa', 'c97dbc09-c6ae-491b-9a16-b3b5ab235543', false);
INSERT INTO art_ping.project_employee VALUES ('8c8932b8-122d-4536-890c-f18674edcf42', '658e00ba-3369-427a-90d8-a8fe59474dfa', '9953c3ef-a760-45f0-b380-448c9d14a3eb', false);
INSERT INTO art_ping.project_employee VALUES ('4ba0d2e4-9d88-4a67-b596-b87bfd8dd4a1', '658e00ba-3369-427a-90d8-a8fe59474dfa', '2035cd1d-05d0-4bca-8ea4-911c82defd0b', false);
INSERT INTO art_ping.project VALUES ('e12cdfed-afa7-45fc-a9a9-086753167bcc', 'project148', true);
INSERT INTO art_ping.project_employee VALUES ('da751b37-682c-41f8-9a1c-32cce33675c6', 'e12cdfed-afa7-45fc-a9a9-086753167bcc', '0c321c7c-ad6b-4be0-807a-b65820c807ac', false);
INSERT INTO art_ping.project_employee VALUES ('d56d07ab-530b-4104-bd09-96106dede825', 'e12cdfed-afa7-45fc-a9a9-086753167bcc', 'c22a98a5-d269-48ef-9ca3-2e3706520a55', false);
INSERT INTO art_ping.project_employee VALUES ('d34cc10b-8ad2-4378-888b-689f28d952cf', 'e12cdfed-afa7-45fc-a9a9-086753167bcc', '8a6f27db-c66a-4e27-9055-8440bd72a98f', false);
INSERT INTO art_ping.project_employee VALUES ('b19ab65a-6059-4316-ab3f-6b9c8d12c390', 'e12cdfed-afa7-45fc-a9a9-086753167bcc', 'a065a534-0162-4f8f-b178-2323c4b00c3a', false);
INSERT INTO art_ping.project_employee VALUES ('ca00a1bb-a84a-4e15-955e-0066af9ba499', 'e12cdfed-afa7-45fc-a9a9-086753167bcc', '06d7dbce-24ad-44d6-89f3-438d337d6ef4', false);
INSERT INTO art_ping.project_employee VALUES ('4347254f-0c79-47d5-8001-08f2b484b356', 'e12cdfed-afa7-45fc-a9a9-086753167bcc', 'accbdfd4-4054-49bf-9930-17db990d4af7', false);
INSERT INTO art_ping.project_employee VALUES ('c47912d9-b62a-4a49-bdbd-5c7498599657', 'e12cdfed-afa7-45fc-a9a9-086753167bcc', '784c5c93-5d6b-4a9e-bf92-21158a96f04a', false);
INSERT INTO art_ping.project_employee VALUES ('7f8a85d2-5a90-4d33-9def-87fcb7ee19d7', 'e12cdfed-afa7-45fc-a9a9-086753167bcc', 'da31df42-46d7-441b-9a2a-7ac8e563c02e', false);
INSERT INTO art_ping.project VALUES ('ea06f3ee-9b83-4eec-9ad4-3ff8beec2347', 'project149', true);
INSERT INTO art_ping.project_employee VALUES ('eabc5684-b2e4-4811-85a5-12a9aa524501', 'ea06f3ee-9b83-4eec-9ad4-3ff8beec2347', '07414fc9-cf25-4373-ac8a-8132e3fb40d9', false);
INSERT INTO art_ping.project_employee VALUES ('1fe4b4c2-c267-4e2d-b1cd-27b86c55ce9b', 'ea06f3ee-9b83-4eec-9ad4-3ff8beec2347', 'c9044c5e-a7bd-4a3e-a2dc-077e7b2dd274', false);
INSERT INTO art_ping.project_employee VALUES ('dcb31205-2fdb-4169-b73f-ea821cdceb24', 'ea06f3ee-9b83-4eec-9ad4-3ff8beec2347', '8ac9b53f-0bc0-4ae0-b54e-e11218c13f71', false);
INSERT INTO art_ping.project_employee VALUES ('39f83377-8365-40f0-9653-120208684eb1', 'ea06f3ee-9b83-4eec-9ad4-3ff8beec2347', '05d92b13-3f1e-4326-b4db-bb684357cfe5', false);
INSERT INTO art_ping.project VALUES ('4e50c048-5e16-4d99-8746-05e5787241fa', 'project150', true);
INSERT INTO art_ping.project_employee VALUES ('5dc73c20-9cb1-4e64-9ce3-2470efda1d21', '4e50c048-5e16-4d99-8746-05e5787241fa', '5d82c286-6349-49ee-a0c8-8ae17c01a3ea', false);
INSERT INTO art_ping.project_employee VALUES ('0361a140-cbf6-47b1-8b87-749f97dea0d5', '4e50c048-5e16-4d99-8746-05e5787241fa', '9866608c-4bcb-4214-bd85-81000287db57', false);
INSERT INTO art_ping.project_employee VALUES ('12935e7e-5a37-4165-8c66-adce7be47e62', '4e50c048-5e16-4d99-8746-05e5787241fa', '56d3098f-57a8-4e7c-871d-76887c62c528', false);
INSERT INTO art_ping.project_employee VALUES ('ad35cc61-e3ea-42fd-8c21-a94244982154', '4e50c048-5e16-4d99-8746-05e5787241fa', '451727d3-8e6f-4c5b-8513-1a3ff237e4fd', false);
INSERT INTO art_ping.project_employee VALUES ('ca20d2c7-c26a-4899-b56a-cddf0f5a1375', '4e50c048-5e16-4d99-8746-05e5787241fa', 'e4bd53af-629a-470c-b62f-59cec1997074', false);
INSERT INTO art_ping.project_employee VALUES ('3c34f683-c1ce-480b-89b2-b98d8a281470', '4e50c048-5e16-4d99-8746-05e5787241fa', '2a60de57-a87a-4f65-b5fc-47ec38b4bfa9', false);
INSERT INTO art_ping.project_employee VALUES ('998e249c-5986-4af8-b712-1d7f05e1ab75', '4e50c048-5e16-4d99-8746-05e5787241fa', '40d2a24a-edc8-46b7-ad6d-c36ca3b9007f', false);
INSERT INTO art_ping.project_employee VALUES ('9a2646aa-8768-48b5-b5ad-e9c246ab4c09', '4e50c048-5e16-4d99-8746-05e5787241fa', '4e83edd3-48d5-465e-9547-0f04d540e74e', false);
INSERT INTO art_ping.project_employee VALUES ('1e7ad0c7-1109-4fe5-a4b0-edd8f427bbca', '4e50c048-5e16-4d99-8746-05e5787241fa', 'e49676c5-405b-4493-b79a-d87c5138ccf9', false);
INSERT INTO art_ping.project_employee VALUES ('9fd9f94f-2ed7-4dc9-a721-44431139029c', '4e50c048-5e16-4d99-8746-05e5787241fa', 'f5a31b63-a644-4c75-9ada-c7cbd4725f43', false);
INSERT INTO art_ping.project_employee VALUES ('04bb57cc-9e97-4200-9ccb-a7b5e9db75d7', '4e50c048-5e16-4d99-8746-05e5787241fa', '375352c8-70c6-4a89-9ce3-1098a0bf225e', false);
INSERT INTO art_ping.project VALUES ('07a71afd-1fea-4589-a244-7c485c0e7cbb', 'project151', true);
INSERT INTO art_ping.project_employee VALUES ('ea27fc02-74f2-4091-a590-54c3252841f6', '07a71afd-1fea-4589-a244-7c485c0e7cbb', '09ca6ecb-a2ec-4bba-ab23-105b683004ba', false);
INSERT INTO art_ping.project_employee VALUES ('46e45d30-f6fb-460b-991b-17ed7026c6a4', '07a71afd-1fea-4589-a244-7c485c0e7cbb', 'a689a178-8e09-484d-8557-eb38c226482b', false);
INSERT INTO art_ping.project_employee VALUES ('f34a81b8-abbe-4202-a11c-dc4ae7cba46d', '07a71afd-1fea-4589-a244-7c485c0e7cbb', '3e851127-afa8-449b-8908-c7912137d368', false);
INSERT INTO art_ping.project VALUES ('6c84d373-a430-4389-9f4c-68855281325c', 'project152', true);
INSERT INTO art_ping.project_employee VALUES ('7fea7dea-1799-40c9-a9bd-182b4e90bac1', '6c84d373-a430-4389-9f4c-68855281325c', 'fc80d3d5-13f2-4802-9d0f-ed66529758da', false);
INSERT INTO art_ping.project_employee VALUES ('7131294b-a75a-439b-be10-ba1ff11230b8', '6c84d373-a430-4389-9f4c-68855281325c', '6a03c35a-cf52-4329-8505-46f823de9e34', false);
INSERT INTO art_ping.project_employee VALUES ('1817325a-9fdb-4c5b-a750-e975d58cd699', '6c84d373-a430-4389-9f4c-68855281325c', 'f36f6161-6920-456f-8932-312679f02ff0', false);
INSERT INTO art_ping.project_employee VALUES ('7d59ee5d-fd31-44a5-a81c-7d0d344324f4', '6c84d373-a430-4389-9f4c-68855281325c', '9156f9a1-04af-4de0-93d1-bea2aacb4812', false);
INSERT INTO art_ping.project_employee VALUES ('a0776aaa-cf09-4f32-ba3b-7c574a102be0', '6c84d373-a430-4389-9f4c-68855281325c', '41764999-aa9b-4509-a434-09e9393347d2', false);
INSERT INTO art_ping.project_employee VALUES ('0bcb6993-fe4f-4b2a-8ba2-52f55bbbee0e', '6c84d373-a430-4389-9f4c-68855281325c', '07414a26-6230-43e1-b495-bc1baa4a99ae', false);
INSERT INTO art_ping.project_employee VALUES ('b4c77d0e-9a50-491d-a128-49683c131f48', '6c84d373-a430-4389-9f4c-68855281325c', '208efbc5-2ee8-4096-9dd2-202236ed1b12', false);
INSERT INTO art_ping.project_employee VALUES ('fb9a5483-89ec-4de8-a29d-5e7aac8c307f', '6c84d373-a430-4389-9f4c-68855281325c', 'ab1f7d61-0802-4f98-b750-405e293c8568', false);
INSERT INTO art_ping.project_employee VALUES ('e15bd88f-416a-47aa-a8ce-e29f08ae7942', '6c84d373-a430-4389-9f4c-68855281325c', 'cd84573a-92dd-4a0e-9fd1-b907e05e7821', false);
INSERT INTO art_ping.project_employee VALUES ('b145dc8f-95ed-4454-9314-2a2728a9241b', '6c84d373-a430-4389-9f4c-68855281325c', '65745237-68de-4eac-ac96-8e7d8144be77', false);
INSERT INTO art_ping.project VALUES ('eb0b309c-6bc1-4816-b942-def503623086', 'project153', true);
INSERT INTO art_ping.project_employee VALUES ('edca7e74-3688-4953-9855-0124cf269b5d', 'eb0b309c-6bc1-4816-b942-def503623086', '19e4eb05-8946-4575-aafd-3595a8b8616d', false);
INSERT INTO art_ping.project_employee VALUES ('7fff2ead-03d1-487e-8765-a4df00f42acb', 'eb0b309c-6bc1-4816-b942-def503623086', '78d819f1-6b51-420c-8281-c8f1d401a50b', false);
INSERT INTO art_ping.project_employee VALUES ('c20e5658-9bea-4d30-9795-62fb72446b59', 'eb0b309c-6bc1-4816-b942-def503623086', '6dc96164-1a4e-4d40-a791-6e3eb28ece7f', false);
INSERT INTO art_ping.project_employee VALUES ('0d97961b-dd8f-4011-b407-3ccf34f20df9', 'eb0b309c-6bc1-4816-b942-def503623086', '7de2f33b-ac5c-4e79-9bc1-3e791251fa70', false);
INSERT INTO art_ping.project_employee VALUES ('ceb26043-7090-430e-8ad2-cd7e5aa28a3f', 'eb0b309c-6bc1-4816-b942-def503623086', '4242e906-afdd-451d-828a-ce35ca2d9931', false);
INSERT INTO art_ping.project_employee VALUES ('9e4caa82-ba53-44cf-93be-2f7d4c541cfd', 'eb0b309c-6bc1-4816-b942-def503623086', '3a895d1c-5604-455a-9461-0ec25d546b71', false);
INSERT INTO art_ping.project_employee VALUES ('1b3b24da-1afc-4dd8-9d36-66b8e3e8d323', 'eb0b309c-6bc1-4816-b942-def503623086', '7da4e3d4-baa4-43cf-8f8d-b2e0c29145ab', false);
INSERT INTO art_ping.project_employee VALUES ('cdc1be12-bb26-4c3f-907c-f00540ada479', 'eb0b309c-6bc1-4816-b942-def503623086', '7b03ab40-238a-488a-87a3-d3b19501196d', false);
INSERT INTO art_ping.project_employee VALUES ('9ab65de2-73f8-4259-aa01-8aad212f29e5', 'eb0b309c-6bc1-4816-b942-def503623086', '05d92b13-3f1e-4326-b4db-bb684357cfe5', false);
INSERT INTO art_ping.project_employee VALUES ('994251a5-8fcf-4269-ba9f-9ec95b0b922f', 'eb0b309c-6bc1-4816-b942-def503623086', 'cd84573a-92dd-4a0e-9fd1-b907e05e7821', false);
INSERT INTO art_ping.project_employee VALUES ('4333f2b9-af9f-4269-8708-e3aacfb8076d', 'eb0b309c-6bc1-4816-b942-def503623086', '231a2166-084a-45b7-b08c-0718eac0fdb3', false);
INSERT INTO art_ping.project_employee VALUES ('255fc9dc-563d-46ef-b9d0-3d0bf8961362', 'eb0b309c-6bc1-4816-b942-def503623086', 'f5a31b63-a644-4c75-9ada-c7cbd4725f43', false);
INSERT INTO art_ping.project_employee VALUES ('08dc36d0-15b6-4d28-aa6c-d3eecd886704', 'eb0b309c-6bc1-4816-b942-def503623086', '470e5ad9-7cf2-4629-9048-a8f17873018d', false);
INSERT INTO art_ping.project_employee VALUES ('114a0f15-d5ae-4b08-9385-36727b2cd10f', 'eb0b309c-6bc1-4816-b942-def503623086', '92bdf01e-cbbd-4d9f-88a5-c6fa0275dfae', false);
INSERT INTO art_ping.project_employee VALUES ('f3bb9762-9bdf-406d-a8e3-721781f32b6f', 'eb0b309c-6bc1-4816-b942-def503623086', '40d2a24a-edc8-46b7-ad6d-c36ca3b9007f', false);
INSERT INTO art_ping.project_employee VALUES ('7bd4337d-7936-4bb2-8081-78ad0825627d', 'eb0b309c-6bc1-4816-b942-def503623086', '53575704-25ba-4db4-ad32-e4be90469b7f', false);
INSERT INTO art_ping.project_employee VALUES ('a9af03fd-2e0a-4446-ad30-db82db1e7186', 'eb0b309c-6bc1-4816-b942-def503623086', 'c959b146-9b08-4010-b577-312bff98e991', false);
INSERT INTO art_ping.project_employee VALUES ('210c56b5-acdc-48bd-a53f-80960c814199', 'eb0b309c-6bc1-4816-b942-def503623086', 'efeedefd-d565-4b54-8acd-03ccf746e125', false);
INSERT INTO art_ping.project VALUES ('76ec1ad6-bfe0-4303-b9a4-99fe3617d8fc', 'project154', true);
INSERT INTO art_ping.project_employee VALUES ('c8632fe4-c8f2-4764-89e5-3e44d59c9826', '76ec1ad6-bfe0-4303-b9a4-99fe3617d8fc', 'a352156f-46ef-45ef-92b7-6ec0aada131d', false);
INSERT INTO art_ping.project_employee VALUES ('bbaeda20-7d9b-4408-9b80-7220ef541745', '76ec1ad6-bfe0-4303-b9a4-99fe3617d8fc', '96bfe1b1-0a7b-4aad-a8a7-692be088f174', false);
INSERT INTO art_ping.project_employee VALUES ('d4cb8efd-fadf-4316-8c73-7faf74121dc7', '76ec1ad6-bfe0-4303-b9a4-99fe3617d8fc', '49ca6af2-2766-489a-99af-6c617ccda1d4', false);
INSERT INTO art_ping.project_employee VALUES ('cf9a5006-0277-44fb-967a-12f41d067c13', '76ec1ad6-bfe0-4303-b9a4-99fe3617d8fc', '414e27b4-2843-4d3e-9eae-445e2f70e098', false);
INSERT INTO art_ping.project_employee VALUES ('177f5415-8fdf-4972-8b6b-9b37cc34dbaf', '76ec1ad6-bfe0-4303-b9a4-99fe3617d8fc', 'df693f88-209f-42b6-926e-457b8aeb2af9', false);
INSERT INTO art_ping.project_employee VALUES ('3759bb7f-3177-411a-8d4a-a3e9bf4bbcf0', '76ec1ad6-bfe0-4303-b9a4-99fe3617d8fc', '3aeaf27b-c564-4870-b039-4c7a21febc45', false);
INSERT INTO art_ping.project_employee VALUES ('789f83f2-cd5f-4abb-b196-96a533b354ca', '76ec1ad6-bfe0-4303-b9a4-99fe3617d8fc', '8470cf39-15e9-4877-b091-3c56b5faeddc', false);
INSERT INTO art_ping.project_employee VALUES ('1afa2eb5-2ad8-49e2-b258-1b919bdec5f4', '76ec1ad6-bfe0-4303-b9a4-99fe3617d8fc', '63649477-d30e-4cb7-8149-52bb5f796373', false);
INSERT INTO art_ping.project VALUES ('8826413c-7dab-4c4a-8661-7e172f1cbd29', 'project155', true);
INSERT INTO art_ping.project_employee VALUES ('2d34ab79-98ec-4165-8e4b-b2ec72792707', '8826413c-7dab-4c4a-8661-7e172f1cbd29', 'f43a4459-a7f1-4b14-bc6f-b3f1ec7cf13f', false);
INSERT INTO art_ping.project_employee VALUES ('bdde73aa-48c7-4186-a382-b834206afcbb', '8826413c-7dab-4c4a-8661-7e172f1cbd29', '8dc81c9e-ee1e-4c44-9e0f-2960dd77133d', false);
INSERT INTO art_ping.project_employee VALUES ('21de23df-11b6-4c39-8294-3e5769c7ae58', '8826413c-7dab-4c4a-8661-7e172f1cbd29', 'b1081430-b743-4952-9920-746536d9b39b', false);
INSERT INTO art_ping.project_employee VALUES ('9dbe6bb3-bce4-4db4-86f2-99cc7a2ea1d8', '8826413c-7dab-4c4a-8661-7e172f1cbd29', '998549e6-64c0-4eae-a2ce-e59c217f47bd', false);
INSERT INTO art_ping.project VALUES ('12ece180-613b-46ef-ace8-b6633160311e', 'project156', true);
INSERT INTO art_ping.project_employee VALUES ('8bd7bef8-6b90-4fea-8395-adb75df1fc5f', '12ece180-613b-46ef-ace8-b6633160311e', '64ff7b30-1b01-4f81-b183-4f9929bb9052', false);
INSERT INTO art_ping.project_employee VALUES ('a37f6216-5768-47fe-80b1-a22b1bce1e78', '12ece180-613b-46ef-ace8-b6633160311e', '1d33ab56-e783-4cbc-8752-7dfa72ae233b', false);
INSERT INTO art_ping.project_employee VALUES ('6f25f897-0669-4370-b607-3195c254971a', '12ece180-613b-46ef-ace8-b6633160311e', '414e27b4-2843-4d3e-9eae-445e2f70e098', false);
INSERT INTO art_ping.project_employee VALUES ('405a5382-d9ee-4e33-ac5d-41b83f2b6a24', '12ece180-613b-46ef-ace8-b6633160311e', 'f1390d56-a7f9-4ed6-a315-8e5d3128590e', false);
INSERT INTO art_ping.project_employee VALUES ('31c065ae-aaf6-47ff-9263-fd09e03f31ee', '12ece180-613b-46ef-ace8-b6633160311e', '41e3fc84-eeea-421d-9854-b26ad91df17a', false);
INSERT INTO art_ping.project_employee VALUES ('339c90b9-b493-4d32-8aad-6163edf71b8c', '12ece180-613b-46ef-ace8-b6633160311e', '4e83edd3-48d5-465e-9547-0f04d540e74e', false);
INSERT INTO art_ping.project_employee VALUES ('9eb1137c-9616-4907-9f0b-b44ecb250ca6', '12ece180-613b-46ef-ace8-b6633160311e', 'c657ade1-6670-4fa3-9858-1ffba5e72132', false);
INSERT INTO art_ping.project_employee VALUES ('36d370c7-19a7-4c0b-9631-230b0cbb0609', '12ece180-613b-46ef-ace8-b6633160311e', '2864a45e-6a73-493e-a9e5-f43029ae42a4', false);
INSERT INTO art_ping.project_employee VALUES ('d9f1cfbe-29cd-4f67-931e-2bdfeaa8c635', '12ece180-613b-46ef-ace8-b6633160311e', 'f8e292b6-2d14-45e4-bc4f-d69bcf6c60e5', false);
INSERT INTO art_ping.project_employee VALUES ('19b4e3b1-09a9-44f6-ba08-c9315d04512a', '12ece180-613b-46ef-ace8-b6633160311e', 'c2aa43c6-ee1b-4070-9e73-df2e101e2c95', false);
INSERT INTO art_ping.project_employee VALUES ('2a714643-7160-4290-bac4-d6191ab6b879', '12ece180-613b-46ef-ace8-b6633160311e', '9baeb07f-48a3-4fb6-b077-e978369263c8', false);
INSERT INTO art_ping.project_employee VALUES ('ff80af37-80c1-4483-ab61-e76c6bb4046a', '12ece180-613b-46ef-ace8-b6633160311e', '756395f5-9fae-40c4-9e47-6eea95e3894e', false);
INSERT INTO art_ping.project_employee VALUES ('a698163c-8a76-45fc-ae0e-59054512d475', '12ece180-613b-46ef-ace8-b6633160311e', '8470cf39-15e9-4877-b091-3c56b5faeddc', false);
INSERT INTO art_ping.project_employee VALUES ('3cff5efb-d24a-49e4-a5ef-5667d3ff8a5c', '12ece180-613b-46ef-ace8-b6633160311e', '59ecffe2-a78d-4d3b-a20e-5b1360fb1749', false);
INSERT INTO art_ping.project_employee VALUES ('4d960406-7a17-4d81-b9eb-b52363c61eb5', '12ece180-613b-46ef-ace8-b6633160311e', '410dc7a2-ecfe-4725-81f1-0977b2bf9883', false);
INSERT INTO art_ping.project_employee VALUES ('78e7ec96-2e4d-4844-8a68-cc9fbf43f33f', '12ece180-613b-46ef-ace8-b6633160311e', '98d503ac-1975-4d08-ac0d-26406ca592f6', false);
INSERT INTO art_ping.project_employee VALUES ('c29c2630-892b-4cf4-9f3b-eaa1009e93de', '12ece180-613b-46ef-ace8-b6633160311e', 'ffb3f67e-7363-44b6-99e6-a38eca629edb', false);
INSERT INTO art_ping.project_employee VALUES ('1fedcc65-7016-4e28-8788-da4e37674aa4', '12ece180-613b-46ef-ace8-b6633160311e', 'c97dbc09-c6ae-491b-9a16-b3b5ab235543', false);
INSERT INTO art_ping.project VALUES ('28938a7a-5fe3-4320-811e-b97f1df6bbef', 'project157', true);
INSERT INTO art_ping.project_employee VALUES ('e98c52b5-158f-4584-ba09-a09f0e994ee8', '28938a7a-5fe3-4320-811e-b97f1df6bbef', 'ce2fcf8b-9221-4c2e-b4f5-a4a8d891af42', false);
INSERT INTO art_ping.project_employee VALUES ('dcdaafdf-3dc1-48f3-a348-691eb4aa55b7', '28938a7a-5fe3-4320-811e-b97f1df6bbef', 'b296d2b6-dc0c-494a-aa45-bbf06ca44a27', false);
INSERT INTO art_ping.project_employee VALUES ('ea5a946e-fff9-4208-accb-5de09d3319e2', '28938a7a-5fe3-4320-811e-b97f1df6bbef', 'c1c408a4-5c48-45b6-acee-bab5fb93950a', false);
INSERT INTO art_ping.project_employee VALUES ('3c51bb06-51c1-41e7-8b5b-97c85353388a', '28938a7a-5fe3-4320-811e-b97f1df6bbef', '484d8b7f-a858-49e0-88a5-9e45a14c5cd4', false);
INSERT INTO art_ping.project_employee VALUES ('d4fae262-0fdc-4440-9426-5244c2ca2fc2', '28938a7a-5fe3-4320-811e-b97f1df6bbef', '8c0aa537-18de-454b-9b44-889e04071437', false);
INSERT INTO art_ping.project_employee VALUES ('d59f45ab-88f5-46c6-a438-82ee52becaa7', '28938a7a-5fe3-4320-811e-b97f1df6bbef', 'e8f306b1-80f2-41f6-a4a3-2dbb11e01e25', false);
INSERT INTO art_ping.project_employee VALUES ('95fd76cb-9ea7-40f6-b36c-296760fcec60', '28938a7a-5fe3-4320-811e-b97f1df6bbef', 'bd5f4072-4756-47cd-8cdd-b3863b8a3be4', false);
INSERT INTO art_ping.project_employee VALUES ('d6708732-1ab5-4c4e-b9b2-5ae4c0c2013e', '28938a7a-5fe3-4320-811e-b97f1df6bbef', 'ce38fb77-90e4-469d-9e4b-2164de440b56', false);
INSERT INTO art_ping.project_employee VALUES ('0468eb75-0803-4fbe-ae22-3482c42a2e16', '28938a7a-5fe3-4320-811e-b97f1df6bbef', '18ebec9b-6d09-4fa5-b6d7-817998f8dea7', false);
INSERT INTO art_ping.project_employee VALUES ('58072b00-aa42-4dc0-836f-223a2111e235', '28938a7a-5fe3-4320-811e-b97f1df6bbef', 'c081cb8c-ccec-4887-aae1-0d25f16eeea7', false);
INSERT INTO art_ping.project_employee VALUES ('75591d58-458b-4526-8d21-2655a34ca9e8', '28938a7a-5fe3-4320-811e-b97f1df6bbef', 'd4e0fce8-0226-4516-afa3-243214ffa105', false);
INSERT INTO art_ping.project VALUES ('533153b8-3b0f-49d6-8b73-9b4681ab30a3', 'project158', true);
INSERT INTO art_ping.project_employee VALUES ('67391699-bfd6-4029-999e-18fb3fc989da', '533153b8-3b0f-49d6-8b73-9b4681ab30a3', '903273c9-ca49-4a1c-a336-2f1e04d6b29b', false);
INSERT INTO art_ping.project_employee VALUES ('57de48c4-0caa-452b-b15b-6de3dafc64f5', '533153b8-3b0f-49d6-8b73-9b4681ab30a3', 'a8b9309e-c214-4c4d-ae3a-0e27045efb35', false);
INSERT INTO art_ping.project_employee VALUES ('1587183b-c40a-42fd-a664-1a2ec0bf753f', '533153b8-3b0f-49d6-8b73-9b4681ab30a3', '87bdf85f-ffd8-492a-bf8b-60745059aea1', false);
INSERT INTO art_ping.project_employee VALUES ('3b5e71db-2da1-4776-ae74-3cfff7e8cc3f', '533153b8-3b0f-49d6-8b73-9b4681ab30a3', '471a103a-faff-493e-8d0a-299e388cbb2d', false);
INSERT INTO art_ping.project_employee VALUES ('5bc6b89a-414d-4e85-aca2-e864524b0072', '533153b8-3b0f-49d6-8b73-9b4681ab30a3', '1c318b7f-c458-40ae-b54a-bc48195c94cb', false);
INSERT INTO art_ping.project_employee VALUES ('cb3ff2f6-3a09-492c-a7b6-ba85941d121c', '533153b8-3b0f-49d6-8b73-9b4681ab30a3', '17a42ec3-3aa2-4783-91f1-8c039ee36acb', false);
INSERT INTO art_ping.project_employee VALUES ('10ab8de5-9433-4219-b10d-ba9278e8268a', '533153b8-3b0f-49d6-8b73-9b4681ab30a3', '59ecffe2-a78d-4d3b-a20e-5b1360fb1749', false);
INSERT INTO art_ping.project_employee VALUES ('fd62d494-ecd6-4066-b32a-791cbc5dc03d', '533153b8-3b0f-49d6-8b73-9b4681ab30a3', '28e651f7-f623-4b66-9015-759ca6dec68a', false);
INSERT INTO art_ping.project_employee VALUES ('6bcdf73b-1a6d-460d-9185-7b1fca51e137', '533153b8-3b0f-49d6-8b73-9b4681ab30a3', '0601a295-8576-48de-9b2b-bde2f46b6b24', false);
INSERT INTO art_ping.project_employee VALUES ('7587a0b0-e84f-48eb-b7e3-91ff899402cf', '533153b8-3b0f-49d6-8b73-9b4681ab30a3', '154b73f8-e56f-42af-8131-08d4912597c8', false);
INSERT INTO art_ping.project_employee VALUES ('bf9dcb84-6c81-4a9a-ab79-b812b49e7721', '533153b8-3b0f-49d6-8b73-9b4681ab30a3', 'a8cabb54-2ebd-46a6-aa94-cac081ddd297', false);
INSERT INTO art_ping.project_employee VALUES ('79b20ec1-f29d-4e65-9e4a-c7dac88cc41a', '533153b8-3b0f-49d6-8b73-9b4681ab30a3', '06da6f43-6210-4a2a-b6c3-5fa7d00dfe3a', false);
INSERT INTO art_ping.project VALUES ('5bbf0c20-dc59-4523-b650-0ef2a086ef35', 'project159', true);
INSERT INTO art_ping.project_employee VALUES ('4bcab7a8-4f67-4fea-a35f-c19edcaa91bc', '5bbf0c20-dc59-4523-b650-0ef2a086ef35', 'e624598c-6a5f-41d2-bab6-db6319e50259', false);
INSERT INTO art_ping.project_employee VALUES ('4c64d0bc-a7d7-4760-9630-644e1cbe22e7', '5bbf0c20-dc59-4523-b650-0ef2a086ef35', '5d82c286-6349-49ee-a0c8-8ae17c01a3ea', false);
INSERT INTO art_ping.project_employee VALUES ('adcd55d1-ed4f-4b95-b53c-0bfd25b755d0', '5bbf0c20-dc59-4523-b650-0ef2a086ef35', 'df693f88-209f-42b6-926e-457b8aeb2af9', false);
INSERT INTO art_ping.project_employee VALUES ('df8baee1-aa3f-4b3d-8a5b-642fc72434e8', '5bbf0c20-dc59-4523-b650-0ef2a086ef35', 'f1390d56-a7f9-4ed6-a315-8e5d3128590e', false);
INSERT INTO art_ping.project_employee VALUES ('fa35ed10-0c63-4201-9903-64dc861cf681', '5bbf0c20-dc59-4523-b650-0ef2a086ef35', '4c4a348d-fd13-47ff-84c6-591e8868d798', false);
INSERT INTO art_ping.project_employee VALUES ('32c68854-4002-4ce8-8c4d-6719b15c19aa', '5bbf0c20-dc59-4523-b650-0ef2a086ef35', 'f8ddfe9e-d9ac-41ad-a3f4-fe2cf81862c6', false);
INSERT INTO art_ping.project_employee VALUES ('99081613-4f4f-49c3-9c84-e75753abface', '5bbf0c20-dc59-4523-b650-0ef2a086ef35', 'd15ec44e-6635-478c-af0f-f55a63b8a9d3', false);
INSERT INTO art_ping.project_employee VALUES ('226a1937-bfe2-4ef6-badc-720fb98513a4', '5bbf0c20-dc59-4523-b650-0ef2a086ef35', '6ea9e0cd-7d8b-4673-b90c-8aec9bfba868', false);
INSERT INTO art_ping.project_employee VALUES ('76fee411-9ae7-45ee-8416-600508b43ca6', '5bbf0c20-dc59-4523-b650-0ef2a086ef35', 'd13bf3ab-0c22-427c-98a6-97b733ab7813', false);
INSERT INTO art_ping.project_employee VALUES ('9d5ba5ac-9bf1-4eed-b0a2-59bc96988da5', '5bbf0c20-dc59-4523-b650-0ef2a086ef35', 'ad128cfd-07db-4120-8966-1b8f5eb8c861', false);
INSERT INTO art_ping.project_employee VALUES ('a121715c-bf60-42a1-9c8e-34f3349654dc', '5bbf0c20-dc59-4523-b650-0ef2a086ef35', '6bdd5fb0-1d5e-429c-9e42-64d6218babb4', false);
INSERT INTO art_ping.project_employee VALUES ('85fa0754-854d-4e04-9cee-81a874018883', '5bbf0c20-dc59-4523-b650-0ef2a086ef35', '8e42298b-4598-4e97-90dd-e2a2a7ff6b9f', false);
INSERT INTO art_ping.project VALUES ('184683ff-4c79-4c3e-a7fd-ae6bdced5c2d', 'project160', true);
INSERT INTO art_ping.project_employee VALUES ('f19e88e6-b2a4-4e79-a4e2-4c2113edddb5', '184683ff-4c79-4c3e-a7fd-ae6bdced5c2d', 'a065a534-0162-4f8f-b178-2323c4b00c3a', false);
INSERT INTO art_ping.project_employee VALUES ('463b47fa-61e7-44bc-bd06-1655913f7b11', '184683ff-4c79-4c3e-a7fd-ae6bdced5c2d', 'e07742a4-107c-4c77-8d37-aaa5d771ca3e', false);
INSERT INTO art_ping.project_employee VALUES ('4baec874-e11e-41d2-b57c-47cd98240b9a', '184683ff-4c79-4c3e-a7fd-ae6bdced5c2d', '71b9601a-d1b9-401d-b260-35ca929bbeec', false);
INSERT INTO art_ping.project VALUES ('c89a6d41-cdd4-47a6-8d1f-41bf9077ae87', 'project161', true);
INSERT INTO art_ping.project_employee VALUES ('46a98d9c-c257-42fe-9f2e-81c7919abacc', 'c89a6d41-cdd4-47a6-8d1f-41bf9077ae87', 'e2b5b5af-bea7-4210-8c26-9fdbf97d7207', false);
INSERT INTO art_ping.project_employee VALUES ('2871e83c-9436-477c-83f4-6334009d7007', 'c89a6d41-cdd4-47a6-8d1f-41bf9077ae87', 'eb78dfd4-d641-4376-bcd5-c5bd54db3aaf', false);
INSERT INTO art_ping.project_employee VALUES ('cf95c991-197a-4ccc-8da1-0661dee9df76', 'c89a6d41-cdd4-47a6-8d1f-41bf9077ae87', 'ccd5828e-2daa-4dbe-8c87-a5b5722653cb', false);
INSERT INTO art_ping.project_employee VALUES ('9269cd88-5c7d-4380-83db-152733734cbd', 'c89a6d41-cdd4-47a6-8d1f-41bf9077ae87', 'ca0da76d-74ec-4bd0-b2b7-83fa512b3234', false);
INSERT INTO art_ping.project_employee VALUES ('1a2c168f-f25b-44f8-9488-efefad1d6a1b', 'c89a6d41-cdd4-47a6-8d1f-41bf9077ae87', '6fed8a40-b2d0-4cbf-b7e3-0daeaafa3af8', false);
INSERT INTO art_ping.project_employee VALUES ('28790897-677f-406b-a6a1-75c57329144a', 'c89a6d41-cdd4-47a6-8d1f-41bf9077ae87', '6e22ba74-d2f9-415e-8ddf-cd40f6b42f5f', false);
INSERT INTO art_ping.project_employee VALUES ('eeb55a85-dbc4-4bad-886b-d812c8956612', 'c89a6d41-cdd4-47a6-8d1f-41bf9077ae87', 'c180acf8-56d0-4a0c-a171-514360652673', false);
INSERT INTO art_ping.project_employee VALUES ('83e1b8f9-3cfe-403d-8c8a-5a0ff8134c37', 'c89a6d41-cdd4-47a6-8d1f-41bf9077ae87', '41e3fc84-eeea-421d-9854-b26ad91df17a', false);
INSERT INTO art_ping.project_employee VALUES ('665eaee2-9ff0-4261-a6a3-30facddc3941', 'c89a6d41-cdd4-47a6-8d1f-41bf9077ae87', '6e9c30a5-27da-42df-89e5-72b9f24a751f', false);
INSERT INTO art_ping.project VALUES ('4b980b18-d2c2-45e8-8846-12934e7e5db3', 'project162', true);
INSERT INTO art_ping.project_employee VALUES ('6372de89-1e7b-41bb-88e0-64d51588a519', '4b980b18-d2c2-45e8-8846-12934e7e5db3', '3bd6d5b0-006e-4c3b-b5aa-34554eb0c35c', false);
INSERT INTO art_ping.project_employee VALUES ('8c5d7a22-36e2-4271-8f83-c654413fbb2b', '4b980b18-d2c2-45e8-8846-12934e7e5db3', '6d24c921-23fe-4984-915f-d82336434a9c', false);
INSERT INTO art_ping.project_employee VALUES ('57c5d76b-c2fc-4f44-a5bc-0564c26081a0', '4b980b18-d2c2-45e8-8846-12934e7e5db3', '471a103a-faff-493e-8d0a-299e388cbb2d', false);
INSERT INTO art_ping.project_employee VALUES ('d22f642a-a107-41e7-acdd-d7de2e354320', '4b980b18-d2c2-45e8-8846-12934e7e5db3', '49ca6af2-2766-489a-99af-6c617ccda1d4', false);
INSERT INTO art_ping.project_employee VALUES ('1a864f4b-7596-4f10-9fea-c5af99916444', '4b980b18-d2c2-45e8-8846-12934e7e5db3', '3caacf5d-2a9e-4b36-8fa2-b3a5303147fa', false);
INSERT INTO art_ping.project_employee VALUES ('40c92f03-8ba9-4f67-a395-d9b47b6a2624', '4b980b18-d2c2-45e8-8846-12934e7e5db3', '57c9a6f6-2544-456e-9146-9ae136ae6298', false);
INSERT INTO art_ping.project_employee VALUES ('3f9dc0eb-dd93-44aa-bf5f-c2630436286a', '4b980b18-d2c2-45e8-8846-12934e7e5db3', '6fed8a40-b2d0-4cbf-b7e3-0daeaafa3af8', false);
INSERT INTO art_ping.project_employee VALUES ('a99c2f05-d9d9-4956-9484-a8358f93db6b', '4b980b18-d2c2-45e8-8846-12934e7e5db3', '5bc5bbd9-9363-4d71-87cc-e15211542342', false);
INSERT INTO art_ping.project_employee VALUES ('59ca5e60-aa81-4fa2-881e-8aa28e831260', '4b980b18-d2c2-45e8-8846-12934e7e5db3', 'ad0d0703-f6d8-411c-bb37-9af9e69c382c', false);
INSERT INTO art_ping.project_employee VALUES ('df513126-c24e-447f-bf5a-758c1f91b750', '4b980b18-d2c2-45e8-8846-12934e7e5db3', 'ab1f7d61-0802-4f98-b750-405e293c8568', false);
INSERT INTO art_ping.project VALUES ('49100a16-f651-4474-b748-8ed6b4bb3f12', 'project163', true);
INSERT INTO art_ping.project_employee VALUES ('fd9b8001-e76b-41b3-a69e-9c3c09e945c9', '49100a16-f651-4474-b748-8ed6b4bb3f12', '7905529c-f0e5-4be5-8397-a2b43235b328', false);
INSERT INTO art_ping.project_employee VALUES ('9f4d681b-e8e0-4ac2-abe3-899c5764a4bd', '49100a16-f651-4474-b748-8ed6b4bb3f12', '1543d3c6-f208-43c7-9f8c-5ad4b647f75d', false);
INSERT INTO art_ping.project_employee VALUES ('5cd8b4b0-79e7-41ab-8ae9-900c565e0a93', '49100a16-f651-4474-b748-8ed6b4bb3f12', 'c65c9dc4-e47e-4ab0-b4ea-9762e95d0a50', false);
INSERT INTO art_ping.project_employee VALUES ('d43afc3b-c664-4ece-9418-f67c63b1c337', '49100a16-f651-4474-b748-8ed6b4bb3f12', '8978b820-3832-4eb8-9d16-1359d70a5f41', false);
INSERT INTO art_ping.project_employee VALUES ('796dabe9-1eda-465b-936e-830861cfc383', '49100a16-f651-4474-b748-8ed6b4bb3f12', '813ef695-83a8-47f0-b648-96a0707d6d60', false);
INSERT INTO art_ping.project_employee VALUES ('f0692e7b-5e9a-405f-9e3f-0d405de97ba7', '49100a16-f651-4474-b748-8ed6b4bb3f12', '270ca6a3-8e4a-4a86-a0ef-abef0bab46ed', false);
INSERT INTO art_ping.project_employee VALUES ('301d7570-85a9-4732-b4e8-fc2007da9eb8', '49100a16-f651-4474-b748-8ed6b4bb3f12', '6fed8a40-b2d0-4cbf-b7e3-0daeaafa3af8', false);
INSERT INTO art_ping.project_employee VALUES ('2849e28d-cd69-44b7-be86-7646a02f591e', '49100a16-f651-4474-b748-8ed6b4bb3f12', 'a9d41662-5fbc-48d6-af6d-70bd1ccbf684', false);
INSERT INTO art_ping.project_employee VALUES ('8f55e28c-ad38-4e36-a69e-31a6057cf480', '49100a16-f651-4474-b748-8ed6b4bb3f12', '18b42934-149a-4696-9c71-76c8ce5b59d5', false);
INSERT INTO art_ping.project_employee VALUES ('aa055f63-7e98-46ec-88ca-ae0eafc79671', '49100a16-f651-4474-b748-8ed6b4bb3f12', 'e2cbc43f-e345-4842-916d-24dcef62f0b1', false);
INSERT INTO art_ping.project VALUES ('a4d48922-3203-4133-8be8-63920d1ee437', 'project164', true);
INSERT INTO art_ping.project_employee VALUES ('f9990f8e-bd06-4d74-8dc6-1a9254e5173f', 'a4d48922-3203-4133-8be8-63920d1ee437', 'a5c55288-cba6-44c0-a078-d34a51694cb8', false);
INSERT INTO art_ping.project_employee VALUES ('7ff95772-1b99-4438-9e0b-8ad22270cbde', 'a4d48922-3203-4133-8be8-63920d1ee437', '1726d11a-8c45-4b86-86c8-eaee90e0f42a', false);
INSERT INTO art_ping.project_employee VALUES ('225f90bb-3ca0-4154-b466-a261368fde82', 'a4d48922-3203-4133-8be8-63920d1ee437', '59d70d6e-db9e-4dc5-9acd-55d2b3a8aa95', false);
INSERT INTO art_ping.project_employee VALUES ('d9c075f3-dec2-4312-80bd-2831cb4daf25', 'a4d48922-3203-4133-8be8-63920d1ee437', '8978b820-3832-4eb8-9d16-1359d70a5f41', false);
INSERT INTO art_ping.project_employee VALUES ('a59a596f-6ffe-4aa3-9cca-74248091354b', 'a4d48922-3203-4133-8be8-63920d1ee437', 'ad5c3500-572d-4e3c-84ce-abbf11468475', false);
INSERT INTO art_ping.project_employee VALUES ('d1f30c2d-4483-4d4a-9972-f2782ee9ce03', 'a4d48922-3203-4133-8be8-63920d1ee437', '58c8f386-8e2b-4f49-8f0a-cdec23fc0dd2', false);
INSERT INTO art_ping.project_employee VALUES ('d5d11130-c13b-4d72-9724-e5bd821da318', 'a4d48922-3203-4133-8be8-63920d1ee437', 'e8fa1518-3191-4982-992e-6e1f22ae0d0b', false);
INSERT INTO art_ping.project_employee VALUES ('2c82a53c-54da-4a81-9cdb-5c3812e4d614', 'a4d48922-3203-4133-8be8-63920d1ee437', 'bb139bc0-e654-4063-973a-815c4683bbb9', false);
INSERT INTO art_ping.project_employee VALUES ('e59fa59d-c2e1-437a-8aba-a607ec56b461', 'a4d48922-3203-4133-8be8-63920d1ee437', '702949cd-8d49-414c-a7c6-d4966977798f', false);
INSERT INTO art_ping.project_employee VALUES ('3626b8ab-1a6d-4e29-b975-68e534f60eb8', 'a4d48922-3203-4133-8be8-63920d1ee437', '3f6ab95e-9529-4932-996b-26b5494d8518', false);
INSERT INTO art_ping.project_employee VALUES ('8e362795-6ebb-405f-9af2-d44d2de077a2', 'a4d48922-3203-4133-8be8-63920d1ee437', '98d503ac-1975-4d08-ac0d-26406ca592f6', false);
INSERT INTO art_ping.project_employee VALUES ('cd5459c9-05d0-482f-b610-13c6a3097ef6', 'a4d48922-3203-4133-8be8-63920d1ee437', '937be2c6-bbe6-4f14-acfe-d630f8314d93', false);
INSERT INTO art_ping.project VALUES ('f7a824ac-a4de-4297-8fd6-80788417fadc', 'project165', true);
INSERT INTO art_ping.project_employee VALUES ('bcde7c55-5cf6-4997-8fb8-510d586d0bc1', 'f7a824ac-a4de-4297-8fd6-80788417fadc', 'b8057b88-4972-4f3c-8d60-b2820094783d', false);
INSERT INTO art_ping.project_employee VALUES ('7f203283-cc93-4092-b3f4-8f13ceccb3ff', 'f7a824ac-a4de-4297-8fd6-80788417fadc', 'e118eaff-ea44-4548-8941-28b1cb9ffd3a', false);
INSERT INTO art_ping.project_employee VALUES ('4455f060-13a0-4a60-8ca5-4ef28be25d41', 'f7a824ac-a4de-4297-8fd6-80788417fadc', '3c6e0c9f-5628-4b52-8dd3-51073cb3b3e0', false);
INSERT INTO art_ping.project_employee VALUES ('b16b49f0-16f6-484d-b967-03219de6d32f', 'f7a824ac-a4de-4297-8fd6-80788417fadc', 'e244ae14-7e73-4465-8068-62da4a118288', false);
INSERT INTO art_ping.project_employee VALUES ('20c0f541-ba3a-4151-8bd5-11c3a4ae4247', 'f7a824ac-a4de-4297-8fd6-80788417fadc', '6621bca0-b3a1-4a35-83bb-4f9d389b67d7', false);
INSERT INTO art_ping.project_employee VALUES ('c23d8556-04bb-4e16-b594-4a3e39f768bb', 'f7a824ac-a4de-4297-8fd6-80788417fadc', 'df693f88-209f-42b6-926e-457b8aeb2af9', false);
INSERT INTO art_ping.project_employee VALUES ('107e62dd-5739-4e37-9a73-29babbcb0390', 'f7a824ac-a4de-4297-8fd6-80788417fadc', 'ba4e3b46-f8fe-441f-92e9-024868b9fe19', false);
INSERT INTO art_ping.project_employee VALUES ('800eee3b-3d1f-45cc-94d4-265897318c9f', 'f7a824ac-a4de-4297-8fd6-80788417fadc', 'ae0a4142-3fb8-41c4-a80a-56ad29240937', false);
INSERT INTO art_ping.project_employee VALUES ('73fc5c39-8828-4292-b9c2-0375bc39e1ec', 'f7a824ac-a4de-4297-8fd6-80788417fadc', 'a5c55288-cba6-44c0-a078-d34a51694cb8', false);
INSERT INTO art_ping.project_employee VALUES ('6b5d66fd-b7a0-4a28-ac53-c14719e7648d', 'f7a824ac-a4de-4297-8fd6-80788417fadc', '720c96be-e9a2-427b-9798-a2875c823a86', false);
INSERT INTO art_ping.project_employee VALUES ('344cf7d8-d70e-46fe-b670-5571822f7135', 'f7a824ac-a4de-4297-8fd6-80788417fadc', 'da7fe6a8-3541-4b03-8804-056261fc2bd8', false);
INSERT INTO art_ping.project_employee VALUES ('741716ac-f23c-4676-91bb-4188ba22e236', 'f7a824ac-a4de-4297-8fd6-80788417fadc', '34c4844f-74cd-480a-8c3a-696b6ae60e22', false);
INSERT INTO art_ping.project_employee VALUES ('0c5d70ac-f5b5-4198-a8cb-1f33524050a0', 'f7a824ac-a4de-4297-8fd6-80788417fadc', '51ad0527-e8f3-4c49-aaf2-438e268dfc29', false);
INSERT INTO art_ping.project_employee VALUES ('40d06014-f0ed-4fd8-8841-1d00b5c56b81', 'f7a824ac-a4de-4297-8fd6-80788417fadc', '0f26d3c4-fc4c-42b1-b31e-2c7daab08eb1', false);
INSERT INTO art_ping.project_employee VALUES ('63eb4a54-3c0c-4173-8d47-58a6f72469c0', 'f7a824ac-a4de-4297-8fd6-80788417fadc', '5fca0cc8-1e0c-4817-9607-8cccf8d8c202', false);
INSERT INTO art_ping.project_employee VALUES ('b61390bb-66b5-4a59-aead-045197149e54', 'f7a824ac-a4de-4297-8fd6-80788417fadc', '010af88c-89e4-41b4-90d2-fdd9be0641f0', false);
INSERT INTO art_ping.project VALUES ('d6840f06-4c30-4188-ba27-f360c8db6d7a', 'project166', true);
INSERT INTO art_ping.project_employee VALUES ('7ebd8d01-92c0-4620-b62d-8077fe90960d', 'd6840f06-4c30-4188-ba27-f360c8db6d7a', 'f959a1d8-f0fe-472a-869a-6d5e59673f3f', false);
INSERT INTO art_ping.project_employee VALUES ('fd480f2c-183d-4903-be9d-bdfa6f580070', 'd6840f06-4c30-4188-ba27-f360c8db6d7a', '3445bdb6-72e9-4dc4-ad8a-508eecf56808', false);
INSERT INTO art_ping.project_employee VALUES ('f7ba2c6e-3a28-431b-9769-f7b86341d36e', 'd6840f06-4c30-4188-ba27-f360c8db6d7a', '6e22ba74-d2f9-415e-8ddf-cd40f6b42f5f', false);
INSERT INTO art_ping.project_employee VALUES ('333be1a1-24ab-4290-a59a-c99f32511cf5', 'd6840f06-4c30-4188-ba27-f360c8db6d7a', '41764999-aa9b-4509-a434-09e9393347d2', false);
INSERT INTO art_ping.project_employee VALUES ('3b945f76-9550-4dc3-81b4-787e268833f2', 'd6840f06-4c30-4188-ba27-f360c8db6d7a', 'a1d05cee-811f-4a34-8cba-326090f3ec2c', false);
INSERT INTO art_ping.project_employee VALUES ('74ec7249-5dda-4eae-9cb5-aea10224450b', 'd6840f06-4c30-4188-ba27-f360c8db6d7a', '4a603d7c-7db7-4939-a25c-d579ef352137', false);
INSERT INTO art_ping.project VALUES ('25ab804b-d049-4c49-ac61-9a27d328860a', 'project167', true);
INSERT INTO art_ping.project_employee VALUES ('51d83a73-d4d1-458c-a75f-367e7d0061ad', '25ab804b-d049-4c49-ac61-9a27d328860a', 'd4f81a01-d8a8-4620-9fa0-a863ffc0d9d7', false);
INSERT INTO art_ping.project_employee VALUES ('7f279e95-fc37-42af-8bdd-947b7f2ccf10', '25ab804b-d049-4c49-ac61-9a27d328860a', '96d379a2-8d90-4c59-b1b0-4f6fc45acaeb', false);
INSERT INTO art_ping.project_employee VALUES ('cc460efb-c9a5-497e-a6a6-a19ca313ee3a', '25ab804b-d049-4c49-ac61-9a27d328860a', '4cdf619d-8a5b-4bfc-9feb-30cce1470f9b', false);
INSERT INTO art_ping.project_employee VALUES ('46024071-da59-4b6d-9079-7420c6967b71', '25ab804b-d049-4c49-ac61-9a27d328860a', '683a6a5f-6718-486b-9736-ad722ff6570d', false);
INSERT INTO art_ping.project_employee VALUES ('01a44b64-850d-480f-8e64-8b26188c6fb6', '25ab804b-d049-4c49-ac61-9a27d328860a', 'ad0d0703-f6d8-411c-bb37-9af9e69c382c', false);
INSERT INTO art_ping.project_employee VALUES ('d0d39101-e560-40f6-808b-08f274a8fde2', '25ab804b-d049-4c49-ac61-9a27d328860a', 'b1f82042-7404-42c8-b6b7-fe92c637e47b', false);
INSERT INTO art_ping.project_employee VALUES ('9733c63f-e73e-4f87-a2e3-d6bc57c6f154', '25ab804b-d049-4c49-ac61-9a27d328860a', '0102be80-9dbd-4f3b-a044-a315c9de6c8b', false);
INSERT INTO art_ping.project VALUES ('2e9e6f68-17ba-41d1-801f-e92249403324', 'project168', true);
INSERT INTO art_ping.project_employee VALUES ('0f4e56db-dd16-41cd-a0e3-fddcd9b725cf', '2e9e6f68-17ba-41d1-801f-e92249403324', 'ff381683-f441-4456-b183-eadff5e6641e', false);
INSERT INTO art_ping.project_employee VALUES ('16b68d78-2a53-46e9-90d6-4af8adc737ce', '2e9e6f68-17ba-41d1-801f-e92249403324', 'f3f69d81-b3db-423b-878e-85dc10b96e97', false);
INSERT INTO art_ping.project_employee VALUES ('badc7aaf-b09d-4362-b9da-107efd6955e8', '2e9e6f68-17ba-41d1-801f-e92249403324', 'c4a23d0a-4a7e-402d-bbe4-511d102e4648', false);
INSERT INTO art_ping.project_employee VALUES ('6809348d-f0b8-48c7-a150-5b975d5cae7a', '2e9e6f68-17ba-41d1-801f-e92249403324', '6f72e149-282d-4937-90ea-ff1fd12e9bed', false);
INSERT INTO art_ping.project_employee VALUES ('c1491213-1ad3-4223-8603-68ea25adc755', '2e9e6f68-17ba-41d1-801f-e92249403324', '19116dfb-4faf-46d5-af4c-f421b1dd04ec', false);
INSERT INTO art_ping.project_employee VALUES ('4796eac7-8230-4d22-9b3c-5eb218c22795', '2e9e6f68-17ba-41d1-801f-e92249403324', '10724f0c-543d-44d0-b03a-b5c36b854f6d', false);
INSERT INTO art_ping.project_employee VALUES ('1889d46e-0a9a-4b07-bfc3-aa5ce4e5a664', '2e9e6f68-17ba-41d1-801f-e92249403324', '40e34d7c-93aa-4eab-b373-5b649e14430a', false);
INSERT INTO art_ping.project_employee VALUES ('a17ab855-102e-4cf5-947a-04fc07f8d73c', '2e9e6f68-17ba-41d1-801f-e92249403324', '7935e512-2d6f-486f-96f6-3209b563c670', false);
INSERT INTO art_ping.project_employee VALUES ('9945fde9-5276-4dde-b098-b7028c300346', '2e9e6f68-17ba-41d1-801f-e92249403324', '318db25a-3b1d-4fa4-ad56-98a5dcd56271', false);
INSERT INTO art_ping.project_employee VALUES ('5cf8256f-3609-44d1-8ed6-73f4db08df94', '2e9e6f68-17ba-41d1-801f-e92249403324', '3d9ac511-8d2a-40ec-aa7a-043b6a736119', false);
INSERT INTO art_ping.project_employee VALUES ('44bef7bf-97e9-4d36-9831-eeba26149e39', '2e9e6f68-17ba-41d1-801f-e92249403324', 'fde5fdd7-8bbd-446b-a01f-b2b4978514a3', false);
INSERT INTO art_ping.project_employee VALUES ('7e7bb1f4-03e8-4260-9d93-e8c818cb1ca3', '2e9e6f68-17ba-41d1-801f-e92249403324', 'fd7b6a3a-b275-4e81-bf15-2ac247b46cd6', false);
INSERT INTO art_ping.project_employee VALUES ('87929f34-d57b-4046-9dc6-f20db07642d0', '2e9e6f68-17ba-41d1-801f-e92249403324', 'e49676c5-405b-4493-b79a-d87c5138ccf9', false);
INSERT INTO art_ping.project_employee VALUES ('175be576-861a-4dc6-a8c2-1048696b5d16', '2e9e6f68-17ba-41d1-801f-e92249403324', 'ca80f43d-5268-431a-9be9-598b85e5fbd0', false);
INSERT INTO art_ping.project VALUES ('3731b2c0-a8e8-4931-8da4-b07d350a42f3', 'project169', true);
INSERT INTO art_ping.project_employee VALUES ('c518f07b-cbe0-486d-ad93-3a6b437ea659', '3731b2c0-a8e8-4931-8da4-b07d350a42f3', '0c321c7c-ad6b-4be0-807a-b65820c807ac', false);
INSERT INTO art_ping.project_employee VALUES ('d7ddbee6-5bb9-4305-ace0-27ab776a0d0a', '3731b2c0-a8e8-4931-8da4-b07d350a42f3', '78d819f1-6b51-420c-8281-c8f1d401a50b', false);
INSERT INTO art_ping.project_employee VALUES ('3849849b-6079-4f4d-bd8d-37999f20ee97', '3731b2c0-a8e8-4931-8da4-b07d350a42f3', '6dc96164-1a4e-4d40-a791-6e3eb28ece7f', false);
INSERT INTO art_ping.project_employee VALUES ('be04ab76-a5eb-4e05-b59f-4202ad346e69', '3731b2c0-a8e8-4931-8da4-b07d350a42f3', '1e82c57d-27c0-45d1-9752-a85399b61eed', false);
INSERT INTO art_ping.project_employee VALUES ('ad97deaf-02b0-413b-a2bd-8a056f40072b', '3731b2c0-a8e8-4931-8da4-b07d350a42f3', '6621bca0-b3a1-4a35-83bb-4f9d389b67d7', false);
INSERT INTO art_ping.project_employee VALUES ('25ecfd6c-8a7d-4e2b-992c-52f45d140570', '3731b2c0-a8e8-4931-8da4-b07d350a42f3', '6e22ba74-d2f9-415e-8ddf-cd40f6b42f5f', false);
INSERT INTO art_ping.project_employee VALUES ('65014b32-5936-4d80-be1b-d44f5fa7663f', '3731b2c0-a8e8-4931-8da4-b07d350a42f3', '07c31b02-615d-4b0a-869b-9e77e763c102', false);
INSERT INTO art_ping.project_employee VALUES ('7367988c-c0ce-4f84-a4ce-5a5991bb4ce8', '3731b2c0-a8e8-4931-8da4-b07d350a42f3', '0d6ed6ce-cd81-40fa-8ab8-91e5b6ed43d2', false);
INSERT INTO art_ping.project_employee VALUES ('9baa1c90-fb1b-470c-ab95-0bcc5a2a0121', '3731b2c0-a8e8-4931-8da4-b07d350a42f3', '6ea9e0cd-7d8b-4673-b90c-8aec9bfba868', false);
INSERT INTO art_ping.project_employee VALUES ('cc8ff39b-147d-4b5a-92d0-7c0d5c09c26f', '3731b2c0-a8e8-4931-8da4-b07d350a42f3', 'cf0d3889-ccf9-4c1a-8cab-2c364d1fd976', false);
INSERT INTO art_ping.project_employee VALUES ('ee11a8c3-8d1d-464b-a256-c875fbfa0782', '3731b2c0-a8e8-4931-8da4-b07d350a42f3', '0dbb3ff9-9ae1-49a8-8ce5-2b6d64e79cbd', false);
INSERT INTO art_ping.project_employee VALUES ('39600502-3d09-435f-a4c8-920aca129d1a', '3731b2c0-a8e8-4931-8da4-b07d350a42f3', 'c84f3467-7521-484e-8729-efc7fc54df7a', false);
INSERT INTO art_ping.project_employee VALUES ('48b862d6-31a5-4b2a-a325-df053e113d05', '3731b2c0-a8e8-4931-8da4-b07d350a42f3', '2bed41e8-9a46-4856-8014-4e1941001799', false);
INSERT INTO art_ping.project_employee VALUES ('2b2c3ea1-a128-456a-8fd4-d1fa1505afdf', '3731b2c0-a8e8-4931-8da4-b07d350a42f3', '0ada35b7-1963-4938-aa0b-e7fb501440a8', false);
INSERT INTO art_ping.project_employee VALUES ('a1210bd5-464a-4aac-a690-7127868c5fab', '3731b2c0-a8e8-4931-8da4-b07d350a42f3', '46c8fac7-2eba-4020-b709-cfe139759a0d', false);
INSERT INTO art_ping.project_employee VALUES ('befb25fb-eff3-431f-a196-550cbfcaf318', '3731b2c0-a8e8-4931-8da4-b07d350a42f3', '5a3b8ac9-5ccc-4960-8b0a-e990b9394193', false);
INSERT INTO art_ping.project_employee VALUES ('521f400d-5650-422f-919e-73dee0213a6d', '3731b2c0-a8e8-4931-8da4-b07d350a42f3', '1fb437d1-aaee-4ed1-bb2c-362b015589fd', false);
INSERT INTO art_ping.project VALUES ('dadf0dfb-d46c-41c2-8592-e571d2681010', 'project170', true);
INSERT INTO art_ping.project_employee VALUES ('acaa15f7-1350-41f6-9169-0e6b2e7fbe4c', 'dadf0dfb-d46c-41c2-8592-e571d2681010', '340e28f5-0850-4a89-8eae-babef720395f', false);
INSERT INTO art_ping.project_employee VALUES ('37a3aa8c-f63d-44ab-aa77-0afed66ce6cd', 'dadf0dfb-d46c-41c2-8592-e571d2681010', '6dc96164-1a4e-4d40-a791-6e3eb28ece7f', false);
INSERT INTO art_ping.project_employee VALUES ('61e2d546-91ac-4ba1-9f27-29a0f1b96718', 'dadf0dfb-d46c-41c2-8592-e571d2681010', '875d0ddd-5c98-4010-ac0c-27ebe20ac3d5', false);
INSERT INTO art_ping.project_employee VALUES ('1c1540e4-96ed-4032-80a2-32d2598b2b1e', 'dadf0dfb-d46c-41c2-8592-e571d2681010', '1bdc9fbe-a832-48d7-8ab9-dd59882f1cb7', false);
INSERT INTO art_ping.project_employee VALUES ('e9511c8d-0421-43af-8594-d979786ba3e4', 'dadf0dfb-d46c-41c2-8592-e571d2681010', '1fc0efd8-3a62-489a-9f69-9c44b6e225a4', false);
INSERT INTO art_ping.project_employee VALUES ('6ef19e25-35f8-465b-b927-00816998c870', 'dadf0dfb-d46c-41c2-8592-e571d2681010', 'c80963ca-8441-48a3-b833-d21f1c444187', false);
INSERT INTO art_ping.project_employee VALUES ('6af599f4-afae-4beb-8043-e307bc8d05d8', 'dadf0dfb-d46c-41c2-8592-e571d2681010', '8ac9b53f-0bc0-4ae0-b54e-e11218c13f71', false);
INSERT INTO art_ping.project_employee VALUES ('2f19d8f0-08b3-4771-a310-e81cb260cfa3', 'dadf0dfb-d46c-41c2-8592-e571d2681010', 'c4908a7e-b48f-455f-a81b-d78644ed91e9', false);
INSERT INTO art_ping.project_employee VALUES ('5a0909cb-4a43-49e0-b648-9d69e75b5425', 'dadf0dfb-d46c-41c2-8592-e571d2681010', 'd6b2e235-5572-40f7-a821-1c3ed79fed56', false);
INSERT INTO art_ping.project_employee VALUES ('87bd8018-a9d4-46ec-8f23-cc0c3222625c', 'dadf0dfb-d46c-41c2-8592-e571d2681010', 'f5a31b63-a644-4c75-9ada-c7cbd4725f43', false);
INSERT INTO art_ping.project_employee VALUES ('9669f49a-2ed5-46f9-8284-0c1ae73103cf', 'dadf0dfb-d46c-41c2-8592-e571d2681010', 'de636aa0-651b-4e79-9b92-65465ddeb768', false);
INSERT INTO art_ping.project_employee VALUES ('c39cf1e5-7ad1-413f-aab3-d482c704efe1', 'dadf0dfb-d46c-41c2-8592-e571d2681010', '9923f9ff-3d98-49be-a1a7-75f0de86dbc0', false);
INSERT INTO art_ping.project_employee VALUES ('aca5e320-9c12-4f31-b5bb-1472e5a65e38', 'dadf0dfb-d46c-41c2-8592-e571d2681010', '95ab0c6e-bcd2-4038-86ad-9f7fa7293f10', false);
INSERT INTO art_ping.project_employee VALUES ('51832b79-4c68-4b90-9f4a-0e4bd0571eee', 'dadf0dfb-d46c-41c2-8592-e571d2681010', '715f1eee-07f4-4b3f-99a8-2d7fb649c94f', false);
INSERT INTO art_ping.project_employee VALUES ('aa339389-2291-4d55-9bdc-fd1eb3a9a4c8', 'dadf0dfb-d46c-41c2-8592-e571d2681010', '2784a9de-bfa6-432a-8db3-3c6ef96b175b', false);
INSERT INTO art_ping.project_employee VALUES ('dea51a92-7bb8-4ddb-a4a8-e1d0be2c2413', 'dadf0dfb-d46c-41c2-8592-e571d2681010', '1c318b7f-c458-40ae-b54a-bc48195c94cb', false);
INSERT INTO art_ping.project_employee VALUES ('e30ed95a-eea9-46fc-aa0f-c5c9f23b02bb', 'dadf0dfb-d46c-41c2-8592-e571d2681010', 'c8198693-c3cc-4a19-b024-f19d1b89733b', false);
INSERT INTO art_ping.project_employee VALUES ('eb80e76d-448b-41e1-bd59-d8ef2879e91c', 'dadf0dfb-d46c-41c2-8592-e571d2681010', '6919a1f9-906a-4fe4-8794-3852560267b3', false);
INSERT INTO art_ping.project VALUES ('8d67e5a6-deec-4b00-851e-74c515062822', 'project171', true);
INSERT INTO art_ping.project_employee VALUES ('92f1b21b-15a1-426d-a320-deabd18ed2ef', '8d67e5a6-deec-4b00-851e-74c515062822', '54522081-3d96-489e-9741-7d931f7a5ec9', false);
INSERT INTO art_ping.project_employee VALUES ('93c5f7c1-e2aa-41cf-afd0-f0dd6d9d14bf', '8d67e5a6-deec-4b00-851e-74c515062822', '8843030e-58ad-4ea0-8271-1a969a286434', false);
INSERT INTO art_ping.project_employee VALUES ('a8b0bc1f-1c78-4e00-933a-057d0c961262', '8d67e5a6-deec-4b00-851e-74c515062822', 'e8fa1518-3191-4982-992e-6e1f22ae0d0b', false);
INSERT INTO art_ping.project_employee VALUES ('d1cfd53b-9648-412e-a660-21f498fbfed0', '8d67e5a6-deec-4b00-851e-74c515062822', 'd4f81a01-d8a8-4620-9fa0-a863ffc0d9d7', false);
INSERT INTO art_ping.project_employee VALUES ('06f4c2ae-9e7a-4b0f-ad57-ac5b5e7fc911', '8d67e5a6-deec-4b00-851e-74c515062822', '4e877079-8463-403d-8b7f-aabde8b63d16', false);
INSERT INTO art_ping.project_employee VALUES ('e749b1cb-cf86-4bac-8c35-cbe2b7482d86', '8d67e5a6-deec-4b00-851e-74c515062822', 'f6601251-90a2-4acd-a611-5087f2c59f77', false);
INSERT INTO art_ping.project_employee VALUES ('bf1207ca-8097-45fd-8290-18b6051ab441', '8d67e5a6-deec-4b00-851e-74c515062822', 'de4e9d50-476d-40ba-94d6-4f47e89f11e3', false);
INSERT INTO art_ping.project_employee VALUES ('790b2093-eefa-45f1-b669-9fac56f3ae2d', '8d67e5a6-deec-4b00-851e-74c515062822', '0c6d2a1f-a5fb-419a-b16b-998b14649693', false);
INSERT INTO art_ping.project_employee VALUES ('73d3445a-8d13-4e00-9850-1f605579cb95', '8d67e5a6-deec-4b00-851e-74c515062822', 'cd84573a-92dd-4a0e-9fd1-b907e05e7821', false);
INSERT INTO art_ping.project_employee VALUES ('d3aa1309-1cf2-4beb-a2d3-5068b44f29d1', '8d67e5a6-deec-4b00-851e-74c515062822', 'e2880836-6c73-4e45-bcce-583ca78f6d5c', false);
INSERT INTO art_ping.project VALUES ('254d680d-7402-4da5-9388-910868fa4fc3', 'project172', true);
INSERT INTO art_ping.project_employee VALUES ('84e7a73f-4402-4beb-bce4-29c9ada5e9a4', '254d680d-7402-4da5-9388-910868fa4fc3', 'ba1bad15-851a-4e22-b1f2-99e966b0d2c2', false);
INSERT INTO art_ping.project_employee VALUES ('8802e581-f35f-4ecc-8101-774b02e6e012', '254d680d-7402-4da5-9388-910868fa4fc3', 'a6e17dc9-cbaf-476b-bd82-7eba7f1d6855', false);
INSERT INTO art_ping.project_employee VALUES ('e599eca3-b0e6-487e-a2c4-15b7d03db7c1', '254d680d-7402-4da5-9388-910868fa4fc3', '35eea3b2-a3c0-4965-8160-e17ea8399ce0', false);
INSERT INTO art_ping.project_employee VALUES ('77331c92-d648-4bc4-91e2-26abb8ba37c5', '254d680d-7402-4da5-9388-910868fa4fc3', 'ca0da76d-74ec-4bd0-b2b7-83fa512b3234', false);
INSERT INTO art_ping.project_employee VALUES ('8f3bd895-7218-4270-9768-fd67857c16c5', '254d680d-7402-4da5-9388-910868fa4fc3', 'a3eba660-ebad-4453-92f8-72def095c50d', false);
INSERT INTO art_ping.project_employee VALUES ('d0ba7bdb-7b57-4f9e-b063-3739625f6083', '254d680d-7402-4da5-9388-910868fa4fc3', 'd6b2e235-5572-40f7-a821-1c3ed79fed56', false);
INSERT INTO art_ping.project_employee VALUES ('5113d51a-1864-4253-978e-526a234609ef', '254d680d-7402-4da5-9388-910868fa4fc3', 'ee00c89a-d2e9-4d1f-b11d-f6890c6f4039', false);
INSERT INTO art_ping.project_employee VALUES ('f8f57c44-3b12-4046-ae94-f98a060b8657', '254d680d-7402-4da5-9388-910868fa4fc3', '73e42f0e-569c-40be-9cc5-6b9141e09634', false);
INSERT INTO art_ping.project_employee VALUES ('f764d403-cfaf-4f51-9a43-827645d6cfd7', '254d680d-7402-4da5-9388-910868fa4fc3', '046d5e00-ba89-4a40-ba02-eae14c78c564', false);
INSERT INTO art_ping.project_employee VALUES ('3006baeb-9356-4d33-a34b-050612aa2c68', '254d680d-7402-4da5-9388-910868fa4fc3', '62becc2a-b2e8-4c91-a5ba-31e279a16d9c', false);
INSERT INTO art_ping.project_employee VALUES ('304f87e3-554a-46fb-8c80-086f34d1b474', '254d680d-7402-4da5-9388-910868fa4fc3', '0e56808e-1d78-4611-b873-0d2d75c33554', false);
INSERT INTO art_ping.project_employee VALUES ('010eef21-86a5-413a-9e62-6f33606063b0', '254d680d-7402-4da5-9388-910868fa4fc3', '735a9cac-c943-4560-99a5-c2778ed36806', false);
INSERT INTO art_ping.project_employee VALUES ('99de94bc-fe61-4a17-995a-e6ea94f44109', '254d680d-7402-4da5-9388-910868fa4fc3', '1c318b7f-c458-40ae-b54a-bc48195c94cb', false);
INSERT INTO art_ping.project_employee VALUES ('d2949fb5-5f58-42d4-9f17-8cd1ba1a68e0', '254d680d-7402-4da5-9388-910868fa4fc3', '9c7b8963-f8ac-422b-b5e0-9de69dae432e', false);
INSERT INTO art_ping.project_employee VALUES ('f4a80d1b-7a8c-4010-8c1e-9d56af585e7d', '254d680d-7402-4da5-9388-910868fa4fc3', '0e7f2468-f920-461e-93a0-65a69233c30c', false);
INSERT INTO art_ping.project_employee VALUES ('2320a928-429d-4f51-8fb0-e09a43635636', '254d680d-7402-4da5-9388-910868fa4fc3', 'bb8f3b0c-32a9-466a-be09-949ec786b922', false);
INSERT INTO art_ping.project_employee VALUES ('ce694b1e-5111-4730-84e7-7cfdc493632f', '254d680d-7402-4da5-9388-910868fa4fc3', '88067125-6783-4a5e-8729-2743268ad8b8', false);
INSERT INTO art_ping.project_employee VALUES ('35ce4a51-7ffc-4d3d-ab67-908f91afff7c', '254d680d-7402-4da5-9388-910868fa4fc3', '4cdf619d-8a5b-4bfc-9feb-30cce1470f9b', false);
INSERT INTO art_ping.project_employee VALUES ('35b0ace0-66dc-4556-bf8d-fe364e50801e', '254d680d-7402-4da5-9388-910868fa4fc3', '14bf6a76-9d34-4790-bf5c-c0bd399543dd', false);
INSERT INTO art_ping.project VALUES ('9edc5651-d4cf-407d-8dd5-7cc3d8a1ea98', 'project173', true);
INSERT INTO art_ping.project_employee VALUES ('e454ab53-58ed-4a0c-bba8-f09a060752bf', '9edc5651-d4cf-407d-8dd5-7cc3d8a1ea98', '3e1ae869-8169-4939-bf64-b2d2977d8457', false);
INSERT INTO art_ping.project_employee VALUES ('e0a19984-c392-4042-91c1-49cfc74381e6', '9edc5651-d4cf-407d-8dd5-7cc3d8a1ea98', '5a5c3045-0dc5-48e6-a271-cd2e5e9dcb06', false);
INSERT INTO art_ping.project_employee VALUES ('578610b7-828e-4996-8f01-c9dd36f940bc', '9edc5651-d4cf-407d-8dd5-7cc3d8a1ea98', 'fdf077b8-75a9-47da-bc22-063a2dcb42d6', false);
INSERT INTO art_ping.project_employee VALUES ('61a87801-43a3-4d9e-bd27-fef53cf59e3e', '9edc5651-d4cf-407d-8dd5-7cc3d8a1ea98', 'd4f81a01-d8a8-4620-9fa0-a863ffc0d9d7', false);
INSERT INTO art_ping.project_employee VALUES ('88e47f41-f372-4019-858a-9bb365ce9ff3', '9edc5651-d4cf-407d-8dd5-7cc3d8a1ea98', '41764999-aa9b-4509-a434-09e9393347d2', false);
INSERT INTO art_ping.project_employee VALUES ('9216edee-9fac-449d-adaf-dab86c08d308', '9edc5651-d4cf-407d-8dd5-7cc3d8a1ea98', 'ab9bb73f-921b-4cc7-aa09-0b699f6b914e', false);
INSERT INTO art_ping.project_employee VALUES ('15889edc-b3d4-486e-b9c0-c17aea244364', '9edc5651-d4cf-407d-8dd5-7cc3d8a1ea98', '606aa705-2913-4857-b870-266864ce2bee', false);
INSERT INTO art_ping.project_employee VALUES ('139525e8-fd44-4b7e-8a39-84237d945dbb', '9edc5651-d4cf-407d-8dd5-7cc3d8a1ea98', 'aea40393-76aa-4a9a-83c3-0f300b4925e2', false);
INSERT INTO art_ping.project_employee VALUES ('bd4c120c-6987-4e51-9208-3a0569fe50ec', '9edc5651-d4cf-407d-8dd5-7cc3d8a1ea98', '8429609f-625a-4bd0-a20d-70f7372da498', false);
INSERT INTO art_ping.project_employee VALUES ('720e8be5-d991-44db-8404-1f1ab3969e58', '9edc5651-d4cf-407d-8dd5-7cc3d8a1ea98', '8c05f93e-a563-4678-b1ff-9e196908d054', false);
INSERT INTO art_ping.project_employee VALUES ('2b9406a7-6177-49a6-9f4b-f4ddf3cb6ed4', '9edc5651-d4cf-407d-8dd5-7cc3d8a1ea98', '312e73e9-183a-46b9-b871-763096d3a647', false);
INSERT INTO art_ping.project VALUES ('248ddead-77c0-40b7-b0ab-cee130a75400', 'project174', true);
INSERT INTO art_ping.project_employee VALUES ('e3d366fe-61fa-42fc-9a81-2878db1299b4', '248ddead-77c0-40b7-b0ab-cee130a75400', '51c847b7-446c-4714-b4c2-bb66392b420b', false);
INSERT INTO art_ping.project_employee VALUES ('13324efd-19f3-405a-bff2-1a7b1fa05324', '248ddead-77c0-40b7-b0ab-cee130a75400', '5c5fca0c-c39c-4fa6-8670-2bdd13273633', false);
INSERT INTO art_ping.project_employee VALUES ('f6284ba9-77c8-4bf3-ab0d-e3d7818976fe', '248ddead-77c0-40b7-b0ab-cee130a75400', '228d99f8-a5b4-418e-a28e-8c4856fecc3b', false);
INSERT INTO art_ping.project_employee VALUES ('305b2a3c-6e62-4f3f-854f-a69170474509', '248ddead-77c0-40b7-b0ab-cee130a75400', 'c46f6f86-7e74-4c03-884c-e25c91cc4946', false);
INSERT INTO art_ping.project_employee VALUES ('0eea8009-a4b5-49e0-bc4a-5417bfd6465a', '248ddead-77c0-40b7-b0ab-cee130a75400', '229d920e-cf5b-4dfb-a8eb-29e6a6c8068f', false);
INSERT INTO art_ping.project_employee VALUES ('a5c873b0-5b40-4148-86d4-fd4da77282d6', '248ddead-77c0-40b7-b0ab-cee130a75400', 'ce38fb77-90e4-469d-9e4b-2164de440b56', false);
INSERT INTO art_ping.project_employee VALUES ('4b1aba6e-405e-4c92-bc3a-2f35de887a60', '248ddead-77c0-40b7-b0ab-cee130a75400', '814b20be-ac07-43d9-9e64-d4a054568440', false);
INSERT INTO art_ping.project_employee VALUES ('4b693748-e70b-483a-9142-5cc23f930ba0', '248ddead-77c0-40b7-b0ab-cee130a75400', '55743fe3-5eb2-4bcb-a294-96956680a9f5', false);
INSERT INTO art_ping.project_employee VALUES ('8be1b6c7-0082-4935-9712-81c2c6002564', '248ddead-77c0-40b7-b0ab-cee130a75400', '010af88c-89e4-41b4-90d2-fdd9be0641f0', false);
INSERT INTO art_ping.project_employee VALUES ('4d30c478-2201-454d-bb75-2d3c24503f0d', '248ddead-77c0-40b7-b0ab-cee130a75400', '2a028a2d-1bd7-4a01-a444-b25a9a92853c', false);
INSERT INTO art_ping.project_employee VALUES ('f69f0199-ef05-40bd-8c6b-26f49d7e4fc4', '248ddead-77c0-40b7-b0ab-cee130a75400', 'acf24a6a-9e8b-4edf-982c-ad62dcb4e236', false);
INSERT INTO art_ping.project_employee VALUES ('c2995da4-d85a-4ec6-a352-c80b164d053e', '248ddead-77c0-40b7-b0ab-cee130a75400', '35af698d-59f4-4fb5-b154-07310af46e3d', false);
INSERT INTO art_ping.project_employee VALUES ('01996095-9b22-4388-a549-9187c2bbd65d', '248ddead-77c0-40b7-b0ab-cee130a75400', '328230d3-b9ac-4810-bfb0-ab9ee61c5e50', false);
INSERT INTO art_ping.project VALUES ('f0717a01-296b-498a-be30-99b75121b5b6', 'project175', true);
INSERT INTO art_ping.project_employee VALUES ('b96dc58b-c2a2-4c7b-b7f3-1518b851d8e2', 'f0717a01-296b-498a-be30-99b75121b5b6', '22e421f4-f965-46d0-a8c4-1a98b36d9c78', false);
INSERT INTO art_ping.project_employee VALUES ('8d149b9f-e1f0-40da-90f8-be4be9e8cb2b', 'f0717a01-296b-498a-be30-99b75121b5b6', 'ef803d10-d917-4be1-b89f-6d856e567c3a', false);
INSERT INTO art_ping.project_employee VALUES ('8af293ff-6fe4-4ee7-a447-09ed45c7ae1a', 'f0717a01-296b-498a-be30-99b75121b5b6', 'f2591815-1a42-4183-a84d-9b5c0d83ea56', false);
INSERT INTO art_ping.project_employee VALUES ('f7aee5f1-ccb0-4aeb-b0a0-f130be13cd65', 'f0717a01-296b-498a-be30-99b75121b5b6', '22b95590-f019-4c0b-82ee-73e0fc114eec', false);
INSERT INTO art_ping.project_employee VALUES ('e2aa4211-a6b7-42ca-bb98-2ebd8a6072bc', 'f0717a01-296b-498a-be30-99b75121b5b6', '07c31b02-615d-4b0a-869b-9e77e763c102', false);
INSERT INTO art_ping.project_employee VALUES ('17eb5450-b68b-4c1e-a128-f44681edbe42', 'f0717a01-296b-498a-be30-99b75121b5b6', 'd24fad58-5692-48dc-bb9a-c2e6e6751114', false);
INSERT INTO art_ping.project_employee VALUES ('275b6495-6e19-43cb-88a1-dfc52ca8bc5e', 'f0717a01-296b-498a-be30-99b75121b5b6', 'be6f4617-ce18-4149-b2ff-d1d325b8c6dc', false);
INSERT INTO art_ping.project_employee VALUES ('1f67ae25-b910-402d-9c65-4fe270f2aaa1', 'f0717a01-296b-498a-be30-99b75121b5b6', 'bc0fcf18-417f-470c-bb5b-075ee1ab870f', false);
INSERT INTO art_ping.project VALUES ('b8275a9a-b287-4545-83ba-30b2a932ad5c', 'project176', true);
INSERT INTO art_ping.project_employee VALUES ('d9781929-88e7-4460-94ee-d395fb6e8a73', 'b8275a9a-b287-4545-83ba-30b2a932ad5c', '33dfdf17-ad6b-4f18-9ce2-d1fce01adf7e', false);
INSERT INTO art_ping.project_employee VALUES ('068509dd-a317-4ee6-b294-910a29a1959d', 'b8275a9a-b287-4545-83ba-30b2a932ad5c', '9a7fd726-d2f5-4da5-a2b5-2caa160b2e65', false);
INSERT INTO art_ping.project_employee VALUES ('907fec04-5cc0-4ed3-89d9-1fec39e59772', 'b8275a9a-b287-4545-83ba-30b2a932ad5c', '11f08932-f615-4629-9246-f439fc292b0c', false);
INSERT INTO art_ping.project_employee VALUES ('bb0a96ce-3262-409b-b38d-2ed5ca3787e0', 'b8275a9a-b287-4545-83ba-30b2a932ad5c', 'ca0da76d-74ec-4bd0-b2b7-83fa512b3234', false);
INSERT INTO art_ping.project_employee VALUES ('490b8071-d467-42a0-b1c1-9e70723d9db6', 'b8275a9a-b287-4545-83ba-30b2a932ad5c', '3d4f01e2-43dc-4c70-83cc-7cdb1f3df1eb', false);
INSERT INTO art_ping.project_employee VALUES ('cefa4282-9cd8-44a5-90c3-6d76535ee037', 'b8275a9a-b287-4545-83ba-30b2a932ad5c', '45524fae-7322-42c6-99dc-c0e1cf7880cd', false);
INSERT INTO art_ping.project_employee VALUES ('d23159a8-3d7e-4fcb-9b21-2666bddfa651', 'b8275a9a-b287-4545-83ba-30b2a932ad5c', 'ccbc9996-12d3-442e-ba88-ba53f3e240b8', false);
INSERT INTO art_ping.project_employee VALUES ('1e8cc74d-616b-4daf-891c-7ed44db627df', 'b8275a9a-b287-4545-83ba-30b2a932ad5c', '784c5c93-5d6b-4a9e-bf92-21158a96f04a', false);
INSERT INTO art_ping.project_employee VALUES ('d34e6ece-a3a2-4ffa-b7fa-2b38b5a50211', 'b8275a9a-b287-4545-83ba-30b2a932ad5c', '8a88b32e-fc57-48e4-ba53-671bd073ed6c', false);
INSERT INTO art_ping.project VALUES ('fb86cb82-b294-4482-ae3d-a2c197a8bb4e', 'project177', true);
INSERT INTO art_ping.project_employee VALUES ('0fc3bf61-c0fb-49c3-a59c-df9d1d32bbff', 'fb86cb82-b294-4482-ae3d-a2c197a8bb4e', '44c9c411-075c-47c0-a41a-30b2b1f2d191', false);
INSERT INTO art_ping.project_employee VALUES ('c55a6d3d-d165-42f0-891f-17738235090b', 'fb86cb82-b294-4482-ae3d-a2c197a8bb4e', '48d98a19-98c0-44cf-98a7-95bc2f399373', false);
INSERT INTO art_ping.project_employee VALUES ('df1cf178-e589-4287-944f-f197f121ef02', 'fb86cb82-b294-4482-ae3d-a2c197a8bb4e', 'bc701c9d-d237-4fd8-9bf9-5996877aeb16', false);
INSERT INTO art_ping.project_employee VALUES ('b1c36487-a927-4b3a-ac4b-00982c900a21', 'fb86cb82-b294-4482-ae3d-a2c197a8bb4e', '49ca6af2-2766-489a-99af-6c617ccda1d4', false);
INSERT INTO art_ping.project_employee VALUES ('9186024f-8f1f-4020-a39c-c2a8c6da9534', 'fb86cb82-b294-4482-ae3d-a2c197a8bb4e', 'f127662b-6eb0-47af-ab37-589932ceb498', false);
INSERT INTO art_ping.project_employee VALUES ('ed27508e-ac0e-4fd4-b9bd-51752b870427', 'fb86cb82-b294-4482-ae3d-a2c197a8bb4e', '59e525b6-4559-41ed-a074-2ee8a12e7750', false);
INSERT INTO art_ping.project_employee VALUES ('ca49445e-a984-4dd8-ba5d-4e139e80b515', 'fb86cb82-b294-4482-ae3d-a2c197a8bb4e', 'e3ef6639-8627-4f7d-baee-89e110150894', false);
INSERT INTO art_ping.project_employee VALUES ('08f1e739-1bdf-4ac8-bbee-9308a814d9c0', 'fb86cb82-b294-4482-ae3d-a2c197a8bb4e', '702949cd-8d49-414c-a7c6-d4966977798f', false);
INSERT INTO art_ping.project_employee VALUES ('32decf70-d7b5-43b1-873b-3629983c50bf', 'fb86cb82-b294-4482-ae3d-a2c197a8bb4e', 'd15ec44e-6635-478c-af0f-f55a63b8a9d3', false);
INSERT INTO art_ping.project_employee VALUES ('1b21143e-5d7d-4879-b9a7-cca63e2b297c', 'fb86cb82-b294-4482-ae3d-a2c197a8bb4e', '606aa705-2913-4857-b870-266864ce2bee', false);
INSERT INTO art_ping.project_employee VALUES ('43e1e3d2-bdb1-45d1-9639-d5c3dc4cdac5', 'fb86cb82-b294-4482-ae3d-a2c197a8bb4e', '0c6d2a1f-a5fb-419a-b16b-998b14649693', false);
INSERT INTO art_ping.project_employee VALUES ('ea272be5-25a1-43d9-80d3-c6c260936f0d', 'fb86cb82-b294-4482-ae3d-a2c197a8bb4e', '46c8fac7-2eba-4020-b709-cfe139759a0d', false);
INSERT INTO art_ping.project_employee VALUES ('87b6a7ad-4178-49f2-96af-fe592d2af12d', 'fb86cb82-b294-4482-ae3d-a2c197a8bb4e', '6953e5d0-da7b-4f25-80e3-195af5533b7a', false);
INSERT INTO art_ping.project_employee VALUES ('35bef087-08d9-4db0-9be5-504a68eeebce', 'fb86cb82-b294-4482-ae3d-a2c197a8bb4e', '57c9a6f6-2544-456e-9146-9ae136ae6298', false);
INSERT INTO art_ping.project_employee VALUES ('5c7eba50-fbce-460f-86c5-ffb27a86d590', 'fb86cb82-b294-4482-ae3d-a2c197a8bb4e', '21f0a20e-1ca8-4895-a904-7f0969c3687f', false);
INSERT INTO art_ping.project_employee VALUES ('9527f1e4-fe32-4176-9584-801f53db16f1', 'fb86cb82-b294-4482-ae3d-a2c197a8bb4e', 'f93f3f29-0c4a-40d7-8014-b1e56e528dd6', false);
INSERT INTO art_ping.project_employee VALUES ('a52e7b4e-5530-4e32-bedb-0905f76bef9b', 'fb86cb82-b294-4482-ae3d-a2c197a8bb4e', 'c596a3e1-c4d2-4fd9-8b80-226244975170', false);
INSERT INTO art_ping.project VALUES ('ce6c013b-b597-45ca-b66c-74595a7fdc25', 'project178', true);
INSERT INTO art_ping.project_employee VALUES ('651475f8-2f19-4cb4-b66a-b38514e47b5c', 'ce6c013b-b597-45ca-b66c-74595a7fdc25', '1d33ab56-e783-4cbc-8752-7dfa72ae233b', false);
INSERT INTO art_ping.project_employee VALUES ('04d04185-c6fb-419e-9cf2-c254c90c3c71', 'ce6c013b-b597-45ca-b66c-74595a7fdc25', '81c5a992-a2c5-4e8a-86bf-284227c34b96', false);
INSERT INTO art_ping.project_employee VALUES ('6a953678-7a9d-4a48-9330-650be4822081', 'ce6c013b-b597-45ca-b66c-74595a7fdc25', '2aea4376-361c-4af0-bd43-b371f45c3555', false);
INSERT INTO art_ping.project_employee VALUES ('25917ac9-8f17-4503-b945-eeac511bfa99', 'ce6c013b-b597-45ca-b66c-74595a7fdc25', 'd82f685e-e42e-4d93-be51-4b4de7ba08d5', false);
INSERT INTO art_ping.project_employee VALUES ('c74b7339-40d2-4150-ad4b-e0132e94df72', 'ce6c013b-b597-45ca-b66c-74595a7fdc25', 'bb139bc0-e654-4063-973a-815c4683bbb9', false);
INSERT INTO art_ping.project_employee VALUES ('8599969f-7316-43ee-8990-9fa6a57031f9', 'ce6c013b-b597-45ca-b66c-74595a7fdc25', '07c31b02-615d-4b0a-869b-9e77e763c102', false);
INSERT INTO art_ping.project_employee VALUES ('215cd5a2-911a-4401-8d20-798f24d85911', 'ce6c013b-b597-45ca-b66c-74595a7fdc25', 'b661d5fb-e6f6-4bb7-8f3b-415d1edfda19', false);
INSERT INTO art_ping.project_employee VALUES ('edc9c4e9-d45f-43d8-8057-1f2c471c49a2', 'ce6c013b-b597-45ca-b66c-74595a7fdc25', '7ff2ef7f-a10a-4b04-9df4-425dbe96e240', false);
INSERT INTO art_ping.project_employee VALUES ('fd221594-08db-4fb1-959f-e52d66411683', 'ce6c013b-b597-45ca-b66c-74595a7fdc25', 'a91576d9-95f7-42f0-96c2-8d86fbc31bb8', false);
INSERT INTO art_ping.project_employee VALUES ('997a7d86-1f11-403e-962f-aff7b332f3da', 'ce6c013b-b597-45ca-b66c-74595a7fdc25', 'cf0d3889-ccf9-4c1a-8cab-2c364d1fd976', false);
INSERT INTO art_ping.project_employee VALUES ('b7c9f4ab-5cca-4d5f-99ad-e90f237addfe', 'ce6c013b-b597-45ca-b66c-74595a7fdc25', '05d92b13-3f1e-4326-b4db-bb684357cfe5', false);
INSERT INTO art_ping.project_employee VALUES ('44ad3d19-09ae-4abd-935b-a90a018ee4df', 'ce6c013b-b597-45ca-b66c-74595a7fdc25', '6af21098-aeaa-44e1-bd78-523c263dc55d', false);
INSERT INTO art_ping.project_employee VALUES ('9552e756-1c09-44a1-b85e-f2ac1d01b2ca', 'ce6c013b-b597-45ca-b66c-74595a7fdc25', 'be09a1ce-86c1-4b5c-bb25-a89e94fe6e18', false);
INSERT INTO art_ping.project_employee VALUES ('2c03a842-aeb5-4a88-83ee-fc937d45f5e7', 'ce6c013b-b597-45ca-b66c-74595a7fdc25', '3e3ed623-2e99-4b38-930c-85d443561aea', false);
INSERT INTO art_ping.project_employee VALUES ('4c2c9260-32a2-468b-9de1-0e6b9cadfbe6', 'ce6c013b-b597-45ca-b66c-74595a7fdc25', '17a42ec3-3aa2-4783-91f1-8c039ee36acb', false);
INSERT INTO art_ping.project_employee VALUES ('8662a22b-047c-4e23-8cd3-f2a22134db8b', 'ce6c013b-b597-45ca-b66c-74595a7fdc25', '328230d3-b9ac-4810-bfb0-ab9ee61c5e50', false);
INSERT INTO art_ping.project_employee VALUES ('2e67eb93-00dc-4367-9682-a075a80d91e7', 'ce6c013b-b597-45ca-b66c-74595a7fdc25', '1fb437d1-aaee-4ed1-bb2c-362b015589fd', false);
INSERT INTO art_ping.project VALUES ('e030bbe4-9f01-496a-8a9a-097d20523b84', 'project179', true);
INSERT INTO art_ping.project_employee VALUES ('43bbb16d-2780-4255-92aa-9d0daf600947', 'e030bbe4-9f01-496a-8a9a-097d20523b84', '362a1a04-3bc4-4f14-8010-0c35a9dbc0fb', false);
INSERT INTO art_ping.project_employee VALUES ('03871d8f-6123-4804-b920-0e2eb4667a5b', 'e030bbe4-9f01-496a-8a9a-097d20523b84', '9c7b8963-f8ac-422b-b5e0-9de69dae432e', false);
INSERT INTO art_ping.project_employee VALUES ('61f3f13a-4ce0-495b-b640-6751e9db051d', 'e030bbe4-9f01-496a-8a9a-097d20523b84', '80c79fe3-f762-4dce-93f2-86cf0be30c68', false);
INSERT INTO art_ping.project VALUES ('bca769cb-e633-40f3-bca2-2206541be7e8', 'project180', true);
INSERT INTO art_ping.project_employee VALUES ('93da22e4-7ff3-4dd2-bdcf-e9d5683dd1f4', 'bca769cb-e633-40f3-bca2-2206541be7e8', '2f690191-97fc-4523-8952-6e0f6ce811f2', false);
INSERT INTO art_ping.project_employee VALUES ('ed172127-cb48-40e4-ad01-187eb5ab6306', 'bca769cb-e633-40f3-bca2-2206541be7e8', 'eb489be1-3357-4723-b5af-b7833e1e9da2', false);
INSERT INTO art_ping.project_employee VALUES ('d7f583f0-b27b-46cd-93a5-86bea7ce785d', 'bca769cb-e633-40f3-bca2-2206541be7e8', '4ac024e2-5f5a-4784-b7dc-896f270256cf', false);
INSERT INTO art_ping.project_employee VALUES ('e0f25e80-d361-463e-904d-d2269ddf0d5c', 'bca769cb-e633-40f3-bca2-2206541be7e8', 'c4f977b5-260c-4ec2-8d08-ef9e556cdd83', false);
INSERT INTO art_ping.project VALUES ('22e3a8a2-2ae2-4690-a3ba-91693c75481d', 'project181', true);
INSERT INTO art_ping.project_employee VALUES ('894fda16-7cc4-4ec7-83c3-0284510faf0b', '22e3a8a2-2ae2-4690-a3ba-91693c75481d', 'e930521e-e6a0-4bf8-aba9-8b6811060576', false);
INSERT INTO art_ping.project_employee VALUES ('d6029c76-e925-4b34-be9b-9c6019f295a7', '22e3a8a2-2ae2-4690-a3ba-91693c75481d', 'd50a29c0-ef34-44a1-a19c-0889ca4a3ecd', false);
INSERT INTO art_ping.project_employee VALUES ('37de8647-d43c-438d-a775-88025a102a54', '22e3a8a2-2ae2-4690-a3ba-91693c75481d', '505e5150-0413-446a-82b4-296aa6dec7f2', false);
INSERT INTO art_ping.project_employee VALUES ('2efed957-2dce-4126-8e50-8799739d0f8d', '22e3a8a2-2ae2-4690-a3ba-91693c75481d', '1fc0efd8-3a62-489a-9f69-9c44b6e225a4', false);
INSERT INTO art_ping.project_employee VALUES ('29133143-3ed5-4655-98ed-985cbc212a1d', '22e3a8a2-2ae2-4690-a3ba-91693c75481d', 'e10888eb-d630-4580-871e-cbd4910c26ee', false);
INSERT INTO art_ping.project_employee VALUES ('188aaad2-1deb-46fd-994d-abc0cb92ef6a', '22e3a8a2-2ae2-4690-a3ba-91693c75481d', '0d6ed6ce-cd81-40fa-8ab8-91e5b6ed43d2', false);
INSERT INTO art_ping.project_employee VALUES ('bf5fa5b9-7655-48d5-ba6d-27536b54f0ed', '22e3a8a2-2ae2-4690-a3ba-91693c75481d', '2864a45e-6a73-493e-a9e5-f43029ae42a4', false);
INSERT INTO art_ping.project_employee VALUES ('a520b09a-1ac7-491e-9a50-9943074f06ac', '22e3a8a2-2ae2-4690-a3ba-91693c75481d', '63649477-d30e-4cb7-8149-52bb5f796373', false);
INSERT INTO art_ping.project_employee VALUES ('6547c710-abb5-444a-a89d-422efdbda8b5', '22e3a8a2-2ae2-4690-a3ba-91693c75481d', 'a894ee0f-9b68-4185-a435-5cea33c3fce6', false);
INSERT INTO art_ping.project_employee VALUES ('508426ba-c02a-48bd-b894-8cb280569f3d', '22e3a8a2-2ae2-4690-a3ba-91693c75481d', '51ad0527-e8f3-4c49-aaf2-438e268dfc29', false);
INSERT INTO art_ping.project_employee VALUES ('d6eb4d96-3d94-4f0a-b6af-95a62f1f720e', '22e3a8a2-2ae2-4690-a3ba-91693c75481d', '1726d11a-8c45-4b86-86c8-eaee90e0f42a', false);
INSERT INTO art_ping.project_employee VALUES ('ffe40637-620b-4bf2-9024-0ff07bba16be', '22e3a8a2-2ae2-4690-a3ba-91693c75481d', '903273c9-ca49-4a1c-a336-2f1e04d6b29b', false);
INSERT INTO art_ping.project_employee VALUES ('87e77178-defa-45e3-923a-d7c670bdad9d', '22e3a8a2-2ae2-4690-a3ba-91693c75481d', '2bea5822-925e-4f20-935e-39e1f35a9835', false);
INSERT INTO art_ping.project_employee VALUES ('cc234921-5dbb-4467-b7e8-294b69f56a99', '22e3a8a2-2ae2-4690-a3ba-91693c75481d', 'e5e3df29-b6ee-459b-ae9d-e725b68bbafb', false);
INSERT INTO art_ping.project_employee VALUES ('da1513a4-996d-41ef-baf5-ae76485f5735', '22e3a8a2-2ae2-4690-a3ba-91693c75481d', '51fb2ac4-8ba7-4194-b5f5-36972508e6de', false);
INSERT INTO art_ping.project VALUES ('ec0699c1-d4b9-4be8-acf3-dbf79f077666', 'project182', true);
INSERT INTO art_ping.project_employee VALUES ('c57c9d19-93f8-47f0-baf9-601a69869d17', 'ec0699c1-d4b9-4be8-acf3-dbf79f077666', 'c22a98a5-d269-48ef-9ca3-2e3706520a55', false);
INSERT INTO art_ping.project_employee VALUES ('c216e86f-82ba-43c6-a241-0f32976a2183', 'ec0699c1-d4b9-4be8-acf3-dbf79f077666', '19e4eb05-8946-4575-aafd-3595a8b8616d', false);
INSERT INTO art_ping.project_employee VALUES ('bbbac57f-953e-4b0a-b51e-85ad445cdfc3', 'ec0699c1-d4b9-4be8-acf3-dbf79f077666', '41edc2a3-5f19-4c2e-8e4b-75a89d28bdea', false);
INSERT INTO art_ping.project_employee VALUES ('5526e5df-6519-490e-add5-b43b4a4be5e0', 'ec0699c1-d4b9-4be8-acf3-dbf79f077666', '6a03c35a-cf52-4329-8505-46f823de9e34', false);
INSERT INTO art_ping.project_employee VALUES ('88089461-7b8a-41fa-90f4-0766b2f46363', 'ec0699c1-d4b9-4be8-acf3-dbf79f077666', '270ca6a3-8e4a-4a86-a0ef-abef0bab46ed', false);
INSERT INTO art_ping.project_employee VALUES ('a2d2975e-ec93-4dc3-b6b3-a504c1cd1e63', 'ec0699c1-d4b9-4be8-acf3-dbf79f077666', '7b03ab40-238a-488a-87a3-d3b19501196d', false);
INSERT INTO art_ping.project_employee VALUES ('13c73140-4021-4af2-be57-c710da2b4860', 'ec0699c1-d4b9-4be8-acf3-dbf79f077666', 'f8ddfe9e-d9ac-41ad-a3f4-fe2cf81862c6', false);
INSERT INTO art_ping.project_employee VALUES ('037f69c7-1755-492e-8814-d282e9e67816', 'ec0699c1-d4b9-4be8-acf3-dbf79f077666', 'b9044934-9dd7-4b46-9087-393232e50287', false);
INSERT INTO art_ping.project_employee VALUES ('05c4764a-20ea-4dc9-a5d6-47e7fc9f4642', 'ec0699c1-d4b9-4be8-acf3-dbf79f077666', 'ab199b3e-167c-4229-996a-cbee32600910', false);
INSERT INTO art_ping.project_employee VALUES ('2ceb3fc8-7a8a-4862-96e7-d4fba68a9246', 'ec0699c1-d4b9-4be8-acf3-dbf79f077666', 'f43a4459-a7f1-4b14-bc6f-b3f1ec7cf13f', false);
INSERT INTO art_ping.project_employee VALUES ('949296d9-5a79-41aa-ae4e-26ce484da13b', 'ec0699c1-d4b9-4be8-acf3-dbf79f077666', 'ff815e1a-552a-4b9e-bb37-738ff0b16e61', false);
INSERT INTO art_ping.project_employee VALUES ('c46afb1f-533d-402a-85fc-4b26ca879da5', 'ec0699c1-d4b9-4be8-acf3-dbf79f077666', '58c8f386-8e2b-4f49-8f0a-cdec23fc0dd2', false);
INSERT INTO art_ping.project_employee VALUES ('9837b0e4-efbf-4d1f-9e5b-b90049795b5a', 'ec0699c1-d4b9-4be8-acf3-dbf79f077666', 'ee0769af-652c-4ed0-aec4-f09c72a54f84', false);
INSERT INTO art_ping.project_employee VALUES ('69838591-7663-4ad5-9661-8da74aac6246', 'ec0699c1-d4b9-4be8-acf3-dbf79f077666', '4dc1adf7-49f7-45d6-a918-e955b4da7dbd', false);
INSERT INTO art_ping.project VALUES ('00e75b91-e112-41dc-9e1a-55619245b5be', 'project183', true);
INSERT INTO art_ping.project_employee VALUES ('564cd9e2-db9f-46ca-b2ff-7b8dcc0c6b29', '00e75b91-e112-41dc-9e1a-55619245b5be', 'b8d59533-9f55-4532-a791-b913d6399661', false);
INSERT INTO art_ping.project_employee VALUES ('2f617230-1a1d-4046-a683-5d306a1d7510', '00e75b91-e112-41dc-9e1a-55619245b5be', 'ecba32ef-e3b9-4f48-b96a-d2f81f777fbb', false);
INSERT INTO art_ping.project_employee VALUES ('0c00ea00-0439-4438-96ab-115a2736fe4a', '00e75b91-e112-41dc-9e1a-55619245b5be', '5e51929f-4682-4bed-be25-0b205fd4c44b', false);
INSERT INTO art_ping.project_employee VALUES ('9fc0f7e3-7bb3-4d12-b2f9-ad3db8066a52', '00e75b91-e112-41dc-9e1a-55619245b5be', '17efe547-80c9-4914-967f-0c4fc078b74c', false);
INSERT INTO art_ping.project_employee VALUES ('8d22d136-de4a-4a10-9183-fc2213a698c0', '00e75b91-e112-41dc-9e1a-55619245b5be', '80544bcc-4286-4ed6-8981-323152036cde', false);
INSERT INTO art_ping.project_employee VALUES ('a6ed1cfa-c158-440f-877e-f2f5a8e9c39b', '00e75b91-e112-41dc-9e1a-55619245b5be', '8530c865-bceb-42e6-82ad-9957f3687fc8', false);
INSERT INTO art_ping.project_employee VALUES ('7a576a15-f327-4905-9024-c9d407185c7b', '00e75b91-e112-41dc-9e1a-55619245b5be', '824e5eb7-7d8f-4071-a8ed-2023f126d58c', false);
INSERT INTO art_ping.project VALUES ('3a4af1a5-9dc2-49cd-bb65-a6f74de9b681', 'project184', true);
INSERT INTO art_ping.project_employee VALUES ('62eb8458-64b0-4068-ba2b-7941dbb94a75', '3a4af1a5-9dc2-49cd-bb65-a6f74de9b681', 'e3377a21-cba0-4138-b12f-56ac6477367b', false);
INSERT INTO art_ping.project_employee VALUES ('fe3d93d7-d827-4de6-87d3-a124d6d1bcff', '3a4af1a5-9dc2-49cd-bb65-a6f74de9b681', 'a97deb29-5516-46aa-b2d0-2ddd14fbee1d', false);
INSERT INTO art_ping.project_employee VALUES ('644a48b9-9efb-4554-839a-b1acfd989901', '3a4af1a5-9dc2-49cd-bb65-a6f74de9b681', '4ad4c246-4d9c-4976-8096-f91c94c73ad2', false);
INSERT INTO art_ping.project_employee VALUES ('c35a576d-9072-4b6d-9aeb-b6141f4cfbdb', '3a4af1a5-9dc2-49cd-bb65-a6f74de9b681', '62c2bb85-0bec-4eb2-87b7-295231bba972', false);
INSERT INTO art_ping.project_employee VALUES ('0e5d9193-eb8a-42b4-af03-778418c40634', '3a4af1a5-9dc2-49cd-bb65-a6f74de9b681', '568b88a7-f196-4ef3-b6b6-2f35874f331c', false);
INSERT INTO art_ping.project_employee VALUES ('91df4db6-5144-44b1-97da-04a58e90c843', '3a4af1a5-9dc2-49cd-bb65-a6f74de9b681', '1077b982-eb5d-48f5-89f7-50f6c6b9e973', false);
INSERT INTO art_ping.project_employee VALUES ('6863a358-0005-4da0-9d6a-db1d43e76465', '3a4af1a5-9dc2-49cd-bb65-a6f74de9b681', '0dbb3ff9-9ae1-49a8-8ce5-2b6d64e79cbd', false);
INSERT INTO art_ping.project_employee VALUES ('a960e1fb-f9d7-4301-9988-65e4f22982cd', '3a4af1a5-9dc2-49cd-bb65-a6f74de9b681', '51354a6d-189b-4def-9c2e-83d47695307a', false);
INSERT INTO art_ping.project_employee VALUES ('934423e3-12db-47db-8078-c8b823eeddfd', '3a4af1a5-9dc2-49cd-bb65-a6f74de9b681', 'e2b5b5af-bea7-4210-8c26-9fdbf97d7207', false);
INSERT INTO art_ping.project_employee VALUES ('69ea3c88-ae4f-4563-b677-5d41363719eb', '3a4af1a5-9dc2-49cd-bb65-a6f74de9b681', '0d9be05f-494f-4ea6-aa20-04cb47089c46', false);
INSERT INTO art_ping.project_employee VALUES ('fc20d569-5d14-43b0-bd64-9320ce65a1db', '3a4af1a5-9dc2-49cd-bb65-a6f74de9b681', 'fa8e38a0-4a81-4465-83f9-d45c808cd84b', false);
INSERT INTO art_ping.project_employee VALUES ('61bb5bf2-abed-4e64-aa14-49e142e2ab7a', '3a4af1a5-9dc2-49cd-bb65-a6f74de9b681', '287e5d5a-620c-4827-a90a-1f842bfb0e19', false);
INSERT INTO art_ping.project_employee VALUES ('22ffe1ba-0519-4d5a-be8f-506014e5f25a', '3a4af1a5-9dc2-49cd-bb65-a6f74de9b681', 'fb9b03c8-a286-4686-a803-7019361ef031', false);
INSERT INTO art_ping.project_employee VALUES ('4afcf0ee-00fb-448b-b663-8ce0d967f415', '3a4af1a5-9dc2-49cd-bb65-a6f74de9b681', '3f6ab95e-9529-4932-996b-26b5494d8518', false);
INSERT INTO art_ping.project_employee VALUES ('493f701a-0721-4099-a48e-219f54fbbcf7', '3a4af1a5-9dc2-49cd-bb65-a6f74de9b681', '8287baf5-4067-4c65-9264-fe5793108fda', false);
INSERT INTO art_ping.project_employee VALUES ('bdcfaadf-d53a-4139-b19b-c8ee7dfb07e1', '3a4af1a5-9dc2-49cd-bb65-a6f74de9b681', 'eed660b1-8ce6-4fbc-8b1a-102b691fbe78', false);
INSERT INTO art_ping.project VALUES ('f5f9602a-875a-46ba-9d06-12065394adde', 'project185', true);
INSERT INTO art_ping.project_employee VALUES ('de780105-af61-47fe-ab58-f52aea9d7d91', 'f5f9602a-875a-46ba-9d06-12065394adde', '6d24c921-23fe-4984-915f-d82336434a9c', false);
INSERT INTO art_ping.project_employee VALUES ('ae62e5c2-b18b-475b-8f49-1d3cefd1f809', 'f5f9602a-875a-46ba-9d06-12065394adde', '4c4a348d-fd13-47ff-84c6-591e8868d798', false);
INSERT INTO art_ping.project_employee VALUES ('4986dafa-9da6-4a55-8dd5-6491b668597d', 'f5f9602a-875a-46ba-9d06-12065394adde', '4302338b-46b5-45ee-bd61-0fc7cede54ba', false);
INSERT INTO art_ping.project_employee VALUES ('da2845f3-7a5a-4bd1-b628-f0cc3eb3c5ba', 'f5f9602a-875a-46ba-9d06-12065394adde', '7226671b-fb2b-4f8b-918d-ff38157eb98f', false);
INSERT INTO art_ping.project_employee VALUES ('b61c3d6f-7978-453f-9aac-8b8efd8cc716', 'f5f9602a-875a-46ba-9d06-12065394adde', '1a5484bd-7b93-4ed8-a7f7-26e3af3c9b10', false);
INSERT INTO art_ping.project_employee VALUES ('9a5d31a7-4dfc-4b7d-8d1b-35555be0bc0b', 'f5f9602a-875a-46ba-9d06-12065394adde', '95ab0c6e-bcd2-4038-86ad-9f7fa7293f10', false);
INSERT INTO art_ping.project_employee VALUES ('546678c2-cf42-4997-a8c5-944b7dadf93d', 'f5f9602a-875a-46ba-9d06-12065394adde', '1726d11a-8c45-4b86-86c8-eaee90e0f42a', false);
INSERT INTO art_ping.project_employee VALUES ('9d9157b6-7d51-463e-9892-3580f68258b2', 'f5f9602a-875a-46ba-9d06-12065394adde', 'f336a8a3-ee30-4778-83b0-3550ccde0fe6', false);
INSERT INTO art_ping.project_employee VALUES ('cde63194-c2e7-4137-851e-27e2eff48614', 'f5f9602a-875a-46ba-9d06-12065394adde', '9c7b8963-f8ac-422b-b5e0-9de69dae432e', false);
INSERT INTO art_ping.project_employee VALUES ('b62b827f-b536-4728-a8a7-7af9a1f36ad2', 'f5f9602a-875a-46ba-9d06-12065394adde', 'e49676c5-405b-4493-b79a-d87c5138ccf9', false);
INSERT INTO art_ping.project_employee VALUES ('94aedb90-a662-4b2a-ae91-306ea46b07b0', 'f5f9602a-875a-46ba-9d06-12065394adde', '47b6825b-171e-4f90-9288-c97daba27265', false);
INSERT INTO art_ping.project_employee VALUES ('102505f0-0525-4685-864f-24fc27ee39cc', 'f5f9602a-875a-46ba-9d06-12065394adde', 'a5f03f6a-93a1-4e1b-ac19-c8974ff5f60c', false);
INSERT INTO art_ping.project_employee VALUES ('32e26418-dc29-4611-a8d9-f461716d14a7', 'f5f9602a-875a-46ba-9d06-12065394adde', '7881231e-2a8e-4736-a3c8-68c27ddac2a1', false);
INSERT INTO art_ping.project_employee VALUES ('24dd91d3-28c1-4953-9636-91bde082ccff', 'f5f9602a-875a-46ba-9d06-12065394adde', '14bf6a76-9d34-4790-bf5c-c0bd399543dd', false);
INSERT INTO art_ping.project_employee VALUES ('b1e04716-215e-43df-8c29-78b5aa8d6609', 'f5f9602a-875a-46ba-9d06-12065394adde', 'a5637101-c194-4d4e-a661-313569df8625', false);
INSERT INTO art_ping.project_employee VALUES ('9c017098-cc42-4d73-962f-7b7cba99a8f1', 'f5f9602a-875a-46ba-9d06-12065394adde', 'd35a0470-b546-4205-8307-5d54da61b18d', false);
INSERT INTO art_ping.project VALUES ('264b61df-0b68-41b8-b153-00e553e38c9c', 'project186', true);
INSERT INTO art_ping.project_employee VALUES ('75480705-7ebc-4272-b9e2-ee63b723faa4', '264b61df-0b68-41b8-b153-00e553e38c9c', 'f9e0560e-ea96-46ee-93d7-c0d1583a4eb1', false);
INSERT INTO art_ping.project_employee VALUES ('21cd41bc-8090-4aeb-8118-aff32191cf9f', '264b61df-0b68-41b8-b153-00e553e38c9c', '1d33ab56-e783-4cbc-8752-7dfa72ae233b', false);
INSERT INTO art_ping.project_employee VALUES ('a29f2d50-4327-4f9b-bb1b-af4880b66eec', '264b61df-0b68-41b8-b153-00e553e38c9c', '3e34d834-dd3d-46a3-943b-d2c271e9ce02', false);
INSERT INTO art_ping.project_employee VALUES ('96eaa95f-c893-42ff-8857-d58aa3a2c542', '264b61df-0b68-41b8-b153-00e553e38c9c', '270ca6a3-8e4a-4a86-a0ef-abef0bab46ed', false);
INSERT INTO art_ping.project_employee VALUES ('f118eeb0-a4d8-417c-b14e-4137202292e4', '264b61df-0b68-41b8-b153-00e553e38c9c', 'f1390d56-a7f9-4ed6-a315-8e5d3128590e', false);
INSERT INTO art_ping.project_employee VALUES ('e235791c-56ba-4c10-bda9-8fee40c81a7c', '264b61df-0b68-41b8-b153-00e553e38c9c', 'e10888eb-d630-4580-871e-cbd4910c26ee', false);
INSERT INTO art_ping.project_employee VALUES ('03e7a1f6-4e45-4d23-b1b0-cc05a53a1488', '264b61df-0b68-41b8-b153-00e553e38c9c', 'bc438fea-080a-4eda-86f8-fa420336a002', false);
INSERT INTO art_ping.project_employee VALUES ('1bf1556d-4b41-4309-b5a7-f829d8364cdb', '264b61df-0b68-41b8-b153-00e553e38c9c', 'a9d41662-5fbc-48d6-af6d-70bd1ccbf684', false);
INSERT INTO art_ping.project_employee VALUES ('55c1ca28-5c33-4df6-b766-295397f0affe', '264b61df-0b68-41b8-b153-00e553e38c9c', '844eb723-803f-40f0-8408-7bd4962cb69c', false);
INSERT INTO art_ping.project_employee VALUES ('d5122888-c8b6-431f-ae78-97841daa2c31', '264b61df-0b68-41b8-b153-00e553e38c9c', 'da7fe6a8-3541-4b03-8804-056261fc2bd8', false);
INSERT INTO art_ping.project_employee VALUES ('ea163753-294b-42dc-8f48-8427b80fdcc5', '264b61df-0b68-41b8-b153-00e553e38c9c', '41ab7c96-68b8-4f61-8f1c-f2a70438fd8e', false);
INSERT INTO art_ping.project_employee VALUES ('6d5c1e2d-7c36-4916-8fbf-46f7cf3b5478', '264b61df-0b68-41b8-b153-00e553e38c9c', 'ce651c41-2f4f-4efa-90b6-0741cd1ae09d', false);
INSERT INTO art_ping.project_employee VALUES ('9038dca6-3d43-4615-806c-5bfa556a64a2', '264b61df-0b68-41b8-b153-00e553e38c9c', '2fecbc8b-3576-4283-84a2-b8b6b46c037b', false);
INSERT INTO art_ping.project_employee VALUES ('102a5e7d-a078-41f5-8da0-ebfb74535543', '264b61df-0b68-41b8-b153-00e553e38c9c', 'df1c1f90-b73e-4ab9-8dde-4101ce4f40a6', false);
INSERT INTO art_ping.project_employee VALUES ('09ff7032-9693-421c-97cc-beeffca69966', '264b61df-0b68-41b8-b153-00e553e38c9c', 'ae2b42a2-d149-411e-814b-0edded87714b', false);
INSERT INTO art_ping.project_employee VALUES ('0054e8cb-2e4c-42af-b887-11729be5a991', '264b61df-0b68-41b8-b153-00e553e38c9c', 'b155eaf8-7e88-4d0a-992f-8ee70d8b37e5', false);
INSERT INTO art_ping.project VALUES ('a634f6b1-4161-4e7b-8db5-affcb6912efc', 'project187', true);
INSERT INTO art_ping.project_employee VALUES ('d0feeebb-1705-497e-a744-7428e8abe7e5', 'a634f6b1-4161-4e7b-8db5-affcb6912efc', '49ca6af2-2766-489a-99af-6c617ccda1d4', false);
INSERT INTO art_ping.project_employee VALUES ('bbb32127-c2a6-436d-b62d-77a79ac3f0da', 'a634f6b1-4161-4e7b-8db5-affcb6912efc', 'e93d91dc-b3fa-477b-8279-665237fa27fe', false);
INSERT INTO art_ping.project_employee VALUES ('1f8a6061-869a-49cb-99d3-702e69f293be', 'a634f6b1-4161-4e7b-8db5-affcb6912efc', '07414a26-6230-43e1-b495-bc1baa4a99ae', false);
INSERT INTO art_ping.project_employee VALUES ('5ad28f8a-d849-45f2-8478-188718ec30ae', 'a634f6b1-4161-4e7b-8db5-affcb6912efc', 'e169be65-4c8e-4158-b89e-92ffda1131ee', false);
INSERT INTO art_ping.project_employee VALUES ('e34974f9-dde9-4f04-b2ea-e111b2fc1b83', 'a634f6b1-4161-4e7b-8db5-affcb6912efc', '41764999-aa9b-4509-a434-09e9393347d2', false);
INSERT INTO art_ping.project_employee VALUES ('d15c60a4-df48-4e9c-89b6-e3aa801bc20c', 'a634f6b1-4161-4e7b-8db5-affcb6912efc', 'c1bbc082-5ce3-4228-8c49-4d89cf9533d9', false);
INSERT INTO art_ping.project_employee VALUES ('c915d997-7d68-4a3e-9640-c0bcfe40d654', 'a634f6b1-4161-4e7b-8db5-affcb6912efc', '87d80911-91e5-44ff-977f-6c6720cd4d13', false);
INSERT INTO art_ping.project_employee VALUES ('8830813a-5719-48a4-b4f8-5f18e7b056d9', 'a634f6b1-4161-4e7b-8db5-affcb6912efc', 'bf99118f-478c-4f13-b090-c482af39638b', false);
INSERT INTO art_ping.project_employee VALUES ('01ede6b5-0766-448f-8d69-5492c7985d4a', 'a634f6b1-4161-4e7b-8db5-affcb6912efc', '0102be80-9dbd-4f3b-a044-a315c9de6c8b', false);
INSERT INTO art_ping.project_employee VALUES ('2f6db4f2-a525-41f4-9384-f7ec57331b91', 'a634f6b1-4161-4e7b-8db5-affcb6912efc', '63649477-d30e-4cb7-8149-52bb5f796373', false);
INSERT INTO art_ping.project_employee VALUES ('93a96a63-946f-428d-a557-255ff2fa61f9', 'a634f6b1-4161-4e7b-8db5-affcb6912efc', '9923f9ff-3d98-49be-a1a7-75f0de86dbc0', false);
INSERT INTO art_ping.project_employee VALUES ('0dae6a16-e9ea-4bd8-ad11-a245026bb1e7', 'a634f6b1-4161-4e7b-8db5-affcb6912efc', 'b7c568d9-7290-4a23-80af-1a9516e4914e', false);
INSERT INTO art_ping.project_employee VALUES ('b76637e5-22ef-4105-8b8f-4b0b4bfaa61c', 'a634f6b1-4161-4e7b-8db5-affcb6912efc', 'ffb3f67e-7363-44b6-99e6-a38eca629edb', false);
INSERT INTO art_ping.project VALUES ('3f32cac1-8dbc-4537-af39-506e60eb003f', 'project188', true);
INSERT INTO art_ping.project_employee VALUES ('af57712d-6b62-47ff-aaef-8b85eeaebbf1', '3f32cac1-8dbc-4537-af39-506e60eb003f', '3e851127-afa8-449b-8908-c7912137d368', false);
INSERT INTO art_ping.project_employee VALUES ('1cdadd93-4a4c-426e-a201-ac015b309ac6', '3f32cac1-8dbc-4537-af39-506e60eb003f', '6fed8a40-b2d0-4cbf-b7e3-0daeaafa3af8', false);
INSERT INTO art_ping.project_employee VALUES ('12ead0fa-251e-4228-9632-65d4e0abf5e9', '3f32cac1-8dbc-4537-af39-506e60eb003f', '3be56123-31bd-40a2-bafb-c43b6717d638', false);
INSERT INTO art_ping.project_employee VALUES ('3d195e37-2c82-4f5e-a212-6ed979feb4b5', '3f32cac1-8dbc-4537-af39-506e60eb003f', '8b18feb9-b326-47d7-b4b4-99e86b5d3642', false);
INSERT INTO art_ping.project VALUES ('e3f7297f-b413-4bac-92cb-cfb8c5a78865', 'project189', true);
INSERT INTO art_ping.project_employee VALUES ('95448896-a23e-46f9-80c6-2e17e725aeb5', 'e3f7297f-b413-4bac-92cb-cfb8c5a78865', 'f9019837-96ef-40c0-96e6-432357b2631a', false);
INSERT INTO art_ping.project_employee VALUES ('897f5510-012b-4b43-83e3-6ab308443371', 'e3f7297f-b413-4bac-92cb-cfb8c5a78865', '6d24c921-23fe-4984-915f-d82336434a9c', false);
INSERT INTO art_ping.project_employee VALUES ('aad33ceb-bf24-4d97-8070-608558e779e4', 'e3f7297f-b413-4bac-92cb-cfb8c5a78865', '62bf31ec-d2ad-422a-89e5-e0b11be1ac3f', false);
INSERT INTO art_ping.project_employee VALUES ('798edb62-00e1-4c51-a4b6-622c0c5dd766', 'e3f7297f-b413-4bac-92cb-cfb8c5a78865', 'c3d31b90-35c6-4f34-9aee-f18f79980ade', false);
INSERT INTO art_ping.project_employee VALUES ('39bd9f57-da2b-4996-aefc-6e1c75c61545', 'e3f7297f-b413-4bac-92cb-cfb8c5a78865', 'b778b2cc-ca73-4f95-8b90-6e7ac3507fec', false);
INSERT INTO art_ping.project_employee VALUES ('4500e0a6-e592-45ef-9832-7d4cd9e5ea8d', 'e3f7297f-b413-4bac-92cb-cfb8c5a78865', 'ff815e1a-552a-4b9e-bb37-738ff0b16e61', false);
INSERT INTO art_ping.project_employee VALUES ('35f57b16-f62a-4944-a502-c921f534f2be', 'e3f7297f-b413-4bac-92cb-cfb8c5a78865', '1c6946f8-db90-43be-ba89-475260fb7289', false);
INSERT INTO art_ping.project_employee VALUES ('0fffbef5-cddc-4e96-afbe-48428aaebd18', 'e3f7297f-b413-4bac-92cb-cfb8c5a78865', 'af3ef3c6-f266-45bc-b259-a5c2e9b944ee', false);
INSERT INTO art_ping.project_employee VALUES ('72c6cf83-4aec-4aac-8473-b4175a335fea', 'e3f7297f-b413-4bac-92cb-cfb8c5a78865', 'dc984317-bc0d-44c5-aa8c-5b9183521938', false);
INSERT INTO art_ping.project_employee VALUES ('70e85f2d-4556-4fdf-92b4-33ee38fa3522', 'e3f7297f-b413-4bac-92cb-cfb8c5a78865', '53d7a47b-7952-4260-b3a5-1ca961b0beff', false);
INSERT INTO art_ping.project_employee VALUES ('8f256cd2-69af-4d47-906f-f0b2e76aa6a5', 'e3f7297f-b413-4bac-92cb-cfb8c5a78865', '2d601f45-775e-4572-89be-deec95beb941', false);
INSERT INTO art_ping.project_employee VALUES ('55ee1129-e9fc-4210-beed-307242d3180b', 'e3f7297f-b413-4bac-92cb-cfb8c5a78865', '7a0bd403-efb2-4cce-b55d-4b906dcb50b0', false);
INSERT INTO art_ping.project VALUES ('ab9a6504-26c2-4f59-9ed1-64a87b8917ab', 'project190', true);
INSERT INTO art_ping.project_employee VALUES ('1c832379-27b7-4c80-a18d-d974ae7e8227', 'ab9a6504-26c2-4f59-9ed1-64a87b8917ab', '22e421f4-f965-46d0-a8c4-1a98b36d9c78', false);
INSERT INTO art_ping.project_employee VALUES ('3c82b5fe-7407-4177-9ba9-5e77bd79535d', 'ab9a6504-26c2-4f59-9ed1-64a87b8917ab', 'ce2fcf8b-9221-4c2e-b4f5-a4a8d891af42', false);
INSERT INTO art_ping.project_employee VALUES ('2c327777-abe3-4411-aa4b-3a986e9ad252', 'ab9a6504-26c2-4f59-9ed1-64a87b8917ab', 'e07742a4-107c-4c77-8d37-aaa5d771ca3e', false);
INSERT INTO art_ping.project_employee VALUES ('eb1e61b1-d927-4a90-92c5-83dad3cec733', 'ab9a6504-26c2-4f59-9ed1-64a87b8917ab', '1b8856af-6593-492a-9fcd-fe63e89abfed', false);
INSERT INTO art_ping.project_employee VALUES ('c59f4f29-b77f-441b-b237-6863255651b6', 'ab9a6504-26c2-4f59-9ed1-64a87b8917ab', '4cdf619d-8a5b-4bfc-9feb-30cce1470f9b', false);
INSERT INTO art_ping.project_employee VALUES ('ac21e340-5043-474b-97de-605c80f2f0c5', 'ab9a6504-26c2-4f59-9ed1-64a87b8917ab', 'dc984317-bc0d-44c5-aa8c-5b9183521938', false);
INSERT INTO art_ping.project VALUES ('f86e43a2-badf-4c3c-8259-8b742468956b', 'project191', true);
INSERT INTO art_ping.project_employee VALUES ('a0910dad-f998-4914-a57a-733220f4b0a4', 'f86e43a2-badf-4c3c-8259-8b742468956b', 'ba1bad15-851a-4e22-b1f2-99e966b0d2c2', false);
INSERT INTO art_ping.project_employee VALUES ('0320385a-6878-4c9f-a07c-c5014259fa17', 'f86e43a2-badf-4c3c-8259-8b742468956b', '8d716000-c4ea-4b70-bed8-2b14a47d9e16', false);
INSERT INTO art_ping.project_employee VALUES ('fb544de7-a17c-4b5b-98e2-9370e5d0a81c', 'f86e43a2-badf-4c3c-8259-8b742468956b', '899809d2-dbd7-43af-908b-6caa46258872', false);
INSERT INTO art_ping.project_employee VALUES ('87525584-d078-4ee3-9550-bc7406eec13e', 'f86e43a2-badf-4c3c-8259-8b742468956b', 'ee6e51f7-4879-4bc5-a8b5-e38b8f0eebe1', false);
INSERT INTO art_ping.project_employee VALUES ('7b0e64a4-8219-4df9-b043-8afab52c3998', 'f86e43a2-badf-4c3c-8259-8b742468956b', '7b45c0df-31bf-463e-85a7-74ff2d101ed8', false);
INSERT INTO art_ping.project_employee VALUES ('ff330965-fef1-4bbd-930c-172eae892584', 'f86e43a2-badf-4c3c-8259-8b742468956b', '8c0aa537-18de-454b-9b44-889e04071437', false);
INSERT INTO art_ping.project_employee VALUES ('ec7e98bd-faa6-49c9-a3f8-b151181dc33f', 'f86e43a2-badf-4c3c-8259-8b742468956b', 'f4afc4da-d98c-4f2b-be4a-43ebca9bce04', false);
INSERT INTO art_ping.project_employee VALUES ('17c5de53-4b59-43cb-b15f-9c0e4cf70448', 'f86e43a2-badf-4c3c-8259-8b742468956b', '2a1dd19e-3dfc-401d-8ae6-a3531463e0e2', false);
INSERT INTO art_ping.project_employee VALUES ('c7ea09ed-c5ea-4928-94ef-2b70551ad03d', 'f86e43a2-badf-4c3c-8259-8b742468956b', 'c4d96eed-4f16-4ede-a4e2-e8047d4afe00', false);
INSERT INTO art_ping.project_employee VALUES ('839b69bc-608b-4430-bf72-d2ab35131bb9', 'f86e43a2-badf-4c3c-8259-8b742468956b', 'b8d59533-9f55-4532-a791-b913d6399661', false);
INSERT INTO art_ping.project_employee VALUES ('8380c0d1-c735-4262-a630-8d19e807697c', 'f86e43a2-badf-4c3c-8259-8b742468956b', '3c96e2f3-42d5-4564-a4e9-21ff9cf4edf4', false);
INSERT INTO art_ping.project_employee VALUES ('f70704c2-65b3-4ab7-a0bb-956fd2afb34e', 'f86e43a2-badf-4c3c-8259-8b742468956b', '750e6c14-3132-4292-bdc3-182c1b18373e', false);
INSERT INTO art_ping.project_employee VALUES ('8c791ae5-8b5a-4d13-b7da-f9cd84a18aec', 'f86e43a2-badf-4c3c-8259-8b742468956b', '66cf2e59-f3fb-4523-a071-f700fb2eed5a', false);
INSERT INTO art_ping.project_employee VALUES ('9bf0382f-a9d8-424d-94e4-5dcc243127a4', 'f86e43a2-badf-4c3c-8259-8b742468956b', '2fecbc8b-3576-4283-84a2-b8b6b46c037b', false);
INSERT INTO art_ping.project_employee VALUES ('34b19752-a3ae-44dd-9adc-40a643363dbd', 'f86e43a2-badf-4c3c-8259-8b742468956b', '2784a9de-bfa6-432a-8db3-3c6ef96b175b', false);
INSERT INTO art_ping.project_employee VALUES ('51916388-59c4-456e-99c6-e1dadcd450b1', 'f86e43a2-badf-4c3c-8259-8b742468956b', '933b5c28-e1a9-4a5d-8fa2-f4c7b9d1084d', false);
INSERT INTO art_ping.project_employee VALUES ('a0b1cdf6-9a0c-4f37-8601-c9d119ace3f3', 'f86e43a2-badf-4c3c-8259-8b742468956b', 'e02699a0-c6d4-4f00-9911-eecb65eb6853', false);
INSERT INTO art_ping.project VALUES ('6c3c3f57-f0c7-4378-93d0-cc37429f605c', 'project192', true);
INSERT INTO art_ping.project_employee VALUES ('3cba373b-09bd-4a65-87f8-75bd411f465a', '6c3c3f57-f0c7-4378-93d0-cc37429f605c', '9866608c-4bcb-4214-bd85-81000287db57', false);
INSERT INTO art_ping.project_employee VALUES ('6dfddd3f-2a2e-4c73-a7e6-bc033e7718d1', '6c3c3f57-f0c7-4378-93d0-cc37429f605c', '515b00bb-3a1a-4c42-9349-ba7e5577b69d', false);
INSERT INTO art_ping.project_employee VALUES ('1261afa2-e4b7-4f08-9e9b-5d9037083306', '6c3c3f57-f0c7-4378-93d0-cc37429f605c', '3d9ac511-8d2a-40ec-aa7a-043b6a736119', false);
INSERT INTO art_ping.project_employee VALUES ('31b224ef-73c1-4f46-bf0f-d91d6d061799', '6c3c3f57-f0c7-4378-93d0-cc37429f605c', '62fcf142-7cf8-4257-80ef-b43137c8dbd2', false);
INSERT INTO art_ping.project_employee VALUES ('6c12d287-dd33-4ee9-bf56-65c3ba2f143e', '6c3c3f57-f0c7-4378-93d0-cc37429f605c', 'bd32c8d1-6aef-441b-bbb2-0bda4758f204', false);
INSERT INTO art_ping.project_employee VALUES ('c3dec9f1-fb73-4941-ba4e-06f6309179b2', '6c3c3f57-f0c7-4378-93d0-cc37429f605c', 'bfbe4175-7044-46a9-ae15-90521c2a1621', false);
INSERT INTO art_ping.project_employee VALUES ('63c756cf-c320-43f7-a692-00d2fdda6a51', '6c3c3f57-f0c7-4378-93d0-cc37429f605c', '84d6237a-256f-4c52-94a0-ce2c0e851cf0', false);
INSERT INTO art_ping.project_employee VALUES ('d01290c3-6d47-42b3-a948-6e4a3a8a3705', '6c3c3f57-f0c7-4378-93d0-cc37429f605c', '9674a6de-68c3-4199-9715-44a7c0aede32', false);
INSERT INTO art_ping.project_employee VALUES ('e436c58d-3873-48b4-9167-2142b2b38729', '6c3c3f57-f0c7-4378-93d0-cc37429f605c', 'be6f4617-ce18-4149-b2ff-d1d325b8c6dc', false);
INSERT INTO art_ping.project_employee VALUES ('8c159fa6-2dca-40b3-a091-2b287ea7616d', '6c3c3f57-f0c7-4378-93d0-cc37429f605c', 'ae0a4142-3fb8-41c4-a80a-56ad29240937', false);
INSERT INTO art_ping.project_employee VALUES ('b67d3289-a582-4d0b-878e-7f930b700778', '6c3c3f57-f0c7-4378-93d0-cc37429f605c', '48d4ffc3-a456-41c2-9923-82289f2b4e86', false);
INSERT INTO art_ping.project_employee VALUES ('5396e4f2-093d-4f41-a9b1-c93332ac534e', '6c3c3f57-f0c7-4378-93d0-cc37429f605c', '312e73e9-183a-46b9-b871-763096d3a647', false);
INSERT INTO art_ping.project VALUES ('ed3c2d27-2b1d-4164-bb30-fb2337820cce', 'project193', true);
INSERT INTO art_ping.project_employee VALUES ('afbf3c59-52aa-480b-80c4-b74bad236e47', 'ed3c2d27-2b1d-4164-bb30-fb2337820cce', 'ada10710-d213-4070-b5cf-549aa23423ee', false);
INSERT INTO art_ping.project_employee VALUES ('c4e9293e-0fd3-4d2a-9553-0c5e512e153b', 'ed3c2d27-2b1d-4164-bb30-fb2337820cce', '01d00aa2-994c-4edb-9f87-774146e9e864', false);
INSERT INTO art_ping.project_employee VALUES ('07434c8b-d2b7-4b8e-a8e0-fd55d58ce8b0', 'ed3c2d27-2b1d-4164-bb30-fb2337820cce', 'ce2fcf8b-9221-4c2e-b4f5-a4a8d891af42', false);
INSERT INTO art_ping.project_employee VALUES ('96ad26d7-69eb-4335-a6ca-9b39a89988a0', 'ed3c2d27-2b1d-4164-bb30-fb2337820cce', '6a03c35a-cf52-4329-8505-46f823de9e34', false);
INSERT INTO art_ping.project_employee VALUES ('ad9e744b-1f0f-45f3-b710-9da36f7f11df', 'ed3c2d27-2b1d-4164-bb30-fb2337820cce', '81c5a992-a2c5-4e8a-86bf-284227c34b96', false);
INSERT INTO art_ping.project_employee VALUES ('51c4915e-496e-4215-ab89-de1b02f0db3b', 'ed3c2d27-2b1d-4164-bb30-fb2337820cce', '505e5150-0413-446a-82b4-296aa6dec7f2', false);
INSERT INTO art_ping.project_employee VALUES ('7d3b527a-7ebe-4b66-9960-be7796f4a471', 'ed3c2d27-2b1d-4164-bb30-fb2337820cce', '312e73e9-183a-46b9-b871-763096d3a647', false);
INSERT INTO art_ping.project_employee VALUES ('66bd28ab-5558-4b78-a3b3-3ad764d68af2', 'ed3c2d27-2b1d-4164-bb30-fb2337820cce', '750e6c14-3132-4292-bdc3-182c1b18373e', false);
INSERT INTO art_ping.project_employee VALUES ('00678be3-8acc-40b9-809c-7c6a54c04646', 'ed3c2d27-2b1d-4164-bb30-fb2337820cce', 'e86f1abf-c2c7-4e09-a287-28e6bc3e35fb', false);
INSERT INTO art_ping.project_employee VALUES ('4f01d9a8-d3c4-4419-b2a8-d632de02cd6f', 'ed3c2d27-2b1d-4164-bb30-fb2337820cce', 'a3f5c7b4-fba6-4630-9d7e-3cf64001368a', false);
INSERT INTO art_ping.project_employee VALUES ('7d7122db-788c-485a-ad1d-9bea81af6364', 'ed3c2d27-2b1d-4164-bb30-fb2337820cce', 'ef1a352f-9385-48f8-8241-ac27542dc048', false);
INSERT INTO art_ping.project_employee VALUES ('cc4e55c2-7cf1-42ff-864c-66e046195c83', 'ed3c2d27-2b1d-4164-bb30-fb2337820cce', 'e49676c5-405b-4493-b79a-d87c5138ccf9', false);
INSERT INTO art_ping.project_employee VALUES ('d16902ad-d2f7-496a-8d84-cbe7845bd71f', 'ed3c2d27-2b1d-4164-bb30-fb2337820cce', 'b0c8fccb-e7fe-4566-97d9-a330a8d0db10', false);
INSERT INTO art_ping.project_employee VALUES ('9d2dc3e6-e1c1-4c39-a0c3-9fe8f7a8bf58', 'ed3c2d27-2b1d-4164-bb30-fb2337820cce', 'ee0769af-652c-4ed0-aec4-f09c72a54f84', false);
INSERT INTO art_ping.project VALUES ('db1c3602-3c71-480b-98e6-72c66f1f34e7', 'project194', true);
INSERT INTO art_ping.project_employee VALUES ('a5624cd4-011b-4e8d-9969-6a6611356839', 'db1c3602-3c71-480b-98e6-72c66f1f34e7', '01d00aa2-994c-4edb-9f87-774146e9e864', false);
INSERT INTO art_ping.project_employee VALUES ('44cbdbd6-4da0-43f7-884b-eec2c411d8d6', 'db1c3602-3c71-480b-98e6-72c66f1f34e7', '33dfdf17-ad6b-4f18-9ce2-d1fce01adf7e', false);
INSERT INTO art_ping.project_employee VALUES ('94cb2060-4525-4bc7-8715-e95947088fe5', 'db1c3602-3c71-480b-98e6-72c66f1f34e7', '2a1dd19e-3dfc-401d-8ae6-a3531463e0e2', false);
INSERT INTO art_ping.project_employee VALUES ('696f531e-36ee-4a69-ad9e-24fee550cb7c', 'db1c3602-3c71-480b-98e6-72c66f1f34e7', '2b2923e3-7924-451c-918a-badad47c1be0', false);
INSERT INTO art_ping.project_employee VALUES ('abc57b7c-79d8-427e-892d-3f82ec159063', 'db1c3602-3c71-480b-98e6-72c66f1f34e7', 'd1837d6b-5509-42b4-a68a-ada499a1db9c', false);
INSERT INTO art_ping.project_employee VALUES ('877423ff-f4ce-4bbe-ba1f-05da4ddbde05', 'db1c3602-3c71-480b-98e6-72c66f1f34e7', '8e0f0958-a38e-4654-bd93-59c73dbb4de4', false);
INSERT INTO art_ping.project_employee VALUES ('dcfa07a2-97e0-4a46-8bb8-a030ae1c649c', 'db1c3602-3c71-480b-98e6-72c66f1f34e7', 'b41fe82e-ff88-429b-ba37-b399fe2da606', false);
INSERT INTO art_ping.project_employee VALUES ('92b53fd7-ab01-4e17-846c-0f5134d08e27', 'db1c3602-3c71-480b-98e6-72c66f1f34e7', '8c3502ea-6671-40cf-bf16-8099fb77f8ca', false);
INSERT INTO art_ping.project_employee VALUES ('8a8326f9-b7f6-4db5-a237-4021b5440265', 'db1c3602-3c71-480b-98e6-72c66f1f34e7', '8f0ce4a2-4f0c-4d5e-b94b-419a5a440b21', false);
INSERT INTO art_ping.project_employee VALUES ('f35a0725-de38-43b1-806e-a6b26d5db97f', 'db1c3602-3c71-480b-98e6-72c66f1f34e7', '7230ee53-e482-41fd-9dbb-9e052efbc50c', false);
INSERT INTO art_ping.project_employee VALUES ('0a67ac05-7f3d-4b82-aeb8-7cb6927d9e77', 'db1c3602-3c71-480b-98e6-72c66f1f34e7', 'e424a74b-19a1-4b97-8ce0-b39646f66c8d', false);
INSERT INTO art_ping.project_employee VALUES ('8a3ab232-b476-412e-8f5f-3b8df216c970', 'db1c3602-3c71-480b-98e6-72c66f1f34e7', '0e1b2f29-f490-4f75-b4c3-611ccccdd849', false);
INSERT INTO art_ping.project_employee VALUES ('857fefcf-1154-4e7d-9a9a-c5aad7ccf0d7', 'db1c3602-3c71-480b-98e6-72c66f1f34e7', 'c9850c5e-3d65-4708-87a4-19a542b0ed9a', false);
INSERT INTO art_ping.project_employee VALUES ('a95a1fa4-cd78-425c-91cb-b209182f2398', 'db1c3602-3c71-480b-98e6-72c66f1f34e7', '506c90be-9047-4868-9f58-4d30d43c5cd4', false);
INSERT INTO art_ping.project VALUES ('b537401d-50f7-438f-bd62-4299b0e3c0a4', 'project195', true);
INSERT INTO art_ping.project_employee VALUES ('b47dbb74-b12c-4f82-89c3-988434582663', 'b537401d-50f7-438f-bd62-4299b0e3c0a4', 'a6e17dc9-cbaf-476b-bd82-7eba7f1d6855', false);
INSERT INTO art_ping.project_employee VALUES ('0e339185-b1ad-4044-9c0e-e4ee79166cd2', 'b537401d-50f7-438f-bd62-4299b0e3c0a4', '65437f3f-cdfb-4732-ba14-73e765d78096', false);
INSERT INTO art_ping.project_employee VALUES ('95ed20ee-3f6e-4117-9d50-38227dd937a7', 'b537401d-50f7-438f-bd62-4299b0e3c0a4', '8b0cf62b-565c-4ce2-8b86-343e96db374d', false);
INSERT INTO art_ping.project_employee VALUES ('cbc32758-d667-4123-b6fd-18f16909f26b', 'b537401d-50f7-438f-bd62-4299b0e3c0a4', '1d7a619d-6274-4d4b-ab21-6ad4f343d8ac', false);
INSERT INTO art_ping.project_employee VALUES ('ed71705b-d262-45f7-9ff9-8cc4841884f5', 'b537401d-50f7-438f-bd62-4299b0e3c0a4', '8ac9b53f-0bc0-4ae0-b54e-e11218c13f71', false);
INSERT INTO art_ping.project_employee VALUES ('8f48e571-76f6-43b3-89a0-071207b280dd', 'b537401d-50f7-438f-bd62-4299b0e3c0a4', '07414a26-6230-43e1-b495-bc1baa4a99ae', false);
INSERT INTO art_ping.project_employee VALUES ('30cd647a-c30f-473e-9132-d50997acfaff', 'b537401d-50f7-438f-bd62-4299b0e3c0a4', 'ab9bb73f-921b-4cc7-aa09-0b699f6b914e', false);
INSERT INTO art_ping.project_employee VALUES ('7232e8f8-2aca-4f34-b93b-d2b0fa141a3f', 'b537401d-50f7-438f-bd62-4299b0e3c0a4', '0492f9c5-0b23-46c3-a435-691547b39086', false);
INSERT INTO art_ping.project_employee VALUES ('e54ac147-5590-48f0-8e2a-d9159778a2a2', 'b537401d-50f7-438f-bd62-4299b0e3c0a4', '3ee6ee98-01e9-477e-aae0-b8afbdab73b4', false);
INSERT INTO art_ping.project_employee VALUES ('f4b36c6e-b51f-4cc2-974a-b09cde569b14', 'b537401d-50f7-438f-bd62-4299b0e3c0a4', '3400cb43-b4af-4210-8419-dabf67659cd7', false);
INSERT INTO art_ping.project_employee VALUES ('ebf379f7-beb4-4b18-ae87-787941f1d574', 'b537401d-50f7-438f-bd62-4299b0e3c0a4', '5b1aea66-ceef-4316-9677-23ec2cd167f3', false);
INSERT INTO art_ping.project_employee VALUES ('e6c4284e-8899-48c8-80d7-5bed5225c763', 'b537401d-50f7-438f-bd62-4299b0e3c0a4', '757c6849-14ed-4cf4-82f8-f2693e708222', false);
INSERT INTO art_ping.project_employee VALUES ('1a50cb3a-e83d-401e-9bb1-3f136357b9ea', 'b537401d-50f7-438f-bd62-4299b0e3c0a4', '37507164-90ac-403a-8f6e-c68295cc128e', false);
INSERT INTO art_ping.project_employee VALUES ('95d64e4e-2775-4a2a-b1d1-0857b903fbc6', 'b537401d-50f7-438f-bd62-4299b0e3c0a4', '4d14143a-4934-49e3-a791-a4ae03ae5170', false);
INSERT INTO art_ping.project_employee VALUES ('0fc8185e-d19e-48cb-a285-2fec6105cba2', 'b537401d-50f7-438f-bd62-4299b0e3c0a4', 'fd7b6a3a-b275-4e81-bf15-2ac247b46cd6', false);
INSERT INTO art_ping.project_employee VALUES ('2ec4a438-fca6-475d-a8ac-86b3832a33d8', 'b537401d-50f7-438f-bd62-4299b0e3c0a4', '3b956c6f-e4aa-456a-bd66-7c97e5398235', false);
INSERT INTO art_ping.project VALUES ('493566cb-3bfc-4b7f-8157-deb5ad67c29c', 'project196', true);
INSERT INTO art_ping.project_employee VALUES ('2b652234-8ee0-4548-b0c4-8dbf46e88c85', '493566cb-3bfc-4b7f-8157-deb5ad67c29c', 'c4cf25c7-892f-4c17-92aa-2d710ec324c9', false);
INSERT INTO art_ping.project_employee VALUES ('cb4444eb-3e5d-497e-b0e1-da4789cc5947', '493566cb-3bfc-4b7f-8157-deb5ad67c29c', 'd26bf81b-cb46-448c-8011-1909509433d6', false);
INSERT INTO art_ping.project_employee VALUES ('8ff8df6c-15e8-40d7-bf05-e0713ad9ca52', '493566cb-3bfc-4b7f-8157-deb5ad67c29c', 'bc438fea-080a-4eda-86f8-fa420336a002', false);
INSERT INTO art_ping.project_employee VALUES ('869756b1-5e3d-4bac-8033-8f992a3b19e9', '493566cb-3bfc-4b7f-8157-deb5ad67c29c', '5d5f62ab-4100-439e-ab0a-b40bd5dd2df6', false);
INSERT INTO art_ping.project_employee VALUES ('005e039c-b784-4e7d-ad35-a1f7f6ff194d', '493566cb-3bfc-4b7f-8157-deb5ad67c29c', 'be6f4617-ce18-4149-b2ff-d1d325b8c6dc', false);
INSERT INTO art_ping.project_employee VALUES ('4ecb5fd7-a8b2-4923-833f-340320029d93', '493566cb-3bfc-4b7f-8157-deb5ad67c29c', 'de966046-f5fb-4ca2-8d50-20101a145eab', false);
INSERT INTO art_ping.project_employee VALUES ('fa121d11-ba99-475d-8033-6f819db887b5', '493566cb-3bfc-4b7f-8157-deb5ad67c29c', 'ab1f7d61-0802-4f98-b750-405e293c8568', false);
INSERT INTO art_ping.project_employee VALUES ('ff09b782-386c-4ec5-be1a-e5e78c6b9cec', '493566cb-3bfc-4b7f-8157-deb5ad67c29c', '10b19fce-2be2-4dfa-a3d5-edfd155035d7', false);
INSERT INTO art_ping.project_employee VALUES ('691c4474-8e49-41e0-8532-f9d8aadb8fa5', '493566cb-3bfc-4b7f-8157-deb5ad67c29c', 'ecba32ef-e3b9-4f48-b96a-d2f81f777fbb', false);
INSERT INTO art_ping.project_employee VALUES ('955ac892-1fc8-44ce-a9b0-c5b9910ab464', '493566cb-3bfc-4b7f-8157-deb5ad67c29c', 'ef15254f-a4cf-4eea-bcd8-6498dd842f78', false);
INSERT INTO art_ping.project_employee VALUES ('0898fec0-0bf6-4e64-ae39-f6c8dea4dc2e', '493566cb-3bfc-4b7f-8157-deb5ad67c29c', 'd5bb3c07-8d34-4796-ad14-d340eb838f54', false);
INSERT INTO art_ping.project_employee VALUES ('6424196a-5c4a-42e6-9828-724ffaf3662e', '493566cb-3bfc-4b7f-8157-deb5ad67c29c', '66cf2e59-f3fb-4523-a071-f700fb2eed5a', false);
INSERT INTO art_ping.project_employee VALUES ('e42fe27a-392e-490a-ad0e-6197161777de', '493566cb-3bfc-4b7f-8157-deb5ad67c29c', '8d13e309-f8aa-4942-bf74-79beb4c00a41', false);
INSERT INTO art_ping.project_employee VALUES ('4165af2c-53df-40b9-bd65-698ac0ba8c1c', '493566cb-3bfc-4b7f-8157-deb5ad67c29c', '0b3b827f-6181-4483-8d10-7397dc02b368', false);
INSERT INTO art_ping.project_employee VALUES ('c4d37708-ff1a-4e97-86a0-0aaeebea2275', '493566cb-3bfc-4b7f-8157-deb5ad67c29c', '88067125-6783-4a5e-8729-2743268ad8b8', false);
INSERT INTO art_ping.project_employee VALUES ('4220fe61-2219-4720-9fc7-ad39d78818fa', '493566cb-3bfc-4b7f-8157-deb5ad67c29c', 'f93f3f29-0c4a-40d7-8014-b1e56e528dd6', false);
INSERT INTO art_ping.project_employee VALUES ('7a0ee397-7ae1-4649-bad7-c807d384f349', '493566cb-3bfc-4b7f-8157-deb5ad67c29c', '0a3b8e15-0aa8-4fce-ba52-a3b788c5ba3f', false);
INSERT INTO art_ping.project_employee VALUES ('c1f75ae3-8e08-44fb-8ebf-211f5789c31f', '493566cb-3bfc-4b7f-8157-deb5ad67c29c', '74511b13-e9ee-41b9-8e2f-38bc890316a5', false);
INSERT INTO art_ping.project_employee VALUES ('b9b333a6-4473-4c97-80f5-f7989ec1570e', '493566cb-3bfc-4b7f-8157-deb5ad67c29c', '2ff27e9f-d09e-4abf-81e0-e434c1b058e0', false);
INSERT INTO art_ping.project VALUES ('59854b22-2367-4f5b-a838-77b82e269941', 'project197', true);
INSERT INTO art_ping.project_employee VALUES ('dcd65acf-8636-449a-85b9-b53bf6a8df2d', '59854b22-2367-4f5b-a838-77b82e269941', '17a42ec3-3aa2-4783-91f1-8c039ee36acb', false);
INSERT INTO art_ping.project_employee VALUES ('3e411ccd-676e-4c24-b9f3-57c7a18f0a22', '59854b22-2367-4f5b-a838-77b82e269941', '16cf7a15-9ef3-4997-9816-57feaff4d083', false);
INSERT INTO art_ping.project_employee VALUES ('a51c92db-132d-4945-b453-d16ef98795d3', '59854b22-2367-4f5b-a838-77b82e269941', '41764999-aa9b-4509-a434-09e9393347d2', false);
INSERT INTO art_ping.project_employee VALUES ('81451974-510b-4be3-9cbf-a0436e37fce6', '59854b22-2367-4f5b-a838-77b82e269941', 'd15ec44e-6635-478c-af0f-f55a63b8a9d3', false);
INSERT INTO art_ping.project_employee VALUES ('065e9565-a1c7-4f89-a76c-c449a577bb72', '59854b22-2367-4f5b-a838-77b82e269941', '4fdce3b1-17f9-4ac2-ad87-e9725ecabca8', false);
INSERT INTO art_ping.project VALUES ('b6008e5a-4ae1-4ee0-b12b-1a4fe92f4c5e', 'project198', true);
INSERT INTO art_ping.project_employee VALUES ('72352935-f4d5-42b7-9719-a5ecbadcc2ae', 'b6008e5a-4ae1-4ee0-b12b-1a4fe92f4c5e', '3e1ae869-8169-4939-bf64-b2d2977d8457', false);
INSERT INTO art_ping.project_employee VALUES ('f6738417-6a1a-4147-813e-115d5ef54f7e', 'b6008e5a-4ae1-4ee0-b12b-1a4fe92f4c5e', '1726d11a-8c45-4b86-86c8-eaee90e0f42a', false);
INSERT INTO art_ping.project_employee VALUES ('471bda2c-abac-4194-a73f-414b69db874e', 'b6008e5a-4ae1-4ee0-b12b-1a4fe92f4c5e', '90a02b61-94e7-4e76-ab63-d53544cb5234', false);
INSERT INTO art_ping.project_employee VALUES ('2c83345c-abbf-4ed8-b4d5-97aff2cf8a55', 'b6008e5a-4ae1-4ee0-b12b-1a4fe92f4c5e', '9e78a2ab-2fde-45ec-98bf-5b9315e22f61', false);
INSERT INTO art_ping.project_employee VALUES ('648e2775-72bd-4e41-b33f-396c345c10e0', 'b6008e5a-4ae1-4ee0-b12b-1a4fe92f4c5e', 'a1fc8d1a-f540-4e31-8d4a-43383f68a302', false);
INSERT INTO art_ping.project_employee VALUES ('7ba94d18-c955-4d07-a7fb-0d0c9e3196ac', 'b6008e5a-4ae1-4ee0-b12b-1a4fe92f4c5e', 'ef15254f-a4cf-4eea-bcd8-6498dd842f78', false);
INSERT INTO art_ping.project_employee VALUES ('b43ee90f-0afb-47e0-9964-e02d9bc67b36', 'b6008e5a-4ae1-4ee0-b12b-1a4fe92f4c5e', '7a9a93b3-a6e3-42d4-ad7e-ce4ced0205d0', false);
INSERT INTO art_ping.project_employee VALUES ('20912c1c-6c1a-43f0-b21c-e4f3ccc1d77d', 'b6008e5a-4ae1-4ee0-b12b-1a4fe92f4c5e', '41762832-804a-4128-b0d8-fb0a1eff1e49', false);
INSERT INTO art_ping.project_employee VALUES ('559c90d8-00c7-4a97-8dac-ec355d15f8c4', 'b6008e5a-4ae1-4ee0-b12b-1a4fe92f4c5e', 'c4908a7e-b48f-455f-a81b-d78644ed91e9', false);
INSERT INTO art_ping.project_employee VALUES ('cb9b0ae0-d655-46f5-b21f-8273f3384a5d', 'b6008e5a-4ae1-4ee0-b12b-1a4fe92f4c5e', 'a91576d9-95f7-42f0-96c2-8d86fbc31bb8', false);
INSERT INTO art_ping.project_employee VALUES ('b4b5a2dd-b02f-41ac-9040-c85b9492b082', 'b6008e5a-4ae1-4ee0-b12b-1a4fe92f4c5e', '8df33974-bbfb-4503-adc0-d790a20ed541', false);
INSERT INTO art_ping.project VALUES ('ebc2b966-42ed-4777-b056-42b409c4a906', 'project199', true);
INSERT INTO art_ping.project_employee VALUES ('0a4a64c2-220f-4b3a-a082-f06689fbdae0', 'ebc2b966-42ed-4777-b056-42b409c4a906', 'ccd5828e-2daa-4dbe-8c87-a5b5722653cb', false);
INSERT INTO art_ping.project_employee VALUES ('913f9a5c-aea5-4469-9dca-93ad1fed96e3', 'ebc2b966-42ed-4777-b056-42b409c4a906', '5a3b8ac9-5ccc-4960-8b0a-e990b9394193', false);
INSERT INTO art_ping.project_employee VALUES ('2411e662-4af4-4c4c-b7e4-659aa8e69516', 'ebc2b966-42ed-4777-b056-42b409c4a906', '048b2bcc-59bf-4a1e-bde6-8dc5f3ae1808', false);
INSERT INTO art_ping.project_employee VALUES ('c776e5bb-71b1-4d6b-825c-df1d64eefd9b', 'ebc2b966-42ed-4777-b056-42b409c4a906', 'acf24a6a-9e8b-4edf-982c-ad62dcb4e236', false);
INSERT INTO art_ping.project_employee VALUES ('ab05b422-05c0-427c-a476-a8f771a17fba', 'ebc2b966-42ed-4777-b056-42b409c4a906', '79374c82-9c26-4dc1-8a66-f7e312d42ec1', false);
INSERT INTO art_ping.project_employee VALUES ('09ad6dde-b3d0-4b7f-96d7-9be60679c739', 'ebc2b966-42ed-4777-b056-42b409c4a906', 'eed660b1-8ce6-4fbc-8b1a-102b691fbe78', false);
INSERT INTO art_ping.project_employee VALUES ('6d4142d0-c0d4-40e6-a6c7-804898b5fc82', 'ebc2b966-42ed-4777-b056-42b409c4a906', '19a3890b-44d6-43bd-b371-54060c6b5bd1', false);
INSERT INTO art_ping.project_employee VALUES ('7215e7f0-341b-4da6-aca8-b51893b17a69', 'ebc2b966-42ed-4777-b056-42b409c4a906', '312e73e9-183a-46b9-b871-763096d3a647', false);
INSERT INTO art_ping.project VALUES ('e2535c0a-762f-4c7f-a031-c0156de9738a', 'project200', true);
INSERT INTO art_ping.project_employee VALUES ('90710da1-4cb4-4c15-a9c5-71865bc9c543', 'e2535c0a-762f-4c7f-a031-c0156de9738a', '31fecfd7-9f48-418a-a757-9b8087966af9', false);
INSERT INTO art_ping.project_employee VALUES ('9da63e1a-a843-4f6d-a512-eedb18bdf22a', 'e2535c0a-762f-4c7f-a031-c0156de9738a', 'f9e0560e-ea96-46ee-93d7-c0d1583a4eb1', false);
INSERT INTO art_ping.project_employee VALUES ('fbd626b8-f3e3-4f37-b0d7-e980fa69e2b7', 'e2535c0a-762f-4c7f-a031-c0156de9738a', '188b1861-cfdc-4061-b923-989f1c7a980f', false);
INSERT INTO art_ping.project_employee VALUES ('e5eefd93-f58f-47c5-966a-51b01e4df020', 'e2535c0a-762f-4c7f-a031-c0156de9738a', '80c79fe3-f762-4dce-93f2-86cf0be30c68', false);
INSERT INTO art_ping.project_employee VALUES ('175408c6-9965-4b67-8c93-dced990fb035', 'e2535c0a-762f-4c7f-a031-c0156de9738a', '35c4ac03-348a-472f-ad3d-871a6745eca0', false);
INSERT INTO art_ping.project_employee VALUES ('c767076d-6db0-40cc-b53c-d080238d20f5', 'e2535c0a-762f-4c7f-a031-c0156de9738a', '7083f3b6-efe4-4bc7-af43-8e7df200936b', false);
INSERT INTO art_ping.project VALUES ('39397128-d8f0-488d-849c-4f87b8159b94', 'project201', true);
INSERT INTO art_ping.project_employee VALUES ('7b486c27-5582-4486-bf81-fc9791c942ea', '39397128-d8f0-488d-849c-4f87b8159b94', 'c497679e-3fec-4bcd-99a7-864f9803de1c', false);
INSERT INTO art_ping.project_employee VALUES ('f0e01cd0-ee9e-40c1-838c-de9b9c178d64', '39397128-d8f0-488d-849c-4f87b8159b94', '4fd466c7-89db-42c1-aac7-aeb9e138a273', false);
INSERT INTO art_ping.project_employee VALUES ('d460cfc3-6630-447a-8643-c7e726f3ac2a', '39397128-d8f0-488d-849c-4f87b8159b94', '5648ab49-662f-4584-9194-51d0dd974a77', false);
INSERT INTO art_ping.project_employee VALUES ('f3e56d10-40bb-4050-82b2-15a67eda039a', '39397128-d8f0-488d-849c-4f87b8159b94', '7a9a93b3-a6e3-42d4-ad7e-ce4ced0205d0', false);
INSERT INTO art_ping.project_employee VALUES ('1daa466c-1d5e-45b7-80b5-2f432f86638f', '39397128-d8f0-488d-849c-4f87b8159b94', '428373ee-8677-47fc-a008-7b445812caab', false);
INSERT INTO art_ping.project_employee VALUES ('ad144000-f7cc-47b9-accb-97552ddb075e', '39397128-d8f0-488d-849c-4f87b8159b94', '4e444732-bfa8-4437-9e90-b12b405cddba', false);
INSERT INTO art_ping.project_employee VALUES ('b4bdebcc-4e35-41cf-b5e5-1056f02a9c2a', '39397128-d8f0-488d-849c-4f87b8159b94', '0c6d2a1f-a5fb-419a-b16b-998b14649693', false);
INSERT INTO art_ping.project_employee VALUES ('78bca378-6668-49e3-9694-206ec0812a5a', '39397128-d8f0-488d-849c-4f87b8159b94', '231a2166-084a-45b7-b08c-0718eac0fdb3', false);
INSERT INTO art_ping.project_employee VALUES ('8508045a-3325-44f5-b45a-b6e331c3e86b', '39397128-d8f0-488d-849c-4f87b8159b94', 'de6113d7-ecae-4160-87a1-8fbaf7ecdb46', false);
INSERT INTO art_ping.project_employee VALUES ('f0ffa6f4-4fca-4711-a14d-ec7e44f8ded3', '39397128-d8f0-488d-849c-4f87b8159b94', '6bdd5fb0-1d5e-429c-9e42-64d6218babb4', false);
INSERT INTO art_ping.project_employee VALUES ('47203a25-f31f-4b62-a9d0-97ba632c4919', '39397128-d8f0-488d-849c-4f87b8159b94', '9866608c-4bcb-4214-bd85-81000287db57', false);
INSERT INTO art_ping.project_employee VALUES ('179c3e5f-d27f-40b3-a581-3ab3318a0e9c', '39397128-d8f0-488d-849c-4f87b8159b94', '1726d11a-8c45-4b86-86c8-eaee90e0f42a', false);
INSERT INTO art_ping.project_employee VALUES ('8d100e12-9c47-48cd-9ed5-ca94f6c3f798', '39397128-d8f0-488d-849c-4f87b8159b94', 'fc80d3d5-13f2-4802-9d0f-ed66529758da', false);
INSERT INTO art_ping.project_employee VALUES ('4d9a7745-608e-41a9-b15f-d2dff0c2f993', '39397128-d8f0-488d-849c-4f87b8159b94', 'b7105255-b70c-429e-8686-7ba8633ebf9f', false);
INSERT INTO art_ping.project_employee VALUES ('81983fe9-de1e-49b4-b73e-e4e4a6afbae5', '39397128-d8f0-488d-849c-4f87b8159b94', '8dc81c9e-ee1e-4c44-9e0f-2960dd77133d', false);
INSERT INTO art_ping.project_employee VALUES ('01182bee-091a-47bc-a7dc-3dd0a44e6453', '39397128-d8f0-488d-849c-4f87b8159b94', '0e7f2468-f920-461e-93a0-65a69233c30c', false);
INSERT INTO art_ping.project_employee VALUES ('a6d16f69-a2e8-4123-a834-f2a377b34a5f', '39397128-d8f0-488d-849c-4f87b8159b94', 'b6563d74-1e2b-4bc2-9c0c-b418a628bb78', false);
INSERT INTO art_ping.project_employee VALUES ('8a4fc81c-559d-4847-b97a-7e17df8d7086', '39397128-d8f0-488d-849c-4f87b8159b94', '8f066cff-4d9f-488f-8a9b-0c78b13fdef8', false);
INSERT INTO art_ping.project_employee VALUES ('4d57182a-73b9-41f5-9919-f4a86e4b56f2', '39397128-d8f0-488d-849c-4f87b8159b94', '6af93bbb-0c9c-4c02-b564-e1c57b244499', false);
INSERT INTO art_ping.project VALUES ('265f0095-471a-43fa-b24f-95ab96ece360', 'project202', true);
INSERT INTO art_ping.project_employee VALUES ('59097bde-2322-4020-b5f1-07738f6af02a', '265f0095-471a-43fa-b24f-95ab96ece360', '3bd6d5b0-006e-4c3b-b5aa-34554eb0c35c', false);
INSERT INTO art_ping.project_employee VALUES ('91ed47ef-fd4c-475a-973b-d6bc3964f05c', '265f0095-471a-43fa-b24f-95ab96ece360', 'be09a1ce-86c1-4b5c-bb25-a89e94fe6e18', false);
INSERT INTO art_ping.project_employee VALUES ('d460f56e-1d2a-4a3b-8c95-869ab8a7bb2f', '265f0095-471a-43fa-b24f-95ab96ece360', '5c5fca0c-c39c-4fa6-8670-2bdd13273633', false);
INSERT INTO art_ping.project_employee VALUES ('fe91cf25-71fa-48e9-b6f9-be6470d908fd', '265f0095-471a-43fa-b24f-95ab96ece360', 'c80963ca-8441-48a3-b833-d21f1c444187', false);
INSERT INTO art_ping.project_employee VALUES ('bfab2c13-a673-457d-a657-629d194a38b4', '265f0095-471a-43fa-b24f-95ab96ece360', '0e7f2468-f920-461e-93a0-65a69233c30c', false);
INSERT INTO art_ping.project_employee VALUES ('b7747bd6-cd8e-416f-b179-5e85935b0aa7', '265f0095-471a-43fa-b24f-95ab96ece360', '154b73f8-e56f-42af-8131-08d4912597c8', false);
INSERT INTO art_ping.project_employee VALUES ('77667ad6-f66d-4561-8811-709b025fa65c', '265f0095-471a-43fa-b24f-95ab96ece360', 'afe9b494-96c4-4c65-8192-7839fd67d093', false);
INSERT INTO art_ping.project VALUES ('5000ef00-11b0-4cc2-b02f-46a3098af2e3', 'project203', true);
INSERT INTO art_ping.project_employee VALUES ('f253d9fb-e034-4a7a-8642-9a9a5f49dd92', '5000ef00-11b0-4cc2-b02f-46a3098af2e3', 'c497679e-3fec-4bcd-99a7-864f9803de1c', false);
INSERT INTO art_ping.project_employee VALUES ('2b5bacf6-1178-4cee-b0fd-d5d9ac72e4cb', '5000ef00-11b0-4cc2-b02f-46a3098af2e3', '362a1a04-3bc4-4f14-8010-0c35a9dbc0fb', false);
INSERT INTO art_ping.project_employee VALUES ('7187a32e-e292-422e-b9d7-9eb3893e6438', '5000ef00-11b0-4cc2-b02f-46a3098af2e3', '507da374-840a-4ddb-8aa6-98fb673152ec', false);
INSERT INTO art_ping.project_employee VALUES ('891aeec0-601f-4979-bd6a-1de8df0ae08d', '5000ef00-11b0-4cc2-b02f-46a3098af2e3', '75327b2b-17bb-4cb5-8840-679898171eda', false);
INSERT INTO art_ping.project_employee VALUES ('c3758369-ac91-4488-9bc5-57515fad83fa', '5000ef00-11b0-4cc2-b02f-46a3098af2e3', '4c0d2729-f438-414b-88fb-a19b7c21b288', false);
INSERT INTO art_ping.project VALUES ('d76669a3-86d7-4215-8342-3b6aee79f6b2', 'project204', true);
INSERT INTO art_ping.project_employee VALUES ('08181383-5a20-4865-b6f0-fdc847351a6a', 'd76669a3-86d7-4215-8342-3b6aee79f6b2', '426943fe-cbdf-41f1-91dd-24818b867207', false);
INSERT INTO art_ping.project_employee VALUES ('f10d2793-6f50-4332-882d-3e0bf0d0c4aa', 'd76669a3-86d7-4215-8342-3b6aee79f6b2', 'a3f5c7b4-fba6-4630-9d7e-3cf64001368a', false);
INSERT INTO art_ping.project_employee VALUES ('8b711a5f-129a-4695-8afb-b3f4cb564785', 'd76669a3-86d7-4215-8342-3b6aee79f6b2', '56d3098f-57a8-4e7c-871d-76887c62c528', false);
INSERT INTO art_ping.project_employee VALUES ('4ad27aaf-f2b3-4668-ab7c-0863e75c21ef', 'd76669a3-86d7-4215-8342-3b6aee79f6b2', '0e1b2f29-f490-4f75-b4c3-611ccccdd849', false);
INSERT INTO art_ping.project_employee VALUES ('9df3bfb2-cc87-4c7a-967a-b477fe1de7f9', 'd76669a3-86d7-4215-8342-3b6aee79f6b2', '120e9abf-1fc2-4c79-a365-77e49a1f76ed', false);
INSERT INTO art_ping.project_employee VALUES ('cd8d3b7b-693f-40a4-be3c-5763526cd113', 'd76669a3-86d7-4215-8342-3b6aee79f6b2', '41e3fc84-eeea-421d-9854-b26ad91df17a', false);
INSERT INTO art_ping.project_employee VALUES ('4224e4a9-8ab2-4011-ba47-f05a35fe0f85', 'd76669a3-86d7-4215-8342-3b6aee79f6b2', '154b73f8-e56f-42af-8131-08d4912597c8', false);
INSERT INTO art_ping.project_employee VALUES ('c3de0aa2-e81c-4039-afcc-78c5584c4b7f', 'd76669a3-86d7-4215-8342-3b6aee79f6b2', '1b8856af-6593-492a-9fcd-fe63e89abfed', false);
INSERT INTO art_ping.project_employee VALUES ('64e153b0-ecda-4146-b58f-6cb909bc4e1a', 'd76669a3-86d7-4215-8342-3b6aee79f6b2', 'd13bf3ab-0c22-427c-98a6-97b733ab7813', false);
INSERT INTO art_ping.project_employee VALUES ('1ac4dbd8-b165-402f-96e2-24c92343f4db', 'd76669a3-86d7-4215-8342-3b6aee79f6b2', '5240e0be-3f9e-4ad6-954b-e4b62a4aaf36', false);
INSERT INTO art_ping.project VALUES ('dfd1ecd6-7429-4f7c-a723-8e4f8eb632ec', 'project205', true);
INSERT INTO art_ping.project_employee VALUES ('ca265331-a7a3-4ffb-971d-6ec1afed674e', 'dfd1ecd6-7429-4f7c-a723-8e4f8eb632ec', '9574b8bd-d990-4149-9d74-5338d79432ad', false);
INSERT INTO art_ping.project_employee VALUES ('8901a68e-0515-4688-8666-54b9edde8297', 'dfd1ecd6-7429-4f7c-a723-8e4f8eb632ec', '0f1ecb89-a2b6-4610-984c-9dc110ea6497', false);
INSERT INTO art_ping.project_employee VALUES ('efac7bca-4ee3-43e4-af59-43bfbf3df939', 'dfd1ecd6-7429-4f7c-a723-8e4f8eb632ec', 'e118eaff-ea44-4548-8941-28b1cb9ffd3a', false);
INSERT INTO art_ping.project_employee VALUES ('dcc224d6-766e-45d7-976c-4891101622fc', 'dfd1ecd6-7429-4f7c-a723-8e4f8eb632ec', '62c2bb85-0bec-4eb2-87b7-295231bba972', false);
INSERT INTO art_ping.project_employee VALUES ('298ff71f-7bd6-411f-9632-40a7b87a1d17', 'dfd1ecd6-7429-4f7c-a723-8e4f8eb632ec', '39837db2-6091-44d6-8a0e-351350a14453', false);
INSERT INTO art_ping.project_employee VALUES ('7537f113-3407-4ec3-96e1-e41ccc1ffa21', 'dfd1ecd6-7429-4f7c-a723-8e4f8eb632ec', 'cf0d3889-ccf9-4c1a-8cab-2c364d1fd976', false);
INSERT INTO art_ping.project VALUES ('a64145eb-92ce-45d1-8afa-29a06a018da8', 'project206', true);
INSERT INTO art_ping.project_employee VALUES ('6ffd5607-8839-43b8-aa07-777d6e02e50b', 'a64145eb-92ce-45d1-8afa-29a06a018da8', 'b41fe82e-ff88-429b-ba37-b399fe2da606', false);
INSERT INTO art_ping.project_employee VALUES ('00d7ebce-5d1d-4801-943c-c08f1c948251', 'a64145eb-92ce-45d1-8afa-29a06a018da8', '903273c9-ca49-4a1c-a336-2f1e04d6b29b', false);
INSERT INTO art_ping.project_employee VALUES ('3f446ba6-6887-4b1f-bed9-2ac6becf47f2', 'a64145eb-92ce-45d1-8afa-29a06a018da8', '62bf31ec-d2ad-422a-89e5-e0b11be1ac3f', false);
INSERT INTO art_ping.project_employee VALUES ('4d0ce6ef-b8cc-4de7-a61d-b1b5f2e91333', 'a64145eb-92ce-45d1-8afa-29a06a018da8', '62fcf142-7cf8-4257-80ef-b43137c8dbd2', false);
INSERT INTO art_ping.project_employee VALUES ('3bd50d9c-6757-44df-871e-05257a07872b', 'a64145eb-92ce-45d1-8afa-29a06a018da8', 'a1d05cee-811f-4a34-8cba-326090f3ec2c', false);
INSERT INTO art_ping.project_employee VALUES ('0ab8283d-d568-43ca-a952-0d4cccd9bb69', 'a64145eb-92ce-45d1-8afa-29a06a018da8', 'accbdfd4-4054-49bf-9930-17db990d4af7', false);
INSERT INTO art_ping.project_employee VALUES ('6ad43fd1-ee0c-4968-b41f-5c0e1e4bf072', 'a64145eb-92ce-45d1-8afa-29a06a018da8', '2864a45e-6a73-493e-a9e5-f43029ae42a4', false);
INSERT INTO art_ping.project VALUES ('f6dd83de-afae-4dc4-b376-80b88ceeeb8c', 'project207', true);
INSERT INTO art_ping.project_employee VALUES ('5213329a-0af8-43c1-9164-4b1ffbdd6938', 'f6dd83de-afae-4dc4-b376-80b88ceeeb8c', '009733eb-8522-45ab-b5ec-0144d9658abc', false);
INSERT INTO art_ping.project_employee VALUES ('16936983-05b4-43a4-a336-0d52735f4403', 'f6dd83de-afae-4dc4-b376-80b88ceeeb8c', 'ff381683-f441-4456-b183-eadff5e6641e', false);
INSERT INTO art_ping.project_employee VALUES ('ac8e95d1-7db2-4b5a-93c9-d469183c05fc', 'f6dd83de-afae-4dc4-b376-80b88ceeeb8c', '8fbca8db-c93a-4666-a70a-f3fc4dda566c', false);
INSERT INTO art_ping.project_employee VALUES ('a4d7a5f0-4562-4416-a1b6-6c6f4822a0e6', 'f6dd83de-afae-4dc4-b376-80b88ceeeb8c', '6a03c35a-cf52-4329-8505-46f823de9e34', false);
INSERT INTO art_ping.project_employee VALUES ('83ee1420-03f9-4e64-894e-d7feff66640f', 'f6dd83de-afae-4dc4-b376-80b88ceeeb8c', 'ee6e51f7-4879-4bc5-a8b5-e38b8f0eebe1', false);
INSERT INTO art_ping.project_employee VALUES ('181ca95d-427d-4b06-94b9-220d7aa32c3f', 'f6dd83de-afae-4dc4-b376-80b88ceeeb8c', '414e27b4-2843-4d3e-9eae-445e2f70e098', false);
INSERT INTO art_ping.project_employee VALUES ('d4225948-14d1-4004-8523-8aa74fda1e01', 'f6dd83de-afae-4dc4-b376-80b88ceeeb8c', 'a3eba660-ebad-4453-92f8-72def095c50d', false);
INSERT INTO art_ping.project_employee VALUES ('4a957c04-3f4e-4295-a22a-0c971b4b9830', 'f6dd83de-afae-4dc4-b376-80b88ceeeb8c', 'b3ff289a-968a-4dcb-8b38-6800ca163fd5', false);
INSERT INTO art_ping.project_employee VALUES ('662330c1-1918-4689-9015-ae0f2ad02131', 'f6dd83de-afae-4dc4-b376-80b88ceeeb8c', '046d5e00-ba89-4a40-ba02-eae14c78c564', false);
INSERT INTO art_ping.project_employee VALUES ('82b5b91a-a4c5-430d-81f2-ff03f5f2c626', 'f6dd83de-afae-4dc4-b376-80b88ceeeb8c', '63cce113-d103-45a1-8092-d837413e8f5d', false);
INSERT INTO art_ping.project_employee VALUES ('92e79f70-1273-4991-b3d5-50761d9c02f9', 'f6dd83de-afae-4dc4-b376-80b88ceeeb8c', '4e877079-8463-403d-8b7f-aabde8b63d16', false);
INSERT INTO art_ping.project_employee VALUES ('4a2bdcbf-636c-4093-ab38-a73af52526b2', 'f6dd83de-afae-4dc4-b376-80b88ceeeb8c', 'f9cbd2b4-d97d-4265-a5c3-4430f0614efa', false);
INSERT INTO art_ping.project_employee VALUES ('c12ae455-3b5a-4224-b182-7d7f55504854', 'f6dd83de-afae-4dc4-b376-80b88ceeeb8c', 'a69e1a15-2334-4eee-a908-8d9f343a9e20', false);
INSERT INTO art_ping.project_employee VALUES ('6ff80637-5226-453d-89ba-6e461ae13a19', 'f6dd83de-afae-4dc4-b376-80b88ceeeb8c', '3666fedf-cdb0-49c8-83b8-728556b637ce', false);
INSERT INTO art_ping.project_employee VALUES ('de67e51b-9c06-4033-a53d-3c33abb7aaa5', 'f6dd83de-afae-4dc4-b376-80b88ceeeb8c', '0929a218-1054-4297-9281-a856aec8a3a8', false);
INSERT INTO art_ping.project VALUES ('9e08d43d-ee3a-4821-88f4-ec6bac0e05a4', 'project208', true);
INSERT INTO art_ping.project_employee VALUES ('2c2f325d-7bc9-4028-9577-1a8eab37fa80', '9e08d43d-ee3a-4821-88f4-ec6bac0e05a4', '31fecfd7-9f48-418a-a757-9b8087966af9', false);
INSERT INTO art_ping.project_employee VALUES ('bc4da604-2139-4873-b636-102c22739dd8', '9e08d43d-ee3a-4821-88f4-ec6bac0e05a4', '68701196-939a-4d55-8611-2a710a1d93bf', false);
INSERT INTO art_ping.project_employee VALUES ('bd93efeb-6e23-4c8c-b2f1-25cfa5265006', '9e08d43d-ee3a-4821-88f4-ec6bac0e05a4', '8dacf61c-b38d-4d75-ac11-962a97226013', false);
INSERT INTO art_ping.project_employee VALUES ('3f94ee37-cae5-417d-82e0-1f8c3db523ca', '9e08d43d-ee3a-4821-88f4-ec6bac0e05a4', '515b00bb-3a1a-4c42-9349-ba7e5577b69d', false);
INSERT INTO art_ping.project_employee VALUES ('e7a66496-7fe2-4743-84f9-3906b669714c', '9e08d43d-ee3a-4821-88f4-ec6bac0e05a4', 'd26bf81b-cb46-448c-8011-1909509433d6', false);
INSERT INTO art_ping.project_employee VALUES ('d2e2a219-5035-4907-a746-bbb25d78b37d', '9e08d43d-ee3a-4821-88f4-ec6bac0e05a4', '471a103a-faff-493e-8d0a-299e388cbb2d', false);
INSERT INTO art_ping.project_employee VALUES ('02c3c939-7a49-4c92-aed7-e34bb7aff9c8', '9e08d43d-ee3a-4821-88f4-ec6bac0e05a4', '3caacf5d-2a9e-4b36-8fa2-b3a5303147fa', false);
INSERT INTO art_ping.project_employee VALUES ('43055062-a0e0-45f5-b8be-dac04891c1b3', '9e08d43d-ee3a-4821-88f4-ec6bac0e05a4', 'f4afc4da-d98c-4f2b-be4a-43ebca9bce04', false);
INSERT INTO art_ping.project_employee VALUES ('552c8e9f-5ebe-4bd4-8592-9e6895cc48e4', '9e08d43d-ee3a-4821-88f4-ec6bac0e05a4', 'ee00c89a-d2e9-4d1f-b11d-f6890c6f4039', false);
INSERT INTO art_ping.project_employee VALUES ('d6744731-eba7-43ad-96aa-99ed7933c839', '9e08d43d-ee3a-4821-88f4-ec6bac0e05a4', '35c4ac03-348a-472f-ad3d-871a6745eca0', false);
INSERT INTO art_ping.project_employee VALUES ('49df97e0-f5ef-4225-846b-cb59710b78a2', '9e08d43d-ee3a-4821-88f4-ec6bac0e05a4', '7337ef3d-f68b-445a-8b3b-e8e8eb34dfba', false);
INSERT INTO art_ping.project_employee VALUES ('0a30832f-c2c7-48aa-9398-0a0e90d4d555', '9e08d43d-ee3a-4821-88f4-ec6bac0e05a4', '63cce113-d103-45a1-8092-d837413e8f5d', false);
INSERT INTO art_ping.project_employee VALUES ('4387f9ef-a4ff-4524-8409-301ab2effebf', '9e08d43d-ee3a-4821-88f4-ec6bac0e05a4', 'e3453ceb-3aec-48b8-9376-a52af08e7111', false);
INSERT INTO art_ping.project_employee VALUES ('3a3bc3c8-e664-41e8-a560-3cc7356bba87', '9e08d43d-ee3a-4821-88f4-ec6bac0e05a4', 'a3f5c7b4-fba6-4630-9d7e-3cf64001368a', false);
INSERT INTO art_ping.project_employee VALUES ('3d0e3ffd-8f2d-46ad-b9f0-4f40a567084c', '9e08d43d-ee3a-4821-88f4-ec6bac0e05a4', '154b73f8-e56f-42af-8131-08d4912597c8', false);
INSERT INTO art_ping.project_employee VALUES ('41b8bc44-35ce-4e5e-a52d-a9f3809e5d56', '9e08d43d-ee3a-4821-88f4-ec6bac0e05a4', '80544bcc-4286-4ed6-8981-323152036cde', false);
INSERT INTO art_ping.project_employee VALUES ('efb74e0b-edfc-4bb5-82ba-3c6953e07eed', '9e08d43d-ee3a-4821-88f4-ec6bac0e05a4', '6af93bbb-0c9c-4c02-b564-e1c57b244499', false);
INSERT INTO art_ping.project VALUES ('3fc36d9c-45c0-445c-ae3c-b15356d4bd68', 'project209', true);
INSERT INTO art_ping.project_employee VALUES ('610b7818-ef82-4c42-931d-dfd1bad83bf2', '3fc36d9c-45c0-445c-ae3c-b15356d4bd68', 'fb9b03c8-a286-4686-a803-7019361ef031', false);
INSERT INTO art_ping.project_employee VALUES ('71fc07af-70a0-4989-aa21-89aee9a63864', '3fc36d9c-45c0-445c-ae3c-b15356d4bd68', '7bf9589d-3f5b-4251-95fa-912eed7a1001', false);
INSERT INTO art_ping.project_employee VALUES ('51177ab1-202b-49b2-ab23-01f4d8c8ac39', '3fc36d9c-45c0-445c-ae3c-b15356d4bd68', '2a1dd19e-3dfc-401d-8ae6-a3531463e0e2', false);
INSERT INTO art_ping.project_employee VALUES ('94467a27-6e1d-4f98-9a62-2229cf0dd797', '3fc36d9c-45c0-445c-ae3c-b15356d4bd68', '4e444732-bfa8-4437-9e90-b12b405cddba', false);
INSERT INTO art_ping.project_employee VALUES ('e587c994-1cd7-4290-b97f-8649a9cd4d27', '3fc36d9c-45c0-445c-ae3c-b15356d4bd68', '8f066cff-4d9f-488f-8a9b-0c78b13fdef8', false);
INSERT INTO art_ping.project VALUES ('85a026ec-c2a6-4110-a122-b821f048dd29', 'project210', true);
INSERT INTO art_ping.project_employee VALUES ('bfa09554-ea20-4ccb-8843-1aad73acac38', '85a026ec-c2a6-4110-a122-b821f048dd29', 'c446f2da-0723-44a3-a07c-dfe281f27a04', false);
INSERT INTO art_ping.project_employee VALUES ('783bae46-8715-4381-942c-b46235acc1d8', '85a026ec-c2a6-4110-a122-b821f048dd29', '93caefdf-d11f-498f-9939-acfa4f238b68', false);
INSERT INTO art_ping.project_employee VALUES ('a70619e5-4121-4417-811f-34cbfc6dd2c8', '85a026ec-c2a6-4110-a122-b821f048dd29', '3c6e0c9f-5628-4b52-8dd3-51073cb3b3e0', false);
INSERT INTO art_ping.project_employee VALUES ('499e8433-4c9c-4d43-ae21-38317b27752b', '85a026ec-c2a6-4110-a122-b821f048dd29', '899809d2-dbd7-43af-908b-6caa46258872', false);
INSERT INTO art_ping.project_employee VALUES ('86c82ff5-78f5-44dd-b475-015999f1517e', '85a026ec-c2a6-4110-a122-b821f048dd29', '1fa7b87d-f0de-4dd1-9f90-776b7a9eb4c3', false);
INSERT INTO art_ping.project_employee VALUES ('9b75f1fa-18bb-4ada-b831-6ffffdfa6efb', '85a026ec-c2a6-4110-a122-b821f048dd29', '47f45c62-b0ab-4f70-b60b-71c1f078dbe5', false);
INSERT INTO art_ping.project_employee VALUES ('93fe7ea9-e616-431a-ba43-4acdddd474d6', '85a026ec-c2a6-4110-a122-b821f048dd29', '046d5e00-ba89-4a40-ba02-eae14c78c564', false);
INSERT INTO art_ping.project_employee VALUES ('47d46796-aa24-4613-8388-0910ccd223ea', '85a026ec-c2a6-4110-a122-b821f048dd29', 'b8d59533-9f55-4532-a791-b913d6399661', false);
INSERT INTO art_ping.project_employee VALUES ('8ac6fe8a-4569-4e49-86d0-4496a85cdc4b', '85a026ec-c2a6-4110-a122-b821f048dd29', 'a5c55288-cba6-44c0-a078-d34a51694cb8', false);
INSERT INTO art_ping.project_employee VALUES ('fe7a63e6-ce87-4722-b5c7-30bcd9343499', '85a026ec-c2a6-4110-a122-b821f048dd29', '10b19fce-2be2-4dfa-a3d5-edfd155035d7', false);
INSERT INTO art_ping.project_employee VALUES ('575b284b-9966-49d4-9334-71163fa5c479', '85a026ec-c2a6-4110-a122-b821f048dd29', '63cce113-d103-45a1-8092-d837413e8f5d', false);
INSERT INTO art_ping.project_employee VALUES ('56ba710b-7ed2-4474-92bb-f2fd4040f988', '85a026ec-c2a6-4110-a122-b821f048dd29', '66cf2e59-f3fb-4523-a071-f700fb2eed5a', false);
INSERT INTO art_ping.project_employee VALUES ('6f52e346-324a-4d1b-9aeb-0859b94218e1', '85a026ec-c2a6-4110-a122-b821f048dd29', '00dbc004-e522-4e71-953d-dc682428df46', false);
INSERT INTO art_ping.project_employee VALUES ('da4a3ee5-8e3d-495b-8286-dfeaced0bbee', '85a026ec-c2a6-4110-a122-b821f048dd29', 'c9850c5e-3d65-4708-87a4-19a542b0ed9a', false);
INSERT INTO art_ping.project_employee VALUES ('906c8483-5a15-4840-9a2f-a17267ea463d', '85a026ec-c2a6-4110-a122-b821f048dd29', '06d7dbce-24ad-44d6-89f3-438d337d6ef4', false);
INSERT INTO art_ping.project VALUES ('bc4270e6-1ad2-4b80-ba0b-ed19c3b3a77f', 'project211', true);
INSERT INTO art_ping.project_employee VALUES ('d03f2195-832a-4566-89b8-4fd690e210bf', 'bc4270e6-1ad2-4b80-ba0b-ed19c3b3a77f', 'a1b17097-439e-4632-a6ad-30e7eda50e80', false);
INSERT INTO art_ping.project_employee VALUES ('b3537a1d-489f-4ca3-b3c1-fa1a9b577b1b', 'bc4270e6-1ad2-4b80-ba0b-ed19c3b3a77f', '65c8b1e8-72da-4a05-9ea2-82a47bfbe8f7', false);
INSERT INTO art_ping.project_employee VALUES ('3ec8b3ef-8daa-4954-a893-5ca707984ac1', 'bc4270e6-1ad2-4b80-ba0b-ed19c3b3a77f', '4fd466c7-89db-42c1-aac7-aeb9e138a273', false);
INSERT INTO art_ping.project_employee VALUES ('9229d429-bba5-420c-8e97-6de882b61870', 'bc4270e6-1ad2-4b80-ba0b-ed19c3b3a77f', '73f8c180-f844-4105-8870-8765ece45ad2', false);
INSERT INTO art_ping.project_employee VALUES ('491bb8a3-9f45-496d-8d91-c594f58aa610', 'bc4270e6-1ad2-4b80-ba0b-ed19c3b3a77f', 'e118eaff-ea44-4548-8941-28b1cb9ffd3a', false);
INSERT INTO art_ping.project_employee VALUES ('89e9da4c-20fe-40c5-aa1d-7babb2f60841', 'bc4270e6-1ad2-4b80-ba0b-ed19c3b3a77f', '07414fc9-cf25-4373-ac8a-8132e3fb40d9', false);
INSERT INTO art_ping.project_employee VALUES ('92b0832f-dbe4-43cc-bc31-49e88a7c39dd', 'bc4270e6-1ad2-4b80-ba0b-ed19c3b3a77f', 'ca0da76d-74ec-4bd0-b2b7-83fa512b3234', false);
INSERT INTO art_ping.project_employee VALUES ('37ef28b8-ba0d-47e4-8517-678e036b9962', 'bc4270e6-1ad2-4b80-ba0b-ed19c3b3a77f', '312e73e9-183a-46b9-b871-763096d3a647', false);
INSERT INTO art_ping.project_employee VALUES ('727ee3af-7387-4482-8d77-272a50340744', 'bc4270e6-1ad2-4b80-ba0b-ed19c3b3a77f', '814b20be-ac07-43d9-9e64-d4a054568440', false);
INSERT INTO art_ping.project_employee VALUES ('6fca1dd9-9793-4915-b276-4953b82654a8', 'bc4270e6-1ad2-4b80-ba0b-ed19c3b3a77f', 'a894ee0f-9b68-4185-a435-5cea33c3fce6', false);
INSERT INTO art_ping.project_employee VALUES ('7589770c-9424-4753-bbfb-7d92687beb87', 'bc4270e6-1ad2-4b80-ba0b-ed19c3b3a77f', '8f0ce4a2-4f0c-4d5e-b94b-419a5a440b21', false);
INSERT INTO art_ping.project_employee VALUES ('4473182c-49f2-4656-911a-7daa6a9ebf8b', 'bc4270e6-1ad2-4b80-ba0b-ed19c3b3a77f', 'ef15254f-a4cf-4eea-bcd8-6498dd842f78', false);
INSERT INTO art_ping.project_employee VALUES ('74789489-3ca3-406a-a560-b376fdf2cf35', 'bc4270e6-1ad2-4b80-ba0b-ed19c3b3a77f', '010af88c-89e4-41b4-90d2-fdd9be0641f0', false);
INSERT INTO art_ping.project_employee VALUES ('7710e6e8-888f-43f6-8953-6c576119e8c3', 'bc4270e6-1ad2-4b80-ba0b-ed19c3b3a77f', '287e5d5a-620c-4827-a90a-1f842bfb0e19', false);
INSERT INTO art_ping.project_employee VALUES ('97356654-4429-4634-a386-0ddbf575d600', 'bc4270e6-1ad2-4b80-ba0b-ed19c3b3a77f', '933b5c28-e1a9-4a5d-8fa2-f4c7b9d1084d', false);
INSERT INTO art_ping.project_employee VALUES ('de614a87-4c9b-4ec2-a7c7-f9b753aaad3f', 'bc4270e6-1ad2-4b80-ba0b-ed19c3b3a77f', '0e1b2f29-f490-4f75-b4c3-611ccccdd849', false);
INSERT INTO art_ping.project_employee VALUES ('af3f7908-3c0e-4bef-a075-9e1e386a8d72', 'bc4270e6-1ad2-4b80-ba0b-ed19c3b3a77f', 'a8cabb54-2ebd-46a6-aa94-cac081ddd297', false);
INSERT INTO art_ping.project_employee VALUES ('9ef62a18-01bf-4940-947c-204558f352e3', 'bc4270e6-1ad2-4b80-ba0b-ed19c3b3a77f', 'a3c277aa-71bb-4224-8d59-940803715ffa', false);
INSERT INTO art_ping.project VALUES ('4649a723-b554-4398-a321-099c93056cd7', 'project212', true);
INSERT INTO art_ping.project_employee VALUES ('a0111d66-0abe-444f-9f3c-ac93391e2b8e', '4649a723-b554-4398-a321-099c93056cd7', '6dc96164-1a4e-4d40-a791-6e3eb28ece7f', false);
INSERT INTO art_ping.project_employee VALUES ('17c112c5-206c-4252-b003-743c15298186', '4649a723-b554-4398-a321-099c93056cd7', 'b778b2cc-ca73-4f95-8b90-6e7ac3507fec', false);
INSERT INTO art_ping.project_employee VALUES ('0f457b1c-19bb-4b35-877b-b1a05a769d40', '4649a723-b554-4398-a321-099c93056cd7', '414e27b4-2843-4d3e-9eae-445e2f70e098', false);
INSERT INTO art_ping.project_employee VALUES ('e8cd783b-172b-4791-b614-119afb42c9cd', '4649a723-b554-4398-a321-099c93056cd7', 'f36f6161-6920-456f-8932-312679f02ff0', false);
INSERT INTO art_ping.project_employee VALUES ('81e1b380-f743-404b-b282-33ced8415fa3', '4649a723-b554-4398-a321-099c93056cd7', '8b7aa8af-fcb3-472e-a2ff-f74f8f941a0b', false);
INSERT INTO art_ping.project_employee VALUES ('a338e4d2-8440-49e7-8fbe-87bc82e5dac6', '4649a723-b554-4398-a321-099c93056cd7', '84d6237a-256f-4c52-94a0-ce2c0e851cf0', false);
INSERT INTO art_ping.project_employee VALUES ('bde70c9a-9057-439c-9b44-649c58b8e486', '4649a723-b554-4398-a321-099c93056cd7', '2a1dd19e-3dfc-401d-8ae6-a3531463e0e2', false);
INSERT INTO art_ping.project_employee VALUES ('c29dd1cf-ab53-47aa-a0c9-90ab262a72a1', '4649a723-b554-4398-a321-099c93056cd7', 'f4a19dcf-51f6-4782-9969-1c0850f2fa41', false);
INSERT INTO art_ping.project_employee VALUES ('4cf9fee4-13c8-4b47-bbce-5091ce4d1fa3', '4649a723-b554-4398-a321-099c93056cd7', 'b9044934-9dd7-4b46-9087-393232e50287', false);
INSERT INTO art_ping.project_employee VALUES ('4a7a0ce2-964c-430c-8d7d-d641e3dadf7e', '4649a723-b554-4398-a321-099c93056cd7', '7f017fd4-81ac-4d7b-a32e-c28b45ceb60f', false);
INSERT INTO art_ping.project_employee VALUES ('8817651c-6129-432b-8162-4b826f5541fe', '4649a723-b554-4398-a321-099c93056cd7', '81de19b3-4102-4be2-b92b-0f66fc0e3d16', false);
INSERT INTO art_ping.project_employee VALUES ('6138d477-a8e6-4c89-8965-920aa0528b97', '4649a723-b554-4398-a321-099c93056cd7', '933b5c28-e1a9-4a5d-8fa2-f4c7b9d1084d', false);
INSERT INTO art_ping.project_employee VALUES ('20e4f39e-e113-4948-951e-43a13e4ca78d', '4649a723-b554-4398-a321-099c93056cd7', 'b81ee9ec-c164-40d3-8cb0-951b23351884', false);
INSERT INTO art_ping.project_employee VALUES ('2cca3a41-6285-4440-8b07-65877ae28b6d', '4649a723-b554-4398-a321-099c93056cd7', 'e7001bd5-482c-4643-b5d7-ea6ee953b6b1', false);
INSERT INTO art_ping.project_employee VALUES ('06370cc4-ffef-4f64-8b76-3adb2cebdef3', '4649a723-b554-4398-a321-099c93056cd7', '311f7915-6fe6-413e-8b93-43dc1e05bead', false);
INSERT INTO art_ping.project_employee VALUES ('e4e92d64-8928-4818-88de-f51c6e065368', '4649a723-b554-4398-a321-099c93056cd7', 'b6563d74-1e2b-4bc2-9c0c-b418a628bb78', false);
INSERT INTO art_ping.project_employee VALUES ('b00bd2dc-186d-4f26-9ca9-7b7304c71458', '4649a723-b554-4398-a321-099c93056cd7', '4a603d7c-7db7-4939-a25c-d579ef352137', false);
INSERT INTO art_ping.project VALUES ('f93a74ed-a234-4493-a06d-5669be435e4a', 'project213', true);
INSERT INTO art_ping.project_employee VALUES ('9a99c298-52c7-4bb4-a2fa-4b0b4562a726', 'f93a74ed-a234-4493-a06d-5669be435e4a', '1bdc9fbe-a832-48d7-8ab9-dd59882f1cb7', false);
INSERT INTO art_ping.project_employee VALUES ('98623a0e-a17d-40c8-9e0f-8aea20226933', 'f93a74ed-a234-4493-a06d-5669be435e4a', '3c6e0c9f-5628-4b52-8dd3-51073cb3b3e0', false);
INSERT INTO art_ping.project_employee VALUES ('5f5f778c-0a36-4d81-896f-a6a1b2f77e25', 'f93a74ed-a234-4493-a06d-5669be435e4a', 'ca9f2c0f-d99d-4daf-b8c4-0a57639238f6', false);
INSERT INTO art_ping.project_employee VALUES ('5a27959b-65e0-4d97-9a3f-bd241ce9707e', 'f93a74ed-a234-4493-a06d-5669be435e4a', 'ecff3071-8e08-4773-b824-cefc3f98780d', false);
INSERT INTO art_ping.project_employee VALUES ('ab2598d6-77e1-491c-820f-12abcdd55905', 'f93a74ed-a234-4493-a06d-5669be435e4a', 'fe1d5557-c995-4cc6-8a60-5d8bd0b2bdde', false);
INSERT INTO art_ping.project_employee VALUES ('48d6f68c-fbc5-4593-a3d9-e36bd8179180', 'f93a74ed-a234-4493-a06d-5669be435e4a', '312e73e9-183a-46b9-b871-763096d3a647', false);
INSERT INTO art_ping.project_employee VALUES ('a96ec0d6-02d0-447c-8560-dafc0d6498e2', 'f93a74ed-a234-4493-a06d-5669be435e4a', 'de6113d7-ecae-4160-87a1-8fbaf7ecdb46', false);
INSERT INTO art_ping.project_employee VALUES ('4aee8e42-1f6b-4108-a466-fe5781c95912', 'f93a74ed-a234-4493-a06d-5669be435e4a', '0e56808e-1d78-4611-b873-0d2d75c33554', false);
INSERT INTO art_ping.project_employee VALUES ('015016b7-1e02-4c31-9a4b-6b05aac7a16a', 'f93a74ed-a234-4493-a06d-5669be435e4a', 'e3453ceb-3aec-48b8-9376-a52af08e7111', false);
INSERT INTO art_ping.project_employee VALUES ('a8601a79-6318-42a2-b883-5d2ea560f411', 'f93a74ed-a234-4493-a06d-5669be435e4a', '57c9a6f6-2544-456e-9146-9ae136ae6298', false);
INSERT INTO art_ping.project_employee VALUES ('b4326ddf-cb4d-4f93-8497-6e382fbb9118', 'f93a74ed-a234-4493-a06d-5669be435e4a', '00dbc004-e522-4e71-953d-dc682428df46', false);
INSERT INTO art_ping.project_employee VALUES ('98fa68f1-4098-4695-9861-42768c7f9cdd', 'f93a74ed-a234-4493-a06d-5669be435e4a', '8dc81c9e-ee1e-4c44-9e0f-2960dd77133d', false);
INSERT INTO art_ping.project_employee VALUES ('9d841377-11d0-4d71-9e39-0e6c03d3656d', 'f93a74ed-a234-4493-a06d-5669be435e4a', '8287baf5-4067-4c65-9264-fe5793108fda', false);
INSERT INTO art_ping.project_employee VALUES ('90f2b2a3-2e09-4186-af02-b9b110a6cb4c', 'f93a74ed-a234-4493-a06d-5669be435e4a', 'ee0769af-652c-4ed0-aec4-f09c72a54f84', false);
INSERT INTO art_ping.project VALUES ('705671ea-1664-458b-aa04-b13390e630ee', 'project214', true);
INSERT INTO art_ping.project_employee VALUES ('a3be6f66-683a-43d7-be39-659d8fdca1a6', '705671ea-1664-458b-aa04-b13390e630ee', '7905529c-f0e5-4be5-8397-a2b43235b328', false);
INSERT INTO art_ping.project_employee VALUES ('a132549e-b1c3-4a7c-8dcc-b29fe57a573c', '705671ea-1664-458b-aa04-b13390e630ee', 'bdce2984-48ff-47e3-9fed-ecc02eb0faa4', false);
INSERT INTO art_ping.project_employee VALUES ('709d8a80-93cc-4616-8c5c-f2d64d11c35f', '705671ea-1664-458b-aa04-b13390e630ee', 'ee6e51f7-4879-4bc5-a8b5-e38b8f0eebe1', false);
INSERT INTO art_ping.project_employee VALUES ('2b11d690-bf02-4293-b8c8-7e9c4420488a', '705671ea-1664-458b-aa04-b13390e630ee', '7bf9589d-3f5b-4251-95fa-912eed7a1001', false);
INSERT INTO art_ping.project_employee VALUES ('14a9e37e-4675-465c-b2ea-2104eaf1f4ea', '705671ea-1664-458b-aa04-b13390e630ee', 'acf24a6a-9e8b-4edf-982c-ad62dcb4e236', false);
INSERT INTO art_ping.project_employee VALUES ('135b4de7-6bbf-410c-af35-565046630fca', '705671ea-1664-458b-aa04-b13390e630ee', '93ff44ac-f65e-4e21-bdfd-51e41847af5d', false);
INSERT INTO art_ping.project_employee VALUES ('c9264d36-6f9f-44d4-9067-0c7e35b71d2e', '705671ea-1664-458b-aa04-b13390e630ee', 'ad0d0703-f6d8-411c-bb37-9af9e69c382c', false);
INSERT INTO art_ping.project VALUES ('3397faa6-bdd6-4958-a6a5-63c9cfb4507e', 'project215', true);
INSERT INTO art_ping.project_employee VALUES ('bded7d07-81aa-4ae3-8f88-96049cd34ef5', '3397faa6-bdd6-4958-a6a5-63c9cfb4507e', '903273c9-ca49-4a1c-a336-2f1e04d6b29b', false);
INSERT INTO art_ping.project_employee VALUES ('1f3a100e-816e-4845-851d-b61397c5b944', '3397faa6-bdd6-4958-a6a5-63c9cfb4507e', '3445bdb6-72e9-4dc4-ad8a-508eecf56808', false);
INSERT INTO art_ping.project_employee VALUES ('2ce201f7-a308-4c83-9d83-919694ea1267', '3397faa6-bdd6-4958-a6a5-63c9cfb4507e', 'b778b2cc-ca73-4f95-8b90-6e7ac3507fec', false);
INSERT INTO art_ping.project_employee VALUES ('e71ace83-c541-43cc-b263-a56075f74324', '3397faa6-bdd6-4958-a6a5-63c9cfb4507e', 'a547f5ea-4ebe-4601-aa11-6306914d7eaf', false);
INSERT INTO art_ping.project_employee VALUES ('296b280c-807f-4da5-9a0e-a7adbc32760f', '3397faa6-bdd6-4958-a6a5-63c9cfb4507e', '22b95590-f019-4c0b-82ee-73e0fc114eec', false);
INSERT INTO art_ping.project_employee VALUES ('5074f713-bcd0-4e1b-93b7-a81d317954f7', '3397faa6-bdd6-4958-a6a5-63c9cfb4507e', '1101b59e-066e-43e4-ab5a-bf1e1b623ee0', false);
INSERT INTO art_ping.project_employee VALUES ('2df47d28-f784-4593-b59c-e1927c3fa195', '3397faa6-bdd6-4958-a6a5-63c9cfb4507e', 'af3ef3c6-f266-45bc-b259-a5c2e9b944ee', false);
INSERT INTO art_ping.project_employee VALUES ('5dd8f232-1fa7-4da0-b95e-db5fd86324e1', '3397faa6-bdd6-4958-a6a5-63c9cfb4507e', '9ffecabc-43e0-4fba-88df-d90801b4c44e', false);
INSERT INTO art_ping.project_employee VALUES ('40d824d0-1db3-4971-9001-d647084490b3', '3397faa6-bdd6-4958-a6a5-63c9cfb4507e', '47813b39-a1ac-4b21-ab4f-1b9a01ccb067', false);
INSERT INTO art_ping.project_employee VALUES ('a6ac66d0-a1a2-4058-acf1-7ca8ba9b5cdd', '3397faa6-bdd6-4958-a6a5-63c9cfb4507e', 'a5637101-c194-4d4e-a661-313569df8625', false);
INSERT INTO art_ping.project VALUES ('96fd7db8-ba9a-48d7-9034-cf22834c5243', 'project216', true);
INSERT INTO art_ping.project_employee VALUES ('70897731-3579-4470-9d08-0441ddfc0495', '96fd7db8-ba9a-48d7-9034-cf22834c5243', 'db2a3830-9632-42f6-a3bd-7ec482fe4a30', false);
INSERT INTO art_ping.project_employee VALUES ('3b3c6373-22f2-485b-a762-24b1df9ea7a3', '96fd7db8-ba9a-48d7-9034-cf22834c5243', '10b19fce-2be2-4dfa-a3d5-edfd155035d7', false);
INSERT INTO art_ping.project_employee VALUES ('23b17747-0496-4705-86af-5ff8b88d3850', '96fd7db8-ba9a-48d7-9034-cf22834c5243', '1f77cbae-6ff3-4e01-950c-ebb36963c717', false);
INSERT INTO art_ping.project_employee VALUES ('74816730-f8ba-4cbe-a2fa-60c5a3240738', '96fd7db8-ba9a-48d7-9034-cf22834c5243', '5a3b8ac9-5ccc-4960-8b0a-e990b9394193', false);
INSERT INTO art_ping.project_employee VALUES ('7668c66b-29fe-4327-9273-5ef8f588d21a', '96fd7db8-ba9a-48d7-9034-cf22834c5243', '3666fedf-cdb0-49c8-83b8-728556b637ce', false);
INSERT INTO art_ping.project_employee VALUES ('05a23c25-7075-4519-a235-ff3e72cae2f3', '96fd7db8-ba9a-48d7-9034-cf22834c5243', '506c90be-9047-4868-9f58-4d30d43c5cd4', false);
INSERT INTO art_ping.project VALUES ('d48ae40e-a4ec-4cd9-8fd4-9d41d89f9676', 'project217', true);
INSERT INTO art_ping.project_employee VALUES ('8c3ef4c3-dc73-4e56-8e2a-2fd5856c7d10', 'd48ae40e-a4ec-4cd9-8fd4-9d41d89f9676', '95ab0c6e-bcd2-4038-86ad-9f7fa7293f10', false);
INSERT INTO art_ping.project_employee VALUES ('5eaf807b-7f60-4b29-9e82-a77ecccbcc5c', 'd48ae40e-a4ec-4cd9-8fd4-9d41d89f9676', '933b5c28-e1a9-4a5d-8fa2-f4c7b9d1084d', false);
INSERT INTO art_ping.project_employee VALUES ('bcaae63a-ceed-4ca2-b529-6fbb0dca6efa', 'd48ae40e-a4ec-4cd9-8fd4-9d41d89f9676', '17a42ec3-3aa2-4783-91f1-8c039ee36acb', false);
INSERT INTO art_ping.project_employee VALUES ('71a2d71e-d4bf-4298-9bf1-bc08a80d0cd9', 'd48ae40e-a4ec-4cd9-8fd4-9d41d89f9676', '4302338b-46b5-45ee-bd61-0fc7cede54ba', false);
INSERT INTO art_ping.project_employee VALUES ('70dd848a-543e-4557-bf4f-a4048e3f14b0', 'd48ae40e-a4ec-4cd9-8fd4-9d41d89f9676', '66212139-5688-45f1-b12a-3712ecaa9833', false);
INSERT INTO art_ping.project_employee VALUES ('ec805455-d112-41ba-8677-129d01e861dc', 'd48ae40e-a4ec-4cd9-8fd4-9d41d89f9676', '86cf0bff-1a68-488a-8295-4222969a3ffb', false);
INSERT INTO art_ping.project_employee VALUES ('8d3ed3d7-3557-449f-b1d0-8629ffd096ed', 'd48ae40e-a4ec-4cd9-8fd4-9d41d89f9676', '154b73f8-e56f-42af-8131-08d4912597c8', false);
INSERT INTO art_ping.project_employee VALUES ('ff7f34fa-e0a9-4ecc-bd88-14815dac3f5f', 'd48ae40e-a4ec-4cd9-8fd4-9d41d89f9676', '606aa705-2913-4857-b870-266864ce2bee', false);
INSERT INTO art_ping.project_employee VALUES ('d3099bab-a4d4-4c81-93a4-4ac92d5eabc7', 'd48ae40e-a4ec-4cd9-8fd4-9d41d89f9676', '8b8926db-6dea-40e5-b8fd-579381501a21', false);
INSERT INTO art_ping.project_employee VALUES ('f5f7ce73-a1a2-4009-8237-f10638c5fcff', 'd48ae40e-a4ec-4cd9-8fd4-9d41d89f9676', 'db7c32ef-a43e-4924-950d-67368720b1ca', false);
INSERT INTO art_ping.project_employee VALUES ('e0692432-8888-4d0a-8217-d506d3d7872a', 'd48ae40e-a4ec-4cd9-8fd4-9d41d89f9676', '996bd995-cc56-418a-9d28-a230fd00fb49', false);
INSERT INTO art_ping.project_employee VALUES ('012db144-9c20-4e66-89f6-cc0ccdcc06eb', 'd48ae40e-a4ec-4cd9-8fd4-9d41d89f9676', '4281c7b2-01a0-4154-8a50-fd49e765852b', false);
INSERT INTO art_ping.project VALUES ('dd363185-8960-4f51-8c39-519b9219dafe', 'project218', true);
INSERT INTO art_ping.project_employee VALUES ('5e0db7ad-0eec-45c3-95a7-f796d4f6494d', 'dd363185-8960-4f51-8c39-519b9219dafe', 'b6253a98-159e-4c74-94ac-a4b372fbe34a', false);
INSERT INTO art_ping.project_employee VALUES ('dab65036-9096-4d6e-9741-c63c9b1df7ba', 'dd363185-8960-4f51-8c39-519b9219dafe', 'be09a1ce-86c1-4b5c-bb25-a89e94fe6e18', false);
INSERT INTO art_ping.project_employee VALUES ('d301ee0d-4faa-4da0-ae05-4ff733429bee', 'dd363185-8960-4f51-8c39-519b9219dafe', '92bdf01e-cbbd-4d9f-88a5-c6fa0275dfae', false);
INSERT INTO art_ping.project_employee VALUES ('e7415b1c-df8c-4d51-9d79-ab3ff222b306', 'dd363185-8960-4f51-8c39-519b9219dafe', '7c2ee8dd-649b-46a6-89cc-74298ad7b4af', false);
INSERT INTO art_ping.project_employee VALUES ('4f1e5403-42ca-42ec-9518-d714bec12ced', 'dd363185-8960-4f51-8c39-519b9219dafe', 'fa21f402-1783-4e26-a087-c5cc50765fe8', false);
INSERT INTO art_ping.project_employee VALUES ('812a2c84-c916-402c-a407-cd7680760266', 'dd363185-8960-4f51-8c39-519b9219dafe', 'd506ff2e-4561-4778-b519-7d7fb9384e04', false);
INSERT INTO art_ping.project_employee VALUES ('ba314d98-5551-4e1f-9e08-f233799613fe', 'dd363185-8960-4f51-8c39-519b9219dafe', 'c4a23d0a-4a7e-402d-bbe4-511d102e4648', false);
INSERT INTO art_ping.project_employee VALUES ('56a5adf2-50e5-451e-8bdc-f559b9db52d9', 'dd363185-8960-4f51-8c39-519b9219dafe', '8129909d-b55b-408b-a343-ccb232362045', false);
INSERT INTO art_ping.project_employee VALUES ('b8547cbe-8a88-4261-9e9e-4fbaad893817', 'dd363185-8960-4f51-8c39-519b9219dafe', 'c4f977b5-260c-4ec2-8d08-ef9e556cdd83', false);
INSERT INTO art_ping.project_employee VALUES ('fa147566-31ce-4ad5-9905-356e9e44760c', 'dd363185-8960-4f51-8c39-519b9219dafe', 'cf0d3889-ccf9-4c1a-8cab-2c364d1fd976', false);
INSERT INTO art_ping.project_employee VALUES ('af4d7331-b660-42ce-b591-505bba136cb2', 'dd363185-8960-4f51-8c39-519b9219dafe', '2a2af232-b498-4a4b-9603-c749f89df339', false);
INSERT INTO art_ping.project VALUES ('973ea05f-f562-483d-9fec-636f3b3b28ff', 'project219', true);
INSERT INTO art_ping.project_employee VALUES ('112bdfcd-a4fd-4790-b12b-1deb24593c8f', '973ea05f-f562-483d-9fec-636f3b3b28ff', 'a894ee0f-9b68-4185-a435-5cea33c3fce6', false);
INSERT INTO art_ping.project_employee VALUES ('c9637a18-85aa-4f29-a735-e810aae85e47', '973ea05f-f562-483d-9fec-636f3b3b28ff', 'ada10710-d213-4070-b5cf-549aa23423ee', false);
INSERT INTO art_ping.project_employee VALUES ('3ca0656d-e58f-4e1f-856e-4132f101abb0', '973ea05f-f562-483d-9fec-636f3b3b28ff', '11f08932-f615-4629-9246-f439fc292b0c', false);
INSERT INTO art_ping.project_employee VALUES ('3097177a-e19e-4fca-ad8e-52cd3adf5370', '973ea05f-f562-483d-9fec-636f3b3b28ff', '032e716f-5985-4f20-a283-dbb833a6612e', false);
INSERT INTO art_ping.project_employee VALUES ('d9e806ee-0eb1-463d-8cc6-dde11744272d', '973ea05f-f562-483d-9fec-636f3b3b28ff', 'e8fa1518-3191-4982-992e-6e1f22ae0d0b', false);
INSERT INTO art_ping.project_employee VALUES ('20194664-9f77-4840-9e2a-f47b05291a9b', '973ea05f-f562-483d-9fec-636f3b3b28ff', 'e4bd53af-629a-470c-b62f-59cec1997074', false);
INSERT INTO art_ping.project_employee VALUES ('33e99931-31a2-41fa-aec0-49722d97a414', '973ea05f-f562-483d-9fec-636f3b3b28ff', 'c1c408a4-5c48-45b6-acee-bab5fb93950a', false);
INSERT INTO art_ping.project_employee VALUES ('e62ccbae-10bb-4bf8-85bd-16f947bc1a51', '973ea05f-f562-483d-9fec-636f3b3b28ff', 'df1ea017-7893-474e-8b65-fe38cbadedcf', false);
INSERT INTO art_ping.project_employee VALUES ('239d97ea-d578-4d7e-9167-6d6ff6381f45', '973ea05f-f562-483d-9fec-636f3b3b28ff', '35af698d-59f4-4fb5-b154-07310af46e3d', false);
INSERT INTO art_ping.project_employee VALUES ('4a509159-a105-40b3-af6f-955d671f5f58', '973ea05f-f562-483d-9fec-636f3b3b28ff', 'eed660b1-8ce6-4fbc-8b1a-102b691fbe78', false);
INSERT INTO art_ping.project_employee VALUES ('5193e7bf-e5ee-4ed9-9405-248da69f8d5a', '973ea05f-f562-483d-9fec-636f3b3b28ff', '55743fe3-5eb2-4bcb-a294-96956680a9f5', false);
INSERT INTO art_ping.project VALUES ('6a606c3f-f4d7-49c9-8d51-4b8e4922919a', 'project220', true);
INSERT INTO art_ping.project_employee VALUES ('4e0af05a-fa27-4794-90a0-29ecc2e9db82', '6a606c3f-f4d7-49c9-8d51-4b8e4922919a', '8dacf61c-b38d-4d75-ac11-962a97226013', false);
INSERT INTO art_ping.project_employee VALUES ('5c31053b-e4a6-490d-9d4f-32ca085bff30', '6a606c3f-f4d7-49c9-8d51-4b8e4922919a', '2f690191-97fc-4523-8952-6e0f6ce811f2', false);
INSERT INTO art_ping.project_employee VALUES ('fbf6fbbd-5c07-47f2-bebd-342d7eb4d8dc', '6a606c3f-f4d7-49c9-8d51-4b8e4922919a', '56d3098f-57a8-4e7c-871d-76887c62c528', false);
INSERT INTO art_ping.project_employee VALUES ('5d66f93a-78c2-4473-b4dc-77531198d03b', '6a606c3f-f4d7-49c9-8d51-4b8e4922919a', '56e9ab80-35f9-4034-8592-52a50a03a121', false);
INSERT INTO art_ping.project_employee VALUES ('6ed122ae-7565-40a6-a743-c1311ed0db4e', '6a606c3f-f4d7-49c9-8d51-4b8e4922919a', '65745237-68de-4eac-ac96-8e7d8144be77', false);
INSERT INTO art_ping.project_employee VALUES ('87c98367-c1fc-4655-b11e-0a807b54ece6', '6a606c3f-f4d7-49c9-8d51-4b8e4922919a', '7461a4f0-99f3-4237-92a6-1b7e459a9325', false);
INSERT INTO art_ping.project_employee VALUES ('91e7691c-0421-4386-b507-f96b496b023b', '6a606c3f-f4d7-49c9-8d51-4b8e4922919a', 'f3e554c4-893a-41eb-9a09-215a08f04216', false);
INSERT INTO art_ping.project VALUES ('b146846e-0e6e-4b24-9874-22021c12039f', 'project221', true);
INSERT INTO art_ping.project_employee VALUES ('d8aa4311-e481-4699-ad2a-e4b30b1ad5f1', 'b146846e-0e6e-4b24-9874-22021c12039f', '8a6f27db-c66a-4e27-9055-8440bd72a98f', false);
INSERT INTO art_ping.project_employee VALUES ('e27907f2-4139-443f-b99f-7b1bf686b03d', 'b146846e-0e6e-4b24-9874-22021c12039f', 'c081cb8c-ccec-4887-aae1-0d25f16eeea7', false);
INSERT INTO art_ping.project_employee VALUES ('71bafcfb-2122-45f5-ada4-bc60e93f9e3c', 'b146846e-0e6e-4b24-9874-22021c12039f', '68aca824-016e-4faa-926c-9688c6b57fc2', false);
INSERT INTO art_ping.project_employee VALUES ('7868b0ee-d4c0-4ccd-98ad-02698e93c1ff', 'b146846e-0e6e-4b24-9874-22021c12039f', '52cf7dca-8a89-4675-8cca-ca319a24bc04', false);
INSERT INTO art_ping.project_employee VALUES ('4029aa79-f1e3-4b4c-be71-e7c783c33380', 'b146846e-0e6e-4b24-9874-22021c12039f', 'b76f35f1-09f9-4e88-bdb3-53613fca1770', false);
INSERT INTO art_ping.project VALUES ('831abeff-08ca-415a-9dae-41ae2b6b1531', 'project222', true);
INSERT INTO art_ping.project_employee VALUES ('4e02eed7-b159-4860-a83b-bb265a4631d2', '831abeff-08ca-415a-9dae-41ae2b6b1531', '90a02b61-94e7-4e76-ab63-d53544cb5234', false);
INSERT INTO art_ping.project_employee VALUES ('daca9dda-c421-498b-96b7-48e4e0afa18f', '831abeff-08ca-415a-9dae-41ae2b6b1531', 'ae242bfa-9bae-45ea-9425-2b4eaeaa9b68', false);
INSERT INTO art_ping.project_employee VALUES ('c14301c0-8976-4c75-a5b2-11979aae8d00', '831abeff-08ca-415a-9dae-41ae2b6b1531', 'ca9f2c0f-d99d-4daf-b8c4-0a57639238f6', false);
INSERT INTO art_ping.project_employee VALUES ('2128382e-e29e-45e1-b53a-a3dc230f5c4b', '831abeff-08ca-415a-9dae-41ae2b6b1531', '370fc29e-15f0-499d-9e63-db0a909c2d45', false);
INSERT INTO art_ping.project_employee VALUES ('74001a05-0045-4fc5-9328-2989416db286', '831abeff-08ca-415a-9dae-41ae2b6b1531', 'd15ec44e-6635-478c-af0f-f55a63b8a9d3', false);
INSERT INTO art_ping.project_employee VALUES ('43415c83-ae83-44f7-ae0e-69aa22904213', '831abeff-08ca-415a-9dae-41ae2b6b1531', 'a6790baa-fb04-4966-8a25-39972358d9b7', false);
INSERT INTO art_ping.project_employee VALUES ('09d69581-3d29-4dac-a252-623e044fe652', '831abeff-08ca-415a-9dae-41ae2b6b1531', '00480f9c-f2d1-4f04-bd42-bc6509b39d8c', false);
INSERT INTO art_ping.project_employee VALUES ('c727a8d1-6131-4a77-99c9-8ccbc74dad03', '831abeff-08ca-415a-9dae-41ae2b6b1531', '2ff27e9f-d09e-4abf-81e0-e434c1b058e0', false);
INSERT INTO art_ping.project_employee VALUES ('9bc9489e-8848-43c2-b60d-770d4c1f7766', '831abeff-08ca-415a-9dae-41ae2b6b1531', '63649477-d30e-4cb7-8149-52bb5f796373', false);
INSERT INTO art_ping.project VALUES ('81048583-9e83-4241-a2a9-17980086e450', 'project223', true);
INSERT INTO art_ping.project_employee VALUES ('18a48fcc-2eba-442c-8f3e-e7953868dbb7', '81048583-9e83-4241-a2a9-17980086e450', 'ba1bad15-851a-4e22-b1f2-99e966b0d2c2', false);
INSERT INTO art_ping.project_employee VALUES ('17a0d43e-c63d-415c-b8e0-36601cc86729', '81048583-9e83-4241-a2a9-17980086e450', '326ac3e5-245e-4f54-bc7f-c89a0575f37c', false);
INSERT INTO art_ping.project_employee VALUES ('1da511b8-3ecd-48a0-9222-5dd51a3f8019', '81048583-9e83-4241-a2a9-17980086e450', '5d5f62ab-4100-439e-ab0a-b40bd5dd2df6', false);
INSERT INTO art_ping.project_employee VALUES ('a1d38080-58d5-4e96-8cb3-f391c5874c81', '81048583-9e83-4241-a2a9-17980086e450', '452bb471-b605-431a-9c9f-c673b4fa099e', false);
INSERT INTO art_ping.project_employee VALUES ('72ffe42e-379e-41f9-82dd-5dba30f2f898', '81048583-9e83-4241-a2a9-17980086e450', '82ba39fe-9452-4426-b62b-d9b0376c2b6e', false);
INSERT INTO art_ping.project_employee VALUES ('b24f8abd-9568-4db7-8a9d-90599818e3c2', '81048583-9e83-4241-a2a9-17980086e450', 'e2b5b5af-bea7-4210-8c26-9fdbf97d7207', false);
INSERT INTO art_ping.project_employee VALUES ('9ddb73af-7138-45ec-92fc-e041ec1457cc', '81048583-9e83-4241-a2a9-17980086e450', 'c65c9dc4-e47e-4ab0-b4ea-9762e95d0a50', false);
INSERT INTO art_ping.project_employee VALUES ('560cefa1-2cc4-4910-80e5-f5de7bd747eb', '81048583-9e83-4241-a2a9-17980086e450', '6ee424aa-e0f1-4a58-93ae-551f7892393b', false);
INSERT INTO art_ping.project_employee VALUES ('3be40f75-e8e7-41fa-8593-e3115ad9ad52', '81048583-9e83-4241-a2a9-17980086e450', 'fde5fdd7-8bbd-446b-a01f-b2b4978514a3', false);
INSERT INTO art_ping.project_employee VALUES ('61ece774-5899-4ab2-9427-2c85019725d2', '81048583-9e83-4241-a2a9-17980086e450', 'df1ea017-7893-474e-8b65-fe38cbadedcf', false);
INSERT INTO art_ping.project_employee VALUES ('0580957b-12d5-4f71-b0da-190f3d954daa', '81048583-9e83-4241-a2a9-17980086e450', '06d7dbce-24ad-44d6-89f3-438d337d6ef4', false);
INSERT INTO art_ping.project_employee VALUES ('3573280c-2d21-4bdf-8144-30e90321d042', '81048583-9e83-4241-a2a9-17980086e450', '6af70ce3-be0a-4b67-90f8-5d03b9250dff', false);
INSERT INTO art_ping.project_employee VALUES ('b07c32c4-d8d4-4d12-9c81-68cf4e216dfd', '81048583-9e83-4241-a2a9-17980086e450', '97b2f937-54d8-4fa4-b68a-9e346b96953c', false);
INSERT INTO art_ping.project VALUES ('af39239a-59f4-40b3-abd4-4daeaf802803', 'project224', true);
INSERT INTO art_ping.project_employee VALUES ('d160c7b2-bd98-412a-8cd2-b1434205a6ec', 'af39239a-59f4-40b3-abd4-4daeaf802803', '5ec97d35-2d20-4b14-9e4e-b3937580b7ae', false);
INSERT INTO art_ping.project_employee VALUES ('c7c946c1-328c-475a-bdb8-37d5998b6ef2', 'af39239a-59f4-40b3-abd4-4daeaf802803', 'ecba32ef-e3b9-4f48-b96a-d2f81f777fbb', false);
INSERT INTO art_ping.project_employee VALUES ('81de40a7-400d-4e13-bcd0-379dd0504742', 'af39239a-59f4-40b3-abd4-4daeaf802803', '188b1861-cfdc-4061-b923-989f1c7a980f', false);
INSERT INTO art_ping.project_employee VALUES ('f8e843c0-f1b8-4fa8-8b39-44fe95ae3eab', 'af39239a-59f4-40b3-abd4-4daeaf802803', '535b7d85-758b-4d74-aa39-21d17204611b', false);
INSERT INTO art_ping.project_employee VALUES ('9aa50740-b12c-4bcd-8759-84ab71b2b07d', 'af39239a-59f4-40b3-abd4-4daeaf802803', '568b88a7-f196-4ef3-b6b6-2f35874f331c', false);
INSERT INTO art_ping.project_employee VALUES ('e1d3c614-f482-4617-b1e3-bd4c1acd1c1f', 'af39239a-59f4-40b3-abd4-4daeaf802803', '7f017fd4-81ac-4d7b-a32e-c28b45ceb60f', false);
INSERT INTO art_ping.project_employee VALUES ('fb6253d0-a636-4b29-a9ce-249b1daaa56f', 'af39239a-59f4-40b3-abd4-4daeaf802803', '3666fedf-cdb0-49c8-83b8-728556b637ce', false);
INSERT INTO art_ping.project_employee VALUES ('2ab5feb9-4238-4074-9b86-02fd623d5fab', 'af39239a-59f4-40b3-abd4-4daeaf802803', 'ae2b42a2-d149-411e-814b-0edded87714b', false);
INSERT INTO art_ping.project VALUES ('ed39dc2a-50e6-4ad8-9821-f186063cea14', 'project225', true);
INSERT INTO art_ping.project_employee VALUES ('51353ba3-5ac0-4ca7-ab0c-b8a3005df1f8', 'ed39dc2a-50e6-4ad8-9821-f186063cea14', 'c4cf25c7-892f-4c17-92aa-2d710ec324c9', false);
INSERT INTO art_ping.project_employee VALUES ('33521794-d9f7-4da6-88b0-315442febe1a', 'ed39dc2a-50e6-4ad8-9821-f186063cea14', '48d98a19-98c0-44cf-98a7-95bc2f399373', false);
INSERT INTO art_ping.project_employee VALUES ('a3d63499-89f3-40ef-b926-a6ebd52a38fe', 'ed39dc2a-50e6-4ad8-9821-f186063cea14', '8fbca8db-c93a-4666-a70a-f3fc4dda566c', false);
INSERT INTO art_ping.project_employee VALUES ('0c1d082d-1626-46e1-8de4-5373b6a07a4a', 'ed39dc2a-50e6-4ad8-9821-f186063cea14', '813ef695-83a8-47f0-b648-96a0707d6d60', false);
INSERT INTO art_ping.project_employee VALUES ('93782605-cad1-4af3-8e7a-aad622b5e8b5', 'ed39dc2a-50e6-4ad8-9821-f186063cea14', 'e244ae14-7e73-4465-8068-62da4a118288', false);
INSERT INTO art_ping.project_employee VALUES ('6b646120-e9be-4a3e-86bf-158c3a378a50', 'ed39dc2a-50e6-4ad8-9821-f186063cea14', '40e34d7c-93aa-4eab-b373-5b649e14430a', false);
INSERT INTO art_ping.project_employee VALUES ('9789c1d5-5310-4544-bb01-be8bbef2060b', 'ed39dc2a-50e6-4ad8-9821-f186063cea14', '60914a01-1d88-4e5d-96dc-c31f3e6094e3', false);
INSERT INTO art_ping.project_employee VALUES ('c5274531-a281-4afe-b516-1d4e6aa92f63', 'ed39dc2a-50e6-4ad8-9821-f186063cea14', '0f26d3c4-fc4c-42b1-b31e-2c7daab08eb1', false);
INSERT INTO art_ping.project_employee VALUES ('6e696579-b61a-4a8e-833d-a67f75674d49', 'ed39dc2a-50e6-4ad8-9821-f186063cea14', '6953e5d0-da7b-4f25-80e3-195af5533b7a', false);
INSERT INTO art_ping.project_employee VALUES ('8d2a2d71-d174-491c-9bce-4732aa8c2ccc', 'ed39dc2a-50e6-4ad8-9821-f186063cea14', '4d4b1ea2-8b1c-4446-82e5-796ab32e5d09', false);
INSERT INTO art_ping.project_employee VALUES ('002b969b-aaf7-405a-ac66-53db848398a1', 'ed39dc2a-50e6-4ad8-9821-f186063cea14', '93ff44ac-f65e-4e21-bdfd-51e41847af5d', false);
INSERT INTO art_ping.project_employee VALUES ('07b0ac77-853c-4806-a117-239c86f472c0', 'ed39dc2a-50e6-4ad8-9821-f186063cea14', '5a7f29f2-c165-4475-af5c-0c41a0d9b49a', false);
INSERT INTO art_ping.project_employee VALUES ('c38d988f-2002-45e9-895d-3f54421c2b19', 'ed39dc2a-50e6-4ad8-9821-f186063cea14', '71b9601a-d1b9-401d-b260-35ca929bbeec', false);
INSERT INTO art_ping.project_employee VALUES ('1e299c59-3462-44d1-b7ac-2bd868cc6b96', 'ed39dc2a-50e6-4ad8-9821-f186063cea14', '99756689-c14e-4cdb-8599-10f40d956fcc', false);
INSERT INTO art_ping.project_employee VALUES ('a299bf9c-703e-4b49-9eba-21b8c413f5de', 'ed39dc2a-50e6-4ad8-9821-f186063cea14', 'a5f03f6a-93a1-4e1b-ac19-c8974ff5f60c', false);
INSERT INTO art_ping.project_employee VALUES ('4e6f5e63-fbc2-4f32-b471-297661e917ff', 'ed39dc2a-50e6-4ad8-9821-f186063cea14', 'c97dbc09-c6ae-491b-9a16-b3b5ab235543', false);
INSERT INTO art_ping.project_employee VALUES ('778edb46-5753-4001-b9cf-15f0cec25dc7', 'ed39dc2a-50e6-4ad8-9821-f186063cea14', 'b76f35f1-09f9-4e88-bdb3-53613fca1770', false);
INSERT INTO art_ping.project VALUES ('16ea9b22-34d1-414f-a0ba-e355f4cc1fdc', 'project226', true);
INSERT INTO art_ping.project_employee VALUES ('e28701b1-6a01-4bcb-841c-a8107c7299ee', '16ea9b22-34d1-414f-a0ba-e355f4cc1fdc', 'c22a98a5-d269-48ef-9ca3-2e3706520a55', false);
INSERT INTO art_ping.project_employee VALUES ('6451c4e3-ff5d-4f80-8b75-a18b8e466dca', '16ea9b22-34d1-414f-a0ba-e355f4cc1fdc', 'ada10710-d213-4070-b5cf-549aa23423ee', false);
INSERT INTO art_ping.project_employee VALUES ('1e19dfc8-84f9-4e8f-8f82-2e4c4a46df33', '16ea9b22-34d1-414f-a0ba-e355f4cc1fdc', '8978b820-3832-4eb8-9d16-1359d70a5f41', false);
INSERT INTO art_ping.project_employee VALUES ('fd4b5489-987e-4cef-972e-822d78e2bec0', '16ea9b22-34d1-414f-a0ba-e355f4cc1fdc', '471a103a-faff-493e-8d0a-299e388cbb2d', false);
INSERT INTO art_ping.project_employee VALUES ('08bf78df-a314-4f97-b58a-ef75f23061d8', '16ea9b22-34d1-414f-a0ba-e355f4cc1fdc', '414e27b4-2843-4d3e-9eae-445e2f70e098', false);
INSERT INTO art_ping.project_employee VALUES ('3edaab12-e330-47d1-b6d9-0b68078900cc', '16ea9b22-34d1-414f-a0ba-e355f4cc1fdc', '6621bca0-b3a1-4a35-83bb-4f9d389b67d7', false);
INSERT INTO art_ping.project_employee VALUES ('e19f8227-17c7-4a18-b7ab-62c8de571325', '16ea9b22-34d1-414f-a0ba-e355f4cc1fdc', '370fc29e-15f0-499d-9e63-db0a909c2d45', false);
INSERT INTO art_ping.project_employee VALUES ('d5c190c5-a380-43fd-b1cb-d847b3daa057', '16ea9b22-34d1-414f-a0ba-e355f4cc1fdc', '568b88a7-f196-4ef3-b6b6-2f35874f331c', false);
INSERT INTO art_ping.project_employee VALUES ('4bfa42ac-ffbf-492d-8749-92e77fcb0978', '16ea9b22-34d1-414f-a0ba-e355f4cc1fdc', 'ff254c8a-c3a5-46f1-a717-c55e3c5e8680', false);
INSERT INTO art_ping.project_employee VALUES ('a7109867-bfc7-47fa-a34b-4a3bb696a3a8', '16ea9b22-34d1-414f-a0ba-e355f4cc1fdc', 'f2591815-1a42-4183-a84d-9b5c0d83ea56', false);
INSERT INTO art_ping.project_employee VALUES ('2ea69ff6-1573-4cd6-ba1f-3d1e933f450a', '16ea9b22-34d1-414f-a0ba-e355f4cc1fdc', 'bd32c8d1-6aef-441b-bbb2-0bda4758f204', false);
INSERT INTO art_ping.project_employee VALUES ('d1fa1221-07cf-46a6-ad75-17bb995852fc', '16ea9b22-34d1-414f-a0ba-e355f4cc1fdc', '71f59a84-36b5-44a6-a9ff-2432d046da1b', false);
INSERT INTO art_ping.project_employee VALUES ('e9e6ae97-3439-4d5e-8e6c-85889ad0d1ee', '16ea9b22-34d1-414f-a0ba-e355f4cc1fdc', '68aca824-016e-4faa-926c-9688c6b57fc2', false);
INSERT INTO art_ping.project_employee VALUES ('f6daf158-cefb-4d05-84b0-4e71e68551a6', '16ea9b22-34d1-414f-a0ba-e355f4cc1fdc', 'a5f03f6a-93a1-4e1b-ac19-c8974ff5f60c', false);
INSERT INTO art_ping.project VALUES ('2b0a2268-3bd9-4c16-a1d8-6feb6d63b7c4', 'project227', true);
INSERT INTO art_ping.project_employee VALUES ('f40e2282-443d-4092-b820-9e5e1ebfd8a8', '2b0a2268-3bd9-4c16-a1d8-6feb6d63b7c4', '0a8d3842-fea7-4746-9f39-809b0418831f', false);
INSERT INTO art_ping.project_employee VALUES ('c38e4628-4a57-4493-8776-1fc3d6430e19', '2b0a2268-3bd9-4c16-a1d8-6feb6d63b7c4', '91350f6c-a83f-47aa-a7bb-619df748a2d4', false);
INSERT INTO art_ping.project_employee VALUES ('0c7a3800-c6c4-465b-800c-ee44d12a0b75', '2b0a2268-3bd9-4c16-a1d8-6feb6d63b7c4', 'c9044c5e-a7bd-4a3e-a2dc-077e7b2dd274', false);
INSERT INTO art_ping.project_employee VALUES ('cdb85ab3-0a79-46f4-ad88-824d48a81776', '2b0a2268-3bd9-4c16-a1d8-6feb6d63b7c4', 'e169be65-4c8e-4158-b89e-92ffda1131ee', false);
INSERT INTO art_ping.project_employee VALUES ('39598b1e-f47f-451b-a02e-579415bf9b2d', '2b0a2268-3bd9-4c16-a1d8-6feb6d63b7c4', '4a8c76e6-5848-4acc-8be5-5b85be00720e', false);
INSERT INTO art_ping.project_employee VALUES ('793b3274-4aac-4655-bafb-3962d4c2068a', '2b0a2268-3bd9-4c16-a1d8-6feb6d63b7c4', 'db2a3830-9632-42f6-a3bd-7ec482fe4a30', false);
INSERT INTO art_ping.project_employee VALUES ('11e7cb88-1f84-4746-8700-03358b22982d', '2b0a2268-3bd9-4c16-a1d8-6feb6d63b7c4', 'd8004060-ae26-4daa-8bc7-735e1e3bf33b', false);
INSERT INTO art_ping.project_employee VALUES ('90b225f1-2db2-42ff-8207-5e82ab07f1d6', '2b0a2268-3bd9-4c16-a1d8-6feb6d63b7c4', '2bea5822-925e-4f20-935e-39e1f35a9835', false);
INSERT INTO art_ping.project_employee VALUES ('fada0073-0eb4-49d3-8179-e763fd723da6', '2b0a2268-3bd9-4c16-a1d8-6feb6d63b7c4', 'f43a4459-a7f1-4b14-bc6f-b3f1ec7cf13f', false);
INSERT INTO art_ping.project_employee VALUES ('350dcdc1-ef6c-47e5-b3cf-bbc6e0d5e860', '2b0a2268-3bd9-4c16-a1d8-6feb6d63b7c4', '2a60de57-a87a-4f65-b5fc-47ec38b4bfa9', false);
INSERT INTO art_ping.project_employee VALUES ('808882e0-c930-456c-84d3-2736f8a06bcb', '2b0a2268-3bd9-4c16-a1d8-6feb6d63b7c4', 'd506ff2e-4561-4778-b519-7d7fb9384e04', false);
INSERT INTO art_ping.project_employee VALUES ('e26900b6-a0fa-4a83-8b3f-db7d762f32f3', '2b0a2268-3bd9-4c16-a1d8-6feb6d63b7c4', '756395f5-9fae-40c4-9e47-6eea95e3894e', false);
INSERT INTO art_ping.project_employee VALUES ('8709bacf-cb15-4d1a-888e-3665c84fbe6d', '2b0a2268-3bd9-4c16-a1d8-6feb6d63b7c4', '8287baf5-4067-4c65-9264-fe5793108fda', false);
INSERT INTO art_ping.project_employee VALUES ('20422b8c-0040-46e9-942d-f4dffcb9e4bd', '2b0a2268-3bd9-4c16-a1d8-6feb6d63b7c4', '61973623-7ea1-40ad-bb08-a2d7b4a237e7', false);
INSERT INTO art_ping.project_employee VALUES ('0e634534-f794-4e0d-98a4-37b2f2b7c18e', '2b0a2268-3bd9-4c16-a1d8-6feb6d63b7c4', 'ffb3f67e-7363-44b6-99e6-a38eca629edb', false);
INSERT INTO art_ping.project_employee VALUES ('744d7ec3-da73-46df-bdee-316c67b1d92f', '2b0a2268-3bd9-4c16-a1d8-6feb6d63b7c4', '6919a1f9-906a-4fe4-8794-3852560267b3', false);
INSERT INTO art_ping.project VALUES ('b129e84a-ed95-4150-a626-dd762b3058ed', 'project228', true);
INSERT INTO art_ping.project_employee VALUES ('54246d1f-a695-4cbe-8190-4bec5d030b68', 'b129e84a-ed95-4150-a626-dd762b3058ed', 'c65c9dc4-e47e-4ab0-b4ea-9762e95d0a50', false);
INSERT INTO art_ping.project_employee VALUES ('1e328ea8-230c-4fe8-991d-45883d59f1a8', 'b129e84a-ed95-4150-a626-dd762b3058ed', '9dc4b22b-4c22-4fda-b66e-57caf03383c0', false);
INSERT INTO art_ping.project_employee VALUES ('9d194b96-e82e-4167-8d36-0fefcfb13e8d', 'b129e84a-ed95-4150-a626-dd762b3058ed', '8e5aeece-282b-44e2-b0ae-90f428192683', false);
INSERT INTO art_ping.project VALUES ('37b0519f-ded1-4db1-98f3-d5e4e6c1d433', 'project229', true);
INSERT INTO art_ping.project_employee VALUES ('ee141617-6933-4a34-ba04-ad3fccb08802', '37b0519f-ded1-4db1-98f3-d5e4e6c1d433', '969f05c5-9197-4e39-8ae9-d81af37dd9a7', false);
INSERT INTO art_ping.project_employee VALUES ('053007d2-09c5-46ba-bc04-d4dcb4e2b51e', '37b0519f-ded1-4db1-98f3-d5e4e6c1d433', '8497a2ae-1393-40a2-a1aa-025047ed3835', false);
INSERT INTO art_ping.project_employee VALUES ('5b8adc75-3cd3-4489-86c9-55255495e97e', '37b0519f-ded1-4db1-98f3-d5e4e6c1d433', '493a58e5-2b13-4d7e-9971-399387fafafd', false);
INSERT INTO art_ping.project_employee VALUES ('797978a9-ef48-4a8e-9715-2f49a2cec22a', '37b0519f-ded1-4db1-98f3-d5e4e6c1d433', '2da77dcb-0768-478c-a741-618b705ed54c', false);
INSERT INTO art_ping.project_employee VALUES ('3d9ebea2-e16e-4b65-b421-192435bac99a', '37b0519f-ded1-4db1-98f3-d5e4e6c1d433', 'f1b2ee7f-8722-4daf-b265-6a5a272a2bdb', false);
INSERT INTO art_ping.project VALUES ('5d99c52c-628d-425a-9c5d-490dfbce5a06', 'project230', true);
INSERT INTO art_ping.project_employee VALUES ('460f6a8e-7b3e-4e1a-ad99-4f7c0e62c9ce', '5d99c52c-628d-425a-9c5d-490dfbce5a06', 'cf9635dd-8a0f-4d91-9da8-e58349558058', false);
INSERT INTO art_ping.project_employee VALUES ('be2534f9-e0c2-4ff8-90d8-3619af59b92f', '5d99c52c-628d-425a-9c5d-490dfbce5a06', '3400cb43-b4af-4210-8419-dabf67659cd7', false);
INSERT INTO art_ping.project_employee VALUES ('96ff2546-87a3-44be-89ab-6eaf4b465f52', '5d99c52c-628d-425a-9c5d-490dfbce5a06', 'c497679e-3fec-4bcd-99a7-864f9803de1c', false);
INSERT INTO art_ping.project_employee VALUES ('dd60eee6-c38b-411f-b2fb-3e3ae2c1f989', '5d99c52c-628d-425a-9c5d-490dfbce5a06', '9dc4b22b-4c22-4fda-b66e-57caf03383c0', false);
INSERT INTO art_ping.project_employee VALUES ('5453a5ac-c2ce-45a4-a1a4-923582b4bfdf', '5d99c52c-628d-425a-9c5d-490dfbce5a06', 'bd5f4072-4756-47cd-8cdd-b3863b8a3be4', false);
INSERT INTO art_ping.project_employee VALUES ('55b25377-0827-4400-a671-350e2e4aa3d0', '5d99c52c-628d-425a-9c5d-490dfbce5a06', '085d1150-48f8-4b0b-814d-fa33a489b982', false);
INSERT INTO art_ping.project VALUES ('62e6c879-420a-4568-b2cb-bbbb4cc1bd27', 'project231', true);
INSERT INTO art_ping.project_employee VALUES ('695393ef-530a-4ec8-ae51-0cd0ad2246a0', '62e6c879-420a-4568-b2cb-bbbb4cc1bd27', '3bd6d5b0-006e-4c3b-b5aa-34554eb0c35c', false);
INSERT INTO art_ping.project_employee VALUES ('02b8544e-d6a5-474b-977b-5f87f783c4fe', '62e6c879-420a-4568-b2cb-bbbb4cc1bd27', 'cf9635dd-8a0f-4d91-9da8-e58349558058', false);
INSERT INTO art_ping.project_employee VALUES ('49f2c5dd-09ae-4564-80f8-c1fad6c6a135', '62e6c879-420a-4568-b2cb-bbbb4cc1bd27', '6cfb2d70-61ca-4ebe-8c24-b5d403461dfd', false);
INSERT INTO art_ping.project_employee VALUES ('847ab4a0-844c-4f1b-86a0-3ea38cbe040f', '62e6c879-420a-4568-b2cb-bbbb4cc1bd27', 'c65c9dc4-e47e-4ab0-b4ea-9762e95d0a50', false);
INSERT INTO art_ping.project_employee VALUES ('fb1d9258-70c7-480a-8927-087548168bf2', '62e6c879-420a-4568-b2cb-bbbb4cc1bd27', '10b19fce-2be2-4dfa-a3d5-edfd155035d7', false);
INSERT INTO art_ping.project_employee VALUES ('2c2c47f9-e411-4313-b5ee-d769b57e1596', '62e6c879-420a-4568-b2cb-bbbb4cc1bd27', '6621bca0-b3a1-4a35-83bb-4f9d389b67d7', false);
INSERT INTO art_ping.project_employee VALUES ('ed9b4ef9-c057-412c-875b-64af0ca60bbc', '62e6c879-420a-4568-b2cb-bbbb4cc1bd27', 'bb139bc0-e654-4063-973a-815c4683bbb9', false);
INSERT INTO art_ping.project_employee VALUES ('12745e22-8a5a-4579-a5b4-574eac4be93b', '62e6c879-420a-4568-b2cb-bbbb4cc1bd27', 'e8f306b1-80f2-41f6-a4a3-2dbb11e01e25', false);
INSERT INTO art_ping.project_employee VALUES ('3a0d1ce9-4954-4f47-bca7-e22cb96993b5', '62e6c879-420a-4568-b2cb-bbbb4cc1bd27', '8470cf39-15e9-4877-b091-3c56b5faeddc', false);
INSERT INTO art_ping.project_employee VALUES ('03547e5e-d3c7-4119-82ae-714dc09bd181', '62e6c879-420a-4568-b2cb-bbbb4cc1bd27', '80544bcc-4286-4ed6-8981-323152036cde', false);
INSERT INTO art_ping.project_employee VALUES ('cbc0a1a8-4952-485a-acac-55a28931e4c0', '62e6c879-420a-4568-b2cb-bbbb4cc1bd27', '9da55ae7-503a-4029-8886-d8a73140d246', false);
INSERT INTO art_ping.project_employee VALUES ('219c5d3b-ae3b-4e01-b33b-95a4d289893d', '62e6c879-420a-4568-b2cb-bbbb4cc1bd27', '7f017fd4-81ac-4d7b-a32e-c28b45ceb60f', false);
INSERT INTO art_ping.project VALUES ('153a25a9-8573-4b4f-92e2-d8dab8552f24', 'project232', true);
INSERT INTO art_ping.project_employee VALUES ('3b5e1823-321d-478f-abd5-c4822ee9f43e', '153a25a9-8573-4b4f-92e2-d8dab8552f24', 'be09a1ce-86c1-4b5c-bb25-a89e94fe6e18', false);
INSERT INTO art_ping.project_employee VALUES ('47745bfa-d6cb-4934-be97-8ff8838ed55b', '153a25a9-8573-4b4f-92e2-d8dab8552f24', 'fbac1bbc-37bf-4349-8ca8-1b95e328ae04', false);
INSERT INTO art_ping.project_employee VALUES ('da5cc91a-a8d1-425f-8bfa-3a31b8e472a8', '153a25a9-8573-4b4f-92e2-d8dab8552f24', 'd9676183-1443-4360-bd04-ff9da26453b6', false);
INSERT INTO art_ping.project_employee VALUES ('1d2ebb78-56d3-4f1e-b1ad-c8d3508c5904', '153a25a9-8573-4b4f-92e2-d8dab8552f24', '28c10195-2f73-4e00-a084-01c1897cd8c2', false);
INSERT INTO art_ping.project_employee VALUES ('dc9cfade-ff48-4f48-9a9a-7ece17f96bca', '153a25a9-8573-4b4f-92e2-d8dab8552f24', '3d9ac511-8d2a-40ec-aa7a-043b6a736119', false);
INSERT INTO art_ping.project_employee VALUES ('8c805cb7-8f58-40b5-b3e3-e53333b0b73a', '153a25a9-8573-4b4f-92e2-d8dab8552f24', '33c5e8ac-400e-4ec6-9e48-5d33bd81f95f', false);
INSERT INTO art_ping.project_employee VALUES ('4e5008ac-672a-4bfc-903f-4cf6df8a119a', '153a25a9-8573-4b4f-92e2-d8dab8552f24', '7c2ee8dd-649b-46a6-89cc-74298ad7b4af', false);
INSERT INTO art_ping.project_employee VALUES ('a55f945e-45f9-48b9-9d02-b6343e760814', '153a25a9-8573-4b4f-92e2-d8dab8552f24', '17a42ec3-3aa2-4783-91f1-8c039ee36acb', false);
INSERT INTO art_ping.project_employee VALUES ('fa2ef553-8e64-4b06-958f-8b7d447eefa4', '153a25a9-8573-4b4f-92e2-d8dab8552f24', 'b7a5bdfc-4447-4cbb-bd40-b61847f0fd1e', false);
INSERT INTO art_ping.project_employee VALUES ('5af07215-8647-4ca4-a1ca-3e3840d84425', '153a25a9-8573-4b4f-92e2-d8dab8552f24', '8ee9d0a5-7f50-4594-b33b-4f443e534c73', false);
INSERT INTO art_ping.project_employee VALUES ('7813ff80-c707-4cf9-8416-ef7a66d244ed', '153a25a9-8573-4b4f-92e2-d8dab8552f24', '833f10ad-97d4-43ed-ade5-8b0a843aabbf', false);
INSERT INTO art_ping.project_employee VALUES ('4fb768e3-d6f4-4d77-a6cb-40d0cbe97fd3', '153a25a9-8573-4b4f-92e2-d8dab8552f24', '81de19b3-4102-4be2-b92b-0f66fc0e3d16', false);
INSERT INTO art_ping.project VALUES ('96129731-2f85-4adb-b08b-7256170eab60', 'project233', true);
INSERT INTO art_ping.project_employee VALUES ('78363995-168c-4f95-b0eb-269a6779d8ad', '96129731-2f85-4adb-b08b-7256170eab60', '4473fa5b-6734-4586-9d4e-f34fa221d21f', false);
INSERT INTO art_ping.project_employee VALUES ('ddaf085e-92c8-4d88-baaf-27351d9aeb67', '96129731-2f85-4adb-b08b-7256170eab60', '32ed9b74-cfe4-47be-a4a1-75a2574f79f7', false);
INSERT INTO art_ping.project_employee VALUES ('1080246f-6952-4a66-905d-d3d0cffdddab', '96129731-2f85-4adb-b08b-7256170eab60', 'b778b2cc-ca73-4f95-8b90-6e7ac3507fec', false);
INSERT INTO art_ping.project_employee VALUES ('907539c3-9cbb-41af-95b0-891e6630b00d', '96129731-2f85-4adb-b08b-7256170eab60', '7bf9589d-3f5b-4251-95fa-912eed7a1001', false);
INSERT INTO art_ping.project_employee VALUES ('cd56fb49-8b27-4571-bd7c-cc451873db56', '96129731-2f85-4adb-b08b-7256170eab60', '8530c865-bceb-42e6-82ad-9957f3687fc8', false);
INSERT INTO art_ping.project_employee VALUES ('c1517f7c-d958-43dc-9c5f-12ad954128b0', '96129731-2f85-4adb-b08b-7256170eab60', '7f017fd4-81ac-4d7b-a32e-c28b45ceb60f', false);
INSERT INTO art_ping.project_employee VALUES ('367d4413-b499-4ffe-bd1e-72d9ae74f7d4', '96129731-2f85-4adb-b08b-7256170eab60', '2a2af232-b498-4a4b-9603-c749f89df339', false);
INSERT INTO art_ping.project_employee VALUES ('e73b5f53-7847-43d9-800a-773f78f1b2fc', '96129731-2f85-4adb-b08b-7256170eab60', 'bf99118f-478c-4f13-b090-c482af39638b', false);
INSERT INTO art_ping.project_employee VALUES ('5a86301a-5d3d-4030-a922-d52e3e1bca23', '96129731-2f85-4adb-b08b-7256170eab60', '9f62c00b-5934-40d2-91b7-231cf0b8da2f', false);
INSERT INTO art_ping.project_employee VALUES ('18857b44-5c37-44b1-961f-5b001aa35570', '96129731-2f85-4adb-b08b-7256170eab60', 'e2b5b5af-bea7-4210-8c26-9fdbf97d7207', false);
INSERT INTO art_ping.project_employee VALUES ('056ae41f-64eb-4630-961c-f7d3b7b70b16', '96129731-2f85-4adb-b08b-7256170eab60', 'a826b351-d4db-44c7-95f8-f68c790b595b', false);
INSERT INTO art_ping.project_employee VALUES ('bb7cb649-86a9-412b-b4df-a1ef11a9ae39', '96129731-2f85-4adb-b08b-7256170eab60', '9795454f-9c47-4648-9021-ca51f119986e', false);
INSERT INTO art_ping.project_employee VALUES ('f62f3cfc-369c-49cc-9431-eb60c7d9567c', '96129731-2f85-4adb-b08b-7256170eab60', '7519c8c7-492f-4c67-a3fd-61e57984164c', false);
INSERT INTO art_ping.project_employee VALUES ('d6c38a51-0f25-441d-bc32-97a81a60207d', '96129731-2f85-4adb-b08b-7256170eab60', '528a7e66-23dc-4e86-a30f-9ec391dc3143', false);
INSERT INTO art_ping.project_employee VALUES ('ab1f1d55-61b2-4302-ad29-ea889d821a08', '96129731-2f85-4adb-b08b-7256170eab60', '1101b59e-066e-43e4-ab5a-bf1e1b623ee0', false);
INSERT INTO art_ping.project_employee VALUES ('bd0ef98a-64d3-4f9d-94ec-de589c7e10ea', '96129731-2f85-4adb-b08b-7256170eab60', '61973623-7ea1-40ad-bb08-a2d7b4a237e7', false);
INSERT INTO art_ping.project_employee VALUES ('7e09755c-06e4-4c39-a4c7-1060d8a0c709', '96129731-2f85-4adb-b08b-7256170eab60', 'f3e554c4-893a-41eb-9a09-215a08f04216', false);
INSERT INTO art_ping.project_employee VALUES ('9a334136-5205-4b62-b5bf-f830632bd19a', '96129731-2f85-4adb-b08b-7256170eab60', 'ff4f7cda-e5f9-484b-8b90-c1ad03aa1766', false);
INSERT INTO art_ping.project VALUES ('3f463243-a64c-4b59-9e30-bb26fb9751a2', 'project234', true);
INSERT INTO art_ping.project_employee VALUES ('e4c3bd39-0ae5-466b-adaf-273152c3cff9', '3f463243-a64c-4b59-9e30-bb26fb9751a2', '6dc96164-1a4e-4d40-a791-6e3eb28ece7f', false);
INSERT INTO art_ping.project_employee VALUES ('a0fcbce6-46b9-4cfb-a865-e7e404beed52', '3f463243-a64c-4b59-9e30-bb26fb9751a2', 'a352156f-46ef-45ef-92b7-6ec0aada131d', false);
INSERT INTO art_ping.project_employee VALUES ('8dd51288-ad3d-4949-b519-e25a16876a63', '3f463243-a64c-4b59-9e30-bb26fb9751a2', 'fc6aef29-242d-4162-9dcc-d7e6d10b9efe', false);
INSERT INTO art_ping.project_employee VALUES ('c6396959-0c94-44b5-aaea-14c7e6a1de4b', '3f463243-a64c-4b59-9e30-bb26fb9751a2', '96d379a2-8d90-4c59-b1b0-4f6fc45acaeb', false);
INSERT INTO art_ping.project_employee VALUES ('6c3aa45e-9d2a-4ba3-a552-ebbd6613df79', '3f463243-a64c-4b59-9e30-bb26fb9751a2', 'a4c6515a-ad32-4e85-aa5e-a1a5dd5e7199', false);
INSERT INTO art_ping.project_employee VALUES ('4db18efc-e944-4d6b-8b6e-5fba8b2d2de6', '3f463243-a64c-4b59-9e30-bb26fb9751a2', '76db39d9-b2ab-470a-af66-04427497d652', false);
INSERT INTO art_ping.project_employee VALUES ('6238e2f6-fe99-44c9-80e0-db32118dda9e', '3f463243-a64c-4b59-9e30-bb26fb9751a2', '6919a1f9-906a-4fe4-8794-3852560267b3', false);
INSERT INTO art_ping.project_employee VALUES ('8d73f8ad-a19f-4e44-8f1f-de6bbb3cb971', '3f463243-a64c-4b59-9e30-bb26fb9751a2', 'de6113d7-ecae-4160-87a1-8fbaf7ecdb46', false);
INSERT INTO art_ping.project VALUES ('65bff771-d949-4544-83ef-58266d58ea93', 'project235', true);
INSERT INTO art_ping.project_employee VALUES ('7119d74d-4c2c-44bb-b5a5-d39bb3f09deb', '65bff771-d949-4544-83ef-58266d58ea93', '7d219817-34c8-4f18-a496-36979da27863', false);
INSERT INTO art_ping.project_employee VALUES ('a5ce278b-1286-409a-b958-f8afd72145d9', '65bff771-d949-4544-83ef-58266d58ea93', '287e5d5a-620c-4827-a90a-1f842bfb0e19', false);
INSERT INTO art_ping.project_employee VALUES ('1fa23d7e-6c2c-4f4f-ab82-d4ebfdf4f1af', '65bff771-d949-4544-83ef-58266d58ea93', '89563683-fc5e-478a-ac65-cd8a0b5e9cc3', false);
INSERT INTO art_ping.project_employee VALUES ('a168e1b3-f184-4e62-a2a2-26240be910b5', '65bff771-d949-4544-83ef-58266d58ea93', '96d379a2-8d90-4c59-b1b0-4f6fc45acaeb', false);
INSERT INTO art_ping.project_employee VALUES ('d78aa5c9-f7d8-4c41-803c-9813f648101c', '65bff771-d949-4544-83ef-58266d58ea93', '8e42298b-4598-4e97-90dd-e2a2a7ff6b9f', false);
INSERT INTO art_ping.project VALUES ('ec7a48fd-2d40-41a9-b63a-ad05dc8399b7', 'project236', true);
INSERT INTO art_ping.project_employee VALUES ('dd3838b4-7326-4ac0-92c6-f60edcd93b70', 'ec7a48fd-2d40-41a9-b63a-ad05dc8399b7', 'a8b9309e-c214-4c4d-ae3a-0e27045efb35', false);
INSERT INTO art_ping.project_employee VALUES ('c24e15fd-7928-4d89-9676-6b2f4fcce1b1', 'ec7a48fd-2d40-41a9-b63a-ad05dc8399b7', 'd5bb3c07-8d34-4796-ad14-d340eb838f54', false);
INSERT INTO art_ping.project_employee VALUES ('645398d5-1c22-4dfe-a6fb-6ecc5286cfa0', 'ec7a48fd-2d40-41a9-b63a-ad05dc8399b7', '7a9a93b3-a6e3-42d4-ad7e-ce4ced0205d0', false);
INSERT INTO art_ping.project_employee VALUES ('b6cadd4c-f486-4400-8062-cd2210761343', 'ec7a48fd-2d40-41a9-b63a-ad05dc8399b7', '8dc81c9e-ee1e-4c44-9e0f-2960dd77133d', false);
INSERT INTO art_ping.project_employee VALUES ('2c2abc68-b9cf-497d-9903-52b921e0332d', 'ec7a48fd-2d40-41a9-b63a-ad05dc8399b7', 'a9d41662-5fbc-48d6-af6d-70bd1ccbf684', false);
INSERT INTO art_ping.project_employee VALUES ('7ce8ac05-a2fb-4500-ac9d-b85def96eeaf', 'ec7a48fd-2d40-41a9-b63a-ad05dc8399b7', 'e637a3c6-071d-4d33-ad8e-b0f4dafd9365', false);
INSERT INTO art_ping.project_employee VALUES ('6b886374-bb73-4d51-8ef6-3384a99e6fcd', 'ec7a48fd-2d40-41a9-b63a-ad05dc8399b7', '3b956c6f-e4aa-456a-bd66-7c97e5398235', false);
INSERT INTO art_ping.project_employee VALUES ('05c9adc5-009b-4c66-8313-0e8d83bd0190', 'ec7a48fd-2d40-41a9-b63a-ad05dc8399b7', '844eb723-803f-40f0-8408-7bd4962cb69c', false);
INSERT INTO art_ping.project_employee VALUES ('57a39040-ab6e-4251-bb58-4e96d8426165', 'ec7a48fd-2d40-41a9-b63a-ad05dc8399b7', '7a0bd403-efb2-4cce-b55d-4b906dcb50b0', false);
INSERT INTO art_ping.project VALUES ('c405625e-18f6-42a1-a9d3-2f4edc32a503', 'project237', true);
INSERT INTO art_ping.project_employee VALUES ('a3de5657-f5f1-4eab-a00b-2f9130566844', 'c405625e-18f6-42a1-a9d3-2f4edc32a503', 'd0ae51d6-3f25-42a4-aab6-bcdec2a7d13b', false);
INSERT INTO art_ping.project_employee VALUES ('fe65bb15-9a5d-4050-ba16-a01f210ccafd', 'c405625e-18f6-42a1-a9d3-2f4edc32a503', '31fecfd7-9f48-418a-a757-9b8087966af9', false);
INSERT INTO art_ping.project_employee VALUES ('955dc4de-ef44-4916-b1c4-8dba9212e9ad', 'c405625e-18f6-42a1-a9d3-2f4edc32a503', '6944d429-c1da-44c9-b670-4eb84c3d179a', false);
INSERT INTO art_ping.project_employee VALUES ('d129881a-6194-408a-82e9-4314ecbfeefe', 'c405625e-18f6-42a1-a9d3-2f4edc32a503', '62bf31ec-d2ad-422a-89e5-e0b11be1ac3f', false);
INSERT INTO art_ping.project_employee VALUES ('590ba5dc-8c92-4e90-b091-54c88df2db85', 'c405625e-18f6-42a1-a9d3-2f4edc32a503', '00289862-fe38-443f-983a-37f2c047c1bb', false);
INSERT INTO art_ping.project_employee VALUES ('0be0bd07-f50e-45e3-8379-971e9525d6fe', 'c405625e-18f6-42a1-a9d3-2f4edc32a503', 'bf99118f-478c-4f13-b090-c482af39638b', false);
INSERT INTO art_ping.project VALUES ('918858a9-7a44-41b6-88d7-d6d0e067d7ab', 'project238', true);
INSERT INTO art_ping.project_employee VALUES ('90966fa6-13ad-4945-a9da-71899e0cd8c0', '918858a9-7a44-41b6-88d7-d6d0e067d7ab', '8f066cff-4d9f-488f-8a9b-0c78b13fdef8', false);
INSERT INTO art_ping.project_employee VALUES ('79099ab2-ed11-4b22-8fe1-9b7518a01e17', '918858a9-7a44-41b6-88d7-d6d0e067d7ab', 'c4d96eed-4f16-4ede-a4e2-e8047d4afe00', false);
INSERT INTO art_ping.project_employee VALUES ('b8275bc0-2a4d-4355-a91a-29c311ba2948', '918858a9-7a44-41b6-88d7-d6d0e067d7ab', '74511b13-e9ee-41b9-8e2f-38bc890316a5', false);
INSERT INTO art_ping.project_employee VALUES ('634e383f-937e-42dc-94ba-4c101c825523', '918858a9-7a44-41b6-88d7-d6d0e067d7ab', 'e29c42aa-1923-468d-92cc-6543541d65c6', false);
INSERT INTO art_ping.project_employee VALUES ('1daa8486-6722-48a7-8392-a4778cc8622d', '918858a9-7a44-41b6-88d7-d6d0e067d7ab', '55743fe3-5eb2-4bcb-a294-96956680a9f5', false);
INSERT INTO art_ping.project VALUES ('cefb06d4-1fea-47d2-9e54-e9ba253fea5c', 'project239', true);
INSERT INTO art_ping.project_employee VALUES ('c3121ceb-4b60-49d3-90d2-d913bf466ca6', 'cefb06d4-1fea-47d2-9e54-e9ba253fea5c', '62bf31ec-d2ad-422a-89e5-e0b11be1ac3f', false);
INSERT INTO art_ping.project_employee VALUES ('5451778e-9ef3-487c-ad39-054eba025f42', 'cefb06d4-1fea-47d2-9e54-e9ba253fea5c', '3811cc7b-c6c2-437d-b64b-9afb49d8ad8d', false);
INSERT INTO art_ping.project_employee VALUES ('8fce47c2-e7fc-490e-9430-54747ce5c415', 'cefb06d4-1fea-47d2-9e54-e9ba253fea5c', '7519c8c7-492f-4c67-a3fd-61e57984164c', false);
INSERT INTO art_ping.project_employee VALUES ('5e467b8e-091d-4bdc-82a3-fd77e675873d', 'cefb06d4-1fea-47d2-9e54-e9ba253fea5c', '16cf7a15-9ef3-4997-9816-57feaff4d083', false);
INSERT INTO art_ping.project_employee VALUES ('68e27123-4419-4f2e-ab78-4d9cd829d891', 'cefb06d4-1fea-47d2-9e54-e9ba253fea5c', '9418b71e-ddd0-40f6-b21c-08beb53b2d8f', false);
INSERT INTO art_ping.project_employee VALUES ('2595fdd0-02c4-4071-a3d4-c960437ad39c', 'cefb06d4-1fea-47d2-9e54-e9ba253fea5c', '970203ae-fae6-43cc-bc06-cc3bb400ee0a', false);
INSERT INTO art_ping.project_employee VALUES ('00dbbc90-6f5a-4356-94db-2441774a6300', 'cefb06d4-1fea-47d2-9e54-e9ba253fea5c', 'c596a3e1-c4d2-4fd9-8b80-226244975170', false);
INSERT INTO art_ping.project_employee VALUES ('ac7a226b-b088-41ae-9b8b-3e9e13fd4bde', 'cefb06d4-1fea-47d2-9e54-e9ba253fea5c', 'de636aa0-651b-4e79-9b92-65465ddeb768', false);
INSERT INTO art_ping.project_employee VALUES ('7dfe93a7-f834-4737-bd64-f86fd5a3e4dd', 'cefb06d4-1fea-47d2-9e54-e9ba253fea5c', 'e29c42aa-1923-468d-92cc-6543541d65c6', false);
INSERT INTO art_ping.project VALUES ('790ee544-ac8f-46eb-ba24-2bea49001cbb', 'project240', true);
INSERT INTO art_ping.project_employee VALUES ('9c151eb3-9569-47b3-8975-d2318f248cb6', '790ee544-ac8f-46eb-ba24-2bea49001cbb', '65c8b1e8-72da-4a05-9ea2-82a47bfbe8f7', false);
INSERT INTO art_ping.project_employee VALUES ('4c4649be-db82-40cc-80e0-a8e750e895f6', '790ee544-ac8f-46eb-ba24-2bea49001cbb', '3445bdb6-72e9-4dc4-ad8a-508eecf56808', false);
INSERT INTO art_ping.project_employee VALUES ('78f9cb95-356f-4363-b9d4-0a9aff5990e3', '790ee544-ac8f-46eb-ba24-2bea49001cbb', 'f67579bb-b2ff-430a-a4a1-61e3ffb520ef', false);
INSERT INTO art_ping.project_employee VALUES ('8b5c7e93-9373-414b-923d-07878c70ba60', '790ee544-ac8f-46eb-ba24-2bea49001cbb', 'a1fc8d1a-f540-4e31-8d4a-43383f68a302', false);
INSERT INTO art_ping.project_employee VALUES ('ef0a4f14-e3f5-4a29-8085-e5108e6bf028', '790ee544-ac8f-46eb-ba24-2bea49001cbb', '49ca6af2-2766-489a-99af-6c617ccda1d4', false);
INSERT INTO art_ping.project_employee VALUES ('3a57bfa0-8d63-482c-958d-fe9c1378c657', '790ee544-ac8f-46eb-ba24-2bea49001cbb', '16cf7a15-9ef3-4997-9816-57feaff4d083', false);
INSERT INTO art_ping.project_employee VALUES ('61aa8015-6aac-4ddc-8aa2-1d29a0849f04', '790ee544-ac8f-46eb-ba24-2bea49001cbb', 'bc0e890f-7318-4cb2-9454-8c4480e65099', false);
INSERT INTO art_ping.project_employee VALUES ('b27a53cd-7eff-4d1a-be0f-1db329661f43', '790ee544-ac8f-46eb-ba24-2bea49001cbb', 'd6b2e235-5572-40f7-a821-1c3ed79fed56', false);
INSERT INTO art_ping.project_employee VALUES ('d864119f-b936-4c7b-a5c6-6117aee7f45e', '790ee544-ac8f-46eb-ba24-2bea49001cbb', '17dd1317-229f-4aa1-a486-5b6c35743554', false);
INSERT INTO art_ping.project_employee VALUES ('124bab95-e3f9-4f38-9f02-8f067e006dce', '790ee544-ac8f-46eb-ba24-2bea49001cbb', 'a1d05cee-811f-4a34-8cba-326090f3ec2c', false);
INSERT INTO art_ping.project_employee VALUES ('1b398acb-c58d-4899-86f4-d300c436559f', '790ee544-ac8f-46eb-ba24-2bea49001cbb', '349e1e0f-0da2-4641-81e8-b7073be6d5c7', false);
INSERT INTO art_ping.project_employee VALUES ('98278479-95af-4a24-ba48-0daff88338b4', '790ee544-ac8f-46eb-ba24-2bea49001cbb', '3c96e2f3-42d5-4564-a4e9-21ff9cf4edf4', false);
INSERT INTO art_ping.project_employee VALUES ('51cb03d7-4ef7-4b27-958e-6b2b783fd866', '790ee544-ac8f-46eb-ba24-2bea49001cbb', '46c8fac7-2eba-4020-b709-cfe139759a0d', false);
INSERT INTO art_ping.project_employee VALUES ('1fa42a93-44a6-4cfd-94b4-bec01c968717', '790ee544-ac8f-46eb-ba24-2bea49001cbb', '40d2a24a-edc8-46b7-ad6d-c36ca3b9007f', false);
INSERT INTO art_ping.project_employee VALUES ('bf6e1bc9-285b-4441-9311-e6075f36c69b', '790ee544-ac8f-46eb-ba24-2bea49001cbb', '242bccad-d151-431d-b3bd-e0298c85e75f', false);
INSERT INTO art_ping.project_employee VALUES ('5b68758f-8976-4cb7-adbd-2bd42a12fcd7', '790ee544-ac8f-46eb-ba24-2bea49001cbb', '25937bae-8f8e-4ddc-a714-3e74c80fc42d', false);
INSERT INTO art_ping.project_employee VALUES ('bb7288d4-6e71-41e0-a763-6ffdbc76ac4f', '790ee544-ac8f-46eb-ba24-2bea49001cbb', '4dc1adf7-49f7-45d6-a918-e955b4da7dbd', false);
INSERT INTO art_ping.project VALUES ('c5424061-2cbe-42e4-b64c-b7ed175ba98a', 'project241', true);
INSERT INTO art_ping.project_employee VALUES ('8c200f09-a638-44d1-9364-7449b57d58c5', 'c5424061-2cbe-42e4-b64c-b7ed175ba98a', '414e27b4-2843-4d3e-9eae-445e2f70e098', false);
INSERT INTO art_ping.project_employee VALUES ('af327f44-7e93-4eac-ae4a-c6b8f31b2e04', 'c5424061-2cbe-42e4-b64c-b7ed175ba98a', '1d7a619d-6274-4d4b-ab21-6ad4f343d8ac', false);
INSERT INTO art_ping.project_employee VALUES ('db7cdd87-a880-448a-8ece-643dad7a94d0', 'c5424061-2cbe-42e4-b64c-b7ed175ba98a', '568b88a7-f196-4ef3-b6b6-2f35874f331c', false);
INSERT INTO art_ping.project_employee VALUES ('c11a8586-a75f-4856-b424-4a6c10ba8ce4', 'c5424061-2cbe-42e4-b64c-b7ed175ba98a', '40e34d7c-93aa-4eab-b373-5b649e14430a', false);
INSERT INTO art_ping.project_employee VALUES ('fead3875-a2e9-4471-98fb-7578882c6e0c', 'c5424061-2cbe-42e4-b64c-b7ed175ba98a', '72a38b2d-0329-4d0b-85d5-6f4be052ef1a', false);
INSERT INTO art_ping.project_employee VALUES ('b8e6bd4e-982e-40da-9f17-1cf15758ad8e', 'c5424061-2cbe-42e4-b64c-b7ed175ba98a', '349e1e0f-0da2-4641-81e8-b7073be6d5c7', false);
INSERT INTO art_ping.project_employee VALUES ('fbddb772-c235-443e-b890-2da363c50e62', 'c5424061-2cbe-42e4-b64c-b7ed175ba98a', '55743fe3-5eb2-4bcb-a294-96956680a9f5', false);
INSERT INTO art_ping.project_employee VALUES ('ff26c3e0-cf3d-4661-850a-b79a92e89675', 'c5424061-2cbe-42e4-b64c-b7ed175ba98a', '010af88c-89e4-41b4-90d2-fdd9be0641f0', false);
INSERT INTO art_ping.project_employee VALUES ('328118b7-88df-438d-b061-4083bc3b8229', 'c5424061-2cbe-42e4-b64c-b7ed175ba98a', '757c6849-14ed-4cf4-82f8-f2693e708222', false);
INSERT INTO art_ping.project_employee VALUES ('bb6814db-35f8-4910-ba91-cb680518e576', 'c5424061-2cbe-42e4-b64c-b7ed175ba98a', '048b2bcc-59bf-4a1e-bde6-8dc5f3ae1808', false);
INSERT INTO art_ping.project_employee VALUES ('d6894679-af6b-465b-8fad-a6739f9e037d', 'c5424061-2cbe-42e4-b64c-b7ed175ba98a', '8470cf39-15e9-4877-b091-3c56b5faeddc', false);
INSERT INTO art_ping.project_employee VALUES ('1add77d3-8c90-4d34-8248-e3deb104f746', 'c5424061-2cbe-42e4-b64c-b7ed175ba98a', '75327b2b-17bb-4cb5-8840-679898171eda', false);
INSERT INTO art_ping.project_employee VALUES ('a298777a-d6aa-4e71-a650-4bd820056a9e', 'c5424061-2cbe-42e4-b64c-b7ed175ba98a', '784c5c93-5d6b-4a9e-bf92-21158a96f04a', false);
INSERT INTO art_ping.project_employee VALUES ('46d1657e-793e-4f41-911b-372941f6b049', 'c5424061-2cbe-42e4-b64c-b7ed175ba98a', '1fb437d1-aaee-4ed1-bb2c-362b015589fd', false);
INSERT INTO art_ping.project_employee VALUES ('dc66d371-19a2-4ca9-8fe4-57d1aaab144a', 'c5424061-2cbe-42e4-b64c-b7ed175ba98a', 'ae2b42a2-d149-411e-814b-0edded87714b', false);
INSERT INTO art_ping.project_employee VALUES ('9af12db3-7940-4c4e-a047-b678a0b78d87', 'c5424061-2cbe-42e4-b64c-b7ed175ba98a', '8cbd7684-1e00-4ca2-a67c-2be74fff9283', false);
INSERT INTO art_ping.project VALUES ('4eda76e0-b9dc-48d9-b0bc-204e9d0786a8', 'project242', true);
INSERT INTO art_ping.project_employee VALUES ('70f430b6-13c3-4a7b-972c-0f2fcd03d86e', '4eda76e0-b9dc-48d9-b0bc-204e9d0786a8', 'f63aeead-1aeb-41cf-9f8e-b7b49884b99d', false);
INSERT INTO art_ping.project_employee VALUES ('41fb1bdd-a4b3-4db9-baf0-d39f45297bfc', '4eda76e0-b9dc-48d9-b0bc-204e9d0786a8', '51c847b7-446c-4714-b4c2-bb66392b420b', false);
INSERT INTO art_ping.project_employee VALUES ('235f1f36-c26f-4f08-96ae-248aac3b51b0', '4eda76e0-b9dc-48d9-b0bc-204e9d0786a8', '75a5ec96-6bdb-48ad-9e41-3992c3e411aa', false);
INSERT INTO art_ping.project_employee VALUES ('266810a0-de3e-41e8-91f7-91da4f1f8bb5', '4eda76e0-b9dc-48d9-b0bc-204e9d0786a8', '2db034eb-96c1-4646-9261-588f98eadfe4', false);
INSERT INTO art_ping.project_employee VALUES ('cd8523ee-b68f-4e72-a7e7-83f698910f1c', '4eda76e0-b9dc-48d9-b0bc-204e9d0786a8', '5d46f018-3b59-4c1d-8d29-10f45690104b', false);
INSERT INTO art_ping.project_employee VALUES ('2451e4c4-994e-413c-b45c-26a58dea7dae', '4eda76e0-b9dc-48d9-b0bc-204e9d0786a8', 'fb1e30c5-c610-4675-a68e-acc123898179', false);
INSERT INTO art_ping.project_employee VALUES ('7292a105-ac2c-4d41-87e1-29930022670a', '4eda76e0-b9dc-48d9-b0bc-204e9d0786a8', '17dd1317-229f-4aa1-a486-5b6c35743554', false);
INSERT INTO art_ping.project_employee VALUES ('5d7fabfa-843c-41b5-b3ee-41ca94f92e25', '4eda76e0-b9dc-48d9-b0bc-204e9d0786a8', 'f8ddfe9e-d9ac-41ad-a3f4-fe2cf81862c6', false);
INSERT INTO art_ping.project_employee VALUES ('ad7c7349-4b54-452f-a0b9-7c54b01d4633', '4eda76e0-b9dc-48d9-b0bc-204e9d0786a8', '00480f9c-f2d1-4f04-bd42-bc6509b39d8c', false);
INSERT INTO art_ping.project_employee VALUES ('193dd058-177e-4dd7-b6dd-e86511cfa1e5', '4eda76e0-b9dc-48d9-b0bc-204e9d0786a8', '3c96e2f3-42d5-4564-a4e9-21ff9cf4edf4', false);
INSERT INTO art_ping.project_employee VALUES ('5e39760d-a513-4210-852a-c1a0374a732b', '4eda76e0-b9dc-48d9-b0bc-204e9d0786a8', 'd8d8b297-a19d-4be5-8981-07f78b84e6e2', false);
INSERT INTO art_ping.project_employee VALUES ('6fed3598-7cec-41fc-a716-1a99663f83a5', '4eda76e0-b9dc-48d9-b0bc-204e9d0786a8', '62fcf142-7cf8-4257-80ef-b43137c8dbd2', false);
INSERT INTO art_ping.project_employee VALUES ('471e7a2b-ed87-42e5-9b0d-a78b2ccc118a', '4eda76e0-b9dc-48d9-b0bc-204e9d0786a8', 'e424a74b-19a1-4b97-8ce0-b39646f66c8d', false);
INSERT INTO art_ping.project_employee VALUES ('2ee4ae50-71da-446c-bb27-3e18307fd5f2', '4eda76e0-b9dc-48d9-b0bc-204e9d0786a8', '66212139-5688-45f1-b12a-3712ecaa9833', false);
INSERT INTO art_ping.project_employee VALUES ('ea5fb113-d601-4d77-bea6-bc6bbcfd5d9a', '4eda76e0-b9dc-48d9-b0bc-204e9d0786a8', '8df02699-d3eb-42fb-bc6b-0c91b11551cd', false);
INSERT INTO art_ping.project_employee VALUES ('f6cae4bc-058e-4e1f-b3e8-d6a4314392ad', '4eda76e0-b9dc-48d9-b0bc-204e9d0786a8', 'f3e554c4-893a-41eb-9a09-215a08f04216', false);
INSERT INTO art_ping.project_employee VALUES ('e37f6dca-7fb7-4b98-b1a2-8222fa7cd06b', '4eda76e0-b9dc-48d9-b0bc-204e9d0786a8', '089fd005-d1ce-454f-9922-c99944b2aa94', false);
INSERT INTO art_ping.project_employee VALUES ('7a02d543-ea00-4e27-8eb2-5ca7dade5246', '4eda76e0-b9dc-48d9-b0bc-204e9d0786a8', '8cbd7684-1e00-4ca2-a67c-2be74fff9283', false);
INSERT INTO art_ping.project VALUES ('2a938a87-1029-41d9-9891-639bba42bf9d', 'project243', true);
INSERT INTO art_ping.project_employee VALUES ('a7b98766-3669-4efd-85cc-64655f315b63', '2a938a87-1029-41d9-9891-639bba42bf9d', 'f9e0560e-ea96-46ee-93d7-c0d1583a4eb1', false);
INSERT INTO art_ping.project_employee VALUES ('02f7369d-0708-4fa9-b7ad-3ccb6c283a2c', '2a938a87-1029-41d9-9891-639bba42bf9d', '8d716000-c4ea-4b70-bed8-2b14a47d9e16', false);
INSERT INTO art_ping.project_employee VALUES ('afff0807-3922-44c7-be08-da8cddfdc67b', '2a938a87-1029-41d9-9891-639bba42bf9d', '41ab7c96-68b8-4f61-8f1c-f2a70438fd8e', false);
INSERT INTO art_ping.project_employee VALUES ('689c4dbe-7291-41fd-a69f-8f366756b784', '2a938a87-1029-41d9-9891-639bba42bf9d', 'b7c568d9-7290-4a23-80af-1a9516e4914e', false);
INSERT INTO art_ping.project_employee VALUES ('45e5ac11-6fd9-4473-87e1-5ee9aeef5cf7', '2a938a87-1029-41d9-9891-639bba42bf9d', '8b18feb9-b326-47d7-b4b4-99e86b5d3642', false);
INSERT INTO art_ping.project VALUES ('9eede2b6-b442-4964-8938-320ab2d7950b', 'project244', true);
INSERT INTO art_ping.project_employee VALUES ('6a91b32d-43ff-4bdb-8d8c-346e4238377e', '9eede2b6-b442-4964-8938-320ab2d7950b', 'c22a98a5-d269-48ef-9ca3-2e3706520a55', false);
INSERT INTO art_ping.project_employee VALUES ('38576dba-ce53-40ce-9b9f-d24c33df17a9', '9eede2b6-b442-4964-8938-320ab2d7950b', 'ef803d10-d917-4be1-b89f-6d856e567c3a', false);
INSERT INTO art_ping.project_employee VALUES ('772cbce6-42a7-4922-a13d-1b1b7dba01d0', '9eede2b6-b442-4964-8938-320ab2d7950b', 'e244ae14-7e73-4465-8068-62da4a118288', false);
INSERT INTO art_ping.project_employee VALUES ('c60b510a-db32-4812-a5ee-3f861fe12ac7', '9eede2b6-b442-4964-8938-320ab2d7950b', '0e30c88a-b728-4693-9a2c-f0ee42dfb793', false);
INSERT INTO art_ping.project_employee VALUES ('d0f397c0-56b5-4e43-acf7-a0be1244479f', '9eede2b6-b442-4964-8938-320ab2d7950b', '8287baf5-4067-4c65-9264-fe5793108fda', false);
INSERT INTO art_ping.project_employee VALUES ('092a657e-9064-4c80-ab25-03d693f1524f', '9eede2b6-b442-4964-8938-320ab2d7950b', 'b9aad10a-27f0-4bf2-b520-2686dff5c1d0', false);
INSERT INTO art_ping.project_employee VALUES ('53b38511-1d7c-4114-88ae-a1c892a0c663', '9eede2b6-b442-4964-8938-320ab2d7950b', 'df72b0f4-029b-4a59-b358-f9da272d0125', false);
INSERT INTO art_ping.project_employee VALUES ('b39362b3-f554-42c5-ab92-f424edcb8a38', '9eede2b6-b442-4964-8938-320ab2d7950b', '5d393e40-0dca-4fe6-9264-a2042cd888d3', false);
INSERT INTO art_ping.project_employee VALUES ('4fa2669f-aa87-4030-9835-b48f3fcb5f3a', '9eede2b6-b442-4964-8938-320ab2d7950b', '63649477-d30e-4cb7-8149-52bb5f796373', false);
INSERT INTO art_ping.project VALUES ('611a2279-041a-449c-aa3d-d16e38f482fd', 'project245', true);
INSERT INTO art_ping.project_employee VALUES ('39f7efac-2b64-4ada-b880-45b6cc4864b4', '611a2279-041a-449c-aa3d-d16e38f482fd', 'a1b17097-439e-4632-a6ad-30e7eda50e80', false);
INSERT INTO art_ping.project_employee VALUES ('4733f459-e343-460b-a608-cb0c9184b6d1', '611a2279-041a-449c-aa3d-d16e38f482fd', '54522081-3d96-489e-9741-7d931f7a5ec9', false);
INSERT INTO art_ping.project_employee VALUES ('e94c5ac3-b2ec-4390-9a3d-886c4e706efd', '611a2279-041a-449c-aa3d-d16e38f482fd', '19a66dc2-080d-4711-abe3-a97cbda9803b', false);
INSERT INTO art_ping.project_employee VALUES ('7ed44648-2815-4a7c-a567-143351653986', '611a2279-041a-449c-aa3d-d16e38f482fd', '5d46f018-3b59-4c1d-8d29-10f45690104b', false);
INSERT INTO art_ping.project_employee VALUES ('87260051-395b-4c0e-85eb-ca8d3668949c', '611a2279-041a-449c-aa3d-d16e38f482fd', '120e9abf-1fc2-4c79-a365-77e49a1f76ed', false);
INSERT INTO art_ping.project_employee VALUES ('abc88912-8c32-4d0a-b285-484b7e19b297', '611a2279-041a-449c-aa3d-d16e38f482fd', '35c4ac03-348a-472f-ad3d-871a6745eca0', false);
INSERT INTO art_ping.project_employee VALUES ('df85d6d2-1f39-4dcc-9266-dc23bd820079', '611a2279-041a-449c-aa3d-d16e38f482fd', '74511b13-e9ee-41b9-8e2f-38bc890316a5', false);
INSERT INTO art_ping.project_employee VALUES ('215f141e-2d3f-4908-81c5-b99a8a40304b', '611a2279-041a-449c-aa3d-d16e38f482fd', '6919a1f9-906a-4fe4-8794-3852560267b3', false);
INSERT INTO art_ping.project VALUES ('97d10861-e364-4923-900e-7fc9ce859508', 'project246', true);
INSERT INTO art_ping.project_employee VALUES ('3d2c31c6-b040-4878-aac7-217ba1a356ce', '97d10861-e364-4923-900e-7fc9ce859508', '899809d2-dbd7-43af-908b-6caa46258872', false);
INSERT INTO art_ping.project_employee VALUES ('408ba505-6c4b-4605-898a-161ab2b484f8', '97d10861-e364-4923-900e-7fc9ce859508', 'b7a5bdfc-4447-4cbb-bd40-b61847f0fd1e', false);
INSERT INTO art_ping.project_employee VALUES ('2608e4a2-a3a4-4c81-85f8-2d6dd9581b2f', '97d10861-e364-4923-900e-7fc9ce859508', '4ac024e2-5f5a-4784-b7dc-896f270256cf', false);
INSERT INTO art_ping.project VALUES ('f8ef6a34-dbae-4839-988c-a6d83057f92f', 'project247', true);
INSERT INTO art_ping.project_employee VALUES ('b6f80048-c1d9-40d3-9a61-6c5534036e9b', 'f8ef6a34-dbae-4839-988c-a6d83057f92f', '53cee98c-355a-487b-b02a-cfe20f6899fe', false);
INSERT INTO art_ping.project_employee VALUES ('305d804c-e791-43c5-892e-7eada22a49e3', 'f8ef6a34-dbae-4839-988c-a6d83057f92f', '11f08932-f615-4629-9246-f439fc292b0c', false);
INSERT INTO art_ping.project_employee VALUES ('1622d76a-0b3c-4083-9de0-c43ac704773e', 'f8ef6a34-dbae-4839-988c-a6d83057f92f', '426943fe-cbdf-41f1-91dd-24818b867207', false);
INSERT INTO art_ping.project_employee VALUES ('a3b378c0-6697-4ab3-9d71-3a98ff284c10', 'f8ef6a34-dbae-4839-988c-a6d83057f92f', '6d377f60-7599-448b-8e55-728b00620144', false);
INSERT INTO art_ping.project_employee VALUES ('b223a57e-7168-436a-9896-a4ae0b1f563f', 'f8ef6a34-dbae-4839-988c-a6d83057f92f', '7a9a93b3-a6e3-42d4-ad7e-ce4ced0205d0', false);
INSERT INTO art_ping.project_employee VALUES ('fe5c7e51-dde3-4b88-aa54-57dac85f4992', 'f8ef6a34-dbae-4839-988c-a6d83057f92f', '00a1e1c7-4a51-4f70-84a3-a423c0acacf6', false);
INSERT INTO art_ping.project_employee VALUES ('ca623f04-0ec9-4573-b371-7c65273e6334', 'f8ef6a34-dbae-4839-988c-a6d83057f92f', 'bd32c8d1-6aef-441b-bbb2-0bda4758f204', false);
INSERT INTO art_ping.project_employee VALUES ('db04c041-0baf-4e1b-bb1a-9d2af3e65e60', 'f8ef6a34-dbae-4839-988c-a6d83057f92f', 'eb489be1-3357-4723-b5af-b7833e1e9da2', false);
INSERT INTO art_ping.project_employee VALUES ('b290f5e1-2ee2-4972-ab2f-014c73c9aa67', 'f8ef6a34-dbae-4839-988c-a6d83057f92f', '53575704-25ba-4db4-ad32-e4be90469b7f', false);
INSERT INTO art_ping.project_employee VALUES ('fc09d952-4e37-4ffd-9f19-b1a97a270416', 'f8ef6a34-dbae-4839-988c-a6d83057f92f', '853d7de4-dc4c-4eec-915b-3872c26e0cbd', false);
INSERT INTO art_ping.project VALUES ('d4f490cd-a328-4b8e-9a88-57be5461cb41', 'project248', true);
INSERT INTO art_ping.project_employee VALUES ('d3801bba-473f-46a4-a6be-ac24d145b150', 'd4f490cd-a328-4b8e-9a88-57be5461cb41', '31fecfd7-9f48-418a-a757-9b8087966af9', false);
INSERT INTO art_ping.project_employee VALUES ('9697f767-3397-401f-8bda-6ed210caa701', 'd4f490cd-a328-4b8e-9a88-57be5461cb41', 'e3377a21-cba0-4138-b12f-56ac6477367b', false);
INSERT INTO art_ping.project_employee VALUES ('8ffd2ace-749e-4081-84e7-5e2dc6dd5bc4', 'd4f490cd-a328-4b8e-9a88-57be5461cb41', 'a689a178-8e09-484d-8557-eb38c226482b', false);
INSERT INTO art_ping.project_employee VALUES ('3b9896a0-e766-45da-abc6-e9405d68ae22', 'd4f490cd-a328-4b8e-9a88-57be5461cb41', '9e772308-013b-4e58-9b98-921ea5b62eba', false);
INSERT INTO art_ping.project_employee VALUES ('64dd408e-0d44-45f1-b33a-a59c5581970d', 'd4f490cd-a328-4b8e-9a88-57be5461cb41', '1c6946f8-db90-43be-ba89-475260fb7289', false);
INSERT INTO art_ping.project_employee VALUES ('5f820f82-ae9e-4372-b5f8-012db81b8842', 'd4f490cd-a328-4b8e-9a88-57be5461cb41', '98d503ac-1975-4d08-ac0d-26406ca592f6', false);
INSERT INTO art_ping.project VALUES ('88eb0451-e22d-4b24-a214-72f13f88ab05', 'project249', true);
INSERT INTO art_ping.project_employee VALUES ('5b4075e9-0c05-4d07-b513-e930ad049c87', '88eb0451-e22d-4b24-a214-72f13f88ab05', '3f80df10-2953-4b62-a570-e579a1d6357a', false);
INSERT INTO art_ping.project_employee VALUES ('cdb81b2e-4bf3-45f5-af0f-d23d3b63ad79', '88eb0451-e22d-4b24-a214-72f13f88ab05', '6944d429-c1da-44c9-b670-4eb84c3d179a', false);
INSERT INTO art_ping.project_employee VALUES ('49fb7166-bd91-4dfe-8c86-b5636736787e', '88eb0451-e22d-4b24-a214-72f13f88ab05', '59d70d6e-db9e-4dc5-9acd-55d2b3a8aa95', false);
INSERT INTO art_ping.project_employee VALUES ('ac24800a-6eb5-4781-8fe7-220a8ec86842', '88eb0451-e22d-4b24-a214-72f13f88ab05', 'a352156f-46ef-45ef-92b7-6ec0aada131d', false);
INSERT INTO art_ping.project_employee VALUES ('70ff377a-916f-42f5-b984-6266c20cf9e4', '88eb0451-e22d-4b24-a214-72f13f88ab05', 'd8d8b297-a19d-4be5-8981-07f78b84e6e2', false);
INSERT INTO art_ping.project_employee VALUES ('dc02731a-ec0b-4682-8da7-20f995ea9714', '88eb0451-e22d-4b24-a214-72f13f88ab05', 'ccd5828e-2daa-4dbe-8c87-a5b5722653cb', false);
INSERT INTO art_ping.project_employee VALUES ('f88ad822-be6b-448c-9cb3-ab89cf692b27', '88eb0451-e22d-4b24-a214-72f13f88ab05', 'b76f35f1-09f9-4e88-bdb3-53613fca1770', false);
INSERT INTO art_ping.project VALUES ('f84f99bf-5c0d-4a1f-b94e-2bc329a83f6b', 'project250', true);
INSERT INTO art_ping.project_employee VALUES ('311612b4-5dda-4a89-a20a-0dadd46e93ff', 'f84f99bf-5c0d-4a1f-b94e-2bc329a83f6b', '2bea5822-925e-4f20-935e-39e1f35a9835', false);
INSERT INTO art_ping.project_employee VALUES ('7c434841-4cf6-43c7-821d-09c0dd19bf6a', 'f84f99bf-5c0d-4a1f-b94e-2bc329a83f6b', 'ecba32ef-e3b9-4f48-b96a-d2f81f777fbb', false);
INSERT INTO art_ping.project_employee VALUES ('ebefe3b1-e019-4f0e-a1b8-bccd387dd167', 'f84f99bf-5c0d-4a1f-b94e-2bc329a83f6b', '11f08932-f615-4629-9246-f439fc292b0c', false);
INSERT INTO art_ping.project_employee VALUES ('0d1e2762-dada-4429-af8a-f54565e5fbe9', 'f84f99bf-5c0d-4a1f-b94e-2bc329a83f6b', 'a3f5c7b4-fba6-4630-9d7e-3cf64001368a', false);
INSERT INTO art_ping.project_employee VALUES ('ece72477-80ae-4ca9-9100-2c48cc553519', 'f84f99bf-5c0d-4a1f-b94e-2bc329a83f6b', 'b1adb54f-39bc-49d8-bfbb-5c55f9786399', false);
INSERT INTO art_ping.project_employee VALUES ('650f0cba-e878-46a9-9295-5e36cbacd8a6', 'f84f99bf-5c0d-4a1f-b94e-2bc329a83f6b', '9795454f-9c47-4648-9021-ca51f119986e', false);
INSERT INTO art_ping.project_employee VALUES ('cd3b75a9-9ba7-4568-997a-d991de417e55', 'f84f99bf-5c0d-4a1f-b94e-2bc329a83f6b', '7230ee53-e482-41fd-9dbb-9e052efbc50c', false);
INSERT INTO art_ping.project_employee VALUES ('56dbc828-080d-4a1b-b62e-e09131e80032', 'f84f99bf-5c0d-4a1f-b94e-2bc329a83f6b', '0d6ed6ce-cd81-40fa-8ab8-91e5b6ed43d2', false);
INSERT INTO art_ping.project VALUES ('f601ca65-ef93-44dc-9698-7e647a2e0442', 'project251', true);
INSERT INTO art_ping.project_employee VALUES ('9f3ab9ae-1d92-42a2-9f79-f374cda03c2a', 'f601ca65-ef93-44dc-9698-7e647a2e0442', '8f63c6e9-51e8-4f0f-a373-734a128ab4c1', false);
INSERT INTO art_ping.project_employee VALUES ('0e835ec1-d060-43a9-9587-91770cacbb1b', 'f601ca65-ef93-44dc-9698-7e647a2e0442', '32ed9b74-cfe4-47be-a4a1-75a2574f79f7', false);
INSERT INTO art_ping.project_employee VALUES ('f724a956-945a-489f-9003-a544b8c36ca9', 'f601ca65-ef93-44dc-9698-7e647a2e0442', '362a1a04-3bc4-4f14-8010-0c35a9dbc0fb', false);
INSERT INTO art_ping.project_employee VALUES ('c0d61121-78c9-4c46-8cc8-b73a9a353670', 'f601ca65-ef93-44dc-9698-7e647a2e0442', 'f1390d56-a7f9-4ed6-a315-8e5d3128590e', false);
INSERT INTO art_ping.project_employee VALUES ('2b1bd8ac-fb9a-476f-a004-ddf5444ed87d', 'f601ca65-ef93-44dc-9698-7e647a2e0442', '07414a26-6230-43e1-b495-bc1baa4a99ae', false);
INSERT INTO art_ping.project_employee VALUES ('03ce5926-7186-4065-b1c3-7124ef037354', 'f601ca65-ef93-44dc-9698-7e647a2e0442', '208efbc5-2ee8-4096-9dd2-202236ed1b12', false);
INSERT INTO art_ping.project_employee VALUES ('9f0bc67a-194e-4f62-8186-3d76bcf91c7f', 'f601ca65-ef93-44dc-9698-7e647a2e0442', 'fb67b0c8-67d8-4b01-a3c5-d27b062ef307', false);
INSERT INTO art_ping.project_employee VALUES ('0e1263c1-bee2-471e-9d19-680b7c62c49e', 'f601ca65-ef93-44dc-9698-7e647a2e0442', 'ab199b3e-167c-4229-996a-cbee32600910', false);
INSERT INTO art_ping.project_employee VALUES ('bcbfda60-bcf4-40f5-962b-c8b7334be9ca', 'f601ca65-ef93-44dc-9698-7e647a2e0442', '2864a45e-6a73-493e-a9e5-f43029ae42a4', false);
INSERT INTO art_ping.project_employee VALUES ('5d0258f8-b9cb-453c-a028-5faa9d40e5f7', 'f601ca65-ef93-44dc-9698-7e647a2e0442', '655dfc48-3658-43c6-81df-7d7c3a642499', false);
INSERT INTO art_ping.project_employee VALUES ('6ba60b19-cf55-455b-924e-ea6cc6ae7be5', 'f601ca65-ef93-44dc-9698-7e647a2e0442', '1d487669-af0b-4511-af1f-e7c8686b897f', false);
INSERT INTO art_ping.project_employee VALUES ('aaa00342-7ac9-4853-9e54-d5004aae8730', 'f601ca65-ef93-44dc-9698-7e647a2e0442', 'f30ccc1b-32f2-4870-b7b6-62245b2bfd2b', false);
INSERT INTO art_ping.project_employee VALUES ('52e96b35-3fb7-477c-a95f-dd3e4ea76a5c', 'f601ca65-ef93-44dc-9698-7e647a2e0442', '2a60de57-a87a-4f65-b5fc-47ec38b4bfa9', false);
INSERT INTO art_ping.project_employee VALUES ('136e18d1-f130-4a01-9560-fbb51bf8e252', 'f601ca65-ef93-44dc-9698-7e647a2e0442', 'a6790baa-fb04-4966-8a25-39972358d9b7', false);
INSERT INTO art_ping.project_employee VALUES ('b502bbdb-c9a1-47da-9835-3e61ee21dec0', 'f601ca65-ef93-44dc-9698-7e647a2e0442', 'ad128cfd-07db-4120-8966-1b8f5eb8c861', false);
INSERT INTO art_ping.project_employee VALUES ('1d96dfe8-a730-4ef3-a8ee-c01aeeeb42f8', 'f601ca65-ef93-44dc-9698-7e647a2e0442', '2ff27e9f-d09e-4abf-81e0-e434c1b058e0', false);
INSERT INTO art_ping.project VALUES ('37329dd4-9b64-4711-8b3d-fe88eccfe036', 'project252', true);
INSERT INTO art_ping.project_employee VALUES ('03aff179-dd48-4bda-98fb-0fd396844b70', '37329dd4-9b64-4711-8b3d-fe88eccfe036', 'a9b66c15-d3e1-4e38-8361-5051c6feb8fb', false);
INSERT INTO art_ping.project_employee VALUES ('2ca0f2b9-b4ce-446e-955b-4db04329f178', '37329dd4-9b64-4711-8b3d-fe88eccfe036', 'e3377a21-cba0-4138-b12f-56ac6477367b', false);
INSERT INTO art_ping.project_employee VALUES ('8f5d8420-baf5-486f-9ec7-e18e23b07e0d', '37329dd4-9b64-4711-8b3d-fe88eccfe036', 'c497679e-3fec-4bcd-99a7-864f9803de1c', false);
INSERT INTO art_ping.project_employee VALUES ('19c91ce6-890c-496b-b58d-e5f36e1ad6d2', '37329dd4-9b64-4711-8b3d-fe88eccfe036', '5891ad1f-befc-485c-ac2a-c8ee087db2cc', false);
INSERT INTO art_ping.project_employee VALUES ('198101a7-37dd-4cc2-a6dd-c9c463235cab', '37329dd4-9b64-4711-8b3d-fe88eccfe036', 'ad5c3500-572d-4e3c-84ce-abbf11468475', false);
INSERT INTO art_ping.project_employee VALUES ('074a8f1e-ef9f-4ab4-a4fb-75b510fcbd6d', '37329dd4-9b64-4711-8b3d-fe88eccfe036', '4e877079-8463-403d-8b7f-aabde8b63d16', false);
INSERT INTO art_ping.project_employee VALUES ('9b1c3971-21b2-49f0-ad81-924c369e37ba', '37329dd4-9b64-4711-8b3d-fe88eccfe036', '3d4f01e2-43dc-4c70-83cc-7cdb1f3df1eb', false);
INSERT INTO art_ping.project_employee VALUES ('ad20c1af-ade5-42c4-befb-4d99b03899a3', '37329dd4-9b64-4711-8b3d-fe88eccfe036', 'fe1d5557-c995-4cc6-8a60-5d8bd0b2bdde', false);
INSERT INTO art_ping.project_employee VALUES ('6324a2f6-6caf-48f7-82cb-232c8c9d3e4a', '37329dd4-9b64-4711-8b3d-fe88eccfe036', 'de4e9d50-476d-40ba-94d6-4f47e89f11e3', false);
INSERT INTO art_ping.project_employee VALUES ('827c0ae4-1491-4aba-a3bf-f182afa54b52', '37329dd4-9b64-4711-8b3d-fe88eccfe036', '312e73e9-183a-46b9-b871-763096d3a647', false);
INSERT INTO art_ping.project_employee VALUES ('3b0c8a5e-a62c-46bf-94f0-46da89afee26', '37329dd4-9b64-4711-8b3d-fe88eccfe036', '998b5219-c09c-46fa-922b-edd5ad48d4f1', false);
INSERT INTO art_ping.project VALUES ('e75fa359-5eb1-44fc-92da-3306f99cf594', 'project253', true);
INSERT INTO art_ping.project_employee VALUES ('5135569c-cc1c-4655-8813-a0666acefd2a', 'e75fa359-5eb1-44fc-92da-3306f99cf594', 'd26bf81b-cb46-448c-8011-1909509433d6', false);
INSERT INTO art_ping.project_employee VALUES ('e7af2ed0-df64-4dcc-87cb-410fe71f253c', 'e75fa359-5eb1-44fc-92da-3306f99cf594', '38113e62-495e-4284-aa8c-3d88c55b1727', false);
INSERT INTO art_ping.project_employee VALUES ('dbe1cc43-2fd6-4989-aa51-0c8c2f72fda7', 'e75fa359-5eb1-44fc-92da-3306f99cf594', '6728eb07-5841-48cf-a6e5-4acb471295e2', false);
INSERT INTO art_ping.project_employee VALUES ('8c89f908-0ad2-48ab-a777-cc8710eac10f', 'e75fa359-5eb1-44fc-92da-3306f99cf594', '80031c24-f767-4e50-83eb-919faa0ff8f5', false);
INSERT INTO art_ping.project_employee VALUES ('c51e29a4-2d49-491a-b16e-69f6de9855e4', 'e75fa359-5eb1-44fc-92da-3306f99cf594', 'df17a9a2-19ba-44cc-bb69-6050d9c2fb40', false);
INSERT INTO art_ping.project_employee VALUES ('673ed7ec-4af5-4312-b6cf-58a89adbb9c1', 'e75fa359-5eb1-44fc-92da-3306f99cf594', 'a9500db5-d6b9-46ea-b8e3-36d36c2fb663', false);
INSERT INTO art_ping.project_employee VALUES ('cd09e8cb-77d9-46b0-ac32-fe996a45689c', 'e75fa359-5eb1-44fc-92da-3306f99cf594', '30dfa1ca-7b8d-4ff6-aad2-336b8946cd43', false);
INSERT INTO art_ping.project_employee VALUES ('a7d4278a-04b2-4f29-ad3a-618367f3b8da', 'e75fa359-5eb1-44fc-92da-3306f99cf594', '75257361-002d-4a84-a6a7-45bdd09516c7', false);
INSERT INTO art_ping.project_employee VALUES ('0d9d5eff-e06d-4521-be95-5f5403873644', 'e75fa359-5eb1-44fc-92da-3306f99cf594', '1726d11a-8c45-4b86-86c8-eaee90e0f42a', false);
INSERT INTO art_ping.project_employee VALUES ('06e83486-e498-4a70-83db-1be43c967f04', 'e75fa359-5eb1-44fc-92da-3306f99cf594', 'a352156f-46ef-45ef-92b7-6ec0aada131d', false);
INSERT INTO art_ping.project_employee VALUES ('d039cf28-6d43-4679-b335-f9690a1f62fe', 'e75fa359-5eb1-44fc-92da-3306f99cf594', '528a7e66-23dc-4e86-a30f-9ec391dc3143', false);
INSERT INTO art_ping.project_employee VALUES ('79d95683-a158-45c2-8d93-d639dc5d12da', 'e75fa359-5eb1-44fc-92da-3306f99cf594', '93ff44ac-f65e-4e21-bdfd-51e41847af5d', false);
INSERT INTO art_ping.project_employee VALUES ('15a74959-0571-4d26-be97-3e64accc4b80', 'e75fa359-5eb1-44fc-92da-3306f99cf594', '4fdce3b1-17f9-4ac2-ad87-e9725ecabca8', false);
INSERT INTO art_ping.project_employee VALUES ('63f2747a-574a-4bf9-8cae-1a8f77050011', 'e75fa359-5eb1-44fc-92da-3306f99cf594', '089fd005-d1ce-454f-9922-c99944b2aa94', false);
INSERT INTO art_ping.project VALUES ('148019ff-5103-48b0-9d25-1a9a540e9dac', 'project254', true);
INSERT INTO art_ping.project_employee VALUES ('7dc99d95-5893-4cfc-85f2-f59da8a864fe', '148019ff-5103-48b0-9d25-1a9a540e9dac', '5b1aea66-ceef-4316-9677-23ec2cd167f3', false);
INSERT INTO art_ping.project_employee VALUES ('c39f672d-5a5f-4553-946f-60894c687825', '148019ff-5103-48b0-9d25-1a9a540e9dac', '37507164-90ac-403a-8f6e-c68295cc128e', false);
INSERT INTO art_ping.project_employee VALUES ('526b1286-e714-4166-9645-8c802fb242e9', '148019ff-5103-48b0-9d25-1a9a540e9dac', '47813b39-a1ac-4b21-ab4f-1b9a01ccb067', false);
INSERT INTO art_ping.project_employee VALUES ('9b30a30a-56ec-45df-8ab2-ed24eb5c226e', '148019ff-5103-48b0-9d25-1a9a540e9dac', '9f62c00b-5934-40d2-91b7-231cf0b8da2f', false);
INSERT INTO art_ping.project VALUES ('d939b0e9-e594-496a-a204-93717e8c0fbb', 'project255', true);
INSERT INTO art_ping.project_employee VALUES ('cee1cd71-3e90-484b-9cf1-3641096ca2c1', 'd939b0e9-e594-496a-a204-93717e8c0fbb', 'c65c9dc4-e47e-4ab0-b4ea-9762e95d0a50', false);
INSERT INTO art_ping.project_employee VALUES ('60e4d251-5ca2-4d48-a207-672597e3cc56', 'd939b0e9-e594-496a-a204-93717e8c0fbb', '1bdc9fbe-a832-48d7-8ab9-dd59882f1cb7', false);
INSERT INTO art_ping.project_employee VALUES ('095c8d57-1711-45e0-9454-e43e4d7ab6f4', 'd939b0e9-e594-496a-a204-93717e8c0fbb', '8c3502ea-6671-40cf-bf16-8099fb77f8ca', false);
INSERT INTO art_ping.project_employee VALUES ('99de8981-7fc4-4e05-abc9-1d6bca580c20', 'd939b0e9-e594-496a-a204-93717e8c0fbb', 'c46f6f86-7e74-4c03-884c-e25c91cc4946', false);
INSERT INTO art_ping.project_employee VALUES ('4952cb7f-e220-41b9-834f-44d4411dac45', 'd939b0e9-e594-496a-a204-93717e8c0fbb', 'ef7966d0-b3aa-4f46-a659-7441d0f1c60f', false);
INSERT INTO art_ping.project_employee VALUES ('5cdf5ecf-59da-4a1f-8fec-38866338266c', 'd939b0e9-e594-496a-a204-93717e8c0fbb', '25937bae-8f8e-4ddc-a714-3e74c80fc42d', false);
INSERT INTO art_ping.project_employee VALUES ('3d3c9ef7-4159-4021-9db8-bce5613ab259', 'd939b0e9-e594-496a-a204-93717e8c0fbb', '99756689-c14e-4cdb-8599-10f40d956fcc', false);
INSERT INTO art_ping.project VALUES ('177f8d0e-812c-4283-a48b-c4b61ae53800', 'project256', true);
INSERT INTO art_ping.project_employee VALUES ('9ac08dab-7245-4a65-ad35-cc49b69b3ecc', '177f8d0e-812c-4283-a48b-c4b61ae53800', '47bc18e4-7fb3-420f-8dd8-c24da3fcf641', false);
INSERT INTO art_ping.project_employee VALUES ('d104a53e-8e75-40e4-a36c-aa52795068fe', '177f8d0e-812c-4283-a48b-c4b61ae53800', 'b70cb7b9-8833-4606-8d56-867a01e2c56c', false);
INSERT INTO art_ping.project_employee VALUES ('3fe192f8-a558-4a9f-826e-72ea696afe35', '177f8d0e-812c-4283-a48b-c4b61ae53800', '3fc44eaa-159e-4a3b-9c82-65fc88092e3b', false);
INSERT INTO art_ping.project VALUES ('0cfb921a-c4b5-47c1-b9e0-93b8877305aa', 'project257', true);
INSERT INTO art_ping.project_employee VALUES ('540e1804-fd2f-4af6-b636-30d76ed1634f', '0cfb921a-c4b5-47c1-b9e0-93b8877305aa', 'f63aeead-1aeb-41cf-9f8e-b7b49884b99d', false);
INSERT INTO art_ping.project_employee VALUES ('780cb565-080c-4afe-b416-b40e2415b787', '0cfb921a-c4b5-47c1-b9e0-93b8877305aa', '493a58e5-2b13-4d7e-9971-399387fafafd', false);
INSERT INTO art_ping.project_employee VALUES ('9096cad8-ff2c-432f-82da-0c0f39a17f39', '0cfb921a-c4b5-47c1-b9e0-93b8877305aa', '35eea3b2-a3c0-4965-8160-e17ea8399ce0', false);
INSERT INTO art_ping.project_employee VALUES ('3578c126-6fba-4e28-abb6-05cd1cec939a', '0cfb921a-c4b5-47c1-b9e0-93b8877305aa', '2db034eb-96c1-4646-9261-588f98eadfe4', false);
INSERT INTO art_ping.project_employee VALUES ('49da2315-45f2-411b-b277-7aafab5558e2', '0cfb921a-c4b5-47c1-b9e0-93b8877305aa', '3a538874-0fd8-4eef-b294-831512cb6b43', false);
INSERT INTO art_ping.project_employee VALUES ('0c5c1fb4-c591-4326-8ad2-5edfc4f96404', '0cfb921a-c4b5-47c1-b9e0-93b8877305aa', '50047f5c-c2e4-4e7a-a936-7a4fe1756c41', false);
INSERT INTO art_ping.project_employee VALUES ('a3a06bfc-641c-46c2-9699-607acebb81ab', '0cfb921a-c4b5-47c1-b9e0-93b8877305aa', '154b73f8-e56f-42af-8131-08d4912597c8', false);
INSERT INTO art_ping.project_employee VALUES ('39bb2ab4-b6a4-4070-ad63-76498bab79de', '0cfb921a-c4b5-47c1-b9e0-93b8877305aa', '45524fae-7322-42c6-99dc-c0e1cf7880cd', false);
INSERT INTO art_ping.project_employee VALUES ('204cfe45-c8b9-4ccd-a775-0394f4dc7d4a', '0cfb921a-c4b5-47c1-b9e0-93b8877305aa', '80eb122f-e58e-4ee6-8ca9-7ec1ceb245d0', false);
INSERT INTO art_ping.project_employee VALUES ('160719fc-983d-402d-843b-120e8f986611', '0cfb921a-c4b5-47c1-b9e0-93b8877305aa', 'bc0fcf18-417f-470c-bb5b-075ee1ab870f', false);
INSERT INTO art_ping.project VALUES ('2abc6797-975f-407c-afca-88fc8730242f', 'project258', true);
INSERT INTO art_ping.project_employee VALUES ('fc00a73f-1a62-420d-a517-c6a3e9ccc424', '2abc6797-975f-407c-afca-88fc8730242f', '23f620ef-e7b4-429a-9e71-90cc3699cac1', false);
INSERT INTO art_ping.project_employee VALUES ('678712df-0bef-4941-96fd-c656d6d76e39', '2abc6797-975f-407c-afca-88fc8730242f', '903273c9-ca49-4a1c-a336-2f1e04d6b29b', false);
INSERT INTO art_ping.project_employee VALUES ('07e3decd-67f1-457e-85fd-c7bbbb4cd63e', '2abc6797-975f-407c-afca-88fc8730242f', 'a6e17dc9-cbaf-476b-bd82-7eba7f1d6855', false);
INSERT INTO art_ping.project_employee VALUES ('056813d0-9cf6-4bfe-818f-1e2654317ef5', '2abc6797-975f-407c-afca-88fc8730242f', 'd5bb3c07-8d34-4796-ad14-d340eb838f54', false);
INSERT INTO art_ping.project_employee VALUES ('f265e8cc-027e-4a78-9d2b-753229d31639', '2abc6797-975f-407c-afca-88fc8730242f', '426943fe-cbdf-41f1-91dd-24818b867207', false);
INSERT INTO art_ping.project_employee VALUES ('4e6825a4-cdab-4a09-a00f-df48afcbf31f', '2abc6797-975f-407c-afca-88fc8730242f', '8ac9b53f-0bc0-4ae0-b54e-e11218c13f71', false);
INSERT INTO art_ping.project_employee VALUES ('f8fdf2d4-95a9-4e5d-9acc-36168fc82ff8', '2abc6797-975f-407c-afca-88fc8730242f', '154b73f8-e56f-42af-8131-08d4912597c8', false);
INSERT INTO art_ping.project_employee VALUES ('9c405202-dcb5-4a63-be5b-95e5b6440532', '2abc6797-975f-407c-afca-88fc8730242f', '8a88b32e-fc57-48e4-ba53-671bd073ed6c', false);
INSERT INTO art_ping.project VALUES ('eecc91ff-14f1-4087-a598-fc3f5fcc095c', 'project259', true);
INSERT INTO art_ping.project_employee VALUES ('b81c0592-6358-43f8-ba49-c5118d7975ad', 'eecc91ff-14f1-4087-a598-fc3f5fcc095c', '9015c159-7a00-4ec8-bc0e-6882efd215cc', false);
INSERT INTO art_ping.project_employee VALUES ('3bd34352-8a70-45bd-b5de-ba73448eb0cd', 'eecc91ff-14f1-4087-a598-fc3f5fcc095c', 'bc0e890f-7318-4cb2-9454-8c4480e65099', false);
INSERT INTO art_ping.project_employee VALUES ('76524808-9d9c-4687-b0ff-47a020023f28', 'eecc91ff-14f1-4087-a598-fc3f5fcc095c', '0c6d2a1f-a5fb-419a-b16b-998b14649693', false);
INSERT INTO art_ping.project_employee VALUES ('69fc475b-7c7e-49dd-88a4-f640388a1d27', 'eecc91ff-14f1-4087-a598-fc3f5fcc095c', '80eb122f-e58e-4ee6-8ca9-7ec1ceb245d0', false);
INSERT INTO art_ping.project_employee VALUES ('2c3d8e2d-a400-4e4c-9812-522f03a798f4', 'eecc91ff-14f1-4087-a598-fc3f5fcc095c', 'bf99118f-478c-4f13-b090-c482af39638b', false);
INSERT INTO art_ping.project_employee VALUES ('4b94de81-97a9-4b9d-98ec-ea9a37f0b81e', 'eecc91ff-14f1-4087-a598-fc3f5fcc095c', 'f2591815-1a42-4183-a84d-9b5c0d83ea56', false);
INSERT INTO art_ping.project_employee VALUES ('dd2bae01-900d-4dc2-b281-dbaff8dbfc31', 'eecc91ff-14f1-4087-a598-fc3f5fcc095c', '2a028a2d-1bd7-4a01-a444-b25a9a92853c', false);
INSERT INTO art_ping.project_employee VALUES ('227035fe-9248-453f-9e44-8e863efccc34', 'eecc91ff-14f1-4087-a598-fc3f5fcc095c', '57c9a6f6-2544-456e-9146-9ae136ae6298', false);
INSERT INTO art_ping.project_employee VALUES ('1bcb5510-a415-48d1-850b-f090ab9554fd', 'eecc91ff-14f1-4087-a598-fc3f5fcc095c', 'acf24a6a-9e8b-4edf-982c-ad62dcb4e236', false);
INSERT INTO art_ping.project_employee VALUES ('87c9e146-396e-4f4f-934a-7e601de35eba', 'eecc91ff-14f1-4087-a598-fc3f5fcc095c', 'c9850c5e-3d65-4708-87a4-19a542b0ed9a', false);
INSERT INTO art_ping.project_employee VALUES ('de7f842e-35c8-4805-bb82-5e2185614279', 'eecc91ff-14f1-4087-a598-fc3f5fcc095c', 'f93f3f29-0c4a-40d7-8014-b1e56e528dd6', false);
INSERT INTO art_ping.project_employee VALUES ('872fe8d9-84a5-4bcf-812a-010f7697e505', 'eecc91ff-14f1-4087-a598-fc3f5fcc095c', 'ec427102-c9b5-4a13-8664-b383e0077ffc', false);
INSERT INTO art_ping.project_employee VALUES ('b4954c82-2925-43fb-bc36-db29c71a3919', 'eecc91ff-14f1-4087-a598-fc3f5fcc095c', '70473947-4991-484a-9a35-6489c98e827f', false);
INSERT INTO art_ping.project_employee VALUES ('dfabd80c-1dfe-4322-87ff-40814063442c', 'eecc91ff-14f1-4087-a598-fc3f5fcc095c', '4a603d7c-7db7-4939-a25c-d579ef352137', false);
INSERT INTO art_ping.project_employee VALUES ('c8bcab89-04b8-4d37-9b85-7f4c673d5d0b', 'eecc91ff-14f1-4087-a598-fc3f5fcc095c', '66e5f9ba-af58-4ecb-920b-b052072af89b', false);
INSERT INTO art_ping.project_employee VALUES ('62710cba-13f7-4ad9-ac45-e390b48f5739', 'eecc91ff-14f1-4087-a598-fc3f5fcc095c', '824e5eb7-7d8f-4071-a8ed-2023f126d58c', false);
INSERT INTO art_ping.project VALUES ('41e4169e-cfd2-42fc-80ec-7a6fdd8957ff', 'project260', true);
INSERT INTO art_ping.project_employee VALUES ('b0fc3824-2883-459e-bb9d-c4f608d3dd68', '41e4169e-cfd2-42fc-80ec-7a6fdd8957ff', '969f05c5-9197-4e39-8ae9-d81af37dd9a7', false);
INSERT INTO art_ping.project_employee VALUES ('1a7a2f77-c8a5-4737-8930-fae15985272c', '41e4169e-cfd2-42fc-80ec-7a6fdd8957ff', 'f9e0560e-ea96-46ee-93d7-c0d1583a4eb1', false);
INSERT INTO art_ping.project_employee VALUES ('3e95b0fa-7a9f-4b59-8dfd-56010f55f71c', '41e4169e-cfd2-42fc-80ec-7a6fdd8957ff', '8b0cf62b-565c-4ce2-8b86-343e96db374d', false);
INSERT INTO art_ping.project_employee VALUES ('d28038e3-620e-4321-ac76-90d2deb5d818', '41e4169e-cfd2-42fc-80ec-7a6fdd8957ff', '19116dfb-4faf-46d5-af4c-f421b1dd04ec', false);
INSERT INTO art_ping.project_employee VALUES ('76fe9a82-5884-43c0-a618-6a67f6f70b92', '41e4169e-cfd2-42fc-80ec-7a6fdd8957ff', '0d6ed6ce-cd81-40fa-8ab8-91e5b6ed43d2', false);
INSERT INTO art_ping.project_employee VALUES ('9ef9af8e-02a6-4ce0-a120-111d96c1609e', '41e4169e-cfd2-42fc-80ec-7a6fdd8957ff', '1b8856af-6593-492a-9fcd-fe63e89abfed', false);
INSERT INTO art_ping.project_employee VALUES ('355b14fc-191e-4ded-8902-f736ee511691', '41e4169e-cfd2-42fc-80ec-7a6fdd8957ff', '606aa705-2913-4857-b870-266864ce2bee', false);
INSERT INTO art_ping.project_employee VALUES ('92f85d0f-8c97-44a5-b582-8fb42cba9acf', '41e4169e-cfd2-42fc-80ec-7a6fdd8957ff', '2864a45e-6a73-493e-a9e5-f43029ae42a4', false);
INSERT INTO art_ping.project_employee VALUES ('99620485-c6d3-4856-a87a-00c131432c53', '41e4169e-cfd2-42fc-80ec-7a6fdd8957ff', '51354a6d-189b-4def-9c2e-83d47695307a', false);
INSERT INTO art_ping.project_employee VALUES ('740445fc-5d6e-41e6-a11c-4f535f4a7962', '41e4169e-cfd2-42fc-80ec-7a6fdd8957ff', 'a96fd4f7-d900-4b9b-89e2-d2b9600bee29', false);
INSERT INTO art_ping.project_employee VALUES ('2ca0e622-d62a-40db-8d89-c10dfa447ba2', '41e4169e-cfd2-42fc-80ec-7a6fdd8957ff', '219ba6fe-7459-4043-87a7-8fa8941d5964', false);
INSERT INTO art_ping.project_employee VALUES ('6f9453a7-e5f2-4166-af9a-1022f0802db4', '41e4169e-cfd2-42fc-80ec-7a6fdd8957ff', 'b6253a98-159e-4c74-94ac-a4b372fbe34a', false);
INSERT INTO art_ping.project_employee VALUES ('59acb7e6-0ede-4014-bafd-f2a2473443a0', '41e4169e-cfd2-42fc-80ec-7a6fdd8957ff', '6953e5d0-da7b-4f25-80e3-195af5533b7a', false);
INSERT INTO art_ping.project_employee VALUES ('ab8269e2-cdc1-4c23-bad3-5d0b2e9b7aa7', '41e4169e-cfd2-42fc-80ec-7a6fdd8957ff', '9156f9a1-04af-4de0-93d1-bea2aacb4812', false);
INSERT INTO art_ping.project_employee VALUES ('59affa5f-7677-498a-a058-827b9d3fe5b0', '41e4169e-cfd2-42fc-80ec-7a6fdd8957ff', 'aea40393-76aa-4a9a-83c3-0f300b4925e2', false);
INSERT INTO art_ping.project_employee VALUES ('dea040a6-bf3e-4467-809f-8359fa1deeb4', '41e4169e-cfd2-42fc-80ec-7a6fdd8957ff', '35af698d-59f4-4fb5-b154-07310af46e3d', false);
INSERT INTO art_ping.project_employee VALUES ('a50d4a8e-9b77-4b37-b3b8-6cd21128c3ef', '41e4169e-cfd2-42fc-80ec-7a6fdd8957ff', 'afe9b494-96c4-4c65-8192-7839fd67d093', false);
INSERT INTO art_ping.project_employee VALUES ('a72493f2-7772-47bd-b613-7008af5d64d0', '41e4169e-cfd2-42fc-80ec-7a6fdd8957ff', 'b76f35f1-09f9-4e88-bdb3-53613fca1770', false);
INSERT INTO art_ping.project VALUES ('fad23135-6005-43fe-8ba6-b3bdfe492a11', 'project261', true);
INSERT INTO art_ping.project_employee VALUES ('f5d310e6-b456-4c5e-a621-635d6dbfcf17', 'fad23135-6005-43fe-8ba6-b3bdfe492a11', 'e64a50e8-f81c-4ca3-9582-c4c0c42e2f4b', false);
INSERT INTO art_ping.project_employee VALUES ('6daa4300-4434-4437-8cff-8b0ea14b982d', 'fad23135-6005-43fe-8ba6-b3bdfe492a11', '41ab7c96-68b8-4f61-8f1c-f2a70438fd8e', false);
INSERT INTO art_ping.project_employee VALUES ('edc59270-2b64-455f-a74c-df9bebee05fa', 'fad23135-6005-43fe-8ba6-b3bdfe492a11', '0a8d3842-fea7-4746-9f39-809b0418831f', false);
INSERT INTO art_ping.project_employee VALUES ('137edab4-9bba-46bd-8ff3-9594c1f6e4e6', 'fad23135-6005-43fe-8ba6-b3bdfe492a11', '888993a1-3b7f-42bb-96ef-fba9d76ec213', false);
INSERT INTO art_ping.project_employee VALUES ('c2b56681-e453-4ef3-88b1-34687d5d50cc', 'fad23135-6005-43fe-8ba6-b3bdfe492a11', '8ac9b53f-0bc0-4ae0-b54e-e11218c13f71', false);
INSERT INTO art_ping.project_employee VALUES ('6d4caae4-a339-4417-b87b-8ed06e8528d8', 'fad23135-6005-43fe-8ba6-b3bdfe492a11', '59ecffe2-a78d-4d3b-a20e-5b1360fb1749', false);
INSERT INTO art_ping.project_employee VALUES ('bab0946d-c62b-4348-856d-062ca1bb6965', 'fad23135-6005-43fe-8ba6-b3bdfe492a11', '98d503ac-1975-4d08-ac0d-26406ca592f6', false);
INSERT INTO art_ping.project_employee VALUES ('c97a74c3-353c-441b-97bd-b33d6bc7abb2', 'fad23135-6005-43fe-8ba6-b3bdfe492a11', '3ee6ee98-01e9-477e-aae0-b8afbdab73b4', false);
INSERT INTO art_ping.project VALUES ('a8fccb4c-4ba2-4ab1-955e-070a7350b024', 'project262', true);
INSERT INTO art_ping.project_employee VALUES ('20f2ad2b-2c25-4568-97f2-4029ea6dad18', 'a8fccb4c-4ba2-4ab1-955e-070a7350b024', 'd0ae51d6-3f25-42a4-aab6-bcdec2a7d13b', false);
INSERT INTO art_ping.project_employee VALUES ('a7f0561f-37be-4ed8-994c-bccdc13f2a92', 'a8fccb4c-4ba2-4ab1-955e-070a7350b024', '8d716000-c4ea-4b70-bed8-2b14a47d9e16', false);
INSERT INTO art_ping.project_employee VALUES ('53778474-c0b9-4162-95c1-8cd792be6a42', 'a8fccb4c-4ba2-4ab1-955e-070a7350b024', '8dacf61c-b38d-4d75-ac11-962a97226013', false);
INSERT INTO art_ping.project_employee VALUES ('698cf7e2-0a0d-4342-a1f9-9d77564566eb', 'a8fccb4c-4ba2-4ab1-955e-070a7350b024', '6b8f564e-b5dd-4c1b-9247-c9e26da5762c', false);
INSERT INTO art_ping.project_employee VALUES ('9875fae9-77b4-49a5-8f5d-584026f2ad3d', 'a8fccb4c-4ba2-4ab1-955e-070a7350b024', '998549e6-64c0-4eae-a2ce-e59c217f47bd', false);
INSERT INTO art_ping.project_employee VALUES ('1beb87c4-7262-40b2-bf6b-9e802ea05164', 'a8fccb4c-4ba2-4ab1-955e-070a7350b024', 'c180acf8-56d0-4a0c-a171-514360652673', false);
INSERT INTO art_ping.project_employee VALUES ('698ba105-85f6-4ac1-9967-d983bd6693f2', 'a8fccb4c-4ba2-4ab1-955e-070a7350b024', 'c4f977b5-260c-4ec2-8d08-ef9e556cdd83', false);
INSERT INTO art_ping.project VALUES ('ac1b8800-d289-4afd-8699-9fb4a02ccad9', 'project263', true);
INSERT INTO art_ping.project_employee VALUES ('d4bb2778-e5de-4162-842d-852b91e567c2', 'ac1b8800-d289-4afd-8699-9fb4a02ccad9', '31fecfd7-9f48-418a-a757-9b8087966af9', false);
INSERT INTO art_ping.project_employee VALUES ('d6e58e7d-2446-43c0-9d76-1941e5bc527f', 'ac1b8800-d289-4afd-8699-9fb4a02ccad9', 'a8b9309e-c214-4c4d-ae3a-0e27045efb35', false);
INSERT INTO art_ping.project_employee VALUES ('8291219a-e7b8-4ee6-b442-8d3ed6cdd219', 'ac1b8800-d289-4afd-8699-9fb4a02ccad9', '01133c1d-0029-463e-88df-5fafd35fcefe', false);
INSERT INTO art_ping.project_employee VALUES ('ad8fe77a-32b4-4dab-a407-2af0e0a02ccf', 'ac1b8800-d289-4afd-8699-9fb4a02ccad9', 'f3f69d81-b3db-423b-878e-85dc10b96e97', false);
INSERT INTO art_ping.project_employee VALUES ('585357b6-251b-4ea3-a5fb-76fe339f0e05', 'ac1b8800-d289-4afd-8699-9fb4a02ccad9', '702949cd-8d49-414c-a7c6-d4966977798f', false);
INSERT INTO art_ping.project_employee VALUES ('4609a2c5-887e-4264-8d58-c2222f7c282a', 'ac1b8800-d289-4afd-8699-9fb4a02ccad9', '8530c865-bceb-42e6-82ad-9957f3687fc8', false);
INSERT INTO art_ping.project_employee VALUES ('68252326-73ce-4a02-be4b-550413f01003', 'ac1b8800-d289-4afd-8699-9fb4a02ccad9', '9866608c-4bcb-4214-bd85-81000287db57', false);
INSERT INTO art_ping.project_employee VALUES ('95c89f80-d235-4675-8176-e154d3728225', 'ac1b8800-d289-4afd-8699-9fb4a02ccad9', 'b7c568d9-7290-4a23-80af-1a9516e4914e', false);
INSERT INTO art_ping.project_employee VALUES ('1b04005d-883b-4ce8-bb67-ad93bafce32e', 'ac1b8800-d289-4afd-8699-9fb4a02ccad9', '1d487669-af0b-4511-af1f-e7c8686b897f', false);
INSERT INTO art_ping.project_employee VALUES ('b8c684b1-c58d-4d18-8c74-531550fc7b26', 'ac1b8800-d289-4afd-8699-9fb4a02ccad9', 'c1c408a4-5c48-45b6-acee-bab5fb93950a', false);
INSERT INTO art_ping.project_employee VALUES ('b83e12c2-1dde-44f6-99c0-3c191c10437a', 'ac1b8800-d289-4afd-8699-9fb4a02ccad9', '80544bcc-4286-4ed6-8981-323152036cde', false);
INSERT INTO art_ping.project_employee VALUES ('bc93dbf1-9387-431d-a600-96ff1e914bc5', 'ac1b8800-d289-4afd-8699-9fb4a02ccad9', 'e637a3c6-071d-4d33-ad8e-b0f4dafd9365', false);
INSERT INTO art_ping.project_employee VALUES ('bbcf5ae8-9b64-4338-947f-d2f81c22c91f', 'ac1b8800-d289-4afd-8699-9fb4a02ccad9', 'db5ccae6-0bb1-4879-a398-f5fab1e421dd', false);
INSERT INTO art_ping.project_employee VALUES ('ecb16bb1-d5c9-402f-a091-5c25d99c09a8', 'ac1b8800-d289-4afd-8699-9fb4a02ccad9', 'e981f520-5bec-4d2a-b07f-c9c4b3497b13', false);
INSERT INTO art_ping.project VALUES ('b8579248-29ae-43c5-8137-cd970d453e09', 'project264', true);
INSERT INTO art_ping.project_employee VALUES ('22143037-308c-414b-9bb7-ebad4d9aaa86', 'b8579248-29ae-43c5-8137-cd970d453e09', '68701196-939a-4d55-8611-2a710a1d93bf', false);
INSERT INTO art_ping.project_employee VALUES ('3364434d-0b2f-48dd-aa10-f61dd2ea4c02', 'b8579248-29ae-43c5-8137-cd970d453e09', '7de2f33b-ac5c-4e79-9bc1-3e791251fa70', false);
INSERT INTO art_ping.project_employee VALUES ('b0964be1-aabc-46f0-bdf4-aeb160fca48d', 'b8579248-29ae-43c5-8137-cd970d453e09', '75a5ec96-6bdb-48ad-9e41-3992c3e411aa', false);
INSERT INTO art_ping.project_employee VALUES ('6606366b-5632-48bd-b231-3c200dd24d25', 'b8579248-29ae-43c5-8137-cd970d453e09', 'e4bd53af-629a-470c-b62f-59cec1997074', false);
INSERT INTO art_ping.project_employee VALUES ('eca60685-fc62-4415-8927-8b6e5a6a2105', 'b8579248-29ae-43c5-8137-cd970d453e09', 'fb1e30c5-c610-4675-a68e-acc123898179', false);
INSERT INTO art_ping.project_employee VALUES ('f569277f-6a82-406f-ba18-a97bb4578057', 'b8579248-29ae-43c5-8137-cd970d453e09', 'f8ddfe9e-d9ac-41ad-a3f4-fe2cf81862c6', false);
INSERT INTO art_ping.project_employee VALUES ('59aa8cde-cff4-4742-bf37-38ef5fe8e5ae', 'b8579248-29ae-43c5-8137-cd970d453e09', 'a4c6515a-ad32-4e85-aa5e-a1a5dd5e7199', false);
INSERT INTO art_ping.project_employee VALUES ('9e31bf02-f012-41cd-a750-8cd3443fe99b', 'b8579248-29ae-43c5-8137-cd970d453e09', 'fb67b0c8-67d8-4b01-a3c5-d27b062ef307', false);
INSERT INTO art_ping.project_employee VALUES ('2a6645a8-7813-4ac2-90b3-1d80017b029c', 'b8579248-29ae-43c5-8137-cd970d453e09', 'e06de493-954d-4a4d-a3eb-fb67a4671cfc', false);
INSERT INTO art_ping.project_employee VALUES ('5d165915-1f95-41f3-938a-99ea23329af2', 'b8579248-29ae-43c5-8137-cd970d453e09', '6af21098-aeaa-44e1-bd78-523c263dc55d', false);
INSERT INTO art_ping.project_employee VALUES ('72d8977a-56fd-43e4-abb3-42e4087d1223', 'b8579248-29ae-43c5-8137-cd970d453e09', '53cee98c-355a-487b-b02a-cfe20f6899fe', false);
INSERT INTO art_ping.project_employee VALUES ('7578d1e9-3b58-47b6-bac9-c962236fdb90', 'b8579248-29ae-43c5-8137-cd970d453e09', 'e5e3df29-b6ee-459b-ae9d-e725b68bbafb', false);
INSERT INTO art_ping.project_employee VALUES ('661ddbd5-808d-4a6e-bbfd-01bf8788b845', 'b8579248-29ae-43c5-8137-cd970d453e09', 'bb8f3b0c-32a9-466a-be09-949ec786b922', false);
INSERT INTO art_ping.project_employee VALUES ('fdeb6041-2ab7-4f2f-a793-1c39c598519f', 'b8579248-29ae-43c5-8137-cd970d453e09', '8c2fca22-63cb-43cd-80e3-05f0c8182f1d', false);
INSERT INTO art_ping.project_employee VALUES ('402bda89-cce4-4074-a62e-6072b1ef47d0', 'b8579248-29ae-43c5-8137-cd970d453e09', '8df02699-d3eb-42fb-bc6b-0c91b11551cd', false);
INSERT INTO art_ping.project VALUES ('7935c4bf-b0d1-4e2b-b6c4-92fb13b92793', 'project265', true);
INSERT INTO art_ping.project_employee VALUES ('63f27271-9359-47f3-a3a7-a338966b2a63', '7935c4bf-b0d1-4e2b-b6c4-92fb13b92793', 'cf9635dd-8a0f-4d91-9da8-e58349558058', false);
INSERT INTO art_ping.project_employee VALUES ('9e9dcbef-5bd0-41f9-896a-2d9d6e7d8ece', '7935c4bf-b0d1-4e2b-b6c4-92fb13b92793', '3e1ae869-8169-4939-bf64-b2d2977d8457', false);
INSERT INTO art_ping.project_employee VALUES ('c55d306c-aa60-4b62-ae06-b29b87da146d', '7935c4bf-b0d1-4e2b-b6c4-92fb13b92793', '3445bdb6-72e9-4dc4-ad8a-508eecf56808', false);
INSERT INTO art_ping.project_employee VALUES ('c5e6f2e7-6094-4b36-96e4-88a02fbd1b5e', '7935c4bf-b0d1-4e2b-b6c4-92fb13b92793', 'a689a178-8e09-484d-8557-eb38c226482b', false);
INSERT INTO art_ping.project_employee VALUES ('a71b3a3f-b83d-4e14-aa28-f154e120450a', '7935c4bf-b0d1-4e2b-b6c4-92fb13b92793', '81c5a992-a2c5-4e8a-86bf-284227c34b96', false);
INSERT INTO art_ping.project_employee VALUES ('e1d36488-5c60-46bf-8b4a-59be0f23f3c0', '7935c4bf-b0d1-4e2b-b6c4-92fb13b92793', '0ef87a64-d84c-423a-b727-7f198f0a7d18', false);
INSERT INTO art_ping.project_employee VALUES ('fdedc774-5302-49f1-84a7-b65967a75fa5', '7935c4bf-b0d1-4e2b-b6c4-92fb13b92793', 'ce38fb77-90e4-469d-9e4b-2164de440b56', false);
INSERT INTO art_ping.project_employee VALUES ('90edb486-1748-467b-bc52-1251698426cd', '7935c4bf-b0d1-4e2b-b6c4-92fb13b92793', '5d393e40-0dca-4fe6-9264-a2042cd888d3', false);
INSERT INTO art_ping.project_employee VALUES ('293eb680-f669-444f-9ebc-a8187ed916f6', '7935c4bf-b0d1-4e2b-b6c4-92fb13b92793', '72a38b2d-0329-4d0b-85d5-6f4be052ef1a', false);
INSERT INTO art_ping.project_employee VALUES ('d977538c-eed3-4c89-be5f-8d41340a3ce2', '7935c4bf-b0d1-4e2b-b6c4-92fb13b92793', '6bdd5fb0-1d5e-429c-9e42-64d6218babb4', false);
INSERT INTO art_ping.project_employee VALUES ('b30fbd88-9446-4053-a8db-bd8e7e29073f', '7935c4bf-b0d1-4e2b-b6c4-92fb13b92793', 'b7780f63-4092-4c43-b855-0af2523f644c', false);
INSERT INTO art_ping.project_employee VALUES ('e6b0b449-a897-48a5-9d5a-560c4edcf590', '7935c4bf-b0d1-4e2b-b6c4-92fb13b92793', '21f0a20e-1ca8-4895-a904-7f0969c3687f', false);
INSERT INTO art_ping.project_employee VALUES ('8a16225c-f74e-473f-93ca-b2a6f8fd404c', '7935c4bf-b0d1-4e2b-b6c4-92fb13b92793', '20bb3776-2233-4d9f-92c7-d6de53f0ebd4', false);
INSERT INTO art_ping.project_employee VALUES ('21ef840d-42e8-4f35-a75c-e2e0b41e5b3f', '7935c4bf-b0d1-4e2b-b6c4-92fb13b92793', '4d4b1ea2-8b1c-4446-82e5-796ab32e5d09', false);
INSERT INTO art_ping.project_employee VALUES ('5940084b-fdd2-4f19-a0c3-a5386585efc0', '7935c4bf-b0d1-4e2b-b6c4-92fb13b92793', 'f13996b1-1d4e-4031-b848-4d38e070ae36', false);
INSERT INTO art_ping.project_employee VALUES ('2e2d1616-6b52-491e-8f2b-22ba0a6eef90', '7935c4bf-b0d1-4e2b-b6c4-92fb13b92793', '80a00422-f9d7-4880-9c8e-9945236e1624', false);
INSERT INTO art_ping.project_employee VALUES ('d2148bd7-3412-4f28-9178-8c73c67b938a', '7935c4bf-b0d1-4e2b-b6c4-92fb13b92793', '528a7e66-23dc-4e86-a30f-9ec391dc3143', false);
INSERT INTO art_ping.project VALUES ('229cde01-dc9c-40e8-a9e5-e40735c5d58c', 'project266', true);
INSERT INTO art_ping.project_employee VALUES ('31246601-1bfb-4cda-a7c5-68cd9f097e27', '229cde01-dc9c-40e8-a9e5-e40735c5d58c', '01d00aa2-994c-4edb-9f87-774146e9e864', false);
INSERT INTO art_ping.project_employee VALUES ('50ef0b8f-b3d0-40f7-aa7e-8365ea655301', '229cde01-dc9c-40e8-a9e5-e40735c5d58c', '21f0a20e-1ca8-4895-a904-7f0969c3687f', false);
INSERT INTO art_ping.project_employee VALUES ('09c8472b-11e1-47f1-9393-8532292c1d9d', '229cde01-dc9c-40e8-a9e5-e40735c5d58c', 'd82f685e-e42e-4d93-be51-4b4de7ba08d5', false);
INSERT INTO art_ping.project_employee VALUES ('699c3588-22b2-4943-887f-a8be0f37d336', '229cde01-dc9c-40e8-a9e5-e40735c5d58c', '07414a26-6230-43e1-b495-bc1baa4a99ae', false);
INSERT INTO art_ping.project_employee VALUES ('0edb1acc-7353-4bf8-a006-53a5d6cf09a5', '229cde01-dc9c-40e8-a9e5-e40735c5d58c', '568b88a7-f196-4ef3-b6b6-2f35874f331c', false);
INSERT INTO art_ping.project_employee VALUES ('399f6235-89c6-4092-b5a3-e79731618163', '229cde01-dc9c-40e8-a9e5-e40735c5d58c', '40e34d7c-93aa-4eab-b373-5b649e14430a', false);
INSERT INTO art_ping.project_employee VALUES ('db54981c-23d7-45d4-a59f-911078badbe7', '229cde01-dc9c-40e8-a9e5-e40735c5d58c', 'c8198693-c3cc-4a19-b024-f19d1b89733b', false);
INSERT INTO art_ping.project VALUES ('97af6037-564b-4bfe-a746-818992eaf5ae', 'project267', true);
INSERT INTO art_ping.project_employee VALUES ('723a74d6-1b84-498d-a74c-236dddcf4461', '97af6037-564b-4bfe-a746-818992eaf5ae', '95ab0c6e-bcd2-4038-86ad-9f7fa7293f10', false);
INSERT INTO art_ping.project_employee VALUES ('4a9563ed-14c6-41b8-b37e-98ef7a15a2c4', '97af6037-564b-4bfe-a746-818992eaf5ae', '65437f3f-cdfb-4732-ba14-73e765d78096', false);
INSERT INTO art_ping.project_employee VALUES ('41413b7a-56f0-4efe-9cb7-1d4a5ad84997', '97af6037-564b-4bfe-a746-818992eaf5ae', '318db25a-3b1d-4fa4-ad56-98a5dcd56271', false);
INSERT INTO art_ping.project VALUES ('fcf38399-c1d9-4aeb-8422-fe2a58abce41', 'project268', true);
INSERT INTO art_ping.project_employee VALUES ('89cbc0cd-f496-4a5a-829a-01179baa0ec6', 'fcf38399-c1d9-4aeb-8422-fe2a58abce41', '3445bdb6-72e9-4dc4-ad8a-508eecf56808', false);
INSERT INTO art_ping.project_employee VALUES ('fd6071f3-0671-4cd6-8e3e-ec6930fcd996', 'fcf38399-c1d9-4aeb-8422-fe2a58abce41', '318db25a-3b1d-4fa4-ad56-98a5dcd56271', false);
INSERT INTO art_ping.project_employee VALUES ('f4027e10-eb06-47e9-8bf8-c6c9a3fa55fa', 'fcf38399-c1d9-4aeb-8422-fe2a58abce41', '2db034eb-96c1-4646-9261-588f98eadfe4', false);
INSERT INTO art_ping.project_employee VALUES ('ab003ccb-0650-49e2-804e-d57343870236', 'fcf38399-c1d9-4aeb-8422-fe2a58abce41', 'bc438fea-080a-4eda-86f8-fa420336a002', false);
INSERT INTO art_ping.project_employee VALUES ('459a1ff4-848d-4a37-b9e1-885d2e124c00', 'fcf38399-c1d9-4aeb-8422-fe2a58abce41', '48d4ffc3-a456-41c2-9923-82289f2b4e86', false);
INSERT INTO art_ping.project_employee VALUES ('affb6e44-10f4-45c9-a9b9-ba0296134a39', 'fcf38399-c1d9-4aeb-8422-fe2a58abce41', '6e9c30a5-27da-42df-89e5-72b9f24a751f', false);
INSERT INTO art_ping.project VALUES ('41d6e45b-6c98-4079-9598-8fc0c237f183', 'project269', true);
INSERT INTO art_ping.project_employee VALUES ('737c6a86-61d3-4767-a959-7ec03abd815f', '41d6e45b-6c98-4079-9598-8fc0c237f183', '340e28f5-0850-4a89-8eae-babef720395f', false);
INSERT INTO art_ping.project_employee VALUES ('b7117994-dc25-44f7-95e1-fab76b2261d1', '41d6e45b-6c98-4079-9598-8fc0c237f183', '7b73d822-2b12-434c-b501-c2fece7e80b6', false);
INSERT INTO art_ping.project_employee VALUES ('5b3dc7cc-5b23-40bc-9198-90a671ae55b1', '41d6e45b-6c98-4079-9598-8fc0c237f183', '1bdc9fbe-a832-48d7-8ab9-dd59882f1cb7', false);
INSERT INTO art_ping.project_employee VALUES ('4ed9199b-30d5-4c41-a8fa-fac56acf7e75', '41d6e45b-6c98-4079-9598-8fc0c237f183', '9a7fd726-d2f5-4da5-a2b5-2caa160b2e65', false);
INSERT INTO art_ping.project_employee VALUES ('ad9fb302-5b22-4506-8742-538587cfffa4', '41d6e45b-6c98-4079-9598-8fc0c237f183', '28c10195-2f73-4e00-a084-01c1897cd8c2', false);
INSERT INTO art_ping.project_employee VALUES ('405f58de-70f1-4294-979d-56beb71fe74a', '41d6e45b-6c98-4079-9598-8fc0c237f183', '4edf1e3b-8944-42c0-aa02-4622fba98a22', false);
INSERT INTO art_ping.project_employee VALUES ('998be19a-a1c8-4a90-b937-0434a49f664a', '41d6e45b-6c98-4079-9598-8fc0c237f183', '97b0a31e-f07c-471b-85b5-5f801173b725', false);
INSERT INTO art_ping.project_employee VALUES ('63f22a09-27d4-497a-8bca-8ae697bf032d', '41d6e45b-6c98-4079-9598-8fc0c237f183', 'de966046-f5fb-4ca2-8d50-20101a145eab', false);
INSERT INTO art_ping.project_employee VALUES ('3cb4d099-4b9b-4a0b-8498-d835bc47a134', '41d6e45b-6c98-4079-9598-8fc0c237f183', 'ab199b3e-167c-4229-996a-cbee32600910', false);
INSERT INTO art_ping.project_employee VALUES ('2c1e5691-b693-44a8-9a08-aeb54c98a508', '41d6e45b-6c98-4079-9598-8fc0c237f183', '53fc0d4a-c909-4502-b70b-d2fcfa8bd8fb', false);
INSERT INTO art_ping.project_employee VALUES ('3fab28a0-fe27-4b41-bfc9-0c96d4bbfb54', '41d6e45b-6c98-4079-9598-8fc0c237f183', '8e42298b-4598-4e97-90dd-e2a2a7ff6b9f', false);
INSERT INTO art_ping.project_employee VALUES ('910fb800-25b2-4e31-9998-e294c426fafd', '41d6e45b-6c98-4079-9598-8fc0c237f183', '3e3ed623-2e99-4b38-930c-85d443561aea', false);
INSERT INTO art_ping.project_employee VALUES ('21c5f5a3-3959-48b8-9a7a-06dea5b1670d', '41d6e45b-6c98-4079-9598-8fc0c237f183', '484d8b7f-a858-49e0-88a5-9e45a14c5cd4', false);
INSERT INTO art_ping.project_employee VALUES ('f242b617-94c6-4b8d-9f8c-86645a4826c4', '41d6e45b-6c98-4079-9598-8fc0c237f183', '528a7e66-23dc-4e86-a30f-9ec391dc3143', false);
INSERT INTO art_ping.project_employee VALUES ('4f7aabfe-d0c0-456a-9817-aedd401631f5', '41d6e45b-6c98-4079-9598-8fc0c237f183', '80544bcc-4286-4ed6-8981-323152036cde', false);
INSERT INTO art_ping.project_employee VALUES ('46ed60ec-f714-40c7-960c-802ec31a5bfd', '41d6e45b-6c98-4079-9598-8fc0c237f183', '71b9601a-d1b9-401d-b260-35ca929bbeec', false);
INSERT INTO art_ping.project_employee VALUES ('0d23c6a2-03a7-4fb8-8897-1d5222376cb3', '41d6e45b-6c98-4079-9598-8fc0c237f183', '784c5c93-5d6b-4a9e-bf92-21158a96f04a', false);
INSERT INTO art_ping.project_employee VALUES ('fedd5e7d-266b-40f1-a653-16a7983f1686', '41d6e45b-6c98-4079-9598-8fc0c237f183', '6af93bbb-0c9c-4c02-b564-e1c57b244499', false);
INSERT INTO art_ping.project VALUES ('d2b0ed5b-7b8a-4c05-aaef-1b97510ae802', 'project270', true);
INSERT INTO art_ping.project_employee VALUES ('b37cb2c0-084a-4deb-b802-8d8757f79a64', 'd2b0ed5b-7b8a-4c05-aaef-1b97510ae802', '645e95c5-885f-42bf-b4a6-dd0e0f10f16f', false);
INSERT INTO art_ping.project_employee VALUES ('4807fddc-e1ea-455d-8040-0efaf349e644', 'd2b0ed5b-7b8a-4c05-aaef-1b97510ae802', '19a66dc2-080d-4711-abe3-a97cbda9803b', false);
INSERT INTO art_ping.project_employee VALUES ('4d9118a9-fc91-4cb7-bd20-2946fd1a297c', 'd2b0ed5b-7b8a-4c05-aaef-1b97510ae802', '37507164-90ac-403a-8f6e-c68295cc128e', false);
INSERT INTO art_ping.project_employee VALUES ('1fdc4167-9707-45fb-8b26-2b0ddb34b813', 'd2b0ed5b-7b8a-4c05-aaef-1b97510ae802', 'c80963ca-8441-48a3-b833-d21f1c444187', false);
INSERT INTO art_ping.project_employee VALUES ('cc086154-31cc-4e99-aef8-e9ab7cf33e10', 'd2b0ed5b-7b8a-4c05-aaef-1b97510ae802', '4d14143a-4934-49e3-a791-a4ae03ae5170', false);
INSERT INTO art_ping.project_employee VALUES ('d7662a4f-51f4-45c8-8ed0-146f3c96f737', 'd2b0ed5b-7b8a-4c05-aaef-1b97510ae802', '8826f860-dee3-4947-b021-60be37d05d15', false);
INSERT INTO art_ping.project_employee VALUES ('6ab42fb0-188a-464a-ba9a-364914c0ea88', 'd2b0ed5b-7b8a-4c05-aaef-1b97510ae802', '3ee6ee98-01e9-477e-aae0-b8afbdab73b4', false);
INSERT INTO art_ping.project_employee VALUES ('0bebd36a-19e3-481b-827f-f5eda7b21f9c', 'd2b0ed5b-7b8a-4c05-aaef-1b97510ae802', '998b5219-c09c-46fa-922b-edd5ad48d4f1', false);
INSERT INTO art_ping.project VALUES ('110d8561-c838-4540-82eb-dd016b757b69', 'project271', true);
INSERT INTO art_ping.project_employee VALUES ('0490f5dc-bba4-4325-9fe6-bb51727e2705', '110d8561-c838-4540-82eb-dd016b757b69', '3e1ae869-8169-4939-bf64-b2d2977d8457', false);
INSERT INTO art_ping.project_employee VALUES ('30a33503-935b-44bb-a3af-988b9315155a', '110d8561-c838-4540-82eb-dd016b757b69', '0f26d3c4-fc4c-42b1-b31e-2c7daab08eb1', false);
INSERT INTO art_ping.project_employee VALUES ('b7e72e26-f1ff-4323-9ef5-277e8ae44310', '110d8561-c838-4540-82eb-dd016b757b69', 'be09a1ce-86c1-4b5c-bb25-a89e94fe6e18', false);
INSERT INTO art_ping.project_employee VALUES ('78ce4e07-0bd9-4e4c-99f6-dab2118128b4', '110d8561-c838-4540-82eb-dd016b757b69', 'a6f8a1b3-622f-4196-8dea-9dde2fdec79c', false);
INSERT INTO art_ping.project_employee VALUES ('d3a16f5d-448a-43c2-a8ce-07422603a33e', '110d8561-c838-4540-82eb-dd016b757b69', '6bdd5fb0-1d5e-429c-9e42-64d6218babb4', false);
INSERT INTO art_ping.project VALUES ('072b5b80-d0e5-482c-b3f7-d39987ed25e9', 'project272', true);
INSERT INTO art_ping.project_employee VALUES ('38169f8f-a98b-49be-8c13-96af506f4777', '072b5b80-d0e5-482c-b3f7-d39987ed25e9', '3445bdb6-72e9-4dc4-ad8a-508eecf56808', false);
INSERT INTO art_ping.project_employee VALUES ('1e08d2fe-49d4-49ae-8b35-894e8602009d', '072b5b80-d0e5-482c-b3f7-d39987ed25e9', '47ce1e37-e6ee-4e8d-9de8-6d2ee8835dcf', false);
INSERT INTO art_ping.project_employee VALUES ('514c08f7-809c-4f12-a035-c93dc8c995f5', '072b5b80-d0e5-482c-b3f7-d39987ed25e9', '61973623-7ea1-40ad-bb08-a2d7b4a237e7', false);
INSERT INTO art_ping.project VALUES ('3246a7b1-438b-4a3b-b113-c6a6d8d80374', 'project273', true);
INSERT INTO art_ping.project_employee VALUES ('89f59090-6b59-41f3-88d5-5e448fdebddf', '3246a7b1-438b-4a3b-b113-c6a6d8d80374', 'f63aeead-1aeb-41cf-9f8e-b7b49884b99d', false);
INSERT INTO art_ping.project_employee VALUES ('4ccde9ef-4453-49e0-b8d1-48cc82c865e1', '3246a7b1-438b-4a3b-b113-c6a6d8d80374', 'cf9635dd-8a0f-4d91-9da8-e58349558058', false);
INSERT INTO art_ping.project_employee VALUES ('65c44b41-4952-4e0a-bfda-eca95b4668f3', '3246a7b1-438b-4a3b-b113-c6a6d8d80374', '2702af20-e90e-4f75-9325-a90528f21be1', false);
INSERT INTO art_ping.project_employee VALUES ('196d23e5-c108-4bba-be79-b0b02cd8e81c', '3246a7b1-438b-4a3b-b113-c6a6d8d80374', '5e51929f-4682-4bed-be25-0b205fd4c44b', false);
INSERT INTO art_ping.project_employee VALUES ('55f01301-e5cf-4e82-979f-262bdee3edd1', '3246a7b1-438b-4a3b-b113-c6a6d8d80374', 'bc0e890f-7318-4cb2-9454-8c4480e65099', false);
INSERT INTO art_ping.project_employee VALUES ('a541a004-68df-4a49-950c-5d6cbe33f142', '3246a7b1-438b-4a3b-b113-c6a6d8d80374', '10724f0c-543d-44d0-b03a-b5c36b854f6d', false);
INSERT INTO art_ping.project_employee VALUES ('e52cda9d-754a-4fb9-8b2a-4442064af7db', '3246a7b1-438b-4a3b-b113-c6a6d8d80374', '8129909d-b55b-408b-a343-ccb232362045', false);
INSERT INTO art_ping.project_employee VALUES ('8d88b48e-ee02-4812-b6de-23140a2d5fe6', '3246a7b1-438b-4a3b-b113-c6a6d8d80374', '452bb471-b605-431a-9c9f-c673b4fa099e', false);
INSERT INTO art_ping.project_employee VALUES ('1cf7a475-fb26-4ecd-8a46-2f78d06c8693', '3246a7b1-438b-4a3b-b113-c6a6d8d80374', 'dd37a8fa-7ce0-4b01-ba47-f2a8978f690d', false);
INSERT INTO art_ping.project_employee VALUES ('11e0db83-b50c-46a3-afc5-263d08a09a83', '3246a7b1-438b-4a3b-b113-c6a6d8d80374', '82ba39fe-9452-4426-b62b-d9b0376c2b6e', false);
INSERT INTO art_ping.project_employee VALUES ('2b07b5bb-365f-4d8e-b87c-b174451d1f25', '3246a7b1-438b-4a3b-b113-c6a6d8d80374', 'dcd42cdf-5ec9-480b-b386-1a36c1f1fb80', false);
INSERT INTO art_ping.project_employee VALUES ('0d0f8923-92ec-4bab-9673-5ceb6e61560b', '3246a7b1-438b-4a3b-b113-c6a6d8d80374', '484d8b7f-a858-49e0-88a5-9e45a14c5cd4', false);
INSERT INTO art_ping.project_employee VALUES ('6433b7a8-6f80-446d-952e-cf03a2d58d7d', '3246a7b1-438b-4a3b-b113-c6a6d8d80374', '54741f62-bbc1-4268-ab95-62c16b080be7', false);
INSERT INTO art_ping.project_employee VALUES ('98f9c85c-48ef-43ff-a44d-e9a20e2e2ba2', '3246a7b1-438b-4a3b-b113-c6a6d8d80374', 'bd5f4072-4756-47cd-8cdd-b3863b8a3be4', false);
INSERT INTO art_ping.project_employee VALUES ('52433e0e-7b7c-436a-bd8b-0d8fef626a71', '3246a7b1-438b-4a3b-b113-c6a6d8d80374', '88067125-6783-4a5e-8729-2743268ad8b8', false);
INSERT INTO art_ping.project_employee VALUES ('34c86610-ece5-4bbd-9507-8f31c00c123f', '3246a7b1-438b-4a3b-b113-c6a6d8d80374', 'ec427102-c9b5-4a13-8664-b383e0077ffc', false);
INSERT INTO art_ping.project_employee VALUES ('5387905b-c07a-4c4a-b1b1-e85958264103', '3246a7b1-438b-4a3b-b113-c6a6d8d80374', 'dc984317-bc0d-44c5-aa8c-5b9183521938', false);
INSERT INTO art_ping.project VALUES ('30871eac-9d8e-4b55-91f2-5ea9959a4f56', 'project274', true);
INSERT INTO art_ping.project_employee VALUES ('ae6e8bf0-7b5d-4851-8077-e6df9960d2bf', '30871eac-9d8e-4b55-91f2-5ea9959a4f56', '5a5c3045-0dc5-48e6-a271-cd2e5e9dcb06', false);
INSERT INTO art_ping.project_employee VALUES ('5c34f098-14b9-4cda-aa82-b03cac1bc1dc', '30871eac-9d8e-4b55-91f2-5ea9959a4f56', '3e1ae869-8169-4939-bf64-b2d2977d8457', false);
INSERT INTO art_ping.project_employee VALUES ('35456e07-bd5e-46c9-8d22-fdb8e75b44df', '30871eac-9d8e-4b55-91f2-5ea9959a4f56', '842e81fd-1abd-4313-95a9-bce6893d360f', false);
INSERT INTO art_ping.project_employee VALUES ('08d6e230-8375-441c-ab66-81d43d6821f2', '30871eac-9d8e-4b55-91f2-5ea9959a4f56', '3a895d1c-5604-455a-9461-0ec25d546b71', false);
INSERT INTO art_ping.project_employee VALUES ('656239da-d24f-4b1f-a955-e5ae4eae39ba', '30871eac-9d8e-4b55-91f2-5ea9959a4f56', '3be56123-31bd-40a2-bafb-c43b6717d638', false);
INSERT INTO art_ping.project_employee VALUES ('2af1e0eb-6403-49a8-9363-58f10de61e5d', '30871eac-9d8e-4b55-91f2-5ea9959a4f56', 'f1390d56-a7f9-4ed6-a315-8e5d3128590e', false);
INSERT INTO art_ping.project_employee VALUES ('a6f30d8f-75fa-449b-b22b-f9f032fe17bf', '30871eac-9d8e-4b55-91f2-5ea9959a4f56', 'bc438fea-080a-4eda-86f8-fa420336a002', false);
INSERT INTO art_ping.project_employee VALUES ('2d2ac381-2533-488d-b6f4-5731757ee95a', '30871eac-9d8e-4b55-91f2-5ea9959a4f56', '312e73e9-183a-46b9-b871-763096d3a647', false);
INSERT INTO art_ping.project_employee VALUES ('6866d365-c7da-459b-bfce-598837fcbc65', '30871eac-9d8e-4b55-91f2-5ea9959a4f56', '8e0f0958-a38e-4654-bd93-59c73dbb4de4', false);
INSERT INTO art_ping.project_employee VALUES ('82487e25-3159-47ee-aaa3-a3bac8f1ded6', '30871eac-9d8e-4b55-91f2-5ea9959a4f56', 'be09a1ce-86c1-4b5c-bb25-a89e94fe6e18', false);
INSERT INTO art_ping.project_employee VALUES ('06806445-959f-4827-9291-1e72f122b177', '30871eac-9d8e-4b55-91f2-5ea9959a4f56', '8c3502ea-6671-40cf-bf16-8099fb77f8ca', false);
INSERT INTO art_ping.project_employee VALUES ('114df595-d705-4158-ba2a-edb35cf6c230', '30871eac-9d8e-4b55-91f2-5ea9959a4f56', 'b43ed1de-1c6f-425c-aa24-f141c753bd1e', false);
INSERT INTO art_ping.project_employee VALUES ('0aeaf7e3-87d0-4156-94b8-2bec982fb3e5', '30871eac-9d8e-4b55-91f2-5ea9959a4f56', 'ff815e1a-552a-4b9e-bb37-738ff0b16e61', false);
INSERT INTO art_ping.project_employee VALUES ('10ee0fc1-ba0a-4509-9daa-3539af688c4b', '30871eac-9d8e-4b55-91f2-5ea9959a4f56', 'c1c408a4-5c48-45b6-acee-bab5fb93950a', false);
INSERT INTO art_ping.project_employee VALUES ('0c4b5b39-9026-4087-b2aa-f27dd182e593', '30871eac-9d8e-4b55-91f2-5ea9959a4f56', '35af698d-59f4-4fb5-b154-07310af46e3d', false);
INSERT INTO art_ping.project_employee VALUES ('15ce6569-6151-47b9-aa66-3903e75f632e', '30871eac-9d8e-4b55-91f2-5ea9959a4f56', '784c5c93-5d6b-4a9e-bf92-21158a96f04a', false);
INSERT INTO art_ping.project_employee VALUES ('081046bf-a774-4d98-95cc-374ec3aa40ed', '30871eac-9d8e-4b55-91f2-5ea9959a4f56', '6af93bbb-0c9c-4c02-b564-e1c57b244499', false);
INSERT INTO art_ping.project VALUES ('d0238696-5c97-4fc0-b213-fe927eb11ec9', 'project275', true);
INSERT INTO art_ping.project_employee VALUES ('da9e4ad9-cfd0-48a0-9206-8ee79e8361bd', 'd0238696-5c97-4fc0-b213-fe927eb11ec9', '90a02b61-94e7-4e76-ab63-d53544cb5234', false);
INSERT INTO art_ping.project_employee VALUES ('a2ba2c0b-255b-497f-9269-3de84da9b732', 'd0238696-5c97-4fc0-b213-fe927eb11ec9', '3e34d834-dd3d-46a3-943b-d2c271e9ce02', false);
INSERT INTO art_ping.project_employee VALUES ('53bc7561-cc17-4e94-a93a-309f0213d8ac', 'd0238696-5c97-4fc0-b213-fe927eb11ec9', '471a103a-faff-493e-8d0a-299e388cbb2d', false);
INSERT INTO art_ping.project_employee VALUES ('b19adfb8-942b-4d85-b0d0-c4c5f3e01bff', 'd0238696-5c97-4fc0-b213-fe927eb11ec9', '91350f6c-a83f-47aa-a7bb-619df748a2d4', false);
INSERT INTO art_ping.project_employee VALUES ('66b86bbf-0d11-45c1-8d02-ef40c62a1cc2', 'd0238696-5c97-4fc0-b213-fe927eb11ec9', '72b1c1a9-d35b-4b0b-89ef-d83ee56c33ef', false);
INSERT INTO art_ping.project_employee VALUES ('7f1ea82e-cf7a-4223-91b5-3392531c4cd2', 'd0238696-5c97-4fc0-b213-fe927eb11ec9', '37507164-90ac-403a-8f6e-c68295cc128e', false);
INSERT INTO art_ping.project_employee VALUES ('62ec9edf-ac94-4aaa-ae37-e7d3028e7bfc', 'd0238696-5c97-4fc0-b213-fe927eb11ec9', '3b2a40d0-1670-4a18-940d-bd37a4123361', false);
INSERT INTO art_ping.project_employee VALUES ('5e2eafb1-977d-4a0e-aede-cb805e07ae06', 'd0238696-5c97-4fc0-b213-fe927eb11ec9', '80a00422-f9d7-4880-9c8e-9945236e1624', false);
INSERT INTO art_ping.project_employee VALUES ('d4b5285d-a9fc-4dde-8bee-aa614c9c9e5f', 'd0238696-5c97-4fc0-b213-fe927eb11ec9', '0065bc69-99d2-46de-969f-aa5725ae3b89', false);
INSERT INTO art_ping.project_employee VALUES ('98c0323e-df22-4970-8af6-5a546d091d18', 'd0238696-5c97-4fc0-b213-fe927eb11ec9', '54741f62-bbc1-4268-ab95-62c16b080be7', false);
INSERT INTO art_ping.project_employee VALUES ('002222ed-429a-49a4-93ee-e4027335b900', 'd0238696-5c97-4fc0-b213-fe927eb11ec9', '4c6a386d-fd26-44f5-a7db-4eb441f08069', false);
INSERT INTO art_ping.project_employee VALUES ('cb0eac00-8e10-4a0f-86c9-18b9442b8482', 'd0238696-5c97-4fc0-b213-fe927eb11ec9', 'b1f82042-7404-42c8-b6b7-fe92c637e47b', false);
INSERT INTO art_ping.project_employee VALUES ('a7eca8a1-3e1a-457f-bd77-7e45967b5045', 'd0238696-5c97-4fc0-b213-fe927eb11ec9', 'efeedefd-d565-4b54-8acd-03ccf746e125', false);
INSERT INTO art_ping.project VALUES ('f6fda37a-23e8-4d6a-a619-9d2ffd3a10dc', 'project276', true);
INSERT INTO art_ping.project_employee VALUES ('f94112db-e288-4cf6-9d53-b222195b6d07', 'f6fda37a-23e8-4d6a-a619-9d2ffd3a10dc', '49ca6af2-2766-489a-99af-6c617ccda1d4', false);
INSERT INTO art_ping.project_employee VALUES ('1086c3a3-f2ed-479e-b1e8-70ea1d7f8951', 'f6fda37a-23e8-4d6a-a619-9d2ffd3a10dc', 'f36f6161-6920-456f-8932-312679f02ff0', false);
INSERT INTO art_ping.project_employee VALUES ('64205829-16d6-4eed-89b5-3e1337b3e37d', 'f6fda37a-23e8-4d6a-a619-9d2ffd3a10dc', '229d920e-cf5b-4dfb-a8eb-29e6a6c8068f', false);
INSERT INTO art_ping.project_employee VALUES ('982f235b-6173-423e-bdb5-66a9e8515f49', 'f6fda37a-23e8-4d6a-a619-9d2ffd3a10dc', '1fa7b87d-f0de-4dd1-9f90-776b7a9eb4c3', false);
INSERT INTO art_ping.project_employee VALUES ('68d085d6-12b5-40d5-aaff-285e1b563484', 'f6fda37a-23e8-4d6a-a619-9d2ffd3a10dc', 'd15ec44e-6635-478c-af0f-f55a63b8a9d3', false);
INSERT INTO art_ping.project_employee VALUES ('1a553ea3-f39c-4580-8a69-c6066eb604a0', 'f6fda37a-23e8-4d6a-a619-9d2ffd3a10dc', 'ab1f7d61-0802-4f98-b750-405e293c8568', false);
INSERT INTO art_ping.project_employee VALUES ('3d4b0a40-570a-44b8-ac2f-a2f94f55450f', 'f6fda37a-23e8-4d6a-a619-9d2ffd3a10dc', 'fb67b0c8-67d8-4b01-a3c5-d27b062ef307', false);
INSERT INTO art_ping.project_employee VALUES ('2c39d624-289d-475f-9a16-58546c91eb07', 'f6fda37a-23e8-4d6a-a619-9d2ffd3a10dc', '7337ef3d-f68b-445a-8b3b-e8e8eb34dfba', false);
INSERT INTO art_ping.project_employee VALUES ('637c5ca1-aa25-4948-ac0b-fb1fe5ac2441', 'f6fda37a-23e8-4d6a-a619-9d2ffd3a10dc', '09ca6ecb-a2ec-4bba-ab23-105b683004ba', false);
INSERT INTO art_ping.project_employee VALUES ('56ae6cb3-182c-428b-8998-106f26507f9f', 'f6fda37a-23e8-4d6a-a619-9d2ffd3a10dc', 'c87d7ac2-9439-45f3-b83f-350db105adf3', false);
INSERT INTO art_ping.project_employee VALUES ('a1f259cb-60a1-4b66-b162-52fc414dea05', 'f6fda37a-23e8-4d6a-a619-9d2ffd3a10dc', 'd8d8b297-a19d-4be5-8981-07f78b84e6e2', false);
INSERT INTO art_ping.project_employee VALUES ('2d704f4d-f040-48a8-b413-e0fe78170c9b', 'f6fda37a-23e8-4d6a-a619-9d2ffd3a10dc', '6953e5d0-da7b-4f25-80e3-195af5533b7a', false);
INSERT INTO art_ping.project_employee VALUES ('8a032323-5029-426d-890f-1395b7a908d2', 'f6fda37a-23e8-4d6a-a619-9d2ffd3a10dc', '00dbc004-e522-4e71-953d-dc682428df46', false);
INSERT INTO art_ping.project_employee VALUES ('b6b72167-cb72-467e-9193-cf2aeb28ddc3', 'f6fda37a-23e8-4d6a-a619-9d2ffd3a10dc', '7519c8c7-492f-4c67-a3fd-61e57984164c', false);
INSERT INTO art_ping.project_employee VALUES ('920228e2-3e77-44ee-967f-62327c893635', 'f6fda37a-23e8-4d6a-a619-9d2ffd3a10dc', '8dc81c9e-ee1e-4c44-9e0f-2960dd77133d', false);
INSERT INTO art_ping.project_employee VALUES ('1ccfdddd-07b2-477b-9f60-20874a81b8e4', 'f6fda37a-23e8-4d6a-a619-9d2ffd3a10dc', '79374c82-9c26-4dc1-8a66-f7e312d42ec1', false);
INSERT INTO art_ping.project VALUES ('633a1fe8-4ffc-486f-9b1e-8c2585df91c5', 'project277', true);
INSERT INTO art_ping.project_employee VALUES ('18b7cac5-c8e7-410a-aa17-7d81efdbd593', '633a1fe8-4ffc-486f-9b1e-8c2585df91c5', 'd11834f9-c4d6-4c79-ae1f-ecc818b70de9', false);
INSERT INTO art_ping.project_employee VALUES ('a9e5ce12-c74a-4035-8b08-fa258b314207', '633a1fe8-4ffc-486f-9b1e-8c2585df91c5', '1bdc9fbe-a832-48d7-8ab9-dd59882f1cb7', false);
INSERT INTO art_ping.project_employee VALUES ('d07b8ba3-da8f-4dd9-b635-28bd797e2f5d', '633a1fe8-4ffc-486f-9b1e-8c2585df91c5', '507da374-840a-4ddb-8aa6-98fb673152ec', false);
INSERT INTO art_ping.project_employee VALUES ('9326062d-76d7-4573-b995-5835dd33c53b', '633a1fe8-4ffc-486f-9b1e-8c2585df91c5', '6f72e149-282d-4937-90ea-ff1fd12e9bed', false);
INSERT INTO art_ping.project_employee VALUES ('66b01712-b94a-4e6a-bdc1-46c42881f2a3', '633a1fe8-4ffc-486f-9b1e-8c2585df91c5', '76db39d9-b2ab-470a-af66-04427497d652', false);
INSERT INTO art_ping.project_employee VALUES ('d55b681c-56d9-4a80-aca9-bd0fd061abea', '633a1fe8-4ffc-486f-9b1e-8c2585df91c5', '6e9c30a5-27da-42df-89e5-72b9f24a751f', false);
INSERT INTO art_ping.project_employee VALUES ('845d18e2-ce73-4b6f-b9f5-fb61b4882db5', '633a1fe8-4ffc-486f-9b1e-8c2585df91c5', '853d7de4-dc4c-4eec-915b-3872c26e0cbd', false);
INSERT INTO art_ping.project_employee VALUES ('f05cfd4a-2094-4338-a17e-74bb54ffa351', '633a1fe8-4ffc-486f-9b1e-8c2585df91c5', '43d8804d-1c4a-41b3-aba0-8c2291613b1a', false);
INSERT INTO art_ping.project_employee VALUES ('9f865688-0b1b-438f-897e-aad1b7cc3ec3', '633a1fe8-4ffc-486f-9b1e-8c2585df91c5', '2bea5822-925e-4f20-935e-39e1f35a9835', false);
INSERT INTO art_ping.project_employee VALUES ('92b2c8e1-df83-4a83-be31-4030f96147cc', '633a1fe8-4ffc-486f-9b1e-8c2585df91c5', 'ffa02c36-60d5-4eae-908b-67f7dafe0a46', false);
INSERT INTO art_ping.project_employee VALUES ('db662ef0-1a49-4532-a4af-71436f518add', '633a1fe8-4ffc-486f-9b1e-8c2585df91c5', 'e5e3df29-b6ee-459b-ae9d-e725b68bbafb', false);
INSERT INTO art_ping.project_employee VALUES ('03953770-b690-4633-b28c-c1f361ae2097', '633a1fe8-4ffc-486f-9b1e-8c2585df91c5', 'fb9b03c8-a286-4686-a803-7019361ef031', false);
INSERT INTO art_ping.project_employee VALUES ('b8025127-78c7-48e6-9ed6-e91924cebf8f', '633a1fe8-4ffc-486f-9b1e-8c2585df91c5', '62fcf142-7cf8-4257-80ef-b43137c8dbd2', false);
INSERT INTO art_ping.project_employee VALUES ('907b547e-e280-43ea-973c-72fa2f9bccfa', '633a1fe8-4ffc-486f-9b1e-8c2585df91c5', '59ecffe2-a78d-4d3b-a20e-5b1360fb1749', false);
INSERT INTO art_ping.project VALUES ('ed47ca6b-ef7f-4bf6-8110-c3af3de27227', 'project278', true);
INSERT INTO art_ping.project_employee VALUES ('efdbb6b0-3b95-4816-a6cd-8efd7c63a7bb', 'ed47ca6b-ef7f-4bf6-8110-c3af3de27227', '0f3fd6ce-9450-40fd-87a4-ed9fc59afbf7', false);
INSERT INTO art_ping.project_employee VALUES ('22f4a1e2-4d03-4987-aefe-ad4768353d07', 'ed47ca6b-ef7f-4bf6-8110-c3af3de27227', 'f336a8a3-ee30-4778-83b0-3550ccde0fe6', false);
INSERT INTO art_ping.project_employee VALUES ('5110a630-6e16-47c9-b91a-1af65c04a535', 'ed47ca6b-ef7f-4bf6-8110-c3af3de27227', '4473fa5b-6734-4586-9d4e-f34fa221d21f', false);
INSERT INTO art_ping.project_employee VALUES ('f79ab15d-1c46-400e-9737-f6bf627323e8', 'ed47ca6b-ef7f-4bf6-8110-c3af3de27227', '73f8c180-f844-4105-8870-8765ece45ad2', false);
INSERT INTO art_ping.project_employee VALUES ('eb0fe2f1-5506-4a06-8f67-5e1b2462403f', 'ed47ca6b-ef7f-4bf6-8110-c3af3de27227', 'd26bf81b-cb46-448c-8011-1909509433d6', false);
INSERT INTO art_ping.project_employee VALUES ('f6b0a359-248b-4a0e-85ef-e61ca0ad8df5', 'ed47ca6b-ef7f-4bf6-8110-c3af3de27227', '07414fc9-cf25-4373-ac8a-8132e3fb40d9', false);
INSERT INTO art_ping.project_employee VALUES ('872b332b-c6af-47c6-8ef9-03e8337701dc', 'ed47ca6b-ef7f-4bf6-8110-c3af3de27227', 'ef7966d0-b3aa-4f46-a659-7441d0f1c60f', false);
INSERT INTO art_ping.project_employee VALUES ('728faaec-d499-4f4a-9cca-db9f347bcc72', 'ed47ca6b-ef7f-4bf6-8110-c3af3de27227', 'a8cabb54-2ebd-46a6-aa94-cac081ddd297', false);
INSERT INTO art_ping.project_employee VALUES ('131f7f97-af97-4364-b180-7fe236141fae', 'ed47ca6b-ef7f-4bf6-8110-c3af3de27227', '7083f3b6-efe4-4bc7-af43-8e7df200936b', false);
INSERT INTO art_ping.project_employee VALUES ('d6a92097-89ee-41c0-957a-8d75b650dbbc', 'ed47ca6b-ef7f-4bf6-8110-c3af3de27227', '242bccad-d151-431d-b3bd-e0298c85e75f', false);
INSERT INTO art_ping.project_employee VALUES ('0011315a-0d25-4e0f-a050-5e11509ce667', 'ed47ca6b-ef7f-4bf6-8110-c3af3de27227', 'ab1f7d61-0802-4f98-b750-405e293c8568', false);
INSERT INTO art_ping.project_employee VALUES ('4231feb5-f1a0-47fe-b8b8-f677e2675c09', 'ed47ca6b-ef7f-4bf6-8110-c3af3de27227', '8ee9d0a5-7f50-4594-b33b-4f443e534c73', false);
INSERT INTO art_ping.project VALUES ('8b4728df-296c-41fa-a412-95c92d74cc2b', 'project279', true);
INSERT INTO art_ping.project_employee VALUES ('a4575178-63c3-4720-8edc-62a912ac0441', '8b4728df-296c-41fa-a412-95c92d74cc2b', 'eb78dfd4-d641-4376-bcd5-c5bd54db3aaf', false);
INSERT INTO art_ping.project_employee VALUES ('429740f4-8eaf-4878-8605-5cd011b97d0d', '8b4728df-296c-41fa-a412-95c92d74cc2b', '23f620ef-e7b4-429a-9e71-90cc3699cac1', false);
INSERT INTO art_ping.project_employee VALUES ('120bbc06-ba36-45ac-bf0e-dad57c128e69', '8b4728df-296c-41fa-a412-95c92d74cc2b', 'ba1bad15-851a-4e22-b1f2-99e966b0d2c2', false);
INSERT INTO art_ping.project_employee VALUES ('b1dd6e61-632b-4ed2-8b74-990136b3dcbd', '8b4728df-296c-41fa-a412-95c92d74cc2b', '41edc2a3-5f19-4c2e-8e4b-75a89d28bdea', false);
INSERT INTO art_ping.project_employee VALUES ('7b280fe0-7bba-424b-ae71-8500e4772332', '8b4728df-296c-41fa-a412-95c92d74cc2b', '8a6f27db-c66a-4e27-9055-8440bd72a98f', false);
INSERT INTO art_ping.project_employee VALUES ('adcd43c9-30d3-4017-9418-5832eac15796', '8b4728df-296c-41fa-a412-95c92d74cc2b', '91350f6c-a83f-47aa-a7bb-619df748a2d4', false);
INSERT INTO art_ping.project_employee VALUES ('e71a3f19-cbc9-401d-acb9-bf9912ec47ae', '8b4728df-296c-41fa-a412-95c92d74cc2b', '3b01bb4f-3641-47f7-95dc-543b4a0da9a5', false);
INSERT INTO art_ping.project_employee VALUES ('4605e01d-98f6-45a0-b4ee-09b314008275', '8b4728df-296c-41fa-a412-95c92d74cc2b', 'ae0a4142-3fb8-41c4-a80a-56ad29240937', false);
INSERT INTO art_ping.project_employee VALUES ('9b9118e6-fbf0-4906-bce5-079b9efaac6b', '8b4728df-296c-41fa-a412-95c92d74cc2b', '05401823-060e-4ba4-af55-daf4f5ed50bc', false);
INSERT INTO art_ping.project_employee VALUES ('9c9db58e-7c2e-4da1-9b3f-ecdfebf75422', '8b4728df-296c-41fa-a412-95c92d74cc2b', 'db2a3830-9632-42f6-a3bd-7ec482fe4a30', false);
INSERT INTO art_ping.project_employee VALUES ('80351c7c-d11a-47e7-baa2-453f0e4d6e31', '8b4728df-296c-41fa-a412-95c92d74cc2b', 'b296d2b6-dc0c-494a-aa45-bbf06ca44a27', false);
INSERT INTO art_ping.project_employee VALUES ('85b3ad33-bf21-4da1-9b07-8ea2258080c9', '8b4728df-296c-41fa-a412-95c92d74cc2b', '4e877079-8463-403d-8b7f-aabde8b63d16', false);
INSERT INTO art_ping.project_employee VALUES ('dd50aa6e-c5cb-45ba-b12e-89bdf8f2aac4', '8b4728df-296c-41fa-a412-95c92d74cc2b', 'fc6aef29-242d-4162-9dcc-d7e6d10b9efe', false);
INSERT INTO art_ping.project_employee VALUES ('f148703f-875c-48ca-87af-770adb4759d9', '8b4728df-296c-41fa-a412-95c92d74cc2b', '4a603d7c-7db7-4939-a25c-d579ef352137', false);
INSERT INTO art_ping.project_employee VALUES ('4a7c2333-94fd-4ebc-bf9e-867746fd18df', '8b4728df-296c-41fa-a412-95c92d74cc2b', '7881231e-2a8e-4736-a3c8-68c27ddac2a1', false);
INSERT INTO art_ping.project_employee VALUES ('d46c4831-7ed9-43fc-8ff7-d3213608d6c4', '8b4728df-296c-41fa-a412-95c92d74cc2b', '4c0d2729-f438-414b-88fb-a19b7c21b288', false);
INSERT INTO art_ping.project VALUES ('bd012305-e6e3-49ba-be89-7ef487994470', 'project280', true);
INSERT INTO art_ping.project_employee VALUES ('d67c8361-b92b-4601-97d5-152d7d9034c3', 'bd012305-e6e3-49ba-be89-7ef487994470', 'a631eccb-2ad5-4789-8d5c-ed6132b2e674', false);
INSERT INTO art_ping.project_employee VALUES ('6cd82f09-9b84-4bc1-b046-9b9a3a9a2329', 'bd012305-e6e3-49ba-be89-7ef487994470', 'ab9bb73f-921b-4cc7-aa09-0b699f6b914e', false);
INSERT INTO art_ping.project_employee VALUES ('9a8c9334-8889-4202-9bd6-1c7fe6d5a608', 'bd012305-e6e3-49ba-be89-7ef487994470', '98d503ac-1975-4d08-ac0d-26406ca592f6', false);
INSERT INTO art_ping.project_employee VALUES ('7fab524c-0236-493f-a1ea-e717f82f8ed8', 'bd012305-e6e3-49ba-be89-7ef487994470', 'df72b0f4-029b-4a59-b358-f9da272d0125', false);
INSERT INTO art_ping.project VALUES ('6dcaa724-1e23-4345-84de-e55a6118d59a', 'project281', true);
INSERT INTO art_ping.project_employee VALUES ('51e1b7b3-a7fe-4c2b-ac5f-234302684667', '6dcaa724-1e23-4345-84de-e55a6118d59a', '09ca6ecb-a2ec-4bba-ab23-105b683004ba', false);
INSERT INTO art_ping.project_employee VALUES ('73c006d6-7fb6-48dd-98a8-95ec5bdf5a28', '6dcaa724-1e23-4345-84de-e55a6118d59a', 'ae242bfa-9bae-45ea-9425-2b4eaeaa9b68', false);
INSERT INTO art_ping.project_employee VALUES ('2f5f1173-1bed-4b88-a370-b1e444143e69', '6dcaa724-1e23-4345-84de-e55a6118d59a', 'cf0d3889-ccf9-4c1a-8cab-2c364d1fd976', false);
INSERT INTO art_ping.project_employee VALUES ('910de884-c207-41f0-a558-685721c931f4', '6dcaa724-1e23-4345-84de-e55a6118d59a', '19a3890b-44d6-43bd-b371-54060c6b5bd1', false);
INSERT INTO art_ping.project VALUES ('16dbf089-b3e5-4a08-87a1-2780b17bee8b', 'project282', true);
INSERT INTO art_ping.project_employee VALUES ('4792e354-ad5b-4e9f-907a-d3f8abc93e3f', '16dbf089-b3e5-4a08-87a1-2780b17bee8b', '9015c159-7a00-4ec8-bc0e-6882efd215cc', false);
INSERT INTO art_ping.project_employee VALUES ('ef3691e5-e6ec-4fbb-80cb-1470fd64482a', '16dbf089-b3e5-4a08-87a1-2780b17bee8b', '515b00bb-3a1a-4c42-9349-ba7e5577b69d', false);
INSERT INTO art_ping.project_employee VALUES ('222a8a5a-9e26-4e6d-a067-a0a2a3867b00', '16dbf089-b3e5-4a08-87a1-2780b17bee8b', 'e3377a21-cba0-4138-b12f-56ac6477367b', false);
INSERT INTO art_ping.project_employee VALUES ('11d7bdc4-b889-4506-91fa-45802205da6e', '16dbf089-b3e5-4a08-87a1-2780b17bee8b', '0ef87a64-d84c-423a-b727-7f198f0a7d18', false);
INSERT INTO art_ping.project_employee VALUES ('09681263-19e8-4fe0-8637-19bbc0a1773e', '16dbf089-b3e5-4a08-87a1-2780b17bee8b', '493a58e5-2b13-4d7e-9971-399387fafafd', false);
INSERT INTO art_ping.project_employee VALUES ('260df961-6961-4df9-8958-82d3761dafa3', '16dbf089-b3e5-4a08-87a1-2780b17bee8b', 'fdcb8726-41c4-4ce5-8310-f8cbbc5216fe', false);
INSERT INTO art_ping.project_employee VALUES ('e212f8b8-95bf-401d-aa38-5379be664d0c', '16dbf089-b3e5-4a08-87a1-2780b17bee8b', 'e93d91dc-b3fa-477b-8279-665237fa27fe', false);
INSERT INTO art_ping.project_employee VALUES ('63122793-cae0-46b8-950c-feb5fb2dd046', '16dbf089-b3e5-4a08-87a1-2780b17bee8b', '3a895d1c-5604-455a-9461-0ec25d546b71', false);
INSERT INTO art_ping.project_employee VALUES ('a81a229c-3251-4b0d-b9f7-f1b8d549d7b4', '16dbf089-b3e5-4a08-87a1-2780b17bee8b', '5d46f018-3b59-4c1d-8d29-10f45690104b', false);
INSERT INTO art_ping.project_employee VALUES ('d18268d0-0091-4892-87ab-790fb3062a96', '16dbf089-b3e5-4a08-87a1-2780b17bee8b', '97b0a31e-f07c-471b-85b5-5f801173b725', false);
INSERT INTO art_ping.project_employee VALUES ('b4ffc3d6-7904-45ae-8f1b-7873a6c2f431', '16dbf089-b3e5-4a08-87a1-2780b17bee8b', '7f017fd4-81ac-4d7b-a32e-c28b45ceb60f', false);
INSERT INTO art_ping.project_employee VALUES ('d21fbb7e-1040-4a6b-89f7-88aa553a2c3b', '16dbf089-b3e5-4a08-87a1-2780b17bee8b', 'e93a897f-0979-4661-b3f9-db6d49fb98d2', false);
INSERT INTO art_ping.project_employee VALUES ('7bdd09b5-cbad-4df3-bae0-c221f4fd3049', '16dbf089-b3e5-4a08-87a1-2780b17bee8b', '853d7de4-dc4c-4eec-915b-3872c26e0cbd', false);
INSERT INTO art_ping.project_employee VALUES ('8519b67d-7ea1-4ca1-819f-d14e82b704c3', '16dbf089-b3e5-4a08-87a1-2780b17bee8b', '20bb3776-2233-4d9f-92c7-d6de53f0ebd4', false);
INSERT INTO art_ping.project_employee VALUES ('4ef06ef6-86f8-4066-b7f5-07b0a1ece253', '16dbf089-b3e5-4a08-87a1-2780b17bee8b', '8287baf5-4067-4c65-9264-fe5793108fda', false);
INSERT INTO art_ping.project_employee VALUES ('7ef02586-f107-49ad-a0f0-98f326a76cc8', '16dbf089-b3e5-4a08-87a1-2780b17bee8b', '35af698d-59f4-4fb5-b154-07310af46e3d', false);
INSERT INTO art_ping.project_employee VALUES ('c9eebb4c-4330-4c72-b48a-fd185662e5b3', '16dbf089-b3e5-4a08-87a1-2780b17bee8b', 'accbdfd4-4054-49bf-9930-17db990d4af7', false);
INSERT INTO art_ping.project_employee VALUES ('49cb8451-e7ed-44f4-b44c-dd01d2c14c62', '16dbf089-b3e5-4a08-87a1-2780b17bee8b', 'ff4f7cda-e5f9-484b-8b90-c1ad03aa1766', false);
INSERT INTO art_ping.project_employee VALUES ('b7182039-b2ff-4089-9272-aa2cd162e9b4', '16dbf089-b3e5-4a08-87a1-2780b17bee8b', '2ff27e9f-d09e-4abf-81e0-e434c1b058e0', false);
INSERT INTO art_ping.project VALUES ('95e296e8-d2fc-40f8-bb6b-7ddd13fd0e2c', 'project283', true);
INSERT INTO art_ping.project_employee VALUES ('dd92aaf2-5dcf-410c-9b73-a21a3d7e6cd0', '95e296e8-d2fc-40f8-bb6b-7ddd13fd0e2c', '8f63c6e9-51e8-4f0f-a373-734a128ab4c1', false);
INSERT INTO art_ping.project_employee VALUES ('00cb7160-1c0c-409d-9032-eaf8acf0ace1', '95e296e8-d2fc-40f8-bb6b-7ddd13fd0e2c', '5e51929f-4682-4bed-be25-0b205fd4c44b', false);
INSERT INTO art_ping.project_employee VALUES ('2580c155-e929-4d2d-be31-d878a97863a9', '95e296e8-d2fc-40f8-bb6b-7ddd13fd0e2c', '22e421f4-f965-46d0-a8c4-1a98b36d9c78', false);
INSERT INTO art_ping.project_employee VALUES ('151e0227-1a60-41e1-a0a0-a28fe29c9633', '95e296e8-d2fc-40f8-bb6b-7ddd13fd0e2c', '19a66dc2-080d-4711-abe3-a97cbda9803b', false);
INSERT INTO art_ping.project_employee VALUES ('0c316817-5ff9-4659-a544-fce8b56b200b', '95e296e8-d2fc-40f8-bb6b-7ddd13fd0e2c', '7ff2ef7f-a10a-4b04-9df4-425dbe96e240', false);
INSERT INTO art_ping.project_employee VALUES ('d16d6331-8d55-4f9c-9dd1-6d6814878706', '95e296e8-d2fc-40f8-bb6b-7ddd13fd0e2c', '046d5e00-ba89-4a40-ba02-eae14c78c564', false);
INSERT INTO art_ping.project_employee VALUES ('46c2154a-e051-4412-97c3-485bcf945cee', '95e296e8-d2fc-40f8-bb6b-7ddd13fd0e2c', '577eae4c-cf68-4566-96cd-5d990ee35d36', false);
INSERT INTO art_ping.project_employee VALUES ('d7e3aed9-9908-466b-a757-7663ef66b7de', '95e296e8-d2fc-40f8-bb6b-7ddd13fd0e2c', '40ac132d-530f-4cbf-900e-42f899fe2380', false);
INSERT INTO art_ping.project_employee VALUES ('f607d504-f12d-4704-8115-35350b09bb43', '95e296e8-d2fc-40f8-bb6b-7ddd13fd0e2c', '99e52a02-bac0-445b-8d97-903fb19434d1', false);
INSERT INTO art_ping.project_employee VALUES ('e8c54733-8d14-44e3-b9d1-5a1456e74bdb', '95e296e8-d2fc-40f8-bb6b-7ddd13fd0e2c', '7935e512-2d6f-486f-96f6-3209b563c670', false);
INSERT INTO art_ping.project_employee VALUES ('6502621e-91bf-4738-b328-0d1ae757686e', '95e296e8-d2fc-40f8-bb6b-7ddd13fd0e2c', 'ecba32ef-e3b9-4f48-b96a-d2f81f777fbb', false);
INSERT INTO art_ping.project_employee VALUES ('86136b7f-f606-4beb-96d6-2583c364e42b', '95e296e8-d2fc-40f8-bb6b-7ddd13fd0e2c', 'e64a50e8-f81c-4ca3-9582-c4c0c42e2f4b', false);
INSERT INTO art_ping.project_employee VALUES ('cde9fa2f-ff26-4de6-9e4f-366bd86362f7', '95e296e8-d2fc-40f8-bb6b-7ddd13fd0e2c', 'a3f5c7b4-fba6-4630-9d7e-3cf64001368a', false);
INSERT INTO art_ping.project_employee VALUES ('5f847293-3bbd-4e3f-bdab-5c1530ba3499', '95e296e8-d2fc-40f8-bb6b-7ddd13fd0e2c', '9418b71e-ddd0-40f6-b21c-08beb53b2d8f', false);
INSERT INTO art_ping.project_employee VALUES ('67e96b87-c307-4c8c-9b8a-c2643251dca2', '95e296e8-d2fc-40f8-bb6b-7ddd13fd0e2c', 'dc984317-bc0d-44c5-aa8c-5b9183521938', false);
INSERT INTO art_ping.project_employee VALUES ('9cc27460-585f-44e7-8009-391890311ecc', '95e296e8-d2fc-40f8-bb6b-7ddd13fd0e2c', '375352c8-70c6-4a89-9ce3-1098a0bf225e', false);
INSERT INTO art_ping.project VALUES ('debee649-8209-458c-93bf-fa6e616a8279', 'project284', true);
INSERT INTO art_ping.project_employee VALUES ('9bc5d8ec-e314-4b7b-b965-32203cc48c67', 'debee649-8209-458c-93bf-fa6e616a8279', '6944d429-c1da-44c9-b670-4eb84c3d179a', false);
INSERT INTO art_ping.project_employee VALUES ('1edb67f4-b5cd-4a57-97a7-1080af10821b', 'debee649-8209-458c-93bf-fa6e616a8279', '7935e512-2d6f-486f-96f6-3209b563c670', false);
INSERT INTO art_ping.project_employee VALUES ('474520ee-118a-4830-8eb1-a3caebffc566', 'debee649-8209-458c-93bf-fa6e616a8279', 'd8d8b297-a19d-4be5-8981-07f78b84e6e2', false);
INSERT INTO art_ping.project_employee VALUES ('64995120-6628-4de4-997f-dd1e5db3097c', 'debee649-8209-458c-93bf-fa6e616a8279', '7da4e3d4-baa4-43cf-8f8d-b2e0c29145ab', false);
INSERT INTO art_ping.project_employee VALUES ('582c6df3-00aa-4b40-9fb7-aecc14a2295f', 'debee649-8209-458c-93bf-fa6e616a8279', 'ae0a4142-3fb8-41c4-a80a-56ad29240937', false);
INSERT INTO art_ping.project_employee VALUES ('fee4483b-2725-4ef6-a6ec-f5f7cac123d1', 'debee649-8209-458c-93bf-fa6e616a8279', '3ee6ee98-01e9-477e-aae0-b8afbdab73b4', false);
INSERT INTO art_ping.project_employee VALUES ('5b63b3ec-4916-4972-b682-67cfeffc0d2c', 'debee649-8209-458c-93bf-fa6e616a8279', 'efeedefd-d565-4b54-8acd-03ccf746e125', false);
INSERT INTO art_ping.project VALUES ('fa1c232a-0e42-4e26-ab55-e2f2f2d2d0a5', 'project285', true);
INSERT INTO art_ping.project_employee VALUES ('98217303-29f2-4503-9bcf-b089af0084d1', 'fa1c232a-0e42-4e26-ab55-e2f2f2d2d0a5', 'd0ae51d6-3f25-42a4-aab6-bcdec2a7d13b', false);
INSERT INTO art_ping.project_employee VALUES ('9638766d-b5b3-4018-869b-8d81dfd53b91', 'fa1c232a-0e42-4e26-ab55-e2f2f2d2d0a5', '01133c1d-0029-463e-88df-5fafd35fcefe', false);
INSERT INTO art_ping.project_employee VALUES ('d6778557-6005-44f8-8942-89de1dd7c8b1', 'fa1c232a-0e42-4e26-ab55-e2f2f2d2d0a5', 'b41a2ef2-3d6c-4087-ae26-451f83c475fa', false);
INSERT INTO art_ping.project VALUES ('7002a374-1134-439d-90fe-ee1299826312', 'project286', true);
INSERT INTO art_ping.project_employee VALUES ('fb898c33-151f-4845-97b6-c078dc4721b1', '7002a374-1134-439d-90fe-ee1299826312', 'c2d2f97e-8a11-4a1b-bc6f-ea054abe0e77', false);
INSERT INTO art_ping.project_employee VALUES ('2fb7a6c8-e960-4667-8ca5-567f31fa1146', '7002a374-1134-439d-90fe-ee1299826312', '20bb3776-2233-4d9f-92c7-d6de53f0ebd4', false);
INSERT INTO art_ping.project_employee VALUES ('3e7455d8-0621-4a41-8f37-85cd81089d23', '7002a374-1134-439d-90fe-ee1299826312', '8287baf5-4067-4c65-9264-fe5793108fda', false);
INSERT INTO art_ping.project VALUES ('2ebb81d4-dd96-456e-b544-acc74feea5ba', 'project287', true);
INSERT INTO art_ping.project_employee VALUES ('a70240bf-ba64-4408-a7a3-351e56d096e2', '2ebb81d4-dd96-456e-b544-acc74feea5ba', '5ec97d35-2d20-4b14-9e4e-b3937580b7ae', false);
INSERT INTO art_ping.project_employee VALUES ('2af78c2c-d451-40a9-9d69-b9926567e8de', '2ebb81d4-dd96-456e-b544-acc74feea5ba', '6bbc2baa-80ce-41da-bbdf-31f8647dddc8', false);
INSERT INTO art_ping.project_employee VALUES ('7d35e8c9-2f40-4b2c-88df-7971079e91c2', '2ebb81d4-dd96-456e-b544-acc74feea5ba', '64c36331-ea6d-404d-8700-a33e9af74a36', false);
INSERT INTO art_ping.project_employee VALUES ('da1c8322-2594-468e-96d1-b8595d1003f2', '2ebb81d4-dd96-456e-b544-acc74feea5ba', 'be6f4617-ce18-4149-b2ff-d1d325b8c6dc', false);
INSERT INTO art_ping.project VALUES ('296b23d7-54da-4183-80a5-8a77d5ff7b34', 'project288', true);
INSERT INTO art_ping.project_employee VALUES ('16aba087-607a-4dd6-8a24-cd4bdc9c5964', '296b23d7-54da-4183-80a5-8a77d5ff7b34', 'b8d59533-9f55-4532-a791-b913d6399661', false);
INSERT INTO art_ping.project_employee VALUES ('681ada9d-db73-46a5-80a4-237bd0243b5b', '296b23d7-54da-4183-80a5-8a77d5ff7b34', 'a7009616-fd86-4ae9-bf30-de17064b6f72', false);
INSERT INTO art_ping.project_employee VALUES ('b4a776bc-6fd2-47ff-aeb4-17201ed1bded', '296b23d7-54da-4183-80a5-8a77d5ff7b34', '66cf2e59-f3fb-4523-a071-f700fb2eed5a', false);
INSERT INTO art_ping.project_employee VALUES ('f470540d-182f-4b94-865c-1ec07ab47de8', '296b23d7-54da-4183-80a5-8a77d5ff7b34', '362a1a04-3bc4-4f14-8010-0c35a9dbc0fb', false);
INSERT INTO art_ping.project_employee VALUES ('d41dc3ff-cc6c-4942-9a16-a2bc81cf3d94', '296b23d7-54da-4183-80a5-8a77d5ff7b34', 'b661d5fb-e6f6-4bb7-8f3b-415d1edfda19', false);
INSERT INTO art_ping.project_employee VALUES ('dacf4907-061f-41b3-b566-def329481043', '296b23d7-54da-4183-80a5-8a77d5ff7b34', 'b175a33a-6b43-40ec-85e7-9f1438e24094', false);
INSERT INTO art_ping.project_employee VALUES ('d9b4b0e6-d4da-4fdc-8498-a524aa70db37', '296b23d7-54da-4183-80a5-8a77d5ff7b34', '39b39e41-30ac-4ec9-a74c-f41d0c5812e9', false);
INSERT INTO art_ping.project_employee VALUES ('33bb3b8f-caf7-48d8-b4ac-6148bbdd152c', '296b23d7-54da-4183-80a5-8a77d5ff7b34', '07414a26-6230-43e1-b495-bc1baa4a99ae', false);
INSERT INTO art_ping.project_employee VALUES ('71394e21-21b2-45b6-b66e-6be33f7b12f0', '296b23d7-54da-4183-80a5-8a77d5ff7b34', '1077b982-eb5d-48f5-89f7-50f6c6b9e973', false);
INSERT INTO art_ping.project_employee VALUES ('9c6d200b-3520-4e9c-a82b-8cb61d7935c1', '296b23d7-54da-4183-80a5-8a77d5ff7b34', '72a38b2d-0329-4d0b-85d5-6f4be052ef1a', false);
INSERT INTO art_ping.project VALUES ('bd0b7bba-3572-44ae-9f0b-a28eeb6c79c1', 'project289', true);
INSERT INTO art_ping.project_employee VALUES ('23164d04-79df-48e7-95d5-0907c32d438d', 'bd0b7bba-3572-44ae-9f0b-a28eeb6c79c1', '7de2f33b-ac5c-4e79-9bc1-3e791251fa70', false);
INSERT INTO art_ping.project_employee VALUES ('dac00f88-45c6-4dfe-a2c2-dd3efce8eac6', 'bd0b7bba-3572-44ae-9f0b-a28eeb6c79c1', 'f36f6161-6920-456f-8932-312679f02ff0', false);
INSERT INTO art_ping.project_employee VALUES ('40e377f0-ea2c-4471-bb64-ed6f34c4df79', 'bd0b7bba-3572-44ae-9f0b-a28eeb6c79c1', '3be56123-31bd-40a2-bafb-c43b6717d638', false);
INSERT INTO art_ping.project_employee VALUES ('b1205631-7dd4-41b4-978c-9c08e1ddc4a6', 'bd0b7bba-3572-44ae-9f0b-a28eeb6c79c1', '8ac9b53f-0bc0-4ae0-b54e-e11218c13f71', false);
INSERT INTO art_ping.project_employee VALUES ('860cd0cb-bc9b-4abe-83ab-813fb86d85f6', 'bd0b7bba-3572-44ae-9f0b-a28eeb6c79c1', '84d6237a-256f-4c52-94a0-ce2c0e851cf0', false);
INSERT INTO art_ping.project_employee VALUES ('ae3c64c1-a8e1-42ef-8b22-a83282c471ff', 'bd0b7bba-3572-44ae-9f0b-a28eeb6c79c1', '7ff2ef7f-a10a-4b04-9df4-425dbe96e240', false);
INSERT INTO art_ping.project_employee VALUES ('8528b6c0-3102-4bdb-9459-f8db185d7fbd', 'bd0b7bba-3572-44ae-9f0b-a28eeb6c79c1', '0492f9c5-0b23-46c3-a435-691547b39086', false);
INSERT INTO art_ping.project_employee VALUES ('db969918-69d9-422d-9d5f-ef1b07bbdf43', 'bd0b7bba-3572-44ae-9f0b-a28eeb6c79c1', '538a87f4-a5ad-435e-8e83-fed368ab2fdf', false);
INSERT INTO art_ping.project_employee VALUES ('d7bdaae8-1b50-4487-9f85-61f2ff7bf5e6', 'bd0b7bba-3572-44ae-9f0b-a28eeb6c79c1', 'ecba32ef-e3b9-4f48-b96a-d2f81f777fbb', false);
INSERT INTO art_ping.project_employee VALUES ('dbad8f98-dd01-458e-8762-cbcf53306ead', 'bd0b7bba-3572-44ae-9f0b-a28eeb6c79c1', 'a7009616-fd86-4ae9-bf30-de17064b6f72', false);
INSERT INTO art_ping.project_employee VALUES ('bea6af19-e84c-48cb-beb4-77a5cf7be5e8', 'bd0b7bba-3572-44ae-9f0b-a28eeb6c79c1', '92bdf01e-cbbd-4d9f-88a5-c6fa0275dfae', false);
INSERT INTO art_ping.project_employee VALUES ('57ab7729-7975-4d2a-9bf5-754e2c1bac33', 'bd0b7bba-3572-44ae-9f0b-a28eeb6c79c1', 'a3f5c7b4-fba6-4630-9d7e-3cf64001368a', false);
INSERT INTO art_ping.project_employee VALUES ('ef22e1cf-a390-4495-9b1e-f1d8d7544f68', 'bd0b7bba-3572-44ae-9f0b-a28eeb6c79c1', 'ff815e1a-552a-4b9e-bb37-738ff0b16e61', false);
INSERT INTO art_ping.project_employee VALUES ('5d6ab178-77d1-429a-bf63-f0467e700f43', 'bd0b7bba-3572-44ae-9f0b-a28eeb6c79c1', '39b39e41-30ac-4ec9-a74c-f41d0c5812e9', false);
INSERT INTO art_ping.project_employee VALUES ('12230c58-61ba-4ae8-98d6-7ec5c5c8d7b7', 'bd0b7bba-3572-44ae-9f0b-a28eeb6c79c1', 'c596a3e1-c4d2-4fd9-8b80-226244975170', false);
INSERT INTO art_ping.project_employee VALUES ('4a8954b5-6e03-4d0f-9342-7d359c71f2b5', 'bd0b7bba-3572-44ae-9f0b-a28eeb6c79c1', 'e981f520-5bec-4d2a-b07f-c9c4b3497b13', false);
INSERT INTO art_ping.project_employee VALUES ('28653ba9-d2c9-4166-85ed-ed29750c0791', 'bd0b7bba-3572-44ae-9f0b-a28eeb6c79c1', '06da6f43-6210-4a2a-b6c3-5fa7d00dfe3a', false);
INSERT INTO art_ping.project_employee VALUES ('cedb76d9-88e7-4324-81f3-018f603bc911', 'bd0b7bba-3572-44ae-9f0b-a28eeb6c79c1', '089fd005-d1ce-454f-9922-c99944b2aa94', false);
INSERT INTO art_ping.project VALUES ('0fa67b51-9e85-45f6-a465-bab4ddbe483b', 'project290', true);
INSERT INTO art_ping.project_employee VALUES ('ff633597-3437-49fc-8a6d-3d1fb5976b54', '0fa67b51-9e85-45f6-a465-bab4ddbe483b', 'c22a98a5-d269-48ef-9ca3-2e3706520a55', false);
INSERT INTO art_ping.project_employee VALUES ('5f47da05-6f42-416e-a9f6-236d24b8eb58', '0fa67b51-9e85-45f6-a465-bab4ddbe483b', '5004a47a-83f9-402d-b35e-d4eccbf0e8fa', false);
INSERT INTO art_ping.project_employee VALUES ('b98b5060-5810-4dc2-85ec-316cba199fd3', '0fa67b51-9e85-45f6-a465-bab4ddbe483b', 'ae242bfa-9bae-45ea-9425-2b4eaeaa9b68', false);
INSERT INTO art_ping.project_employee VALUES ('36390baa-12a6-4a44-9a09-b5b9a4366e1a', '0fa67b51-9e85-45f6-a465-bab4ddbe483b', '493a58e5-2b13-4d7e-9971-399387fafafd', false);
INSERT INTO art_ping.project_employee VALUES ('be1ed05d-c40d-487f-9d2f-92ea6c2507f1', '0fa67b51-9e85-45f6-a465-bab4ddbe483b', '2f690191-97fc-4523-8952-6e0f6ce811f2', false);
INSERT INTO art_ping.project_employee VALUES ('0da2263b-60bf-4738-a332-46b3e5d00642', '0fa67b51-9e85-45f6-a465-bab4ddbe483b', '80c79fe3-f762-4dce-93f2-86cf0be30c68', false);
INSERT INTO art_ping.project_employee VALUES ('b81bf96d-f641-413b-bb94-51f0a49d353b', '0fa67b51-9e85-45f6-a465-bab4ddbe483b', 'ab9bb73f-921b-4cc7-aa09-0b699f6b914e', false);
INSERT INTO art_ping.project_employee VALUES ('9916669b-13c0-45a2-9c65-475897d5ddeb', '0fa67b51-9e85-45f6-a465-bab4ddbe483b', 'f8ddfe9e-d9ac-41ad-a3f4-fe2cf81862c6', false);
INSERT INTO art_ping.project_employee VALUES ('f8aa01b4-e39e-4541-8b9a-987baa4b1664', '0fa67b51-9e85-45f6-a465-bab4ddbe483b', '4e83edd3-48d5-465e-9547-0f04d540e74e', false);
INSERT INTO art_ping.project_employee VALUES ('37c76cb6-6a26-4553-9733-a936d7bc8abb', '0fa67b51-9e85-45f6-a465-bab4ddbe483b', 'de4e9d50-476d-40ba-94d6-4f47e89f11e3', false);
INSERT INTO art_ping.project_employee VALUES ('23141c75-bbc6-4306-931f-ebdfdc19fb29', '0fa67b51-9e85-45f6-a465-bab4ddbe483b', '911205e8-de7b-4d21-9100-2512f39f52b0', false);
INSERT INTO art_ping.project_employee VALUES ('0f5b3885-d960-4f73-ba4a-dd6f60f58124', '0fa67b51-9e85-45f6-a465-bab4ddbe483b', '2dff829a-3580-4075-840a-f5c2ec5e3f1f', false);
INSERT INTO art_ping.project_employee VALUES ('4d055eb1-0637-41d1-abea-4b90cffec607', '0fa67b51-9e85-45f6-a465-bab4ddbe483b', '219ba6fe-7459-4043-87a7-8fa8941d5964', false);
INSERT INTO art_ping.project_employee VALUES ('6c19e3f8-dcb2-4a5a-98ac-dac136e2e610', '0fa67b51-9e85-45f6-a465-bab4ddbe483b', 'b6253a98-159e-4c74-94ac-a4b372fbe34a', false);
INSERT INTO art_ping.project_employee VALUES ('ad18f5b9-850b-46ff-a5c1-f749a215b917', '0fa67b51-9e85-45f6-a465-bab4ddbe483b', 'e2880836-6c73-4e45-bcce-583ca78f6d5c', false);
INSERT INTO art_ping.project_employee VALUES ('5b6032db-8fae-4182-8c4e-f99d995b69fd', '0fa67b51-9e85-45f6-a465-bab4ddbe483b', 'ff4f7cda-e5f9-484b-8b90-c1ad03aa1766', false);
INSERT INTO art_ping.project VALUES ('bf449d84-54ee-4df0-b313-5952f587f0f8', 'project291', true);
INSERT INTO art_ping.project_employee VALUES ('26f73803-c287-4e63-b008-9d73be25e933', 'bf449d84-54ee-4df0-b313-5952f587f0f8', '6cfb2d70-61ca-4ebe-8c24-b5d403461dfd', false);
INSERT INTO art_ping.project_employee VALUES ('c47b2d42-d465-45e3-b328-42b26c72c34d', 'bf449d84-54ee-4df0-b313-5952f587f0f8', '308ced5a-35ab-483f-ad1d-b705e7d67578', false);
INSERT INTO art_ping.project_employee VALUES ('b7888520-e23a-4a11-af9a-658095a1b616', 'bf449d84-54ee-4df0-b313-5952f587f0f8', '4e877079-8463-403d-8b7f-aabde8b63d16', false);
INSERT INTO art_ping.project_employee VALUES ('86a32cd0-e776-4eed-951e-97b68ab78358', 'bf449d84-54ee-4df0-b313-5952f587f0f8', '00289862-fe38-443f-983a-37f2c047c1bb', false);
INSERT INTO art_ping.project_employee VALUES ('493d6396-9d21-46cf-a8b3-1f32c676a298', 'bf449d84-54ee-4df0-b313-5952f587f0f8', '48d4ffc3-a456-41c2-9923-82289f2b4e86', false);
INSERT INTO art_ping.project VALUES ('11b6617f-e695-49cd-8b45-26c33cf01da0', 'project292', true);
INSERT INTO art_ping.project_employee VALUES ('c33a2604-f6ad-4377-b144-4500fa710f01', '11b6617f-e695-49cd-8b45-26c33cf01da0', '6af21098-aeaa-44e1-bd78-523c263dc55d', false);
INSERT INTO art_ping.project_employee VALUES ('96f2519f-86c8-4e1d-a662-b9310ed97e7b', '11b6617f-e695-49cd-8b45-26c33cf01da0', '1fa7b87d-f0de-4dd1-9f90-776b7a9eb4c3', false);
INSERT INTO art_ping.project_employee VALUES ('fad17139-8879-49be-8596-a5a08bccf8f9', '11b6617f-e695-49cd-8b45-26c33cf01da0', '8b7aa8af-fcb3-472e-a2ff-f74f8f941a0b', false);
INSERT INTO art_ping.project_employee VALUES ('64e2a231-9a47-47f6-92ad-f29ba129074f', '11b6617f-e695-49cd-8b45-26c33cf01da0', 'b3ff289a-968a-4dcb-8b38-6800ca163fd5', false);
INSERT INTO art_ping.project_employee VALUES ('8806b256-3602-4773-a262-afb62060ed03', '11b6617f-e695-49cd-8b45-26c33cf01da0', '6dbec378-db3e-4584-963b-b36b733f05fe', false);
INSERT INTO art_ping.project VALUES ('2306c17f-c995-4687-894a-a4472ad49555', 'project293', true);
INSERT INTO art_ping.project_employee VALUES ('0d162a9e-c70f-4c34-801b-7d3bbf70d116', '2306c17f-c995-4687-894a-a4472ad49555', '5ec97d35-2d20-4b14-9e4e-b3937580b7ae', false);
INSERT INTO art_ping.project_employee VALUES ('6c039d79-bed5-4a95-abe1-2e104fb3846c', '2306c17f-c995-4687-894a-a4472ad49555', '3e1ae869-8169-4939-bf64-b2d2977d8457', false);
INSERT INTO art_ping.project_employee VALUES ('6ef74b14-ebb4-41a5-b058-79cc6b056df7', '2306c17f-c995-4687-894a-a4472ad49555', '43d8804d-1c4a-41b3-aba0-8c2291613b1a', false);
INSERT INTO art_ping.project_employee VALUES ('9a52f42c-2b5b-4d21-ae82-3361f0615cb1', '2306c17f-c995-4687-894a-a4472ad49555', '81c5a992-a2c5-4e8a-86bf-284227c34b96', false);
INSERT INTO art_ping.project_employee VALUES ('f115e6fe-f98d-4310-b7b5-a78d60fe2923', '2306c17f-c995-4687-894a-a4472ad49555', '7d219817-34c8-4f18-a496-36979da27863', false);
INSERT INTO art_ping.project_employee VALUES ('f86d24ea-ed8e-47ab-81b6-15b9806a39da', '2306c17f-c995-4687-894a-a4472ad49555', 'b64b1095-2d78-4e25-9e05-12a050f5008a', false);
INSERT INTO art_ping.project_employee VALUES ('ca70c9fe-5f19-4280-8de4-e76e2fd81f35', '2306c17f-c995-4687-894a-a4472ad49555', 'e8fa1518-3191-4982-992e-6e1f22ae0d0b', false);
INSERT INTO art_ping.project_employee VALUES ('c6eceb4f-68a9-464f-bbdd-1e44abe2c1fc', '2306c17f-c995-4687-894a-a4472ad49555', '2e8ac846-23df-471d-8678-8d84375ba8c9', false);
INSERT INTO art_ping.project_employee VALUES ('047c00fd-9641-4ed3-908a-16aef669da5f', '2306c17f-c995-4687-894a-a4472ad49555', '53fc0d4a-c909-4502-b70b-d2fcfa8bd8fb', false);
INSERT INTO art_ping.project VALUES ('14c84e75-91dc-45c1-93ff-0ead309c1a6e', 'project294', true);
INSERT INTO art_ping.project_employee VALUES ('7b00480a-b4d3-4288-b2f6-2c0155099702', '14c84e75-91dc-45c1-93ff-0ead309c1a6e', '0f3fd6ce-9450-40fd-87a4-ed9fc59afbf7', false);
INSERT INTO art_ping.project_employee VALUES ('e9ae3674-7b37-435d-994a-58a600c6728f', '14c84e75-91dc-45c1-93ff-0ead309c1a6e', '19a66dc2-080d-4711-abe3-a97cbda9803b', false);
INSERT INTO art_ping.project_employee VALUES ('45d32e44-e72e-434f-b229-a88d1bfafcdb', '14c84e75-91dc-45c1-93ff-0ead309c1a6e', '9e118fb6-b144-47c7-8bb9-3a2a80d66630', false);
INSERT INTO art_ping.project_employee VALUES ('4b214376-74de-4fd1-9dbb-a40ff539f602', '14c84e75-91dc-45c1-93ff-0ead309c1a6e', 'c1c408a4-5c48-45b6-acee-bab5fb93950a', false);
INSERT INTO art_ping.project_employee VALUES ('1b98a558-6f0f-4536-9e78-13df8a86a86c', '14c84e75-91dc-45c1-93ff-0ead309c1a6e', '6728eb07-5841-48cf-a6e5-4acb471295e2', false);
INSERT INTO art_ping.project_employee VALUES ('2424d999-7686-43cf-9ba6-c608aa201396', '14c84e75-91dc-45c1-93ff-0ead309c1a6e', '9923f9ff-3d98-49be-a1a7-75f0de86dbc0', false);
INSERT INTO art_ping.project VALUES ('1365c90c-6678-4c70-8da9-5af39ebd6d00', 'project295', true);
INSERT INTO art_ping.project_employee VALUES ('fa3e6870-ab7c-4058-a826-c8f14d742f2b', '1365c90c-6678-4c70-8da9-5af39ebd6d00', 'c4cf25c7-892f-4c17-92aa-2d710ec324c9', false);
INSERT INTO art_ping.project_employee VALUES ('9025a9f1-0a75-49c7-92e4-649a042a7466', '1365c90c-6678-4c70-8da9-5af39ebd6d00', '493a58e5-2b13-4d7e-9971-399387fafafd', false);
INSERT INTO art_ping.project_employee VALUES ('c43f426c-8e65-45f3-b5e0-fb15cab67e1f', '1365c90c-6678-4c70-8da9-5af39ebd6d00', '59e525b6-4559-41ed-a074-2ee8a12e7750', false);
INSERT INTO art_ping.project_employee VALUES ('33edd696-c03a-40d4-8f1d-51658ac647fd', '1365c90c-6678-4c70-8da9-5af39ebd6d00', '428373ee-8677-47fc-a008-7b445812caab', false);
INSERT INTO art_ping.project_employee VALUES ('0dca4eb1-506b-4a49-8bd7-f4b3ccb3e5be', '1365c90c-6678-4c70-8da9-5af39ebd6d00', '40ac132d-530f-4cbf-900e-42f899fe2380', false);
INSERT INTO art_ping.project_employee VALUES ('802ec2f4-019e-4f60-81c8-19277e2d2fd4', '1365c90c-6678-4c70-8da9-5af39ebd6d00', 'd4ae3e97-b39e-47de-8382-730f16379981', false);
INSERT INTO art_ping.project_employee VALUES ('73f4edc0-e75e-474b-909e-ea3a7237929c', '1365c90c-6678-4c70-8da9-5af39ebd6d00', '41ab7c96-68b8-4f61-8f1c-f2a70438fd8e', false);
INSERT INTO art_ping.project_employee VALUES ('1c5b8586-44e6-4b43-a45d-227ffb5cc435', '1365c90c-6678-4c70-8da9-5af39ebd6d00', '4dd27506-c685-49ae-b937-9633272a83d8', false);
INSERT INTO art_ping.project_employee VALUES ('f2d3311f-57f6-46a4-9729-6fa96ee22a40', '1365c90c-6678-4c70-8da9-5af39ebd6d00', 'fa21f402-1783-4e26-a087-c5cc50765fe8', false);
INSERT INTO art_ping.project_employee VALUES ('ed398d5e-50b8-4190-826d-a871f69e178e', '1365c90c-6678-4c70-8da9-5af39ebd6d00', '9795454f-9c47-4648-9021-ca51f119986e', false);
INSERT INTO art_ping.project_employee VALUES ('d7db9226-51c1-4614-a54f-f449efb6d6bf', '1365c90c-6678-4c70-8da9-5af39ebd6d00', '7230ee53-e482-41fd-9dbb-9e052efbc50c', false);
INSERT INTO art_ping.project_employee VALUES ('58b67123-5fb4-4976-9426-8d386bc7ff71', '1365c90c-6678-4c70-8da9-5af39ebd6d00', '56e9ab80-35f9-4034-8592-52a50a03a121', false);
INSERT INTO art_ping.project_employee VALUES ('214c7492-a576-4a54-ba32-dab3a0356ef2', '1365c90c-6678-4c70-8da9-5af39ebd6d00', '3a538874-0fd8-4eef-b294-831512cb6b43', false);
INSERT INTO art_ping.project_employee VALUES ('1afd39eb-6ef1-4659-9506-29539c197795', '1365c90c-6678-4c70-8da9-5af39ebd6d00', 'ec427102-c9b5-4a13-8664-b383e0077ffc', false);
INSERT INTO art_ping.project_employee VALUES ('16e267ca-1633-4479-8c3a-bbed2979d920', '1365c90c-6678-4c70-8da9-5af39ebd6d00', '1101b59e-066e-43e4-ab5a-bf1e1b623ee0', false);
INSERT INTO art_ping.project_employee VALUES ('5eca7725-fa0f-48c2-87a4-bda6d98c5c74', '1365c90c-6678-4c70-8da9-5af39ebd6d00', '4c6a386d-fd26-44f5-a7db-4eb441f08069', false);
INSERT INTO art_ping.project_employee VALUES ('9cf97371-57b2-40d6-9988-87b4f8d7c82c', '1365c90c-6678-4c70-8da9-5af39ebd6d00', 'b0c8fccb-e7fe-4566-97d9-a330a8d0db10', false);
INSERT INTO art_ping.project_employee VALUES ('dc67ccdd-39f1-4893-a40d-4a4ea8d87128', '1365c90c-6678-4c70-8da9-5af39ebd6d00', '7d0e9d44-4a81-4cb4-a56a-bfec1177128d', false);
INSERT INTO art_ping.project VALUES ('bf23d853-5e5d-45f8-a5d8-34a484ec5fd3', 'project296', true);
INSERT INTO art_ping.project_employee VALUES ('d72a4056-61e5-4056-ba90-6c0966d29bfc', 'bf23d853-5e5d-45f8-a5d8-34a484ec5fd3', 'a689a178-8e09-484d-8557-eb38c226482b', false);
INSERT INTO art_ping.project_employee VALUES ('e420a624-053e-49e9-8810-85017c46656f', 'bf23d853-5e5d-45f8-a5d8-34a484ec5fd3', 'bb139bc0-e654-4063-973a-815c4683bbb9', false);
INSERT INTO art_ping.project_employee VALUES ('f6dcf515-438c-4a22-aacd-12c5b4647475', 'bf23d853-5e5d-45f8-a5d8-34a484ec5fd3', '5ecc3fa5-74a8-4f71-ae5b-81df6c8f9e6a', false);
INSERT INTO art_ping.project_employee VALUES ('9819ad83-9f5f-498f-8f13-4dc069c24f38', 'bf23d853-5e5d-45f8-a5d8-34a484ec5fd3', 'f6601251-90a2-4acd-a611-5087f2c59f77', false);
INSERT INTO art_ping.project_employee VALUES ('346f9ad3-12f1-4d6d-8b0e-7bcaae489d9c', 'bf23d853-5e5d-45f8-a5d8-34a484ec5fd3', 'a9d41662-5fbc-48d6-af6d-70bd1ccbf684', false);
INSERT INTO art_ping.project_employee VALUES ('1706cfde-4d2f-4321-a3ae-dc5db178b003', 'bf23d853-5e5d-45f8-a5d8-34a484ec5fd3', '8429609f-625a-4bd0-a20d-70f7372da498', false);
INSERT INTO art_ping.project_employee VALUES ('4733ec38-e031-46a4-982f-ae7c49248940', 'bf23d853-5e5d-45f8-a5d8-34a484ec5fd3', '52cf7dca-8a89-4675-8cca-ca319a24bc04', false);
INSERT INTO art_ping.project_employee VALUES ('30141afc-5e56-48ed-a494-42121cea2d28', 'bf23d853-5e5d-45f8-a5d8-34a484ec5fd3', '9f62c00b-5934-40d2-91b7-231cf0b8da2f', false);
INSERT INTO art_ping.project_employee VALUES ('bfdfb6a3-ac19-4739-9a2f-8c0a4af9f9b7', 'bf23d853-5e5d-45f8-a5d8-34a484ec5fd3', 'd596710b-013b-4530-be15-d54f42933ca0', false);
INSERT INTO art_ping.project_employee VALUES ('e51c10e7-2fb7-4ba5-bfb1-27bef0ec4b82', 'bf23d853-5e5d-45f8-a5d8-34a484ec5fd3', 'd4ae3e97-b39e-47de-8382-730f16379981', false);
INSERT INTO art_ping.project_employee VALUES ('b4dd9983-cd35-4b33-852c-d06d7a5ec313', 'bf23d853-5e5d-45f8-a5d8-34a484ec5fd3', 'ef15254f-a4cf-4eea-bcd8-6498dd842f78', false);
INSERT INTO art_ping.project_employee VALUES ('c2fcaab7-5d79-47ef-877b-6c562dedd7aa', 'bf23d853-5e5d-45f8-a5d8-34a484ec5fd3', 'e8fa1518-3191-4982-992e-6e1f22ae0d0b', false);
INSERT INTO art_ping.project_employee VALUES ('4a08ed69-e9fa-49b8-a09f-97e7b1ecdc6a', 'bf23d853-5e5d-45f8-a5d8-34a484ec5fd3', '4a603d7c-7db7-4939-a25c-d579ef352137', false);
INSERT INTO art_ping.project_employee VALUES ('895d04b4-af89-4d2f-b6c2-ee10bc486660', 'bf23d853-5e5d-45f8-a5d8-34a484ec5fd3', '4c6a386d-fd26-44f5-a7db-4eb441f08069', false);
INSERT INTO art_ping.project_employee VALUES ('0093f533-f4f3-431c-9042-6d477c282943', 'bf23d853-5e5d-45f8-a5d8-34a484ec5fd3', '2d601f45-775e-4572-89be-deec95beb941', false);
INSERT INTO art_ping.project VALUES ('41bd7719-54aa-47b1-a606-169f56c9520e', 'project297', true);
INSERT INTO art_ping.project_employee VALUES ('9b25b067-d7b4-4ba8-989d-e6dcccf21fc9', '41bd7719-54aa-47b1-a606-169f56c9520e', '2bea5822-925e-4f20-935e-39e1f35a9835', false);
INSERT INTO art_ping.project_employee VALUES ('1e6b38a2-cec3-48a3-bcb5-9eae92537b25', '41bd7719-54aa-47b1-a606-169f56c9520e', '93caefdf-d11f-498f-9939-acfa4f238b68', false);
INSERT INTO art_ping.project_employee VALUES ('0a55061d-80ab-4a2e-a453-0860e2099faf', '41bd7719-54aa-47b1-a606-169f56c9520e', '318db25a-3b1d-4fa4-ad56-98a5dcd56271', false);
INSERT INTO art_ping.project_employee VALUES ('50b0b5f2-872d-4a4a-8487-0040e66c361a', '41bd7719-54aa-47b1-a606-169f56c9520e', '56d3098f-57a8-4e7c-871d-76887c62c528', false);
INSERT INTO art_ping.project_employee VALUES ('1b54db78-5cce-4024-aa1c-fd615aca83c6', '41bd7719-54aa-47b1-a606-169f56c9520e', '2da77dcb-0768-478c-a741-618b705ed54c', false);
INSERT INTO art_ping.project_employee VALUES ('02b34214-0cc5-4070-83c8-202de6fb050c', '41bd7719-54aa-47b1-a606-169f56c9520e', 'df693f88-209f-42b6-926e-457b8aeb2af9', false);
INSERT INTO art_ping.project_employee VALUES ('438d0914-5a1d-41ef-acae-f45c1bf71d56', '41bd7719-54aa-47b1-a606-169f56c9520e', '9e772308-013b-4e58-9b98-921ea5b62eba', false);
INSERT INTO art_ping.project_employee VALUES ('5f92eda5-7583-4c43-8e40-4706420c4a4c', '41bd7719-54aa-47b1-a606-169f56c9520e', '120e9abf-1fc2-4c79-a365-77e49a1f76ed', false);
INSERT INTO art_ping.project_employee VALUES ('6a081d8f-bad8-46c4-8d6d-1b66925c00c7', '41bd7719-54aa-47b1-a606-169f56c9520e', '4fdce3b1-17f9-4ac2-ad87-e9725ecabca8', false);
INSERT INTO art_ping.project_employee VALUES ('15ee3be4-729d-4503-836c-0471579eb6fc', '41bd7719-54aa-47b1-a606-169f56c9520e', 'a3c277aa-71bb-4224-8d59-940803715ffa', false);
INSERT INTO art_ping.project_employee VALUES ('27b782ad-27a2-4730-a92d-4402c66c9f6b', '41bd7719-54aa-47b1-a606-169f56c9520e', '7d0e9d44-4a81-4cb4-a56a-bfec1177128d', false);
INSERT INTO art_ping.project_employee VALUES ('0822657c-99a3-4566-8d80-5ce5a4e06775', '41bd7719-54aa-47b1-a606-169f56c9520e', '089fd005-d1ce-454f-9922-c99944b2aa94', false);
INSERT INTO art_ping.project VALUES ('40cfdf35-acbe-4eb8-8cd1-88aa698e6c9a', 'project298', true);
INSERT INTO art_ping.project_employee VALUES ('9864f592-e23e-440a-96e1-1714b9d6914a', '40cfdf35-acbe-4eb8-8cd1-88aa698e6c9a', '655dfc48-3658-43c6-81df-7d7c3a642499', false);
INSERT INTO art_ping.project_employee VALUES ('3a0875fb-9371-4950-91c5-2d19097d95e7', '40cfdf35-acbe-4eb8-8cd1-88aa698e6c9a', '4242e906-afdd-451d-828a-ce35ca2d9931', false);
INSERT INTO art_ping.project_employee VALUES ('d97538fe-dff5-4ab4-af11-475e8a0642bf', '40cfdf35-acbe-4eb8-8cd1-88aa698e6c9a', 'b778b2cc-ca73-4f95-8b90-6e7ac3507fec', false);
INSERT INTO art_ping.project_employee VALUES ('a7c5d6b3-2338-4c95-b248-024305327480', '40cfdf35-acbe-4eb8-8cd1-88aa698e6c9a', '58f5f5c8-3b76-4e8d-ae9e-e48d2094a434', false);
INSERT INTO art_ping.project_employee VALUES ('a91241cb-c5f8-40f7-a17e-a21bc83ba9e7', '40cfdf35-acbe-4eb8-8cd1-88aa698e6c9a', 'b1f82042-7404-42c8-b6b7-fe92c637e47b', false);
INSERT INTO art_ping.project_employee VALUES ('e660bda2-176a-45f5-a66a-2c4e83e3e8e0', '40cfdf35-acbe-4eb8-8cd1-88aa698e6c9a', '252eaa38-8f40-4188-9dc0-a8e21c189031', false);
INSERT INTO art_ping.project_employee VALUES ('787e37c8-3a3b-4464-8a26-f72f21d8a753', '40cfdf35-acbe-4eb8-8cd1-88aa698e6c9a', '2d601f45-775e-4572-89be-deec95beb941', false);
INSERT INTO art_ping.project_employee VALUES ('bc9c0dcc-c6e2-47a0-8a7f-e57348d722f2', '40cfdf35-acbe-4eb8-8cd1-88aa698e6c9a', '7461a4f0-99f3-4237-92a6-1b7e459a9325', false);
INSERT INTO art_ping.project_employee VALUES ('ce374a41-dcfc-41c4-befa-30fe4810abed', '40cfdf35-acbe-4eb8-8cd1-88aa698e6c9a', 'ff4f7cda-e5f9-484b-8b90-c1ad03aa1766', false);
INSERT INTO art_ping.project VALUES ('ce76129b-55e9-4aff-ad56-64682ff7eaa5', 'project299', true);
INSERT INTO art_ping.project_employee VALUES ('7ad317d4-8171-4b3e-a859-2d3a4a0e923c', 'ce76129b-55e9-4aff-ad56-64682ff7eaa5', '3400cb43-b4af-4210-8419-dabf67659cd7', false);
INSERT INTO art_ping.project_employee VALUES ('e5080efb-e6e1-4adc-9939-603c1a50ec8f', 'ce76129b-55e9-4aff-ad56-64682ff7eaa5', '35a3185c-b449-4041-a98b-51e2e4bdfa4c', false);
INSERT INTO art_ping.project_employee VALUES ('a32b7ab9-0041-4e67-b646-3febe248cb21', 'ce76129b-55e9-4aff-ad56-64682ff7eaa5', '6ee424aa-e0f1-4a58-93ae-551f7892393b', false);
INSERT INTO art_ping.project_employee VALUES ('b0249c8a-fd6c-4f7b-bbf7-b1b76cced94b', 'ce76129b-55e9-4aff-ad56-64682ff7eaa5', '48d4ffc3-a456-41c2-9923-82289f2b4e86', false);
INSERT INTO art_ping.project_employee VALUES ('87f3332f-1cec-4922-aa02-cd294bfe4aff', 'ce76129b-55e9-4aff-ad56-64682ff7eaa5', '25937bae-8f8e-4ddc-a714-3e74c80fc42d', false);
INSERT INTO art_ping.project VALUES ('8fbb9aad-36c4-4bf0-ba03-1818d000a2d0', 'project300', true);
INSERT INTO art_ping.project_employee VALUES ('0a9a5610-5653-40b5-9100-af773b380909', '8fbb9aad-36c4-4bf0-ba03-1818d000a2d0', '8c049c7a-0143-4d5f-a532-c9ab9c30e5c7', false);
INSERT INTO art_ping.project_employee VALUES ('46e9bdfc-2b55-48bc-9b77-856e0de4bf9c', '8fbb9aad-36c4-4bf0-ba03-1818d000a2d0', '875d0ddd-5c98-4010-ac0c-27ebe20ac3d5', false);
INSERT INTO art_ping.project_employee VALUES ('7d7dc6d1-4b53-4fb0-8293-553269d05548', '8fbb9aad-36c4-4bf0-ba03-1818d000a2d0', '48d98a19-98c0-44cf-98a7-95bc2f399373', false);
INSERT INTO art_ping.project_employee VALUES ('9d756ebb-26c8-4bea-a0d4-c43eb3264cd0', '8fbb9aad-36c4-4bf0-ba03-1818d000a2d0', '0ada35b7-1963-4938-aa0b-e7fb501440a8', false);
INSERT INTO art_ping.project_employee VALUES ('129ee9ff-4345-4553-90dd-06d1365066cd', '8fbb9aad-36c4-4bf0-ba03-1818d000a2d0', '8f0ce4a2-4f0c-4d5e-b94b-419a5a440b21', false);
INSERT INTO art_ping.project_employee VALUES ('f929df17-53e4-4019-a9cd-42eb848ab183', '8fbb9aad-36c4-4bf0-ba03-1818d000a2d0', '9156f9a1-04af-4de0-93d1-bea2aacb4812', false);
INSERT INTO art_ping.project_employee VALUES ('6f221fe0-390e-4bcb-8b31-375a6621587a', '8fbb9aad-36c4-4bf0-ba03-1818d000a2d0', '4c4a348d-fd13-47ff-84c6-591e8868d798', false);
INSERT INTO art_ping.project_employee VALUES ('e70cc7ec-9deb-4bde-9d66-3177306f1d4b', '8fbb9aad-36c4-4bf0-ba03-1818d000a2d0', '00289862-fe38-443f-983a-37f2c047c1bb', false);
INSERT INTO art_ping.project_employee VALUES ('c18e4f5c-8d49-4e91-a18a-c26664f7096b', '8fbb9aad-36c4-4bf0-ba03-1818d000a2d0', '7083f3b6-efe4-4bc7-af43-8e7df200936b', false);
INSERT INTO art_ping.project VALUES ('c9c5b771-38fb-442d-a82f-a4631bed019c', 'project301', true);
INSERT INTO art_ping.project_employee VALUES ('438dc9e9-b197-4389-a734-cbb038cbe8e4', 'c9c5b771-38fb-442d-a82f-a4631bed019c', 'f85b2f23-7c21-4600-afde-19dfe90554b9', false);
INSERT INTO art_ping.project_employee VALUES ('4f3e5722-f1e8-4d08-bcf6-c911069d129e', 'c9c5b771-38fb-442d-a82f-a4631bed019c', '8c3502ea-6671-40cf-bf16-8099fb77f8ca', false);
INSERT INTO art_ping.project_employee VALUES ('80cee2b9-8880-411f-8262-ebd5593faa1b', 'c9c5b771-38fb-442d-a82f-a4631bed019c', '188b1861-cfdc-4061-b923-989f1c7a980f', false);
INSERT INTO art_ping.project_employee VALUES ('5ff2402e-1c9e-49fe-8193-cd28e20ab2f9', 'c9c5b771-38fb-442d-a82f-a4631bed019c', 'ff815e1a-552a-4b9e-bb37-738ff0b16e61', false);
INSERT INTO art_ping.project_employee VALUES ('8ae77731-3000-48cd-8e5e-6fd94b8fc62f', 'c9c5b771-38fb-442d-a82f-a4631bed019c', 'f9cbd2b4-d97d-4265-a5c3-4430f0614efa', false);
INSERT INTO art_ping.project_employee VALUES ('b1371475-1772-410d-bcd3-ec4dca91c2d3', 'c9c5b771-38fb-442d-a82f-a4631bed019c', 'e02699a0-c6d4-4f00-9911-eecb65eb6853', false);
INSERT INTO art_ping.project_employee VALUES ('68be72b6-86fc-4070-bdc6-df955a47e857', 'c9c5b771-38fb-442d-a82f-a4631bed019c', '6af70ce3-be0a-4b67-90f8-5d03b9250dff', false);
INSERT INTO art_ping.project_employee VALUES ('bc2de9a4-c6f5-4fb9-948b-362c6435f888', 'c9c5b771-38fb-442d-a82f-a4631bed019c', '91108f67-ae35-453a-8da8-be80cd5998ed', false);
INSERT INTO art_ping.project_employee VALUES ('c1bc0edc-a312-4692-9072-567090d1f270', 'c9c5b771-38fb-442d-a82f-a4631bed019c', '66e5f9ba-af58-4ecb-920b-b052072af89b', false);
INSERT INTO art_ping.project VALUES ('e96b7a6f-552a-44ab-bd37-0d8267f817db', 'project302', true);
INSERT INTO art_ping.project_employee VALUES ('7e1b8444-a299-4a8c-9da7-89a3df48b5d8', 'e96b7a6f-552a-44ab-bd37-0d8267f817db', '96bfe1b1-0a7b-4aad-a8a7-692be088f174', false);
INSERT INTO art_ping.project_employee VALUES ('761d2b28-f380-4d2c-a459-e424fd1736e4', 'e96b7a6f-552a-44ab-bd37-0d8267f817db', 'a689a178-8e09-484d-8557-eb38c226482b', false);
INSERT INTO art_ping.project_employee VALUES ('7a4cb4e1-2c4c-4acd-a5a3-d986de7cd64c', 'e96b7a6f-552a-44ab-bd37-0d8267f817db', 'e244ae14-7e73-4465-8068-62da4a118288', false);
INSERT INTO art_ping.project_employee VALUES ('c07cb147-b446-46b9-a775-444c01984114', 'e96b7a6f-552a-44ab-bd37-0d8267f817db', 'b70cb7b9-8833-4606-8d56-867a01e2c56c', false);
INSERT INTO art_ping.project_employee VALUES ('411fb1e3-2812-4245-bb20-56493029899d', 'e96b7a6f-552a-44ab-bd37-0d8267f817db', '00dbc004-e522-4e71-953d-dc682428df46', false);
INSERT INTO art_ping.project_employee VALUES ('9a58e22c-bf62-4d52-9239-3ed01b1a4f7a', 'e96b7a6f-552a-44ab-bd37-0d8267f817db', '40e34d7c-93aa-4eab-b373-5b649e14430a', false);
INSERT INTO art_ping.project_employee VALUES ('2db43344-c828-48ab-b7b1-e8884d87e24b', 'e96b7a6f-552a-44ab-bd37-0d8267f817db', '8ee9d0a5-7f50-4594-b33b-4f443e534c73', false);
INSERT INTO art_ping.project VALUES ('00b3a52f-93d9-4fa8-91bf-2d338327d8c2', 'project303', true);
INSERT INTO art_ping.project_employee VALUES ('4539b90e-2649-4077-8094-afe23ed9c276', '00b3a52f-93d9-4fa8-91bf-2d338327d8c2', '1d33ab56-e783-4cbc-8752-7dfa72ae233b', false);
INSERT INTO art_ping.project_employee VALUES ('d0f9605b-f130-4371-b612-ecaa3367e783', '00b3a52f-93d9-4fa8-91bf-2d338327d8c2', 'fdf077b8-75a9-47da-bc22-063a2dcb42d6', false);
INSERT INTO art_ping.project_employee VALUES ('b004bc40-4827-415d-93b1-6327c83e8f69', '00b3a52f-93d9-4fa8-91bf-2d338327d8c2', '33dfdf17-ad6b-4f18-9ce2-d1fce01adf7e', false);
INSERT INTO art_ping.project_employee VALUES ('4b1a5ca8-90f7-464f-b47f-2ec46225632b', '00b3a52f-93d9-4fa8-91bf-2d338327d8c2', '93caefdf-d11f-498f-9939-acfa4f238b68', false);
INSERT INTO art_ping.project_employee VALUES ('9f627275-0365-4bc6-b748-c79a45c6e95f', '00b3a52f-93d9-4fa8-91bf-2d338327d8c2', 'f4db3270-810e-4611-a75e-8e055a8e8784', false);
INSERT INTO art_ping.project_employee VALUES ('c3094f71-aa37-40cf-96e9-4be66e133873', '00b3a52f-93d9-4fa8-91bf-2d338327d8c2', '31f7f66a-2a9a-4a53-8786-588f3c37f782', false);
INSERT INTO art_ping.project_employee VALUES ('99f74112-5198-495f-99ad-6adecd18b3c2', '00b3a52f-93d9-4fa8-91bf-2d338327d8c2', 'b778b2cc-ca73-4f95-8b90-6e7ac3507fec', false);
INSERT INTO art_ping.project_employee VALUES ('ab3ed5e6-6307-4960-9f50-938f366cb3ec', '00b3a52f-93d9-4fa8-91bf-2d338327d8c2', '7da4e3d4-baa4-43cf-8f8d-b2e0c29145ab', false);
INSERT INTO art_ping.project_employee VALUES ('da670434-d62a-4507-902e-9e614402a729', '00b3a52f-93d9-4fa8-91bf-2d338327d8c2', '07414a26-6230-43e1-b495-bc1baa4a99ae', false);
INSERT INTO art_ping.project_employee VALUES ('77225f29-8622-4f5d-bcc0-b990d4f5f908', '00b3a52f-93d9-4fa8-91bf-2d338327d8c2', 'a6f8a1b3-622f-4196-8dea-9dde2fdec79c', false);
INSERT INTO art_ping.project_employee VALUES ('4d86cde8-6cd1-4678-9d29-e72f9de549db', '00b3a52f-93d9-4fa8-91bf-2d338327d8c2', 'ae0a4142-3fb8-41c4-a80a-56ad29240937', false);
INSERT INTO art_ping.project_employee VALUES ('c41b34b1-4f0e-445b-a2ad-10350389865e', '00b3a52f-93d9-4fa8-91bf-2d338327d8c2', '09ca6ecb-a2ec-4bba-ab23-105b683004ba', false);
INSERT INTO art_ping.project_employee VALUES ('73858e2c-62a8-4219-874d-973d27a6c0a3', '00b3a52f-93d9-4fa8-91bf-2d338327d8c2', 'ecba32ef-e3b9-4f48-b96a-d2f81f777fbb', false);
INSERT INTO art_ping.project_employee VALUES ('37cd60c6-aae5-4d5b-81e5-54861cc95def', '00b3a52f-93d9-4fa8-91bf-2d338327d8c2', 'd8d8b297-a19d-4be5-8981-07f78b84e6e2', false);
INSERT INTO art_ping.project_employee VALUES ('7e558181-5d81-4f29-b134-09872ba50693', '00b3a52f-93d9-4fa8-91bf-2d338327d8c2', '1c318b7f-c458-40ae-b54a-bc48195c94cb', false);
INSERT INTO art_ping.project_employee VALUES ('13f6a206-71e1-47cc-b75e-9b22b5f7a00b', '00b3a52f-93d9-4fa8-91bf-2d338327d8c2', '757c6849-14ed-4cf4-82f8-f2693e708222', false);
INSERT INTO art_ping.project_employee VALUES ('64077d7a-16ad-4a94-9fbd-2623f3f0f248', '00b3a52f-93d9-4fa8-91bf-2d338327d8c2', '933b5c28-e1a9-4a5d-8fa2-f4c7b9d1084d', false);
INSERT INTO art_ping.project_employee VALUES ('fafe5fe7-c635-48a5-834f-083b2d47e0e9', '00b3a52f-93d9-4fa8-91bf-2d338327d8c2', 'ad128cfd-07db-4120-8966-1b8f5eb8c861', false);
INSERT INTO art_ping.project_employee VALUES ('721ac0e1-8f3d-46dc-8f48-5c38e14a68f9', '00b3a52f-93d9-4fa8-91bf-2d338327d8c2', '506c90be-9047-4868-9f58-4d30d43c5cd4', false);
INSERT INTO art_ping.project VALUES ('41cc6f21-6ebd-48ce-af9c-5a01792b3428', 'project304', true);
INSERT INTO art_ping.project_employee VALUES ('5a41ca7e-5f91-4f9c-b6d7-a010eb511e50', '41cc6f21-6ebd-48ce-af9c-5a01792b3428', '96bfe1b1-0a7b-4aad-a8a7-692be088f174', false);
INSERT INTO art_ping.project_employee VALUES ('220b145b-6020-49dc-b78f-9f45a33179c9', '41cc6f21-6ebd-48ce-af9c-5a01792b3428', '4242e906-afdd-451d-828a-ce35ca2d9931', false);
INSERT INTO art_ping.project_employee VALUES ('3ff748e7-e473-4319-b0c9-172d69b36fc8', '41cc6f21-6ebd-48ce-af9c-5a01792b3428', '13a53fc3-1c04-431b-a501-34dbf0dfa565', false);
INSERT INTO art_ping.project_employee VALUES ('b0642412-eced-41de-8a59-9c088dd6d7aa', '41cc6f21-6ebd-48ce-af9c-5a01792b3428', 'e06d78cf-3c49-42e0-a416-7ee0c3a21be7', false);
INSERT INTO art_ping.project_employee VALUES ('7ed95f50-a037-452f-9453-7be053e45a88', '41cc6f21-6ebd-48ce-af9c-5a01792b3428', 'bfce59ea-ee35-429a-8f21-43a5b18b601d', false);
INSERT INTO art_ping.project VALUES ('06c8bbef-428a-4fe0-bb64-3e54dc87f451', 'project305', true);
INSERT INTO art_ping.project_employee VALUES ('e81e28cf-d1d3-4fc2-80d1-9877d538b9c8', '06c8bbef-428a-4fe0-bb64-3e54dc87f451', '31fecfd7-9f48-418a-a757-9b8087966af9', false);
INSERT INTO art_ping.project_employee VALUES ('65b598f8-7300-498c-9efd-70c253007b56', '06c8bbef-428a-4fe0-bb64-3e54dc87f451', '362a1a04-3bc4-4f14-8010-0c35a9dbc0fb', false);
INSERT INTO art_ping.project_employee VALUES ('4e3485f5-46c8-4810-92f0-c19afd1f44ac', '06c8bbef-428a-4fe0-bb64-3e54dc87f451', '004faa79-f42b-4f41-8bca-6c70dab97ec7', false);
INSERT INTO art_ping.project_employee VALUES ('cd2c9be6-0b5b-4b01-9791-807c90efc880', '06c8bbef-428a-4fe0-bb64-3e54dc87f451', 'df693f88-209f-42b6-926e-457b8aeb2af9', false);
INSERT INTO art_ping.project_employee VALUES ('cb6394a5-5028-4f77-8bed-430e3fc99ee4', '06c8bbef-428a-4fe0-bb64-3e54dc87f451', '80031c24-f767-4e50-83eb-919faa0ff8f5', false);
INSERT INTO art_ping.project_employee VALUES ('83643476-50d2-4d50-8577-9e5c07c87384', '06c8bbef-428a-4fe0-bb64-3e54dc87f451', 'fe1d5557-c995-4cc6-8a60-5d8bd0b2bdde', false);
INSERT INTO art_ping.project_employee VALUES ('a9bb7f1f-3694-4ee9-9455-5019873e584c', '06c8bbef-428a-4fe0-bb64-3e54dc87f451', 'a9d41662-5fbc-48d6-af6d-70bd1ccbf684', false);
INSERT INTO art_ping.project_employee VALUES ('6db0b102-0196-4f7d-a580-d5a95b506be5', '06c8bbef-428a-4fe0-bb64-3e54dc87f451', '4e444732-bfa8-4437-9e90-b12b405cddba', false);
INSERT INTO art_ping.project_employee VALUES ('c4288d6f-a104-4c88-964d-1f31395b3627', '06c8bbef-428a-4fe0-bb64-3e54dc87f451', '0102be80-9dbd-4f3b-a044-a315c9de6c8b', false);
INSERT INTO art_ping.project_employee VALUES ('24bf1c57-3071-4f91-8673-e436035ef680', '06c8bbef-428a-4fe0-bb64-3e54dc87f451', '2a2af232-b498-4a4b-9603-c749f89df339', false);
INSERT INTO art_ping.project_employee VALUES ('353a2fe1-77b4-449b-82c5-c3cde5581c08', '06c8bbef-428a-4fe0-bb64-3e54dc87f451', 'fc80d3d5-13f2-4802-9d0f-ed66529758da', false);
INSERT INTO art_ping.project_employee VALUES ('a9ed0467-1d1e-4921-974f-2fd22a59f136', '06c8bbef-428a-4fe0-bb64-3e54dc87f451', '750e6c14-3132-4292-bdc3-182c1b18373e', false);
INSERT INTO art_ping.project_employee VALUES ('a310dcd6-a94c-4ff1-afcc-e87e7a319a0d', '06c8bbef-428a-4fe0-bb64-3e54dc87f451', 'b43ed1de-1c6f-425c-aa24-f141c753bd1e', false);
INSERT INTO art_ping.project_employee VALUES ('3cc1b1f4-79c8-4cab-b993-18ab6c41c377', '06c8bbef-428a-4fe0-bb64-3e54dc87f451', '308ced5a-35ab-483f-ad1d-b705e7d67578', false);
INSERT INTO art_ping.project_employee VALUES ('ab6a63f9-bbd6-4808-b412-7f52edc69d25', '06c8bbef-428a-4fe0-bb64-3e54dc87f451', 'b70cb7b9-8833-4606-8d56-867a01e2c56c', false);
INSERT INTO art_ping.project_employee VALUES ('ebdd9638-c2f3-4dcf-b5ad-c2d750f31926', '06c8bbef-428a-4fe0-bb64-3e54dc87f451', 'df1ea017-7893-474e-8b65-fe38cbadedcf', false);
INSERT INTO art_ping.project_employee VALUES ('f7171a81-da60-48ed-8c95-0ec71f73ca21', '06c8bbef-428a-4fe0-bb64-3e54dc87f451', 'bd5f4072-4756-47cd-8cdd-b3863b8a3be4', false);
INSERT INTO art_ping.project VALUES ('9fb6cce5-e1ec-4030-88e0-d567934efe40', 'project306', true);
INSERT INTO art_ping.project_employee VALUES ('a2b8ca44-db13-4075-9b2a-b193f2bef4e7', '9fb6cce5-e1ec-4030-88e0-d567934efe40', 'c87d7ac2-9439-45f3-b83f-350db105adf3', false);
INSERT INTO art_ping.project_employee VALUES ('f0378404-bbf2-4b72-a725-b65f900cb196', '9fb6cce5-e1ec-4030-88e0-d567934efe40', '9e118fb6-b144-47c7-8bb9-3a2a80d66630', false);
INSERT INTO art_ping.project_employee VALUES ('d1486d1a-f9ae-4017-a88c-5e7c6e1f015c', '9fb6cce5-e1ec-4030-88e0-d567934efe40', '4e877079-8463-403d-8b7f-aabde8b63d16', false);
INSERT INTO art_ping.project_employee VALUES ('ea9efb01-ff65-41f4-87de-ceae81e980fd', '9fb6cce5-e1ec-4030-88e0-d567934efe40', '80a00422-f9d7-4880-9c8e-9945236e1624', false);
INSERT INTO art_ping.project_employee VALUES ('76075b72-33cf-4fe4-9fa2-2804d6601c16', '9fb6cce5-e1ec-4030-88e0-d567934efe40', 'ff254c8a-c3a5-46f1-a717-c55e3c5e8680', false);
INSERT INTO art_ping.project VALUES ('45d78e2c-0b36-4a0d-99fe-41a6115557ad', 'project307', true);
INSERT INTO art_ping.project_employee VALUES ('f8a51763-d7f9-434a-bb09-b57748362a83', '45d78e2c-0b36-4a0d-99fe-41a6115557ad', '28c10195-2f73-4e00-a084-01c1897cd8c2', false);
INSERT INTO art_ping.project_employee VALUES ('3d9578d0-ed9d-4875-b3c4-094877cf1a8b', '45d78e2c-0b36-4a0d-99fe-41a6115557ad', 'f127662b-6eb0-47af-ab37-589932ceb498', false);
INSERT INTO art_ping.project_employee VALUES ('28ca573b-c77e-4add-876c-722222bad671', '45d78e2c-0b36-4a0d-99fe-41a6115557ad', 'dbd21d63-aa76-4583-883f-ce6246f7aa59', false);
INSERT INTO art_ping.project_employee VALUES ('4d3617ea-98e1-4777-bdb7-9453e523a7d2', '45d78e2c-0b36-4a0d-99fe-41a6115557ad', '86cf0bff-1a68-488a-8295-4222969a3ffb', false);
INSERT INTO art_ping.project_employee VALUES ('c47b3eb7-3036-40a9-8baa-feb925bba348', '45d78e2c-0b36-4a0d-99fe-41a6115557ad', '0dbb3ff9-9ae1-49a8-8ce5-2b6d64e79cbd', false);
INSERT INTO art_ping.project_employee VALUES ('d47e6a09-1b64-4ed6-869e-abb3f4100bf5', '45d78e2c-0b36-4a0d-99fe-41a6115557ad', '0492f9c5-0b23-46c3-a435-691547b39086', false);
INSERT INTO art_ping.project_employee VALUES ('b452d930-1007-4ed9-a790-dd832bf2a35c', '45d78e2c-0b36-4a0d-99fe-41a6115557ad', 'd596710b-013b-4530-be15-d54f42933ca0', false);
INSERT INTO art_ping.project_employee VALUES ('cace82bd-2f59-4bed-a63d-48efa1cd1e83', '45d78e2c-0b36-4a0d-99fe-41a6115557ad', '54522081-3d96-489e-9741-7d931f7a5ec9', false);
INSERT INTO art_ping.project_employee VALUES ('e89ce18d-973f-4f20-8a55-cb9246411bf4', '45d78e2c-0b36-4a0d-99fe-41a6115557ad', 'fde5fdd7-8bbd-446b-a01f-b2b4978514a3', false);
INSERT INTO art_ping.project_employee VALUES ('b86fa6e6-e827-43e1-b617-9de91b513658', '45d78e2c-0b36-4a0d-99fe-41a6115557ad', '39837db2-6091-44d6-8a0e-351350a14453', false);
INSERT INTO art_ping.project_employee VALUES ('350a7cbe-157f-4cdd-a23c-3412339a208d', '45d78e2c-0b36-4a0d-99fe-41a6115557ad', 'c80079ca-8fc0-40ef-8442-c71268c93503', false);
INSERT INTO art_ping.project_employee VALUES ('2676ea8b-f05b-47b9-82d2-f6a1dbbfb30e', '45d78e2c-0b36-4a0d-99fe-41a6115557ad', '3be25b04-dc02-490e-bc1d-1a68adc1fe5f', false);
INSERT INTO art_ping.project_employee VALUES ('8a30f3e0-f58d-4d12-b8b7-78c94342df69', '45d78e2c-0b36-4a0d-99fe-41a6115557ad', 'bc0fcf18-417f-470c-bb5b-075ee1ab870f', false);
INSERT INTO art_ping.project VALUES ('d214b4ab-a73d-48fe-adec-2bc4633197ce', 'project308', true);
INSERT INTO art_ping.project_employee VALUES ('5030cd5e-7c62-487a-86bb-164f959366c4', 'd214b4ab-a73d-48fe-adec-2bc4633197ce', '009733eb-8522-45ab-b5ec-0144d9658abc', false);
INSERT INTO art_ping.project_employee VALUES ('97c08baa-0c75-4b9f-99ae-7d714a876efd', 'd214b4ab-a73d-48fe-adec-2bc4633197ce', '515b00bb-3a1a-4c42-9349-ba7e5577b69d', false);
INSERT INTO art_ping.project_employee VALUES ('13ee4787-fd72-49e1-86c3-a92c97b10519', 'd214b4ab-a73d-48fe-adec-2bc4633197ce', 'fdcb8726-41c4-4ce5-8310-f8cbbc5216fe', false);
INSERT INTO art_ping.project_employee VALUES ('7d4db54f-64c7-49f6-b03c-448d4aedda39', 'd214b4ab-a73d-48fe-adec-2bc4633197ce', 'f127662b-6eb0-47af-ab37-589932ceb498', false);
INSERT INTO art_ping.project_employee VALUES ('484f5d05-e28e-4ae3-af39-43f605c883bf', 'd214b4ab-a73d-48fe-adec-2bc4633197ce', 'e4bd53af-629a-470c-b62f-59cec1997074', false);
INSERT INTO art_ping.project_employee VALUES ('1e2cf59f-f2b6-4b71-b55c-483a24d9522c', 'd214b4ab-a73d-48fe-adec-2bc4633197ce', '4c4a348d-fd13-47ff-84c6-591e8868d798', false);
INSERT INTO art_ping.project_employee VALUES ('b060fc01-bc09-40e8-8798-f4b0ab68d168', 'd214b4ab-a73d-48fe-adec-2bc4633197ce', '87d80911-91e5-44ff-977f-6c6720cd4d13', false);
INSERT INTO art_ping.project_employee VALUES ('7d5057ff-8b3b-4193-9570-76710944a565', 'd214b4ab-a73d-48fe-adec-2bc4633197ce', 'd1837d6b-5509-42b4-a68a-ada499a1db9c', false);
INSERT INTO art_ping.project_employee VALUES ('c0a2f6ce-d9ce-4d43-830e-646e33b42e29', 'd214b4ab-a73d-48fe-adec-2bc4633197ce', 'c65c9dc4-e47e-4ab0-b4ea-9762e95d0a50', false);
INSERT INTO art_ping.project_employee VALUES ('6cc1efca-9922-47d5-b7bb-e44919277bf0', 'd214b4ab-a73d-48fe-adec-2bc4633197ce', '63cce113-d103-45a1-8092-d837413e8f5d', false);
INSERT INTO art_ping.project_employee VALUES ('5e0bdcbf-8ffa-437d-9fca-d6a2dec8131c', 'd214b4ab-a73d-48fe-adec-2bc4633197ce', 'f30ccc1b-32f2-4870-b7b6-62245b2bfd2b', false);
INSERT INTO art_ping.project_employee VALUES ('f92ee2d9-b48e-476b-ba25-67c3b9289d9f', 'd214b4ab-a73d-48fe-adec-2bc4633197ce', 'ff815e1a-552a-4b9e-bb37-738ff0b16e61', false);
INSERT INTO art_ping.project_employee VALUES ('d3831774-00ac-40d4-8b02-69673312ec73', 'd214b4ab-a73d-48fe-adec-2bc4633197ce', '57c9a6f6-2544-456e-9146-9ae136ae6298', false);
INSERT INTO art_ping.project_employee VALUES ('dfa10a94-8ede-478a-9c3a-1c04e37d8f3e', 'd214b4ab-a73d-48fe-adec-2bc4633197ce', '484d8b7f-a858-49e0-88a5-9e45a14c5cd4', false);
INSERT INTO art_ping.project VALUES ('4e8d93b2-33ea-4230-ac80-d4d04b76f3ea', 'project309', true);
INSERT INTO art_ping.project_employee VALUES ('a3b7d3ee-ba25-4629-84e7-4e68049f5a3e', '4e8d93b2-33ea-4230-ac80-d4d04b76f3ea', '8f63c6e9-51e8-4f0f-a373-734a128ab4c1', false);
INSERT INTO art_ping.project_employee VALUES ('05946534-9135-402b-9493-42e1abc97499', '4e8d93b2-33ea-4230-ac80-d4d04b76f3ea', 'b41a2ef2-3d6c-4087-ae26-451f83c475fa', false);
INSERT INTO art_ping.project_employee VALUES ('2fd18099-3ec2-4b3f-ba22-fb464f1019e6', '4e8d93b2-33ea-4230-ac80-d4d04b76f3ea', 'e5e3df29-b6ee-459b-ae9d-e725b68bbafb', false);
INSERT INTO art_ping.project_employee VALUES ('6dd44f91-84d0-4e56-a1dc-41898dc80bb3', '4e8d93b2-33ea-4230-ac80-d4d04b76f3ea', '3b2a40d0-1670-4a18-940d-bd37a4123361', false);
INSERT INTO art_ping.project_employee VALUES ('bee89cc6-e92f-408f-aa68-0e337ce1205a', '4e8d93b2-33ea-4230-ac80-d4d04b76f3ea', '57d5315d-1c9e-4c4b-9a35-af13051cd6a7', false);
INSERT INTO art_ping.project_employee VALUES ('b2ae3612-c095-4aea-9c3e-893b942db233', '4e8d93b2-33ea-4230-ac80-d4d04b76f3ea', '80031c24-f767-4e50-83eb-919faa0ff8f5', false);
INSERT INTO art_ping.project_employee VALUES ('f2a83816-749a-4278-b5ed-fc6295806568', '4e8d93b2-33ea-4230-ac80-d4d04b76f3ea', '71f59a84-36b5-44a6-a9ff-2432d046da1b', false);
INSERT INTO art_ping.project_employee VALUES ('b0e33021-f7be-4382-baca-b9d4f144abac', '4e8d93b2-33ea-4230-ac80-d4d04b76f3ea', '07414a26-6230-43e1-b495-bc1baa4a99ae', false);
INSERT INTO art_ping.project_employee VALUES ('45c273d6-3330-4997-a7b2-1703e9101fa5', '4e8d93b2-33ea-4230-ac80-d4d04b76f3ea', '6af70ce3-be0a-4b67-90f8-5d03b9250dff', false);
INSERT INTO art_ping.project_employee VALUES ('6afd6fcc-3707-433f-b129-b6029ea5965b', '4e8d93b2-33ea-4230-ac80-d4d04b76f3ea', '18b42934-149a-4696-9c71-76c8ce5b59d5', false);
INSERT INTO art_ping.project_employee VALUES ('6c14565b-c547-47cb-aa1a-cc776562b135', '4e8d93b2-33ea-4230-ac80-d4d04b76f3ea', 'd35a0470-b546-4205-8307-5d54da61b18d', false);
INSERT INTO art_ping.project VALUES ('94f04d60-fa8c-48e8-9460-16a019b94957', 'project310', true);
INSERT INTO art_ping.project_employee VALUES ('46095272-5608-41df-9b7c-6bc5f87909c8', '94f04d60-fa8c-48e8-9460-16a019b94957', '19a66dc2-080d-4711-abe3-a97cbda9803b', false);
INSERT INTO art_ping.project_employee VALUES ('c921a74f-d194-4e14-845f-efb177d49c96', '94f04d60-fa8c-48e8-9460-16a019b94957', '3811cc7b-c6c2-437d-b64b-9afb49d8ad8d', false);
INSERT INTO art_ping.project_employee VALUES ('c0978a3a-cbfc-4c17-a5d4-3c3cd75422de', '94f04d60-fa8c-48e8-9460-16a019b94957', 'ef7966d0-b3aa-4f46-a659-7441d0f1c60f', false);
INSERT INTO art_ping.project_employee VALUES ('f0d6a3d2-719d-4370-be11-c7ff7c4de8f7', '94f04d60-fa8c-48e8-9460-16a019b94957', '5ecc3fa5-74a8-4f71-ae5b-81df6c8f9e6a', false);
INSERT INTO art_ping.project_employee VALUES ('8268b14f-5b53-4113-8f50-8db91f6485f0', '94f04d60-fa8c-48e8-9460-16a019b94957', '3b1768cf-f553-412f-add8-519afa8d587a', false);
INSERT INTO art_ping.project_employee VALUES ('16c20649-98ed-4335-9738-19fa40dd64ef', '94f04d60-fa8c-48e8-9460-16a019b94957', '52cf7dca-8a89-4675-8cca-ca319a24bc04', false);
INSERT INTO art_ping.project_employee VALUES ('4e38e14a-00ec-4f72-ad5f-456f901527b7', '94f04d60-fa8c-48e8-9460-16a019b94957', '55743fe3-5eb2-4bcb-a294-96956680a9f5', false);
INSERT INTO art_ping.project_employee VALUES ('c235e9cc-4619-4d0b-9c50-5a3fcafd9d77', '94f04d60-fa8c-48e8-9460-16a019b94957', '51354a6d-189b-4def-9c2e-83d47695307a', false);
INSERT INTO art_ping.project_employee VALUES ('110fe541-3ce2-4475-b154-83dc0c571085', '94f04d60-fa8c-48e8-9460-16a019b94957', '720c96be-e9a2-427b-9798-a2875c823a86', false);
INSERT INTO art_ping.project_employee VALUES ('873d5b98-5c23-4176-97bd-9a44b6c6eabc', '94f04d60-fa8c-48e8-9460-16a019b94957', '735a9cac-c943-4560-99a5-c2778ed36806', false);
INSERT INTO art_ping.project_employee VALUES ('95c735ae-2bef-469a-9b92-1e779e56172b', '94f04d60-fa8c-48e8-9460-16a019b94957', '47ce1e37-e6ee-4e8d-9de8-6d2ee8835dcf', false);
INSERT INTO art_ping.project_employee VALUES ('86e1801f-ee25-4bf3-8219-2ccf99b67a3a', '94f04d60-fa8c-48e8-9460-16a019b94957', 'ae2b42a2-d149-411e-814b-0edded87714b', false);
INSERT INTO art_ping.project_employee VALUES ('e0f0d7f1-6104-48e8-bc82-e2ae349af5f9', '94f04d60-fa8c-48e8-9460-16a019b94957', 'c8198693-c3cc-4a19-b024-f19d1b89733b', false);
INSERT INTO art_ping.project VALUES ('7c344be4-34b5-4a21-972f-0a3518acab31', 'project311', true);
INSERT INTO art_ping.project_employee VALUES ('50450a2c-5067-487b-a642-60f7903aa836', '7c344be4-34b5-4a21-972f-0a3518acab31', '507da374-840a-4ddb-8aa6-98fb673152ec', false);
INSERT INTO art_ping.project_employee VALUES ('f9800c3d-ea77-4710-9aae-7caf8eaa9f46', '7c344be4-34b5-4a21-972f-0a3518acab31', '56e9ab80-35f9-4034-8592-52a50a03a121', false);
INSERT INTO art_ping.project_employee VALUES ('032629e7-6ee3-4492-adf7-c79373ae53d6', '7c344be4-34b5-4a21-972f-0a3518acab31', 'bd32c8d1-6aef-441b-bbb2-0bda4758f204', false);
INSERT INTO art_ping.project_employee VALUES ('e368df42-1792-49ef-9f42-2e8c1d073a0a', '7c344be4-34b5-4a21-972f-0a3518acab31', '1fc0efd8-3a62-489a-9f69-9c44b6e225a4', false);
INSERT INTO art_ping.project_employee VALUES ('2cb22841-b8e0-4261-9c0d-f3f5668dd728', '7c344be4-34b5-4a21-972f-0a3518acab31', '3fc44eaa-159e-4a3b-9c82-65fc88092e3b', false);
INSERT INTO art_ping.project_employee VALUES ('df9ee0d5-be57-4821-85c1-3f3eaf289a8a', '7c344be4-34b5-4a21-972f-0a3518acab31', 'a6f8a1b3-622f-4196-8dea-9dde2fdec79c', false);
INSERT INTO art_ping.project_employee VALUES ('42e4f3d2-7082-424c-8032-de2e8ef7ac03', '7c344be4-34b5-4a21-972f-0a3518acab31', '3f1b841e-e693-48dd-ad6c-ac8bf19e40ce', false);
INSERT INTO art_ping.project VALUES ('119898a2-bb8a-4373-b53e-8978d0a0f972', 'project312', true);
INSERT INTO art_ping.project_employee VALUES ('38527685-0932-453d-a425-c9f067fc2e57', '119898a2-bb8a-4373-b53e-8978d0a0f972', 'b8057b88-4972-4f3c-8d60-b2820094783d', false);
INSERT INTO art_ping.project_employee VALUES ('d54ee6fe-4045-4352-b6f1-3882d6978b57', '119898a2-bb8a-4373-b53e-8978d0a0f972', '2702af20-e90e-4f75-9325-a90528f21be1', false);
INSERT INTO art_ping.project_employee VALUES ('bf714260-f9e1-499e-8e71-917f3459bc65', '119898a2-bb8a-4373-b53e-8978d0a0f972', 'ce2fcf8b-9221-4c2e-b4f5-a4a8d891af42', false);
INSERT INTO art_ping.project_employee VALUES ('3bcaed57-92e4-4cfb-a3f8-c20d154ed7b1', '119898a2-bb8a-4373-b53e-8978d0a0f972', '0ef87a64-d84c-423a-b727-7f198f0a7d18', false);
INSERT INTO art_ping.project_employee VALUES ('48dca0f3-db2c-4ee8-91d4-7ee8d03816ad', '119898a2-bb8a-4373-b53e-8978d0a0f972', 'ee6e51f7-4879-4bc5-a8b5-e38b8f0eebe1', false);
INSERT INTO art_ping.project_employee VALUES ('cd20c5fc-0529-4f0f-88fb-8e9807d40e47', '119898a2-bb8a-4373-b53e-8978d0a0f972', 'e93ce43a-a49f-4a1b-a03f-e68946c96bb9', false);
INSERT INTO art_ping.project_employee VALUES ('e1d791fa-2e52-4168-a925-e3ca79139d98', '119898a2-bb8a-4373-b53e-8978d0a0f972', '6f72e149-282d-4937-90ea-ff1fd12e9bed', false);
INSERT INTO art_ping.project_employee VALUES ('d810138e-9a95-4d46-87ae-34aa34ff8263', '119898a2-bb8a-4373-b53e-8978d0a0f972', '1fc0efd8-3a62-489a-9f69-9c44b6e225a4', false);
INSERT INTO art_ping.project_employee VALUES ('2fed107b-7be3-45b3-bc6f-fcd60a1f2b08', '119898a2-bb8a-4373-b53e-8978d0a0f972', 'a9500db5-d6b9-46ea-b8e3-36d36c2fb663', false);
INSERT INTO art_ping.project_employee VALUES ('ccf2601a-c05d-4a16-9eae-cfa29316b32a', '119898a2-bb8a-4373-b53e-8978d0a0f972', 'a96fd4f7-d900-4b9b-89e2-d2b9600bee29', false);
INSERT INTO art_ping.project_employee VALUES ('2b8c4349-8669-4ef2-bfa4-dae3f6e32b1f', '119898a2-bb8a-4373-b53e-8978d0a0f972', 'b8d59533-9f55-4532-a791-b913d6399661', false);
INSERT INTO art_ping.project_employee VALUES ('13d1a51c-8220-4350-b9c1-ca286d3947f3', '119898a2-bb8a-4373-b53e-8978d0a0f972', 'e2b5b5af-bea7-4210-8c26-9fdbf97d7207', false);
INSERT INTO art_ping.project_employee VALUES ('6705c5d6-a6c6-44b5-9c11-05c0ce1d6727', '119898a2-bb8a-4373-b53e-8978d0a0f972', 'd674ff13-5a99-46e3-81cc-8147d08e9c8a', false);
INSERT INTO art_ping.project_employee VALUES ('3e05da97-8b9d-4c36-9924-a12cd768b3dd', '119898a2-bb8a-4373-b53e-8978d0a0f972', 'ffa02c36-60d5-4eae-908b-67f7dafe0a46', false);
INSERT INTO art_ping.project_employee VALUES ('4e036b48-a007-47c0-ae75-63a4726534f7', '119898a2-bb8a-4373-b53e-8978d0a0f972', '13462e56-1fb5-4ebf-bd36-0bf0a91515b9', false);
INSERT INTO art_ping.project_employee VALUES ('cba648dd-2948-49d1-9a81-aaee909b283b', '119898a2-bb8a-4373-b53e-8978d0a0f972', 'c1c408a4-5c48-45b6-acee-bab5fb93950a', false);
INSERT INTO art_ping.project_employee VALUES ('5c940fb9-eb72-4a4a-9615-8117bb7ecd82', '119898a2-bb8a-4373-b53e-8978d0a0f972', '25937bae-8f8e-4ddc-a714-3e74c80fc42d', false);
INSERT INTO art_ping.project_employee VALUES ('bfbb5102-b4e9-4097-bf8f-ec81f668669d', '119898a2-bb8a-4373-b53e-8978d0a0f972', '506c90be-9047-4868-9f58-4d30d43c5cd4', false);
INSERT INTO art_ping.project_employee VALUES ('f3fa62a7-eaa1-4445-aa84-13f79f648965', '119898a2-bb8a-4373-b53e-8978d0a0f972', '7461a4f0-99f3-4237-92a6-1b7e459a9325', false);
INSERT INTO art_ping.project VALUES ('6704eccb-7d12-418c-b1d1-4226bb5ddc52', 'project313', true);
INSERT INTO art_ping.project_employee VALUES ('bef52b1c-be53-4e35-9310-56a57fa830df', '6704eccb-7d12-418c-b1d1-4226bb5ddc52', '6a03c35a-cf52-4329-8505-46f823de9e34', false);
INSERT INTO art_ping.project_employee VALUES ('3bd341de-a493-4c1a-b854-ccbf44717a14', '6704eccb-7d12-418c-b1d1-4226bb5ddc52', 'ccad329c-10c6-4578-a85d-415575b47d16', false);
INSERT INTO art_ping.project_employee VALUES ('4dfb2381-91e7-4a24-a0ab-462cc8813f2b', '6704eccb-7d12-418c-b1d1-4226bb5ddc52', 'd24fad58-5692-48dc-bb9a-c2e6e6751114', false);
INSERT INTO art_ping.project_employee VALUES ('9ba62f01-1fe3-475c-8d00-37b6b2acd16e', '6704eccb-7d12-418c-b1d1-4226bb5ddc52', 'a91576d9-95f7-42f0-96c2-8d86fbc31bb8', false);
INSERT INTO art_ping.project_employee VALUES ('1a728799-0027-4600-9bd9-2bc32c37dc16', '6704eccb-7d12-418c-b1d1-4226bb5ddc52', '73e42f0e-569c-40be-9cc5-6b9141e09634', false);
INSERT INTO art_ping.project_employee VALUES ('c296b436-c5a8-4410-918f-0bc087e7d2e5', '6704eccb-7d12-418c-b1d1-4226bb5ddc52', '40e34d7c-93aa-4eab-b373-5b649e14430a', false);
INSERT INTO art_ping.project_employee VALUES ('43ee5c4f-734a-4fd8-90ca-0149506c1704', '6704eccb-7d12-418c-b1d1-4226bb5ddc52', 'd1837d6b-5509-42b4-a68a-ada499a1db9c', false);
INSERT INTO art_ping.project_employee VALUES ('fecfe828-70c8-46c0-b007-613fe30d5260', '6704eccb-7d12-418c-b1d1-4226bb5ddc52', '62becc2a-b2e8-4c91-a5ba-31e279a16d9c', false);
INSERT INTO art_ping.project_employee VALUES ('0e27b30c-cfa4-4d5a-80fc-6f4159da7c08', '6704eccb-7d12-418c-b1d1-4226bb5ddc52', '18b42934-149a-4696-9c71-76c8ce5b59d5', false);
INSERT INTO art_ping.project_employee VALUES ('1527aa64-6141-405d-88aa-560f02fa62dc', '6704eccb-7d12-418c-b1d1-4226bb5ddc52', 'e29c42aa-1923-468d-92cc-6543541d65c6', false);
INSERT INTO art_ping.project_employee VALUES ('879a1622-ec34-4080-8c1a-b038525a5f07', '6704eccb-7d12-418c-b1d1-4226bb5ddc52', 'ed9d0464-b109-4f00-9bd1-1e40ea8eedec', false);
INSERT INTO art_ping.project_employee VALUES ('edc6c2ca-26e9-4afd-bf79-e4bb10c4fa24', '6704eccb-7d12-418c-b1d1-4226bb5ddc52', 'bdce2984-48ff-47e3-9fed-ecc02eb0faa4', false);
INSERT INTO art_ping.project_employee VALUES ('a2279609-085c-40eb-812c-d50e9b9220b3', '6704eccb-7d12-418c-b1d1-4226bb5ddc52', '5891ad1f-befc-485c-ac2a-c8ee087db2cc', false);
INSERT INTO art_ping.project_employee VALUES ('21ef27fc-fab9-4cf1-a83a-e21e448ff964', '6704eccb-7d12-418c-b1d1-4226bb5ddc52', '308ced5a-35ab-483f-ad1d-b705e7d67578', false);
INSERT INTO art_ping.project_employee VALUES ('6aa3993e-7856-4653-861a-2d4868e3aab6', '6704eccb-7d12-418c-b1d1-4226bb5ddc52', 'b1081430-b743-4952-9920-746536d9b39b', false);
INSERT INTO art_ping.project_employee VALUES ('c125639b-3c23-42e5-ad36-9218166d1064', '6704eccb-7d12-418c-b1d1-4226bb5ddc52', 'a065a534-0162-4f8f-b178-2323c4b00c3a', false);
INSERT INTO art_ping.project_employee VALUES ('076d00b5-1954-4663-97ce-a6ad24b2cf95', '6704eccb-7d12-418c-b1d1-4226bb5ddc52', 'eed660b1-8ce6-4fbc-8b1a-102b691fbe78', false);
INSERT INTO art_ping.project_employee VALUES ('153a8291-eb5a-409f-89e2-0d6d0b36cac6', '6704eccb-7d12-418c-b1d1-4226bb5ddc52', '8e5aeece-282b-44e2-b0ae-90f428192683', false);
INSERT INTO art_ping.project VALUES ('6b46fa58-ce43-497a-9893-beb5a2629cbd', 'project314', true);
INSERT INTO art_ping.project_employee VALUES ('96b74d8d-ebec-4da2-8bcb-abe1e5e8fa6c', '6b46fa58-ce43-497a-9893-beb5a2629cbd', '6a03c35a-cf52-4329-8505-46f823de9e34', false);
INSERT INTO art_ping.project_employee VALUES ('263e8c7d-d2eb-471c-84fd-54f65d7e5b97', '6b46fa58-ce43-497a-9893-beb5a2629cbd', '07414fc9-cf25-4373-ac8a-8132e3fb40d9', false);
INSERT INTO art_ping.project_employee VALUES ('e0a5bfb9-fc13-4976-9e76-1a4c690f936c', '6b46fa58-ce43-497a-9893-beb5a2629cbd', '00a1e1c7-4a51-4f70-84a3-a423c0acacf6', false);
INSERT INTO art_ping.project_employee VALUES ('29d4ec86-c87e-443e-96f6-beadc40860b0', '6b46fa58-ce43-497a-9893-beb5a2629cbd', 'e07742a4-107c-4c77-8d37-aaa5d771ca3e', false);
INSERT INTO art_ping.project_employee VALUES ('6f5a464f-34e3-4643-b9b1-651a9410b23e', '6b46fa58-ce43-497a-9893-beb5a2629cbd', '41e3fc84-eeea-421d-9854-b26ad91df17a', false);
INSERT INTO art_ping.project_employee VALUES ('690591d5-b1aa-48c9-9ea4-fca8f909249b', '6b46fa58-ce43-497a-9893-beb5a2629cbd', '2b2923e3-7924-451c-918a-badad47c1be0', false);
INSERT INTO art_ping.project_employee VALUES ('ac68fd6b-6f4c-427f-81a4-49bbd18a93cd', '6b46fa58-ce43-497a-9893-beb5a2629cbd', '8b18feb9-b326-47d7-b4b4-99e86b5d3642', false);
INSERT INTO art_ping.project_employee VALUES ('9e525069-4866-4ac6-83a7-4e5c7472cd66', '6b46fa58-ce43-497a-9893-beb5a2629cbd', '2dff829a-3580-4075-840a-f5c2ec5e3f1f', false);
INSERT INTO art_ping.project_employee VALUES ('0cdc83f9-751d-441b-a60c-d5e79f4918f8', '6b46fa58-ce43-497a-9893-beb5a2629cbd', '30dfa1ca-7b8d-4ff6-aad2-336b8946cd43', false);
INSERT INTO art_ping.project_employee VALUES ('475b451c-f7db-4f7b-b5fb-25fafdd7a9c9', '6b46fa58-ce43-497a-9893-beb5a2629cbd', 'de6113d7-ecae-4160-87a1-8fbaf7ecdb46', false);
INSERT INTO art_ping.project_employee VALUES ('a470fd6b-43e2-4dc1-8421-a3884744cdc3', '6b46fa58-ce43-497a-9893-beb5a2629cbd', '5fca0cc8-1e0c-4817-9607-8cccf8d8c202', false);
INSERT INTO art_ping.project_employee VALUES ('2ff4318c-a744-4075-96a8-a4ba29c725c3', '6b46fa58-ce43-497a-9893-beb5a2629cbd', '5b1aea66-ceef-4316-9677-23ec2cd167f3', false);
INSERT INTO art_ping.project_employee VALUES ('9a51206f-23b6-4abe-9f5c-866c3b35151c', '6b46fa58-ce43-497a-9893-beb5a2629cbd', '2bea5822-925e-4f20-935e-39e1f35a9835', false);
INSERT INTO art_ping.project_employee VALUES ('6d50d30c-6b19-4401-8de6-0a23fd8b3477', '6b46fa58-ce43-497a-9893-beb5a2629cbd', '1c318b7f-c458-40ae-b54a-bc48195c94cb', false);
INSERT INTO art_ping.project_employee VALUES ('12610e0a-6ca5-4847-91a3-b298523e68ea', '6b46fa58-ce43-497a-9893-beb5a2629cbd', '311f7915-6fe6-413e-8b93-43dc1e05bead', false);
INSERT INTO art_ping.project_employee VALUES ('4e8fb4a3-d1f4-4ab1-9b2a-95af5448b9a2', '6b46fa58-ce43-497a-9893-beb5a2629cbd', '18ebec9b-6d09-4fa5-b6d7-817998f8dea7', false);
INSERT INTO art_ping.project_employee VALUES ('525dcc14-4de1-4c2a-b275-765e2b8f113c', '6b46fa58-ce43-497a-9893-beb5a2629cbd', '6f05137a-39de-4a4b-9b48-2cbce47f84e9', false);
INSERT INTO art_ping.project VALUES ('3fb08ca7-3d9a-4913-8afd-271520b21d0a', 'project315', true);
INSERT INTO art_ping.project_employee VALUES ('033fcda6-2efc-49fb-a740-cf0487c39c90', '3fb08ca7-3d9a-4913-8afd-271520b21d0a', '35c4ac03-348a-472f-ad3d-871a6745eca0', false);
INSERT INTO art_ping.project_employee VALUES ('8cbb0a85-fac3-4514-ab11-e01f4d8a48a8', '3fb08ca7-3d9a-4913-8afd-271520b21d0a', 'f9cbd2b4-d97d-4265-a5c3-4430f0614efa', false);
INSERT INTO art_ping.project_employee VALUES ('c2ae7cf6-b4b9-4bab-a216-b736d34eefa8', '3fb08ca7-3d9a-4913-8afd-271520b21d0a', '154b73f8-e56f-42af-8131-08d4912597c8', false);
INSERT INTO art_ping.project VALUES ('06505004-9baa-4462-9d58-b431501a8a1e', 'project316', true);
INSERT INTO art_ping.project_employee VALUES ('583b0065-68d9-4f66-abea-58dcafc0db24', '06505004-9baa-4462-9d58-b431501a8a1e', 'a1b17097-439e-4632-a6ad-30e7eda50e80', false);
INSERT INTO art_ping.project_employee VALUES ('126279ec-6242-4450-be6e-996ed6398aff', '06505004-9baa-4462-9d58-b431501a8a1e', '969f05c5-9197-4e39-8ae9-d81af37dd9a7', false);
INSERT INTO art_ping.project_employee VALUES ('4f68dcf3-6a08-46b0-a8b9-830e02e53dea', '06505004-9baa-4462-9d58-b431501a8a1e', '78d819f1-6b51-420c-8281-c8f1d401a50b', false);
INSERT INTO art_ping.project_employee VALUES ('71f575a8-a61a-4428-bae0-390136cddf20', '06505004-9baa-4462-9d58-b431501a8a1e', '3caacf5d-2a9e-4b36-8fa2-b3a5303147fa', false);
INSERT INTO art_ping.project_employee VALUES ('1cb9fbcf-88aa-4858-8544-464cec02fb99', '06505004-9baa-4462-9d58-b431501a8a1e', '3b01bb4f-3641-47f7-95dc-543b4a0da9a5', false);
INSERT INTO art_ping.project_employee VALUES ('7b5699a2-7e3f-44f7-8d21-35ac8c8b9f8f', '06505004-9baa-4462-9d58-b431501a8a1e', '0492f9c5-0b23-46c3-a435-691547b39086', false);
INSERT INTO art_ping.project_employee VALUES ('2de58244-6f5f-4a29-8695-c47d326746b0', '06505004-9baa-4462-9d58-b431501a8a1e', 'e2cbc43f-e345-4842-916d-24dcef62f0b1', false);
INSERT INTO art_ping.project_employee VALUES ('92756f43-0344-449f-b7ba-fdeeaa55157c', '06505004-9baa-4462-9d58-b431501a8a1e', 'd8004060-ae26-4daa-8bc7-735e1e3bf33b', false);
INSERT INTO art_ping.project_employee VALUES ('088f1658-8d51-489a-a62a-f6411dc7f148', '06505004-9baa-4462-9d58-b431501a8a1e', '750e6c14-3132-4292-bdc3-182c1b18373e', false);
INSERT INTO art_ping.project_employee VALUES ('16c69dda-f347-4972-b3fe-3b1738f12468', '06505004-9baa-4462-9d58-b431501a8a1e', 'b7c568d9-7290-4a23-80af-1a9516e4914e', false);
INSERT INTO art_ping.project_employee VALUES ('8438ba55-0cdc-4b24-ba77-72f18fe38e83', '06505004-9baa-4462-9d58-b431501a8a1e', 'fa21f402-1783-4e26-a087-c5cc50765fe8', false);
INSERT INTO art_ping.project_employee VALUES ('50f55227-90b4-476b-b324-e66105f30c75', '06505004-9baa-4462-9d58-b431501a8a1e', '484d8b7f-a858-49e0-88a5-9e45a14c5cd4', false);
INSERT INTO art_ping.project_employee VALUES ('8c8e6f77-0373-4bef-a466-41c083619b50', '06505004-9baa-4462-9d58-b431501a8a1e', 'fc6aef29-242d-4162-9dcc-d7e6d10b9efe', false);
INSERT INTO art_ping.project_employee VALUES ('6c7cad99-d64f-4fbf-b7b4-ada7534a2ba5', '06505004-9baa-4462-9d58-b431501a8a1e', '88067125-6783-4a5e-8729-2743268ad8b8', false);
INSERT INTO art_ping.project_employee VALUES ('25ff13b5-7195-401d-b7bb-8d1c08fe5358', '06505004-9baa-4462-9d58-b431501a8a1e', '4c6a386d-fd26-44f5-a7db-4eb441f08069', false);
INSERT INTO art_ping.project_employee VALUES ('305572de-a377-4cfc-93b7-e961e467bfdc', '06505004-9baa-4462-9d58-b431501a8a1e', 'b0c8fccb-e7fe-4566-97d9-a330a8d0db10', false);
INSERT INTO art_ping.project_employee VALUES ('054e31ea-90c2-48c3-831f-7f8c4a810c19', '06505004-9baa-4462-9d58-b431501a8a1e', 'a6790baa-fb04-4966-8a25-39972358d9b7', false);
INSERT INTO art_ping.project_employee VALUES ('d7328489-83dd-496b-9a73-d4b96a79250b', '06505004-9baa-4462-9d58-b431501a8a1e', '3be25b04-dc02-490e-bc1d-1a68adc1fe5f', false);
INSERT INTO art_ping.project_employee VALUES ('fc4f3611-5969-445f-9cfb-3643c27dfc34', '06505004-9baa-4462-9d58-b431501a8a1e', '3b956c6f-e4aa-456a-bd66-7c97e5398235', false);
INSERT INTO art_ping.project VALUES ('69a29b6b-5135-4c5a-9674-35f381da8e8c', 'project317', true);
INSERT INTO art_ping.project_employee VALUES ('ba330b49-7b3c-40b8-b5ef-f7367d5931ec', '69a29b6b-5135-4c5a-9674-35f381da8e8c', '5d82c286-6349-49ee-a0c8-8ae17c01a3ea', false);
INSERT INTO art_ping.project_employee VALUES ('81d866be-51cf-43c7-b9f5-8f541eae617b', '69a29b6b-5135-4c5a-9674-35f381da8e8c', '47f45c62-b0ab-4f70-b60b-71c1f078dbe5', false);
INSERT INTO art_ping.project_employee VALUES ('086c0823-148f-41c0-9293-2c0ed492f7fc', '69a29b6b-5135-4c5a-9674-35f381da8e8c', '2dff829a-3580-4075-840a-f5c2ec5e3f1f', false);
INSERT INTO art_ping.project VALUES ('1c7ced8c-021c-45cc-b91b-d7439565d1a1', 'project318', true);
INSERT INTO art_ping.project_employee VALUES ('1e8f8065-efad-4482-a93a-9c486034312a', '1c7ced8c-021c-45cc-b91b-d7439565d1a1', 'c22a98a5-d269-48ef-9ca3-2e3706520a55', false);
INSERT INTO art_ping.project_employee VALUES ('5e95bce6-ae35-4ecb-9b7c-bc610c0fb216', '1c7ced8c-021c-45cc-b91b-d7439565d1a1', '23f620ef-e7b4-429a-9e71-90cc3699cac1', false);
INSERT INTO art_ping.project_employee VALUES ('8d9d9618-bd5f-4d83-afa0-f8d177ce6958', '1c7ced8c-021c-45cc-b91b-d7439565d1a1', '41ab7c96-68b8-4f61-8f1c-f2a70438fd8e', false);
INSERT INTO art_ping.project_employee VALUES ('7f573b46-32a0-4d4e-a08c-cfd419957ddf', '1c7ced8c-021c-45cc-b91b-d7439565d1a1', '3d9ac511-8d2a-40ec-aa7a-043b6a736119', false);
INSERT INTO art_ping.project_employee VALUES ('65a80d88-70d5-4697-9257-981bc9525ac5', '1c7ced8c-021c-45cc-b91b-d7439565d1a1', '0e1b2f29-f490-4f75-b4c3-611ccccdd849', false);
INSERT INTO art_ping.project_employee VALUES ('3f67f44a-cb9a-4a2e-9edb-95dc36e632ac', '1c7ced8c-021c-45cc-b91b-d7439565d1a1', '7d0e9d44-4a81-4cb4-a56a-bfec1177128d', false);
INSERT INTO art_ping.project_employee VALUES ('ad218165-4388-4de2-8147-2bafba935876', '1c7ced8c-021c-45cc-b91b-d7439565d1a1', 'e29c42aa-1923-468d-92cc-6543541d65c6', false);
INSERT INTO art_ping.project_employee VALUES ('f3ef7514-2371-4f2d-91f4-623c1d983bf9', '1c7ced8c-021c-45cc-b91b-d7439565d1a1', 'ff4f7cda-e5f9-484b-8b90-c1ad03aa1766', false);
INSERT INTO art_ping.project VALUES ('d3770f75-e32d-4257-99bc-d741f4164c30', 'project319', true);
INSERT INTO art_ping.project_employee VALUES ('65e7e5d3-acfe-403f-9c4e-86da9b56bc0e', 'd3770f75-e32d-4257-99bc-d741f4164c30', 'b8d59533-9f55-4532-a791-b913d6399661', false);
INSERT INTO art_ping.project_employee VALUES ('f040f9da-8e6b-4e3f-8351-1eda1b07f66a', 'd3770f75-e32d-4257-99bc-d741f4164c30', '09ca6ecb-a2ec-4bba-ab23-105b683004ba', false);
INSERT INTO art_ping.project_employee VALUES ('fc64d8b5-e66f-4989-86ca-02f6ad439ba2', 'd3770f75-e32d-4257-99bc-d741f4164c30', '5e51929f-4682-4bed-be25-0b205fd4c44b', false);
INSERT INTO art_ping.project_employee VALUES ('e7f80647-2bfe-4314-85bc-1b28724156e9', 'd3770f75-e32d-4257-99bc-d741f4164c30', '51c847b7-446c-4714-b4c2-bb66392b420b', false);
INSERT INTO art_ping.project_employee VALUES ('4f5d36f3-884b-4795-9ca1-ccb2b31a6735', 'd3770f75-e32d-4257-99bc-d741f4164c30', '47bc18e4-7fb3-420f-8dd8-c24da3fcf641', false);
INSERT INTO art_ping.project_employee VALUES ('bf8bf2e1-6136-4d35-9581-2a70e9ddd1c2', 'd3770f75-e32d-4257-99bc-d741f4164c30', '8c3502ea-6671-40cf-bf16-8099fb77f8ca', false);
INSERT INTO art_ping.project_employee VALUES ('ba2d2013-ad80-4432-a141-951ef23e3176', 'd3770f75-e32d-4257-99bc-d741f4164c30', '2f690191-97fc-4523-8952-6e0f6ce811f2', false);
INSERT INTO art_ping.project_employee VALUES ('8b68965c-c5f5-4516-a8de-eb9b096c1e9d', 'd3770f75-e32d-4257-99bc-d741f4164c30', 'c9850c5e-3d65-4708-87a4-19a542b0ed9a', false);
INSERT INTO art_ping.project_employee VALUES ('b2d2c29a-8b22-4619-a813-e80f295c1f96', 'd3770f75-e32d-4257-99bc-d741f4164c30', '41764999-aa9b-4509-a434-09e9393347d2', false);
INSERT INTO art_ping.project_employee VALUES ('4fd37227-9d03-48e4-a5d1-e513c58d1212', 'd3770f75-e32d-4257-99bc-d741f4164c30', '05d92b13-3f1e-4326-b4db-bb684357cfe5', false);
INSERT INTO art_ping.project_employee VALUES ('5537e903-27ef-4b40-b036-9351cd82f240', 'd3770f75-e32d-4257-99bc-d741f4164c30', '63649477-d30e-4cb7-8149-52bb5f796373', false);
INSERT INTO art_ping.project_employee VALUES ('e8e9806a-55c8-4ddb-84e1-c574ffcd97ed', 'd3770f75-e32d-4257-99bc-d741f4164c30', '853d7de4-dc4c-4eec-915b-3872c26e0cbd', false);
INSERT INTO art_ping.project VALUES ('5f743cf4-d6d7-4730-a33c-cd5ffb328739', 'project320', true);
INSERT INTO art_ping.project_employee VALUES ('ce35fc68-c009-43af-b5ef-bbea8945f8ca', '5f743cf4-d6d7-4730-a33c-cd5ffb328739', '78d819f1-6b51-420c-8281-c8f1d401a50b', false);
INSERT INTO art_ping.project_employee VALUES ('281dbd9a-2a8e-4970-948a-50c630752f18', '5f743cf4-d6d7-4730-a33c-cd5ffb328739', 'd26bf81b-cb46-448c-8011-1909509433d6', false);
INSERT INTO art_ping.project_employee VALUES ('a7a4de4f-9639-4bbd-bf3f-7e0e78353d70', '5f743cf4-d6d7-4730-a33c-cd5ffb328739', '33c5e8ac-400e-4ec6-9e48-5d33bd81f95f', false);
INSERT INTO art_ping.project_employee VALUES ('cbdcf9e8-2e1f-4555-b190-1155b476a381', '5f743cf4-d6d7-4730-a33c-cd5ffb328739', '2da77dcb-0768-478c-a741-618b705ed54c', false);
INSERT INTO art_ping.project_employee VALUES ('0fc0437f-e06b-487b-a58f-75c22d4b4ffc', '5f743cf4-d6d7-4730-a33c-cd5ffb328739', '7bf9589d-3f5b-4251-95fa-912eed7a1001', false);
INSERT INTO art_ping.project_employee VALUES ('cf8c9a1c-2343-4e76-b476-0f5a681ebee4', '5f743cf4-d6d7-4730-a33c-cd5ffb328739', '19116dfb-4faf-46d5-af4c-f421b1dd04ec', false);
INSERT INTO art_ping.project_employee VALUES ('e80cda99-4eb8-4f3f-8641-215d98ca0f8d', '5f743cf4-d6d7-4730-a33c-cd5ffb328739', '1b8856af-6593-492a-9fcd-fe63e89abfed', false);
INSERT INTO art_ping.project_employee VALUES ('5fbc1de1-044e-45f9-9658-cdb73876db59', '5f743cf4-d6d7-4730-a33c-cd5ffb328739', 'f4a19dcf-51f6-4782-9969-1c0850f2fa41', false);
INSERT INTO art_ping.project_employee VALUES ('bb87ccd7-c26b-479c-a8b7-01994250b917', '5f743cf4-d6d7-4730-a33c-cd5ffb328739', '318db25a-3b1d-4fa4-ad56-98a5dcd56271', false);
INSERT INTO art_ping.project_employee VALUES ('55f8a7ad-c509-4902-8321-dbde6fdec617', '5f743cf4-d6d7-4730-a33c-cd5ffb328739', 'aea40393-76aa-4a9a-83c3-0f300b4925e2', false);
INSERT INTO art_ping.project_employee VALUES ('4fa88c72-835b-45bb-94a0-63a02dc996bb', '5f743cf4-d6d7-4730-a33c-cd5ffb328739', '35af698d-59f4-4fb5-b154-07310af46e3d', false);
INSERT INTO art_ping.project_employee VALUES ('d4943c87-ec0e-4bc8-b98f-77fb83757e93', '5f743cf4-d6d7-4730-a33c-cd5ffb328739', '75327b2b-17bb-4cb5-8840-679898171eda', false);
INSERT INTO art_ping.project_employee VALUES ('98d9da7f-c0e0-45bd-ba30-a69138d52c6f', '5f743cf4-d6d7-4730-a33c-cd5ffb328739', 'e49676c5-405b-4493-b79a-d87c5138ccf9', false);
INSERT INTO art_ping.project_employee VALUES ('b9094e92-3b80-43ab-9595-9d18e81fd935', '5f743cf4-d6d7-4730-a33c-cd5ffb328739', '25937bae-8f8e-4ddc-a714-3e74c80fc42d', false);
INSERT INTO art_ping.project VALUES ('61fc0e5c-1210-4a14-9ad7-10232e48483e', 'project321', true);
INSERT INTO art_ping.project_employee VALUES ('3cd94125-7219-4330-9d8a-356e731bd73b', '61fc0e5c-1210-4a14-9ad7-10232e48483e', '41ab7c96-68b8-4f61-8f1c-f2a70438fd8e', false);
INSERT INTO art_ping.project_employee VALUES ('9dc355c1-a9ba-4797-a2e4-070ca45a9197', '61fc0e5c-1210-4a14-9ad7-10232e48483e', '362a1a04-3bc4-4f14-8010-0c35a9dbc0fb', false);
INSERT INTO art_ping.project_employee VALUES ('5902b2fb-bc58-4b89-96a8-8e6d603c8b8e', '61fc0e5c-1210-4a14-9ad7-10232e48483e', 'fdcb8726-41c4-4ce5-8310-f8cbbc5216fe', false);
INSERT INTO art_ping.project_employee VALUES ('bc6b5d01-397c-47f6-addd-910f745cee74', '61fc0e5c-1210-4a14-9ad7-10232e48483e', '9c7b8963-f8ac-422b-b5e0-9de69dae432e', false);
INSERT INTO art_ping.project_employee VALUES ('4848fa9d-0c50-4638-ba43-20b8f105ae44', '61fc0e5c-1210-4a14-9ad7-10232e48483e', '484d8b7f-a858-49e0-88a5-9e45a14c5cd4', false);
INSERT INTO art_ping.project_employee VALUES ('8ea6ef65-dd87-4bce-9250-10693b90704d', '61fc0e5c-1210-4a14-9ad7-10232e48483e', 'ef7966d0-b3aa-4f46-a659-7441d0f1c60f', false);
INSERT INTO art_ping.project_employee VALUES ('aa792c1f-f5b5-41de-beb3-94f5cc6ff20f', '61fc0e5c-1210-4a14-9ad7-10232e48483e', '00480f9c-f2d1-4f04-bd42-bc6509b39d8c', false);
INSERT INTO art_ping.project_employee VALUES ('a3458729-cb4d-4296-b9c9-0b33a2ee66c5', '61fc0e5c-1210-4a14-9ad7-10232e48483e', '506c90be-9047-4868-9f58-4d30d43c5cd4', false);
INSERT INTO art_ping.project_employee VALUES ('8f608b49-386d-45ec-895b-3fedade54108', '61fc0e5c-1210-4a14-9ad7-10232e48483e', '52cf7dca-8a89-4675-8cca-ca319a24bc04', false);
INSERT INTO art_ping.project VALUES ('7feafad5-6939-4aab-a198-7919bd385d2f', 'project322', true);
INSERT INTO art_ping.project_employee VALUES ('e7b52bca-1d34-4dc0-9af1-221c8d3f5fae', '7feafad5-6939-4aab-a198-7919bd385d2f', 'a5c55288-cba6-44c0-a078-d34a51694cb8', false);
INSERT INTO art_ping.project_employee VALUES ('92aaadc4-e351-4b9b-8b34-a1f056528c1f', '7feafad5-6939-4aab-a198-7919bd385d2f', '4fd466c7-89db-42c1-aac7-aeb9e138a273', false);
INSERT INTO art_ping.project_employee VALUES ('ef1c4ef0-f699-4a0c-89be-0d22c3e44d02', '7feafad5-6939-4aab-a198-7919bd385d2f', 'ae242bfa-9bae-45ea-9425-2b4eaeaa9b68', false);
INSERT INTO art_ping.project_employee VALUES ('e08831b1-7f41-4d44-9c4d-8f36a5717dab', '7feafad5-6939-4aab-a198-7919bd385d2f', 'ebe345b1-8695-49eb-ae32-d301489c4434', false);
INSERT INTO art_ping.project_employee VALUES ('2c0c8701-8a57-46eb-922f-39b75234fd91', '7feafad5-6939-4aab-a198-7919bd385d2f', '9e772308-013b-4e58-9b98-921ea5b62eba', false);
INSERT INTO art_ping.project_employee VALUES ('b11ed50a-dbf9-4f6e-bcf5-010b62b555c6', '7feafad5-6939-4aab-a198-7919bd385d2f', '0e1b2f29-f490-4f75-b4c3-611ccccdd849', false);
INSERT INTO art_ping.project_employee VALUES ('db713b2e-f832-4c07-ab46-f0a999595828', '7feafad5-6939-4aab-a198-7919bd385d2f', '84d6237a-256f-4c52-94a0-ce2c0e851cf0', false);
INSERT INTO art_ping.project_employee VALUES ('4a956ad1-2dea-4ade-addc-6bec7860ce06', '7feafad5-6939-4aab-a198-7919bd385d2f', '568b88a7-f196-4ef3-b6b6-2f35874f331c', false);
INSERT INTO art_ping.project_employee VALUES ('4116a63a-63fe-4b40-b2cd-0f92e194ef3a', '7feafad5-6939-4aab-a198-7919bd385d2f', '9418b71e-ddd0-40f6-b21c-08beb53b2d8f', false);
INSERT INTO art_ping.project VALUES ('5647229c-c19f-434d-ab08-0b547a058093', 'project323', true);
INSERT INTO art_ping.project_employee VALUES ('ad2bd16f-3667-48e4-a660-8832a777244b', '5647229c-c19f-434d-ab08-0b547a058093', '3811cc7b-c6c2-437d-b64b-9afb49d8ad8d', false);
INSERT INTO art_ping.project_employee VALUES ('917de46d-e526-4592-b8d6-465141023106', '5647229c-c19f-434d-ab08-0b547a058093', '046d5e00-ba89-4a40-ba02-eae14c78c564', false);
INSERT INTO art_ping.project_employee VALUES ('d9f9bf41-8c20-4fbe-9451-fde6b21497c0', '5647229c-c19f-434d-ab08-0b547a058093', 'bf99118f-478c-4f13-b090-c482af39638b', false);
INSERT INTO art_ping.project_employee VALUES ('bddd4b85-bf8e-46e5-814f-3f8c5b362087', '5647229c-c19f-434d-ab08-0b547a058093', '53fc0d4a-c909-4502-b70b-d2fcfa8bd8fb', false);
INSERT INTO art_ping.project_employee VALUES ('083cd242-1688-4992-90ee-a0fb2f0070ed', '5647229c-c19f-434d-ab08-0b547a058093', '4281c7b2-01a0-4154-8a50-fd49e765852b', false);
INSERT INTO art_ping.project_employee VALUES ('cd189e76-9921-46f3-b3af-42fbf1b35bba', '5647229c-c19f-434d-ab08-0b547a058093', '538a87f4-a5ad-435e-8e83-fed368ab2fdf', false);
INSERT INTO art_ping.project_employee VALUES ('03483e9a-e642-4398-a675-ac7ae0ad9ba3', '5647229c-c19f-434d-ab08-0b547a058093', '010af88c-89e4-41b4-90d2-fdd9be0641f0', false);
INSERT INTO art_ping.project_employee VALUES ('7871f897-cee3-478e-9ded-2eb4b8429de3', '5647229c-c19f-434d-ab08-0b547a058093', 'e3453ceb-3aec-48b8-9376-a52af08e7111', false);
INSERT INTO art_ping.project_employee VALUES ('b50c960d-8705-46ed-809f-506d44d79ec3', '5647229c-c19f-434d-ab08-0b547a058093', '1c318b7f-c458-40ae-b54a-bc48195c94cb', false);
INSERT INTO art_ping.project_employee VALUES ('8c7dbf92-97e6-4625-9b75-3b0cb64cec60', '5647229c-c19f-434d-ab08-0b547a058093', '6ee424aa-e0f1-4a58-93ae-551f7892393b', false);
INSERT INTO art_ping.project_employee VALUES ('0ee6268e-c496-4908-bca3-6f1e31ffe4e9', '5647229c-c19f-434d-ab08-0b547a058093', 'e8fa1518-3191-4982-992e-6e1f22ae0d0b', false);
INSERT INTO art_ping.project_employee VALUES ('0a2b2018-ae38-454f-8da7-bf822272c988', '5647229c-c19f-434d-ab08-0b547a058093', '2a4e8b0c-fc62-46fd-acd1-f47b3f08e54e', false);
INSERT INTO art_ping.project_employee VALUES ('adfed8b7-e412-4fd7-9323-dc59b5d0c5a7', '5647229c-c19f-434d-ab08-0b547a058093', 'e8f306b1-80f2-41f6-a4a3-2dbb11e01e25', false);
INSERT INTO art_ping.project_employee VALUES ('53f0b11b-9a11-4f1d-baf5-3c591200f6a2', '5647229c-c19f-434d-ab08-0b547a058093', '1101b59e-066e-43e4-ab5a-bf1e1b623ee0', false);
INSERT INTO art_ping.project_employee VALUES ('c1b303e2-f0b3-4dfb-a584-e0ef52b337d4', '5647229c-c19f-434d-ab08-0b547a058093', 'a3c277aa-71bb-4224-8d59-940803715ffa', false);
INSERT INTO art_ping.project VALUES ('7bd7e462-faa1-4eb9-9ece-dc1b63e49154', 'project324', true);
INSERT INTO art_ping.project_employee VALUES ('810a2685-21de-452d-a2f9-ec17f646e8cb', '7bd7e462-faa1-4eb9-9ece-dc1b63e49154', '7337ef3d-f68b-445a-8b3b-e8e8eb34dfba', false);
INSERT INTO art_ping.project_employee VALUES ('882fad55-1824-4a05-b70d-beb74de3725c', '7bd7e462-faa1-4eb9-9ece-dc1b63e49154', '90a02b61-94e7-4e76-ab63-d53544cb5234', false);
INSERT INTO art_ping.project_employee VALUES ('908a763d-b7c0-490d-af32-6680823f44d2', '7bd7e462-faa1-4eb9-9ece-dc1b63e49154', '62bf31ec-d2ad-422a-89e5-e0b11be1ac3f', false);
INSERT INTO art_ping.project_employee VALUES ('eaed1186-54b8-4ec9-887c-d9d592edee09', '7bd7e462-faa1-4eb9-9ece-dc1b63e49154', '63cce113-d103-45a1-8092-d837413e8f5d', false);
INSERT INTO art_ping.project_employee VALUES ('75bbf7b4-187d-4dd7-bd30-fa37a7a1e360', '7bd7e462-faa1-4eb9-9ece-dc1b63e49154', '07414fc9-cf25-4373-ac8a-8132e3fb40d9', false);
INSERT INTO art_ping.project_employee VALUES ('8b88e452-362a-44da-aa39-abbdbc1f821c', '7bd7e462-faa1-4eb9-9ece-dc1b63e49154', '51fb2ac4-8ba7-4194-b5f5-36972508e6de', false);
INSERT INTO art_ping.project_employee VALUES ('d3930e4a-666d-4910-8307-96cf8540a623', '7bd7e462-faa1-4eb9-9ece-dc1b63e49154', '5a3b8ac9-5ccc-4960-8b0a-e990b9394193', false);
INSERT INTO art_ping.project_employee VALUES ('fa37efcf-c570-4339-a611-f84a7cf1995c', '7bd7e462-faa1-4eb9-9ece-dc1b63e49154', '74511b13-e9ee-41b9-8e2f-38bc890316a5', false);
INSERT INTO art_ping.project_employee VALUES ('db43acb7-02f9-4412-a77e-6f72f99632b7', '7bd7e462-faa1-4eb9-9ece-dc1b63e49154', 'a96fd4f7-d900-4b9b-89e2-d2b9600bee29', false);
INSERT INTO art_ping.project VALUES ('d7a05db5-79e8-469b-859b-2c2e577ed895', 'project325', true);
INSERT INTO art_ping.project_employee VALUES ('0c2a8552-2db3-4609-adf3-4bba07bb8c51', 'd7a05db5-79e8-469b-859b-2c2e577ed895', '515b00bb-3a1a-4c42-9349-ba7e5577b69d', false);
INSERT INTO art_ping.project_employee VALUES ('008c6d33-f5a2-4293-b86b-b2eb100ed256', 'd7a05db5-79e8-469b-859b-2c2e577ed895', '19a66dc2-080d-4711-abe3-a97cbda9803b', false);
INSERT INTO art_ping.project_employee VALUES ('c108c0d3-ad3f-4e7b-9be9-1469fa3bf0cd', 'd7a05db5-79e8-469b-859b-2c2e577ed895', '484d8b7f-a858-49e0-88a5-9e45a14c5cd4', false);
INSERT INTO art_ping.project_employee VALUES ('1f02b72c-2234-4db0-b555-4d335fee90ad', 'd7a05db5-79e8-469b-859b-2c2e577ed895', '35af698d-59f4-4fb5-b154-07310af46e3d', false);
INSERT INTO art_ping.project_employee VALUES ('77139d35-9184-4d9e-8925-471d8bd49770', 'd7a05db5-79e8-469b-859b-2c2e577ed895', '4cdf619d-8a5b-4bfc-9feb-30cce1470f9b', false);
INSERT INTO art_ping.project_employee VALUES ('92eb9a81-ce30-477d-9c83-ed17b5d6de01', 'd7a05db5-79e8-469b-859b-2c2e577ed895', '8129909d-b55b-408b-a343-ccb232362045', false);
INSERT INTO art_ping.project_employee VALUES ('6b896eae-ba10-48e8-b46d-621c11a9193a', 'd7a05db5-79e8-469b-859b-2c2e577ed895', 'b0c8fccb-e7fe-4566-97d9-a330a8d0db10', false);
INSERT INTO art_ping.project_employee VALUES ('95fc7ba6-f29c-4ac6-833b-f087aad58951', 'd7a05db5-79e8-469b-859b-2c2e577ed895', '53575704-25ba-4db4-ad32-e4be90469b7f', false);
INSERT INTO art_ping.project_employee VALUES ('059443bf-6743-453c-a66a-8a6d283accad', 'd7a05db5-79e8-469b-859b-2c2e577ed895', '231a2166-084a-45b7-b08c-0718eac0fdb3', false);
INSERT INTO art_ping.project_employee VALUES ('a03ba511-2def-438d-a403-ab54af0ba4ae', 'd7a05db5-79e8-469b-859b-2c2e577ed895', '069ee076-a9b5-44e8-883f-6a6afdb7efd8', false);
INSERT INTO art_ping.project_employee VALUES ('67ed9b4f-ae65-4420-8bad-dd9a8f28d70a', 'd7a05db5-79e8-469b-859b-2c2e577ed895', '06b0dc44-9bf8-496c-b5c1-979f596e5eca', false);
INSERT INTO art_ping.project VALUES ('c96afa42-020b-4f72-b253-1237b7095939', 'project326', true);
INSERT INTO art_ping.project_employee VALUES ('7ea7f300-33f8-4aef-8d58-beb08e765a84', 'c96afa42-020b-4f72-b253-1237b7095939', '735a9cac-c943-4560-99a5-c2778ed36806', false);
INSERT INTO art_ping.project_employee VALUES ('fae3ebd3-c315-4686-93d3-109239eb8dd3', 'c96afa42-020b-4f72-b253-1237b7095939', '1b23321d-fad1-477f-92d5-df44df9dfecd', false);
INSERT INTO art_ping.project_employee VALUES ('a0a385ab-06cf-4555-8bfc-9b8a19008378', 'c96afa42-020b-4f72-b253-1237b7095939', '38113e62-495e-4284-aa8c-3d88c55b1727', false);
INSERT INTO art_ping.project_employee VALUES ('df133938-758e-4d4d-9276-278dbd6c789c', 'c96afa42-020b-4f72-b253-1237b7095939', '287e5d5a-620c-4827-a90a-1f842bfb0e19', false);
INSERT INTO art_ping.project_employee VALUES ('a6c5d005-3341-4414-a903-bbda04c59c7c', 'c96afa42-020b-4f72-b253-1237b7095939', '3e851127-afa8-449b-8908-c7912137d368', false);
INSERT INTO art_ping.project_employee VALUES ('aba18977-77e3-41d3-a60f-eb9128fcf47b', 'c96afa42-020b-4f72-b253-1237b7095939', '57d5315d-1c9e-4c4b-9a35-af13051cd6a7', false);
INSERT INTO art_ping.project VALUES ('451dcad6-c00f-41f9-82ac-b4ebf76f0bec', 'project327', true);
INSERT INTO art_ping.project_employee VALUES ('e85fa72d-9c7c-4344-8951-b6506102ea00', '451dcad6-c00f-41f9-82ac-b4ebf76f0bec', 'c87d7ac2-9439-45f3-b83f-350db105adf3', false);
INSERT INTO art_ping.project_employee VALUES ('7926faa7-2366-4af6-afab-dce865e583d6', '451dcad6-c00f-41f9-82ac-b4ebf76f0bec', 'e64a50e8-f81c-4ca3-9582-c4c0c42e2f4b', false);
INSERT INTO art_ping.project_employee VALUES ('adcbf06a-9223-494e-9cf6-c4d26bd5f305', '451dcad6-c00f-41f9-82ac-b4ebf76f0bec', '004faa79-f42b-4f41-8bca-6c70dab97ec7', false);
INSERT INTO art_ping.project_employee VALUES ('2fc8ffbc-b723-4476-b1fb-5c918c1c6931', '451dcad6-c00f-41f9-82ac-b4ebf76f0bec', '4dd27506-c685-49ae-b937-9633272a83d8', false);
INSERT INTO art_ping.project_employee VALUES ('befacf0a-64f6-4a5f-a196-af1ffa550212', '451dcad6-c00f-41f9-82ac-b4ebf76f0bec', '4302338b-46b5-45ee-bd61-0fc7cede54ba', false);
INSERT INTO art_ping.project_employee VALUES ('649bd6fc-3670-4ba6-ad47-51eace301ee1', '451dcad6-c00f-41f9-82ac-b4ebf76f0bec', 'fc6aef29-242d-4162-9dcc-d7e6d10b9efe', false);
INSERT INTO art_ping.project_employee VALUES ('005dcc96-c419-4b31-8b7f-b6f190433bb9', '451dcad6-c00f-41f9-82ac-b4ebf76f0bec', 'bfce59ea-ee35-429a-8f21-43a5b18b601d', false);
INSERT INTO art_ping.project_employee VALUES ('39fdc05f-fb7d-47f3-9113-4928abc684ba', '451dcad6-c00f-41f9-82ac-b4ebf76f0bec', '47b6825b-171e-4f90-9288-c97daba27265', false);
INSERT INTO art_ping.project VALUES ('ec3520a6-fa00-48b3-b408-29853328cd24', 'project328', true);
INSERT INTO art_ping.project_employee VALUES ('91ebeb79-cb56-47cc-b4b1-e84ca14612b9', 'ec3520a6-fa00-48b3-b408-29853328cd24', '3bd6d5b0-006e-4c3b-b5aa-34554eb0c35c', false);
INSERT INTO art_ping.project_employee VALUES ('ecf16713-6e69-49be-a396-b8704e9cc67d', 'ec3520a6-fa00-48b3-b408-29853328cd24', '3e1ae869-8169-4939-bf64-b2d2977d8457', false);
INSERT INTO art_ping.project_employee VALUES ('47631e66-78bd-416d-82df-3c6a42bbd342', 'ec3520a6-fa00-48b3-b408-29853328cd24', '3445bdb6-72e9-4dc4-ad8a-508eecf56808', false);
INSERT INTO art_ping.project_employee VALUES ('2d505ae8-c45f-4e2b-8619-4e803abf9275', 'ec3520a6-fa00-48b3-b408-29853328cd24', 'd26bf81b-cb46-448c-8011-1909509433d6', false);
INSERT INTO art_ping.project_employee VALUES ('c536553d-ce97-4532-9b62-a28bdba4dd73', 'ec3520a6-fa00-48b3-b408-29853328cd24', 'ca9f2c0f-d99d-4daf-b8c4-0a57639238f6', false);
INSERT INTO art_ping.project_employee VALUES ('b2f5d89c-5b20-438e-834c-28aca92a34be', 'ec3520a6-fa00-48b3-b408-29853328cd24', 'e93ce43a-a49f-4a1b-a03f-e68946c96bb9', false);
INSERT INTO art_ping.project_employee VALUES ('dadcc298-cc12-40df-b4ba-f766c6f6aacb', 'ec3520a6-fa00-48b3-b408-29853328cd24', 'cd84573a-92dd-4a0e-9fd1-b907e05e7821', false);
INSERT INTO art_ping.project_employee VALUES ('6698b81d-cd0c-46ab-90ef-2a240bbdba45', 'ec3520a6-fa00-48b3-b408-29853328cd24', 'be6f4617-ce18-4149-b2ff-d1d325b8c6dc', false);
INSERT INTO art_ping.project_employee VALUES ('994884f3-28fb-4e5b-bcef-991c8be53750', 'ec3520a6-fa00-48b3-b408-29853328cd24', '8ee9d0a5-7f50-4594-b33b-4f443e534c73', false);
INSERT INTO art_ping.project_employee VALUES ('9b7aaea5-9273-4223-85d9-c0714b480802', 'ec3520a6-fa00-48b3-b408-29853328cd24', '63649477-d30e-4cb7-8149-52bb5f796373', false);
INSERT INTO art_ping.project_employee VALUES ('fd7e0c06-e2ec-47eb-8eeb-a841383e5b71', 'ec3520a6-fa00-48b3-b408-29853328cd24', '54522081-3d96-489e-9741-7d931f7a5ec9', false);
INSERT INTO art_ping.project_employee VALUES ('35371b21-1347-42df-a9a3-5de0c7605dd7', 'ec3520a6-fa00-48b3-b408-29853328cd24', '1a5484bd-7b93-4ed8-a7f7-26e3af3c9b10', false);
INSERT INTO art_ping.project_employee VALUES ('def6c17a-2edc-475c-ba27-724b874103df', 'ec3520a6-fa00-48b3-b408-29853328cd24', 'f8e292b6-2d14-45e4-bc4f-d69bcf6c60e5', false);
INSERT INTO art_ping.project_employee VALUES ('760ade04-fc3c-4da7-8564-847e1b90f114', 'ec3520a6-fa00-48b3-b408-29853328cd24', 'd9676183-1443-4360-bd04-ff9da26453b6', false);
INSERT INTO art_ping.project_employee VALUES ('bc7d9986-6214-4c9c-b64f-aa8352771b26', 'ec3520a6-fa00-48b3-b408-29853328cd24', 'd6034534-a8c2-46dd-bb1f-80911883501d', false);
INSERT INTO art_ping.project_employee VALUES ('5ebebd82-354c-4c1f-ae1d-66555ded9ae0', 'ec3520a6-fa00-48b3-b408-29853328cd24', 'c2aa43c6-ee1b-4070-9e73-df2e101e2c95', false);
INSERT INTO art_ping.project_employee VALUES ('3bdfa05a-4c8c-4dd8-b8d6-cba082f4ceee', 'ec3520a6-fa00-48b3-b408-29853328cd24', 'b1081430-b743-4952-9920-746536d9b39b', false);
INSERT INTO art_ping.project_employee VALUES ('4c28393a-7ae8-4e42-bfe2-8618c2c71342', 'ec3520a6-fa00-48b3-b408-29853328cd24', '59ecffe2-a78d-4d3b-a20e-5b1360fb1749', false);
INSERT INTO art_ping.project_employee VALUES ('c261e995-f76f-4e28-8ec1-d0b7e441e952', 'ec3520a6-fa00-48b3-b408-29853328cd24', '80544bcc-4286-4ed6-8981-323152036cde', false);
INSERT INTO art_ping.project VALUES ('39613c4e-2047-4325-9999-4368b2eca023', 'project329', true);
INSERT INTO art_ping.project_employee VALUES ('b15fe301-7817-4b2d-b89f-34706f0ab567', '39613c4e-2047-4325-9999-4368b2eca023', 'da7fe6a8-3541-4b03-8804-056261fc2bd8', false);
INSERT INTO art_ping.project_employee VALUES ('be9b5002-3213-412b-851b-948fac837549', '39613c4e-2047-4325-9999-4368b2eca023', '4242e906-afdd-451d-828a-ce35ca2d9931', false);
INSERT INTO art_ping.project_employee VALUES ('602c9e2a-79a3-4533-86f1-7d722770ce6a', '39613c4e-2047-4325-9999-4368b2eca023', '13a53fc3-1c04-431b-a501-34dbf0dfa565', false);
INSERT INTO art_ping.project_employee VALUES ('b33073ef-a43e-44b5-8a79-7da3bd5437cd', '39613c4e-2047-4325-9999-4368b2eca023', '57d5315d-1c9e-4c4b-9a35-af13051cd6a7', false);
INSERT INTO art_ping.project_employee VALUES ('3a4383fd-cb07-41d6-b064-fffb86fc4ab4', '39613c4e-2047-4325-9999-4368b2eca023', '8d154404-8e56-4db1-9c7d-0bf34a0f7847', false);
INSERT INTO art_ping.project_employee VALUES ('95106e28-ee3b-4953-85ae-d5c723f2d5de', '39613c4e-2047-4325-9999-4368b2eca023', 'accbdfd4-4054-49bf-9930-17db990d4af7', false);
INSERT INTO art_ping.project_employee VALUES ('110a965a-dbc9-4eeb-a587-f53012b894f3', '39613c4e-2047-4325-9999-4368b2eca023', '53575704-25ba-4db4-ad32-e4be90469b7f', false);
INSERT INTO art_ping.project_employee VALUES ('88086544-a31a-4558-be58-530f4d46f63a', '39613c4e-2047-4325-9999-4368b2eca023', '6ea9e0cd-7d8b-4673-b90c-8aec9bfba868', false);
INSERT INTO art_ping.project_employee VALUES ('91bff6eb-c3ea-4a5a-bc65-c5796b0827e2', '39613c4e-2047-4325-9999-4368b2eca023', '25937bae-8f8e-4ddc-a714-3e74c80fc42d', false);
INSERT INTO art_ping.project_employee VALUES ('1f874789-6331-451c-a2c0-4eaf26bd64b9', '39613c4e-2047-4325-9999-4368b2eca023', 'ff4f7cda-e5f9-484b-8b90-c1ad03aa1766', false);
INSERT INTO art_ping.project_employee VALUES ('d0b66948-9411-4ade-b758-6ea12e9c30b8', '39613c4e-2047-4325-9999-4368b2eca023', '83b49996-22c0-4243-ab54-574dc2275deb', false);
INSERT INTO art_ping.project VALUES ('41810e92-4751-416a-9f2f-42a82d138d1b', 'project330', true);
INSERT INTO art_ping.project_employee VALUES ('1eef8644-1078-4ccc-ae05-e0f2333304a0', '41810e92-4751-416a-9f2f-42a82d138d1b', '7935e512-2d6f-486f-96f6-3209b563c670', false);
INSERT INTO art_ping.project_employee VALUES ('d606acad-b88c-422a-b691-afc194f9dea4', '41810e92-4751-416a-9f2f-42a82d138d1b', '33c5e8ac-400e-4ec6-9e48-5d33bd81f95f', false);
INSERT INTO art_ping.project_employee VALUES ('e90e0bec-922d-4fbe-9671-922c34ab77b7', '41810e92-4751-416a-9f2f-42a82d138d1b', 'a8cabb54-2ebd-46a6-aa94-cac081ddd297', false);
INSERT INTO art_ping.project_employee VALUES ('07b08f00-5400-4f16-b552-4b2eeec0c14e', '41810e92-4751-416a-9f2f-42a82d138d1b', '8f066cff-4d9f-488f-8a9b-0c78b13fdef8', false);
INSERT INTO art_ping.project_employee VALUES ('57ad182b-b070-4f63-b167-78cb5344a950', '41810e92-4751-416a-9f2f-42a82d138d1b', '242bccad-d151-431d-b3bd-e0298c85e75f', false);
INSERT INTO art_ping.project_employee VALUES ('1ef3bd26-c1bd-4067-abea-68f74c9f8392', '41810e92-4751-416a-9f2f-42a82d138d1b', '5240e0be-3f9e-4ad6-954b-e4b62a4aaf36', false);
INSERT INTO art_ping.project_employee VALUES ('b669f59f-9dcc-4963-9ae5-78762cdf7835', '41810e92-4751-416a-9f2f-42a82d138d1b', '0c6d2a1f-a5fb-419a-b16b-998b14649693', false);
INSERT INTO art_ping.project VALUES ('df5807a4-49ce-4cc7-a365-adb3d1171a40', 'project331', true);
INSERT INTO art_ping.project_employee VALUES ('31d6d6f8-5447-4445-abaf-da433cb6cc35', 'df5807a4-49ce-4cc7-a365-adb3d1171a40', '720c96be-e9a2-427b-9798-a2875c823a86', false);
INSERT INTO art_ping.project_employee VALUES ('a39d88ac-ffa4-4b58-bcc7-822bbdf625b1', 'df5807a4-49ce-4cc7-a365-adb3d1171a40', '637a1a7c-d8d0-4180-b638-5371d9c59de7', false);
INSERT INTO art_ping.project_employee VALUES ('2e9a6a0b-5d1a-4274-81e3-1fa60f9a156c', 'df5807a4-49ce-4cc7-a365-adb3d1171a40', '38113e62-495e-4284-aa8c-3d88c55b1727', false);
INSERT INTO art_ping.project_employee VALUES ('81e8ba9b-dfb4-40a7-a110-0413805ac2e3', 'df5807a4-49ce-4cc7-a365-adb3d1171a40', '2a028a2d-1bd7-4a01-a444-b25a9a92853c', false);
INSERT INTO art_ping.project_employee VALUES ('ed102ede-70c9-4857-a063-f2da5a221cfc', 'df5807a4-49ce-4cc7-a365-adb3d1171a40', '9418b71e-ddd0-40f6-b21c-08beb53b2d8f', false);
INSERT INTO art_ping.project_employee VALUES ('ef8adddf-2d6c-493f-b5fe-6862231e0d16', 'df5807a4-49ce-4cc7-a365-adb3d1171a40', '70473947-4991-484a-9a35-6489c98e827f', false);
INSERT INTO art_ping.project_employee VALUES ('45fd411d-0c24-400a-a114-360ecc8354a5', 'df5807a4-49ce-4cc7-a365-adb3d1171a40', '4281c7b2-01a0-4154-8a50-fd49e765852b', false);
INSERT INTO art_ping.project_employee VALUES ('cbd265d8-f2f9-4b76-9de6-06a834e38a30', 'df5807a4-49ce-4cc7-a365-adb3d1171a40', '6af93bbb-0c9c-4c02-b564-e1c57b244499', false);
INSERT INTO art_ping.project_employee VALUES ('6dde82ee-39a3-488c-9654-3df5ea3529f9', 'df5807a4-49ce-4cc7-a365-adb3d1171a40', 'ca80f43d-5268-431a-9be9-598b85e5fbd0', false);
INSERT INTO art_ping.project VALUES ('75d76bf2-3690-4e8d-89da-7a35da3aea92', 'project332', true);
INSERT INTO art_ping.project_employee VALUES ('4ace39bf-d7d4-4ab7-a283-db101648827e', '75d76bf2-3690-4e8d-89da-7a35da3aea92', '842e81fd-1abd-4313-95a9-bce6893d360f', false);
INSERT INTO art_ping.project_employee VALUES ('fd894c13-3634-469b-abbf-5d0ebcd1e1b1', '75d76bf2-3690-4e8d-89da-7a35da3aea92', 'c2d2f97e-8a11-4a1b-bc6f-ea054abe0e77', false);
INSERT INTO art_ping.project_employee VALUES ('b8eae03a-aee0-4268-a30d-4cf3ce3fb4de', '75d76bf2-3690-4e8d-89da-7a35da3aea92', '0b3b827f-6181-4483-8d10-7397dc02b368', false);
INSERT INTO art_ping.project_employee VALUES ('0c46b651-d6f7-4da2-843b-7e6b42a282b4', '75d76bf2-3690-4e8d-89da-7a35da3aea92', '4e83edd3-48d5-465e-9547-0f04d540e74e', false);
INSERT INTO art_ping.project_employee VALUES ('09384d2a-66ec-4cc7-b11c-d88deee1f966', '75d76bf2-3690-4e8d-89da-7a35da3aea92', '05d92b13-3f1e-4326-b4db-bb684357cfe5', false);
INSERT INTO art_ping.project_employee VALUES ('4c5ffa46-79ac-4618-ac6d-9f046d8783e3', '75d76bf2-3690-4e8d-89da-7a35da3aea92', '6919a1f9-906a-4fe4-8794-3852560267b3', false);
INSERT INTO art_ping.project VALUES ('07fb17e4-62e9-4006-a33f-72adeb22b5b9', 'project333', true);
INSERT INTO art_ping.project_employee VALUES ('c3e5dd48-0e75-4e36-8b48-4715ade82a03', '07fb17e4-62e9-4006-a33f-72adeb22b5b9', '9a7fd726-d2f5-4da5-a2b5-2caa160b2e65', false);
INSERT INTO art_ping.project_employee VALUES ('8e674f21-3d2a-4dbb-a2d6-eb7c4de01d66', '07fb17e4-62e9-4006-a33f-72adeb22b5b9', 'e93d91dc-b3fa-477b-8279-665237fa27fe', false);
INSERT INTO art_ping.project_employee VALUES ('527c3d33-1a7d-49e9-b0c0-2d085322a91a', '07fb17e4-62e9-4006-a33f-72adeb22b5b9', 'b1adb54f-39bc-49d8-bfbb-5c55f9786399', false);
INSERT INTO art_ping.project_employee VALUES ('9d5ca22e-de93-4093-9cc2-dec66101cfd1', '07fb17e4-62e9-4006-a33f-72adeb22b5b9', 'df693f88-209f-42b6-926e-457b8aeb2af9', false);
INSERT INTO art_ping.project_employee VALUES ('d5a7e56f-f661-4440-9c18-a69648e9a802', '07fb17e4-62e9-4006-a33f-72adeb22b5b9', '3b2a40d0-1670-4a18-940d-bd37a4123361', false);
INSERT INTO art_ping.project_employee VALUES ('ff4e6d27-a163-4a75-ab28-002d491933dc', '07fb17e4-62e9-4006-a33f-72adeb22b5b9', '47f45c62-b0ab-4f70-b60b-71c1f078dbe5', false);
INSERT INTO art_ping.project_employee VALUES ('4f74b88d-c53a-4eac-b652-3de95b506652', '07fb17e4-62e9-4006-a33f-72adeb22b5b9', 'f8c6fc9b-5a6e-41da-a329-b2510034e3c6', false);
INSERT INTO art_ping.project_employee VALUES ('087399ca-c061-4e7c-aa24-a181664ef225', '07fb17e4-62e9-4006-a33f-72adeb22b5b9', '6af70ce3-be0a-4b67-90f8-5d03b9250dff', false);
INSERT INTO art_ping.project_employee VALUES ('6d382249-b655-4909-b76f-5e3260fab7c1', '07fb17e4-62e9-4006-a33f-72adeb22b5b9', 'ffb3f67e-7363-44b6-99e6-a38eca629edb', false);
INSERT INTO art_ping.project VALUES ('b2f309ea-05ef-46d9-a8fd-24072b6d5f02', 'project334', true);
INSERT INTO art_ping.project_employee VALUES ('49eb218a-e7ad-4297-98aa-ea56389fa608', 'b2f309ea-05ef-46d9-a8fd-24072b6d5f02', '31fecfd7-9f48-418a-a757-9b8087966af9', false);
INSERT INTO art_ping.project_employee VALUES ('dfe4e861-3843-4c7c-a122-b331f3958d5a', 'b2f309ea-05ef-46d9-a8fd-24072b6d5f02', 'bdce2984-48ff-47e3-9fed-ecc02eb0faa4', false);
INSERT INTO art_ping.project_employee VALUES ('400e2cd7-cae4-42c9-9670-141aa4af2b04', 'b2f309ea-05ef-46d9-a8fd-24072b6d5f02', '813ef695-83a8-47f0-b648-96a0707d6d60', false);
INSERT INTO art_ping.project_employee VALUES ('7441080c-35ad-433f-b9ca-4f26d8a3eb0e', 'b2f309ea-05ef-46d9-a8fd-24072b6d5f02', '2a60de57-a87a-4f65-b5fc-47ec38b4bfa9', false);
INSERT INTO art_ping.project_employee VALUES ('d89394bf-34d8-4999-bfed-ff41d93e8a98', 'b2f309ea-05ef-46d9-a8fd-24072b6d5f02', '3b01bb4f-3641-47f7-95dc-543b4a0da9a5', false);
INSERT INTO art_ping.project_employee VALUES ('8fa51b64-e6b5-490c-98ac-84fb8c477cb9', 'b2f309ea-05ef-46d9-a8fd-24072b6d5f02', '242bccad-d151-431d-b3bd-e0298c85e75f', false);
INSERT INTO art_ping.project_employee VALUES ('5e71f084-bf05-41be-b10c-65a5c8fd1ba3', 'b2f309ea-05ef-46d9-a8fd-24072b6d5f02', 'ff4f7cda-e5f9-484b-8b90-c1ad03aa1766', false);
INSERT INTO art_ping.project_employee VALUES ('f758a796-54cc-48da-8daa-068642755fba', 'b2f309ea-05ef-46d9-a8fd-24072b6d5f02', '6919a1f9-906a-4fe4-8794-3852560267b3', false);
INSERT INTO art_ping.project VALUES ('fcaff77c-1ed9-46a0-b6c0-3bb49612b2e6', 'project335', true);
INSERT INTO art_ping.project_employee VALUES ('338e9dc1-1ff8-4e1c-b3f3-9c0c340fef70', 'fcaff77c-1ed9-46a0-b6c0-3bb49612b2e6', '23f620ef-e7b4-429a-9e71-90cc3699cac1', false);
INSERT INTO art_ping.project_employee VALUES ('67f793af-f34f-4b79-951d-9b745cbf93ca', 'fcaff77c-1ed9-46a0-b6c0-3bb49612b2e6', '6d24c921-23fe-4984-915f-d82336434a9c', false);
INSERT INTO art_ping.project_employee VALUES ('ddd0081e-955b-4641-a8c5-57f6a31b60f2', 'fcaff77c-1ed9-46a0-b6c0-3bb49612b2e6', '7da4e3d4-baa4-43cf-8f8d-b2e0c29145ab', false);
INSERT INTO art_ping.project_employee VALUES ('c8822665-500b-41fb-b515-d7dd18b70ec2', 'fcaff77c-1ed9-46a0-b6c0-3bb49612b2e6', 'b9044934-9dd7-4b46-9087-393232e50287', false);
INSERT INTO art_ping.project_employee VALUES ('272e29e8-d06c-4d8d-a082-f6f35eb8636f', 'fcaff77c-1ed9-46a0-b6c0-3bb49612b2e6', '51354a6d-189b-4def-9c2e-83d47695307a', false);
INSERT INTO art_ping.project_employee VALUES ('20c70b94-e54c-4b32-827b-c8bbcbac09d0', 'fcaff77c-1ed9-46a0-b6c0-3bb49612b2e6', 'e29c42aa-1923-468d-92cc-6543541d65c6', false);
INSERT INTO art_ping.project_employee VALUES ('4556c132-d989-4dbe-8896-623477f4f8dd', 'fcaff77c-1ed9-46a0-b6c0-3bb49612b2e6', '5b1aea66-ceef-4316-9677-23ec2cd167f3', false);
INSERT INTO art_ping.project_employee VALUES ('f8670fcc-ea5f-4fb3-b8c7-d417752edc73', 'fcaff77c-1ed9-46a0-b6c0-3bb49612b2e6', '1e53e1cb-cc17-4ad8-9eae-7afe826158f4', false);
INSERT INTO art_ping.project_employee VALUES ('033ab969-a5aa-4ccd-9671-09f8650e762f', 'fcaff77c-1ed9-46a0-b6c0-3bb49612b2e6', '8f0ce4a2-4f0c-4d5e-b94b-419a5a440b21', false);
INSERT INTO art_ping.project_employee VALUES ('90cd8f31-cff2-4505-99e4-0f01baa36e10', 'fcaff77c-1ed9-46a0-b6c0-3bb49612b2e6', 'e3453ceb-3aec-48b8-9376-a52af08e7111', false);
INSERT INTO art_ping.project_employee VALUES ('655c7448-2225-4ef6-93b6-600ac3ca1beb', 'fcaff77c-1ed9-46a0-b6c0-3bb49612b2e6', '8287baf5-4067-4c65-9264-fe5793108fda', false);
INSERT INTO art_ping.project_employee VALUES ('d322c83f-3b73-43f2-bca8-c6fc1ef93944', 'fcaff77c-1ed9-46a0-b6c0-3bb49612b2e6', 'e49676c5-405b-4493-b79a-d87c5138ccf9', false);
INSERT INTO art_ping.project_employee VALUES ('b93f6ecb-0954-4c5f-b403-b32f088da5d2', 'fcaff77c-1ed9-46a0-b6c0-3bb49612b2e6', '98d503ac-1975-4d08-ac0d-26406ca592f6', false);
INSERT INTO art_ping.project_employee VALUES ('e7f3795b-5445-4c3a-8ef1-5b69c6679d74', 'fcaff77c-1ed9-46a0-b6c0-3bb49612b2e6', 'a5f03f6a-93a1-4e1b-ac19-c8974ff5f60c', false);
INSERT INTO art_ping.project VALUES ('da3741ad-3a30-40fb-a912-91504f89514f', 'project336', true);
INSERT INTO art_ping.project_employee VALUES ('ac833599-666d-40f0-afee-58941cac30df', 'da3741ad-3a30-40fb-a912-91504f89514f', '20b3ccfd-5ab0-4f4c-814e-830f32b570ff', false);
INSERT INTO art_ping.project_employee VALUES ('bdf12bcf-4b09-419b-99a9-02a3f9225bcc', 'da3741ad-3a30-40fb-a912-91504f89514f', '515b00bb-3a1a-4c42-9349-ba7e5577b69d', false);
INSERT INTO art_ping.project_employee VALUES ('d40a5712-5e8c-47ac-a765-625968143f9e', 'da3741ad-3a30-40fb-a912-91504f89514f', '9dc4b22b-4c22-4fda-b66e-57caf03383c0', false);
INSERT INTO art_ping.project_employee VALUES ('c72659ab-ba6b-4303-8dbb-69eb0bae12af', 'da3741ad-3a30-40fb-a912-91504f89514f', '41234909-6955-4dc2-a067-e763eb720fc1', false);
INSERT INTO art_ping.project_employee VALUES ('2de9e2f2-1232-49fa-b2a1-b08556fff9bd', 'da3741ad-3a30-40fb-a912-91504f89514f', '505e5150-0413-446a-82b4-296aa6dec7f2', false);
INSERT INTO art_ping.project_employee VALUES ('0363737d-d89a-4df9-922a-5f918fe3546f', 'da3741ad-3a30-40fb-a912-91504f89514f', '5d46f018-3b59-4c1d-8d29-10f45690104b', false);
INSERT INTO art_ping.project_employee VALUES ('a8083398-b818-49fa-affc-ed37a0b52836', 'da3741ad-3a30-40fb-a912-91504f89514f', '606aa705-2913-4857-b870-266864ce2bee', false);
INSERT INTO art_ping.project_employee VALUES ('6f984e6b-1e7a-4f90-ab1f-d01477e06674', 'da3741ad-3a30-40fb-a912-91504f89514f', 'c84f3467-7521-484e-8729-efc7fc54df7a', false);
INSERT INTO art_ping.project_employee VALUES ('4b41bc23-ffb7-43eb-a1df-e089f3d419f1', 'da3741ad-3a30-40fb-a912-91504f89514f', '99e52a02-bac0-445b-8d97-903fb19434d1', false);
INSERT INTO art_ping.project_employee VALUES ('7a9175ee-400d-4031-8eef-2b836dc423e9', 'da3741ad-3a30-40fb-a912-91504f89514f', '10b19fce-2be2-4dfa-a3d5-edfd155035d7', false);
INSERT INTO art_ping.project_employee VALUES ('d3e30d49-ef9d-4fae-9760-db72f37da186', 'da3741ad-3a30-40fb-a912-91504f89514f', '1f77cbae-6ff3-4e01-950c-ebb36963c717', false);
INSERT INTO art_ping.project_employee VALUES ('d736f591-acdf-452b-ab0c-7b55fa5be0f4', 'da3741ad-3a30-40fb-a912-91504f89514f', 'e06d78cf-3c49-42e0-a416-7ee0c3a21be7', false);
INSERT INTO art_ping.project_employee VALUES ('7dd659a8-d8d6-4ec6-a3d3-0fc5be81f3bc', 'da3741ad-3a30-40fb-a912-91504f89514f', '484d8b7f-a858-49e0-88a5-9e45a14c5cd4', false);
INSERT INTO art_ping.project_employee VALUES ('a1104038-440b-4465-bfc3-4d617762270d', 'da3741ad-3a30-40fb-a912-91504f89514f', '0e1b2f29-f490-4f75-b4c3-611ccccdd849', false);
INSERT INTO art_ping.project_employee VALUES ('897ca9e7-75a7-4b76-8c04-42d413ec4940', 'da3741ad-3a30-40fb-a912-91504f89514f', '9418b71e-ddd0-40f6-b21c-08beb53b2d8f', false);
INSERT INTO art_ping.project VALUES ('5721a6f2-e9d9-4dcb-8fb1-b0a070677d8e', 'project337', true);
INSERT INTO art_ping.project_employee VALUES ('f24ef958-f379-45d3-b71f-efa98a3af763', '5721a6f2-e9d9-4dcb-8fb1-b0a070677d8e', '5e51929f-4682-4bed-be25-0b205fd4c44b', false);
INSERT INTO art_ping.project_employee VALUES ('6aa42397-d6df-4f42-8e39-89cd3792a8e7', '5721a6f2-e9d9-4dcb-8fb1-b0a070677d8e', '0a8d3842-fea7-4746-9f39-809b0418831f', false);
INSERT INTO art_ping.project_employee VALUES ('af37579b-d4e6-4ed3-b8af-1b62095dc252', '5721a6f2-e9d9-4dcb-8fb1-b0a070677d8e', 'ccd5828e-2daa-4dbe-8c87-a5b5722653cb', false);
INSERT INTO art_ping.project_employee VALUES ('a2533b84-d378-45b7-a242-b08652f878bb', '5721a6f2-e9d9-4dcb-8fb1-b0a070677d8e', '032e716f-5985-4f20-a283-dbb833a6612e', false);
INSERT INTO art_ping.project_employee VALUES ('673c75f0-396a-4417-85a4-9f0f9a5e105d', '5721a6f2-e9d9-4dcb-8fb1-b0a070677d8e', 'ff815e1a-552a-4b9e-bb37-738ff0b16e61', false);
INSERT INTO art_ping.project_employee VALUES ('0ef8e5ab-0075-43b9-a0df-f6005f8ffee1', '5721a6f2-e9d9-4dcb-8fb1-b0a070677d8e', '00289862-fe38-443f-983a-37f2c047c1bb', false);
INSERT INTO art_ping.project_employee VALUES ('0607b582-88e6-4a7e-ad69-08403288dac0', '5721a6f2-e9d9-4dcb-8fb1-b0a070677d8e', '59ecffe2-a78d-4d3b-a20e-5b1360fb1749', false);
INSERT INTO art_ping.project_employee VALUES ('883ac3f3-d792-4477-ae8c-9c35cdf1cad2', '5721a6f2-e9d9-4dcb-8fb1-b0a070677d8e', '79374c82-9c26-4dc1-8a66-f7e312d42ec1', false);
INSERT INTO art_ping.project_employee VALUES ('c512f29e-a8ab-4f92-901a-68bd5366ae10', '5721a6f2-e9d9-4dcb-8fb1-b0a070677d8e', 'd862cfce-2f50-4108-a9fb-aa7a9fbe601d', false);
INSERT INTO art_ping.project_employee VALUES ('5c802ece-6c73-4196-a743-14aa6a344c5a', '5721a6f2-e9d9-4dcb-8fb1-b0a070677d8e', '73e42f0e-569c-40be-9cc5-6b9141e09634', false);
INSERT INTO art_ping.project_employee VALUES ('bf63f76f-f7ec-41c6-b436-529820a7ab14', '5721a6f2-e9d9-4dcb-8fb1-b0a070677d8e', '312e73e9-183a-46b9-b871-763096d3a647', false);
INSERT INTO art_ping.project_employee VALUES ('772a93e3-c1d7-484a-82e1-a0ddfe3ef1be', '5721a6f2-e9d9-4dcb-8fb1-b0a070677d8e', 'de6113d7-ecae-4160-87a1-8fbaf7ecdb46', false);
INSERT INTO art_ping.project VALUES ('9aa65836-2d6d-4037-9e61-8544d5410c74', 'project338', true);
INSERT INTO art_ping.project_employee VALUES ('539aa4ff-2002-46bb-b112-a4ebeaede68e', '9aa65836-2d6d-4037-9e61-8544d5410c74', 'a894ee0f-9b68-4185-a435-5cea33c3fce6', false);
INSERT INTO art_ping.project_employee VALUES ('e0e9733c-32fa-4471-90be-cc5f401901c3', '9aa65836-2d6d-4037-9e61-8544d5410c74', '6a03c35a-cf52-4329-8505-46f823de9e34', false);
INSERT INTO art_ping.project_employee VALUES ('dead30ae-c812-4a7a-b79a-5c640f5627d8', '9aa65836-2d6d-4037-9e61-8544d5410c74', '287e5d5a-620c-4827-a90a-1f842bfb0e19', false);
INSERT INTO art_ping.project_employee VALUES ('1aed7213-b56c-4c85-91ea-49352e81ae47', '9aa65836-2d6d-4037-9e61-8544d5410c74', '813ef695-83a8-47f0-b648-96a0707d6d60', false);
INSERT INTO art_ping.project_employee VALUES ('0659c93a-c516-4aed-9134-a4f549b8b86f', '9aa65836-2d6d-4037-9e61-8544d5410c74', 'bb139bc0-e654-4063-973a-815c4683bbb9', false);
INSERT INTO art_ping.project_employee VALUES ('bda6aa78-1af2-488d-b98d-ad4ed8b4d89f', '9aa65836-2d6d-4037-9e61-8544d5410c74', 'e981f520-5bec-4d2a-b07f-c9c4b3497b13', false);
INSERT INTO art_ping.project_employee VALUES ('990f6546-d185-4d3f-82b2-b1be70129be1', '9aa65836-2d6d-4037-9e61-8544d5410c74', '506c90be-9047-4868-9f58-4d30d43c5cd4', false);
INSERT INTO art_ping.project VALUES ('7978c893-8016-4eab-99ec-e66e767fd977', 'project339', true);
INSERT INTO art_ping.project_employee VALUES ('3c7bb751-f8e6-4492-a487-5f71a3016778', '7978c893-8016-4eab-99ec-e66e767fd977', 'f9019837-96ef-40c0-96e6-432357b2631a', false);
INSERT INTO art_ping.project_employee VALUES ('61fd363e-8444-4a5e-9d3f-dd3dabcaf709', '7978c893-8016-4eab-99ec-e66e767fd977', 'fdcb8726-41c4-4ce5-8310-f8cbbc5216fe', false);
INSERT INTO art_ping.project_employee VALUES ('7c00c356-aba0-4cb6-ac7c-6508ae6b5005', '7978c893-8016-4eab-99ec-e66e767fd977', 'bfce59ea-ee35-429a-8f21-43a5b18b601d', false);
INSERT INTO art_ping.project VALUES ('cbd0a436-d3d0-4e01-b21c-a8a82a971851', 'project340', true);
INSERT INTO art_ping.project_employee VALUES ('9ba3118d-92c2-4d0a-84cb-20d4dafb65d6', 'cbd0a436-d3d0-4e01-b21c-a8a82a971851', 'e2b5b5af-bea7-4210-8c26-9fdbf97d7207', false);
INSERT INTO art_ping.project_employee VALUES ('84fc61db-6d18-4a9d-9129-7a7ab3578662', 'cbd0a436-d3d0-4e01-b21c-a8a82a971851', '65c8b1e8-72da-4a05-9ea2-82a47bfbe8f7', false);
INSERT INTO art_ping.project_employee VALUES ('fc4a4da7-388a-490b-85ed-64cadf1ceac4', 'cbd0a436-d3d0-4e01-b21c-a8a82a971851', 'b2e51409-a875-4030-a281-4fefeaddb10f', false);
INSERT INTO art_ping.project_employee VALUES ('1cc5888b-f4b9-4d91-a97a-f517a01ba81e', 'cbd0a436-d3d0-4e01-b21c-a8a82a971851', '80031c24-f767-4e50-83eb-919faa0ff8f5', false);
INSERT INTO art_ping.project_employee VALUES ('8f395613-1ce9-46c5-8ed6-0c6519dde464', 'cbd0a436-d3d0-4e01-b21c-a8a82a971851', '80c79fe3-f762-4dce-93f2-86cf0be30c68', false);
INSERT INTO art_ping.project_employee VALUES ('c1efd911-15d7-44a4-a8f4-99d23b3f2c4a', 'cbd0a436-d3d0-4e01-b21c-a8a82a971851', 'e29c42aa-1923-468d-92cc-6543541d65c6', false);
INSERT INTO art_ping.project_employee VALUES ('f29b144c-edb5-4d37-8658-420c74be2445', 'cbd0a436-d3d0-4e01-b21c-a8a82a971851', '14bf6a76-9d34-4790-bf5c-c0bd399543dd', false);
INSERT INTO art_ping.project_employee VALUES ('5579d0c9-562f-4378-8550-87411fc0bae4', 'cbd0a436-d3d0-4e01-b21c-a8a82a971851', '375352c8-70c6-4a89-9ce3-1098a0bf225e', false);
INSERT INTO art_ping.project VALUES ('671a9826-bdcb-44ad-abf0-b6140d32df1a', 'project341', true);
INSERT INTO art_ping.project_employee VALUES ('34f29228-2793-4dad-9c24-c84a3015f681', '671a9826-bdcb-44ad-abf0-b6140d32df1a', '009733eb-8522-45ab-b5ec-0144d9658abc', false);
INSERT INTO art_ping.project_employee VALUES ('c3012227-8bc2-4fd6-b474-7777348f5c10', '671a9826-bdcb-44ad-abf0-b6140d32df1a', '8a6f27db-c66a-4e27-9055-8440bd72a98f', false);
INSERT INTO art_ping.project_employee VALUES ('8593b7bf-5d95-41e6-8478-aa47e1729e40', '671a9826-bdcb-44ad-abf0-b6140d32df1a', '3caacf5d-2a9e-4b36-8fa2-b3a5303147fa', false);
INSERT INTO art_ping.project_employee VALUES ('bdbea0d2-7178-448e-b6d9-f785ee4ebd29', '671a9826-bdcb-44ad-abf0-b6140d32df1a', '6b8f564e-b5dd-4c1b-9247-c9e26da5762c', false);
INSERT INTO art_ping.project_employee VALUES ('5c02fa25-0176-4dc0-ab02-707ef640def0', '671a9826-bdcb-44ad-abf0-b6140d32df1a', 'c80963ca-8441-48a3-b833-d21f1c444187', false);
INSERT INTO art_ping.project_employee VALUES ('582756bc-0ada-4b61-92d6-56a3167c708c', '671a9826-bdcb-44ad-abf0-b6140d32df1a', '6e9c30a5-27da-42df-89e5-72b9f24a751f', false);
INSERT INTO art_ping.project_employee VALUES ('c4a055fa-934d-4fe4-9339-3fb15330aa9f', '671a9826-bdcb-44ad-abf0-b6140d32df1a', '0492f9c5-0b23-46c3-a435-691547b39086', false);
INSERT INTO art_ping.project_employee VALUES ('13310c01-889c-420e-a00a-4d52cd42cc2b', '671a9826-bdcb-44ad-abf0-b6140d32df1a', '9f62c00b-5934-40d2-91b7-231cf0b8da2f', false);
INSERT INTO art_ping.project_employee VALUES ('547b74f3-a1f4-4809-90b0-9dbcee72ae32', '671a9826-bdcb-44ad-abf0-b6140d32df1a', 'd674ff13-5a99-46e3-81cc-8147d08e9c8a', false);
INSERT INTO art_ping.project_employee VALUES ('95543e1a-1991-482c-ba17-faa2237a5e5c', '671a9826-bdcb-44ad-abf0-b6140d32df1a', '21f0a20e-1ca8-4895-a904-7f0969c3687f', false);
INSERT INTO art_ping.project_employee VALUES ('89382675-bdca-4fad-9efa-724b8823a1dc', '671a9826-bdcb-44ad-abf0-b6140d32df1a', 'e5e3df29-b6ee-459b-ae9d-e725b68bbafb', false);
INSERT INTO art_ping.project_employee VALUES ('ae9eac6f-74d0-41ce-9a38-f6125b0ec4a4', '671a9826-bdcb-44ad-abf0-b6140d32df1a', '0b3b827f-6181-4483-8d10-7397dc02b368', false);
INSERT INTO art_ping.project_employee VALUES ('91500e10-aaec-4208-9bab-7a2f216b5348', '671a9826-bdcb-44ad-abf0-b6140d32df1a', '20bb3776-2233-4d9f-92c7-d6de53f0ebd4', false);
INSERT INTO art_ping.project_employee VALUES ('6f9cbb98-4165-4a62-9dc0-9eba1770cbc6', '671a9826-bdcb-44ad-abf0-b6140d32df1a', '9c7b8963-f8ac-422b-b5e0-9de69dae432e', false);
INSERT INTO art_ping.project_employee VALUES ('5dffdb6c-e4e3-495f-b729-33bc9a589a70', '671a9826-bdcb-44ad-abf0-b6140d32df1a', '39837db2-6091-44d6-8a0e-351350a14453', false);
INSERT INTO art_ping.project_employee VALUES ('8df76942-d238-41da-b791-fd3a3050b04a', '671a9826-bdcb-44ad-abf0-b6140d32df1a', '79374c82-9c26-4dc1-8a66-f7e312d42ec1', false);
INSERT INTO art_ping.project_employee VALUES ('4ca3786e-7f88-42ef-848f-8b7c1042dfda', '671a9826-bdcb-44ad-abf0-b6140d32df1a', 'a69e1a15-2334-4eee-a908-8d9f343a9e20', false);
INSERT INTO art_ping.project_employee VALUES ('f05eb151-339e-434d-8983-22cb20d55961', '671a9826-bdcb-44ad-abf0-b6140d32df1a', '68aca824-016e-4faa-926c-9688c6b57fc2', false);
INSERT INTO art_ping.project_employee VALUES ('2f0dc79b-fc17-4e9c-b719-92709ddd7554', '671a9826-bdcb-44ad-abf0-b6140d32df1a', 'ad128cfd-07db-4120-8966-1b8f5eb8c861', false);
INSERT INTO art_ping.project VALUES ('33dd45e1-dadc-4fd6-af19-0a3698ab9117', 'project342', true);
INSERT INTO art_ping.project_employee VALUES ('3071c0aa-6f0d-48eb-adb7-08c248a7eb1d', '33dd45e1-dadc-4fd6-af19-0a3698ab9117', '3f80df10-2953-4b62-a570-e579a1d6357a', false);
INSERT INTO art_ping.project_employee VALUES ('29b5b26b-9ca4-4dab-8218-9d41d1fd1ac9', '33dd45e1-dadc-4fd6-af19-0a3698ab9117', 'd506ff2e-4561-4778-b519-7d7fb9384e04', false);
INSERT INTO art_ping.project_employee VALUES ('6db31c4b-f171-4b71-9f86-b5a4ca585158', '33dd45e1-dadc-4fd6-af19-0a3698ab9117', 'a3eba660-ebad-4453-92f8-72def095c50d', false);
INSERT INTO art_ping.project_employee VALUES ('dde35fa4-9558-4a33-be65-a7aacad29043', '33dd45e1-dadc-4fd6-af19-0a3698ab9117', '05d92b13-3f1e-4326-b4db-bb684357cfe5', false);
INSERT INTO art_ping.project_employee VALUES ('632c69bb-9181-4d9f-84f9-4bec52907f1f', '33dd45e1-dadc-4fd6-af19-0a3698ab9117', '6bdd5fb0-1d5e-429c-9e42-64d6218babb4', false);
INSERT INTO art_ping.project VALUES ('dfa3aced-71f2-4fcd-831b-e9b9c3cab189', 'project343', true);
INSERT INTO art_ping.project_employee VALUES ('c46b3929-67ea-4fea-8e95-d3e36605cf05', 'dfa3aced-71f2-4fcd-831b-e9b9c3cab189', '340e28f5-0850-4a89-8eae-babef720395f', false);
INSERT INTO art_ping.project_employee VALUES ('c8d0442c-1107-46cc-ac89-cab80b2ca509', 'dfa3aced-71f2-4fcd-831b-e9b9c3cab189', 'ee6e51f7-4879-4bc5-a8b5-e38b8f0eebe1', false);
INSERT INTO art_ping.project_employee VALUES ('98271e3a-0bc4-48c2-b5eb-e017c1b61d2e', 'dfa3aced-71f2-4fcd-831b-e9b9c3cab189', '33c5e8ac-400e-4ec6-9e48-5d33bd81f95f', false);
INSERT INTO art_ping.project_employee VALUES ('09a80a10-88be-4f29-a657-2bc598070afe', 'dfa3aced-71f2-4fcd-831b-e9b9c3cab189', '452bb471-b605-431a-9c9f-c673b4fa099e', false);
INSERT INTO art_ping.project_employee VALUES ('4022f156-c49d-40d3-ac4f-88da9370888a', 'dfa3aced-71f2-4fcd-831b-e9b9c3cab189', '47813b39-a1ac-4b21-ab4f-1b9a01ccb067', false);
INSERT INTO art_ping.project_employee VALUES ('ff202870-7d12-420b-be33-6f9bf7a19195', 'dfa3aced-71f2-4fcd-831b-e9b9c3cab189', '1726dad8-71cf-4ec6-8e13-5c8750de21c8', false);
INSERT INTO art_ping.project_employee VALUES ('d4b31227-1510-4d48-ab15-161d4fd5d38b', 'dfa3aced-71f2-4fcd-831b-e9b9c3cab189', '19a3890b-44d6-43bd-b371-54060c6b5bd1', false);
INSERT INTO art_ping.project_employee VALUES ('5e089059-21e2-49a5-a302-233f14115e9b', 'dfa3aced-71f2-4fcd-831b-e9b9c3cab189', '853d7de4-dc4c-4eec-915b-3872c26e0cbd', false);
INSERT INTO art_ping.project_employee VALUES ('33aba575-70cd-414d-b7da-55619ccf7d85', 'dfa3aced-71f2-4fcd-831b-e9b9c3cab189', 'a9500db5-d6b9-46ea-b8e3-36d36c2fb663', false);
INSERT INTO art_ping.project_employee VALUES ('41dc93bc-4ab7-4095-a277-f4a945400782', 'dfa3aced-71f2-4fcd-831b-e9b9c3cab189', '5fca0cc8-1e0c-4817-9607-8cccf8d8c202', false);
INSERT INTO art_ping.project_employee VALUES ('022e3b96-8b8f-4ecb-8108-ab0195734eec', 'dfa3aced-71f2-4fcd-831b-e9b9c3cab189', '750e6c14-3132-4292-bdc3-182c1b18373e', false);
INSERT INTO art_ping.project_employee VALUES ('86cee3f5-eb2c-4db7-a605-3ef0889b2201', 'dfa3aced-71f2-4fcd-831b-e9b9c3cab189', 'd4f81a01-d8a8-4620-9fa0-a863ffc0d9d7', false);
INSERT INTO art_ping.project_employee VALUES ('45de18f7-3618-4497-a09a-0774627f8602', 'dfa3aced-71f2-4fcd-831b-e9b9c3cab189', '8dc81c9e-ee1e-4c44-9e0f-2960dd77133d', false);
INSERT INTO art_ping.project_employee VALUES ('75d71395-4a4d-499c-bf13-517c7834e977', 'dfa3aced-71f2-4fcd-831b-e9b9c3cab189', '39b39e41-30ac-4ec9-a74c-f41d0c5812e9', false);
INSERT INTO art_ping.project_employee VALUES ('8f7154a0-a6ed-40f5-b2c3-cd6e7d4942d4', 'dfa3aced-71f2-4fcd-831b-e9b9c3cab189', '47b6825b-171e-4f90-9288-c97daba27265', false);
INSERT INTO art_ping.project_employee VALUES ('18c302c3-3b84-4c85-9eec-a508b77cd45a', 'dfa3aced-71f2-4fcd-831b-e9b9c3cab189', '83b49996-22c0-4243-ab54-574dc2275deb', false);
INSERT INTO art_ping.project VALUES ('293c4098-f17d-4b58-9dc8-8486edc67b6f', 'project344', true);
INSERT INTO art_ping.project_employee VALUES ('3675b736-16cd-40a2-afd3-cb6d2d5bb331', '293c4098-f17d-4b58-9dc8-8486edc67b6f', '9015c159-7a00-4ec8-bc0e-6882efd215cc', false);
INSERT INTO art_ping.project_employee VALUES ('d359b7d2-f7aa-40ea-a122-26ef861ea5f1', '293c4098-f17d-4b58-9dc8-8486edc67b6f', 'af63e045-ff18-4cc6-893b-1d088e0fc2cf', false);
INSERT INTO art_ping.project_employee VALUES ('1364f9c2-ff2f-47ab-8e6d-77417310cebb', '293c4098-f17d-4b58-9dc8-8486edc67b6f', 'e244ae14-7e73-4465-8068-62da4a118288', false);
INSERT INTO art_ping.project_employee VALUES ('b49a8698-81ac-40aa-ab47-64cce033cedb', '293c4098-f17d-4b58-9dc8-8486edc67b6f', 'd6b2e235-5572-40f7-a821-1c3ed79fed56', false);
INSERT INTO art_ping.project_employee VALUES ('eb1a560c-8450-4356-a20c-189ba7c587d2', '293c4098-f17d-4b58-9dc8-8486edc67b6f', '348e4a71-99d5-4382-a884-229d538af662', false);
INSERT INTO art_ping.project_employee VALUES ('3a9e4d0f-8a85-480d-8290-f3309c89ba27', '293c4098-f17d-4b58-9dc8-8486edc67b6f', '40e34d7c-93aa-4eab-b373-5b649e14430a', false);
INSERT INTO art_ping.project_employee VALUES ('841d75ff-3703-4928-9ad0-95e66d854862', '293c4098-f17d-4b58-9dc8-8486edc67b6f', '12cf9287-3cd2-4a0d-a630-d9cc809c65a6', false);
INSERT INTO art_ping.project_employee VALUES ('0ee73cbe-7da5-4eea-a136-26bebc9b273f', '293c4098-f17d-4b58-9dc8-8486edc67b6f', 'eca8228c-30d7-4e99-90e1-814a18adebdc', false);
INSERT INTO art_ping.project_employee VALUES ('4a573b8c-a71d-4715-b677-ad219e896a38', '293c4098-f17d-4b58-9dc8-8486edc67b6f', 'a7009616-fd86-4ae9-bf30-de17064b6f72', false);
INSERT INTO art_ping.project_employee VALUES ('207458c0-149d-49e8-9c9d-7cd21ba11c83', '293c4098-f17d-4b58-9dc8-8486edc67b6f', '8f0ce4a2-4f0c-4d5e-b94b-419a5a440b21', false);
INSERT INTO art_ping.project_employee VALUES ('327a9365-e710-4f2d-a159-4559a795930e', '293c4098-f17d-4b58-9dc8-8486edc67b6f', 'f93f3f29-0c4a-40d7-8014-b1e56e528dd6', false);
INSERT INTO art_ping.project_employee VALUES ('6a46146f-61b6-4c7a-a1e3-57b6507900f1', '293c4098-f17d-4b58-9dc8-8486edc67b6f', '4cdf619d-8a5b-4bfc-9feb-30cce1470f9b', false);
INSERT INTO art_ping.project_employee VALUES ('3dd1a99f-0ede-4b07-afa9-bb7566a72d31', '293c4098-f17d-4b58-9dc8-8486edc67b6f', '8a88b32e-fc57-48e4-ba53-671bd073ed6c', false);
INSERT INTO art_ping.project_employee VALUES ('98de3de8-7700-4dce-9419-e3bcb2d88827', '293c4098-f17d-4b58-9dc8-8486edc67b6f', 'e2880836-6c73-4e45-bcce-583ca78f6d5c', false);
INSERT INTO art_ping.project_employee VALUES ('9819de53-2148-4a76-8fe7-20d44fe6140d', '293c4098-f17d-4b58-9dc8-8486edc67b6f', 'c8198693-c3cc-4a19-b024-f19d1b89733b', false);
INSERT INTO art_ping.project_employee VALUES ('de4202e2-970b-4bf7-9719-0c7cc2a0a2fe', '293c4098-f17d-4b58-9dc8-8486edc67b6f', '9953c3ef-a760-45f0-b380-448c9d14a3eb', false);
INSERT INTO art_ping.project_employee VALUES ('301975ce-4c50-4be9-bc7a-76cbc78929b8', '293c4098-f17d-4b58-9dc8-8486edc67b6f', '83b49996-22c0-4243-ab54-574dc2275deb', false);
INSERT INTO art_ping.project VALUES ('7f4a9bf0-f7a0-4ba3-bbe6-cb0b06ba1d29', 'project345', true);
INSERT INTO art_ping.project_employee VALUES ('26c73ba3-8633-484f-a538-f26f8fe28da2', '7f4a9bf0-f7a0-4ba3-bbe6-cb0b06ba1d29', 'c446f2da-0723-44a3-a07c-dfe281f27a04', false);
INSERT INTO art_ping.project_employee VALUES ('5a18e00f-8de6-40e0-a628-be88410e411c', '7f4a9bf0-f7a0-4ba3-bbe6-cb0b06ba1d29', '78d819f1-6b51-420c-8281-c8f1d401a50b', false);
INSERT INTO art_ping.project_employee VALUES ('09e4a17c-07ef-4980-9b8e-3bfab4bebc8a', '7f4a9bf0-f7a0-4ba3-bbe6-cb0b06ba1d29', '4302338b-46b5-45ee-bd61-0fc7cede54ba', false);
INSERT INTO art_ping.project_employee VALUES ('4bed9a1d-bda3-4010-a8fa-da0e5fc9dd61', '7f4a9bf0-f7a0-4ba3-bbe6-cb0b06ba1d29', '8429609f-625a-4bd0-a20d-70f7372da498', false);
INSERT INTO art_ping.project_employee VALUES ('3460c667-ca14-4bd8-abc4-f5d016416573', '7f4a9bf0-f7a0-4ba3-bbe6-cb0b06ba1d29', '8df33974-bbfb-4503-adc0-d790a20ed541', false);
INSERT INTO art_ping.project_employee VALUES ('e081371e-03a6-4d70-b4ef-c163a9a28cc0', '7f4a9bf0-f7a0-4ba3-bbe6-cb0b06ba1d29', 'd1837d6b-5509-42b4-a68a-ada499a1db9c', false);
INSERT INTO art_ping.project_employee VALUES ('9724e78f-bbdd-40d4-a805-99d25594b6cd', '7f4a9bf0-f7a0-4ba3-bbe6-cb0b06ba1d29', 'cf0d3889-ccf9-4c1a-8cab-2c364d1fd976', false);
INSERT INTO art_ping.project_employee VALUES ('4df2e25c-e12d-4b5c-a0fe-4aaac43c7a9b', '7f4a9bf0-f7a0-4ba3-bbe6-cb0b06ba1d29', '231a2166-084a-45b7-b08c-0718eac0fdb3', false);
INSERT INTO art_ping.project_employee VALUES ('e90cec51-36a0-4994-a6ee-e9b08b1aea2e', '7f4a9bf0-f7a0-4ba3-bbe6-cb0b06ba1d29', '19a3890b-44d6-43bd-b371-54060c6b5bd1', false);
INSERT INTO art_ping.project_employee VALUES ('93cf9f0d-0410-4843-9729-263eec22f879', '7f4a9bf0-f7a0-4ba3-bbe6-cb0b06ba1d29', '0d9be05f-494f-4ea6-aa20-04cb47089c46', false);
INSERT INTO art_ping.project_employee VALUES ('bd027705-7065-429c-9b4c-304bb35553b8', '7f4a9bf0-f7a0-4ba3-bbe6-cb0b06ba1d29', '6953e5d0-da7b-4f25-80e3-195af5533b7a', false);
INSERT INTO art_ping.project_employee VALUES ('944a8653-aadd-46d0-924e-f0878e8b46df', '7f4a9bf0-f7a0-4ba3-bbe6-cb0b06ba1d29', 'b70cb7b9-8833-4606-8d56-867a01e2c56c', false);
INSERT INTO art_ping.project_employee VALUES ('269d925e-3ee5-4a6d-b6f7-b5efb7173d8f', '7f4a9bf0-f7a0-4ba3-bbe6-cb0b06ba1d29', '21f0a20e-1ca8-4895-a904-7f0969c3687f', false);
INSERT INTO art_ping.project_employee VALUES ('cfc4e85e-5918-4aed-9a12-ab5f76d451ba', '7f4a9bf0-f7a0-4ba3-bbe6-cb0b06ba1d29', '75327b2b-17bb-4cb5-8840-679898171eda', false);
INSERT INTO art_ping.project_employee VALUES ('de43f8a5-c28a-4ee7-a1b6-293a933650da', '7f4a9bf0-f7a0-4ba3-bbe6-cb0b06ba1d29', '6af70ce3-be0a-4b67-90f8-5d03b9250dff', false);
INSERT INTO art_ping.project_employee VALUES ('5e18f882-0512-4839-9ae5-837cdc06d5e7', '7f4a9bf0-f7a0-4ba3-bbe6-cb0b06ba1d29', '8e5aeece-282b-44e2-b0ae-90f428192683', false);
INSERT INTO art_ping.project_employee VALUES ('c54b46a4-92e1-4ed8-ac33-c1db80cfe775', '7f4a9bf0-f7a0-4ba3-bbe6-cb0b06ba1d29', '506c90be-9047-4868-9f58-4d30d43c5cd4', false);
INSERT INTO art_ping.project_employee VALUES ('864ab8a3-041e-40fa-8b47-6e6b06d540e5', '7f4a9bf0-f7a0-4ba3-bbe6-cb0b06ba1d29', 'efeedefd-d565-4b54-8acd-03ccf746e125', false);
INSERT INTO art_ping.project VALUES ('53d6bdd1-ef3a-4b23-8d67-ca3cbb4d1c53', 'project346', true);
INSERT INTO art_ping.project_employee VALUES ('721222e5-c921-403c-b966-e1566c2f9cb0', '53d6bdd1-ef3a-4b23-8d67-ca3cbb4d1c53', '8c049c7a-0143-4d5f-a532-c9ab9c30e5c7', false);
INSERT INTO art_ping.project_employee VALUES ('97b9bd31-1a95-49a7-a182-5e066c128352', '53d6bdd1-ef3a-4b23-8d67-ca3cbb4d1c53', '6cfb2d70-61ca-4ebe-8c24-b5d403461dfd', false);
INSERT INTO art_ping.project_employee VALUES ('e9f5a9ff-b669-401b-b335-353267bf0695', '53d6bdd1-ef3a-4b23-8d67-ca3cbb4d1c53', '875d0ddd-5c98-4010-ac0c-27ebe20ac3d5', false);
INSERT INTO art_ping.project_employee VALUES ('0d304bcb-0522-42d7-ae38-db8890136622', '53d6bdd1-ef3a-4b23-8d67-ca3cbb4d1c53', '22e421f4-f965-46d0-a8c4-1a98b36d9c78', false);
INSERT INTO art_ping.project_employee VALUES ('ba99afaa-6d40-4ee0-8030-58ead819cd15', '53d6bdd1-ef3a-4b23-8d67-ca3cbb4d1c53', 'd6034534-a8c2-46dd-bb1f-80911883501d', false);
INSERT INTO art_ping.project_employee VALUES ('fc0ceeef-d0fc-4d66-828e-a28c9c48daa9', '53d6bdd1-ef3a-4b23-8d67-ca3cbb4d1c53', '80544bcc-4286-4ed6-8981-323152036cde', false);
INSERT INTO art_ping.project VALUES ('c67c1d48-43bb-463c-ac63-ab0635081474', 'project347', true);
INSERT INTO art_ping.project_employee VALUES ('12e1e9c4-9259-4ec5-bcf8-2ee34c4e6529', 'c67c1d48-43bb-463c-ac63-ab0635081474', '9e118fb6-b144-47c7-8bb9-3a2a80d66630', false);
INSERT INTO art_ping.project_employee VALUES ('60821c83-e87e-4843-baf7-1ed766381159', 'c67c1d48-43bb-463c-ac63-ab0635081474', '07c31b02-615d-4b0a-869b-9e77e763c102', false);
INSERT INTO art_ping.project_employee VALUES ('49022577-6b43-4a5c-8dd0-fa79896e5875', 'c67c1d48-43bb-463c-ac63-ab0635081474', 'fcf4f917-a78a-47ce-8e84-5dd547f471d3', false);
INSERT INTO art_ping.project_employee VALUES ('5c3fc7b9-3513-4123-8dc5-ed8b20b91181', 'c67c1d48-43bb-463c-ac63-ab0635081474', 'f1b2ee7f-8722-4daf-b265-6a5a272a2bdb', false);
INSERT INTO art_ping.project_employee VALUES ('7b39d9ae-c5e3-4945-a071-124e1ad59e2b', 'c67c1d48-43bb-463c-ac63-ab0635081474', '0c6d2a1f-a5fb-419a-b16b-998b14649693', false);
INSERT INTO art_ping.project_employee VALUES ('4d857571-e4ac-4443-89a4-83b08c7f3322', 'c67c1d48-43bb-463c-ac63-ab0635081474', 'be6f4617-ce18-4149-b2ff-d1d325b8c6dc', false);
INSERT INTO art_ping.project_employee VALUES ('db60962b-1f21-4df6-be34-839f40d3f631', 'c67c1d48-43bb-463c-ac63-ab0635081474', '51354a6d-189b-4def-9c2e-83d47695307a', false);
INSERT INTO art_ping.project_employee VALUES ('54139aa9-a77b-4a9d-ad29-0d873bafd1a8', 'c67c1d48-43bb-463c-ac63-ab0635081474', 'e2cbc43f-e345-4842-916d-24dcef62f0b1', false);
INSERT INTO art_ping.project_employee VALUES ('19426633-f721-4de7-8692-a790debb629e', 'c67c1d48-43bb-463c-ac63-ab0635081474', 'eca8228c-30d7-4e99-90e1-814a18adebdc', false);
INSERT INTO art_ping.project_employee VALUES ('28984d33-3e55-4b54-a3f1-d84f2e405bd2', 'c67c1d48-43bb-463c-ac63-ab0635081474', '51ad0527-e8f3-4c49-aaf2-438e268dfc29', false);
INSERT INTO art_ping.project_employee VALUES ('82cfd873-7f9a-4e65-8085-4c59b78389f4', 'c67c1d48-43bb-463c-ac63-ab0635081474', 'a826b351-d4db-44c7-95f8-f68c790b595b', false);
INSERT INTO art_ping.project_employee VALUES ('2e85245a-a03d-43fd-8629-341d7cb45fef', 'c67c1d48-43bb-463c-ac63-ab0635081474', 'a352156f-46ef-45ef-92b7-6ec0aada131d', false);
INSERT INTO art_ping.project_employee VALUES ('cb4fd271-c9a2-4d7f-94e8-56422bfe2064', 'c67c1d48-43bb-463c-ac63-ab0635081474', '0b3b827f-6181-4483-8d10-7397dc02b368', false);
INSERT INTO art_ping.project_employee VALUES ('fcfc3e55-40c7-4a0a-8ac5-f8d28b26e791', 'c67c1d48-43bb-463c-ac63-ab0635081474', '451727d3-8e6f-4c5b-8513-1a3ff237e4fd', false);
INSERT INTO art_ping.project_employee VALUES ('de57ad87-271a-474c-a516-c089a1dda1e3', 'c67c1d48-43bb-463c-ac63-ab0635081474', '3be25b04-dc02-490e-bc1d-1a68adc1fe5f', false);
INSERT INTO art_ping.project_employee VALUES ('50d4df78-da77-4b13-ad42-385b86803ae8', 'c67c1d48-43bb-463c-ac63-ab0635081474', '8a88b32e-fc57-48e4-ba53-671bd073ed6c', false);
INSERT INTO art_ping.project_employee VALUES ('122393e8-beae-4a7f-9f05-986d748a9ff4', 'c67c1d48-43bb-463c-ac63-ab0635081474', 'ae2b42a2-d149-411e-814b-0edded87714b', false);
INSERT INTO art_ping.project VALUES ('b50fd205-dbfe-4a21-b1c6-e9b2cc61645f', 'project348', true);
INSERT INTO art_ping.project_employee VALUES ('00e8dd9a-ecbc-453f-bbf7-d0033002a918', 'b50fd205-dbfe-4a21-b1c6-e9b2cc61645f', '07414fc9-cf25-4373-ac8a-8132e3fb40d9', false);
INSERT INTO art_ping.project_employee VALUES ('9bfe5137-00ae-4456-9f9f-21767f57acfe', 'b50fd205-dbfe-4a21-b1c6-e9b2cc61645f', '07db2e4b-db75-4803-ae43-4f60fc25a1f8', false);
INSERT INTO art_ping.project_employee VALUES ('c29bcb12-09a0-4bae-a6ec-4f257e5b45c0', 'b50fd205-dbfe-4a21-b1c6-e9b2cc61645f', '9dc4b22b-4c22-4fda-b66e-57caf03383c0', false);
INSERT INTO art_ping.project_employee VALUES ('414f64b2-1dcc-4358-beb9-2976e313a3ef', 'b50fd205-dbfe-4a21-b1c6-e9b2cc61645f', '1fa7b87d-f0de-4dd1-9f90-776b7a9eb4c3', false);
INSERT INTO art_ping.project_employee VALUES ('225d992f-3d24-4c56-b70b-1aab3a0fefc8', 'b50fd205-dbfe-4a21-b1c6-e9b2cc61645f', 'b175a33a-6b43-40ec-85e7-9f1438e24094', false);
INSERT INTO art_ping.project_employee VALUES ('1dc47ede-8ad3-460f-a7f3-f2f5863d45cd', 'b50fd205-dbfe-4a21-b1c6-e9b2cc61645f', '7b03ab40-238a-488a-87a3-d3b19501196d', false);
INSERT INTO art_ping.project_employee VALUES ('d175fec2-62b8-4195-a177-6aec96677d53', 'b50fd205-dbfe-4a21-b1c6-e9b2cc61645f', '8c05f93e-a563-4678-b1ff-9e196908d054', false);
INSERT INTO art_ping.project_employee VALUES ('15d6a8da-e9c2-468f-ba86-9d56f63df96c', 'b50fd205-dbfe-4a21-b1c6-e9b2cc61645f', '844eb723-803f-40f0-8408-7bd4962cb69c', false);
INSERT INTO art_ping.project_employee VALUES ('0ce9f712-325c-4b0d-abe7-179fcd76f08c', 'b50fd205-dbfe-4a21-b1c6-e9b2cc61645f', '231a2166-084a-45b7-b08c-0718eac0fdb3', false);
INSERT INTO art_ping.project_employee VALUES ('35f99c88-6340-4dd9-9b0f-fe57dc5c4628', 'b50fd205-dbfe-4a21-b1c6-e9b2cc61645f', 'ffa02c36-60d5-4eae-908b-67f7dafe0a46', false);
INSERT INTO art_ping.project_employee VALUES ('8c3ca62f-b094-4072-a64e-83fccda5f890', 'b50fd205-dbfe-4a21-b1c6-e9b2cc61645f', 'fb9b03c8-a286-4686-a803-7019361ef031', false);
INSERT INTO art_ping.project_employee VALUES ('4f8f7dff-3101-415d-b62d-a54716fac0c1', 'b50fd205-dbfe-4a21-b1c6-e9b2cc61645f', '756395f5-9fae-40c4-9e47-6eea95e3894e', false);
INSERT INTO art_ping.project_employee VALUES ('5a06f0f2-8b49-48fe-8260-54e44b70c2c4', 'b50fd205-dbfe-4a21-b1c6-e9b2cc61645f', '1e5f7186-0fb5-49d0-ac30-eab33edcc0a7', false);
INSERT INTO art_ping.project_employee VALUES ('e7034a0e-8eff-4070-ac11-c36812a9b0a9', 'b50fd205-dbfe-4a21-b1c6-e9b2cc61645f', 'd4b8749a-e95d-4de4-9267-ed7b45510d0f', false);
INSERT INTO art_ping.project VALUES ('c7fc6ae0-6d6a-47ca-b96c-e6cb6651c2c9', 'project349', true);
INSERT INTO art_ping.project_employee VALUES ('af7e4907-0273-47ce-95fe-a61e72893303', 'c7fc6ae0-6d6a-47ca-b96c-e6cb6651c2c9', '0c321c7c-ad6b-4be0-807a-b65820c807ac', false);
INSERT INTO art_ping.project_employee VALUES ('c5c98930-f19d-49c3-b438-cae8b52e8e51', 'c7fc6ae0-6d6a-47ca-b96c-e6cb6651c2c9', '308ced5a-35ab-483f-ad1d-b705e7d67578', false);
INSERT INTO art_ping.project_employee VALUES ('225a7824-2b61-4cc5-a8c4-01a0cce3ec4e', 'c7fc6ae0-6d6a-47ca-b96c-e6cb6651c2c9', 'fd7b6a3a-b275-4e81-bf15-2ac247b46cd6', false);
INSERT INTO art_ping.project_employee VALUES ('baabbcc2-7dbf-49b4-a368-fd7ea2d9378d', 'c7fc6ae0-6d6a-47ca-b96c-e6cb6651c2c9', '7d0e9d44-4a81-4cb4-a56a-bfec1177128d', false);
INSERT INTO art_ping.project_employee VALUES ('fb56a793-4fa1-47be-a11d-77e96e3aa8b8', 'c7fc6ae0-6d6a-47ca-b96c-e6cb6651c2c9', 'ee0769af-652c-4ed0-aec4-f09c72a54f84', false);
INSERT INTO art_ping.project_employee VALUES ('ade59deb-a1d5-4496-90a2-e8fe0500a4f1', 'c7fc6ae0-6d6a-47ca-b96c-e6cb6651c2c9', '0a3b8e15-0aa8-4fce-ba52-a3b788c5ba3f', false);
INSERT INTO art_ping.project_employee VALUES ('1b2d82d7-b2aa-41e7-9512-b49c07b7a3be', 'c7fc6ae0-6d6a-47ca-b96c-e6cb6651c2c9', 'a7a3b462-8533-4f6d-aad0-7f1e1fff2f19', false);
INSERT INTO art_ping.project_employee VALUES ('b93bf705-7d09-44cd-9e1f-890029d6d420', 'c7fc6ae0-6d6a-47ca-b96c-e6cb6651c2c9', '4c0d2729-f438-414b-88fb-a19b7c21b288', false);
INSERT INTO art_ping.project VALUES ('67e204fb-8621-451a-a8f0-c7f491bdac96', 'project350', true);
INSERT INTO art_ping.project_employee VALUES ('2f1dd0c4-55c8-4c15-866b-8863dbf0d684', '67e204fb-8621-451a-a8f0-c7f491bdac96', '3f80df10-2953-4b62-a570-e579a1d6357a', false);
INSERT INTO art_ping.project_employee VALUES ('6b62c63e-beb9-430b-83e5-1f19930e03b1', '67e204fb-8621-451a-a8f0-c7f491bdac96', '471a103a-faff-493e-8d0a-299e388cbb2d', false);
INSERT INTO art_ping.project_employee VALUES ('d33bfcf8-f5de-4000-94ee-68c218992368', '67e204fb-8621-451a-a8f0-c7f491bdac96', 'f1390d56-a7f9-4ed6-a315-8e5d3128590e', false);
INSERT INTO art_ping.project_employee VALUES ('d68c5047-5950-45e8-91ae-637ae0719de5', '67e204fb-8621-451a-a8f0-c7f491bdac96', 'b81ee9ec-c164-40d3-8cb0-951b23351884', false);
INSERT INTO art_ping.project_employee VALUES ('66a17104-3945-4d7a-8072-4b933a897e50', '67e204fb-8621-451a-a8f0-c7f491bdac96', 'e424a74b-19a1-4b97-8ce0-b39646f66c8d', false);
INSERT INTO art_ping.project_employee VALUES ('9b364ace-4519-41a6-89a4-8b23af559c10', '67e204fb-8621-451a-a8f0-c7f491bdac96', '702949cd-8d49-414c-a7c6-d4966977798f', false);
INSERT INTO art_ping.project_employee VALUES ('0bafd047-69f1-48cf-9c82-14e1782b5345', '67e204fb-8621-451a-a8f0-c7f491bdac96', '970203ae-fae6-43cc-bc06-cc3bb400ee0a', false);
INSERT INTO art_ping.project_employee VALUES ('714374ab-2a6c-40e1-b24c-42936b3e579b', '67e204fb-8621-451a-a8f0-c7f491bdac96', '52cf7dca-8a89-4675-8cca-ca319a24bc04', false);
INSERT INTO art_ping.project VALUES ('84bbbaed-7c1e-4276-b6d1-86172814bb97', 'project351', true);
INSERT INTO art_ping.project_employee VALUES ('b2c438ed-29ba-4405-bd42-ad4ac5ebcf59', '84bbbaed-7c1e-4276-b6d1-86172814bb97', '1a5484bd-7b93-4ed8-a7f7-26e3af3c9b10', false);
INSERT INTO art_ping.project_employee VALUES ('e3bdd69a-6435-41b0-9c75-3de9740910fc', '84bbbaed-7c1e-4276-b6d1-86172814bb97', '2bea5822-925e-4f20-935e-39e1f35a9835', false);
INSERT INTO art_ping.project_employee VALUES ('f55979d8-1b09-4219-8614-75c260c1a9fa', '84bbbaed-7c1e-4276-b6d1-86172814bb97', 'ff815e1a-552a-4b9e-bb37-738ff0b16e61', false);
INSERT INTO art_ping.project_employee VALUES ('670f5d7e-972e-4de9-b603-09a9df7b150d', '84bbbaed-7c1e-4276-b6d1-86172814bb97', 'a91576d9-95f7-42f0-96c2-8d86fbc31bb8', false);
INSERT INTO art_ping.project_employee VALUES ('80dceb3b-8961-4f57-ba10-6a7fe1563889', '84bbbaed-7c1e-4276-b6d1-86172814bb97', 'fb67b0c8-67d8-4b01-a3c5-d27b062ef307', false);
INSERT INTO art_ping.project_employee VALUES ('ee431dbe-c4ee-4d03-8c74-5e1e58771631', '84bbbaed-7c1e-4276-b6d1-86172814bb97', 'd596710b-013b-4530-be15-d54f42933ca0', false);
INSERT INTO art_ping.project VALUES ('b6a4db27-129e-4a86-b1de-9bee9f99ef7b', 'project352', true);
INSERT INTO art_ping.project_employee VALUES ('d9c14228-3e98-48fb-86bb-f68720c2e83d', 'b6a4db27-129e-4a86-b1de-9bee9f99ef7b', 'c497679e-3fec-4bcd-99a7-864f9803de1c', false);
INSERT INTO art_ping.project_employee VALUES ('1d1c7137-8928-4b57-b7c4-57f885dd3290', 'b6a4db27-129e-4a86-b1de-9bee9f99ef7b', '62c2bb85-0bec-4eb2-87b7-295231bba972', false);
INSERT INTO art_ping.project_employee VALUES ('e99a4a66-791c-45e0-aff3-9270c1ee0629', 'b6a4db27-129e-4a86-b1de-9bee9f99ef7b', '86cf0bff-1a68-488a-8295-4222969a3ffb', false);
INSERT INTO art_ping.project_employee VALUES ('15352a45-20ef-4725-9944-67767586bafd', 'b6a4db27-129e-4a86-b1de-9bee9f99ef7b', '2a1dd19e-3dfc-401d-8ae6-a3531463e0e2', false);
INSERT INTO art_ping.project_employee VALUES ('dd95c762-4c10-4b68-92b4-19a3b5a938ed', 'b6a4db27-129e-4a86-b1de-9bee9f99ef7b', 'de4e9d50-476d-40ba-94d6-4f47e89f11e3', false);
INSERT INTO art_ping.project_employee VALUES ('1a2e8af9-342e-4bdb-9eb9-df899c792a1b', 'b6a4db27-129e-4a86-b1de-9bee9f99ef7b', '505a4104-acaf-48db-bf7c-45656c6d915e', false);
INSERT INTO art_ping.project_employee VALUES ('84efa76a-b76e-46cf-9949-adee4bdfcdf5', 'b6a4db27-129e-4a86-b1de-9bee9f99ef7b', '5fca0cc8-1e0c-4817-9607-8cccf8d8c202', false);
INSERT INTO art_ping.project_employee VALUES ('61fd7482-7210-4b72-9dd4-55aa43690970', 'b6a4db27-129e-4a86-b1de-9bee9f99ef7b', 'e3453ceb-3aec-48b8-9376-a52af08e7111', false);
INSERT INTO art_ping.project_employee VALUES ('d299e942-1172-492d-a149-9020f8111530', 'b6a4db27-129e-4a86-b1de-9bee9f99ef7b', 'c2aa43c6-ee1b-4070-9e73-df2e101e2c95', false);
INSERT INTO art_ping.project_employee VALUES ('afe98475-780e-4be2-8ca3-30721d0ba88f', 'b6a4db27-129e-4a86-b1de-9bee9f99ef7b', '47ce1e37-e6ee-4e8d-9de8-6d2ee8835dcf', false);
INSERT INTO art_ping.project_employee VALUES ('6a2033e2-fa8e-4497-9f84-84bd21ccda08', 'b6a4db27-129e-4a86-b1de-9bee9f99ef7b', '9ffecabc-43e0-4fba-88df-d90801b4c44e', false);
INSERT INTO art_ping.project_employee VALUES ('5f837c61-eb49-4d70-a029-4a7ac8a87b08', 'b6a4db27-129e-4a86-b1de-9bee9f99ef7b', '8e5aeece-282b-44e2-b0ae-90f428192683', false);
INSERT INTO art_ping.project_employee VALUES ('8a766e6b-e89c-4a90-8d0a-36d35629c62b', 'b6a4db27-129e-4a86-b1de-9bee9f99ef7b', 'c8198693-c3cc-4a19-b024-f19d1b89733b', false);
INSERT INTO art_ping.project VALUES ('37deaf6c-202c-4a95-b87e-47b1855d2ca8', 'project353', true);
INSERT INTO art_ping.project_employee VALUES ('798ce086-45c1-4367-bf10-45887cfadda2', '37deaf6c-202c-4a95-b87e-47b1855d2ca8', '6691d92b-988c-41b3-80bb-2ef834ae0adf', false);
INSERT INTO art_ping.project_employee VALUES ('d7352046-1263-45f9-ac50-396016100458', '37deaf6c-202c-4a95-b87e-47b1855d2ca8', 'a547f5ea-4ebe-4601-aa11-6306914d7eaf', false);
INSERT INTO art_ping.project_employee VALUES ('66e09c7e-81c6-4693-a6b3-183497cf75a2', '37deaf6c-202c-4a95-b87e-47b1855d2ca8', '5d46f018-3b59-4c1d-8d29-10f45690104b', false);
INSERT INTO art_ping.project VALUES ('49a68788-c13c-4139-aef2-857a313d53ae', 'project354', true);
INSERT INTO art_ping.project_employee VALUES ('23864ffd-b2c0-4b9e-8a89-89318dacd137', '49a68788-c13c-4139-aef2-857a313d53ae', 'ef7966d0-b3aa-4f46-a659-7441d0f1c60f', false);
INSERT INTO art_ping.project_employee VALUES ('4dc8ca5a-6523-49da-b542-b8ba174403f8', '49a68788-c13c-4139-aef2-857a313d53ae', 'bd5f4072-4756-47cd-8cdd-b3863b8a3be4', false);
INSERT INTO art_ping.project_employee VALUES ('0649e3a9-8653-4cd1-8e85-a7d59c592483', '49a68788-c13c-4139-aef2-857a313d53ae', '348e4a71-99d5-4382-a884-229d538af662', false);
INSERT INTO art_ping.project_employee VALUES ('7a3c997a-f9bc-4f62-a7da-341dcad273ea', '49a68788-c13c-4139-aef2-857a313d53ae', '410dc7a2-ecfe-4725-81f1-0977b2bf9883', false);
INSERT INTO art_ping.project VALUES ('44562fe9-490f-408f-b10c-70e0409d98a0', 'project355', true);
INSERT INTO art_ping.project_employee VALUES ('e23a5b48-6f08-4320-ab43-43b6ca84a621', '44562fe9-490f-408f-b10c-70e0409d98a0', '645e95c5-885f-42bf-b4a6-dd0e0f10f16f', false);
INSERT INTO art_ping.project_employee VALUES ('6ccf0c39-9664-499a-a38b-be75ea86a287', '44562fe9-490f-408f-b10c-70e0409d98a0', '9015c159-7a00-4ec8-bc0e-6882efd215cc', false);
INSERT INTO art_ping.project_employee VALUES ('a9fa3fb0-1cd7-4f93-8b50-535b386e9333', '44562fe9-490f-408f-b10c-70e0409d98a0', 'd94e1a84-d01b-4e15-b247-5f398d449dcf', false);
INSERT INTO art_ping.project_employee VALUES ('c02c4182-9937-49dd-bd41-ba8dd7af5eb5', '44562fe9-490f-408f-b10c-70e0409d98a0', 'b70cb7b9-8833-4606-8d56-867a01e2c56c', false);
INSERT INTO art_ping.project_employee VALUES ('934cfd0f-e3a4-476b-b2f8-e464a41f9a2f', '44562fe9-490f-408f-b10c-70e0409d98a0', 'bb778065-93d5-43f6-8bb5-fe5f03389bba', false);
INSERT INTO art_ping.project_employee VALUES ('543ecba6-d2ed-4645-9d90-17d035503b79', '44562fe9-490f-408f-b10c-70e0409d98a0', '4cdf619d-8a5b-4bfc-9feb-30cce1470f9b', false);
INSERT INTO art_ping.project_employee VALUES ('04964f7b-f085-497a-ac39-6ae75f6a0cc0', '44562fe9-490f-408f-b10c-70e0409d98a0', 'bf99118f-478c-4f13-b090-c482af39638b', false);
INSERT INTO art_ping.project VALUES ('14c1f70c-580c-493b-b4ef-991390e51bc1', 'project356', true);
INSERT INTO art_ping.project_employee VALUES ('3843c746-1e9f-47bd-9bfa-490046c73c88', '14c1f70c-580c-493b-b4ef-991390e51bc1', 'a97deb29-5516-46aa-b2d0-2ddd14fbee1d', false);
INSERT INTO art_ping.project_employee VALUES ('c7e4b665-aa05-4b04-9af6-2bc59ec364b5', '14c1f70c-580c-493b-b4ef-991390e51bc1', '5895a739-710b-42c6-a590-43412f4df365', false);
INSERT INTO art_ping.project_employee VALUES ('0889bd96-3982-4553-82d7-bcb71694c1b4', '14c1f70c-580c-493b-b4ef-991390e51bc1', '471a103a-faff-493e-8d0a-299e388cbb2d', false);
INSERT INTO art_ping.project_employee VALUES ('44813c39-fa4c-4f44-a2f2-35d53b22eda8', '14c1f70c-580c-493b-b4ef-991390e51bc1', '3a895d1c-5604-455a-9461-0ec25d546b71', false);
INSERT INTO art_ping.project_employee VALUES ('cb69491f-b614-42d4-afe1-337b1d02353f', '14c1f70c-580c-493b-b4ef-991390e51bc1', '62c2bb85-0bec-4eb2-87b7-295231bba972', false);
INSERT INTO art_ping.project_employee VALUES ('b2f5d276-972a-475b-931e-7288099c04db', '14c1f70c-580c-493b-b4ef-991390e51bc1', 'd15ec44e-6635-478c-af0f-f55a63b8a9d3', false);
INSERT INTO art_ping.project_employee VALUES ('a1b80e88-9faa-46d2-b9ec-9d4ed21cddde', '14c1f70c-580c-493b-b4ef-991390e51bc1', '76db39d9-b2ab-470a-af66-04427497d652', false);
INSERT INTO art_ping.project_employee VALUES ('cf75e800-844d-46ba-a2c0-cb19345afb79', '14c1f70c-580c-493b-b4ef-991390e51bc1', '046d5e00-ba89-4a40-ba02-eae14c78c564', false);
INSERT INTO art_ping.project_employee VALUES ('d60bf3b4-49f3-4f88-86f1-27328ea81be6', '14c1f70c-580c-493b-b4ef-991390e51bc1', '1726dad8-71cf-4ec6-8e13-5c8750de21c8', false);
INSERT INTO art_ping.project_employee VALUES ('a1f1d31c-5042-47af-8a38-27f6b3f11ae9', '14c1f70c-580c-493b-b4ef-991390e51bc1', 'f336a8a3-ee30-4778-83b0-3550ccde0fe6', false);
INSERT INTO art_ping.project_employee VALUES ('dc37a7a2-b650-4547-a3d8-4621913c4a3c', '14c1f70c-580c-493b-b4ef-991390e51bc1', '0e56808e-1d78-4611-b873-0d2d75c33554', false);
INSERT INTO art_ping.project_employee VALUES ('660eddce-e689-426e-98cd-605bced86c4e', '14c1f70c-580c-493b-b4ef-991390e51bc1', '0ada35b7-1963-4938-aa0b-e7fb501440a8', false);
INSERT INTO art_ping.project_employee VALUES ('2b0809bb-4900-47d2-849e-7ea1a9a5aeae', '14c1f70c-580c-493b-b4ef-991390e51bc1', 'b70cb7b9-8833-4606-8d56-867a01e2c56c', false);
INSERT INTO art_ping.project_employee VALUES ('84f55475-383e-4809-b890-79779481c4f6', '14c1f70c-580c-493b-b4ef-991390e51bc1', 'e06d78cf-3c49-42e0-a416-7ee0c3a21be7', false);
INSERT INTO art_ping.project_employee VALUES ('198bca59-242e-4cc4-9044-df574760bca1', '14c1f70c-580c-493b-b4ef-991390e51bc1', 'f13996b1-1d4e-4031-b848-4d38e070ae36', false);
INSERT INTO art_ping.project_employee VALUES ('02e3e0f8-2193-4ffb-bd84-e3a24d0c7113', '14c1f70c-580c-493b-b4ef-991390e51bc1', 'ef25260d-3eb8-4893-8fe8-3e51ca329be8', false);
INSERT INTO art_ping.project_employee VALUES ('36d18e64-4fb5-4a6d-b826-06035663afd6', '14c1f70c-580c-493b-b4ef-991390e51bc1', 'b9aad10a-27f0-4bf2-b520-2686dff5c1d0', false);
INSERT INTO art_ping.project_employee VALUES ('5e3e66f0-f3f2-4c4c-a76c-bf06171aba3d', '14c1f70c-580c-493b-b4ef-991390e51bc1', '089fd005-d1ce-454f-9922-c99944b2aa94', false);
INSERT INTO art_ping.project_employee VALUES ('eec01188-fb06-44f8-9934-bbe8bc87546d', '14c1f70c-580c-493b-b4ef-991390e51bc1', '833f10ad-97d4-43ed-ade5-8b0a843aabbf', false);
INSERT INTO art_ping.project VALUES ('a1b889c4-403f-4c3f-b6e0-8d50426f5520', 'project357', true);
INSERT INTO art_ping.project_employee VALUES ('f201ff33-9076-4b5b-a72c-965ecd87aef0', 'a1b889c4-403f-4c3f-b6e0-8d50426f5520', '5a5c3045-0dc5-48e6-a271-cd2e5e9dcb06', false);
INSERT INTO art_ping.project_employee VALUES ('2262fe5e-1f88-400b-9ce9-123f91235455', 'a1b889c4-403f-4c3f-b6e0-8d50426f5520', 'eb78dfd4-d641-4376-bcd5-c5bd54db3aaf', false);
INSERT INTO art_ping.project_employee VALUES ('43e92297-2beb-4c01-9fbf-899308a41d3a', 'a1b889c4-403f-4c3f-b6e0-8d50426f5520', '9e78a2ab-2fde-45ec-98bf-5b9315e22f61', false);
INSERT INTO art_ping.project_employee VALUES ('2600659b-5ca5-438e-a73a-1f8ffc69c989', 'a1b889c4-403f-4c3f-b6e0-8d50426f5520', 'e118eaff-ea44-4548-8941-28b1cb9ffd3a', false);
INSERT INTO art_ping.project_employee VALUES ('8ac2db94-3247-4210-927f-ee66ead03b1a', 'a1b889c4-403f-4c3f-b6e0-8d50426f5520', '53cee98c-355a-487b-b02a-cfe20f6899fe', false);
INSERT INTO art_ping.project_employee VALUES ('58f05175-cbc2-4e80-8ff4-3d23d4793e94', 'a1b889c4-403f-4c3f-b6e0-8d50426f5520', '9e118fb6-b144-47c7-8bb9-3a2a80d66630', false);
INSERT INTO art_ping.project_employee VALUES ('bb57575f-7008-4816-b7b6-a05e92f46065', 'a1b889c4-403f-4c3f-b6e0-8d50426f5520', 'e8f306b1-80f2-41f6-a4a3-2dbb11e01e25', false);
INSERT INTO art_ping.project_employee VALUES ('65b514ef-8a9d-4532-973b-a8322265b4b7', 'a1b889c4-403f-4c3f-b6e0-8d50426f5520', '312e73e9-183a-46b9-b871-763096d3a647', false);
INSERT INTO art_ping.project_employee VALUES ('5651c6df-a954-4425-afee-327cffc1aed1', 'a1b889c4-403f-4c3f-b6e0-8d50426f5520', '089fd005-d1ce-454f-9922-c99944b2aa94', false);
INSERT INTO art_ping.project VALUES ('96d9e13c-35a1-4f2c-b8c4-b015c28a2aab', 'project358', true);
INSERT INTO art_ping.project_employee VALUES ('fa1ff3c3-6936-47ed-9804-8f771dd9fa3f', '96d9e13c-35a1-4f2c-b8c4-b015c28a2aab', 'c22a98a5-d269-48ef-9ca3-2e3706520a55', false);
INSERT INTO art_ping.project_employee VALUES ('166dba75-2ef6-4635-976d-615b0985d04f', '96d9e13c-35a1-4f2c-b8c4-b015c28a2aab', '0d9be05f-494f-4ea6-aa20-04cb47089c46', false);
INSERT INTO art_ping.project_employee VALUES ('a850a5f4-50a4-48b7-a04e-44e9027d6b4c', '96d9e13c-35a1-4f2c-b8c4-b015c28a2aab', 'fa8e38a0-4a81-4465-83f9-d45c808cd84b', false);
INSERT INTO art_ping.project_employee VALUES ('76f41d2e-3a41-424e-8c3f-0303cf5df6af', '96d9e13c-35a1-4f2c-b8c4-b015c28a2aab', '9e78a2ab-2fde-45ec-98bf-5b9315e22f61', false);
INSERT INTO art_ping.project_employee VALUES ('1ef70422-8c84-4106-9e2c-880b457252cc', '96d9e13c-35a1-4f2c-b8c4-b015c28a2aab', 'f4afc4da-d98c-4f2b-be4a-43ebca9bce04', false);
INSERT INTO art_ping.project_employee VALUES ('d0d4da9e-0724-457d-bdb3-57c4b3164643', '96d9e13c-35a1-4f2c-b8c4-b015c28a2aab', '4e444732-bfa8-4437-9e90-b12b405cddba', false);
INSERT INTO art_ping.project_employee VALUES ('6c591033-d29c-4df0-8f36-82596407f127', '96d9e13c-35a1-4f2c-b8c4-b015c28a2aab', '99756689-c14e-4cdb-8599-10f40d956fcc', false);
INSERT INTO art_ping.project_employee VALUES ('407b4709-3035-4549-b600-f56bc4573292', '96d9e13c-35a1-4f2c-b8c4-b015c28a2aab', '53fc0d4a-c909-4502-b70b-d2fcfa8bd8fb', false);
INSERT INTO art_ping.project_employee VALUES ('451739a6-895d-4ba4-b89d-7451ba35ee45', '96d9e13c-35a1-4f2c-b8c4-b015c28a2aab', '0dbb3ff9-9ae1-49a8-8ce5-2b6d64e79cbd', false);
INSERT INTO art_ping.project_employee VALUES ('6547b05c-51af-427b-9ed5-252275c3410c', '96d9e13c-35a1-4f2c-b8c4-b015c28a2aab', '74511b13-e9ee-41b9-8e2f-38bc890316a5', false);
INSERT INTO art_ping.project_employee VALUES ('16b31df3-6093-4e10-945b-dc312b6dd846', '96d9e13c-35a1-4f2c-b8c4-b015c28a2aab', '824e5eb7-7d8f-4071-a8ed-2023f126d58c', false);
INSERT INTO art_ping.project_employee VALUES ('1082cf99-6543-45c0-950e-6e8fabb15e7e', '96d9e13c-35a1-4f2c-b8c4-b015c28a2aab', '9953c3ef-a760-45f0-b380-448c9d14a3eb', false);
INSERT INTO art_ping.project VALUES ('173db305-d801-4c1c-aa0f-d62ddbfdd84e', 'project359', true);
INSERT INTO art_ping.project_employee VALUES ('ab5ced7d-1b47-4362-b5d9-7ec91f96587d', '173db305-d801-4c1c-aa0f-d62ddbfdd84e', '1d33ab56-e783-4cbc-8752-7dfa72ae233b', false);
INSERT INTO art_ping.project_employee VALUES ('ef9d08f7-30cd-41e1-88c2-19ef0ce96bb2', '173db305-d801-4c1c-aa0f-d62ddbfdd84e', '4302338b-46b5-45ee-bd61-0fc7cede54ba', false);
INSERT INTO art_ping.project_employee VALUES ('5277bf75-7beb-43f1-8f50-7b306891fad8', '173db305-d801-4c1c-aa0f-d62ddbfdd84e', '80031c24-f767-4e50-83eb-919faa0ff8f5', false);
INSERT INTO art_ping.project_employee VALUES ('eb3e5cc5-d961-4806-bf5c-568531a85dfc', '173db305-d801-4c1c-aa0f-d62ddbfdd84e', 'df1ea017-7893-474e-8b65-fe38cbadedcf', false);
INSERT INTO art_ping.project_employee VALUES ('1e194222-e430-443f-b3f8-d5662c78f6b2', '173db305-d801-4c1c-aa0f-d62ddbfdd84e', '86cf0bff-1a68-488a-8295-4222969a3ffb', false);
INSERT INTO art_ping.project_employee VALUES ('36c89a7a-0889-435f-b2d0-65e5c7cfd349', '173db305-d801-4c1c-aa0f-d62ddbfdd84e', '07414a26-6230-43e1-b495-bc1baa4a99ae', false);
INSERT INTO art_ping.project_employee VALUES ('c6792a55-fb7a-413e-9776-6a1c14831dd5', '173db305-d801-4c1c-aa0f-d62ddbfdd84e', 'bb778065-93d5-43f6-8bb5-fe5f03389bba', false);
INSERT INTO art_ping.project_employee VALUES ('90a60515-46b8-4b26-967c-8d0a0692d4d5', '173db305-d801-4c1c-aa0f-d62ddbfdd84e', 'a1d05cee-811f-4a34-8cba-326090f3ec2c', false);
INSERT INTO art_ping.project_employee VALUES ('8164990b-d486-459c-b998-230b1a3c4f3d', '173db305-d801-4c1c-aa0f-d62ddbfdd84e', 'ffb3f67e-7363-44b6-99e6-a38eca629edb', false);
INSERT INTO art_ping.project VALUES ('2df231e0-140b-4c4c-a164-cb77a7e12d4b', 'project360', true);
INSERT INTO art_ping.project_employee VALUES ('501a4e0f-955a-4346-ae26-262482de8f78', '2df231e0-140b-4c4c-a164-cb77a7e12d4b', 'a97deb29-5516-46aa-b2d0-2ddd14fbee1d', false);
INSERT INTO art_ping.project_employee VALUES ('dd0b8927-25d4-45fd-b023-762bd93ef411', '2df231e0-140b-4c4c-a164-cb77a7e12d4b', '3b2a40d0-1670-4a18-940d-bd37a4123361', false);
INSERT INTO art_ping.project_employee VALUES ('23043b98-c09f-4bc8-b9c7-4019d8e08f8d', '2df231e0-140b-4c4c-a164-cb77a7e12d4b', '1b8856af-6593-492a-9fcd-fe63e89abfed', false);
INSERT INTO art_ping.project_employee VALUES ('1681fafe-dfd9-4665-b048-228e81665216', '2df231e0-140b-4c4c-a164-cb77a7e12d4b', 'ab1f7d61-0802-4f98-b750-405e293c8568', false);
INSERT INTO art_ping.project_employee VALUES ('9d5626a0-51b1-4537-8a8a-af8a30700f21', '2df231e0-140b-4c4c-a164-cb77a7e12d4b', '4dc1adf7-49f7-45d6-a918-e955b4da7dbd', false);
INSERT INTO art_ping.project_employee VALUES ('92dfb340-a46a-4357-996c-d7a5aae97f68', '2df231e0-140b-4c4c-a164-cb77a7e12d4b', 'ffb3f67e-7363-44b6-99e6-a38eca629edb', false);
INSERT INTO art_ping.project VALUES ('3a238e45-5674-438a-89f2-efc53034da01', 'project361', true);
INSERT INTO art_ping.project_employee VALUES ('adb14cd9-7335-4733-b232-62b182c857cb', '3a238e45-5674-438a-89f2-efc53034da01', 'a894ee0f-9b68-4185-a435-5cea33c3fce6', false);
INSERT INTO art_ping.project_employee VALUES ('05413f76-fea7-4b34-81f8-e65d267c496f', '3a238e45-5674-438a-89f2-efc53034da01', 'fc80d3d5-13f2-4802-9d0f-ed66529758da', false);
INSERT INTO art_ping.project_employee VALUES ('396bf72d-fb50-4946-ae6a-a581520a85bc', '3a238e45-5674-438a-89f2-efc53034da01', '4dd27506-c685-49ae-b937-9633272a83d8', false);
INSERT INTO art_ping.project_employee VALUES ('a1cacf31-24f1-4e25-b010-92a335445087', '3a238e45-5674-438a-89f2-efc53034da01', '3e3ed623-2e99-4b38-930c-85d443561aea', false);
INSERT INTO art_ping.project_employee VALUES ('0581164f-8444-482c-b43e-75c669882bf6', '3a238e45-5674-438a-89f2-efc53034da01', '40e34d7c-93aa-4eab-b373-5b649e14430a', false);
INSERT INTO art_ping.project_employee VALUES ('f71d4524-faac-47f9-8e9a-731db618b05a', '3a238e45-5674-438a-89f2-efc53034da01', '8a88b32e-fc57-48e4-ba53-671bd073ed6c', false);
INSERT INTO art_ping.project VALUES ('43410462-a1f1-49cd-b177-4329e2c8c638', 'project362', true);
INSERT INTO art_ping.project_employee VALUES ('3201a7f9-8b3c-4d38-8cc2-49be71f76721', '43410462-a1f1-49cd-b177-4329e2c8c638', '9574b8bd-d990-4149-9d74-5338d79432ad', false);
INSERT INTO art_ping.project_employee VALUES ('e8ddf2af-7000-4654-a520-736fc8bbddad', '43410462-a1f1-49cd-b177-4329e2c8c638', '44c9c411-075c-47c0-a41a-30b2b1f2d191', false);
INSERT INTO art_ping.project_employee VALUES ('a09aea64-ff7a-4a30-ac61-4cc0063e4973', '43410462-a1f1-49cd-b177-4329e2c8c638', '59d70d6e-db9e-4dc5-9acd-55d2b3a8aa95', false);
INSERT INTO art_ping.project_employee VALUES ('2b6d3fda-306f-49c3-9339-ff3f1b1a525a', '43410462-a1f1-49cd-b177-4329e2c8c638', '2c2f287b-405c-4870-a42a-3c993400d5c2', false);
INSERT INTO art_ping.project_employee VALUES ('2818934d-f72c-4cb2-9cf3-399a68c99e31', '43410462-a1f1-49cd-b177-4329e2c8c638', '31f7f66a-2a9a-4a53-8786-588f3c37f782', false);
INSERT INTO art_ping.project_employee VALUES ('b86b7920-694e-4ebc-8cb2-a23f4ced3adb', '43410462-a1f1-49cd-b177-4329e2c8c638', '76952ea1-cdd7-4128-8a7f-3466b77b9f00', false);
INSERT INTO art_ping.project_employee VALUES ('1febe390-db99-44c4-bcef-45dab591d186', '43410462-a1f1-49cd-b177-4329e2c8c638', 'f30ccc1b-32f2-4870-b7b6-62245b2bfd2b', false);
INSERT INTO art_ping.project_employee VALUES ('86cee5b7-ba6f-49d8-91e0-2bc40ebdab28', '43410462-a1f1-49cd-b177-4329e2c8c638', '4c4a348d-fd13-47ff-84c6-591e8868d798', false);
INSERT INTO art_ping.project_employee VALUES ('b249ee57-22da-4136-88f1-72b5b69f4b9f', '43410462-a1f1-49cd-b177-4329e2c8c638', 'fe1d5557-c995-4cc6-8a60-5d8bd0b2bdde', false);
INSERT INTO art_ping.project_employee VALUES ('779bdde5-69b1-42ce-92b7-b483f8d14ae3', '43410462-a1f1-49cd-b177-4329e2c8c638', 'd24fad58-5692-48dc-bb9a-c2e6e6751114', false);
INSERT INTO art_ping.project_employee VALUES ('32da2e1c-d0e0-4f8d-963b-4b9a491e80d1', '43410462-a1f1-49cd-b177-4329e2c8c638', 'df72b0f4-029b-4a59-b358-f9da272d0125', false);
INSERT INTO art_ping.project_employee VALUES ('5ddf8dd0-f9ec-44bf-8602-d4537bba976f', '43410462-a1f1-49cd-b177-4329e2c8c638', '7461a4f0-99f3-4237-92a6-1b7e459a9325', false);
INSERT INTO art_ping.project VALUES ('034528bc-3462-4c71-8345-83d500212758', 'project363', true);
INSERT INTO art_ping.project_employee VALUES ('095d9433-6e4d-4b63-b1a0-dd44babfdde5', '034528bc-3462-4c71-8345-83d500212758', 'f9e0560e-ea96-46ee-93d7-c0d1583a4eb1', false);
INSERT INTO art_ping.project_employee VALUES ('a776153b-2f59-4d5c-ba9f-7a2f72d95122', '034528bc-3462-4c71-8345-83d500212758', '9e78a2ab-2fde-45ec-98bf-5b9315e22f61', false);
INSERT INTO art_ping.project_employee VALUES ('79a3ac17-bdc7-4106-b8d6-016f4ed26de6', '034528bc-3462-4c71-8345-83d500212758', '39837db2-6091-44d6-8a0e-351350a14453', false);
INSERT INTO art_ping.project_employee VALUES ('bdbad268-7dc2-46ef-b6a9-e0068ebc174c', '034528bc-3462-4c71-8345-83d500212758', 'b175a33a-6b43-40ec-85e7-9f1438e24094', false);
INSERT INTO art_ping.project VALUES ('9c8c6c74-dadb-407c-8afa-ebe110b62734', 'project364', true);
INSERT INTO art_ping.project_employee VALUES ('12d22f6d-e740-4c3c-9f04-93a0fe68cd1a', '9c8c6c74-dadb-407c-8afa-ebe110b62734', 'a6e17dc9-cbaf-476b-bd82-7eba7f1d6855', false);
INSERT INTO art_ping.project_employee VALUES ('3cf2f7f9-c4a7-4ce2-aa7c-dfad98a0da99', '9c8c6c74-dadb-407c-8afa-ebe110b62734', '2bed41e8-9a46-4856-8014-4e1941001799', false);
INSERT INTO art_ping.project_employee VALUES ('6a8422a2-8ec4-452d-968f-70a7dc82b91b', '9c8c6c74-dadb-407c-8afa-ebe110b62734', 'f3cceaa9-60b8-4d73-8392-eba7eb26d380', false);
INSERT INTO art_ping.project_employee VALUES ('28cb57dc-57c7-4b69-89bf-1a9a911de78a', '9c8c6c74-dadb-407c-8afa-ebe110b62734', '3811cc7b-c6c2-437d-b64b-9afb49d8ad8d', false);
INSERT INTO art_ping.project_employee VALUES ('b18da42a-ac94-475c-ac6d-b8942248e0ad', '9c8c6c74-dadb-407c-8afa-ebe110b62734', '1b8856af-6593-492a-9fcd-fe63e89abfed', false);
INSERT INTO art_ping.project_employee VALUES ('cdcdaa2d-b226-4970-9e06-d7dc46aceb13', '9c8c6c74-dadb-407c-8afa-ebe110b62734', 'efeedefd-d565-4b54-8acd-03ccf746e125', false);
INSERT INTO art_ping.project VALUES ('3983c221-ccd3-43ba-a088-8ddfa46a229e', 'project365', true);
INSERT INTO art_ping.project_employee VALUES ('054d2547-e879-4527-8521-11d73296582b', '3983c221-ccd3-43ba-a088-8ddfa46a229e', 'a5c55288-cba6-44c0-a078-d34a51694cb8', false);
INSERT INTO art_ping.project_employee VALUES ('1bfa8988-e3e5-4f5b-957c-b473ae3a6f48', '3983c221-ccd3-43ba-a088-8ddfa46a229e', '51ad0527-e8f3-4c49-aaf2-438e268dfc29', false);
INSERT INTO art_ping.project_employee VALUES ('5bb29615-f8ce-4762-9ade-461c2b968c4e', '3983c221-ccd3-43ba-a088-8ddfa46a229e', 'bffbe7fd-8567-4bb8-8a54-93e2176ae01d', false);
INSERT INTO art_ping.project_employee VALUES ('d42f1ad5-d6fb-43aa-acf4-bc36e68c13bf', '3983c221-ccd3-43ba-a088-8ddfa46a229e', 'ae242bfa-9bae-45ea-9425-2b4eaeaa9b68', false);
INSERT INTO art_ping.project_employee VALUES ('1c780a02-4a6d-4f05-86cd-6427ce0c0c0e', '3983c221-ccd3-43ba-a088-8ddfa46a229e', 'ff815e1a-552a-4b9e-bb37-738ff0b16e61', false);
INSERT INTO art_ping.project_employee VALUES ('617ccc3b-03c3-40ba-85b6-2c2657469b9e', '3983c221-ccd3-43ba-a088-8ddfa46a229e', '41e3fc84-eeea-421d-9854-b26ad91df17a', false);
INSERT INTO art_ping.project_employee VALUES ('fed274f2-3888-4e24-9043-02083182fa17', '3983c221-ccd3-43ba-a088-8ddfa46a229e', 'e02699a0-c6d4-4f00-9911-eecb65eb6853', false);
INSERT INTO art_ping.project_employee VALUES ('fe2cb871-a8b1-43e6-8b5a-9964ae4c942c', '3983c221-ccd3-43ba-a088-8ddfa46a229e', 'a91576d9-95f7-42f0-96c2-8d86fbc31bb8', false);
INSERT INTO art_ping.project_employee VALUES ('2c031bcc-8b81-4f4a-ae0e-99bd2c5b4abf', '3983c221-ccd3-43ba-a088-8ddfa46a229e', 'ad0d0703-f6d8-411c-bb37-9af9e69c382c', false);
INSERT INTO art_ping.project_employee VALUES ('e94e3f0c-502b-4775-acf9-943bb1e182e9', '3983c221-ccd3-43ba-a088-8ddfa46a229e', 'ca80f43d-5268-431a-9be9-598b85e5fbd0', false);
INSERT INTO art_ping.project VALUES ('7adb0093-751b-4511-8658-5f5e81dfee34', 'project366', true);
INSERT INTO art_ping.project_employee VALUES ('7b382c8d-827a-4398-aad2-cfc3913f6869', '7adb0093-751b-4511-8658-5f5e81dfee34', '01d00aa2-994c-4edb-9f87-774146e9e864', false);
INSERT INTO art_ping.project_employee VALUES ('dffb2915-f1c3-4c4d-8230-cb21877ff5c4', '7adb0093-751b-4511-8658-5f5e81dfee34', '3e34d834-dd3d-46a3-943b-d2c271e9ce02', false);
INSERT INTO art_ping.project_employee VALUES ('25a1028d-8716-4379-abb5-e342340cfdbb', '7adb0093-751b-4511-8658-5f5e81dfee34', 'ee6e51f7-4879-4bc5-a8b5-e38b8f0eebe1', false);
INSERT INTO art_ping.project_employee VALUES ('ff0f1005-3243-4992-ad4f-5848641d041c', '7adb0093-751b-4511-8658-5f5e81dfee34', 'fdcb8726-41c4-4ce5-8310-f8cbbc5216fe', false);
INSERT INTO art_ping.project_employee VALUES ('2543e709-d89c-45cf-ae7b-867635358102', '7adb0093-751b-4511-8658-5f5e81dfee34', '31f7f66a-2a9a-4a53-8786-588f3c37f782', false);
INSERT INTO art_ping.project_employee VALUES ('4c6924b7-8d78-47f5-af87-97f45feda376', '7adb0093-751b-4511-8658-5f5e81dfee34', 'b175a33a-6b43-40ec-85e7-9f1438e24094', false);
INSERT INTO art_ping.project_employee VALUES ('9e842fd9-beae-4892-bd8a-bdd087108ad7', '7adb0093-751b-4511-8658-5f5e81dfee34', 'a6f8a1b3-622f-4196-8dea-9dde2fdec79c', false);
INSERT INTO art_ping.project_employee VALUES ('4a590907-833a-4191-a79e-e50c77f29d21', '7adb0093-751b-4511-8658-5f5e81dfee34', '41e3fc84-eeea-421d-9854-b26ad91df17a', false);
INSERT INTO art_ping.project_employee VALUES ('6d1afa73-b7ec-44d5-8964-baab7973e990', '7adb0093-751b-4511-8658-5f5e81dfee34', '10724f0c-543d-44d0-b03a-b5c36b854f6d', false);
INSERT INTO art_ping.project_employee VALUES ('0e5c02ec-e655-4f92-b7d4-ecafb585a0b6', '7adb0093-751b-4511-8658-5f5e81dfee34', 'f8c6fc9b-5a6e-41da-a329-b2510034e3c6', false);
INSERT INTO art_ping.project_employee VALUES ('65108001-35a7-4cc5-8d83-490962658287', '7adb0093-751b-4511-8658-5f5e81dfee34', '53df3ee0-91a3-43c3-a128-6d78c47bd5ad', false);
INSERT INTO art_ping.project_employee VALUES ('d5eaac45-c88b-4ec5-92a3-575fc0e808f7', '7adb0093-751b-4511-8658-5f5e81dfee34', 'a894ee0f-9b68-4185-a435-5cea33c3fce6', false);
INSERT INTO art_ping.project_employee VALUES ('ca9bf9c1-9bc0-4932-af16-f4a9ff1570b6', '7adb0093-751b-4511-8658-5f5e81dfee34', 'f43a4459-a7f1-4b14-bc6f-b3f1ec7cf13f', false);
INSERT INTO art_ping.project_employee VALUES ('3d1ffdf6-d6e7-4b57-850b-7ffa5eb0eaa7', '7adb0093-751b-4511-8658-5f5e81dfee34', 'e86f1abf-c2c7-4e09-a287-28e6bc3e35fb', false);
INSERT INTO art_ping.project_employee VALUES ('1922d7b7-cf52-44df-b283-141abc206024', '7adb0093-751b-4511-8658-5f5e81dfee34', 'd8d8b297-a19d-4be5-8981-07f78b84e6e2', false);
INSERT INTO art_ping.project_employee VALUES ('dd52732d-78a5-4d79-a879-8e1bb8acce11', '7adb0093-751b-4511-8658-5f5e81dfee34', 'bfce59ea-ee35-429a-8f21-43a5b18b601d', false);
INSERT INTO art_ping.project_employee VALUES ('90d46a65-88e9-46b2-ba06-e5c73075ddae', '7adb0093-751b-4511-8658-5f5e81dfee34', 'ee0769af-652c-4ed0-aec4-f09c72a54f84', false);
INSERT INTO art_ping.project_employee VALUES ('d991e104-5750-4816-a9ef-f783e07adc86', '7adb0093-751b-4511-8658-5f5e81dfee34', '6919a1f9-906a-4fe4-8794-3852560267b3', false);
INSERT INTO art_ping.project_employee VALUES ('9b1f2c2f-f93e-4f91-9231-3a9c5c458324', '7adb0093-751b-4511-8658-5f5e81dfee34', '4dc1adf7-49f7-45d6-a918-e955b4da7dbd', false);
INSERT INTO art_ping.project VALUES ('1810c4f5-b146-4893-a0c9-1a24b610eda7', 'project367', true);
INSERT INTO art_ping.project_employee VALUES ('40608873-023e-4644-8b2d-8994bb81dc91', '1810c4f5-b146-4893-a0c9-1a24b610eda7', '9795454f-9c47-4648-9021-ca51f119986e', false);
INSERT INTO art_ping.project_employee VALUES ('43f63026-994a-4de0-8a4b-2a420c8cfe21', '1810c4f5-b146-4893-a0c9-1a24b610eda7', '9b405656-6e10-4dd1-8397-999e319a030c', false);
INSERT INTO art_ping.project_employee VALUES ('4a4eac3c-d5cd-4bb2-bd5a-a9a597efd97f', '1810c4f5-b146-4893-a0c9-1a24b610eda7', '17dd1317-229f-4aa1-a486-5b6c35743554', false);
INSERT INTO art_ping.project VALUES ('e6de44fd-4dc5-4550-80fe-675c0244af94', 'project368', true);
INSERT INTO art_ping.project_employee VALUES ('8462f778-6425-4fdc-b3a8-3e62f7946daf', 'e6de44fd-4dc5-4550-80fe-675c0244af94', '3e1ae869-8169-4939-bf64-b2d2977d8457', false);
INSERT INTO art_ping.project_employee VALUES ('1b29a5c5-81b2-4323-a716-a9ed1380ffd7', 'e6de44fd-4dc5-4550-80fe-675c0244af94', 'c446f2da-0723-44a3-a07c-dfe281f27a04', false);
INSERT INTO art_ping.project_employee VALUES ('8d4f6c2a-5ad9-4e3e-adde-1a2ec4f276a2', 'e6de44fd-4dc5-4550-80fe-675c0244af94', '4ad4c246-4d9c-4976-8096-f91c94c73ad2', false);
INSERT INTO art_ping.project_employee VALUES ('b9832447-8aa4-499a-9f1f-34733d02314d', 'e6de44fd-4dc5-4550-80fe-675c0244af94', '2aea4376-361c-4af0-bd43-b371f45c3555', false);
INSERT INTO art_ping.project_employee VALUES ('d5b37507-02ba-413a-be83-30075af559b3', 'e6de44fd-4dc5-4550-80fe-675c0244af94', '07414fc9-cf25-4373-ac8a-8132e3fb40d9', false);
INSERT INTO art_ping.project_employee VALUES ('5b909b99-f20f-452e-8b4f-0fe55d1f6921', 'e6de44fd-4dc5-4550-80fe-675c0244af94', '2a2af232-b498-4a4b-9603-c749f89df339', false);
INSERT INTO art_ping.project VALUES ('f9d41532-f6fb-428d-9441-c6d29e9a90c8', 'project369', true);
INSERT INTO art_ping.project_employee VALUES ('17dd5d5f-e809-4878-a2a0-2ed6c6ed259a', 'f9d41532-f6fb-428d-9441-c6d29e9a90c8', '75337bda-5db6-4250-9132-bb2e6b0632b8', false);
INSERT INTO art_ping.project_employee VALUES ('e5219be5-8b69-4556-ac0b-d45cfff3c9d5', 'f9d41532-f6fb-428d-9441-c6d29e9a90c8', '9e78a2ab-2fde-45ec-98bf-5b9315e22f61', false);
INSERT INTO art_ping.project_employee VALUES ('62b7fe11-ba8f-47e5-82ad-19faaf40e326', 'f9d41532-f6fb-428d-9441-c6d29e9a90c8', 'ee6e51f7-4879-4bc5-a8b5-e38b8f0eebe1', false);
INSERT INTO art_ping.project_employee VALUES ('11f5ea1e-98ea-40d1-9da3-5b8f811344e2', 'f9d41532-f6fb-428d-9441-c6d29e9a90c8', '0e30c88a-b728-4693-9a2c-f0ee42dfb793', false);
INSERT INTO art_ping.project_employee VALUES ('f2e3966b-5ac2-4e7b-a474-02652cff3719', 'f9d41532-f6fb-428d-9441-c6d29e9a90c8', '219ba6fe-7459-4043-87a7-8fa8941d5964', false);
INSERT INTO art_ping.project_employee VALUES ('da894b74-f44c-4b03-9ca6-ba45dea61550', 'f9d41532-f6fb-428d-9441-c6d29e9a90c8', 'dcd42cdf-5ec9-480b-b386-1a36c1f1fb80', false);
INSERT INTO art_ping.project_employee VALUES ('661733c1-adfb-4446-b7e8-bf348137f0a9', 'f9d41532-f6fb-428d-9441-c6d29e9a90c8', '11f08932-f615-4629-9246-f439fc292b0c', false);
INSERT INTO art_ping.project_employee VALUES ('04bde6c1-ed1e-4069-8d9e-8fcd9195f96b', 'f9d41532-f6fb-428d-9441-c6d29e9a90c8', '2c2f287b-405c-4870-a42a-3c993400d5c2', false);
INSERT INTO art_ping.project_employee VALUES ('e6b13d67-0e94-4082-9ac5-cff635002beb', 'f9d41532-f6fb-428d-9441-c6d29e9a90c8', 'b7c568d9-7290-4a23-80af-1a9516e4914e', false);
INSERT INTO art_ping.project_employee VALUES ('4846cda8-3337-4aa9-830e-b38cc22d36e7', 'f9d41532-f6fb-428d-9441-c6d29e9a90c8', '4d4b1ea2-8b1c-4446-82e5-796ab32e5d09', false);
INSERT INTO art_ping.project_employee VALUES ('04f888c7-10e0-44b4-844b-12e98a31db66', 'f9d41532-f6fb-428d-9441-c6d29e9a90c8', 'df1ea017-7893-474e-8b65-fe38cbadedcf', false);
INSERT INTO art_ping.project_employee VALUES ('f351ac93-02d7-47bd-a35f-df065a4a26af', 'f9d41532-f6fb-428d-9441-c6d29e9a90c8', '0065bc69-99d2-46de-969f-aa5725ae3b89', false);
INSERT INTO art_ping.project_employee VALUES ('1aabf0c3-73d8-41d6-b7ba-c682c2793fac', 'f9d41532-f6fb-428d-9441-c6d29e9a90c8', '06d7dbce-24ad-44d6-89f3-438d337d6ef4', false);
INSERT INTO art_ping.project VALUES ('427cf2da-a0c5-4b81-9fa6-af3acb03087c', 'project370', true);
INSERT INTO art_ping.project_employee VALUES ('51124715-67c6-4745-b657-8c00c69d5d0e', '427cf2da-a0c5-4b81-9fa6-af3acb03087c', '5b1aea66-ceef-4316-9677-23ec2cd167f3', false);
INSERT INTO art_ping.project_employee VALUES ('282a48a7-611f-4c27-860b-a7410aaa28e2', '427cf2da-a0c5-4b81-9fa6-af3acb03087c', '51ad0527-e8f3-4c49-aaf2-438e268dfc29', false);
INSERT INTO art_ping.project_employee VALUES ('006446a4-f74c-49fd-84c0-f4cc6f411c75', '427cf2da-a0c5-4b81-9fa6-af3acb03087c', 'a826b351-d4db-44c7-95f8-f68c790b595b', false);
INSERT INTO art_ping.project_employee VALUES ('8e5459e9-84cf-4467-b853-8ec2c1d9fba0', '427cf2da-a0c5-4b81-9fa6-af3acb03087c', '3445bdb6-72e9-4dc4-ad8a-508eecf56808', false);
INSERT INTO art_ping.project_employee VALUES ('8790b304-910a-4fb8-88e9-ad3a905426ab', '427cf2da-a0c5-4b81-9fa6-af3acb03087c', 'df693f88-209f-42b6-926e-457b8aeb2af9', false);
INSERT INTO art_ping.project_employee VALUES ('6f7e4f6e-2cdb-4501-96dc-a1a3d16ea132', '427cf2da-a0c5-4b81-9fa6-af3acb03087c', '0065bc69-99d2-46de-969f-aa5725ae3b89', false);
INSERT INTO art_ping.project_employee VALUES ('55977ff7-e0e9-423f-906e-a3fa3e5b83d6', '427cf2da-a0c5-4b81-9fa6-af3acb03087c', '7ff2ef7f-a10a-4b04-9df4-425dbe96e240', false);
INSERT INTO art_ping.project_employee VALUES ('9ebfa5b5-c5ab-44a0-860b-3259821a5b0d', '427cf2da-a0c5-4b81-9fa6-af3acb03087c', '0601a295-8576-48de-9b2b-bde2f46b6b24', false);
INSERT INTO art_ping.project_employee VALUES ('ce18d0da-8b60-4df3-900c-2751e08df6b9', '427cf2da-a0c5-4b81-9fa6-af3acb03087c', 'e49676c5-405b-4493-b79a-d87c5138ccf9', false);
INSERT INTO art_ping.project_employee VALUES ('4728eced-f807-439c-bb29-6747b09f532b', '427cf2da-a0c5-4b81-9fa6-af3acb03087c', '452bb471-b605-431a-9c9f-c673b4fa099e', false);
INSERT INTO art_ping.project_employee VALUES ('89b3eb41-bb82-4c44-9491-66f7791d2cb7', '427cf2da-a0c5-4b81-9fa6-af3acb03087c', 'ab199b3e-167c-4229-996a-cbee32600910', false);
INSERT INTO art_ping.project VALUES ('e8c38419-5071-413b-916c-211a89ea8fb9', 'project371', true);
INSERT INTO art_ping.project_employee VALUES ('71042938-149c-4247-9899-79a9de698dcf', 'e8c38419-5071-413b-916c-211a89ea8fb9', '6944d429-c1da-44c9-b670-4eb84c3d179a', false);
INSERT INTO art_ping.project_employee VALUES ('2ece8caa-ec6c-488c-8ca5-cd91bce688ac', 'e8c38419-5071-413b-916c-211a89ea8fb9', 'e624598c-6a5f-41d2-bab6-db6319e50259', false);
INSERT INTO art_ping.project_employee VALUES ('b9d09ba1-4736-4693-8f07-73c13d1a64f6', 'e8c38419-5071-413b-916c-211a89ea8fb9', '33dfdf17-ad6b-4f18-9ce2-d1fce01adf7e', false);
INSERT INTO art_ping.project_employee VALUES ('88396e31-4119-4ab4-9231-90923a113af9', 'e8c38419-5071-413b-916c-211a89ea8fb9', '9e78a2ab-2fde-45ec-98bf-5b9315e22f61', false);
INSERT INTO art_ping.project_employee VALUES ('674b2796-02b6-41e3-936a-a1c8a2a25152', 'e8c38419-5071-413b-916c-211a89ea8fb9', '33c5e8ac-400e-4ec6-9e48-5d33bd81f95f', false);
INSERT INTO art_ping.project_employee VALUES ('964ab419-ce0a-4fdd-8c96-2439c9f33555', 'e8c38419-5071-413b-916c-211a89ea8fb9', 'e93d91dc-b3fa-477b-8279-665237fa27fe', false);
INSERT INTO art_ping.project_employee VALUES ('d70b638a-c905-45e8-b597-2923faf06349', 'e8c38419-5071-413b-916c-211a89ea8fb9', '00a1e1c7-4a51-4f70-84a3-a423c0acacf6', false);
INSERT INTO art_ping.project_employee VALUES ('9ebacc35-7af7-4aa5-8b6d-478b3744c136', 'e8c38419-5071-413b-916c-211a89ea8fb9', '507da374-840a-4ddb-8aa6-98fb673152ec', false);
INSERT INTO art_ping.project_employee VALUES ('172852f4-cb8c-422c-8157-350301098c03', 'e8c38419-5071-413b-916c-211a89ea8fb9', 'c1bbc082-5ce3-4228-8c49-4d89cf9533d9', false);
INSERT INTO art_ping.project_employee VALUES ('e14c353b-403e-498d-be27-02924e6df991', 'e8c38419-5071-413b-916c-211a89ea8fb9', '0492f9c5-0b23-46c3-a435-691547b39086', false);
INSERT INTO art_ping.project_employee VALUES ('d3053411-1c53-4708-aa5a-a8d252c8cca1', 'e8c38419-5071-413b-916c-211a89ea8fb9', '0f3fd6ce-9450-40fd-87a4-ed9fc59afbf7', false);
INSERT INTO art_ping.project_employee VALUES ('22cafa9f-ddb8-48d5-a6b9-6a9ef9dd9fb7', 'e8c38419-5071-413b-916c-211a89ea8fb9', '2bea5822-925e-4f20-935e-39e1f35a9835', false);
INSERT INTO art_ping.project_employee VALUES ('7a091337-1133-4fc7-aee4-9fa762f397c9', 'e8c38419-5071-413b-916c-211a89ea8fb9', 'ef15254f-a4cf-4eea-bcd8-6498dd842f78', false);
INSERT INTO art_ping.project_employee VALUES ('73d31cdc-108b-406c-90d2-cfd5c0e2e7c7', 'e8c38419-5071-413b-916c-211a89ea8fb9', '528a7e66-23dc-4e86-a30f-9ec391dc3143', false);
INSERT INTO art_ping.project_employee VALUES ('6f8cfe48-23db-4a5d-92e5-63977635a792', 'e8c38419-5071-413b-916c-211a89ea8fb9', 'e49676c5-405b-4493-b79a-d87c5138ccf9', false);
INSERT INTO art_ping.project_employee VALUES ('bc75ef8f-3496-4294-8042-e4bf626fe6cc', 'e8c38419-5071-413b-916c-211a89ea8fb9', 'e637a3c6-071d-4d33-ad8e-b0f4dafd9365', false);
INSERT INTO art_ping.project VALUES ('b0413f44-388e-4285-a37d-776d9bb424f5', 'project372', true);
INSERT INTO art_ping.project_employee VALUES ('614acfe4-7759-4fa1-8a1c-93f572a9eb81', 'b0413f44-388e-4285-a37d-776d9bb424f5', '0d9be05f-494f-4ea6-aa20-04cb47089c46', false);
INSERT INTO art_ping.project_employee VALUES ('85df8824-74f9-49a2-894a-2a9d7ec222b9', 'b0413f44-388e-4285-a37d-776d9bb424f5', '1543d3c6-f208-43c7-9f8c-5ad4b647f75d', false);
INSERT INTO art_ping.project_employee VALUES ('b5ee4791-3676-41b9-90b6-0a8bef48c4ce', 'b0413f44-388e-4285-a37d-776d9bb424f5', '13462e56-1fb5-4ebf-bd36-0bf0a91515b9', false);
INSERT INTO art_ping.project_employee VALUES ('30f91c43-9eb9-4599-8fc6-ac5c38e2168a', 'b0413f44-388e-4285-a37d-776d9bb424f5', '7d219817-34c8-4f18-a496-36979da27863', false);
INSERT INTO art_ping.project_employee VALUES ('b95ff6f2-25fd-4a84-9a97-745990de87d9', 'b0413f44-388e-4285-a37d-776d9bb424f5', '35a3185c-b449-4041-a98b-51e2e4bdfa4c', false);
INSERT INTO art_ping.project_employee VALUES ('3f1d90da-5dc9-4f9d-8a99-35eeb68b4ad8', 'b0413f44-388e-4285-a37d-776d9bb424f5', '8dc81c9e-ee1e-4c44-9e0f-2960dd77133d', false);
INSERT INTO art_ping.project_employee VALUES ('d0881428-ac4e-445b-b158-d9925726bb2f', 'b0413f44-388e-4285-a37d-776d9bb424f5', '41234909-6955-4dc2-a067-e763eb720fc1', false);
INSERT INTO art_ping.project_employee VALUES ('48c7045d-800a-4b42-8989-e36323f27c98', 'b0413f44-388e-4285-a37d-776d9bb424f5', 'dbd21d63-aa76-4583-883f-ce6246f7aa59', false);
INSERT INTO art_ping.project_employee VALUES ('703e0b58-4226-4472-8701-d194ec3946c6', 'b0413f44-388e-4285-a37d-776d9bb424f5', '5a3b8ac9-5ccc-4960-8b0a-e990b9394193', false);
INSERT INTO art_ping.project_employee VALUES ('03ab7887-16e9-459b-bd3d-fb7f2eda2ff0', 'b0413f44-388e-4285-a37d-776d9bb424f5', '0e1b2f29-f490-4f75-b4c3-611ccccdd849', false);
INSERT INTO art_ping.project_employee VALUES ('6973584a-5b2e-442e-a618-85d4e131851c', 'b0413f44-388e-4285-a37d-776d9bb424f5', 'e2880836-6c73-4e45-bcce-583ca78f6d5c', false);
INSERT INTO art_ping.project_employee VALUES ('6dbf293b-ffc3-4298-bd42-994f28c154d2', 'b0413f44-388e-4285-a37d-776d9bb424f5', 'bf99118f-478c-4f13-b090-c482af39638b', false);
INSERT INTO art_ping.project VALUES ('b816a6ef-9d71-47da-8d76-68fa7cad91ff', 'project373', true);
INSERT INTO art_ping.project_employee VALUES ('d5c14a46-e5cb-421d-b3ab-a23e41589469', 'b816a6ef-9d71-47da-8d76-68fa7cad91ff', 'c446f2da-0723-44a3-a07c-dfe281f27a04', false);
INSERT INTO art_ping.project_employee VALUES ('c13fc845-86f9-4cc8-a7f3-eaa17b6b7b7a', 'b816a6ef-9d71-47da-8d76-68fa7cad91ff', 'ce2fcf8b-9221-4c2e-b4f5-a4a8d891af42', false);
INSERT INTO art_ping.project_employee VALUES ('ef81bc68-c7c8-41ca-8086-a8a676c6692b', 'b816a6ef-9d71-47da-8d76-68fa7cad91ff', '5004a47a-83f9-402d-b35e-d4eccbf0e8fa', false);
INSERT INTO art_ping.project_employee VALUES ('5d5df55f-f195-4484-a211-7edcebcf03c2', 'b816a6ef-9d71-47da-8d76-68fa7cad91ff', '4242e906-afdd-451d-828a-ce35ca2d9931', false);
INSERT INTO art_ping.project_employee VALUES ('cd85ce77-bb36-4a6a-ab0e-8c17c8431910', 'b816a6ef-9d71-47da-8d76-68fa7cad91ff', '471a103a-faff-493e-8d0a-299e388cbb2d', false);
INSERT INTO art_ping.project_employee VALUES ('65f4c2da-9999-437a-8596-e0920903bcad', 'b816a6ef-9d71-47da-8d76-68fa7cad91ff', '3a895d1c-5604-455a-9461-0ec25d546b71', false);
INSERT INTO art_ping.project_employee VALUES ('ae039d59-fa5a-4bc0-9758-7e1931beacd6', 'b816a6ef-9d71-47da-8d76-68fa7cad91ff', '702949cd-8d49-414c-a7c6-d4966977798f', false);
INSERT INTO art_ping.project_employee VALUES ('ac0a5bec-4f7c-4582-90b3-b665d8e87c9c', 'b816a6ef-9d71-47da-8d76-68fa7cad91ff', '4e444732-bfa8-4437-9e90-b12b405cddba', false);
INSERT INTO art_ping.project_employee VALUES ('5f05dde3-c47a-43ce-a355-ca86c4f26cdf', 'b816a6ef-9d71-47da-8d76-68fa7cad91ff', '05d92b13-3f1e-4326-b4db-bb684357cfe5', false);
INSERT INTO art_ping.project_employee VALUES ('ab9f36fe-d7f6-45af-a175-b8ab73d3db9f', 'b816a6ef-9d71-47da-8d76-68fa7cad91ff', '3ee6ee98-01e9-477e-aae0-b8afbdab73b4', false);
INSERT INTO art_ping.project_employee VALUES ('fc3e52cb-aa0f-4e2e-ba66-968550dc9058', 'b816a6ef-9d71-47da-8d76-68fa7cad91ff', '9f62c00b-5934-40d2-91b7-231cf0b8da2f', false);
INSERT INTO art_ping.project_employee VALUES ('0920bd2c-11d7-4056-839d-af64894bfe30', 'b816a6ef-9d71-47da-8d76-68fa7cad91ff', '9866608c-4bcb-4214-bd85-81000287db57', false);
INSERT INTO art_ping.project_employee VALUES ('6c349b84-f585-4647-bcac-c69b1fd0f123', 'b816a6ef-9d71-47da-8d76-68fa7cad91ff', 'bc4327db-c687-4933-88b6-ad9f0074ae49', false);
INSERT INTO art_ping.project_employee VALUES ('f43f8d69-0877-4d98-9864-26db1070765b', 'b816a6ef-9d71-47da-8d76-68fa7cad91ff', 'fb9b03c8-a286-4686-a803-7019361ef031', false);
INSERT INTO art_ping.project_employee VALUES ('51c09c9e-8972-446d-b4ce-aa1fd9041d43', 'b816a6ef-9d71-47da-8d76-68fa7cad91ff', '3d4f01e2-43dc-4c70-83cc-7cdb1f3df1eb', false);
INSERT INTO art_ping.project_employee VALUES ('c93c07ac-1626-4cc6-b25e-9a3233d49007', 'b816a6ef-9d71-47da-8d76-68fa7cad91ff', '311f7915-6fe6-413e-8b93-43dc1e05bead', false);
INSERT INTO art_ping.project_employee VALUES ('3f5c8670-beb3-4278-9159-ce03e8e10e1d', 'b816a6ef-9d71-47da-8d76-68fa7cad91ff', 'e981f520-5bec-4d2a-b07f-c9c4b3497b13', false);
INSERT INTO art_ping.project VALUES ('222bc571-ae9e-49e1-ab20-9b4f5a711934', 'project374', true);
INSERT INTO art_ping.project_employee VALUES ('9027825a-a88d-4ec5-8fca-de4cfebf375a', '222bc571-ae9e-49e1-ab20-9b4f5a711934', '3bd6d5b0-006e-4c3b-b5aa-34554eb0c35c', false);
INSERT INTO art_ping.project_employee VALUES ('be363cc9-525d-4567-ae0b-36d0608c2859', '222bc571-ae9e-49e1-ab20-9b4f5a711934', '8fbca8db-c93a-4666-a70a-f3fc4dda566c', false);
INSERT INTO art_ping.project_employee VALUES ('5d9f216f-b9b0-4dfd-a6c8-164dca41b780', '222bc571-ae9e-49e1-ab20-9b4f5a711934', 'd8d8b297-a19d-4be5-8981-07f78b84e6e2', false);
INSERT INTO art_ping.project_employee VALUES ('50b55fbc-5f86-403e-b95a-1fe4bf22ef03', '222bc571-ae9e-49e1-ab20-9b4f5a711934', '8f066cff-4d9f-488f-8a9b-0c78b13fdef8', false);
INSERT INTO art_ping.project VALUES ('7f1cb176-a808-4adc-8d7d-2289043960cb', 'project375', true);
INSERT INTO art_ping.project_employee VALUES ('cd63bb0a-9dca-46f1-917f-cf87e86a38a6', '7f1cb176-a808-4adc-8d7d-2289043960cb', '2af6684b-93f0-4c0d-95fb-e70ae2f9255c', false);
INSERT INTO art_ping.project_employee VALUES ('2f444769-9260-4477-b287-c16b30c05860', '7f1cb176-a808-4adc-8d7d-2289043960cb', '5be3b278-a954-4e91-b5c1-09c005ce113c', false);
INSERT INTO art_ping.project_employee VALUES ('117344b4-f3b3-4b63-8a13-c67bb78b89d8', '7f1cb176-a808-4adc-8d7d-2289043960cb', '0a8d3842-fea7-4746-9f39-809b0418831f', false);
INSERT INTO art_ping.project_employee VALUES ('7d79a552-25fc-45ce-9045-f563a5a5b0c1', '7f1cb176-a808-4adc-8d7d-2289043960cb', '471a103a-faff-493e-8d0a-299e388cbb2d', false);
INSERT INTO art_ping.project_employee VALUES ('caf7ed61-463c-4d6e-a1ce-894988bce6f8', '7f1cb176-a808-4adc-8d7d-2289043960cb', 'fdcb8726-41c4-4ce5-8310-f8cbbc5216fe', false);
INSERT INTO art_ping.project_employee VALUES ('9182c62d-b0b3-4399-8763-279deb29a91c', '7f1cb176-a808-4adc-8d7d-2289043960cb', '1fa7b87d-f0de-4dd1-9f90-776b7a9eb4c3', false);
INSERT INTO art_ping.project_employee VALUES ('00bf1cf7-fd52-4d57-a10d-93ea55c66806', '7f1cb176-a808-4adc-8d7d-2289043960cb', '9b405656-6e10-4dd1-8397-999e319a030c', false);
INSERT INTO art_ping.project_employee VALUES ('6a103b39-4c4a-4cf3-a56a-d3c3acefddea', '7f1cb176-a808-4adc-8d7d-2289043960cb', 'ab9bb73f-921b-4cc7-aa09-0b699f6b914e', false);
INSERT INTO art_ping.project_employee VALUES ('f7e8242d-a34f-4680-8fa6-bd4ae1a60365', '7f1cb176-a808-4adc-8d7d-2289043960cb', '7083f3b6-efe4-4bc7-af43-8e7df200936b', false);
INSERT INTO art_ping.project_employee VALUES ('47b636a4-1be1-47d5-bc23-21fbdaec21c5', '7f1cb176-a808-4adc-8d7d-2289043960cb', 'b9aad10a-27f0-4bf2-b520-2686dff5c1d0', false);
INSERT INTO art_ping.project VALUES ('b77a1e65-860d-4e38-a86e-be65ee7a3850', 'project376', true);
INSERT INTO art_ping.project_employee VALUES ('aa23417f-82d6-496b-9d17-ef8b3f66bf43', 'b77a1e65-860d-4e38-a86e-be65ee7a3850', '07414fc9-cf25-4373-ac8a-8132e3fb40d9', false);
INSERT INTO art_ping.project_employee VALUES ('5aebc5bf-7b7f-42cb-9e8d-a41be0d8a8a6', 'b77a1e65-860d-4e38-a86e-be65ee7a3850', '3e851127-afa8-449b-8908-c7912137d368', false);
INSERT INTO art_ping.project_employee VALUES ('a799645f-5bb2-40cd-b3eb-e44996daf3e8', 'b77a1e65-860d-4e38-a86e-be65ee7a3850', '7226671b-fb2b-4f8b-918d-ff38157eb98f', false);
INSERT INTO art_ping.project_employee VALUES ('da720ef8-92e0-4bfc-b25c-82ff127c9fe2', 'b77a1e65-860d-4e38-a86e-be65ee7a3850', '8429609f-625a-4bd0-a20d-70f7372da498', false);
INSERT INTO art_ping.project_employee VALUES ('21871ffe-85e2-42ed-9718-48349f21195f', 'b77a1e65-860d-4e38-a86e-be65ee7a3850', 'c97dbc09-c6ae-491b-9a16-b3b5ab235543', false);
INSERT INTO art_ping.project VALUES ('c3982c1b-6558-4263-b60c-28f172b55a71', 'project377', true);
INSERT INTO art_ping.project_employee VALUES ('2b9edc3a-289c-4477-8f60-24311b2493be', 'c3982c1b-6558-4263-b60c-28f172b55a71', 'fdf077b8-75a9-47da-bc22-063a2dcb42d6', false);
INSERT INTO art_ping.project_employee VALUES ('d103da93-52c3-4417-83d7-9270b90d1164', 'c3982c1b-6558-4263-b60c-28f172b55a71', 'e3453ceb-3aec-48b8-9376-a52af08e7111', false);
INSERT INTO art_ping.project_employee VALUES ('17efc903-1e81-454a-933e-f26bfb2c931a', 'c3982c1b-6558-4263-b60c-28f172b55a71', '1d487669-af0b-4511-af1f-e7c8686b897f', false);
INSERT INTO art_ping.project_employee VALUES ('e1c59a18-cf87-4a02-b429-e5a5735a34e5', 'c3982c1b-6558-4263-b60c-28f172b55a71', 'f36f6161-6920-456f-8932-312679f02ff0', false);
INSERT INTO art_ping.project_employee VALUES ('4fe67464-1e09-473c-a145-a0e2b21dae0b', 'c3982c1b-6558-4263-b60c-28f172b55a71', 'c9044c5e-a7bd-4a3e-a2dc-077e7b2dd274', false);
INSERT INTO art_ping.project_employee VALUES ('7ba5a413-6af5-43ad-82c1-e9077087e3dc', 'c3982c1b-6558-4263-b60c-28f172b55a71', 'd82f685e-e42e-4d93-be51-4b4de7ba08d5', false);
INSERT INTO art_ping.project_employee VALUES ('b5c9d6c3-7d5a-4742-bcb9-9f3a036953b6', 'c3982c1b-6558-4263-b60c-28f172b55a71', '756395f5-9fae-40c4-9e47-6eea95e3894e', false);
INSERT INTO art_ping.project_employee VALUES ('09186317-7bd7-4e73-a71a-7c81162168e6', 'c3982c1b-6558-4263-b60c-28f172b55a71', '30dfa1ca-7b8d-4ff6-aad2-336b8946cd43', false);
INSERT INTO art_ping.project_employee VALUES ('f03740f9-7180-4cdb-add9-6bd071191167', 'c3982c1b-6558-4263-b60c-28f172b55a71', 'f3e554c4-893a-41eb-9a09-215a08f04216', false);
INSERT INTO art_ping.project VALUES ('f6b74b83-4292-426e-89b2-47dc3d0cd698', 'project378', true);
INSERT INTO art_ping.project_employee VALUES ('b7669db9-7926-4f06-93b3-ca757f1edfe0', 'f6b74b83-4292-426e-89b2-47dc3d0cd698', '5b1aea66-ceef-4316-9677-23ec2cd167f3', false);
INSERT INTO art_ping.project_employee VALUES ('0ee372ab-dbca-4b63-9131-ae701131a08b', 'f6b74b83-4292-426e-89b2-47dc3d0cd698', '0f1ecb89-a2b6-4610-984c-9dc110ea6497', false);
INSERT INTO art_ping.project_employee VALUES ('57437c08-395a-4649-9716-54dcd101695b', 'f6b74b83-4292-426e-89b2-47dc3d0cd698', '01133c1d-0029-463e-88df-5fafd35fcefe', false);
INSERT INTO art_ping.project_employee VALUES ('3749b225-b112-4745-9b3c-a0259013bbef', 'f6b74b83-4292-426e-89b2-47dc3d0cd698', '6691d92b-988c-41b3-80bb-2ef834ae0adf', false);
INSERT INTO art_ping.project_employee VALUES ('2d132649-3e83-4e4c-b17e-852c947b4333', 'f6b74b83-4292-426e-89b2-47dc3d0cd698', '2f690191-97fc-4523-8952-6e0f6ce811f2', false);
INSERT INTO art_ping.project_employee VALUES ('5b9973da-b56f-44da-9279-e062c485a02f', 'f6b74b83-4292-426e-89b2-47dc3d0cd698', '00289862-fe38-443f-983a-37f2c047c1bb', false);
INSERT INTO art_ping.project_employee VALUES ('7d833631-990d-485b-8880-d468cc60c85f', 'f6b74b83-4292-426e-89b2-47dc3d0cd698', 'e8f306b1-80f2-41f6-a4a3-2dbb11e01e25', false);
INSERT INTO art_ping.project_employee VALUES ('839202de-227d-4b63-8cd2-057ca1a7a60c', 'f6b74b83-4292-426e-89b2-47dc3d0cd698', 'ec427102-c9b5-4a13-8664-b383e0077ffc', false);
INSERT INTO art_ping.project_employee VALUES ('ee493c69-2386-4e86-86be-5b38eb635fa4', 'f6b74b83-4292-426e-89b2-47dc3d0cd698', 'f4a19dcf-51f6-4782-9969-1c0850f2fa41', false);
INSERT INTO art_ping.project_employee VALUES ('d4feb2d4-4105-4aa8-a8b4-decae9da2d9d', 'f6b74b83-4292-426e-89b2-47dc3d0cd698', '089fd005-d1ce-454f-9922-c99944b2aa94', false);
INSERT INTO art_ping.project VALUES ('14cf8a7c-8160-4c05-b88e-3083e09d175d', 'project379', true);
INSERT INTO art_ping.project_employee VALUES ('2e967ee0-cd93-4577-bbcf-3e0546468bff', '14cf8a7c-8160-4c05-b88e-3083e09d175d', 'b778b2cc-ca73-4f95-8b90-6e7ac3507fec', false);
INSERT INTO art_ping.project_employee VALUES ('e675e88c-eb85-4ce7-b45e-afc5447b4c33', '14cf8a7c-8160-4c05-b88e-3083e09d175d', '683a6a5f-6718-486b-9736-ad722ff6570d', false);
INSERT INTO art_ping.project_employee VALUES ('c4203d4d-49f3-4e5e-8d5e-4a5f1e0c22c0', '14cf8a7c-8160-4c05-b88e-3083e09d175d', 'fb67b0c8-67d8-4b01-a3c5-d27b062ef307', false);
INSERT INTO art_ping.project VALUES ('ef53b03d-0a0a-44ee-a554-ced6f6b6b12d', 'project380', true);
INSERT INTO art_ping.project_employee VALUES ('0e2f4ddc-a5ed-40c0-a348-ab7668970c64', 'ef53b03d-0a0a-44ee-a554-ced6f6b6b12d', 'e930521e-e6a0-4bf8-aba9-8b6811060576', false);
INSERT INTO art_ping.project_employee VALUES ('0b0ecf5b-3dd0-42d5-992f-ab02918182e4', 'ef53b03d-0a0a-44ee-a554-ced6f6b6b12d', '8ac9b53f-0bc0-4ae0-b54e-e11218c13f71', false);
INSERT INTO art_ping.project_employee VALUES ('e6eb3475-b07d-45ad-8fb3-9a14ead49f5d', 'ef53b03d-0a0a-44ee-a554-ced6f6b6b12d', '1e5f7186-0fb5-49d0-ac30-eab33edcc0a7', false);
INSERT INTO art_ping.project_employee VALUES ('16909739-11ee-41df-8aca-acb87c05051e', 'ef53b03d-0a0a-44ee-a554-ced6f6b6b12d', '8e5aeece-282b-44e2-b0ae-90f428192683', false);
INSERT INTO art_ping.project_employee VALUES ('3c3be2b2-14e3-4a18-9606-e9200d48cdf3', 'ef53b03d-0a0a-44ee-a554-ced6f6b6b12d', '069ee076-a9b5-44e8-883f-6a6afdb7efd8', false);
INSERT INTO art_ping.project VALUES ('2be45a96-d04f-4525-b903-82a87d18d988', 'project381', true);
INSERT INTO art_ping.project_employee VALUES ('84e5631d-fe28-4b06-8361-c6472c1f782f', '2be45a96-d04f-4525-b903-82a87d18d988', '63cce113-d103-45a1-8092-d837413e8f5d', false);
INSERT INTO art_ping.project_employee VALUES ('ed8f15bd-94a3-414d-99e4-e20b6937d816', '2be45a96-d04f-4525-b903-82a87d18d988', '73f8c180-f844-4105-8870-8765ece45ad2', false);
INSERT INTO art_ping.project_employee VALUES ('7b76d1eb-9159-4147-85eb-009f93a4f8c8', '2be45a96-d04f-4525-b903-82a87d18d988', '5895a739-710b-42c6-a590-43412f4df365', false);
INSERT INTO art_ping.project_employee VALUES ('340c9220-a143-439c-9acd-d353e8fca2f3', '2be45a96-d04f-4525-b903-82a87d18d988', '8470cf39-15e9-4877-b091-3c56b5faeddc', false);
INSERT INTO art_ping.project_employee VALUES ('9a4d204a-ff62-4633-b049-7c13e339bf34', '2be45a96-d04f-4525-b903-82a87d18d988', 'bb8f3b0c-32a9-466a-be09-949ec786b922', false);
INSERT INTO art_ping.project_employee VALUES ('57ccee8e-bf97-47f7-ae6a-d7ca4d224eba', '2be45a96-d04f-4525-b903-82a87d18d988', 'df17a9a2-19ba-44cc-bb69-6050d9c2fb40', false);
INSERT INTO art_ping.project VALUES ('3df7ba8d-297e-4eb7-9882-292dd6673b44', 'project382', true);
INSERT INTO art_ping.project_employee VALUES ('96fcab66-c43a-420a-9207-3fe0937f2e96', '3df7ba8d-297e-4eb7-9882-292dd6673b44', '842e81fd-1abd-4313-95a9-bce6893d360f', false);
INSERT INTO art_ping.project_employee VALUES ('51e3ec25-b55b-4311-adcd-8943065ed72e', '3df7ba8d-297e-4eb7-9882-292dd6673b44', 'a631eccb-2ad5-4789-8d5c-ed6132b2e674', false);
INSERT INTO art_ping.project_employee VALUES ('ced84f2f-ac96-4ca3-8c95-2f0ad7da5277', '3df7ba8d-297e-4eb7-9882-292dd6673b44', '81c5a992-a2c5-4e8a-86bf-284227c34b96', false);
INSERT INTO art_ping.project_employee VALUES ('2d73f51a-dc07-4acf-b2c6-e57b55dd3f23', '3df7ba8d-297e-4eb7-9882-292dd6673b44', 'e118eaff-ea44-4548-8941-28b1cb9ffd3a', false);
INSERT INTO art_ping.project_employee VALUES ('ed6a0d82-3aa3-4895-8fe5-fdbc2d8ec578', '3df7ba8d-297e-4eb7-9882-292dd6673b44', '35eea3b2-a3c0-4965-8160-e17ea8399ce0', false);
INSERT INTO art_ping.project_employee VALUES ('21bb1425-0b23-49e0-882e-58399c7fd623', '3df7ba8d-297e-4eb7-9882-292dd6673b44', '270ca6a3-8e4a-4a86-a0ef-abef0bab46ed', false);
INSERT INTO art_ping.project_employee VALUES ('00866019-96ca-4079-a3d2-50b59096d377', '3df7ba8d-297e-4eb7-9882-292dd6673b44', '7bf9589d-3f5b-4251-95fa-912eed7a1001', false);
INSERT INTO art_ping.project_employee VALUES ('733f92fa-693d-4d6c-a020-3c62894d8b92', '3df7ba8d-297e-4eb7-9882-292dd6673b44', 'ae0a4142-3fb8-41c4-a80a-56ad29240937', false);
INSERT INTO art_ping.project_employee VALUES ('95c3de6b-38e4-4836-b014-fc409b4db114', '3df7ba8d-297e-4eb7-9882-292dd6673b44', '2864a45e-6a73-493e-a9e5-f43029ae42a4', false);
INSERT INTO art_ping.project_employee VALUES ('4968abc7-419a-4923-ae82-e0addfbbbdb6', '3df7ba8d-297e-4eb7-9882-292dd6673b44', '4d14143a-4934-49e3-a791-a4ae03ae5170', false);
INSERT INTO art_ping.project_employee VALUES ('c95aafb3-f2d9-4d4b-ace2-cd777e119b6c', '3df7ba8d-297e-4eb7-9882-292dd6673b44', '50047f5c-c2e4-4e7a-a936-7a4fe1756c41', false);
INSERT INTO art_ping.project_employee VALUES ('f8d67875-a5cd-488b-a5cb-3e8857828cd0', '3df7ba8d-297e-4eb7-9882-292dd6673b44', 'ec427102-c9b5-4a13-8664-b383e0077ffc', false);
INSERT INTO art_ping.project_employee VALUES ('322ae60d-d596-4f58-a55f-f0da52a8335d', '3df7ba8d-297e-4eb7-9882-292dd6673b44', '410dc7a2-ecfe-4725-81f1-0977b2bf9883', false);
INSERT INTO art_ping.project VALUES ('5a219218-ce05-4c61-95ba-ac160d4f4c09', 'project383', true);
INSERT INTO art_ping.project_employee VALUES ('ea6579b4-c8c6-4964-8cb4-a4fbf62afc1e', '5a219218-ce05-4c61-95ba-ac160d4f4c09', 'f43a4459-a7f1-4b14-bc6f-b3f1ec7cf13f', false);
INSERT INTO art_ping.project_employee VALUES ('bdf09d9c-4db2-47f0-ba80-fc8f43f445a4', '5a219218-ce05-4c61-95ba-ac160d4f4c09', 'ae242bfa-9bae-45ea-9425-2b4eaeaa9b68', false);
INSERT INTO art_ping.project_employee VALUES ('272ce5ca-4512-4364-af93-9553fac580fa', '5a219218-ce05-4c61-95ba-ac160d4f4c09', '17a42ec3-3aa2-4783-91f1-8c039ee36acb', false);
INSERT INTO art_ping.project_employee VALUES ('29b9c021-3499-45b1-a2a4-1478dca439e7', '5a219218-ce05-4c61-95ba-ac160d4f4c09', 'a91576d9-95f7-42f0-96c2-8d86fbc31bb8', false);
INSERT INTO art_ping.project_employee VALUES ('0ef59034-3dbd-4c48-90dd-a465c44deb26', '5a219218-ce05-4c61-95ba-ac160d4f4c09', '52cf7dca-8a89-4675-8cca-ca319a24bc04', false);
INSERT INTO art_ping.project VALUES ('04832f96-0793-4f58-966c-90850797b23f', 'project384', true);
INSERT INTO art_ping.project_employee VALUES ('5769498b-0740-4055-99d9-5e7080cecab1', '04832f96-0793-4f58-966c-90850797b23f', '75a5ec96-6bdb-48ad-9e41-3992c3e411aa', false);
INSERT INTO art_ping.project_employee VALUES ('5c06afd3-21ca-432b-b372-dfa45e3dbb7e', '04832f96-0793-4f58-966c-90850797b23f', '6691d92b-988c-41b3-80bb-2ef834ae0adf', false);
INSERT INTO art_ping.project_employee VALUES ('d0fd91d4-001b-43e7-ac64-f405aadbd5d1', '04832f96-0793-4f58-966c-90850797b23f', '004faa79-f42b-4f41-8bca-6c70dab97ec7', false);
INSERT INTO art_ping.project_employee VALUES ('991d618e-99ed-45b1-a65c-bed281a88859', '04832f96-0793-4f58-966c-90850797b23f', '188b1861-cfdc-4061-b923-989f1c7a980f', false);
INSERT INTO art_ping.project_employee VALUES ('e04bc5ef-495a-48f2-aca6-de47419a937a', '04832f96-0793-4f58-966c-90850797b23f', '414e27b4-2843-4d3e-9eae-445e2f70e098', false);
INSERT INTO art_ping.project_employee VALUES ('0cbef62e-56f8-4dca-bf7c-b3221bb6e381', '04832f96-0793-4f58-966c-90850797b23f', 'ba4e3b46-f8fe-441f-92e9-024868b9fe19', false);
INSERT INTO art_ping.project_employee VALUES ('c0b55e53-7fee-408e-b7b1-cee83fcb38e0', '04832f96-0793-4f58-966c-90850797b23f', 'c80963ca-8441-48a3-b833-d21f1c444187', false);
INSERT INTO art_ping.project_employee VALUES ('9ff9e0c4-7472-45b9-8b5d-efdc17bba3ae', '04832f96-0793-4f58-966c-90850797b23f', '72b1c1a9-d35b-4b0b-89ef-d83ee56c33ef', false);
INSERT INTO art_ping.project_employee VALUES ('3ee3aed8-f512-44bc-a45d-5cdd2e999ced', '04832f96-0793-4f58-966c-90850797b23f', '0492f9c5-0b23-46c3-a435-691547b39086', false);
INSERT INTO art_ping.project_employee VALUES ('56b1858e-40e5-4488-9bca-ef261cae7357', '04832f96-0793-4f58-966c-90850797b23f', '2864a45e-6a73-493e-a9e5-f43029ae42a4', false);
INSERT INTO art_ping.project_employee VALUES ('b01a6145-cf8c-44cd-ae8f-b39fdfc895be', '04832f96-0793-4f58-966c-90850797b23f', '0f3fd6ce-9450-40fd-87a4-ed9fc59afbf7', false);
INSERT INTO art_ping.project_employee VALUES ('853aacca-f1b5-4197-b735-0c748bb67690', '04832f96-0793-4f58-966c-90850797b23f', '9a2c2d3e-8742-427a-b85c-a6c064010cfb', false);
INSERT INTO art_ping.project_employee VALUES ('124ec4ff-7197-4910-a643-412ff6751f2c', '04832f96-0793-4f58-966c-90850797b23f', 'b7105255-b70c-429e-8686-7ba8633ebf9f', false);
INSERT INTO art_ping.project_employee VALUES ('a46e7c01-8352-427b-be86-136483fb38df', '04832f96-0793-4f58-966c-90850797b23f', '756395f5-9fae-40c4-9e47-6eea95e3894e', false);
INSERT INTO art_ping.project_employee VALUES ('6ad9d9d0-d8b7-4516-b7cf-4f15c36aaed0', '04832f96-0793-4f58-966c-90850797b23f', '75327b2b-17bb-4cb5-8840-679898171eda', false);
INSERT INTO art_ping.project_employee VALUES ('fe834c46-a944-4eed-a1c4-51cd2fd6ecd7', '04832f96-0793-4f58-966c-90850797b23f', '25937bae-8f8e-4ddc-a714-3e74c80fc42d', false);
INSERT INTO art_ping.project_employee VALUES ('a0461a5b-11e5-4b58-8cac-04c4a26582f9', '04832f96-0793-4f58-966c-90850797b23f', 'b76f35f1-09f9-4e88-bdb3-53613fca1770', false);
INSERT INTO art_ping.project VALUES ('80feb0e3-eba9-4393-8111-6ac144da0363', 'project385', true);
INSERT INTO art_ping.project_employee VALUES ('a40ae1a6-7808-4190-897b-69622c49a4ab', '80feb0e3-eba9-4393-8111-6ac144da0363', 'd11834f9-c4d6-4c79-ae1f-ecc818b70de9', false);
INSERT INTO art_ping.project_employee VALUES ('ec329f98-9b27-41e0-88a1-5e9498680aed', '80feb0e3-eba9-4393-8111-6ac144da0363', '8843030e-58ad-4ea0-8271-1a969a286434', false);
INSERT INTO art_ping.project_employee VALUES ('79398193-2f5d-4dcd-858f-67de046f5504', '80feb0e3-eba9-4393-8111-6ac144da0363', '6cfb2d70-61ca-4ebe-8c24-b5d403461dfd', false);
INSERT INTO art_ping.project_employee VALUES ('d8e207e2-1d85-497c-91fc-e6190e35fe2a', '80feb0e3-eba9-4393-8111-6ac144da0363', 'f67579bb-b2ff-430a-a4a1-61e3ffb520ef', false);
INSERT INTO art_ping.project_employee VALUES ('33091f8c-6f86-46f8-8dba-1b0015bf9643', '80feb0e3-eba9-4393-8111-6ac144da0363', 'bc4327db-c687-4933-88b6-ad9f0074ae49', false);
INSERT INTO art_ping.project_employee VALUES ('405f0fa0-3e2c-49d0-ad66-d45d040e2b38', '80feb0e3-eba9-4393-8111-6ac144da0363', '1d487669-af0b-4511-af1f-e7c8686b897f', false);
INSERT INTO art_ping.project_employee VALUES ('b6cbe3fa-56ff-4106-afad-4e4352aa93f1', '80feb0e3-eba9-4393-8111-6ac144da0363', '37507164-90ac-403a-8f6e-c68295cc128e', false);
INSERT INTO art_ping.project_employee VALUES ('2ab359f7-f6bb-41d4-8f2c-6fbe399c343f', '80feb0e3-eba9-4393-8111-6ac144da0363', '3a538874-0fd8-4eef-b294-831512cb6b43', false);
INSERT INTO art_ping.project_employee VALUES ('09494ed3-81a4-4566-9770-7b5b0ffe75c8', '80feb0e3-eba9-4393-8111-6ac144da0363', '79374c82-9c26-4dc1-8a66-f7e312d42ec1', false);
INSERT INTO art_ping.project_employee VALUES ('7defabc8-9da3-4bd0-883f-dd5e87d9b52b', '80feb0e3-eba9-4393-8111-6ac144da0363', '0601a295-8576-48de-9b2b-bde2f46b6b24', false);
INSERT INTO art_ping.project_employee VALUES ('5f07607c-95dd-4cbd-a3c6-4fad40090831', '80feb0e3-eba9-4393-8111-6ac144da0363', '9ffecabc-43e0-4fba-88df-d90801b4c44e', false);
INSERT INTO art_ping.project_employee VALUES ('3f963aa3-6709-4719-a691-eaa1d305aebf', '80feb0e3-eba9-4393-8111-6ac144da0363', 'db5ccae6-0bb1-4879-a398-f5fab1e421dd', false);
INSERT INTO art_ping.project VALUES ('6e48248e-4010-44ce-a6b3-e0a4f6efd6be', 'project386', true);
INSERT INTO art_ping.project_employee VALUES ('f52053c5-f339-4e51-85b0-5f514abb9b1f', '6e48248e-4010-44ce-a6b3-e0a4f6efd6be', '13462e56-1fb5-4ebf-bd36-0bf0a91515b9', false);
INSERT INTO art_ping.project_employee VALUES ('c23a582e-1a43-434a-85ab-ea30247904a5', '6e48248e-4010-44ce-a6b3-e0a4f6efd6be', 'b778b2cc-ca73-4f95-8b90-6e7ac3507fec', false);
INSERT INTO art_ping.project_employee VALUES ('ba9abd05-5d74-44e7-b438-f68ea7626b32', '6e48248e-4010-44ce-a6b3-e0a4f6efd6be', '702949cd-8d49-414c-a7c6-d4966977798f', false);
INSERT INTO art_ping.project_employee VALUES ('31cbd65d-8b27-4f9e-9d22-dcb55cc6982c', '6e48248e-4010-44ce-a6b3-e0a4f6efd6be', 'c180acf8-56d0-4a0c-a171-514360652673', false);
INSERT INTO art_ping.project_employee VALUES ('f8a6063c-424f-4e18-8f04-f8d384c0e70e', '6e48248e-4010-44ce-a6b3-e0a4f6efd6be', '70473947-4991-484a-9a35-6489c98e827f', false);
INSERT INTO art_ping.project_employee VALUES ('53ee76ee-1651-4fe9-b95a-fd0911d22ee2', '6e48248e-4010-44ce-a6b3-e0a4f6efd6be', '410dc7a2-ecfe-4725-81f1-0977b2bf9883', false);
INSERT INTO art_ping.project VALUES ('f8286cee-c7ae-48ba-91cb-47cac2583c9c', 'project387', true);
INSERT INTO art_ping.project_employee VALUES ('cbc3217c-ebea-4b63-bc14-afa4de4d816e', 'f8286cee-c7ae-48ba-91cb-47cac2583c9c', '3e1ae869-8169-4939-bf64-b2d2977d8457', false);
INSERT INTO art_ping.project_employee VALUES ('e8b3ac05-7cfd-41d7-8fa4-7e6df9f51f43', 'f8286cee-c7ae-48ba-91cb-47cac2583c9c', '80031c24-f767-4e50-83eb-919faa0ff8f5', false);
INSERT INTO art_ping.project_employee VALUES ('f246d304-46bf-410a-8f39-4092a7b5f48c', 'f8286cee-c7ae-48ba-91cb-47cac2583c9c', 'dbd21d63-aa76-4583-883f-ce6246f7aa59', false);
INSERT INTO art_ping.project_employee VALUES ('9deeaef1-5cc2-477a-8618-650b4fa5ced5', 'f8286cee-c7ae-48ba-91cb-47cac2583c9c', 'e07742a4-107c-4c77-8d37-aaa5d771ca3e', false);
INSERT INTO art_ping.project_employee VALUES ('12c0cdaa-87f3-497a-a1af-c90b512dbfbb', 'f8286cee-c7ae-48ba-91cb-47cac2583c9c', '97b0a31e-f07c-471b-85b5-5f801173b725', false);
INSERT INTO art_ping.project_employee VALUES ('3c1ddcfc-084d-4d7b-9bd0-7521f3cf7e20', 'f8286cee-c7ae-48ba-91cb-47cac2583c9c', '2a2af232-b498-4a4b-9603-c749f89df339', false);
INSERT INTO art_ping.project_employee VALUES ('be0c478d-a50a-4b42-8cce-99b1bba7460a', 'f8286cee-c7ae-48ba-91cb-47cac2583c9c', 'c84f3467-7521-484e-8729-efc7fc54df7a', false);
INSERT INTO art_ping.project_employee VALUES ('afe0ca48-fdeb-420f-b56f-a40349b8ea83', 'f8286cee-c7ae-48ba-91cb-47cac2583c9c', 'be09a1ce-86c1-4b5c-bb25-a89e94fe6e18', false);
INSERT INTO art_ping.project_employee VALUES ('7581454a-b8d0-493d-b5b6-e453b0fe35c9', 'f8286cee-c7ae-48ba-91cb-47cac2583c9c', 'b81ee9ec-c164-40d3-8cb0-951b23351884', false);
INSERT INTO art_ping.project_employee VALUES ('3d115da1-4dfc-4ea6-ad20-eea253edfd48', 'f8286cee-c7ae-48ba-91cb-47cac2583c9c', 'fd7b6a3a-b275-4e81-bf15-2ac247b46cd6', false);
INSERT INTO art_ping.project_employee VALUES ('29c5d308-27c7-4c56-b626-601fc9976d9d', 'f8286cee-c7ae-48ba-91cb-47cac2583c9c', '4c6a386d-fd26-44f5-a7db-4eb441f08069', false);
INSERT INTO art_ping.project_employee VALUES ('b5e13eae-e1da-4dc2-a817-b6550907cc2d', 'f8286cee-c7ae-48ba-91cb-47cac2583c9c', '97b2f937-54d8-4fa4-b68a-9e346b96953c', false);
INSERT INTO art_ping.project_employee VALUES ('156662e0-4a00-4ea3-a318-8dc687ce7a92', 'f8286cee-c7ae-48ba-91cb-47cac2583c9c', 'e2880836-6c73-4e45-bcce-583ca78f6d5c', false);
INSERT INTO art_ping.project VALUES ('8bebb9c8-66d8-48d4-b4a0-29026c25234b', 'project388', true);
INSERT INTO art_ping.project_employee VALUES ('bb388194-af43-462a-8a63-78362946ae63', '8bebb9c8-66d8-48d4-b4a0-29026c25234b', 'c22a98a5-d269-48ef-9ca3-2e3706520a55', false);
INSERT INTO art_ping.project_employee VALUES ('9d730374-fac6-4776-8fd1-4df4eca82509', '8bebb9c8-66d8-48d4-b4a0-29026c25234b', '538a87f4-a5ad-435e-8e83-fed368ab2fdf', false);
INSERT INTO art_ping.project_employee VALUES ('3cf904c7-3061-4caf-83a3-18682c892f9a', '8bebb9c8-66d8-48d4-b4a0-29026c25234b', '7935e512-2d6f-486f-96f6-3209b563c670', false);
INSERT INTO art_ping.project_employee VALUES ('65fa70d4-5c36-4dd0-917b-698f3ea00b33', '8bebb9c8-66d8-48d4-b4a0-29026c25234b', '228d99f8-a5b4-418e-a28e-8c4856fecc3b', false);
INSERT INTO art_ping.project_employee VALUES ('6f2e1d3b-5da5-4b7a-8dd0-8423d81258d7', '8bebb9c8-66d8-48d4-b4a0-29026c25234b', '9c7b8963-f8ac-422b-b5e0-9de69dae432e', false);
INSERT INTO art_ping.project_employee VALUES ('5adf3315-a730-47c6-b71c-6ac2c3c0cc3f', '8bebb9c8-66d8-48d4-b4a0-29026c25234b', '59ecffe2-a78d-4d3b-a20e-5b1360fb1749', false);
INSERT INTO art_ping.project_employee VALUES ('96906612-b1cf-4549-baa1-bb752540924b', '8bebb9c8-66d8-48d4-b4a0-29026c25234b', '71f59a84-36b5-44a6-a9ff-2432d046da1b', false);
INSERT INTO art_ping.project_employee VALUES ('49aa76a7-d917-40a4-90c7-0d22d0fc2f97', '8bebb9c8-66d8-48d4-b4a0-29026c25234b', '0d6ed6ce-cd81-40fa-8ab8-91e5b6ed43d2', false);
INSERT INTO art_ping.project_employee VALUES ('8e287b51-9209-4f3b-bc89-22155a09991a', '8bebb9c8-66d8-48d4-b4a0-29026c25234b', '6ea9e0cd-7d8b-4673-b90c-8aec9bfba868', false);
INSERT INTO art_ping.project_employee VALUES ('f0925e47-ae98-42b5-ae0c-af4900b9f009', '8bebb9c8-66d8-48d4-b4a0-29026c25234b', '3ee6ee98-01e9-477e-aae0-b8afbdab73b4', false);
INSERT INTO art_ping.project_employee VALUES ('fc9310fb-5acf-4123-b87d-b1b05c423b30', '8bebb9c8-66d8-48d4-b4a0-29026c25234b', '6919a1f9-906a-4fe4-8794-3852560267b3', false);
INSERT INTO art_ping.project VALUES ('48d324e7-cb49-45c4-b7f0-68cb7f23e06f', 'project389', true);
INSERT INTO art_ping.project_employee VALUES ('38f5ba25-4a41-4466-94f4-8015ea1b9a60', '48d324e7-cb49-45c4-b7f0-68cb7f23e06f', 'e118eaff-ea44-4548-8941-28b1cb9ffd3a', false);
INSERT INTO art_ping.project_employee VALUES ('3eabd1b0-d751-4fb2-8ebb-8f1a4cc3fb14', '48d324e7-cb49-45c4-b7f0-68cb7f23e06f', '3811cc7b-c6c2-437d-b64b-9afb49d8ad8d', false);
INSERT INTO art_ping.project_employee VALUES ('d1780072-f849-42db-a073-eb9b75df0997', '48d324e7-cb49-45c4-b7f0-68cb7f23e06f', 'f30ccc1b-32f2-4870-b7b6-62245b2bfd2b', false);
INSERT INTO art_ping.project_employee VALUES ('dc3a74c6-f543-4aea-92ff-a9c867ce4e54', '48d324e7-cb49-45c4-b7f0-68cb7f23e06f', '757c6849-14ed-4cf4-82f8-f2693e708222', false);
INSERT INTO art_ping.project_employee VALUES ('846bd756-dd35-462a-af88-2e2ceb4d369c', '48d324e7-cb49-45c4-b7f0-68cb7f23e06f', '00dbc004-e522-4e71-953d-dc682428df46', false);
INSERT INTO art_ping.project_employee VALUES ('f1433422-c2e8-45fd-9915-ebc8f7e54ec9', '48d324e7-cb49-45c4-b7f0-68cb7f23e06f', '032e716f-5985-4f20-a283-dbb833a6612e', false);
INSERT INTO art_ping.project_employee VALUES ('d610d975-c273-499b-8778-0947bdf9e6f7', '48d324e7-cb49-45c4-b7f0-68cb7f23e06f', '71fc503c-3cc7-45b6-915d-77b2592dbb1c', false);
INSERT INTO art_ping.project_employee VALUES ('ee1a6f10-e12b-4617-bcbc-0ca6b09324b9', '48d324e7-cb49-45c4-b7f0-68cb7f23e06f', '19116dfb-4faf-46d5-af4c-f421b1dd04ec', false);
INSERT INTO art_ping.project_employee VALUES ('8f5d460c-eed6-4bbc-b61e-9bafd004730c', '48d324e7-cb49-45c4-b7f0-68cb7f23e06f', '3a538874-0fd8-4eef-b294-831512cb6b43', false);
INSERT INTO art_ping.project_employee VALUES ('a9e922f6-2671-4da9-a0b2-1c046b7985d6', '48d324e7-cb49-45c4-b7f0-68cb7f23e06f', '41e3fc84-eeea-421d-9854-b26ad91df17a', false);
INSERT INTO art_ping.project_employee VALUES ('b73d705b-ab6e-48a7-9936-c11a252c60f8', '48d324e7-cb49-45c4-b7f0-68cb7f23e06f', '8b18feb9-b326-47d7-b4b4-99e86b5d3642', false);
INSERT INTO art_ping.project VALUES ('4eee338b-838a-4f14-a6d4-81f390a9e67d', 'project390', true);
INSERT INTO art_ping.project_employee VALUES ('e85d3c05-38e5-42c7-a084-55ff7f8da0a2', '4eee338b-838a-4f14-a6d4-81f390a9e67d', '01133c1d-0029-463e-88df-5fafd35fcefe', false);
INSERT INTO art_ping.project_employee VALUES ('6348d755-5bc7-4751-a425-c942703f4af5', '4eee338b-838a-4f14-a6d4-81f390a9e67d', 'bb139bc0-e654-4063-973a-815c4683bbb9', false);
INSERT INTO art_ping.project_employee VALUES ('61abb627-2ed0-4e52-93b0-9c0c2b0d2e24', '4eee338b-838a-4f14-a6d4-81f390a9e67d', '80031c24-f767-4e50-83eb-919faa0ff8f5', false);
INSERT INTO art_ping.project_employee VALUES ('86813937-f1bd-4584-b528-d140ce0416b5', '4eee338b-838a-4f14-a6d4-81f390a9e67d', '41e3fc84-eeea-421d-9854-b26ad91df17a', false);
INSERT INTO art_ping.project_employee VALUES ('71aef12e-8734-460c-a710-4311af767a4d', '4eee338b-838a-4f14-a6d4-81f390a9e67d', '6dbec378-db3e-4584-963b-b36b733f05fe', false);
INSERT INTO art_ping.project_employee VALUES ('2e3030d5-7bc5-4b98-95c6-a36604a7f743', '4eee338b-838a-4f14-a6d4-81f390a9e67d', 'ab199b3e-167c-4229-996a-cbee32600910', false);
INSERT INTO art_ping.project_employee VALUES ('d16b057c-00ba-49df-a677-4ee55d99ca19', '4eee338b-838a-4f14-a6d4-81f390a9e67d', '80eb122f-e58e-4ee6-8ca9-7ec1ceb245d0', false);
INSERT INTO art_ping.project_employee VALUES ('db0d8413-f9d5-4d56-bb05-da1299538e0e', '4eee338b-838a-4f14-a6d4-81f390a9e67d', 'ff254c8a-c3a5-46f1-a717-c55e3c5e8680', false);
INSERT INTO art_ping.project_employee VALUES ('4992cbd5-62af-493c-abfd-f6ea010f85ca', '4eee338b-838a-4f14-a6d4-81f390a9e67d', '814b20be-ac07-43d9-9e64-d4a054568440', false);
INSERT INTO art_ping.project_employee VALUES ('880bddcc-3b8a-4830-9dad-be463c4202dd', '4eee338b-838a-4f14-a6d4-81f390a9e67d', '9923f9ff-3d98-49be-a1a7-75f0de86dbc0', false);
INSERT INTO art_ping.project_employee VALUES ('7cd83867-54d1-413a-a20c-a5b09c83ece6', '4eee338b-838a-4f14-a6d4-81f390a9e67d', 'f93f3f29-0c4a-40d7-8014-b1e56e528dd6', false);
INSERT INTO art_ping.project_employee VALUES ('4d714473-ed2d-48aa-8934-14d77fd91ce6', '4eee338b-838a-4f14-a6d4-81f390a9e67d', '4a603d7c-7db7-4939-a25c-d579ef352137', false);
INSERT INTO art_ping.project_employee VALUES ('8f0763a1-68f1-4c72-8d8d-2beda9cb0994', '4eee338b-838a-4f14-a6d4-81f390a9e67d', 'e02699a0-c6d4-4f00-9911-eecb65eb6853', false);
INSERT INTO art_ping.project_employee VALUES ('91c68544-7eb9-4f0b-b0f1-1bdf8ef75463', '4eee338b-838a-4f14-a6d4-81f390a9e67d', 'c596a3e1-c4d2-4fd9-8b80-226244975170', false);
INSERT INTO art_ping.project_employee VALUES ('e133c623-aa40-4428-b598-0f8fed9a873c', '4eee338b-838a-4f14-a6d4-81f390a9e67d', 'e981f520-5bec-4d2a-b07f-c9c4b3497b13', false);
INSERT INTO art_ping.project VALUES ('26c9aabb-0dd9-4cdf-a6c4-31cb769fb905', 'project391', true);
INSERT INTO art_ping.project_employee VALUES ('8fed9e47-ce10-43a0-9fc1-62bcc3b02a8b', '26c9aabb-0dd9-4cdf-a6c4-31cb769fb905', '7905529c-f0e5-4be5-8397-a2b43235b328', false);
INSERT INTO art_ping.project_employee VALUES ('c3258119-f252-43b0-9175-2e44382cc7da', '26c9aabb-0dd9-4cdf-a6c4-31cb769fb905', '5fca0cc8-1e0c-4817-9607-8cccf8d8c202', false);
INSERT INTO art_ping.project_employee VALUES ('ba5ca520-73f7-4b71-a1dc-0821b1c981e2', '26c9aabb-0dd9-4cdf-a6c4-31cb769fb905', '9a7fd726-d2f5-4da5-a2b5-2caa160b2e65', false);
INSERT INTO art_ping.project_employee VALUES ('1377b1b8-6047-4024-ae21-4fe61d44bff6', '26c9aabb-0dd9-4cdf-a6c4-31cb769fb905', '4ad4c246-4d9c-4976-8096-f91c94c73ad2', false);
INSERT INTO art_ping.project_employee VALUES ('efe56d40-ffe8-453b-9838-4b9174645cba', '26c9aabb-0dd9-4cdf-a6c4-31cb769fb905', 'd6034534-a8c2-46dd-bb1f-80911883501d', false);
INSERT INTO art_ping.project_employee VALUES ('75829be0-3424-45ef-b3ce-9d449f9f31f2', '26c9aabb-0dd9-4cdf-a6c4-31cb769fb905', 'ae242bfa-9bae-45ea-9425-2b4eaeaa9b68', false);
INSERT INTO art_ping.project_employee VALUES ('c6bfecd2-bb42-4490-9580-aa49d311729d', '26c9aabb-0dd9-4cdf-a6c4-31cb769fb905', '2f690191-97fc-4523-8952-6e0f6ce811f2', false);
INSERT INTO art_ping.project_employee VALUES ('63937524-a6e2-454f-a137-365eb6ad534c', '26c9aabb-0dd9-4cdf-a6c4-31cb769fb905', '3e851127-afa8-449b-8908-c7912137d368', false);
INSERT INTO art_ping.project_employee VALUES ('fad51917-6f6d-4611-9d96-ef06494f4cf9', '26c9aabb-0dd9-4cdf-a6c4-31cb769fb905', '7519c8c7-492f-4c67-a3fd-61e57984164c', false);
INSERT INTO art_ping.project_employee VALUES ('ea9c90e3-5204-49c4-978a-b6ddf7fe125c', '26c9aabb-0dd9-4cdf-a6c4-31cb769fb905', 'b81ee9ec-c164-40d3-8cb0-951b23351884', false);
INSERT INTO art_ping.project_employee VALUES ('5bdccb33-3b29-48cc-afd6-8af3c27cbe77', '26c9aabb-0dd9-4cdf-a6c4-31cb769fb905', '05d92b13-3f1e-4326-b4db-bb684357cfe5', false);
INSERT INTO art_ping.project_employee VALUES ('21ce1107-52ed-467c-ab0f-9e23a414b638', '26c9aabb-0dd9-4cdf-a6c4-31cb769fb905', 'f8c0b433-7218-41c1-829f-de660259aacd', false);
INSERT INTO art_ping.project VALUES ('990769e4-fa03-46f7-8d37-90a84bfc8996', 'project392', true);
INSERT INTO art_ping.project_employee VALUES ('65716eef-5311-4e14-a36a-72f032bd24a6', '990769e4-fa03-46f7-8d37-90a84bfc8996', '19e4eb05-8946-4575-aafd-3595a8b8616d', false);
INSERT INTO art_ping.project_employee VALUES ('db139600-35d9-40e5-b5a1-3169b40247ce', '990769e4-fa03-46f7-8d37-90a84bfc8996', 'f85b2f23-7c21-4600-afde-19dfe90554b9', false);
INSERT INTO art_ping.project_employee VALUES ('6cbd2d61-d567-49f3-9d80-d9f8b844ef31', '990769e4-fa03-46f7-8d37-90a84bfc8996', '888993a1-3b7f-42bb-96ef-fba9d76ec213', false);
INSERT INTO art_ping.project_employee VALUES ('0b2b86f3-c1b5-422f-8a11-d70cf54850dc', '990769e4-fa03-46f7-8d37-90a84bfc8996', '6e22ba74-d2f9-415e-8ddf-cd40f6b42f5f', false);
INSERT INTO art_ping.project_employee VALUES ('adc7c45a-833b-4092-a7d7-c8bd48d18cbf', '990769e4-fa03-46f7-8d37-90a84bfc8996', '428373ee-8677-47fc-a008-7b445812caab', false);
INSERT INTO art_ping.project_employee VALUES ('a9a27bc2-efc6-41fe-b609-d8e7ec7dc3ee', '990769e4-fa03-46f7-8d37-90a84bfc8996', '348e4a71-99d5-4382-a884-229d538af662', false);
INSERT INTO art_ping.project_employee VALUES ('c99b1217-f7e6-465c-a96a-ee299b2a69f1', '990769e4-fa03-46f7-8d37-90a84bfc8996', '40e34d7c-93aa-4eab-b373-5b649e14430a', false);
INSERT INTO art_ping.project VALUES ('e174fefa-8434-4fab-b5b1-0ad28940cd61', 'project393', true);
INSERT INTO art_ping.project_employee VALUES ('4ad1b52d-f7ae-4b1d-914a-7178215af573', 'e174fefa-8434-4fab-b5b1-0ad28940cd61', '287e5d5a-620c-4827-a90a-1f842bfb0e19', false);
INSERT INTO art_ping.project_employee VALUES ('b61d9f06-bd1a-4358-8404-ed3327a7fc83', 'e174fefa-8434-4fab-b5b1-0ad28940cd61', 'ca0da76d-74ec-4bd0-b2b7-83fa512b3234', false);
INSERT INTO art_ping.project_employee VALUES ('b9004dcc-8c1e-4ba4-9716-3b05e0f9a4b8', 'e174fefa-8434-4fab-b5b1-0ad28940cd61', '19116dfb-4faf-46d5-af4c-f421b1dd04ec', false);
INSERT INTO art_ping.project_employee VALUES ('a94bf3c8-f362-488d-bb51-ade2101767b2', 'e174fefa-8434-4fab-b5b1-0ad28940cd61', 'ccbc9996-12d3-442e-ba88-ba53f3e240b8', false);
INSERT INTO art_ping.project_employee VALUES ('5146b279-d075-40dd-b40b-0d599fb9ede1', 'e174fefa-8434-4fab-b5b1-0ad28940cd61', 'eed660b1-8ce6-4fbc-8b1a-102b691fbe78', false);
INSERT INTO art_ping.project_employee VALUES ('8eaace5c-37b2-437e-9c20-3823f9abd831', 'e174fefa-8434-4fab-b5b1-0ad28940cd61', '208efbc5-2ee8-4096-9dd2-202236ed1b12', false);
INSERT INTO art_ping.project_employee VALUES ('6ba0e534-06de-44b6-9bc6-fc4d909b0476', 'e174fefa-8434-4fab-b5b1-0ad28940cd61', 'e7cdf9ca-162c-4cd2-ae5d-720f15f922ee', false);
INSERT INTO art_ping.project_employee VALUES ('f38f1936-3afe-48b9-955e-98a4c73e252f', 'e174fefa-8434-4fab-b5b1-0ad28940cd61', '312e73e9-183a-46b9-b871-763096d3a647', false);
INSERT INTO art_ping.project_employee VALUES ('d3b1ebf8-48be-4c35-ad99-c02d75a57a74', 'e174fefa-8434-4fab-b5b1-0ad28940cd61', 'db5ccae6-0bb1-4879-a398-f5fab1e421dd', false);
INSERT INTO art_ping.project_employee VALUES ('fb4485ba-45bc-46e4-8c38-63be6a2b0021', 'e174fefa-8434-4fab-b5b1-0ad28940cd61', 'e29c42aa-1923-468d-92cc-6543541d65c6', false);
INSERT INTO art_ping.project VALUES ('13f6dd5d-33cf-4b06-9bee-55b141ad6300', 'project394', true);
INSERT INTO art_ping.project_employee VALUES ('f7291268-995a-4e26-bab2-60052612f35b', '13f6dd5d-33cf-4b06-9bee-55b141ad6300', '44c9c411-075c-47c0-a41a-30b2b1f2d191', false);
INSERT INTO art_ping.project_employee VALUES ('c61d3e25-ee9e-4082-a3c5-34cf308f43ac', '13f6dd5d-33cf-4b06-9bee-55b141ad6300', 'b2e51409-a875-4030-a281-4fefeaddb10f', false);
INSERT INTO art_ping.project_employee VALUES ('fbde980e-9a3d-4d81-aef2-319b52e2df11', '13f6dd5d-33cf-4b06-9bee-55b141ad6300', 'f85b2f23-7c21-4600-afde-19dfe90554b9', false);
INSERT INTO art_ping.project_employee VALUES ('b65b132e-9957-4e53-b7dd-0b3abdc7711e', '13f6dd5d-33cf-4b06-9bee-55b141ad6300', '5d46f018-3b59-4c1d-8d29-10f45690104b', false);
INSERT INTO art_ping.project_employee VALUES ('24f34a28-4263-4419-97a7-fc33b7d99255', '13f6dd5d-33cf-4b06-9bee-55b141ad6300', '62c2bb85-0bec-4eb2-87b7-295231bba972', false);
INSERT INTO art_ping.project_employee VALUES ('7d5c96a0-752c-4769-ba31-d3ece1448b41', '13f6dd5d-33cf-4b06-9bee-55b141ad6300', '9e772308-013b-4e58-9b98-921ea5b62eba', false);
INSERT INTO art_ping.project_employee VALUES ('d0e64737-7d8c-4aae-aa7e-3025d4862f6c', '13f6dd5d-33cf-4b06-9bee-55b141ad6300', '311f7915-6fe6-413e-8b93-43dc1e05bead', false);
INSERT INTO art_ping.project_employee VALUES ('706310d3-bbbc-475e-9cee-92292e2ed4b5', '13f6dd5d-33cf-4b06-9bee-55b141ad6300', '3fc44eaa-159e-4a3b-9c82-65fc88092e3b', false);
INSERT INTO art_ping.project_employee VALUES ('7cad346e-7386-462c-af65-0380136074d5', '13f6dd5d-33cf-4b06-9bee-55b141ad6300', '6af70ce3-be0a-4b67-90f8-5d03b9250dff', false);
INSERT INTO art_ping.project VALUES ('91b1db38-339a-4dde-8b01-a1017a2627a7', 'project395', true);
INSERT INTO art_ping.project_employee VALUES ('e18fbc58-ecb7-45f7-a4e9-aa1f4fe8e7ab', '91b1db38-339a-4dde-8b01-a1017a2627a7', '99e52a02-bac0-445b-8d97-903fb19434d1', false);
INSERT INTO art_ping.project_employee VALUES ('a40fd9de-33ce-49de-b4d9-d3497515c528', '91b1db38-339a-4dde-8b01-a1017a2627a7', 'bdce2984-48ff-47e3-9fed-ecc02eb0faa4', false);
INSERT INTO art_ping.project_employee VALUES ('98aab78d-58d3-4c7b-92a3-fcbdcf7781fb', '91b1db38-339a-4dde-8b01-a1017a2627a7', '3fc44eaa-159e-4a3b-9c82-65fc88092e3b', false);
INSERT INTO art_ping.project_employee VALUES ('9038b836-f7fa-4081-9c5d-40e1e27407a4', '91b1db38-339a-4dde-8b01-a1017a2627a7', '6ea9e0cd-7d8b-4673-b90c-8aec9bfba868', false);
INSERT INTO art_ping.project_employee VALUES ('f031088c-7fb7-4917-8aa5-b4ad37ab9cb2', '91b1db38-339a-4dde-8b01-a1017a2627a7', '70473947-4991-484a-9a35-6489c98e827f', false);
INSERT INTO art_ping.project_employee VALUES ('733c07ae-a00a-40ae-8ad6-21ce16ec7cd2', '91b1db38-339a-4dde-8b01-a1017a2627a7', '0c6d2a1f-a5fb-419a-b16b-998b14649693', false);
INSERT INTO art_ping.project_employee VALUES ('2daea043-7228-4af2-9134-d5d15e798adb', '91b1db38-339a-4dde-8b01-a1017a2627a7', '68aca824-016e-4faa-926c-9688c6b57fc2', false);
INSERT INTO art_ping.project_employee VALUES ('8c3f2f6a-f22d-4563-8d1e-4af3e478ed05', '91b1db38-339a-4dde-8b01-a1017a2627a7', '7d0e9d44-4a81-4cb4-a56a-bfec1177128d', false);
INSERT INTO art_ping.project_employee VALUES ('1c655789-fac0-4246-ba33-ea04ecca2671', '91b1db38-339a-4dde-8b01-a1017a2627a7', 'ab199b3e-167c-4229-996a-cbee32600910', false);
INSERT INTO art_ping.project_employee VALUES ('91a13f66-bdaa-428f-bf08-00dec12c715a', '91b1db38-339a-4dde-8b01-a1017a2627a7', '05d92b13-3f1e-4326-b4db-bb684357cfe5', false);
INSERT INTO art_ping.project_employee VALUES ('e121cdc3-ea19-47f4-8975-0ee043a0ab52', '91b1db38-339a-4dde-8b01-a1017a2627a7', 'd596710b-013b-4530-be15-d54f42933ca0', false);
INSERT INTO art_ping.project_employee VALUES ('7af3dd87-bfd9-454e-a610-06afe7e055b2', '91b1db38-339a-4dde-8b01-a1017a2627a7', 'f3e554c4-893a-41eb-9a09-215a08f04216', false);
INSERT INTO art_ping.project VALUES ('a4d8c3d4-94b6-43d3-8b82-ddf4754ebd80', 'project396', true);
INSERT INTO art_ping.project_employee VALUES ('da2f4a36-ca2a-436d-af86-cf523cf86817', 'a4d8c3d4-94b6-43d3-8b82-ddf4754ebd80', '64ff7b30-1b01-4f81-b183-4f9929bb9052', false);
INSERT INTO art_ping.project_employee VALUES ('48f162d1-bc5b-401d-839c-3c442b72869f', 'a4d8c3d4-94b6-43d3-8b82-ddf4754ebd80', '17efe547-80c9-4914-967f-0c4fc078b74c', false);
INSERT INTO art_ping.project_employee VALUES ('7aaf65a8-1f0d-44c0-8bcf-f7d6348c4642', 'a4d8c3d4-94b6-43d3-8b82-ddf4754ebd80', '4c4a348d-fd13-47ff-84c6-591e8868d798', false);
INSERT INTO art_ping.project_employee VALUES ('fd1c0c60-b3a1-47a0-bb22-b398c94c55bd', 'a4d8c3d4-94b6-43d3-8b82-ddf4754ebd80', 'f6601251-90a2-4acd-a611-5087f2c59f77', false);
INSERT INTO art_ping.project_employee VALUES ('74c09238-e767-4386-a32a-ce61b4a0fbec', 'a4d8c3d4-94b6-43d3-8b82-ddf4754ebd80', '911205e8-de7b-4d21-9100-2512f39f52b0', false);
INSERT INTO art_ping.project_employee VALUES ('5b8ba438-5349-49e8-85f7-2563a941466f', 'a4d8c3d4-94b6-43d3-8b82-ddf4754ebd80', 'be6f4617-ce18-4149-b2ff-d1d325b8c6dc', false);
INSERT INTO art_ping.project_employee VALUES ('83030013-ec52-4eb8-8f50-0f54964bb250', 'a4d8c3d4-94b6-43d3-8b82-ddf4754ebd80', '54522081-3d96-489e-9741-7d931f7a5ec9', false);
INSERT INTO art_ping.project_employee VALUES ('c6d3fd22-6167-4947-8684-345a35fa2f52', 'a4d8c3d4-94b6-43d3-8b82-ddf4754ebd80', 'a352156f-46ef-45ef-92b7-6ec0aada131d', false);
INSERT INTO art_ping.project_employee VALUES ('5d2793f1-2a68-44bb-a82e-9ee704d83236', 'a4d8c3d4-94b6-43d3-8b82-ddf4754ebd80', 'e64a50e8-f81c-4ca3-9582-c4c0c42e2f4b', false);
INSERT INTO art_ping.project_employee VALUES ('4294b5d5-064b-4852-8ca8-d1c3fdb2a8e5', 'a4d8c3d4-94b6-43d3-8b82-ddf4754ebd80', '57c9a6f6-2544-456e-9146-9ae136ae6298', false);
INSERT INTO art_ping.project_employee VALUES ('7ab76274-3508-40e8-a4b2-b60f155adf1e', 'a4d8c3d4-94b6-43d3-8b82-ddf4754ebd80', 'fb9b03c8-a286-4686-a803-7019361ef031', false);
INSERT INTO art_ping.project_employee VALUES ('3219ff92-3ccb-4688-b1b3-d1f9845a4cc9', 'a4d8c3d4-94b6-43d3-8b82-ddf4754ebd80', '80a00422-f9d7-4880-9c8e-9945236e1624', false);
INSERT INTO art_ping.project_employee VALUES ('875c6e3d-a2e5-498c-b8e9-8e8e18a099dc', 'a4d8c3d4-94b6-43d3-8b82-ddf4754ebd80', '79374c82-9c26-4dc1-8a66-f7e312d42ec1', false);
INSERT INTO art_ping.project_employee VALUES ('236de91b-b4d8-4630-bc8b-46b0a8b801c1', 'a4d8c3d4-94b6-43d3-8b82-ddf4754ebd80', '28e651f7-f623-4b66-9015-759ca6dec68a', false);
INSERT INTO art_ping.project_employee VALUES ('1ead2376-46be-495d-a5e2-30939e7a309d', 'a4d8c3d4-94b6-43d3-8b82-ddf4754ebd80', 'bfce59ea-ee35-429a-8f21-43a5b18b601d', false);
INSERT INTO art_ping.project VALUES ('86792415-a426-4e34-b1fa-f423c32d3bff', 'project397', true);
INSERT INTO art_ping.project_employee VALUES ('490846c6-988f-4360-b47f-1be9fb7df5bb', '86792415-a426-4e34-b1fa-f423c32d3bff', '6728eb07-5841-48cf-a6e5-4acb471295e2', false);
INSERT INTO art_ping.project_employee VALUES ('3c8ca37c-4e22-4cec-8fbd-6044315d6588', '86792415-a426-4e34-b1fa-f423c32d3bff', '07414a26-6230-43e1-b495-bc1baa4a99ae', false);
INSERT INTO art_ping.project_employee VALUES ('9f3ac7d3-f42f-4412-afb7-8d364a5cac31', '86792415-a426-4e34-b1fa-f423c32d3bff', '0c6d2a1f-a5fb-419a-b16b-998b14649693', false);
INSERT INTO art_ping.project_employee VALUES ('13bb6474-421f-469a-9c9a-35bd74d7d150', '86792415-a426-4e34-b1fa-f423c32d3bff', 'cd84573a-92dd-4a0e-9fd1-b907e05e7821', false);
INSERT INTO art_ping.project_employee VALUES ('84b68553-50b7-4030-9e5c-2479575a01b1', '86792415-a426-4e34-b1fa-f423c32d3bff', 'da7fe6a8-3541-4b03-8804-056261fc2bd8', false);
INSERT INTO art_ping.project_employee VALUES ('591332e6-ab09-44fc-a345-d1e2e536db5d', '86792415-a426-4e34-b1fa-f423c32d3bff', '1e53e1cb-cc17-4ad8-9eae-7afe826158f4', false);
INSERT INTO art_ping.project_employee VALUES ('f6675b9d-b1eb-4f7c-8458-91da18778d36', '86792415-a426-4e34-b1fa-f423c32d3bff', 'b7c568d9-7290-4a23-80af-1a9516e4914e', false);
INSERT INTO art_ping.project_employee VALUES ('8212fe4a-5ebe-47d4-994a-aaae34654b57', '86792415-a426-4e34-b1fa-f423c32d3bff', '6953e5d0-da7b-4f25-80e3-195af5533b7a', false);
INSERT INTO art_ping.project_employee VALUES ('12e7e0bc-5c0c-4f8e-80fb-765f846a4ccf', '86792415-a426-4e34-b1fa-f423c32d3bff', 'ef1a352f-9385-48f8-8241-ac27542dc048', false);
INSERT INTO art_ping.project_employee VALUES ('dfeabce1-a002-480c-871a-ff3a8ef5efaf', '86792415-a426-4e34-b1fa-f423c32d3bff', '528a7e66-23dc-4e86-a30f-9ec391dc3143', false);
INSERT INTO art_ping.project_employee VALUES ('fb1c5a4b-341c-40d6-8100-59c17816f3ae', '86792415-a426-4e34-b1fa-f423c32d3bff', '0601a295-8576-48de-9b2b-bde2f46b6b24', false);
INSERT INTO art_ping.project_employee VALUES ('d2f34ab8-099f-469e-a3fd-d7685ff1dc90', '86792415-a426-4e34-b1fa-f423c32d3bff', '154b73f8-e56f-42af-8131-08d4912597c8', false);
INSERT INTO art_ping.project_employee VALUES ('fb46cc7b-20bc-43a4-a458-2ab42e71cb4d', '86792415-a426-4e34-b1fa-f423c32d3bff', '1c6946f8-db90-43be-ba89-475260fb7289', false);
INSERT INTO art_ping.project VALUES ('5d5ea928-9e68-4750-8a88-b2afa4f09371', 'project398', true);
INSERT INTO art_ping.project_employee VALUES ('de40cf96-8937-4583-923c-bacf35fb58cc', '5d5ea928-9e68-4750-8a88-b2afa4f09371', '9c7b8963-f8ac-422b-b5e0-9de69dae432e', false);
INSERT INTO art_ping.project_employee VALUES ('e7cb3673-3aa7-4de6-9ae9-dfa9187b4b48', '5d5ea928-9e68-4750-8a88-b2afa4f09371', '50047f5c-c2e4-4e7a-a936-7a4fe1756c41', false);
INSERT INTO art_ping.project_employee VALUES ('424c64d6-9eaa-4e25-9af5-c7e6009c90d9', '5d5ea928-9e68-4750-8a88-b2afa4f09371', 'eed660b1-8ce6-4fbc-8b1a-102b691fbe78', false);
INSERT INTO art_ping.project VALUES ('d46815db-997c-4b53-b18c-1d0c55eb463b', 'project399', true);
INSERT INTO art_ping.project_employee VALUES ('00240286-dabd-4a73-9916-810b364d25b2', 'd46815db-997c-4b53-b18c-1d0c55eb463b', '64ff7b30-1b01-4f81-b183-4f9929bb9052', false);
INSERT INTO art_ping.project_employee VALUES ('97bc59a5-71ec-470b-955d-7d6579714ce5', 'd46815db-997c-4b53-b18c-1d0c55eb463b', '470e5ad9-7cf2-4629-9048-a8f17873018d', false);
INSERT INTO art_ping.project_employee VALUES ('ef7cdbf2-6e50-42a3-8460-29468b6e0720', 'd46815db-997c-4b53-b18c-1d0c55eb463b', 'eca8228c-30d7-4e99-90e1-814a18adebdc', false);
INSERT INTO art_ping.project_employee VALUES ('fcb1d340-119a-4feb-afcc-84325c35ede2', 'd46815db-997c-4b53-b18c-1d0c55eb463b', 'f336a8a3-ee30-4778-83b0-3550ccde0fe6', false);
INSERT INTO art_ping.project_employee VALUES ('7b11e9e9-321f-4753-8871-7500633888e4', 'd46815db-997c-4b53-b18c-1d0c55eb463b', '7935e512-2d6f-486f-96f6-3209b563c670', false);
INSERT INTO art_ping.project_employee VALUES ('29c9d932-f740-4712-8b56-381abf3af7a7', 'd46815db-997c-4b53-b18c-1d0c55eb463b', 'd9676183-1443-4360-bd04-ff9da26453b6', false);
INSERT INTO art_ping.project_employee VALUES ('a6474b94-113f-4155-9745-c33a828482c5', 'd46815db-997c-4b53-b18c-1d0c55eb463b', '9156f9a1-04af-4de0-93d1-bea2aacb4812', false);
INSERT INTO art_ping.project_employee VALUES ('a7f049b6-5b18-4de1-bf7f-64844480ba3a', 'd46815db-997c-4b53-b18c-1d0c55eb463b', '6b8f564e-b5dd-4c1b-9247-c9e26da5762c', false);
INSERT INTO art_ping.project_employee VALUES ('aa0feaeb-1bd8-424f-897e-815891af831a', 'd46815db-997c-4b53-b18c-1d0c55eb463b', 'fb1e30c5-c610-4675-a68e-acc123898179', false);
INSERT INTO art_ping.project_employee VALUES ('7b1faf86-f915-4172-8c59-57014b2d36ca', 'd46815db-997c-4b53-b18c-1d0c55eb463b', '8ac9b53f-0bc0-4ae0-b54e-e11218c13f71', false);
INSERT INTO art_ping.project_employee VALUES ('0ec96dba-166c-4ac0-80db-648a7d17a958', 'd46815db-997c-4b53-b18c-1d0c55eb463b', 'd4e0fce8-0226-4516-afa3-243214ffa105', false);
UPDATE art_ping.employee SET asc_project_name = 'project130', desc_project_name = 'project57', asc_role_name = '   ', desc_role_name = '' WHERE id = '1a5484bd-7b93-4ed8-a7f7-26e3af3c9b10';
UPDATE art_ping.employee SET asc_project_name = 'project104', desc_project_name = 'project345', asc_role_name = '', desc_role_name = '' WHERE id = '8df33974-bbfb-4503-adc0-d790a20ed541';
UPDATE art_ping.employee SET asc_project_name = 'project16', desc_project_name = 'project16', asc_role_name = '', desc_role_name = '' WHERE id = 'fcb8cfae-fc2f-4c8a-87aa-3b3d2c8a5880';
UPDATE art_ping.employee SET asc_project_name = 'project11', desc_project_name = 'project39', asc_role_name = '', desc_role_name = '' WHERE id = 'd26bf81b-cb46-448c-8011-1909509433d6';
UPDATE art_ping.employee SET asc_project_name = 'project65', desc_project_name = 'project65', asc_role_name = ' ', desc_role_name = '' WHERE id = '00fc6cb3-34cd-4069-9d7e-99624391bb79';
UPDATE art_ping.employee SET asc_project_name = 'project293', desc_project_name = 'project70', asc_role_name = ' ', desc_role_name = '' WHERE id = 'b64b1095-2d78-4e25-9e05-12a050f5008a';
UPDATE art_ping.employee SET asc_project_name = 'project115', desc_project_name = 'project9', asc_role_name = ' ', desc_role_name = '' WHERE id = '535b7d85-758b-4d74-aa39-21d17204611b';
UPDATE art_ping.employee SET asc_project_name = 'project150', desc_project_name = 'project87', asc_role_name = ' ', desc_role_name = '' WHERE id = '375352c8-70c6-4a89-9ce3-1098a0bf225e';
UPDATE art_ping.employee SET asc_project_name = 'project182', desc_project_name = 'project94', asc_role_name = '', desc_role_name = '' WHERE id = 'ff815e1a-552a-4b9e-bb37-738ff0b16e61';
UPDATE art_ping.employee SET asc_project_name = 'project100', desc_project_name = 'project41', asc_role_name = '', desc_role_name = '' WHERE id = '37507164-90ac-403a-8f6e-c68295cc128e';
UPDATE art_ping.employee SET asc_project_name = 'project104', desc_project_name = 'project343', asc_role_name = '', desc_role_name = '' WHERE id = '853d7de4-dc4c-4eec-915b-3872c26e0cbd';
UPDATE art_ping.employee SET asc_project_name = 'project18', desc_project_name = 'project85', asc_role_name = '', desc_role_name = '' WHERE id = 'd50a29c0-ef34-44a1-a19c-0889ca4a3ecd';
UPDATE art_ping.employee SET asc_project_name = 'project241', desc_project_name = 'project93', asc_role_name = '', desc_role_name = '' WHERE id = '72a38b2d-0329-4d0b-85d5-6f4be052ef1a';
UPDATE art_ping.employee SET asc_project_name = 'project117', desc_project_name = 'project81', asc_role_name = '', desc_role_name = '' WHERE id = 'ef15254f-a4cf-4eea-bcd8-6498dd842f78';
UPDATE art_ping.employee SET asc_project_name = 'project113', desc_project_name = 'project394', asc_role_name = '', desc_role_name = '' WHERE id = '44c9c411-075c-47c0-a41a-30b2b1f2d191';
UPDATE art_ping.employee SET asc_project_name = 'project156', desc_project_name = 'project83', asc_role_name = '', desc_role_name = '' WHERE id = 'f1390d56-a7f9-4ed6-a315-8e5d3128590e';
UPDATE art_ping.employee SET asc_project_name = 'project109', desc_project_name = 'project63', asc_role_name = '   ', desc_role_name = '' WHERE id = '5eba329b-26d1-470b-9c1d-9b45c8aef6c1';
UPDATE art_ping.employee SET asc_project_name = 'project105', desc_project_name = 'project365', asc_role_name = '', desc_role_name = '' WHERE id = 'a5c55288-cba6-44c0-a078-d34a51694cb8';
UPDATE art_ping.employee SET asc_project_name = 'project125', desc_project_name = 'project75', asc_role_name = '', desc_role_name = '' WHERE id = '00a1e1c7-4a51-4f70-84a3-a423c0acacf6';
UPDATE art_ping.employee SET asc_project_name = 'project171', desc_project_name = 'project352', asc_role_name = ' ', desc_role_name = '' WHERE id = 'de4e9d50-476d-40ba-94d6-4f47e89f11e3';
UPDATE art_ping.employee SET asc_project_name = 'project135', desc_project_name = 'project305', asc_role_name = '', desc_role_name = '' WHERE id = '0102be80-9dbd-4f3b-a044-a315c9de6c8b';
UPDATE art_ping.employee SET asc_project_name = 'project116', desc_project_name = 'project395', asc_role_name = '', desc_role_name = '' WHERE id = '7d0e9d44-4a81-4cb4-a56a-bfec1177128d';
UPDATE art_ping.employee SET asc_project_name = 'project130', desc_project_name = 'project95', asc_role_name = '   ', desc_role_name = '' WHERE id = '842e81fd-1abd-4313-95a9-bce6893d360f';
UPDATE art_ping.employee SET asc_project_name = 'project116', desc_project_name = 'project89', asc_role_name = '', desc_role_name = '' WHERE id = '6dc96164-1a4e-4d40-a791-6e3eb28ece7f';
UPDATE art_ping.employee SET asc_project_name = 'project136', desc_project_name = 'project269', asc_role_name = '', desc_role_name = '' WHERE id = '7b73d822-2b12-434c-b501-c2fece7e80b6';
UPDATE art_ping.employee SET asc_project_name = 'project168', desc_project_name = 'project46', asc_role_name = '', desc_role_name = '' WHERE id = '6f72e149-282d-4937-90ea-ff1fd12e9bed';
UPDATE art_ping.employee SET asc_project_name = 'project146', desc_project_name = 'project386', asc_role_name = '', desc_role_name = '' WHERE id = '702949cd-8d49-414c-a7c6-d4966977798f';
UPDATE art_ping.employee SET asc_project_name = 'project80', desc_project_name = 'project80', asc_role_name = '   ', desc_role_name = '' WHERE id = '8d0a0dc3-0342-45da-8476-e755d0b6f05e';
UPDATE art_ping.employee SET asc_project_name = 'project19', desc_project_name = 'project312', asc_role_name = '', desc_role_name = '' WHERE id = '2702af20-e90e-4f75-9325-a90528f21be1';
UPDATE art_ping.employee SET asc_project_name = 'project111', desc_project_name = 'project334', asc_role_name = '', desc_role_name = '' WHERE id = '3b01bb4f-3641-47f7-95dc-543b4a0da9a5';
UPDATE art_ping.employee SET asc_project_name = 'project173', desc_project_name = 'project75', asc_role_name = '   ', desc_role_name = '' WHERE id = '312e73e9-183a-46b9-b871-763096d3a647';
UPDATE art_ping.employee SET asc_project_name = 'project220', desc_project_name = 'project362', asc_role_name = ' ', desc_role_name = '' WHERE id = '7461a4f0-99f3-4237-92a6-1b7e459a9325';
UPDATE art_ping.employee SET asc_project_name = 'project176', desc_project_name = 'project361', asc_role_name = '', desc_role_name = '' WHERE id = '8a88b32e-fc57-48e4-ba53-671bd073ed6c';
UPDATE art_ping.employee SET asc_project_name = 'project233', desc_project_name = 'project83', asc_role_name = '', desc_role_name = '' WHERE id = '528a7e66-23dc-4e86-a30f-9ec391dc3143';
UPDATE art_ping.employee SET asc_project_name = 'project118', desc_project_name = 'project376', asc_role_name = '', desc_role_name = '' WHERE id = 'c97dbc09-c6ae-491b-9a16-b3b5ab235543';
UPDATE art_ping.employee SET asc_project_name = 'project13', desc_project_name = 'project323', asc_role_name = '', desc_role_name = '' WHERE id = '6ee424aa-e0f1-4a58-93ae-551f7892393b';
UPDATE art_ping.employee SET asc_project_name = 'project157', desc_project_name = 'project50', asc_role_name = '   ', desc_role_name = '' WHERE id = '8c0aa537-18de-454b-9b44-889e04071437';
UPDATE art_ping.employee SET asc_project_name = 'project130', desc_project_name = 'project397', asc_role_name = '   ', desc_role_name = '' WHERE id = '0c6d2a1f-a5fb-419a-b16b-998b14649693';
UPDATE art_ping.employee SET asc_project_name = 'project355', desc_project_name = 'project73', asc_role_name = ' ', desc_role_name = '' WHERE id = 'bb778065-93d5-43f6-8bb5-fe5f03389bba';
UPDATE art_ping.employee SET asc_project_name = 'project109', desc_project_name = 'project386', asc_role_name = '   ', desc_role_name = '' WHERE id = 'c180acf8-56d0-4a0c-a171-514360652673';
UPDATE art_ping.employee SET asc_project_name = 'project111', desc_project_name = 'project334', asc_role_name = '', desc_role_name = '' WHERE id = 'ff4f7cda-e5f9-484b-8b90-c1ad03aa1766';
UPDATE art_ping.employee SET asc_project_name = 'project16', desc_project_name = 'project269', asc_role_name = ' ', desc_role_name = '' WHERE id = '71b9601a-d1b9-401d-b260-35ca929bbeec';
UPDATE art_ping.employee SET asc_project_name = 'project110', desc_project_name = 'project328', asc_role_name = '', desc_role_name = '' WHERE id = 'e93ce43a-a49f-4a1b-a03f-e68946c96bb9';
UPDATE art_ping.employee SET asc_project_name = 'project127', desc_project_name = 'project43', asc_role_name = '', desc_role_name = '' WHERE id = 'f4afc4da-d98c-4f2b-be4a-43ebca9bce04';
UPDATE art_ping.employee SET asc_project_name = 'project125', desc_project_name = 'project93', asc_role_name = '   ', desc_role_name = '' WHERE id = '53fc0d4a-c909-4502-b70b-d2fcfa8bd8fb';
UPDATE art_ping.employee SET asc_project_name = 'project252', desc_project_name = 'project93', asc_role_name = ' ', desc_role_name = '' WHERE id = '998b5219-c09c-46fa-922b-edd5ad48d4f1';
UPDATE art_ping.employee SET asc_project_name = 'project102', desc_project_name = 'project372', asc_role_name = '   ', desc_role_name = '' WHERE id = '5a3b8ac9-5ccc-4960-8b0a-e990b9394193';
UPDATE art_ping.employee SET asc_project_name = 'project107', desc_project_name = 'project323', asc_role_name = '', desc_role_name = '' WHERE id = 'a3c277aa-71bb-4224-8d59-940803715ffa';
UPDATE art_ping.employee SET asc_project_name = 'project167', desc_project_name = 'project9', asc_role_name = '   ', desc_role_name = '' WHERE id = '683a6a5f-6718-486b-9736-ad722ff6570d';
UPDATE art_ping.employee SET asc_project_name = 'project196', desc_project_name = 'project347', asc_role_name = '   ', desc_role_name = '' WHERE id = '0b3b827f-6181-4483-8d10-7397dc02b368';
UPDATE art_ping.employee SET asc_project_name = 'project131', desc_project_name = 'project384', asc_role_name = '', desc_role_name = '' WHERE id = 'c80963ca-8441-48a3-b833-d21f1c444187';
UPDATE art_ping.employee SET asc_project_name = 'project301', desc_project_name = 'project394', asc_role_name = '   ', desc_role_name = '' WHERE id = 'f85b2f23-7c21-4600-afde-19dfe90554b9';
UPDATE art_ping.employee SET asc_project_name = 'project110', desc_project_name = 'project94', asc_role_name = '', desc_role_name = '' WHERE id = '8b8926db-6dea-40e5-b8fd-579381501a21';
UPDATE art_ping.employee SET asc_project_name = 'project131', desc_project_name = 'project58', asc_role_name = '   ', desc_role_name = '' WHERE id = '35af698d-59f4-4fb5-b154-07310af46e3d';
UPDATE art_ping.employee SET asc_project_name = 'project158', desc_project_name = 'project397', asc_role_name = '', desc_role_name = '' WHERE id = '0601a295-8576-48de-9b2b-bde2f46b6b24';
UPDATE art_ping.employee SET asc_project_name = 'project288', desc_project_name = 'project66', asc_role_name = '', desc_role_name = '' WHERE id = '39b39e41-30ac-4ec9-a74c-f41d0c5812e9';
UPDATE art_ping.employee SET asc_project_name = 'project110', desc_project_name = 'project76', asc_role_name = '', desc_role_name = '' WHERE id = '572d0b36-c5a4-49b4-9a5f-d7e56f0e3da9';
UPDATE art_ping.employee SET asc_project_name = 'project218', desc_project_name = 'project42', asc_role_name = ' ', desc_role_name = '' WHERE id = 'b6253a98-159e-4c74-94ac-a4b372fbe34a';
UPDATE art_ping.employee SET asc_project_name = 'project154', desc_project_name = 'project81', asc_role_name = '', desc_role_name = '' WHERE id = '49ca6af2-2766-489a-99af-6c617ccda1d4';
UPDATE art_ping.employee SET asc_project_name = 'project142', desc_project_name = 'project90', asc_role_name = '', desc_role_name = '' WHERE id = '01133c1d-0029-463e-88df-5fafd35fcefe';
UPDATE art_ping.employee SET asc_project_name = 'project212', desc_project_name = 'project95', asc_role_name = '', desc_role_name = '' WHERE id = '8b7aa8af-fcb3-472e-a2ff-f74f8f941a0b';
UPDATE art_ping.employee SET asc_project_name = 'project232', desc_project_name = 'project246', asc_role_name = ' ', desc_role_name = '' WHERE id = 'b7a5bdfc-4447-4cbb-bd40-b61847f0fd1e';
UPDATE art_ping.employee SET asc_project_name = 'project85', desc_project_name = 'project85', asc_role_name = '', desc_role_name = '' WHERE id = '99de8f95-187e-4ef0-82f4-792435051f62';
UPDATE art_ping.employee SET asc_project_name = 'project238', desc_project_name = 'project45', asc_role_name = '', desc_role_name = '' WHERE id = 'e29c42aa-1923-468d-92cc-6543541d65c6';
UPDATE art_ping.employee SET asc_project_name = 'project145', desc_project_name = 'project145', asc_role_name = '', desc_role_name = '' WHERE id = 'b3bbb05f-31f7-4286-b5d7-801f7ba8a253';
UPDATE art_ping.employee SET asc_project_name = 'project104', desc_project_name = 'project269', asc_role_name = '', desc_role_name = '' WHERE id = '8e42298b-4598-4e97-90dd-e2a2a7ff6b9f';
UPDATE art_ping.employee SET asc_project_name = 'project210', desc_project_name = 'project375', asc_role_name = '', desc_role_name = '' WHERE id = '1fa7b87d-f0de-4dd1-9f90-776b7a9eb4c3';
UPDATE art_ping.employee SET asc_project_name = 'project156', desc_project_name = 'project65', asc_role_name = '   ', desc_role_name = '' WHERE id = 'f8e292b6-2d14-45e4-bc4f-d69bcf6c60e5';
UPDATE art_ping.employee SET asc_project_name = 'project48', desc_project_name = 'project99', asc_role_name = ' ', desc_role_name = '' WHERE id = '51bc8980-3c9f-4afe-8a7b-bacfd2955566';
UPDATE art_ping.employee SET asc_project_name = 'project111', desc_project_name = 'project64', asc_role_name = '', desc_role_name = '' WHERE id = 'bdce2984-48ff-47e3-9fed-ecc02eb0faa4';
UPDATE art_ping.employee SET asc_project_name = 'project202', desc_project_name = 'project260', asc_role_name = '', desc_role_name = '' WHERE id = 'afe9b494-96c4-4c65-8192-7839fd67d093';
UPDATE art_ping.employee SET asc_project_name = 'project1', desc_project_name = 'project67', asc_role_name = ' ', desc_role_name = '' WHERE id = '13462e56-1fb5-4ebf-bd36-0bf0a91515b9';
UPDATE art_ping.employee SET asc_project_name = 'project111', desc_project_name = 'project336', asc_role_name = '   ', desc_role_name = '' WHERE id = '484d8b7f-a858-49e0-88a5-9e45a14c5cd4';
UPDATE art_ping.employee SET asc_project_name = 'project191', desc_project_name = 'project238', asc_role_name = '', desc_role_name = '' WHERE id = 'c4d96eed-4f16-4ede-a4e2-e8047d4afe00';
UPDATE art_ping.employee SET asc_project_name = 'project151', desc_project_name = 'project5', asc_role_name = '   ', desc_role_name = '' WHERE id = '3e851127-afa8-449b-8908-c7912137d368';
UPDATE art_ping.employee SET asc_project_name = 'project157', desc_project_name = 'project56', asc_role_name = ' ', desc_role_name = '' WHERE id = 'ce38fb77-90e4-469d-9e4b-2164de440b56';
UPDATE art_ping.employee SET asc_project_name = 'project105', desc_project_name = 'project90', asc_role_name = '   ', desc_role_name = '' WHERE id = 'c2d2f97e-8a11-4a1b-bc6f-ea054abe0e77';
UPDATE art_ping.employee SET asc_project_name = 'project35', desc_project_name = 'project35', asc_role_name = '', desc_role_name = '' WHERE id = '0adc8fc3-8898-4378-8865-15f939a8179f';
UPDATE art_ping.employee SET asc_project_name = 'project136', desc_project_name = 'project51', asc_role_name = '', desc_role_name = '' WHERE id = '33dfdf17-ad6b-4f18-9ce2-d1fce01adf7e';
UPDATE art_ping.employee SET asc_project_name = 'project144', desc_project_name = 'project49', asc_role_name = '   ', desc_role_name = '' WHERE id = 'a3eba660-ebad-4453-92f8-72def095c50d';
UPDATE art_ping.employee SET asc_project_name = 'project17', desc_project_name = 'project48', asc_role_name = ' ', desc_role_name = '' WHERE id = '0ef87a64-d84c-423a-b727-7f198f0a7d18';
UPDATE art_ping.employee SET asc_project_name = 'project145', desc_project_name = 'project66', asc_role_name = '   ', desc_role_name = '' WHERE id = 'a9d41662-5fbc-48d6-af6d-70bd1ccbf684';
UPDATE art_ping.employee SET asc_project_name = 'project344', desc_project_name = 'project399', asc_role_name = ' ', desc_role_name = '' WHERE id = 'eca8228c-30d7-4e99-90e1-814a18adebdc';
UPDATE art_ping.employee SET asc_project_name = 'project104', desc_project_name = 'project314', asc_role_name = '', desc_role_name = '' WHERE id = '18ebec9b-6d09-4fa5-b6d7-817998f8dea7';
UPDATE art_ping.employee SET asc_project_name = 'project104', desc_project_name = 'project386', asc_role_name = '', desc_role_name = '' WHERE id = 'b778b2cc-ca73-4f95-8b90-6e7ac3507fec';
UPDATE art_ping.employee SET asc_project_name = 'project196', desc_project_name = 'project57', asc_role_name = '', desc_role_name = '' WHERE id = '74511b13-e9ee-41b9-8e2f-38bc890316a5';
UPDATE art_ping.employee SET asc_project_name = 'project114', desc_project_name = 'project311', asc_role_name = '   ', desc_role_name = '' WHERE id = '3f1b841e-e693-48dd-ad6c-ac8bf19e40ce';
UPDATE art_ping.employee SET asc_project_name = 'project146', desc_project_name = 'project89', asc_role_name = ' ', desc_role_name = '' WHERE id = '085d1150-48f8-4b0b-814d-fa33a489b982';
UPDATE art_ping.employee SET asc_project_name = 'project12', desc_project_name = 'project339', asc_role_name = '   ', desc_role_name = '' WHERE id = 'f9019837-96ef-40c0-96e6-432357b2631a';
UPDATE art_ping.employee SET asc_project_name = 'project184', desc_project_name = 'project393', asc_role_name = ' ', desc_role_name = '' WHERE id = '287e5d5a-620c-4827-a90a-1f842bfb0e19';
UPDATE art_ping.employee SET asc_project_name = 'project100', desc_project_name = 'project48', asc_role_name = ' ', desc_role_name = '' WHERE id = 'da7fe6a8-3541-4b03-8804-056261fc2bd8';
UPDATE art_ping.employee SET asc_project_name = 'project150', desc_project_name = 'project64', asc_role_name = '', desc_role_name = '' WHERE id = '56d3098f-57a8-4e7c-871d-76887c62c528';
UPDATE art_ping.employee SET asc_project_name = 'project153', desc_project_name = 'project36', asc_role_name = ' ', desc_role_name = '' WHERE id = '7de2f33b-ac5c-4e79-9bc1-3e791251fa70';
UPDATE art_ping.employee SET asc_project_name = 'project138', desc_project_name = 'project97', asc_role_name = '   ', desc_role_name = '' WHERE id = '5a7f29f2-c165-4475-af5c-0c41a0d9b49a';
UPDATE art_ping.employee SET asc_project_name = 'project186', desc_project_name = 'project57', asc_role_name = '', desc_role_name = '' WHERE id = 'ae2b42a2-d149-411e-814b-0edded87714b';
UPDATE art_ping.employee SET asc_project_name = 'project167', desc_project_name = 'project94', asc_role_name = '   ', desc_role_name = '' WHERE id = '4cdf619d-8a5b-4bfc-9feb-30cce1470f9b';
UPDATE art_ping.employee SET asc_project_name = 'project115', desc_project_name = 'project264', asc_role_name = ' ', desc_role_name = '' WHERE id = '68701196-939a-4d55-8611-2a710a1d93bf';
UPDATE art_ping.employee SET asc_project_name = 'project128', desc_project_name = 'project386', asc_role_name = '', desc_role_name = '' WHERE id = '410dc7a2-ecfe-4725-81f1-0977b2bf9883';
UPDATE art_ping.employee SET asc_project_name = 'project178', desc_project_name = 'project361', asc_role_name = '', desc_role_name = '' WHERE id = '3e3ed623-2e99-4b38-930c-85d443561aea';
UPDATE art_ping.employee SET asc_project_name = 'project125', desc_project_name = 'project74', asc_role_name = '', desc_role_name = '' WHERE id = 'd11834f9-c4d6-4c79-ae1f-ecc818b70de9';
UPDATE art_ping.employee SET asc_project_name = 'project375', desc_project_name = 'project71', asc_role_name = '', desc_role_name = '' WHERE id = '5be3b278-a954-4e91-b5c1-09c005ce113c';
UPDATE art_ping.employee SET asc_project_name = 'project19', desc_project_name = 'project86', asc_role_name = '', desc_role_name = '' WHERE id = '76db39d9-b2ab-470a-af66-04427497d652';
UPDATE art_ping.employee SET asc_project_name = 'project177', desc_project_name = 'project9', asc_role_name = '   ', desc_role_name = '' WHERE id = 'c596a3e1-c4d2-4fd9-8b80-226244975170';
UPDATE art_ping.employee SET asc_project_name = 'project134', desc_project_name = 'project85', asc_role_name = '   ', desc_role_name = '' WHERE id = 'ccd5828e-2daa-4dbe-8c87-a5b5722653cb';
UPDATE art_ping.employee SET asc_project_name = 'project165', desc_project_name = 'project344', asc_role_name = '', desc_role_name = '' WHERE id = 'e244ae14-7e73-4465-8068-62da4a118288';
UPDATE art_ping.employee SET asc_project_name = 'project138', desc_project_name = 'project74', asc_role_name = '', desc_role_name = '' WHERE id = '1d487669-af0b-4511-af1f-e7c8686b897f';
UPDATE art_ping.employee SET asc_project_name = 'project136', desc_project_name = 'project355', asc_role_name = '   ', desc_role_name = '' WHERE id = '645e95c5-885f-42bf-b4a6-dd0e0f10f16f';
UPDATE art_ping.employee SET asc_project_name = 'project1', desc_project_name = 'project348', asc_role_name = '   ', desc_role_name = '' WHERE id = 'ffa02c36-60d5-4eae-908b-67f7dafe0a46';
UPDATE art_ping.employee SET asc_project_name = 'project1', desc_project_name = 'project396', asc_role_name = '', desc_role_name = '' WHERE id = 'e64a50e8-f81c-4ca3-9582-c4c0c42e2f4b';
UPDATE art_ping.employee SET asc_project_name = 'project196', desc_project_name = 'project76', asc_role_name = '', desc_role_name = '' WHERE id = '5d5f62ab-4100-439e-ab0a-b40bd5dd2df6';
UPDATE art_ping.employee SET asc_project_name = 'project137', desc_project_name = 'project90', asc_role_name = '', desc_role_name = '' WHERE id = 'f959a1d8-f0fe-472a-869a-6d5e59673f3f';
UPDATE art_ping.employee SET asc_project_name = 'project100', desc_project_name = 'project263', asc_role_name = '', desc_role_name = '' WHERE id = '8530c865-bceb-42e6-82ad-9957f3687fc8';
UPDATE art_ping.employee SET asc_project_name = 'project118', desc_project_name = 'project226', asc_role_name = ' ', desc_role_name = '' WHERE id = 'ada10710-d213-4070-b5cf-549aa23423ee';
UPDATE art_ping.employee SET asc_project_name = 'project304', desc_project_name = 'project329', asc_role_name = '', desc_role_name = '' WHERE id = '13a53fc3-1c04-431b-a501-34dbf0dfa565';
UPDATE art_ping.employee SET asc_project_name = 'project13', desc_project_name = 'project8', asc_role_name = '   ', desc_role_name = '' WHERE id = '715f1eee-07f4-4b3f-99a8-2d7fb649c94f';
UPDATE art_ping.employee SET asc_project_name = 'project102', desc_project_name = 'project398', asc_role_name = ' ', desc_role_name = '' WHERE id = '50047f5c-c2e4-4e7a-a936-7a4fe1756c41';
UPDATE art_ping.employee SET asc_project_name = 'project118', desc_project_name = 'project389', asc_role_name = '', desc_role_name = '' WHERE id = '71fc503c-3cc7-45b6-915d-77b2592dbb1c';
UPDATE art_ping.employee SET asc_project_name = 'project109', desc_project_name = 'project356', asc_role_name = '', desc_role_name = '' WHERE id = '046d5e00-ba89-4a40-ba02-eae14c78c564';
UPDATE art_ping.employee SET asc_project_name = 'project220', desc_project_name = 'project395', asc_role_name = ' ', desc_role_name = '' WHERE id = 'f3e554c4-893a-41eb-9a09-215a08f04216';
UPDATE art_ping.employee SET asc_project_name = 'project195', desc_project_name = 'project60', asc_role_name = '', desc_role_name = '' WHERE id = '757c6849-14ed-4cf4-82f8-f2693e708222';
UPDATE art_ping.employee SET asc_project_name = 'project165', desc_project_name = 'project85', asc_role_name = '', desc_role_name = '' WHERE id = 'e118eaff-ea44-4548-8941-28b1cb9ffd3a';
UPDATE art_ping.employee SET asc_project_name = 'project207', desc_project_name = 'project292', asc_role_name = '', desc_role_name = '' WHERE id = 'b3ff289a-968a-4dcb-8b38-6800ca163fd5';
UPDATE art_ping.employee SET asc_project_name = 'project114', desc_project_name = 'project74', asc_role_name = '', desc_role_name = '' WHERE id = 'd8d8b297-a19d-4be5-8981-07f78b84e6e2';
UPDATE art_ping.employee SET asc_project_name = 'project164', desc_project_name = 'project390', asc_role_name = '', desc_role_name = '' WHERE id = 'bb139bc0-e654-4063-973a-815c4683bbb9';
UPDATE art_ping.employee SET asc_project_name = 'project131', desc_project_name = 'project384', asc_role_name = '', desc_role_name = '' WHERE id = '75a5ec96-6bdb-48ad-9e41-3992c3e411aa';
UPDATE art_ping.employee SET asc_project_name = 'project178', desc_project_name = 'project74', asc_role_name = '   ', desc_role_name = '' WHERE id = 'd82f685e-e42e-4d93-be51-4b4de7ba08d5';
UPDATE art_ping.employee SET asc_project_name = 'project147', desc_project_name = 'project9', asc_role_name = '', desc_role_name = '' WHERE id = '188b1861-cfdc-4061-b923-989f1c7a980f';
UPDATE art_ping.employee SET asc_project_name = 'project125', desc_project_name = 'project78', asc_role_name = '   ', desc_role_name = '' WHERE id = '606aa705-2913-4857-b870-266864ce2bee';
UPDATE art_ping.employee SET asc_project_name = 'project102', desc_project_name = 'project45', asc_role_name = '', desc_role_name = '' WHERE id = '154b73f8-e56f-42af-8131-08d4912597c8';
UPDATE art_ping.employee SET asc_project_name = 'project269', desc_project_name = 'project92', asc_role_name = '', desc_role_name = '' WHERE id = '4edf1e3b-8944-42c0-aa02-4622fba98a22';
UPDATE art_ping.employee SET asc_project_name = 'project29', desc_project_name = 'project344', asc_role_name = ' ', desc_role_name = '' WHERE id = '12cf9287-3cd2-4a0d-a630-d9cc809c65a6';
UPDATE art_ping.employee SET asc_project_name = 'project288', desc_project_name = 'project366', asc_role_name = '', desc_role_name = '' WHERE id = 'b175a33a-6b43-40ec-85e7-9f1438e24094';
UPDATE art_ping.employee SET asc_project_name = 'project227', desc_project_name = 'project73', asc_role_name = '', desc_role_name = '' WHERE id = '4a8c76e6-5848-4acc-8be5-5b85be00720e';
UPDATE art_ping.employee SET asc_project_name = 'project150', desc_project_name = 'project83', asc_role_name = '', desc_role_name = '' WHERE id = '4e83edd3-48d5-465e-9547-0f04d540e74e';
UPDATE art_ping.employee SET asc_project_name = 'project213', desc_project_name = 'project34', asc_role_name = '', desc_role_name = '' WHERE id = 'ca9f2c0f-d99d-4daf-b8c4-0a57639238f6';
UPDATE art_ping.employee SET asc_project_name = 'project231', desc_project_name = 'project42', asc_role_name = '', desc_role_name = '' WHERE id = '6cfb2d70-61ca-4ebe-8c24-b5d403461dfd';
UPDATE art_ping.employee SET asc_project_name = 'project128', desc_project_name = 'project53', asc_role_name = '', desc_role_name = '' WHERE id = 'c497679e-3fec-4bcd-99a7-864f9803de1c';
UPDATE art_ping.employee SET asc_project_name = 'project237', desc_project_name = 'project371', asc_role_name = ' ', desc_role_name = '' WHERE id = '6944d429-c1da-44c9-b670-4eb84c3d179a';
UPDATE art_ping.employee SET asc_project_name = 'project124', desc_project_name = 'project43', asc_role_name = '', desc_role_name = '' WHERE id = '06b0dc44-9bf8-496c-b5c1-979f596e5eca';
UPDATE art_ping.employee SET asc_project_name = 'project195', desc_project_name = 'project92', asc_role_name = '', desc_role_name = '' WHERE id = '3ee6ee98-01e9-477e-aae0-b8afbdab73b4';
UPDATE art_ping.employee SET asc_project_name = 'project128', desc_project_name = 'project331', asc_role_name = '', desc_role_name = '' WHERE id = '637a1a7c-d8d0-4180-b638-5371d9c59de7';
UPDATE art_ping.employee SET asc_project_name = 'project24', desc_project_name = 'project346', asc_role_name = '', desc_role_name = '' WHERE id = '8c049c7a-0143-4d5f-a532-c9ab9c30e5c7';
UPDATE art_ping.employee SET asc_project_name = 'project126', desc_project_name = 'project227', asc_role_name = '', desc_role_name = '' WHERE id = 'e169be65-4c8e-4158-b89e-92ffda1131ee';
UPDATE art_ping.employee SET asc_project_name = 'project253', desc_project_name = 'project390', asc_role_name = '', desc_role_name = '' WHERE id = '80031c24-f767-4e50-83eb-919faa0ff8f5';
UPDATE art_ping.employee SET asc_project_name = 'project218', desc_project_name = 'project325', asc_role_name = ' ', desc_role_name = '' WHERE id = '8129909d-b55b-408b-a343-ccb232362045';
UPDATE art_ping.employee SET asc_project_name = 'project296', desc_project_name = 'project310', asc_role_name = ' ', desc_role_name = '' WHERE id = '5ecc3fa5-74a8-4f71-ae5b-81df6c8f9e6a';
UPDATE art_ping.employee SET asc_project_name = 'project301', desc_project_name = 'project301', asc_role_name = ' ', desc_role_name = '' WHERE id = '91108f67-ae35-453a-8da8-be80cd5998ed';
UPDATE art_ping.employee SET asc_project_name = 'project133', desc_project_name = 'project45', asc_role_name = '', desc_role_name = '' WHERE id = '61973623-7ea1-40ad-bb08-a2d7b4a237e7';
UPDATE art_ping.employee SET asc_project_name = 'project122', desc_project_name = 'project44', asc_role_name = '', desc_role_name = '' WHERE id = 'eb78dfd4-d641-4376-bcd5-c5bd54db3aaf';
UPDATE art_ping.employee SET asc_project_name = 'project117', desc_project_name = 'project82', asc_role_name = ' ', desc_role_name = '' WHERE id = 'd1837d6b-5509-42b4-a68a-ada499a1db9c';
UPDATE art_ping.employee SET asc_project_name = 'project100', desc_project_name = 'project7', asc_role_name = '', desc_role_name = '' WHERE id = 'bb8f3b0c-32a9-466a-be09-949ec786b922';
UPDATE art_ping.employee SET asc_project_name = 'project157', desc_project_name = 'project354', asc_role_name = '   ', desc_role_name = '' WHERE id = 'bd5f4072-4756-47cd-8cdd-b3863b8a3be4';
UPDATE art_ping.employee SET asc_project_name = 'project126', desc_project_name = 'project217', asc_role_name = '', desc_role_name = '' WHERE id = 'db7c32ef-a43e-4924-950d-67368720b1ca';
UPDATE art_ping.employee SET asc_project_name = 'project104', desc_project_name = 'project90', asc_role_name = '', desc_role_name = '' WHERE id = '219ba6fe-7459-4043-87a7-8fa8941d5964';
UPDATE art_ping.employee SET asc_project_name = 'project152', desc_project_name = 'project4', asc_role_name = '   ', desc_role_name = '' WHERE id = 'f36f6161-6920-456f-8932-312679f02ff0';
UPDATE art_ping.employee SET asc_project_name = 'project116', desc_project_name = 'project99', asc_role_name = '', desc_role_name = '' WHERE id = '3caacf5d-2a9e-4b36-8fa2-b3a5303147fa';
UPDATE art_ping.employee SET asc_project_name = 'project133', desc_project_name = 'project47', asc_role_name = ' ', desc_role_name = '' WHERE id = '1bdc9fbe-a832-48d7-8ab9-dd59882f1cb7';
UPDATE art_ping.employee SET asc_project_name = 'project177', desc_project_name = 'project48', asc_role_name = '', desc_role_name = '' WHERE id = 'f93f3f29-0c4a-40d7-8014-b1e56e528dd6';
UPDATE art_ping.employee SET asc_project_name = 'project128', desc_project_name = 'project373', asc_role_name = '', desc_role_name = '' WHERE id = '3d4f01e2-43dc-4c70-83cc-7cdb1f3df1eb';
UPDATE art_ping.employee SET asc_project_name = 'project1', desc_project_name = 'project74', asc_role_name = '   ', desc_role_name = '' WHERE id = 'c46f6f86-7e74-4c03-884c-e25c91cc4946';
UPDATE art_ping.employee SET asc_project_name = 'project12', desc_project_name = 'project99', asc_role_name = '', desc_role_name = '' WHERE id = '5b1aea66-ceef-4316-9677-23ec2cd167f3';
UPDATE art_ping.employee SET asc_project_name = 'project102', desc_project_name = 'project86', asc_role_name = '   ', desc_role_name = '' WHERE id = '506c90be-9047-4868-9f58-4d30d43c5cd4';
UPDATE art_ping.employee SET asc_project_name = 'project222', desc_project_name = 'project43', asc_role_name = '', desc_role_name = '' WHERE id = '00480f9c-f2d1-4f04-bd42-bc6509b39d8c';
UPDATE art_ping.employee SET asc_project_name = 'project208', desc_project_name = 'project324', asc_role_name = '', desc_role_name = '' WHERE id = '7337ef3d-f68b-445a-8b3b-e8e8eb34dfba';
UPDATE art_ping.employee SET asc_project_name = 'project159', desc_project_name = 'project74', asc_role_name = '', desc_role_name = '' WHERE id = '6ea9e0cd-7d8b-4673-b90c-8aec9bfba868';
UPDATE art_ping.employee SET asc_project_name = 'project62', desc_project_name = 'project62', asc_role_name = '', desc_role_name = '' WHERE id = 'a9a30df2-0e61-43b4-ab85-7cda635d7531';
UPDATE art_ping.employee SET asc_project_name = 'project119', desc_project_name = 'project41', asc_role_name = '   ', desc_role_name = '' WHERE id = '7519c8c7-492f-4c67-a3fd-61e57984164c';
UPDATE art_ping.employee SET asc_project_name = 'project168', desc_project_name = 'project393', asc_role_name = '', desc_role_name = '' WHERE id = '19116dfb-4faf-46d5-af4c-f421b1dd04ec';
UPDATE art_ping.employee SET asc_project_name = 'project1', desc_project_name = 'project55', asc_role_name = '', desc_role_name = '' WHERE id = '577eae4c-cf68-4566-96cd-5d990ee35d36';
UPDATE art_ping.employee SET asc_project_name = 'project134', desc_project_name = 'project226', asc_role_name = '', desc_role_name = '' WHERE id = '8978b820-3832-4eb8-9d16-1359d70a5f41';
UPDATE art_ping.employee SET asc_project_name = 'project122', desc_project_name = 'project80', asc_role_name = '   ', desc_role_name = '' WHERE id = '75257361-002d-4a84-a6a7-45bdd09516c7';
UPDATE art_ping.employee SET asc_project_name = 'project165', desc_project_name = 'project384', asc_role_name = '   ', desc_role_name = '' WHERE id = 'ba4e3b46-f8fe-441f-92e9-024868b9fe19';
UPDATE art_ping.employee SET asc_project_name = 'project144', desc_project_name = 'project43', asc_role_name = '   ', desc_role_name = '' WHERE id = '0492f9c5-0b23-46c3-a435-691547b39086';
UPDATE art_ping.employee SET asc_project_name = 'project107', desc_project_name = 'project17', asc_role_name = '', desc_role_name = '' WHERE id = '475abc23-901a-43ed-be8b-ecb5ff7ac4c5';
UPDATE art_ping.employee SET asc_project_name = 'project119', desc_project_name = 'project47', asc_role_name = ' ', desc_role_name = '' WHERE id = '833f10ad-97d4-43ed-ade5-8b0a843aabbf';
UPDATE art_ping.employee SET asc_project_name = 'project111', desc_project_name = 'project93', asc_role_name = ' ', desc_role_name = '' WHERE id = 'e86f1abf-c2c7-4e09-a287-28e6bc3e35fb';
UPDATE art_ping.employee SET asc_project_name = 'project109', desc_project_name = 'project366', asc_role_name = '', desc_role_name = '' WHERE id = 'f8c6fc9b-5a6e-41da-a329-b2510034e3c6';
UPDATE art_ping.employee SET asc_project_name = 'project116', desc_project_name = 'project303', asc_role_name = '', desc_role_name = '' WHERE id = 'f4db3270-810e-4611-a75e-8e055a8e8784';
UPDATE art_ping.employee SET asc_project_name = 'project275', desc_project_name = 'project96', asc_role_name = '   ', desc_role_name = '' WHERE id = '3b2a40d0-1670-4a18-940d-bd37a4123361';
UPDATE art_ping.employee SET asc_project_name = 'project147', desc_project_name = 'project147', asc_role_name = '', desc_role_name = '' WHERE id = '2035cd1d-05d0-4bca-8ea4-911c82defd0b';
UPDATE art_ping.employee SET asc_project_name = 'project157', desc_project_name = 'project44', asc_role_name = '', desc_role_name = '' WHERE id = 'd4e0fce8-0226-4516-afa3-243214ffa105';
UPDATE art_ping.employee SET asc_project_name = 'project14', desc_project_name = 'project32', asc_role_name = '', desc_role_name = '' WHERE id = 'f127662b-6eb0-47af-ab37-589932ceb498';
UPDATE art_ping.employee SET asc_project_name = 'project191', desc_project_name = 'project246', asc_role_name = '', desc_role_name = '' WHERE id = '899809d2-dbd7-43af-908b-6caa46258872';
UPDATE art_ping.employee SET asc_project_name = 'project212', desc_project_name = 'project6', asc_role_name = '', desc_role_name = '' WHERE id = 'f4a19dcf-51f6-4782-9969-1c0850f2fa41';
UPDATE art_ping.employee SET asc_project_name = 'project237', desc_project_name = 'project378', asc_role_name = '', desc_role_name = '' WHERE id = '00289862-fe38-443f-983a-37f2c047c1bb';
UPDATE art_ping.employee SET asc_project_name = 'project20', desc_project_name = 'project44', asc_role_name = '   ', desc_role_name = '' WHERE id = '25937bae-8f8e-4ddc-a714-3e74c80fc42d';
UPDATE art_ping.employee SET asc_project_name = 'project289', desc_project_name = 'project55', asc_role_name = '   ', desc_role_name = '' WHERE id = '538a87f4-a5ad-435e-8e83-fed368ab2fdf';
UPDATE art_ping.employee SET asc_project_name = 'project100', desc_project_name = 'project376', asc_role_name = ' ', desc_role_name = '' WHERE id = '8429609f-625a-4bd0-a20d-70f7372da498';
UPDATE art_ping.employee SET asc_project_name = 'project343', desc_project_name = 'project59', asc_role_name = '', desc_role_name = '' WHERE id = '1726dad8-71cf-4ec6-8e13-5c8750de21c8';
UPDATE art_ping.employee SET asc_project_name = 'project197', desc_project_name = 'project240', asc_role_name = '', desc_role_name = '' WHERE id = '16cf7a15-9ef3-4997-9816-57feaff4d083';
UPDATE art_ping.employee SET asc_project_name = 'project137', desc_project_name = 'project79', asc_role_name = '', desc_role_name = '' WHERE id = '470e5ad9-7cf2-4629-9048-a8f17873018d';
UPDATE art_ping.employee SET asc_project_name = 'project172', desc_project_name = 'project51', asc_role_name = '   ', desc_role_name = '' WHERE id = '62becc2a-b2e8-4c91-a5ba-31e279a16d9c';
UPDATE art_ping.employee SET asc_project_name = 'project183', desc_project_name = 'project99', asc_role_name = '', desc_role_name = '' WHERE id = '80544bcc-4286-4ed6-8981-323152036cde';
UPDATE art_ping.employee SET asc_project_name = 'project201', desc_project_name = 'project90', asc_role_name = ' ', desc_role_name = '' WHERE id = '5648ab49-662f-4584-9194-51d0dd974a77';
UPDATE art_ping.employee SET asc_project_name = 'project251', desc_project_name = 'project34', asc_role_name = '', desc_role_name = '' WHERE id = '8f63c6e9-51e8-4f0f-a373-734a128ab4c1';
UPDATE art_ping.employee SET asc_project_name = 'project170', desc_project_name = 'project5', asc_role_name = '', desc_role_name = '' WHERE id = '95ab0c6e-bcd2-4038-86ad-9f7fa7293f10';
UPDATE art_ping.employee SET asc_project_name = 'project130', desc_project_name = 'project391', asc_role_name = '', desc_role_name = '' WHERE id = 'b81ee9ec-c164-40d3-8cb0-951b23351884';
UPDATE art_ping.employee SET asc_project_name = 'project217', desc_project_name = 'project67', asc_role_name = '', desc_role_name = '' WHERE id = '4281c7b2-01a0-4154-8a50-fd49e765852b';
UPDATE art_ping.employee SET asc_project_name = 'project130', desc_project_name = 'project35', asc_role_name = ' ', desc_role_name = '' WHERE id = '3b1768cf-f553-412f-add8-519afa8d587a';
UPDATE art_ping.employee SET asc_project_name = 'project165', desc_project_name = 'project50', asc_role_name = '   ', desc_role_name = '' WHERE id = '34c4844f-74cd-480a-8c3a-696b6ae60e22';
UPDATE art_ping.employee SET asc_project_name = 'project161', desc_project_name = 'project69', asc_role_name = ' ', desc_role_name = '' WHERE id = '6e22ba74-d2f9-415e-8ddf-cd40f6b42f5f';
UPDATE art_ping.employee SET asc_project_name = 'project1', desc_project_name = 'project51', asc_role_name = '', desc_role_name = '' WHERE id = 'f9cbd2b4-d97d-4265-a5c3-4430f0614efa';
UPDATE art_ping.employee SET asc_project_name = 'project124', desc_project_name = 'project202', asc_role_name = '', desc_role_name = '' WHERE id = '5c5fca0c-c39c-4fa6-8670-2bdd13273633';
UPDATE art_ping.employee SET asc_project_name = 'project167', desc_project_name = 'project78', asc_role_name = '   ', desc_role_name = '' WHERE id = 'd4f81a01-d8a8-4620-9fa0-a863ffc0d9d7';
UPDATE art_ping.employee SET asc_project_name = 'project170', desc_project_name = 'project191', asc_role_name = '', desc_role_name = '' WHERE id = '2784a9de-bfa6-432a-8db3-3c6ef96b175b';
UPDATE art_ping.employee SET asc_project_name = 'project135', desc_project_name = 'project65', asc_role_name = ' ', desc_role_name = '' WHERE id = '229d920e-cf5b-4dfb-a8eb-29e6a6c8068f';
UPDATE art_ping.employee SET asc_project_name = 'project156', desc_project_name = 'project89', asc_role_name = '', desc_role_name = '' WHERE id = '64ff7b30-1b01-4f81-b183-4f9929bb9052';
UPDATE art_ping.employee SET asc_project_name = 'project185', desc_project_name = 'project67', asc_role_name = '', desc_role_name = '' WHERE id = '7881231e-2a8e-4736-a3c8-68c27ddac2a1';
UPDATE art_ping.employee SET asc_project_name = 'project114', desc_project_name = 'project36', asc_role_name = ' ', desc_role_name = '' WHERE id = '3f80df10-2953-4b62-a570-e579a1d6357a';
UPDATE art_ping.employee SET asc_project_name = 'project124', desc_project_name = 'project384', asc_role_name = ' ', desc_role_name = '' WHERE id = 'b7105255-b70c-429e-8686-7ba8633ebf9f';
UPDATE art_ping.employee SET asc_project_name = 'project144', desc_project_name = 'project83', asc_role_name = '', desc_role_name = '' WHERE id = 'a547f5ea-4ebe-4601-aa11-6306914d7eaf';
UPDATE art_ping.employee SET asc_project_name = 'project146', desc_project_name = 'project273', asc_role_name = '', desc_role_name = '' WHERE id = 'dd37a8fa-7ce0-4b01-ba47-f2a8978f690d';
UPDATE art_ping.employee SET asc_project_name = 'project181', desc_project_name = 'project324', asc_role_name = ' ', desc_role_name = '' WHERE id = '51fb2ac4-8ba7-4194-b5f5-36972508e6de';
UPDATE art_ping.employee SET asc_project_name = 'project154', desc_project_name = 'project95', asc_role_name = '   ', desc_role_name = '' WHERE id = 'df693f88-209f-42b6-926e-457b8aeb2af9';
UPDATE art_ping.employee SET asc_project_name = 'project107', desc_project_name = 'project87', asc_role_name = '   ', desc_role_name = '' WHERE id = '0e1b2f29-f490-4f75-b4c3-611ccccdd849';
UPDATE art_ping.employee SET asc_project_name = 'project184', desc_project_name = 'project72', asc_role_name = '   ', desc_role_name = '' WHERE id = 'a97deb29-5516-46aa-b2d0-2ddd14fbee1d';
UPDATE art_ping.employee SET asc_project_name = 'project143', desc_project_name = 'project65', asc_role_name = '', desc_role_name = '' WHERE id = '9923f9ff-3d98-49be-a1a7-75f0de86dbc0';
UPDATE art_ping.employee SET asc_project_name = 'project183', desc_project_name = 'project66', asc_role_name = '', desc_role_name = '' WHERE id = '824e5eb7-7d8f-4071-a8ed-2023f126d58c';
UPDATE art_ping.employee SET asc_project_name = 'project105', desc_project_name = 'project93', asc_role_name = ' ', desc_role_name = '' WHERE id = 'f6601251-90a2-4acd-a611-5087f2c59f77';
UPDATE art_ping.employee SET asc_project_name = 'project124', desc_project_name = 'project395', asc_role_name = '   ', desc_role_name = '' WHERE id = '68aca824-016e-4faa-926c-9688c6b57fc2';
UPDATE art_ping.employee SET asc_project_name = 'project153', desc_project_name = 'project57', asc_role_name = '   ', desc_role_name = '' WHERE id = '92bdf01e-cbbd-4d9f-88a5-c6fa0275dfae';
UPDATE art_ping.employee SET asc_project_name = 'project184', desc_project_name = 'project39', asc_role_name = '', desc_role_name = '' WHERE id = '51354a6d-189b-4def-9c2e-83d47695307a';
UPDATE art_ping.employee SET asc_project_name = 'project222', desc_project_name = 'project51', asc_role_name = '', desc_role_name = '' WHERE id = 'a6790baa-fb04-4966-8a25-39972358d9b7';
UPDATE art_ping.employee SET asc_project_name = 'project253', desc_project_name = 'project397', asc_role_name = '', desc_role_name = '' WHERE id = '6728eb07-5841-48cf-a6e5-4acb471295e2';
UPDATE art_ping.employee SET asc_project_name = 'project105', desc_project_name = 'project89', asc_role_name = '', desc_role_name = '' WHERE id = '348e4a71-99d5-4382-a884-229d538af662';
UPDATE art_ping.employee SET asc_project_name = 'project102', desc_project_name = 'project298', asc_role_name = ' ', desc_role_name = '' WHERE id = '58f5f5c8-3b76-4e8d-ae9e-e48d2094a434';
UPDATE art_ping.employee SET asc_project_name = 'project142', desc_project_name = 'project73', asc_role_name = '', desc_role_name = '' WHERE id = 'acf24a6a-9e8b-4edf-982c-ad62dcb4e236';
UPDATE art_ping.employee SET asc_project_name = 'project118', desc_project_name = 'project36', asc_role_name = '   ', desc_role_name = '' WHERE id = '568b88a7-f196-4ef3-b6b6-2f35874f331c';
UPDATE art_ping.employee SET asc_project_name = 'project109', desc_project_name = 'project88', asc_role_name = ' ', desc_role_name = '' WHERE id = '7f017fd4-81ac-4d7b-a32e-c28b45ceb60f';
UPDATE art_ping.employee SET asc_project_name = 'project120', desc_project_name = 'project92', asc_role_name = '   ', desc_role_name = '' WHERE id = '8497a2ae-1393-40a2-a1aa-025047ed3835';
UPDATE art_ping.employee SET asc_project_name = 'project253', desc_project_name = 'project377', asc_role_name = ' ', desc_role_name = '' WHERE id = '30dfa1ca-7b8d-4ff6-aad2-336b8946cd43';
UPDATE art_ping.employee SET asc_project_name = 'project244', desc_project_name = 'project265', asc_role_name = ' ', desc_role_name = '' WHERE id = '5d393e40-0dca-4fe6-9264-a2042cd888d3';
UPDATE art_ping.employee SET asc_project_name = 'project145', desc_project_name = 'project98', asc_role_name = '', desc_role_name = '' WHERE id = 'ecba32ef-e3b9-4f48-b96a-d2f81f777fbb';
UPDATE art_ping.employee SET asc_project_name = 'project119', desc_project_name = 'project323', asc_role_name = '', desc_role_name = '' WHERE id = 'e8fa1518-3191-4982-992e-6e1f22ae0d0b';
UPDATE art_ping.employee SET asc_project_name = 'project132', desc_project_name = 'project334', asc_role_name = '', desc_role_name = '' WHERE id = '2a60de57-a87a-4f65-b5fc-47ec38b4bfa9';
UPDATE art_ping.employee SET asc_project_name = 'project102', desc_project_name = 'project50', asc_role_name = '', desc_role_name = '' WHERE id = 'b155eaf8-7e88-4d0a-992f-8ee70d8b37e5';
UPDATE art_ping.employee SET asc_project_name = 'project104', desc_project_name = 'project89', asc_role_name = '   ', desc_role_name = '' WHERE id = '735a9cac-c943-4560-99a5-c2778ed36806';
UPDATE art_ping.employee SET asc_project_name = 'project14', desc_project_name = 'project6', asc_role_name = '   ', desc_role_name = '' WHERE id = '120e9abf-1fc2-4c79-a365-77e49a1f76ed';
UPDATE art_ping.employee SET asc_project_name = 'project174', desc_project_name = 'project56', asc_role_name = '', desc_role_name = '' WHERE id = '55743fe3-5eb2-4bcb-a294-96956680a9f5';
UPDATE art_ping.employee SET asc_project_name = 'project103', desc_project_name = 'project67', asc_role_name = '', desc_role_name = '' WHERE id = '96d379a2-8d90-4c59-b1b0-4f6fc45acaeb';
UPDATE art_ping.employee SET asc_project_name = 'project166', desc_project_name = 'project359', asc_role_name = '   ', desc_role_name = '' WHERE id = 'a1d05cee-811f-4a34-8cba-326090f3ec2c';
UPDATE art_ping.employee SET asc_project_name = 'project120', desc_project_name = 'project49', asc_role_name = '', desc_role_name = '' WHERE id = 'b661d5fb-e6f6-4bb7-8f3b-415d1edfda19';
UPDATE art_ping.employee SET asc_project_name = 'project12', desc_project_name = 'project349', asc_role_name = '   ', desc_role_name = '' WHERE id = 'a7a3b462-8533-4f6d-aad0-7f1e1fff2f19';
UPDATE art_ping.employee SET asc_project_name = 'project1', desc_project_name = 'project4', asc_role_name = '', desc_role_name = '' WHERE id = '1fb437d1-aaee-4ed1-bb2c-362b015589fd';
UPDATE art_ping.employee SET asc_project_name = 'project152', desc_project_name = 'project79', asc_role_name = '', desc_role_name = '' WHERE id = 'ab1f7d61-0802-4f98-b750-405e293c8568';
UPDATE art_ping.employee SET asc_project_name = 'project187', desc_project_name = 'project308', asc_role_name = '', desc_role_name = '' WHERE id = '87d80911-91e5-44ff-977f-6c6720cd4d13';
UPDATE art_ping.employee SET asc_project_name = 'project152', desc_project_name = 'project93', asc_role_name = '   ', desc_role_name = '' WHERE id = '9156f9a1-04af-4de0-93d1-bea2aacb4812';
UPDATE art_ping.employee SET asc_project_name = 'project144', desc_project_name = 'project62', asc_role_name = '   ', desc_role_name = '' WHERE id = '4d14143a-4934-49e3-a791-a4ae03ae5170';
UPDATE art_ping.employee SET asc_project_name = 'project108', desc_project_name = 'project262', asc_role_name = '   ', desc_role_name = '' WHERE id = '8dacf61c-b38d-4d75-ac11-962a97226013';
UPDATE art_ping.employee SET asc_project_name = 'project143', desc_project_name = 'project67', asc_role_name = ' ', desc_role_name = '' WHERE id = 'f13996b1-1d4e-4031-b848-4d38e070ae36';
UPDATE art_ping.employee SET asc_project_name = 'project180', desc_project_name = 'project247', asc_role_name = '', desc_role_name = '' WHERE id = 'eb489be1-3357-4723-b5af-b7833e1e9da2';
UPDATE art_ping.employee SET asc_project_name = 'project174', desc_project_name = 'project178', asc_role_name = '   ', desc_role_name = '' WHERE id = '328230d3-b9ac-4810-bfb0-ab9ee61c5e50';
UPDATE art_ping.employee SET asc_project_name = 'project226', desc_project_name = 'project63', asc_role_name = '', desc_role_name = '' WHERE id = 'ff254c8a-c3a5-46f1-a717-c55e3c5e8680';
UPDATE art_ping.employee SET asc_project_name = 'project168', desc_project_name = 'project72', asc_role_name = '', desc_role_name = '' WHERE id = '318db25a-3b1d-4fa4-ad56-98a5dcd56271';
UPDATE art_ping.employee SET asc_project_name = 'project210', desc_project_name = 'project52', asc_role_name = ' ', desc_role_name = '' WHERE id = '47f45c62-b0ab-4f70-b60b-71c1f078dbe5';
UPDATE art_ping.employee SET asc_project_name = 'project103', desc_project_name = 'project6', asc_role_name = ' ', desc_role_name = '' WHERE id = '20b3ccfd-5ab0-4f4c-814e-830f32b570ff';
UPDATE art_ping.employee SET asc_project_name = 'project103', desc_project_name = 'project59', asc_role_name = '   ', desc_role_name = '' WHERE id = '5ec97d35-2d20-4b14-9e4e-b3937580b7ae';
UPDATE art_ping.employee SET asc_project_name = 'project22', desc_project_name = 'project39', asc_role_name = '', desc_role_name = '' WHERE id = '8d154404-8e56-4db1-9c7d-0bf34a0f7847';
UPDATE art_ping.employee SET asc_project_name = 'project122', desc_project_name = 'project369', asc_role_name = '   ', desc_role_name = '' WHERE id = '2c2f287b-405c-4870-a42a-3c993400d5c2';
UPDATE art_ping.employee SET asc_project_name = 'project277', desc_project_name = 'project58', asc_role_name = '', desc_role_name = '' WHERE id = '43d8804d-1c4a-41b3-aba0-8c2291613b1a';
UPDATE art_ping.employee SET asc_project_name = 'project104', desc_project_name = 'project35', asc_role_name = '', desc_role_name = '' WHERE id = 'a4c6515a-ad32-4e85-aa5e-a1a5dd5e7199';
UPDATE art_ping.employee SET asc_project_name = 'project161', desc_project_name = 'project188', asc_role_name = '', desc_role_name = '' WHERE id = '6fed8a40-b2d0-4cbf-b7e3-0daeaafa3af8';
UPDATE art_ping.employee SET asc_project_name = 'project132', desc_project_name = 'project295', asc_role_name = ' ', desc_role_name = '' WHERE id = '493a58e5-2b13-4d7e-9971-399387fafafd';
UPDATE art_ping.employee SET asc_project_name = 'project124', desc_project_name = 'project396', asc_role_name = '', desc_role_name = '' WHERE id = '17efe547-80c9-4914-967f-0c4fc078b74c';
UPDATE art_ping.employee SET asc_project_name = 'project108', desc_project_name = 'project252', asc_role_name = '', desc_role_name = '' WHERE id = 'a9b66c15-d3e1-4e38-8361-5051c6feb8fb';
UPDATE art_ping.employee SET asc_project_name = 'project114', desc_project_name = 'project44', asc_role_name = '', desc_role_name = '' WHERE id = 'e424a74b-19a1-4b97-8ce0-b39646f66c8d';
UPDATE art_ping.employee SET asc_project_name = 'project283', desc_project_name = 'project63', asc_role_name = '   ', desc_role_name = '' WHERE id = '40ac132d-530f-4cbf-900e-42f899fe2380';
UPDATE art_ping.employee SET asc_project_name = 'project207', desc_project_name = 'project98', asc_role_name = '', desc_role_name = '' WHERE id = '8fbca8db-c93a-4666-a70a-f3fc4dda566c';
UPDATE art_ping.employee SET asc_project_name = 'project263', desc_project_name = 'project393', asc_role_name = '   ', desc_role_name = '' WHERE id = 'db5ccae6-0bb1-4879-a398-f5fab1e421dd';
UPDATE art_ping.employee SET asc_project_name = 'project162', desc_project_name = 'project396', asc_role_name = '   ', desc_role_name = '' WHERE id = '57c9a6f6-2544-456e-9146-9ae136ae6298';
UPDATE art_ping.employee SET asc_project_name = 'project165', desc_project_name = 'project89', asc_role_name = '   ', desc_role_name = '' WHERE id = 'ae0a4142-3fb8-41c4-a80a-56ad29240937';
UPDATE art_ping.employee SET asc_project_name = 'project110', desc_project_name = 'project396', asc_role_name = '', desc_role_name = '' WHERE id = 'a352156f-46ef-45ef-92b7-6ec0aada131d';
UPDATE art_ping.employee SET asc_project_name = 'project210', desc_project_name = 'project92', asc_role_name = '', desc_role_name = '' WHERE id = '00dbc004-e522-4e71-953d-dc682428df46';
UPDATE art_ping.employee SET asc_project_name = 'project114', desc_project_name = 'project57', asc_role_name = '', desc_role_name = '' WHERE id = '915343c7-b40e-4730-975b-f21ed4590532';
UPDATE art_ping.employee SET asc_project_name = 'project128', desc_project_name = 'project336', asc_role_name = '', desc_role_name = '' WHERE id = '505e5150-0413-446a-82b4-296aa6dec7f2';
UPDATE art_ping.employee SET asc_project_name = 'project132', desc_project_name = 'project317', asc_role_name = '', desc_role_name = '' WHERE id = '2dff829a-3580-4075-840a-f5c2ec5e3f1f';
UPDATE art_ping.employee SET asc_project_name = 'project104', desc_project_name = 'project97', asc_role_name = ' ', desc_role_name = '' WHERE id = '6bbc2baa-80ce-41da-bbdf-31f8647dddc8';
UPDATE art_ping.employee SET asc_project_name = 'project109', desc_project_name = 'project232', asc_role_name = '   ', desc_role_name = '' WHERE id = 'fbac1bbc-37bf-4349-8ca8-1b95e328ae04';
UPDATE art_ping.employee SET asc_project_name = 'project228', desc_project_name = 'project380', asc_role_name = ' ', desc_role_name = '' WHERE id = '8e5aeece-282b-44e2-b0ae-90f428192683';
UPDATE art_ping.employee SET asc_project_name = 'project17', desc_project_name = 'project309', asc_role_name = '', desc_role_name = '' WHERE id = 'd35a0470-b546-4205-8307-5d54da61b18d';
UPDATE art_ping.employee SET asc_project_name = 'project130', desc_project_name = 'project345', asc_role_name = '', desc_role_name = '' WHERE id = '78d819f1-6b51-420c-8281-c8f1d401a50b';
UPDATE art_ping.employee SET asc_project_name = 'project217', desc_project_name = 'project76', asc_role_name = ' ', desc_role_name = '' WHERE id = '86cf0bff-1a68-488a-8295-4222969a3ffb';
UPDATE art_ping.employee SET asc_project_name = 'project181', desc_project_name = 'project96', asc_role_name = ' ', desc_role_name = '' WHERE id = 'e5e3df29-b6ee-459b-ae9d-e725b68bbafb';
UPDATE art_ping.employee SET asc_project_name = 'project253', desc_project_name = 'project66', asc_role_name = '   ', desc_role_name = '' WHERE id = 'a9500db5-d6b9-46ea-b8e3-36d36c2fb663';
UPDATE art_ping.employee SET asc_project_name = 'project192', desc_project_name = 'project56', asc_role_name = '', desc_role_name = '' WHERE id = '9674a6de-68c3-4199-9715-44a7c0aede32';
UPDATE art_ping.employee SET asc_project_name = 'project134', desc_project_name = 'project84', asc_role_name = '', desc_role_name = '' WHERE id = '515b00bb-3a1a-4c42-9349-ba7e5577b69d';
UPDATE art_ping.employee SET asc_project_name = 'project101', desc_project_name = 'project387', asc_role_name = ' ', desc_role_name = '' WHERE id = 'be09a1ce-86c1-4b5c-bb25-a89e94fe6e18';
UPDATE art_ping.employee SET asc_project_name = 'project11', desc_project_name = 'project318', asc_role_name = '', desc_role_name = '' WHERE id = '3d9ac511-8d2a-40ec-aa7a-043b6a736119';
UPDATE art_ping.employee SET asc_project_name = 'project146', desc_project_name = 'project79', asc_role_name = '', desc_role_name = '' WHERE id = 'ff381683-f441-4456-b183-eadff5e6641e';
UPDATE art_ping.employee SET asc_project_name = 'project28', desc_project_name = 'project43', asc_role_name = ' ', desc_role_name = '' WHERE id = 'fac34f0f-f3ea-46b7-bed0-8614e54bf195';
UPDATE art_ping.employee SET asc_project_name = 'project271', desc_project_name = 'project90', asc_role_name = '', desc_role_name = '' WHERE id = 'a6f8a1b3-622f-4196-8dea-9dde2fdec79c';
UPDATE art_ping.employee SET asc_project_name = 'project118', desc_project_name = 'project95', asc_role_name = '', desc_role_name = '' WHERE id = '5d82c286-6349-49ee-a0c8-8ae17c01a3ea';
UPDATE art_ping.employee SET asc_project_name = 'project240', desc_project_name = 'project43', asc_role_name = '', desc_role_name = '' WHERE id = 'bc0e890f-7318-4cb2-9454-8c4480e65099';
UPDATE art_ping.employee SET asc_project_name = 'project103', desc_project_name = 'project252', asc_role_name = '', desc_role_name = '' WHERE id = 'ad5c3500-572d-4e3c-84ce-abbf11468475';
UPDATE art_ping.employee SET asc_project_name = 'project107', desc_project_name = 'project76', asc_role_name = '', desc_role_name = '' WHERE id = '2bed41e8-9a46-4856-8014-4e1941001799';
UPDATE art_ping.employee SET asc_project_name = 'project223', desc_project_name = 'project68', asc_role_name = '   ', desc_role_name = '' WHERE id = '326ac3e5-245e-4f54-bc7f-c89a0575f37c';
UPDATE art_ping.employee SET asc_project_name = 'project104', desc_project_name = 'project215', asc_role_name = '', desc_role_name = '' WHERE id = '22b95590-f019-4c0b-82ee-73e0fc114eec';
UPDATE art_ping.employee SET asc_project_name = 'project105', desc_project_name = 'project92', asc_role_name = '', desc_role_name = '' WHERE id = 'e3453ceb-3aec-48b8-9376-a52af08e7111';
UPDATE art_ping.employee SET asc_project_name = 'project11', desc_project_name = 'project60', asc_role_name = ' ', desc_role_name = '' WHERE id = 'ecff3071-8e08-4773-b824-cefc3f98780d';
UPDATE art_ping.employee SET asc_project_name = 'project116', desc_project_name = 'project81', asc_role_name = '', desc_role_name = '' WHERE id = '93caefdf-d11f-498f-9939-acfa4f238b68';
UPDATE art_ping.employee SET asc_project_name = 'project14', desc_project_name = 'project78', asc_role_name = '   ', desc_role_name = '' WHERE id = '969f05c5-9197-4e39-8ae9-d81af37dd9a7';
UPDATE art_ping.employee SET asc_project_name = 'project121', desc_project_name = 'project83', asc_role_name = '', desc_role_name = '' WHERE id = 'ae242bfa-9bae-45ea-9425-2b4eaeaa9b68';
UPDATE art_ping.employee SET asc_project_name = 'project195', desc_project_name = 'project92', asc_role_name = '   ', desc_role_name = '' WHERE id = '65437f3f-cdfb-4732-ba14-73e765d78096';
UPDATE art_ping.employee SET asc_project_name = 'project140', desc_project_name = 'project365', asc_role_name = '   ', desc_role_name = '' WHERE id = 'ca80f43d-5268-431a-9be9-598b85e5fbd0';
UPDATE art_ping.employee SET asc_project_name = 'project344', desc_project_name = 'project46', asc_role_name = ' ', desc_role_name = '' WHERE id = 'af63e045-ff18-4cc6-893b-1d088e0fc2cf';
UPDATE art_ping.employee SET asc_project_name = 'project188', desc_project_name = 'project42', asc_role_name = '', desc_role_name = '' WHERE id = '8b18feb9-b326-47d7-b4b4-99e86b5d3642';
UPDATE art_ping.employee SET asc_project_name = 'project113', desc_project_name = 'project301', asc_role_name = '', desc_role_name = '' WHERE id = '66e5f9ba-af58-4ecb-920b-b052072af89b';
UPDATE art_ping.employee SET asc_project_name = 'project104', desc_project_name = 'project371', asc_role_name = '', desc_role_name = '' WHERE id = '33c5e8ac-400e-4ec6-9e48-5d33bd81f95f';
UPDATE art_ping.employee SET asc_project_name = 'project295', desc_project_name = 'project48', asc_role_name = '   ', desc_role_name = '' WHERE id = '4dd27506-c685-49ae-b937-9633272a83d8';
UPDATE art_ping.employee SET asc_project_name = 'project21', desc_project_name = 'project85', asc_role_name = '', desc_role_name = '' WHERE id = '35a3185c-b449-4041-a98b-51e2e4bdfa4c';
UPDATE art_ping.employee SET asc_project_name = 'project218', desc_project_name = 'project342', asc_role_name = ' ', desc_role_name = '' WHERE id = 'd506ff2e-4561-4778-b519-7d7fb9384e04';
UPDATE art_ping.employee SET asc_project_name = 'project212', desc_project_name = 'project212', asc_role_name = '', desc_role_name = '' WHERE id = 'e7001bd5-482c-4643-b5d7-ea6ee953b6b1';
UPDATE art_ping.employee SET asc_project_name = 'project142', desc_project_name = 'project90', asc_role_name = '', desc_role_name = '' WHERE id = '19a66dc2-080d-4711-abe3-a97cbda9803b';
UPDATE art_ping.employee SET asc_project_name = 'project148', desc_project_name = 'project67', asc_role_name = '', desc_role_name = '' WHERE id = '06d7dbce-24ad-44d6-89f3-438d337d6ef4';
UPDATE art_ping.employee SET asc_project_name = 'project104', desc_project_name = 'project264', asc_role_name = ' ', desc_role_name = '' WHERE id = 'e06de493-954d-4a4d-a3eb-fb67a4671cfc';
UPDATE art_ping.employee SET asc_project_name = 'null', desc_project_name = 'null', asc_role_name = ' ', desc_role_name = '' WHERE id = '1c988d6d-899d-488d-8ba6-27658d029b2c';
UPDATE art_ping.employee SET asc_project_name = 'project123', desc_project_name = 'project84', asc_role_name = '', desc_role_name = '' WHERE id = 'e47a9330-d261-4c18-907a-b96e441d06ec';
UPDATE art_ping.employee SET asc_project_name = 'project173', desc_project_name = 'project42', asc_role_name = '   ', desc_role_name = '' WHERE id = '8c05f93e-a563-4678-b1ff-9e196908d054';
UPDATE art_ping.employee SET asc_project_name = 'project0', desc_project_name = 'project395', asc_role_name = '', desc_role_name = '' WHERE id = '99e52a02-bac0-445b-8d97-903fb19434d1';
UPDATE art_ping.employee SET asc_project_name = 'null', desc_project_name = 'null', asc_role_name = '   ', desc_role_name = '' WHERE id = '9982ae8f-0654-4ea5-a5bf-f9b1c7ac89c1';
UPDATE art_ping.employee SET asc_project_name = 'project227', desc_project_name = 'project316', asc_role_name = ' ', desc_role_name = '' WHERE id = 'd8004060-ae26-4daa-8bc7-735e1e3bf33b';
UPDATE art_ping.employee SET asc_project_name = 'project101', desc_project_name = 'project83', asc_role_name = '', desc_role_name = '' WHERE id = '41edc2a3-5f19-4c2e-8e4b-75a89d28bdea';
UPDATE art_ping.employee SET asc_project_name = 'project130', desc_project_name = 'project72', asc_role_name = '   ', desc_role_name = '' WHERE id = '9a2c2d3e-8742-427a-b85c-a6c064010cfb';
UPDATE art_ping.employee SET asc_project_name = 'project191', desc_project_name = 'project63', asc_role_name = '   ', desc_role_name = '' WHERE id = '750e6c14-3132-4292-bdc3-182c1b18373e';
UPDATE art_ping.employee SET asc_project_name = 'project153', desc_project_name = 'project153', asc_role_name = '', desc_role_name = '' WHERE id = 'c959b146-9b08-4010-b577-312bff98e991';
UPDATE art_ping.employee SET asc_project_name = 'project157', desc_project_name = 'project79', asc_role_name = '', desc_role_name = '' WHERE id = 'c081cb8c-ccec-4887-aae1-0d25f16eeea7';
UPDATE art_ping.employee SET asc_project_name = 'project1', desc_project_name = 'project86', asc_role_name = '', desc_role_name = '' WHERE id = '4242e906-afdd-451d-828a-ce35ca2d9931';
UPDATE art_ping.employee SET asc_project_name = 'project13', desc_project_name = 'project212', asc_role_name = '', desc_role_name = '' WHERE id = 'b6563d74-1e2b-4bc2-9c0c-b418a628bb78';
UPDATE art_ping.employee SET asc_project_name = 'project102', desc_project_name = 'project9', asc_role_name = ' ', desc_role_name = '' WHERE id = 'd6b2e235-5572-40f7-a821-1c3ed79fed56';
UPDATE art_ping.employee SET asc_project_name = 'project181', desc_project_name = 'project186', asc_role_name = '', desc_role_name = '' WHERE id = 'e10888eb-d630-4580-871e-cbd4910c26ee';
UPDATE art_ping.employee SET asc_project_name = 'project160', desc_project_name = 'project77', asc_role_name = '', desc_role_name = '' WHERE id = 'e07742a4-107c-4c77-8d37-aaa5d771ca3e';
UPDATE art_ping.employee SET asc_project_name = 'project142', desc_project_name = 'project372', asc_role_name = '', desc_role_name = '' WHERE id = 'bf99118f-478c-4f13-b090-c482af39638b';
UPDATE art_ping.employee SET asc_project_name = 'project125', desc_project_name = 'project51', asc_role_name = '', desc_role_name = '' WHERE id = 'c1c408a4-5c48-45b6-acee-bab5fb93950a';
UPDATE art_ping.employee SET asc_project_name = 'project237', desc_project_name = 'project76', asc_role_name = '', desc_role_name = '' WHERE id = 'd0ae51d6-3f25-42a4-aab6-bcdec2a7d13b';
UPDATE art_ping.employee SET asc_project_name = 'project12', desc_project_name = 'project45', asc_role_name = '', desc_role_name = '' WHERE id = '308ced5a-35ab-483f-ad1d-b705e7d67578';
UPDATE art_ping.employee SET asc_project_name = 'project120', desc_project_name = 'project51', asc_role_name = '', desc_role_name = '' WHERE id = '8e0f0958-a38e-4654-bd93-59c73dbb4de4';
UPDATE art_ping.employee SET asc_project_name = 'project104', desc_project_name = 'project42', asc_role_name = '', desc_role_name = '' WHERE id = '32ed9b74-cfe4-47be-a4a1-75a2574f79f7';
UPDATE art_ping.employee SET asc_project_name = 'project120', desc_project_name = 'project366', asc_role_name = '   ', desc_role_name = '' WHERE id = 'a894ee0f-9b68-4185-a435-5cea33c3fce6';
UPDATE art_ping.employee SET asc_project_name = 'project165', desc_project_name = 'project95', asc_role_name = '   ', desc_role_name = '' WHERE id = '3c6e0c9f-5628-4b52-8dd3-51073cb3b3e0';
UPDATE art_ping.employee SET asc_project_name = 'project178', desc_project_name = 'project96', asc_role_name = '', desc_role_name = '' WHERE id = 'a91576d9-95f7-42f0-96c2-8d86fbc31bb8';
UPDATE art_ping.employee SET asc_project_name = 'project191', desc_project_name = 'project78', asc_role_name = '', desc_role_name = '' WHERE id = '7b45c0df-31bf-463e-85a7-74ff2d101ed8';
UPDATE art_ping.employee SET asc_project_name = 'project131', desc_project_name = 'project316', asc_role_name = '   ', desc_role_name = '' WHERE id = 'fa21f402-1783-4e26-a087-c5cc50765fe8';
UPDATE art_ping.employee SET asc_project_name = 'project11', desc_project_name = 'project75', asc_role_name = '', desc_role_name = '' WHERE id = 'ee6e51f7-4879-4bc5-a8b5-e38b8f0eebe1';
UPDATE art_ping.employee SET asc_project_name = 'project117', desc_project_name = 'project9', asc_role_name = '', desc_role_name = '' WHERE id = 'c1bbc082-5ce3-4228-8c49-4d89cf9533d9';
UPDATE art_ping.employee SET asc_project_name = 'project117', desc_project_name = 'project303', asc_role_name = '', desc_role_name = '' WHERE id = '933b5c28-e1a9-4a5d-8fa2-f4c7b9d1084d';
UPDATE art_ping.employee SET asc_project_name = 'project257', desc_project_name = 'project389', asc_role_name = '', desc_role_name = '' WHERE id = '3a538874-0fd8-4eef-b294-831512cb6b43';
UPDATE art_ping.employee SET asc_project_name = 'project124', desc_project_name = 'project323', asc_role_name = '', desc_role_name = '' WHERE id = '2a4e8b0c-fc62-46fd-acd1-f47b3f08e54e';
UPDATE art_ping.employee SET asc_project_name = 'project223', desc_project_name = 'project273', asc_role_name = '', desc_role_name = '' WHERE id = '82ba39fe-9452-4426-b62b-d9b0376c2b6e';
UPDATE art_ping.employee SET asc_project_name = 'project211', desc_project_name = 'project340', asc_role_name = '', desc_role_name = '' WHERE id = '65c8b1e8-72da-4a05-9ea2-82a47bfbe8f7';
UPDATE art_ping.employee SET asc_project_name = 'project12', desc_project_name = 'project344', asc_role_name = ' ', desc_role_name = '' WHERE id = 'a7009616-fd86-4ae9-bf30-de17064b6f72';
UPDATE art_ping.employee SET asc_project_name = 'project356', desc_project_name = 'project95', asc_role_name = '   ', desc_role_name = '' WHERE id = 'ef25260d-3eb8-4893-8fe8-3e51ca329be8';
UPDATE art_ping.employee SET asc_project_name = 'project138', desc_project_name = 'project377', asc_role_name = '   ', desc_role_name = '' WHERE id = 'fdf077b8-75a9-47da-bc22-063a2dcb42d6';
UPDATE art_ping.employee SET asc_project_name = 'project201', desc_project_name = 'project392', asc_role_name = '', desc_role_name = '' WHERE id = '428373ee-8677-47fc-a008-7b445812caab';
UPDATE art_ping.employee SET asc_project_name = 'project146', desc_project_name = 'project89', asc_role_name = '', desc_role_name = '' WHERE id = 'fb67b0c8-67d8-4b01-a3c5-d27b062ef307';
UPDATE art_ping.employee SET asc_project_name = 'project108', desc_project_name = 'project93', asc_role_name = '', desc_role_name = '' WHERE id = '3811cc7b-c6c2-437d-b64b-9afb49d8ad8d';
UPDATE art_ping.employee SET asc_project_name = 'project128', desc_project_name = 'project333', asc_role_name = ' ', desc_role_name = '' WHERE id = 'b1adb54f-39bc-49d8-bfbb-5c55f9786399';
UPDATE art_ping.employee SET asc_project_name = 'project111', desc_project_name = 'project90', asc_role_name = ' ', desc_role_name = '' WHERE id = 'fb1e30c5-c610-4675-a68e-acc123898179';
UPDATE art_ping.employee SET asc_project_name = 'project116', desc_project_name = 'project7', asc_role_name = '   ', desc_role_name = '' WHERE id = '20bb3776-2233-4d9f-92c7-d6de53f0ebd4';
UPDATE art_ping.employee SET asc_project_name = 'project184', desc_project_name = 'project394', asc_role_name = '', desc_role_name = '' WHERE id = '62c2bb85-0bec-4eb2-87b7-295231bba972';
UPDATE art_ping.employee SET asc_project_name = 'project111', desc_project_name = 'project296', asc_role_name = '   ', desc_role_name = '' WHERE id = 'd4ae3e97-b39e-47de-8382-730f16379981';
UPDATE art_ping.employee SET asc_project_name = 'project142', desc_project_name = 'project395', asc_role_name = '   ', desc_role_name = '' WHERE id = 'd596710b-013b-4530-be15-d54f42933ca0';
UPDATE art_ping.employee SET asc_project_name = 'project124', desc_project_name = 'project293', asc_role_name = '', desc_role_name = '' WHERE id = '2e8ac846-23df-471d-8678-8d84375ba8c9';
UPDATE art_ping.employee SET asc_project_name = 'project258', desc_project_name = 'project45', asc_role_name = '', desc_role_name = '' WHERE id = '23f620ef-e7b4-429a-9e71-90cc3699cac1';
UPDATE art_ping.employee SET asc_project_name = 'project143', desc_project_name = 'project390', asc_role_name = '', desc_role_name = '' WHERE id = '6dbec378-db3e-4584-963b-b36b733f05fe';
UPDATE art_ping.employee SET asc_project_name = 'project117', desc_project_name = 'project88', asc_role_name = '', desc_role_name = '' WHERE id = '6bdd5fb0-1d5e-429c-9e42-64d6218babb4';
UPDATE art_ping.employee SET asc_project_name = 'project110', desc_project_name = 'project356', asc_role_name = '   ', desc_role_name = '' WHERE id = 'd15ec44e-6635-478c-af0f-f55a63b8a9d3';
UPDATE art_ping.employee SET asc_project_name = 'project12', desc_project_name = 'project86', asc_role_name = '   ', desc_role_name = '' WHERE id = 'bfce59ea-ee35-429a-8f21-43a5b18b601d';
UPDATE art_ping.employee SET asc_project_name = 'project100', desc_project_name = 'project387', asc_role_name = '   ', desc_role_name = '' WHERE id = '97b0a31e-f07c-471b-85b5-5f801173b725';
UPDATE art_ping.employee SET asc_project_name = 'project116', desc_project_name = 'project55', asc_role_name = '   ', desc_role_name = '' WHERE id = 'a8b9309e-c214-4c4d-ae3a-0e27045efb35';
UPDATE art_ping.employee SET asc_project_name = 'project185', desc_project_name = 'project89', asc_role_name = '   ', desc_role_name = '' WHERE id = '4302338b-46b5-45ee-bd61-0fc7cede54ba';
UPDATE art_ping.employee SET asc_project_name = 'project16', desc_project_name = 'project41', asc_role_name = '', desc_role_name = '' WHERE id = 'd403c098-f9f8-470c-97eb-ac559d090fc5';
UPDATE art_ping.employee SET asc_project_name = 'project135', desc_project_name = 'project48', asc_role_name = '', desc_role_name = '' WHERE id = 'e637a3c6-071d-4d33-ad8e-b0f4dafd9365';
UPDATE art_ping.employee SET asc_project_name = 'project118', desc_project_name = 'project95', asc_role_name = '', desc_role_name = '' WHERE id = 'c9044c5e-a7bd-4a3e-a2dc-077e7b2dd274';
UPDATE art_ping.employee SET asc_project_name = 'project171', desc_project_name = 'project93', asc_role_name = '', desc_role_name = '' WHERE id = 'e2880836-6c73-4e45-bcce-583ca78f6d5c';
UPDATE art_ping.employee SET asc_project_name = 'project109', desc_project_name = 'project92', asc_role_name = '   ', desc_role_name = '' WHERE id = '720c96be-e9a2-427b-9798-a2875c823a86';
UPDATE art_ping.employee SET asc_project_name = 'project106', desc_project_name = 'project399', asc_role_name = '', desc_role_name = '' WHERE id = 'd9676183-1443-4360-bd04-ff9da26453b6';
UPDATE art_ping.employee SET asc_project_name = 'project182', desc_project_name = 'project395', asc_role_name = '   ', desc_role_name = '' WHERE id = 'ab199b3e-167c-4229-996a-cbee32600910';
UPDATE art_ping.employee SET asc_project_name = 'project115', desc_project_name = 'project328', asc_role_name = '', desc_role_name = '' WHERE id = '8ee9d0a5-7f50-4594-b33b-4f443e534c73';
UPDATE art_ping.employee SET asc_project_name = 'project100', desc_project_name = 'project39', asc_role_name = '', desc_role_name = '' WHERE id = '53df3ee0-91a3-43c3-a128-6d78c47bd5ad';
UPDATE art_ping.employee SET asc_project_name = 'project218', desc_project_name = 'project98', asc_role_name = '   ', desc_role_name = '' WHERE id = '7c2ee8dd-649b-46a6-89cc-74298ad7b4af';
UPDATE art_ping.employee SET asc_project_name = 'project104', desc_project_name = 'project41', asc_role_name = '', desc_role_name = '' WHERE id = '362a1a04-3bc4-4f14-8010-0c35a9dbc0fb';
UPDATE art_ping.employee SET asc_project_name = 'project1', desc_project_name = 'project93', asc_role_name = '', desc_role_name = '' WHERE id = '98d503ac-1975-4d08-ac0d-26406ca592f6';
UPDATE art_ping.employee SET asc_project_name = 'project115', desc_project_name = 'project66', asc_role_name = '   ', desc_role_name = '' WHERE id = '47b6825b-171e-4f90-9288-c97daba27265';
UPDATE art_ping.employee SET asc_project_name = 'project159', desc_project_name = 'project59', asc_role_name = '', desc_role_name = '' WHERE id = 'ad128cfd-07db-4120-8966-1b8f5eb8c861';
UPDATE art_ping.employee SET asc_project_name = 'project127', desc_project_name = 'project76', asc_role_name = '   ', desc_role_name = '' WHERE id = '370fc29e-15f0-499d-9e63-db0a909c2d45';
UPDATE art_ping.employee SET asc_project_name = 'project117', desc_project_name = 'project98', asc_role_name = ' ', desc_role_name = '' WHERE id = '4c6a386d-fd26-44f5-a7db-4eb441f08069';
UPDATE art_ping.employee SET asc_project_name = 'project156', desc_project_name = 'project86', asc_role_name = '', desc_role_name = '' WHERE id = 'c2aa43c6-ee1b-4070-9e73-df2e101e2c95';
UPDATE art_ping.employee SET asc_project_name = 'project175', desc_project_name = 'project31', asc_role_name = '', desc_role_name = '' WHERE id = 'f2591815-1a42-4183-a84d-9b5c0d83ea56';
UPDATE art_ping.employee SET asc_project_name = 'project259', desc_project_name = 'project61', asc_role_name = '   ', desc_role_name = '' WHERE id = '9015c159-7a00-4ec8-bc0e-6882efd215cc';
UPDATE art_ping.employee SET asc_project_name = 'project253', desc_project_name = 'project65', asc_role_name = '   ', desc_role_name = '' WHERE id = '38113e62-495e-4284-aa8c-3d88c55b1727';
UPDATE art_ping.employee SET asc_project_name = 'project102', desc_project_name = 'project279', asc_role_name = '   ', desc_role_name = '' WHERE id = 'ba1bad15-851a-4e22-b1f2-99e966b0d2c2';
UPDATE art_ping.employee SET asc_project_name = 'project122', desc_project_name = 'project47', asc_role_name = ' ', desc_role_name = '' WHERE id = '6919a1f9-906a-4fe4-8794-3852560267b3';
UPDATE art_ping.employee SET asc_project_name = 'project362', desc_project_name = 'project70', asc_role_name = ' ', desc_role_name = '' WHERE id = '76952ea1-cdd7-4128-8a7f-3466b77b9f00';
UPDATE art_ping.employee SET asc_project_name = 'project191', desc_project_name = 'project36', asc_role_name = '', desc_role_name = '' WHERE id = '3c96e2f3-42d5-4564-a4e9-21ff9cf4edf4';
UPDATE art_ping.employee SET asc_project_name = 'project109', desc_project_name = 'project9', asc_role_name = '', desc_role_name = '' WHERE id = '7a0bd403-efb2-4cce-b55d-4b906dcb50b0';
UPDATE art_ping.employee SET asc_project_name = 'project117', desc_project_name = 'project372', asc_role_name = '', desc_role_name = '' WHERE id = '8dc81c9e-ee1e-4c44-9e0f-2960dd77133d';
UPDATE art_ping.employee SET asc_project_name = 'project121', desc_project_name = 'project121', asc_role_name = '', desc_role_name = '' WHERE id = '2d47d4a6-5822-4620-b238-28d1fbd74ee3';
UPDATE art_ping.employee SET asc_project_name = 'project103', desc_project_name = 'project48', asc_role_name = '', desc_role_name = '' WHERE id = 'b9aad10a-27f0-4bf2-b520-2686dff5c1d0';
UPDATE art_ping.employee SET asc_project_name = 'project16', desc_project_name = 'project225', asc_role_name = '   ', desc_role_name = '' WHERE id = '60914a01-1d88-4e5d-96dc-c31f3e6094e3';
UPDATE art_ping.employee SET asc_project_name = 'project264', desc_project_name = 'project264', asc_role_name = '', desc_role_name = '' WHERE id = '8c2fca22-63cb-43cd-80e3-05f0c8182f1d';
UPDATE art_ping.employee SET asc_project_name = 'project111', desc_project_name = 'project93', asc_role_name = '   ', desc_role_name = '' WHERE id = '5d46f018-3b59-4c1d-8d29-10f45690104b';
UPDATE art_ping.employee SET asc_project_name = 'project166', desc_project_name = 'project71', asc_role_name = '', desc_role_name = '' WHERE id = '3445bdb6-72e9-4dc4-ad8a-508eecf56808';
UPDATE art_ping.employee SET asc_project_name = 'project110', desc_project_name = 'project384', asc_role_name = '', desc_role_name = '' WHERE id = '756395f5-9fae-40c4-9e47-6eea95e3894e';
UPDATE art_ping.employee SET asc_project_name = 'project110', desc_project_name = 'project51', asc_role_name = '   ', desc_role_name = '' WHERE id = '73f8c180-f844-4105-8870-8765ece45ad2';
UPDATE art_ping.employee SET asc_project_name = 'project186', desc_project_name = 'project348', asc_role_name = ' ', desc_role_name = '' WHERE id = '844eb723-803f-40f0-8408-7bd4962cb69c';
UPDATE art_ping.employee SET asc_project_name = 'project14', desc_project_name = 'project93', asc_role_name = '   ', desc_role_name = '' WHERE id = '2fecbc8b-3576-4283-84a2-b8b6b46c037b';
UPDATE art_ping.employee SET asc_project_name = 'project15', desc_project_name = 'project72', asc_role_name = '   ', desc_role_name = '' WHERE id = '813ef695-83a8-47f0-b648-96a0707d6d60';
UPDATE art_ping.employee SET asc_project_name = 'project340', desc_project_name = 'project59', asc_role_name = '', desc_role_name = '' WHERE id = 'b2e51409-a875-4030-a281-4fefeaddb10f';
UPDATE art_ping.employee SET asc_project_name = 'project12', desc_project_name = 'project99', asc_role_name = '', desc_role_name = '' WHERE id = 'eed660b1-8ce6-4fbc-8b1a-102b691fbe78';
UPDATE art_ping.employee SET asc_project_name = 'project337', desc_project_name = 'project53', asc_role_name = '', desc_role_name = '' WHERE id = 'd862cfce-2f50-4108-a9fb-aa7a9fbe601d';
UPDATE art_ping.employee SET asc_project_name = 'null', desc_project_name = 'null', asc_role_name = '', desc_role_name = '' WHERE id = '62365fd3-7da9-4683-a17b-fc6a5bfdd898';
UPDATE art_ping.employee SET asc_project_name = 'project128', desc_project_name = 'project319', asc_role_name = '', desc_role_name = '' WHERE id = '8c3502ea-6671-40cf-bf16-8099fb77f8ca';
UPDATE art_ping.employee SET asc_project_name = 'project142', desc_project_name = 'project242', asc_role_name = '', desc_role_name = '' WHERE id = '66212139-5688-45f1-b12a-3712ecaa9833';
UPDATE art_ping.employee SET asc_project_name = 'project125', desc_project_name = 'project278', asc_role_name = '', desc_role_name = '' WHERE id = '4473fa5b-6734-4586-9d4e-f34fa221d21f';
UPDATE art_ping.employee SET asc_project_name = 'project112', desc_project_name = 'project358', asc_role_name = '', desc_role_name = '' WHERE id = 'fa8e38a0-4a81-4465-83f9-d45c808cd84b';
UPDATE art_ping.employee SET asc_project_name = 'project196', desc_project_name = 'project60', asc_role_name = '   ', desc_role_name = '' WHERE id = 'de966046-f5fb-4ca2-8d50-20101a145eab';
UPDATE art_ping.employee SET asc_project_name = 'project114', desc_project_name = 'project86', asc_role_name = ' ', desc_role_name = '' WHERE id = 'c80079ca-8fc0-40ef-8442-c71268c93503';
UPDATE art_ping.employee SET asc_project_name = 'project185', desc_project_name = 'project399', asc_role_name = '   ', desc_role_name = '' WHERE id = 'f336a8a3-ee30-4778-83b0-3550ccde0fe6';
UPDATE art_ping.employee SET asc_project_name = 'project194', desc_project_name = 'project344', asc_role_name = '', desc_role_name = '' WHERE id = '8f0ce4a2-4f0c-4d5e-b94b-419a5a440b21';
UPDATE art_ping.employee SET asc_project_name = 'project170', desc_project_name = 'project65', asc_role_name = '   ', desc_role_name = '' WHERE id = '875d0ddd-5c98-4010-ac0c-27ebe20ac3d5';
UPDATE art_ping.employee SET asc_project_name = 'project170', desc_project_name = 'project37', asc_role_name = '', desc_role_name = '' WHERE id = 'de636aa0-651b-4e79-9b92-65465ddeb768';
UPDATE art_ping.employee SET asc_project_name = 'project127', desc_project_name = 'project52', asc_role_name = '', desc_role_name = '' WHERE id = '1b23321d-fad1-477f-92d5-df44df9dfecd';
UPDATE art_ping.employee SET asc_project_name = 'project169', desc_project_name = 'project85', asc_role_name = ' ', desc_role_name = '' WHERE id = '0ada35b7-1963-4938-aa0b-e7fb501440a8';
UPDATE art_ping.employee SET asc_project_name = 'project273', desc_project_name = 'project275', asc_role_name = '', desc_role_name = '' WHERE id = '54741f62-bbc1-4268-ab95-62c16b080be7';
UPDATE art_ping.employee SET asc_project_name = 'project101', desc_project_name = 'project387', asc_role_name = '', desc_role_name = '' WHERE id = '2a2af232-b498-4a4b-9603-c749f89df339';
UPDATE art_ping.employee SET asc_project_name = 'project138', desc_project_name = 'project49', asc_role_name = '', desc_role_name = '' WHERE id = 'e624598c-6a5f-41d2-bab6-db6319e50259';
UPDATE art_ping.employee SET asc_project_name = 'project124', desc_project_name = 'project53', asc_role_name = '', desc_role_name = '' WHERE id = 'df17a9a2-19ba-44cc-bb69-6050d9c2fb40';
UPDATE art_ping.employee SET asc_project_name = 'project103', desc_project_name = 'project271', asc_role_name = ' ', desc_role_name = '' WHERE id = '0f26d3c4-fc4c-42b1-b31e-2c7daab08eb1';
UPDATE art_ping.employee SET asc_project_name = 'project119', desc_project_name = 'project349', asc_role_name = '', desc_role_name = '' WHERE id = '4c0d2729-f438-414b-88fb-a19b7c21b288';
UPDATE art_ping.employee SET asc_project_name = 'project11', desc_project_name = 'project51', asc_role_name = '   ', desc_role_name = '' WHERE id = '47ce1e37-e6ee-4e8d-9de8-6d2ee8835dcf';
UPDATE art_ping.employee SET asc_project_name = 'project119', desc_project_name = 'project97', asc_role_name = ' ', desc_role_name = '' WHERE id = 'd37a0a5f-68f0-4c41-9e70-e4364e093ca2';
UPDATE art_ping.employee SET asc_project_name = 'project181', desc_project_name = 'project371', asc_role_name = ' ', desc_role_name = '' WHERE id = '2bea5822-925e-4f20-935e-39e1f35a9835';
UPDATE art_ping.employee SET asc_project_name = 'project215', desc_project_name = 'project61', asc_role_name = ' ', desc_role_name = '' WHERE id = '47813b39-a1ac-4b21-ab4f-1b9a01ccb067';
UPDATE art_ping.employee SET asc_project_name = 'project127', desc_project_name = 'project313', asc_role_name = ' ', desc_role_name = '' WHERE id = 'a065a534-0162-4f8f-b178-2323c4b00c3a';
UPDATE art_ping.employee SET asc_project_name = 'project134', desc_project_name = 'project314', asc_role_name = '   ', desc_role_name = '' WHERE id = '2b2923e3-7924-451c-918a-badad47c1be0';
UPDATE art_ping.employee SET asc_project_name = 'project110', desc_project_name = 'project391', asc_role_name = '   ', desc_role_name = '' WHERE id = '7905529c-f0e5-4be5-8397-a2b43235b328';
UPDATE art_ping.employee SET asc_project_name = 'project154', desc_project_name = 'project43', asc_role_name = '', desc_role_name = '' WHERE id = '8470cf39-15e9-4877-b091-3c56b5faeddc';
UPDATE art_ping.employee SET asc_project_name = 'project131', desc_project_name = 'project96', asc_role_name = '   ', desc_role_name = '' WHERE id = 'a8cabb54-2ebd-46a6-aa94-cac081ddd297';
UPDATE art_ping.employee SET asc_project_name = 'project126', desc_project_name = 'project282', asc_role_name = '', desc_role_name = '' WHERE id = 'e93a897f-0979-4661-b3f9-db6d49fb98d2';
UPDATE art_ping.employee SET asc_project_name = 'project219', desc_project_name = 'project389', asc_role_name = '', desc_role_name = '' WHERE id = '032e716f-5985-4f20-a283-dbb833a6612e';
UPDATE art_ping.employee SET asc_project_name = 'project102', desc_project_name = 'project396', asc_role_name = ' ', desc_role_name = '' WHERE id = '4c4a348d-fd13-47ff-84c6-591e8868d798';
UPDATE art_ping.employee SET asc_project_name = 'project150', desc_project_name = 'project75', asc_role_name = '', desc_role_name = '' WHERE id = 'e49676c5-405b-4493-b79a-d87c5138ccf9';
UPDATE art_ping.employee SET asc_project_name = 'project117', desc_project_name = 'project378', asc_role_name = '', desc_role_name = '' WHERE id = 'e8f306b1-80f2-41f6-a4a3-2dbb11e01e25';
UPDATE art_ping.employee SET asc_project_name = 'project373', desc_project_name = 'project7', asc_role_name = '   ', desc_role_name = '' WHERE id = 'bc4327db-c687-4933-88b6-ad9f0074ae49';
UPDATE art_ping.employee SET asc_project_name = 'project287', desc_project_name = 'project76', asc_role_name = '', desc_role_name = '' WHERE id = '64c36331-ea6d-404d-8700-a33e9af74a36';
UPDATE art_ping.employee SET asc_project_name = 'project139', desc_project_name = 'project46', asc_role_name = '   ', desc_role_name = '' WHERE id = '59ecffe2-a78d-4d3b-a20e-5b1360fb1749';
UPDATE art_ping.employee SET asc_project_name = 'project109', desc_project_name = 'project330', asc_role_name = '   ', desc_role_name = '' WHERE id = '5240e0be-3f9e-4ad6-954b-e4b62a4aaf36';
UPDATE art_ping.employee SET asc_project_name = 'project17', desc_project_name = 'project93', asc_role_name = '', desc_role_name = '' WHERE id = '80a00422-f9d7-4880-9c8e-9945236e1624';
UPDATE art_ping.employee SET asc_project_name = 'project16', desc_project_name = 'project47', asc_role_name = '', desc_role_name = '' WHERE id = '35eea3b2-a3c0-4965-8160-e17ea8399ce0';
UPDATE art_ping.employee SET asc_project_name = 'project114', desc_project_name = 'project96', asc_role_name = '', desc_role_name = '' WHERE id = '9574b8bd-d990-4149-9d74-5338d79432ad';
UPDATE art_ping.employee SET asc_project_name = 'project189', desc_project_name = 'project80', asc_role_name = '', desc_role_name = '' WHERE id = 'dc984317-bc0d-44c5-aa8c-5b9183521938';
UPDATE art_ping.employee SET asc_project_name = 'project110', desc_project_name = 'project48', asc_role_name = '', desc_role_name = '' WHERE id = 'be36ac3d-6a67-478b-909c-3811de330c9a';
UPDATE art_ping.employee SET asc_project_name = 'project22', desc_project_name = 'project82', asc_role_name = ' ', desc_role_name = '' WHERE id = '75337bda-5db6-4250-9132-bb2e6b0632b8';
UPDATE art_ping.employee SET asc_project_name = 'project110', desc_project_name = 'project61', asc_role_name = ' ', desc_role_name = '' WHERE id = 'a1b17097-439e-4632-a6ad-30e7eda50e80';
UPDATE art_ping.employee SET asc_project_name = 'project352', desc_project_name = 'project46', asc_role_name = '', desc_role_name = '' WHERE id = '505a4104-acaf-48db-bf7c-45656c6d915e';
UPDATE art_ping.employee SET asc_project_name = 'project335', desc_project_name = 'project86', asc_role_name = ' ', desc_role_name = '' WHERE id = '1e53e1cb-cc17-4ad8-9eae-7afe826158f4';
UPDATE art_ping.employee SET asc_project_name = 'project192', desc_project_name = 'project322', asc_role_name = ' ', desc_role_name = '' WHERE id = '84d6237a-256f-4c52-94a0-ce2c0e851cf0';
UPDATE art_ping.employee SET asc_project_name = 'project12', desc_project_name = 'project390', asc_role_name = '   ', desc_role_name = '' WHERE id = 'e981f520-5bec-4d2a-b07f-c9c4b3497b13';
UPDATE art_ping.employee SET asc_project_name = 'project113', desc_project_name = 'project91', asc_role_name = '', desc_role_name = '' WHERE id = '9a7fd726-d2f5-4da5-a2b5-2caa160b2e65';
UPDATE art_ping.employee SET asc_project_name = 'project128', desc_project_name = 'project92', asc_role_name = '', desc_role_name = '' WHERE id = '970203ae-fae6-43cc-bc06-cc3bb400ee0a';
UPDATE art_ping.employee SET asc_project_name = 'project118', desc_project_name = 'project328', asc_role_name = '   ', desc_role_name = '' WHERE id = 'b1081430-b743-4952-9920-746536d9b39b';
UPDATE art_ping.employee SET asc_project_name = 'project146', desc_project_name = 'project6', asc_role_name = ' ', desc_role_name = '' WHERE id = 'b8057b88-4972-4f3c-8d60-b2820094783d';
UPDATE art_ping.employee SET asc_project_name = 'project131', desc_project_name = 'project80', asc_role_name = '', desc_role_name = '' WHERE id = '07db2e4b-db75-4803-ae43-4f60fc25a1f8';
UPDATE art_ping.employee SET asc_project_name = 'project196', desc_project_name = 'project47', asc_role_name = ' ', desc_role_name = '' WHERE id = '2ff27e9f-d09e-4abf-81e0-e434c1b058e0';
UPDATE art_ping.employee SET asc_project_name = 'project119', desc_project_name = 'project177', asc_role_name = '', desc_role_name = '' WHERE id = 'bc701c9d-d237-4fd8-9bf9-5996877aeb16';
UPDATE art_ping.employee SET asc_project_name = 'project109', desc_project_name = 'project82', asc_role_name = '', desc_role_name = '' WHERE id = '45524fae-7322-42c6-99dc-c0e1cf7880cd';
UPDATE art_ping.employee SET asc_project_name = 'project134', desc_project_name = 'project61', asc_role_name = ' ', desc_role_name = '' WHERE id = '11f08932-f615-4629-9246-f439fc292b0c';
UPDATE art_ping.employee SET asc_project_name = 'project178', desc_project_name = 'project73', asc_role_name = '   ', desc_role_name = '' WHERE id = '2aea4376-361c-4af0-bd43-b371f45c3555';
UPDATE art_ping.employee SET asc_project_name = 'project105', desc_project_name = 'project340', asc_role_name = ' ', desc_role_name = '' WHERE id = 'e2b5b5af-bea7-4210-8c26-9fdbf97d7207';
UPDATE art_ping.employee SET asc_project_name = 'project198', desc_project_name = 'project65', asc_role_name = '', desc_role_name = '' WHERE id = '9e78a2ab-2fde-45ec-98bf-5b9315e22f61';
UPDATE art_ping.employee SET asc_project_name = 'project168', desc_project_name = 'project90', asc_role_name = ' ', desc_role_name = '' WHERE id = 'c4a23d0a-4a7e-402d-bbe4-511d102e4648';
UPDATE art_ping.employee SET asc_project_name = 'project163', desc_project_name = 'project382', asc_role_name = ' ', desc_role_name = '' WHERE id = '270ca6a3-8e4a-4a86-a0ef-abef0bab46ed';
UPDATE art_ping.employee SET asc_project_name = 'project131', desc_project_name = 'project64', asc_role_name = '   ', desc_role_name = '' WHERE id = 'f63aeead-1aeb-41cf-9f8e-b7b49884b99d';
UPDATE art_ping.employee SET asc_project_name = 'project152', desc_project_name = 'project40', asc_role_name = '', desc_role_name = '' WHERE id = 'cd84573a-92dd-4a0e-9fd1-b907e05e7821';
UPDATE art_ping.employee SET asc_project_name = 'project16', desc_project_name = 'project370', asc_role_name = '', desc_role_name = '' WHERE id = '452bb471-b605-431a-9c9f-c673b4fa099e';
UPDATE art_ping.employee SET asc_project_name = 'project100', desc_project_name = 'project92', asc_role_name = '', desc_role_name = '' WHERE id = 'ce651c41-2f4f-4efa-90b6-0741cd1ae09d';
UPDATE art_ping.employee SET asc_project_name = 'project106', desc_project_name = 'project80', asc_role_name = '', desc_role_name = '' WHERE id = '937be2c6-bbe6-4f14-acfe-d630f8314d93';
UPDATE art_ping.employee SET asc_project_name = 'project11', desc_project_name = 'project40', asc_role_name = ' ', desc_role_name = '' WHERE id = 'b8d59533-9f55-4532-a791-b913d6399661';
UPDATE art_ping.employee SET asc_project_name = 'project116', desc_project_name = 'project86', asc_role_name = '   ', desc_role_name = '' WHERE id = '1101b59e-066e-43e4-ab5a-bf1e1b623ee0';
UPDATE art_ping.employee SET asc_project_name = 'project353', desc_project_name = 'project8', asc_role_name = '', desc_role_name = '' WHERE id = '6691d92b-988c-41b3-80bb-2ef834ae0adf';
UPDATE art_ping.employee SET asc_project_name = 'project162', desc_project_name = 'project365', asc_role_name = '', desc_role_name = '' WHERE id = 'ad0d0703-f6d8-411c-bb37-9af9e69c382c';
UPDATE art_ping.employee SET asc_project_name = 'project121', desc_project_name = 'project388', asc_role_name = ' ', desc_role_name = '' WHERE id = '228d99f8-a5b4-418e-a28e-8c4856fecc3b';
UPDATE art_ping.employee SET asc_project_name = 'project187', desc_project_name = 'project55', asc_role_name = '', desc_role_name = '' WHERE id = 'b7c568d9-7290-4a23-80af-1a9516e4914e';
UPDATE art_ping.employee SET asc_project_name = 'project240', desc_project_name = 'project385', asc_role_name = ' ', desc_role_name = '' WHERE id = 'f67579bb-b2ff-430a-a4a1-61e3ffb520ef';
UPDATE art_ping.employee SET asc_project_name = 'project173', desc_project_name = 'project90', asc_role_name = '   ', desc_role_name = '' WHERE id = '5a5c3045-0dc5-48e6-a271-cd2e5e9dcb06';
UPDATE art_ping.employee SET asc_project_name = 'project100', desc_project_name = 'project341', asc_role_name = ' ', desc_role_name = '' WHERE id = '6e9c30a5-27da-42df-89e5-72b9f24a751f';
UPDATE art_ping.employee SET asc_project_name = 'project109', desc_project_name = 'project91', asc_role_name = '', desc_role_name = '' WHERE id = '0e30c88a-b728-4693-9a2c-f0ee42dfb793';
UPDATE art_ping.employee SET asc_project_name = 'project150', desc_project_name = 'project71', asc_role_name = '', desc_role_name = '' WHERE id = '451727d3-8e6f-4c5b-8513-1a3ff237e4fd';
UPDATE art_ping.employee SET asc_project_name = 'project117', desc_project_name = 'project298', asc_role_name = '', desc_role_name = '' WHERE id = '252eaa38-8f40-4188-9dc0-a8e21c189031';
UPDATE art_ping.employee SET asc_project_name = 'project117', desc_project_name = 'project319', asc_role_name = '', desc_role_name = '' WHERE id = '47bc18e4-7fb3-420f-8dd8-c24da3fcf641';
UPDATE art_ping.employee SET asc_project_name = 'project178', desc_project_name = 'project80', asc_role_name = '', desc_role_name = '' WHERE id = '7ff2ef7f-a10a-4b04-9df4-425dbe96e240';
UPDATE art_ping.employee SET asc_project_name = 'project215', desc_project_name = 'project5', asc_role_name = '', desc_role_name = '' WHERE id = '9ffecabc-43e0-4fba-88df-d90801b4c44e';
UPDATE art_ping.employee SET asc_project_name = 'project135', desc_project_name = 'project313', asc_role_name = '', desc_role_name = '' WHERE id = 'ed9d0464-b109-4f00-9bd1-1e40ea8eedec';
UPDATE art_ping.employee SET asc_project_name = 'project130', desc_project_name = 'project86', asc_role_name = '', desc_role_name = '' WHERE id = '81c5a992-a2c5-4e8a-86bf-284227c34b96';
UPDATE art_ping.employee SET asc_project_name = 'project225', desc_project_name = 'project51', asc_role_name = '', desc_role_name = '' WHERE id = '99756689-c14e-4cdb-8599-10f40d956fcc';
UPDATE art_ping.employee SET asc_project_name = 'project145', desc_project_name = 'project86', asc_role_name = '', desc_role_name = '' WHERE id = 'ef1a352f-9385-48f8-8241-ac27542dc048';
UPDATE art_ping.employee SET asc_project_name = 'project184', desc_project_name = 'project85', asc_role_name = '', desc_role_name = '' WHERE id = 'fb9b03c8-a286-4686-a803-7019361ef031';
UPDATE art_ping.employee SET asc_project_name = 'project152', desc_project_name = 'project75', asc_role_name = '', desc_role_name = '' WHERE id = '07414a26-6230-43e1-b495-bc1baa4a99ae';
UPDATE art_ping.employee SET asc_project_name = 'project185', desc_project_name = 'project70', asc_role_name = '   ', desc_role_name = '' WHERE id = 'a5f03f6a-93a1-4e1b-ac19-c8974ff5f60c';
UPDATE art_ping.employee SET asc_project_name = 'project125', desc_project_name = 'project370', asc_role_name = '', desc_role_name = '' WHERE id = '51ad0527-e8f3-4c49-aaf2-438e268dfc29';
UPDATE art_ping.employee SET asc_project_name = 'project123', desc_project_name = 'project373', asc_role_name = '', desc_role_name = '' WHERE id = '3a895d1c-5604-455a-9461-0ec25d546b71';
UPDATE art_ping.employee SET asc_project_name = 'project200', desc_project_name = 'project73', asc_role_name = '', desc_role_name = '' WHERE id = '7083f3b6-efe4-4bc7-af43-8e7df200936b';
UPDATE art_ping.employee SET asc_project_name = 'project200', desc_project_name = 'project334', asc_role_name = '   ', desc_role_name = '' WHERE id = '31fecfd7-9f48-418a-a757-9b8087966af9';
UPDATE art_ping.employee SET asc_project_name = 'project196', desc_project_name = 'project79', asc_role_name = '', desc_role_name = '' WHERE id = '10b19fce-2be2-4dfa-a3d5-edfd155035d7';
UPDATE art_ping.employee SET asc_project_name = 'project19', desc_project_name = 'project51', asc_role_name = '   ', desc_role_name = '' WHERE id = 'ebe345b1-8695-49eb-ae32-d301489c4434';
UPDATE art_ping.employee SET asc_project_name = 'project17', desc_project_name = 'project80', asc_role_name = ' ', desc_role_name = '' WHERE id = '9418b71e-ddd0-40f6-b21c-08beb53b2d8f';
UPDATE art_ping.employee SET asc_project_name = 'project290', desc_project_name = 'project396', asc_role_name = ' ', desc_role_name = '' WHERE id = '911205e8-de7b-4d21-9100-2512f39f52b0';
UPDATE art_ping.employee SET asc_project_name = 'project140', desc_project_name = 'project397', asc_role_name = '   ', desc_role_name = '' WHERE id = '6953e5d0-da7b-4f25-80e3-195af5533b7a';
UPDATE art_ping.employee SET asc_project_name = 'project101', desc_project_name = 'project66', asc_role_name = '', desc_role_name = '' WHERE id = 'aea40393-76aa-4a9a-83c3-0f300b4925e2';
UPDATE art_ping.employee SET asc_project_name = 'project145', desc_project_name = 'project70', asc_role_name = '   ', desc_role_name = '' WHERE id = '09ca6ecb-a2ec-4bba-ab23-105b683004ba';
UPDATE art_ping.employee SET asc_project_name = 'project109', desc_project_name = 'project371', asc_role_name = '', desc_role_name = '' WHERE id = 'e93d91dc-b3fa-477b-8279-665237fa27fe';
UPDATE art_ping.employee SET asc_project_name = 'project101', desc_project_name = 'project94', asc_role_name = '   ', desc_role_name = '' WHERE id = '507da374-840a-4ddb-8aa6-98fb673152ec';
UPDATE art_ping.employee SET asc_project_name = 'project119', desc_project_name = 'project81', asc_role_name = '', desc_role_name = '' WHERE id = '6a03c35a-cf52-4329-8505-46f823de9e34';
UPDATE art_ping.employee SET asc_project_name = 'project156', desc_project_name = 'project89', asc_role_name = '', desc_role_name = '' WHERE id = 'ffb3f67e-7363-44b6-99e6-a38eca629edb';
UPDATE art_ping.employee SET asc_project_name = 'project116', desc_project_name = 'project90', asc_role_name = '', desc_role_name = '' WHERE id = '6f05137a-39de-4a4b-9b48-2cbce47f84e9';
UPDATE art_ping.employee SET asc_project_name = 'project119', desc_project_name = 'project59', asc_role_name = ' ', desc_role_name = '' WHERE id = 'cf9635dd-8a0f-4d91-9da8-e58349558058';
UPDATE art_ping.employee SET asc_project_name = 'project212', desc_project_name = 'project394', asc_role_name = '', desc_role_name = '' WHERE id = '311f7915-6fe6-413e-8b93-43dc1e05bead';
UPDATE art_ping.employee SET asc_project_name = 'project169', desc_project_name = 'project9', asc_role_name = '   ', desc_role_name = '' WHERE id = 'c84f3467-7521-484e-8729-efc7fc54df7a';
UPDATE art_ping.employee SET asc_project_name = 'project235', desc_project_name = 'project38', asc_role_name = '', desc_role_name = '' WHERE id = '89563683-fc5e-478a-ac65-cd8a0b5e9cc3';
UPDATE art_ping.employee SET asc_project_name = 'project196', desc_project_name = 'project258', asc_role_name = '', desc_role_name = '' WHERE id = 'd5bb3c07-8d34-4796-ad14-d340eb838f54';
UPDATE art_ping.employee SET asc_project_name = 'project111', desc_project_name = 'project383', asc_role_name = '', desc_role_name = '' WHERE id = '17a42ec3-3aa2-4783-91f1-8c039ee36acb';
UPDATE art_ping.employee SET asc_project_name = 'project105', desc_project_name = 'project63', asc_role_name = ' ', desc_role_name = '' WHERE id = 'dcd42cdf-5ec9-480b-b386-1a36c1f1fb80';
UPDATE art_ping.employee SET asc_project_name = 'project146', desc_project_name = 'project33', asc_role_name = ' ', desc_role_name = '' WHERE id = '903273c9-ca49-4a1c-a336-2f1e04d6b29b';
UPDATE art_ping.employee SET asc_project_name = 'project242', desc_project_name = 'project268', asc_role_name = '', desc_role_name = '' WHERE id = '2db034eb-96c1-4646-9261-588f98eadfe4';
UPDATE art_ping.employee SET asc_project_name = 'project146', desc_project_name = 'project82', asc_role_name = '', desc_role_name = '' WHERE id = 'd13bf3ab-0c22-427c-98a6-97b733ab7813';
UPDATE art_ping.employee SET asc_project_name = 'project123', desc_project_name = 'project91', asc_role_name = '   ', desc_role_name = '' WHERE id = '53575704-25ba-4db4-ad32-e4be90469b7f';
UPDATE art_ping.employee SET asc_project_name = 'project155', desc_project_name = 'project383', asc_role_name = '   ', desc_role_name = '' WHERE id = 'f43a4459-a7f1-4b14-bc6f-b3f1ec7cf13f';
UPDATE art_ping.employee SET asc_project_name = 'project120', desc_project_name = 'project45', asc_role_name = '', desc_role_name = '' WHERE id = 'a3f5c7b4-fba6-4630-9d7e-3cf64001368a';
UPDATE art_ping.employee SET asc_project_name = 'project143', desc_project_name = 'project87', asc_role_name = '   ', desc_role_name = '' WHERE id = '5004a47a-83f9-402d-b35e-d4eccbf0e8fa';
UPDATE art_ping.employee SET asc_project_name = 'project149', desc_project_name = 'project62', asc_role_name = '   ', desc_role_name = '' WHERE id = '07414fc9-cf25-4373-ac8a-8132e3fb40d9';
UPDATE art_ping.employee SET asc_project_name = 'project109', desc_project_name = 'project384', asc_role_name = '', desc_role_name = '' WHERE id = '72b1c1a9-d35b-4b0b-89ef-d83ee56c33ef';
UPDATE art_ping.employee SET asc_project_name = 'project18', desc_project_name = 'project8', asc_role_name = ' ', desc_role_name = '' WHERE id = 'c4cf25c7-892f-4c17-92aa-2d710ec324c9';
UPDATE art_ping.employee SET asc_project_name = 'project12', desc_project_name = 'project82', asc_role_name = '', desc_role_name = '' WHERE id = 'd6034534-a8c2-46dd-bb1f-80911883501d';
UPDATE art_ping.employee SET asc_project_name = 'project22', desc_project_name = 'project22', asc_role_name = '', desc_role_name = '' WHERE id = 'b1fed44a-222d-4fcc-b025-94c3f386593c';
UPDATE art_ping.employee SET asc_project_name = 'project133', desc_project_name = 'project9', asc_role_name = ' ', desc_role_name = '' WHERE id = '7935e512-2d6f-486f-96f6-3209b563c670';
UPDATE art_ping.employee SET asc_project_name = 'project116', desc_project_name = 'project93', asc_role_name = '', desc_role_name = '' WHERE id = 'd4b8749a-e95d-4de4-9267-ed7b45510d0f';
UPDATE art_ping.employee SET asc_project_name = 'project184', desc_project_name = 'project35', asc_role_name = '', desc_role_name = '' WHERE id = 'e3377a21-cba0-4138-b12f-56ac6477367b';
UPDATE art_ping.employee SET asc_project_name = 'project189', desc_project_name = 'project189', asc_role_name = '   ', desc_role_name = '' WHERE id = '53d7a47b-7952-4260-b3a5-1ca961b0beff';
UPDATE art_ping.employee SET asc_project_name = 'project140', desc_project_name = 'project85', asc_role_name = '', desc_role_name = '' WHERE id = '9dc4b22b-4c22-4fda-b66e-57caf03383c0';
UPDATE art_ping.employee SET asc_project_name = 'project100', desc_project_name = 'project7', asc_role_name = ' ', desc_role_name = '' WHERE id = '8e90628d-a25d-4018-bb9e-80ca5aab4945';
UPDATE art_ping.employee SET asc_project_name = 'project124', desc_project_name = 'project60', asc_role_name = '   ', desc_role_name = '' WHERE id = 'ab9bb73f-921b-4cc7-aa09-0b699f6b914e';
UPDATE art_ping.employee SET asc_project_name = 'project12', desc_project_name = 'project331', asc_role_name = '', desc_role_name = '' WHERE id = '2a028a2d-1bd7-4a01-a444-b25a9a92853c';
UPDATE art_ping.employee SET asc_project_name = 'project145', desc_project_name = 'project78', asc_role_name = '', desc_role_name = '' WHERE id = '2af6684b-93f0-4c0d-95fb-e70ae2f9255c';
UPDATE art_ping.employee SET asc_project_name = 'project194', desc_project_name = 'project44', asc_role_name = ' ', desc_role_name = '' WHERE id = 'b41fe82e-ff88-429b-ba37-b399fe2da606';
UPDATE art_ping.employee SET asc_project_name = 'project10', desc_project_name = 'project335', asc_role_name = '   ', desc_role_name = '' WHERE id = '6d24c921-23fe-4984-915f-d82336434a9c';
UPDATE art_ping.employee SET asc_project_name = 'project116', desc_project_name = 'project373', asc_role_name = '', desc_role_name = '' WHERE id = '9866608c-4bcb-4214-bd85-81000287db57';
UPDATE art_ping.employee SET asc_project_name = 'project217', desc_project_name = 'project54', asc_role_name = '', desc_role_name = '' WHERE id = '996bd995-cc56-418a-9d28-a230fd00fb49';
UPDATE art_ping.employee SET asc_project_name = 'project194', desc_project_name = 'project319', asc_role_name = '', desc_role_name = '' WHERE id = 'c9850c5e-3d65-4708-87a4-19a542b0ed9a';
UPDATE art_ping.employee SET asc_project_name = 'project155', desc_project_name = 'project262', asc_role_name = '', desc_role_name = '' WHERE id = '998549e6-64c0-4eae-a2ce-e59c217f47bd';
UPDATE art_ping.employee SET asc_project_name = 'project136', desc_project_name = 'project220', asc_role_name = '', desc_role_name = '' WHERE id = '65745237-68de-4eac-ac96-8e7d8144be77';
UPDATE art_ping.employee SET asc_project_name = 'project134', desc_project_name = 'project302', asc_role_name = ' ', desc_role_name = '' WHERE id = 'a689a178-8e09-484d-8557-eb38c226482b';
UPDATE art_ping.employee SET asc_project_name = 'project2', desc_project_name = 'project51', asc_role_name = '', desc_role_name = '' WHERE id = '41234909-6955-4dc2-a067-e763eb720fc1';
UPDATE art_ping.employee SET asc_project_name = 'project10', desc_project_name = 'project56', asc_role_name = '   ', desc_role_name = '' WHERE id = '62fcf142-7cf8-4257-80ef-b43137c8dbd2';
UPDATE art_ping.employee SET asc_project_name = 'project113', desc_project_name = 'project45', asc_role_name = '', desc_role_name = '' WHERE id = 'ee0769af-652c-4ed0-aec4-f09c72a54f84';
UPDATE art_ping.employee SET asc_project_name = 'project124', desc_project_name = 'project22', asc_role_name = ' ', desc_role_name = '' WHERE id = '1e82c57d-27c0-45d1-9752-a85399b61eed';
UPDATE art_ping.employee SET asc_project_name = 'project121', desc_project_name = 'project347', asc_role_name = '', desc_role_name = '' WHERE id = 'fcf4f917-a78a-47ce-8e84-5dd547f471d3';
UPDATE art_ping.employee SET asc_project_name = 'project119', desc_project_name = 'project59', asc_role_name = '', desc_role_name = '' WHERE id = '9b405656-6e10-4dd1-8397-999e319a030c';
UPDATE art_ping.employee SET asc_project_name = 'project162', desc_project_name = 'project162', asc_role_name = '', desc_role_name = '' WHERE id = '5bc5bbd9-9363-4d71-87cc-e15211542342';
UPDATE art_ping.employee SET asc_project_name = 'project108', desc_project_name = 'project264', asc_role_name = '   ', desc_role_name = '' WHERE id = '8df02699-d3eb-42fb-bc6b-0c91b11551cd';
UPDATE art_ping.employee SET asc_project_name = 'project172', desc_project_name = 'project364', asc_role_name = ' ', desc_role_name = '' WHERE id = 'a6e17dc9-cbaf-476b-bd82-7eba7f1d6855';
UPDATE art_ping.employee SET asc_project_name = 'project170', desc_project_name = 'project93', asc_role_name = '', desc_role_name = '' WHERE id = '1fc0efd8-3a62-489a-9f69-9c44b6e225a4';
UPDATE art_ping.employee SET asc_project_name = 'project130', desc_project_name = 'project65', asc_role_name = '   ', desc_role_name = '' WHERE id = '095c0867-62f2-4fa5-b8f3-a87bb561be75';
UPDATE art_ping.employee SET asc_project_name = 'project100', desc_project_name = 'project76', asc_role_name = '', desc_role_name = '' WHERE id = 'f3f69d81-b3db-423b-878e-85dc10b96e97';
UPDATE art_ping.employee SET asc_project_name = 'project223', desc_project_name = 'project95', asc_role_name = '', desc_role_name = '' WHERE id = '97b2f937-54d8-4fa4-b68a-9e346b96953c';
UPDATE art_ping.employee SET asc_project_name = 'project137', desc_project_name = 'project258', asc_role_name = ' ', desc_role_name = '' WHERE id = '426943fe-cbdf-41f1-91dd-24818b867207';
UPDATE art_ping.employee SET asc_project_name = 'project175', desc_project_name = 'project86', asc_role_name = '', desc_role_name = '' WHERE id = 'ef803d10-d917-4be1-b89f-6d856e567c3a';
UPDATE art_ping.employee SET asc_project_name = 'project113', desc_project_name = 'project99', asc_role_name = '', desc_role_name = '' WHERE id = '784c5c93-5d6b-4a9e-bf92-21158a96f04a';
UPDATE art_ping.employee SET asc_project_name = 'project154', desc_project_name = 'project384', asc_role_name = '', desc_role_name = '' WHERE id = '414e27b4-2843-4d3e-9eae-445e2f70e098';
UPDATE art_ping.employee SET asc_project_name = 'project169', desc_project_name = 'project347', asc_role_name = '', desc_role_name = '' WHERE id = '07c31b02-615d-4b0a-869b-9e77e763c102';
UPDATE art_ping.employee SET asc_project_name = 'project220', desc_project_name = 'project61', asc_role_name = '   ', desc_role_name = '' WHERE id = '56e9ab80-35f9-4034-8592-52a50a03a121';
UPDATE art_ping.employee SET asc_project_name = 'project23', desc_project_name = 'project5', asc_role_name = '', desc_role_name = '' WHERE id = '6b8f564e-b5dd-4c1b-9247-c9e26da5762c';
UPDATE art_ping.employee SET asc_project_name = 'project120', desc_project_name = 'project79', asc_role_name = '', desc_role_name = '' WHERE id = 'b0c8fccb-e7fe-4566-97d9-a330a8d0db10';
UPDATE art_ping.employee SET asc_project_name = 'project103', desc_project_name = 'project390', asc_role_name = ' ', desc_role_name = '' WHERE id = '41e3fc84-eeea-421d-9854-b26ad91df17a';
UPDATE art_ping.employee SET asc_project_name = 'project175', desc_project_name = 'project59', asc_role_name = '', desc_role_name = '' WHERE id = '22e421f4-f965-46d0-a8c4-1a98b36d9c78';
UPDATE art_ping.employee SET asc_project_name = 'project111', desc_project_name = 'project77', asc_role_name = '', desc_role_name = '' WHERE id = '814b20be-ac07-43d9-9e64-d4a054568440';
UPDATE art_ping.employee SET asc_project_name = 'project233', desc_project_name = 'project367', asc_role_name = '', desc_role_name = '' WHERE id = '9795454f-9c47-4648-9021-ca51f119986e';
UPDATE art_ping.employee SET asc_project_name = 'project102', desc_project_name = 'project91', asc_role_name = '', desc_role_name = '' WHERE id = '6af21098-aeaa-44e1-bd78-523c263dc55d';
UPDATE art_ping.employee SET asc_project_name = 'project142', desc_project_name = 'project392', asc_role_name = '', desc_role_name = '' WHERE id = '40e34d7c-93aa-4eab-b373-5b649e14430a';
UPDATE art_ping.employee SET asc_project_name = 'project105', desc_project_name = 'project324', asc_role_name = '', desc_role_name = '' WHERE id = '62bf31ec-d2ad-422a-89e5-e0b11be1ac3f';
UPDATE art_ping.employee SET asc_project_name = 'project142', desc_project_name = 'project341', asc_role_name = ' ', desc_role_name = '' WHERE id = '009733eb-8522-45ab-b5ec-0144d9658abc';
UPDATE art_ping.employee SET asc_project_name = 'project10', desc_project_name = 'project364', asc_role_name = '', desc_role_name = '' WHERE id = 'f3cceaa9-60b8-4d73-8392-eba7eb26d380';
UPDATE art_ping.employee SET asc_project_name = 'project12', desc_project_name = 'project79', asc_role_name = '', desc_role_name = '' WHERE id = '7bf9589d-3f5b-4251-95fa-912eed7a1001';
UPDATE art_ping.employee SET asc_project_name = 'project18', desc_project_name = 'project345', asc_role_name = '', desc_role_name = '' WHERE id = '19a3890b-44d6-43bd-b371-54060c6b5bd1';
UPDATE art_ping.employee SET asc_project_name = 'project162', desc_project_name = 'project374', asc_role_name = ' ', desc_role_name = '' WHERE id = '3bd6d5b0-006e-4c3b-b5aa-34554eb0c35c';
UPDATE art_ping.employee SET asc_project_name = 'project148', desc_project_name = 'project341', asc_role_name = '', desc_role_name = '' WHERE id = '8a6f27db-c66a-4e27-9055-8440bd72a98f';
UPDATE art_ping.employee SET asc_project_name = 'project102', desc_project_name = 'project321', asc_role_name = '   ', desc_role_name = '' WHERE id = '41ab7c96-68b8-4f61-8f1c-f2a70438fd8e';
UPDATE art_ping.employee SET asc_project_name = 'project130', desc_project_name = 'project8', asc_role_name = '', desc_role_name = '' WHERE id = '91350f6c-a83f-47aa-a7bb-619df748a2d4';
UPDATE art_ping.employee SET asc_project_name = 'project135', desc_project_name = 'project246', asc_role_name = '', desc_role_name = '' WHERE id = '4ac024e2-5f5a-4784-b7dc-896f270256cf';
UPDATE art_ping.employee SET asc_project_name = 'project147', desc_project_name = 'project48', asc_role_name = '', desc_role_name = '' WHERE id = '3666fedf-cdb0-49c8-83b8-728556b637ce';
UPDATE art_ping.employee SET asc_project_name = 'project104', desc_project_name = 'project289', asc_role_name = '', desc_role_name = '' WHERE id = '06da6f43-6210-4a2a-b6c3-5fa7d00dfe3a';
UPDATE art_ping.employee SET asc_project_name = 'project12', desc_project_name = 'project28', asc_role_name = '   ', desc_role_name = '' WHERE id = '46c8fac7-2eba-4020-b709-cfe139759a0d';
UPDATE art_ping.employee SET asc_project_name = 'project104', desc_project_name = 'project196', asc_role_name = '', desc_role_name = '' WHERE id = '8d13e309-f8aa-4942-bf74-79beb4c00a41';
UPDATE art_ping.employee SET asc_project_name = 'project240', desc_project_name = 'project66', asc_role_name = ' ', desc_role_name = '' WHERE id = '349e1e0f-0da2-4641-81e8-b7073be6d5c7';
UPDATE art_ping.employee SET asc_project_name = 'project195', desc_project_name = 'project93', asc_role_name = '', desc_role_name = '' WHERE id = '1d7a619d-6274-4d4b-ab21-6ad4f343d8ac';
UPDATE art_ping.employee SET asc_project_name = 'project144', desc_project_name = 'project388', asc_role_name = ' ', desc_role_name = '' WHERE id = 'c22a98a5-d269-48ef-9ca3-2e3706520a55';
UPDATE art_ping.employee SET asc_project_name = 'project141', desc_project_name = 'project96', asc_role_name = '', desc_role_name = '' WHERE id = '0dbb3ff9-9ae1-49a8-8ce5-2b6d64e79cbd';
UPDATE art_ping.employee SET asc_project_name = 'project251', desc_project_name = 'project97', asc_role_name = '   ', desc_role_name = '' WHERE id = 'f30ccc1b-32f2-4870-b7b6-62245b2bfd2b';
UPDATE art_ping.employee SET asc_project_name = 'project129', desc_project_name = 'project93', asc_role_name = '', desc_role_name = '' WHERE id = 'e930521e-e6a0-4bf8-aba9-8b6811060576';
UPDATE art_ping.employee SET asc_project_name = 'project261', desc_project_name = 'project94', asc_role_name = '', desc_role_name = '' WHERE id = '888993a1-3b7f-42bb-96ef-fba9d76ec213';
UPDATE art_ping.employee SET asc_project_name = 'project12', desc_project_name = 'project373', asc_role_name = '   ', desc_role_name = '' WHERE id = 'ce2fcf8b-9221-4c2e-b4f5-a4a8d891af42';
UPDATE art_ping.employee SET asc_project_name = 'project16', desc_project_name = 'project82', asc_role_name = '', desc_role_name = '' WHERE id = 'b9044934-9dd7-4b46-9087-393232e50287';
UPDATE art_ping.employee SET asc_project_name = 'project138', desc_project_name = 'project67', asc_role_name = '   ', desc_role_name = '' WHERE id = '71f59a84-36b5-44a6-a9ff-2432d046da1b';
UPDATE art_ping.employee SET asc_project_name = 'project259', desc_project_name = 'project53', asc_role_name = '   ', desc_role_name = '' WHERE id = 'ec427102-c9b5-4a13-8664-b383e0077ffc';
UPDATE art_ping.employee SET asc_project_name = 'project154', desc_project_name = 'project304', asc_role_name = ' ', desc_role_name = '' WHERE id = '96bfe1b1-0a7b-4aad-a8a7-692be088f174';
UPDATE art_ping.employee SET asc_project_name = 'project122', desc_project_name = 'project62', asc_role_name = '', desc_role_name = '' WHERE id = '3aeaf27b-c564-4870-b039-4c7a21febc45';
UPDATE art_ping.employee SET asc_project_name = 'project241', desc_project_name = 'project85', asc_role_name = '   ', desc_role_name = '' WHERE id = '8cbd7684-1e00-4ca2-a67c-2be74fff9283';
UPDATE art_ping.employee SET asc_project_name = 'project137', desc_project_name = 'project84', asc_role_name = ' ', desc_role_name = '' WHERE id = '9953c3ef-a760-45f0-b380-448c9d14a3eb';
UPDATE art_ping.employee SET asc_project_name = 'project74', desc_project_name = 'project83', asc_role_name = '   ', desc_role_name = '' WHERE id = '10ba37b4-a6ab-472d-bfce-5643c7d370f4';
UPDATE art_ping.employee SET asc_project_name = 'project109', desc_project_name = 'project329', asc_role_name = '', desc_role_name = '' WHERE id = 'accbdfd4-4054-49bf-9930-17db990d4af7';
UPDATE art_ping.employee SET asc_project_name = 'project125', desc_project_name = 'project315', asc_role_name = '', desc_role_name = '' WHERE id = '35c4ac03-348a-472f-ad3d-871a6745eca0';
UPDATE art_ping.employee SET asc_project_name = 'project126', desc_project_name = 'project384', asc_role_name = '', desc_role_name = '' WHERE id = '75327b2b-17bb-4cb5-8840-679898171eda';
UPDATE art_ping.employee SET asc_project_name = 'project144', desc_project_name = 'project90', asc_role_name = '   ', desc_role_name = '' WHERE id = 'c8198693-c3cc-4a19-b024-f19d1b89733b';
UPDATE art_ping.employee SET asc_project_name = 'project144', desc_project_name = 'project97', asc_role_name = '', desc_role_name = '' WHERE id = 'c4908a7e-b48f-455f-a81b-d78644ed91e9';
UPDATE art_ping.employee SET asc_project_name = 'project192', desc_project_name = 'project8', asc_role_name = '   ', desc_role_name = '' WHERE id = 'bd32c8d1-6aef-441b-bbb2-0bda4758f204';
UPDATE art_ping.employee SET asc_project_name = 'project265', desc_project_name = 'project45', asc_role_name = '', desc_role_name = '' WHERE id = 'b7780f63-4092-4c43-b855-0af2523f644c';
UPDATE art_ping.employee SET asc_project_name = 'project154', desc_project_name = 'project328', asc_role_name = '', desc_role_name = '' WHERE id = '63649477-d30e-4cb7-8149-52bb5f796373';
UPDATE art_ping.employee SET asc_project_name = 'project134', desc_project_name = 'project345', asc_role_name = ' ', desc_role_name = '' WHERE id = '21f0a20e-1ca8-4895-a904-7f0969c3687f';
UPDATE art_ping.employee SET asc_project_name = 'project247', desc_project_name = 'project357', asc_role_name = '   ', desc_role_name = '' WHERE id = '53cee98c-355a-487b-b02a-cfe20f6899fe';
UPDATE art_ping.employee SET asc_project_name = 'project111', desc_project_name = 'project94', asc_role_name = ' ', desc_role_name = '' WHERE id = '3be56123-31bd-40a2-bafb-c43b6717d638';
UPDATE art_ping.employee SET asc_project_name = 'project355', desc_project_name = 'project59', asc_role_name = '', desc_role_name = '' WHERE id = 'd94e1a84-d01b-4e15-b247-5f398d449dcf';
UPDATE art_ping.employee SET asc_project_name = 'project103', desc_project_name = 'project57', asc_role_name = ' ', desc_role_name = '' WHERE id = 'fc80d3d5-13f2-4802-9d0f-ed66529758da';
UPDATE art_ping.employee SET asc_project_name = 'project195', desc_project_name = 'project316', asc_role_name = '', desc_role_name = '' WHERE id = '3b956c6f-e4aa-456a-bd66-7c97e5398235';
UPDATE art_ping.employee SET asc_project_name = 'project134', desc_project_name = 'project53', asc_role_name = '', desc_role_name = '' WHERE id = '7a9a93b3-a6e3-42d4-ad7e-ce4ced0205d0';
UPDATE art_ping.employee SET asc_project_name = 'project110', desc_project_name = 'project347', asc_role_name = '', desc_role_name = '' WHERE id = 'e2cbc43f-e345-4842-916d-24dcef62f0b1';
UPDATE art_ping.employee SET asc_project_name = 'project240', desc_project_name = 'project334', asc_role_name = '   ', desc_role_name = '' WHERE id = '242bccad-d151-431d-b3bd-e0298c85e75f';
UPDATE art_ping.employee SET asc_project_name = 'project118', desc_project_name = 'project170', asc_role_name = '   ', desc_role_name = '' WHERE id = 'f5a31b63-a644-4c75-9ada-c7cbd4725f43';
UPDATE art_ping.employee SET asc_project_name = 'project143', desc_project_name = 'project348', asc_role_name = '', desc_role_name = '' WHERE id = '231a2166-084a-45b7-b08c-0718eac0fdb3';
UPDATE art_ping.employee SET asc_project_name = 'project252', desc_project_name = 'project313', asc_role_name = '   ', desc_role_name = '' WHERE id = '5891ad1f-befc-485c-ac2a-c8ee087db2cc';
UPDATE art_ping.employee SET asc_project_name = 'project165', desc_project_name = 'project63', asc_role_name = '', desc_role_name = '' WHERE id = '010af88c-89e4-41b4-90d2-fdd9be0641f0';
UPDATE art_ping.employee SET asc_project_name = 'project165', desc_project_name = 'project63', asc_role_name = '', desc_role_name = '' WHERE id = '6621bca0-b3a1-4a35-83bb-4f9d389b67d7';
UPDATE art_ping.employee SET asc_project_name = 'project180', desc_project_name = 'project262', asc_role_name = ' ', desc_role_name = '' WHERE id = 'c4f977b5-260c-4ec2-8d08-ef9e556cdd83';
UPDATE art_ping.employee SET asc_project_name = 'project136', desc_project_name = 'project337', asc_role_name = '   ', desc_role_name = '' WHERE id = 'de6113d7-ecae-4160-87a1-8fbaf7ecdb46';
UPDATE art_ping.employee SET asc_project_name = 'project152', desc_project_name = 'project83', asc_role_name = '   ', desc_role_name = '' WHERE id = '208efbc5-2ee8-4096-9dd2-202236ed1b12';
UPDATE art_ping.employee SET asc_project_name = 'project192', desc_project_name = 'project44', asc_role_name = '', desc_role_name = '' WHERE id = 'bfbe4175-7044-46a9-ae15-90521c2a1621';
UPDATE art_ping.employee SET asc_project_name = 'project24', desc_project_name = 'project9', asc_role_name = ' ', desc_role_name = '' WHERE id = 'b70cb7b9-8833-4606-8d56-867a01e2c56c';
UPDATE art_ping.employee SET asc_project_name = 'project142', desc_project_name = 'project240', asc_role_name = '', desc_role_name = '' WHERE id = '40d2a24a-edc8-46b7-ad6d-c36ca3b9007f';
UPDATE art_ping.employee SET asc_project_name = 'project135', desc_project_name = 'project78', asc_role_name = ' ', desc_role_name = '' WHERE id = 'b76f35f1-09f9-4e88-bdb3-53613fca1770';
UPDATE art_ping.employee SET asc_project_name = 'project102', desc_project_name = 'project96', asc_role_name = '   ', desc_role_name = '' WHERE id = 'df1ea017-7893-474e-8b65-fe38cbadedcf';
UPDATE art_ping.employee SET asc_project_name = 'project195', desc_project_name = 'project9', asc_role_name = '', desc_role_name = '' WHERE id = '3400cb43-b4af-4210-8419-dabf67659cd7';
UPDATE art_ping.employee SET asc_project_name = 'project213', desc_project_name = 'project94', asc_role_name = ' ', desc_role_name = '' WHERE id = 'fe1d5557-c995-4cc6-8a60-5d8bd0b2bdde';
UPDATE art_ping.employee SET asc_project_name = 'project121', desc_project_name = 'project343', asc_role_name = ' ', desc_role_name = '' WHERE id = '340e28f5-0850-4a89-8eae-babef720395f';
UPDATE art_ping.employee SET asc_project_name = 'project255', desc_project_name = 'project95', asc_role_name = '', desc_role_name = '' WHERE id = 'ef7966d0-b3aa-4f46-a659-7441d0f1c60f';
UPDATE art_ping.employee SET asc_project_name = 'project165', desc_project_name = 'project93', asc_role_name = ' ', desc_role_name = '' WHERE id = '5fca0cc8-1e0c-4817-9607-8cccf8d8c202';
UPDATE art_ping.employee SET asc_project_name = 'project144', desc_project_name = 'project387', asc_role_name = '', desc_role_name = '' WHERE id = 'dbd21d63-aa76-4583-883f-ce6246f7aa59';
UPDATE art_ping.employee SET asc_project_name = 'project158', desc_project_name = 'project396', asc_role_name = '   ', desc_role_name = '' WHERE id = '28e651f7-f623-4b66-9015-759ca6dec68a';
UPDATE art_ping.employee SET asc_project_name = 'project134', desc_project_name = 'project51', asc_role_name = ' ', desc_role_name = '' WHERE id = 'bc438fea-080a-4eda-86f8-fa420336a002';
UPDATE art_ping.employee SET asc_project_name = 'project177', desc_project_name = 'project295', asc_role_name = '   ', desc_role_name = '' WHERE id = '59e525b6-4559-41ed-a074-2ee8a12e7750';
UPDATE art_ping.employee SET asc_project_name = 'project14', desc_project_name = 'project372', asc_role_name = '', desc_role_name = '' WHERE id = '7d219817-34c8-4f18-a496-36979da27863';
UPDATE art_ping.employee SET asc_project_name = 'project186', desc_project_name = 'project63', asc_role_name = '', desc_role_name = '' WHERE id = '3e34d834-dd3d-46a3-943b-d2c271e9ce02';
UPDATE art_ping.employee SET asc_project_name = 'project148', desc_project_name = 'project349', asc_role_name = '', desc_role_name = '' WHERE id = '0c321c7c-ad6b-4be0-807a-b65820c807ac';
UPDATE art_ping.employee SET asc_project_name = 'project163', desc_project_name = 'project313', asc_role_name = '', desc_role_name = '' WHERE id = '18b42934-149a-4696-9c71-76c8ce5b59d5';
UPDATE art_ping.employee SET asc_project_name = 'project111', desc_project_name = 'project66', asc_role_name = '   ', desc_role_name = '' WHERE id = 'efeedefd-d565-4b54-8acd-03ccf746e125';
UPDATE art_ping.employee SET asc_project_name = 'project189', desc_project_name = 'project43', asc_role_name = '   ', desc_role_name = '' WHERE id = 'c3d31b90-35c6-4f34-9aee-f18f79980ade';
UPDATE art_ping.employee SET asc_project_name = 'project196', desc_project_name = 'project95', asc_role_name = ' ', desc_role_name = '' WHERE id = '0a3b8e15-0aa8-4fce-ba52-a3b788c5ba3f';
UPDATE art_ping.employee SET asc_project_name = 'project109', desc_project_name = 'project90', asc_role_name = '', desc_role_name = '' WHERE id = 'c446f2da-0723-44a3-a07c-dfe281f27a04';
UPDATE art_ping.employee SET asc_project_name = 'project19', desc_project_name = 'project7', asc_role_name = ' ', desc_role_name = '' WHERE id = '48d4ffc3-a456-41c2-9923-82289f2b4e86';
UPDATE art_ping.employee SET asc_project_name = 'project119', desc_project_name = 'project341', asc_role_name = '   ', desc_role_name = '' WHERE id = 'd674ff13-5a99-46e3-81cc-8147d08e9c8a';
UPDATE art_ping.employee SET asc_project_name = 'project117', desc_project_name = 'project53', asc_role_name = '', desc_role_name = '' WHERE id = '8826f860-dee3-4947-b021-60be37d05d15';
UPDATE art_ping.employee SET asc_project_name = 'project127', desc_project_name = 'project305', asc_role_name = '', desc_role_name = '' WHERE id = 'b43ed1de-1c6f-425c-aa24-f141c753bd1e';
UPDATE art_ping.employee SET asc_project_name = 'project172', desc_project_name = 'project316', asc_role_name = '   ', desc_role_name = '' WHERE id = '88067125-6783-4a5e-8729-2743268ad8b8';
UPDATE art_ping.employee SET asc_project_name = 'project105', desc_project_name = 'project396', asc_role_name = '', desc_role_name = '' WHERE id = 'be6f4617-ce18-4149-b2ff-d1d325b8c6dc';
UPDATE art_ping.employee SET asc_project_name = 'project106', desc_project_name = 'project37', asc_role_name = '   ', desc_role_name = '' WHERE id = '31f7f66a-2a9a-4a53-8786-588f3c37f782';
UPDATE art_ping.employee SET asc_project_name = 'project172', desc_project_name = 'project75', asc_role_name = ' ', desc_role_name = '' WHERE id = '14bf6a76-9d34-4790-bf5c-c0bd399543dd';
UPDATE art_ping.employee SET asc_project_name = 'project20', desc_project_name = 'project253', asc_role_name = '', desc_role_name = '' WHERE id = '93ff44ac-f65e-4e21-bdfd-51e41847af5d';
UPDATE art_ping.employee SET asc_project_name = 'project102', desc_project_name = 'project87', asc_role_name = '', desc_role_name = '' WHERE id = '4fdce3b1-17f9-4ac2-ad87-e9725ecabca8';
UPDATE art_ping.employee SET asc_project_name = 'project102', desc_project_name = 'project62', asc_role_name = '', desc_role_name = '' WHERE id = '73e42f0e-569c-40be-9cc5-6b9141e09634';
UPDATE art_ping.employee SET asc_project_name = 'project234', desc_project_name = 'project65', asc_role_name = '', desc_role_name = '' WHERE id = 'fc6aef29-242d-4162-9dcc-d7e6d10b9efe';
UPDATE art_ping.employee SET asc_project_name = 'project149', desc_project_name = 'project47', asc_role_name = '', desc_role_name = '' WHERE id = '05d92b13-3f1e-4326-b4db-bb684357cfe5';
UPDATE art_ping.employee SET asc_project_name = 'project108', desc_project_name = 'project87', asc_role_name = ' ', desc_role_name = '' WHERE id = 'e06d78cf-3c49-42e0-a416-7ee0c3a21be7';
UPDATE art_ping.employee SET asc_project_name = 'project130', desc_project_name = 'project58', asc_role_name = '', desc_role_name = '' WHERE id = '048b2bcc-59bf-4a1e-bde6-8dc5f3ae1808';
UPDATE art_ping.employee SET asc_project_name = 'project128', desc_project_name = 'project307', asc_role_name = '   ', desc_role_name = '' WHERE id = '28c10195-2f73-4e00-a084-01c1897cd8c2';
UPDATE art_ping.employee SET asc_project_name = 'project1', desc_project_name = 'project384', asc_role_name = '   ', desc_role_name = '' WHERE id = '0f3fd6ce-9450-40fd-87a4-ed9fc59afbf7';
UPDATE art_ping.employee SET asc_project_name = 'project1', desc_project_name = 'project367', asc_role_name = '   ', desc_role_name = '' WHERE id = '17dd1317-229f-4aa1-a486-5b6c35743554';
UPDATE art_ping.employee SET asc_project_name = 'project189', desc_project_name = 'project80', asc_role_name = '', desc_role_name = '' WHERE id = '1c6946f8-db90-43be-ba89-475260fb7289';
UPDATE art_ping.employee SET asc_project_name = 'project126', desc_project_name = 'project43', asc_role_name = '', desc_role_name = '' WHERE id = '54522081-3d96-489e-9741-7d931f7a5ec9';
UPDATE art_ping.employee SET asc_project_name = 'project131', desc_project_name = 'project74', asc_role_name = '', desc_role_name = '' WHERE id = '39837db2-6091-44d6-8a0e-351350a14453';
UPDATE art_ping.employee SET asc_project_name = 'project11', desc_project_name = 'project65', asc_role_name = '', desc_role_name = '' WHERE id = '3be25b04-dc02-490e-bc1d-1a68adc1fe5f';
UPDATE art_ping.employee SET asc_project_name = 'project145', desc_project_name = 'project95', asc_role_name = ' ', desc_role_name = '' WHERE id = '1c318b7f-c458-40ae-b54a-bc48195c94cb';
UPDATE art_ping.employee SET asc_project_name = 'project164', desc_project_name = 'project362', asc_role_name = ' ', desc_role_name = '' WHERE id = '59d70d6e-db9e-4dc5-9acd-55d2b3a8aa95';
UPDATE art_ping.employee SET asc_project_name = 'project13', desc_project_name = 'project93', asc_role_name = '', desc_role_name = '' WHERE id = '8d716000-c4ea-4b70-bed8-2b14a47d9e16';
UPDATE art_ping.employee SET asc_project_name = 'null', desc_project_name = 'null', asc_role_name = '', desc_role_name = '' WHERE id = '9e5fcfa6-9355-450a-86e8-bfdf9b0e4445';
UPDATE art_ping.employee SET asc_project_name = 'project157', desc_project_name = 'project93', asc_role_name = '', desc_role_name = '' WHERE id = 'b296d2b6-dc0c-494a-aa45-bbf06ca44a27';
UPDATE art_ping.employee SET asc_project_name = 'project131', desc_project_name = 'project247', asc_role_name = ' ', desc_role_name = '' WHERE id = '6d377f60-7599-448b-8e55-728b00620144';
UPDATE art_ping.employee SET asc_project_name = 'project143', desc_project_name = 'project335', asc_role_name = '   ', desc_role_name = '' WHERE id = '8287baf5-4067-4c65-9264-fe5793108fda';
UPDATE art_ping.employee SET asc_project_name = 'project142', desc_project_name = 'project156', asc_role_name = '', desc_role_name = '' WHERE id = '9baeb07f-48a3-4fb6-b077-e978369263c8';
UPDATE art_ping.employee SET asc_project_name = 'project285', desc_project_name = 'project98', asc_role_name = '', desc_role_name = '' WHERE id = 'b41a2ef2-3d6c-4087-ae26-451f83c475fa';
UPDATE art_ping.employee SET asc_project_name = 'project172', desc_project_name = 'project208', asc_role_name = '', desc_role_name = '' WHERE id = 'ee00c89a-d2e9-4d1f-b11d-f6890c6f4039';
UPDATE art_ping.employee SET asc_project_name = 'project123', desc_project_name = 'project6', asc_role_name = '', desc_role_name = '' WHERE id = '471a103a-faff-493e-8d0a-299e388cbb2d';
UPDATE art_ping.employee SET asc_project_name = 'project201', desc_project_name = 'project89', asc_role_name = '', desc_role_name = '' WHERE id = '4fd466c7-89db-42c1-aac7-aeb9e138a273';
UPDATE art_ping.employee SET asc_project_name = 'project248', desc_project_name = 'project94', asc_role_name = '', desc_role_name = '' WHERE id = '9e772308-013b-4e58-9b98-921ea5b62eba';
UPDATE art_ping.employee SET asc_project_name = 'project23', desc_project_name = 'project393', asc_role_name = '   ', desc_role_name = '' WHERE id = 'e7cdf9ca-162c-4cd2-ae5d-720f15f922ee';
UPDATE art_ping.employee SET asc_project_name = 'project119', desc_project_name = 'project378', asc_role_name = '   ', desc_role_name = '' WHERE id = '0f1ecb89-a2b6-4610-984c-9dc110ea6497';
UPDATE art_ping.employee SET asc_project_name = 'project109', desc_project_name = 'project91', asc_role_name = ' ', desc_role_name = '' WHERE id = '0065bc69-99d2-46de-969f-aa5725ae3b89';
UPDATE art_ping.employee SET asc_project_name = 'project231', desc_project_name = 'project44', asc_role_name = '', desc_role_name = '' WHERE id = '9da55ae7-503a-4029-8886-d8a73140d246';
UPDATE art_ping.employee SET asc_project_name = 'project143', desc_project_name = 'project240', asc_role_name = '', desc_role_name = '' WHERE id = 'a1fc8d1a-f540-4e31-8d4a-43383f68a302';
UPDATE art_ping.employee SET asc_project_name = 'project117', desc_project_name = 'project50', asc_role_name = '', desc_role_name = '' WHERE id = 'a5637101-c194-4d4e-a661-313569df8625';
UPDATE art_ping.employee SET asc_project_name = 'project173', desc_project_name = 'project387', asc_role_name = '   ', desc_role_name = '' WHERE id = '3e1ae869-8169-4939-bf64-b2d2977d8457';
UPDATE art_ping.employee SET asc_project_name = 'project130', desc_project_name = 'project378', asc_role_name = '', desc_role_name = '' WHERE id = '089fd005-d1ce-454f-9922-c99944b2aa94';
UPDATE art_ping.employee SET asc_project_name = 'project130', desc_project_name = 'project391', asc_role_name = '', desc_role_name = '' WHERE id = '2f690191-97fc-4523-8952-6e0f6ce811f2';
UPDATE art_ping.employee SET asc_project_name = 'project14', desc_project_name = 'project359', asc_role_name = '   ', desc_role_name = '' WHERE id = '1d33ab56-e783-4cbc-8752-7dfa72ae233b';
UPDATE art_ping.employee SET asc_project_name = 'project114', desc_project_name = 'project81', asc_role_name = '', desc_role_name = '' WHERE id = 'a69e1a15-2334-4eee-a908-8d9f343a9e20';
UPDATE art_ping.employee SET asc_project_name = 'project148', desc_project_name = 'project73', asc_role_name = '   ', desc_role_name = '' WHERE id = 'da31df42-46d7-441b-9a2a-7ac8e563c02e';
UPDATE art_ping.employee SET asc_project_name = 'project184', desc_project_name = 'project391', asc_role_name = ' ', desc_role_name = '' WHERE id = '4ad4c246-4d9c-4976-8096-f91c94c73ad2';
UPDATE art_ping.employee SET asc_project_name = 'project138', desc_project_name = 'project95', asc_role_name = '   ', desc_role_name = '' WHERE id = 'a826b351-d4db-44c7-95f8-f68c790b595b';
UPDATE art_ping.employee SET asc_project_name = 'project167', desc_project_name = 'project39', asc_role_name = '', desc_role_name = '' WHERE id = 'b1f82042-7404-42c8-b6b7-fe92c637e47b';
UPDATE art_ping.employee SET asc_project_name = 'project168', desc_project_name = 'project34', asc_role_name = '', desc_role_name = '' WHERE id = 'fde5fdd7-8bbd-446b-a01f-b2b4978514a3';
UPDATE art_ping.employee SET asc_project_name = 'project10', desc_project_name = 'project99', asc_role_name = '', desc_role_name = '' WHERE id = '01d00aa2-994c-4edb-9f87-774146e9e864';
UPDATE art_ping.employee SET asc_project_name = 'project100', desc_project_name = 'project369', asc_role_name = ' ', desc_role_name = '' WHERE id = '4d4b1ea2-8b1c-4446-82e5-796ab32e5d09';
UPDATE art_ping.employee SET asc_project_name = 'project256', desc_project_name = 'project63', asc_role_name = '', desc_role_name = '' WHERE id = '3fc44eaa-159e-4a3b-9c82-65fc88092e3b';
UPDATE art_ping.employee SET asc_project_name = 'project195', desc_project_name = 'project6', asc_role_name = '', desc_role_name = '' WHERE id = '8b0cf62b-565c-4ce2-8b86-343e96db374d';
UPDATE art_ping.employee SET asc_project_name = 'project221', desc_project_name = 'project383', asc_role_name = '', desc_role_name = '' WHERE id = '52cf7dca-8a89-4675-8cca-ca319a24bc04';
UPDATE art_ping.employee SET asc_project_name = 'project186', desc_project_name = 'project68', asc_role_name = '', desc_role_name = '' WHERE id = 'df1c1f90-b73e-4ab9-8dde-4101ce4f40a6';
UPDATE art_ping.employee SET asc_project_name = 'project13', desc_project_name = 'project5', asc_role_name = '   ', desc_role_name = '' WHERE id = '4dc1adf7-49f7-45d6-a918-e955b4da7dbd';
UPDATE art_ping.employee SET asc_project_name = 'project11', desc_project_name = 'project110', asc_role_name = '   ', desc_role_name = '' WHERE id = '6671d797-3b4a-4ba1-916f-97e2ec2fec0b';
UPDATE art_ping.employee SET asc_project_name = 'project260', desc_project_name = 'project81', asc_role_name = '   ', desc_role_name = '' WHERE id = 'a96fd4f7-d900-4b9b-89e2-d2b9600bee29';
UPDATE art_ping.employee SET asc_project_name = 'project114', desc_project_name = 'project295', asc_role_name = ' ', desc_role_name = '' WHERE id = '7230ee53-e482-41fd-9dbb-9e052efbc50c';
UPDATE art_ping.employee SET asc_project_name = 'project189', desc_project_name = 'project79', asc_role_name = '   ', desc_role_name = '' WHERE id = 'af3ef3c6-f266-45bc-b259-a5c2e9b944ee';
UPDATE art_ping.employee SET asc_project_name = 'project169', desc_project_name = 'project94', asc_role_name = '', desc_role_name = '' WHERE id = 'cf0d3889-ccf9-4c1a-8cab-2c364d1fd976';
UPDATE art_ping.employee SET asc_project_name = 'project143', desc_project_name = 'project320', asc_role_name = ' ', desc_role_name = '' WHERE id = '2da77dcb-0768-478c-a741-618b705ed54c';
UPDATE art_ping.employee SET asc_project_name = 'project129', desc_project_name = 'project331', asc_role_name = '   ', desc_role_name = '' WHERE id = '6af93bbb-0c9c-4c02-b564-e1c57b244499';
UPDATE art_ping.employee SET asc_project_name = 'project164', desc_project_name = 'project60', asc_role_name = '', desc_role_name = '' WHERE id = '3f6ab95e-9529-4932-996b-26b5494d8518';
UPDATE art_ping.employee SET asc_project_name = 'project142', desc_project_name = 'project253', asc_role_name = ' ', desc_role_name = '' WHERE id = '1726d11a-8c45-4b86-86c8-eaee90e0f42a';
UPDATE art_ping.employee SET asc_project_name = 'project118', desc_project_name = 'project89', asc_role_name = ' ', desc_role_name = '' WHERE id = '80c79fe3-f762-4dce-93f2-86cf0be30c68';
UPDATE art_ping.employee SET asc_project_name = 'project100', desc_project_name = 'project37', asc_role_name = '', desc_role_name = '' WHERE id = '57d5315d-1c9e-4c4b-9a35-af13051cd6a7';
UPDATE art_ping.employee SET asc_project_name = 'project103', desc_project_name = 'project390', asc_role_name = '', desc_role_name = '' WHERE id = 'e02699a0-c6d4-4f00-9911-eecb65eb6853';
UPDATE art_ping.employee SET asc_project_name = 'project141', desc_project_name = 'project380', asc_role_name = '', desc_role_name = '' WHERE id = '1e5f7186-0fb5-49d0-ac30-eab33edcc0a7';
UPDATE art_ping.employee SET asc_project_name = 'project16', desc_project_name = 'project319', asc_role_name = '', desc_role_name = '' WHERE id = '51c847b7-446c-4714-b4c2-bb66392b420b';
UPDATE art_ping.employee SET asc_project_name = 'project137', desc_project_name = 'project89', asc_role_name = '', desc_role_name = '' WHERE id = '81de19b3-4102-4be2-b92b-0f66fc0e3d16';
UPDATE art_ping.employee SET asc_project_name = 'project11', desc_project_name = 'project41', asc_role_name = '   ', desc_role_name = '' WHERE id = '5895a739-710b-42c6-a590-43412f4df365';
UPDATE art_ping.employee SET asc_project_name = 'project145', desc_project_name = 'project290', asc_role_name = '   ', desc_role_name = '' WHERE id = 'f8ddfe9e-d9ac-41ad-a3f4-fe2cf81862c6';
UPDATE art_ping.employee SET asc_project_name = 'project143', desc_project_name = 'project45', asc_role_name = '', desc_role_name = '' WHERE id = '80eb122f-e58e-4ee6-8ca9-7ec1ceb245d0';
UPDATE art_ping.employee SET asc_project_name = 'project105', desc_project_name = 'project391', asc_role_name = '', desc_role_name = '' WHERE id = 'f8c0b433-7218-41c1-829f-de660259aacd';
UPDATE art_ping.employee SET asc_project_name = 'project141', desc_project_name = 'project42', asc_role_name = ' ', desc_role_name = '' WHERE id = 'e4bd53af-629a-470c-b62f-59cec1997074';
UPDATE art_ping.employee SET asc_project_name = 'project103', desc_project_name = 'project64', asc_role_name = '', desc_role_name = '' WHERE id = '63cce113-d103-45a1-8092-d837413e8f5d';
UPDATE art_ping.employee SET asc_project_name = 'project122', desc_project_name = 'project40', asc_role_name = '', desc_role_name = '' WHERE id = '79374c82-9c26-4dc1-8a66-f7e312d42ec1';
UPDATE art_ping.employee SET asc_project_name = 'project134', desc_project_name = 'project352', asc_role_name = '   ', desc_role_name = '' WHERE id = '2a1dd19e-3dfc-401d-8ae6-a3531463e0e2';
UPDATE art_ping.employee SET asc_project_name = 'project177', desc_project_name = 'project300', asc_role_name = '   ', desc_role_name = '' WHERE id = '48d98a19-98c0-44cf-98a7-95bc2f399373';
UPDATE art_ping.employee SET asc_project_name = 'project156', desc_project_name = 'project94', asc_role_name = '', desc_role_name = '' WHERE id = 'c657ade1-6670-4fa3-9858-1ffba5e72132';
UPDATE art_ping.employee SET asc_project_name = 'project131', desc_project_name = 'project73', asc_role_name = '', desc_role_name = '' WHERE id = '9c7b8963-f8ac-422b-b5e0-9de69dae432e';
UPDATE art_ping.employee SET asc_project_name = 'project17', desc_project_name = 'project288', asc_role_name = '', desc_role_name = '' WHERE id = '1077b982-eb5d-48f5-89f7-50f6c6b9e973';
UPDATE art_ping.employee SET asc_project_name = 'project134', desc_project_name = 'project75', asc_role_name = '', desc_role_name = '' WHERE id = 'f1b2ee7f-8722-4daf-b265-6a5a272a2bdb';
UPDATE art_ping.employee SET asc_project_name = 'project280', desc_project_name = 'project90', asc_role_name = '', desc_role_name = '' WHERE id = 'a631eccb-2ad5-4789-8d5c-ed6132b2e674';
UPDATE art_ping.employee SET asc_project_name = 'project244', desc_project_name = 'project42', asc_role_name = '', desc_role_name = '' WHERE id = 'df72b0f4-029b-4a59-b358-f9da272d0125';
UPDATE art_ping.employee SET asc_project_name = 'project153', desc_project_name = 'project94', asc_role_name = ' ', desc_role_name = '' WHERE id = '7b03ab40-238a-488a-87a3-d3b19501196d';
UPDATE art_ping.employee SET asc_project_name = 'project329', desc_project_name = 'project61', asc_role_name = ' ', desc_role_name = '' WHERE id = '83b49996-22c0-4243-ab54-574dc2275deb';
UPDATE art_ping.employee SET asc_project_name = 'project143', desc_project_name = 'project79', asc_role_name = '', desc_role_name = '' WHERE id = '004faa79-f42b-4f41-8bca-6c70dab97ec7';
UPDATE art_ping.employee SET asc_project_name = 'project172', desc_project_name = 'project202', asc_role_name = '', desc_role_name = '' WHERE id = '0e7f2468-f920-461e-93a0-65a69233c30c';
UPDATE art_ping.employee SET asc_project_name = 'project201', desc_project_name = 'project64', asc_role_name = '', desc_role_name = '' WHERE id = '4e444732-bfa8-4437-9e90-b12b405cddba';
UPDATE art_ping.employee SET asc_project_name = 'project189', desc_project_name = 'project298', asc_role_name = '   ', desc_role_name = '' WHERE id = '2d601f45-775e-4572-89be-deec95beb941';
UPDATE art_ping.employee SET asc_project_name = 'project176', desc_project_name = 'project393', asc_role_name = '', desc_role_name = '' WHERE id = 'ccbc9996-12d3-442e-ba88-ba53f3e240b8';
UPDATE art_ping.employee SET asc_project_name = 'project146', desc_project_name = 'project69', asc_role_name = ' ', desc_role_name = '' WHERE id = 'bc0fcf18-417f-470c-bb5b-075ee1ab870f';
UPDATE art_ping.employee SET asc_project_name = 'project119', desc_project_name = 'project71', asc_role_name = ' ', desc_role_name = '' WHERE id = '069ee076-a9b5-44e8-883f-6a6afdb7efd8';
UPDATE art_ping.employee SET asc_project_name = 'project125', desc_project_name = 'project99', asc_role_name = '', desc_role_name = '' WHERE id = '6af70ce3-be0a-4b67-90f8-5d03b9250dff';
UPDATE art_ping.employee SET asc_project_name = 'project279', desc_project_name = 'project92', asc_role_name = '', desc_role_name = '' WHERE id = '05401823-060e-4ba4-af55-daf4f5ed50bc';
UPDATE art_ping.employee SET asc_project_name = 'project111', desc_project_name = 'project385', asc_role_name = '', desc_role_name = '' WHERE id = '8843030e-58ad-4ea0-8271-1a969a286434';
UPDATE art_ping.employee SET asc_project_name = 'project116', desc_project_name = 'project57', asc_role_name = '   ', desc_role_name = '' WHERE id = 'd24fad58-5692-48dc-bb9a-c2e6e6751114';
UPDATE art_ping.employee SET asc_project_name = 'project126', desc_project_name = 'project388', asc_role_name = '   ', desc_role_name = '' WHERE id = '0d6ed6ce-cd81-40fa-8ab8-91e5b6ed43d2';
UPDATE art_ping.employee SET asc_project_name = 'project113', desc_project_name = 'project99', asc_role_name = ' ', desc_role_name = '' WHERE id = '0d9be05f-494f-4ea6-aa20-04cb47089c46';
UPDATE art_ping.employee SET asc_project_name = 'project11', desc_project_name = 'project306', asc_role_name = '   ', desc_role_name = '' WHERE id = '4e877079-8463-403d-8b7f-aabde8b63d16';
UPDATE art_ping.employee SET asc_project_name = 'null', desc_project_name = 'null', asc_role_name = ' ', desc_role_name = '' WHERE id = 'd7a1c974-165d-43d0-8739-dbc1c4b8d59a';
UPDATE art_ping.employee SET asc_project_name = 'project101', desc_project_name = 'project77', asc_role_name = ' ', desc_role_name = '' WHERE id = 'fdcb8726-41c4-4ce5-8310-f8cbbc5216fe';
UPDATE art_ping.employee SET asc_project_name = 'project110', desc_project_name = 'project198', asc_role_name = '', desc_role_name = '' WHERE id = '41762832-804a-4128-b0d8-fb0a1eff1e49';
UPDATE art_ping.employee SET asc_project_name = 'project164', desc_project_name = 'project96', asc_role_name = '', desc_role_name = '' WHERE id = '58c8f386-8e2b-4f49-8f0a-cdec23fc0dd2';
UPDATE art_ping.employee SET asc_project_name = 'project135', desc_project_name = 'project376', asc_role_name = '', desc_role_name = '' WHERE id = '7226671b-fb2b-4f8b-918d-ff38157eb98f';
UPDATE art_ping.employee SET asc_project_name = 'project108', desc_project_name = 'project65', asc_role_name = ' ', desc_role_name = '' WHERE id = '1f77cbae-6ff3-4e01-950c-ebb36963c717';
UPDATE art_ping.employee SET asc_project_name = 'project11', desc_project_name = 'project6', asc_role_name = '', desc_role_name = '' WHERE id = '5e51929f-4682-4bed-be25-0b205fd4c44b';
UPDATE art_ping.employee SET asc_project_name = 'project177', desc_project_name = 'project177', asc_role_name = '', desc_role_name = '' WHERE id = 'e3ef6639-8627-4f7d-baee-89e110150894';
UPDATE art_ping.employee SET asc_project_name = 'project251', desc_project_name = 'project63', asc_role_name = '   ', desc_role_name = '' WHERE id = '655dfc48-3658-43c6-81df-7d7c3a642499';
UPDATE art_ping.employee SET asc_project_name = 'project233', desc_project_name = 'project6', asc_role_name = '', desc_role_name = '' WHERE id = '9f62c00b-5934-40d2-91b7-231cf0b8da2f';
UPDATE art_ping.employee SET asc_project_name = 'project168', desc_project_name = 'project80', asc_role_name = '   ', desc_role_name = '' WHERE id = 'fd7b6a3a-b275-4e81-bf15-2ac247b46cd6';
UPDATE art_ping.employee SET asc_project_name = 'project0', desc_project_name = 'project41', asc_role_name = '   ', desc_role_name = '' WHERE id = '8f066cff-4d9f-488f-8a9b-0c78b13fdef8';
UPDATE art_ping.employee SET asc_project_name = 'project102', desc_project_name = 'project89', asc_role_name = '   ', desc_role_name = '' WHERE id = '41764999-aa9b-4509-a434-09e9393347d2';
UPDATE art_ping.employee SET asc_project_name = 'project120', desc_project_name = 'project399', asc_role_name = '', desc_role_name = '' WHERE id = '8ac9b53f-0bc0-4ae0-b54e-e11218c13f71';
UPDATE art_ping.employee SET asc_project_name = 'project110', desc_project_name = 'project73', asc_role_name = '', desc_role_name = '' WHERE id = '50626407-8ca1-42e7-9771-61f5b2eccfea';
UPDATE art_ping.employee SET asc_project_name = 'project166', desc_project_name = 'project390', asc_role_name = '', desc_role_name = '' WHERE id = '4a603d7c-7db7-4939-a25c-d579ef352137';
UPDATE art_ping.employee SET asc_project_name = 'project118', desc_project_name = 'project392', asc_role_name = '', desc_role_name = '' WHERE id = '19e4eb05-8946-4575-aafd-3595a8b8616d';
UPDATE art_ping.employee SET asc_project_name = 'project117', desc_project_name = 'project61', asc_role_name = '', desc_role_name = '' WHERE id = '9e118fb6-b144-47c7-8bb9-3a2a80d66630';
UPDATE art_ping.employee SET asc_project_name = 'project135', desc_project_name = 'project78', asc_role_name = '', desc_role_name = '' WHERE id = 'be595e60-8b11-40cf-ab70-211fca0756b1';
UPDATE art_ping.employee SET asc_project_name = 'project68', desc_project_name = 'project68', asc_role_name = '   ', desc_role_name = '' WHERE id = '9ac8a9ee-d072-4f6e-bbe6-fbb4f1a557f7';
UPDATE art_ping.employee SET asc_project_name = 'project158', desc_project_name = 'project90', asc_role_name = '', desc_role_name = '' WHERE id = '87bdf85f-ffd8-492a-bf8b-60745059aea1';
UPDATE art_ping.employee SET asc_project_name = 'project0', desc_project_name = 'project90', asc_role_name = '   ', desc_role_name = '' WHERE id = '1543d3c6-f208-43c7-9f8c-5ad4b647f75d';
UPDATE art_ping.employee SET asc_project_name = 'project135', desc_project_name = 'project51', asc_role_name = '   ', desc_role_name = '' WHERE id = '1b8856af-6593-492a-9fcd-fe63e89abfed';
UPDATE art_ping.employee SET asc_project_name = 'project186', desc_project_name = 'project43', asc_role_name = '   ', desc_role_name = '' WHERE id = 'f9e0560e-ea96-46ee-93d7-c0d1583a4eb1';
UPDATE art_ping.employee SET asc_project_name = 'project20', desc_project_name = 'project58', asc_role_name = '', desc_role_name = '' WHERE id = 'ccad329c-10c6-4578-a85d-415575b47d16';
UPDATE art_ping.employee SET asc_project_name = 'project100', desc_project_name = 'project52', asc_role_name = '', desc_role_name = '' WHERE id = '7da4e3d4-baa4-43cf-8f8d-b2e0c29145ab';
UPDATE art_ping.employee SET asc_project_name = 'project128', desc_project_name = 'project73', asc_role_name = '', desc_role_name = '' WHERE id = 'c65c9dc4-e47e-4ab0-b4ea-9762e95d0a50';
UPDATE art_ping.employee SET asc_project_name = 'project115', desc_project_name = 'project365', asc_role_name = '', desc_role_name = '' WHERE id = 'bffbe7fd-8567-4bb8-8a54-93e2176ae01d';
UPDATE art_ping.employee SET asc_project_name = 'project259', desc_project_name = 'project395', asc_role_name = '', desc_role_name = '' WHERE id = '70473947-4991-484a-9a35-6489c98e827f';
UPDATE art_ping.employee SET asc_project_name = 'project198', desc_project_name = 'project61', asc_role_name = '', desc_role_name = '' WHERE id = '90a02b61-94e7-4e76-ab63-d53544cb5234';
UPDATE art_ping.employee SET asc_project_name = 'project100', desc_project_name = 'project46', asc_role_name = '', desc_role_name = '' WHERE id = 'ca0da76d-74ec-4bd0-b2b7-83fa512b3234';
UPDATE art_ping.employee SET asc_project_name = 'null', desc_project_name = 'null', asc_role_name = '', desc_role_name = '' WHERE id = '25ea56fd-6149-4ec2-ba0d-3558f6c5accc';
UPDATE art_ping.employee SET asc_project_name = 'project123', desc_project_name = 'project87', asc_role_name = ' ', desc_role_name = '' WHERE id = '2864a45e-6a73-493e-a9e5-f43029ae42a4';
UPDATE art_ping.employee SET asc_project_name = 'project114', desc_project_name = 'project366', asc_role_name = '', desc_role_name = '' WHERE id = '10724f0c-543d-44d0-b03a-b5c36b854f6d';
UPDATE art_ping.employee SET asc_project_name = 'project191', desc_project_name = 'project3', asc_role_name = '', desc_role_name = '' WHERE id = '66cf2e59-f3fb-4523-a071-f700fb2eed5a';
UPDATE art_ping.employee SET asc_project_name = 'project101', desc_project_name = 'project46', asc_role_name = '', desc_role_name = '' WHERE id = 'c87d7ac2-9439-45f3-b83f-350db105adf3';
UPDATE art_ping.employee SET asc_project_name = 'project207', desc_project_name = 'project94', asc_role_name = '', desc_role_name = '' WHERE id = '0929a218-1054-4297-9281-a856aec8a3a8';
UPDATE art_ping.employee SET asc_project_name = 'project216', desc_project_name = 'project279', asc_role_name = '', desc_role_name = '' WHERE id = 'db2a3830-9632-42f6-a3bd-7ec482fe4a30';
UPDATE art_ping.employee SET asc_project_name = 'project13', desc_project_name = 'project96', asc_role_name = '', desc_role_name = '' WHERE id = '0e56808e-1d78-4611-b873-0d2d75c33554';
UPDATE art_ping.employee SET asc_project_name = 'project104', desc_project_name = 'project375', asc_role_name = '', desc_role_name = '' WHERE id = '0a8d3842-fea7-4746-9f39-809b0418831f';
UPDATE art_ping.employee SET asc_project_name = 'null', desc_project_name = 'null', asc_role_name = ' ', desc_role_name = '' WHERE id = 'ac516ae2-d3e4-4c54-ba76-0fd2c6f7d909';
