INSERT INTO art_ping.calendar VALUES ('6767edac-df6d-48d8-9619-63168204fed5', 'calendar0', true, '2021-12-23T15:52:39.486097900', 0, null, '09:00', '18:00');
INSERT INTO art_ping.calendar VALUES ('a1a334cc-3816-48c3-a0b9-4d5a7cab59aa', 'calendar1', true, '2021-12-23T15:52:39.487098800', 0, null, '09:00', '18:00');
INSERT INTO art_ping.calendar VALUES ('405d952a-f1ab-4a0a-8da2-a6d692838c69', 'calendar2', true, '2021-12-23T15:52:39.487098800', 0, null, '09:00', '18:00');
INSERT INTO art_ping.calendar VALUES ('e7a61c37-0c01-43b4-9e73-340279bc9551', 'calendar3', true, '2021-12-23T15:52:39.487098800', 0, null, '09:00', '18:00');
INSERT INTO art_ping.calendar VALUES ('3db70ed9-e956-49eb-9747-fa360a86340e', 'calendar4', true, '2021-12-23T15:52:39.488098700', 0, null, '09:00', '18:00');
INSERT INTO art_ping.calendar VALUES ('9eed65bb-b911-4f54-922e-a4f28c76e64b', 'calendar5', true, '2021-12-23T15:52:39.488098700', 0, null, '09:00', '18:00');
INSERT INTO art_ping.calendar VALUES ('4ae33c79-9339-4dfa-8a23-f6e578602cc4', 'calendar6', true, '2021-12-23T15:52:39.488098700', 0, null, '09:00', '18:00');
INSERT INTO art_ping.calendar VALUES ('9a0df965-c68c-4347-a5c9-33479cf50268', 'calendar7', true, '2021-12-23T15:52:39.488098700', 0, null, '09:00', '18:00');
INSERT INTO art_ping.calendar VALUES ('f83bc6ee-38d4-45cc-8755-d0e8a5f86567', 'calendar8', true, '2021-12-23T15:52:39.489097800', 0, null, '09:00', '18:00');
INSERT INTO art_ping.calendar VALUES ('1e556459-8c32-4b8a-b222-3fcd1967615e', 'calendar9', true, '2021-12-23T15:52:39.489097800', 0, null, '09:00', '18:00');
INSERT INTO art_ping.calendar VALUES ('359b1098-039b-4845-8e60-eb05d970e778', 'calendar10', true, '2021-12-23T15:52:39.489097800', 0, null, '09:00', '18:00');
INSERT INTO art_ping.calendar VALUES ('0d287e9e-6dd6-4473-ad12-9f588e9a95c5', 'calendar11', true, '2021-12-23T15:52:39.489097800', 0, null, '09:00', '18:00');
INSERT INTO art_ping.calendar VALUES ('a79ab46d-0e03-43d8-ab08-fb8e63f4cfa4', 'calendar12', true, '2021-12-23T15:52:39.489097800', 0, null, '09:00', '18:00');
INSERT INTO art_ping.calendar VALUES ('eefc2551-5301-4d3e-bdcd-25f249e62ddb', 'calendar13', true, '2021-12-23T15:52:39.490098500', 0, null, '09:00', '18:00');
INSERT INTO art_ping.calendar VALUES ('d2fde2a9-dff4-4c63-85a8-5a01f3841efd', 'calendar14', true, '2021-12-23T15:52:39.490098500', 0, null, '09:00', '18:00');
INSERT INTO art_ping.calendar VALUES ('421f75d2-5320-476c-aa29-3fef2c5c2fb2', 'calendar15', true, '2021-12-23T15:52:39.490098500', 0, null, '09:00', '18:00');
INSERT INTO art_ping.calendar VALUES ('c7db0ad7-d973-40a5-a8a0-6308fcf0254e', 'calendar16', true, '2021-12-23T15:52:39.490098500', 0, null, '09:00', '18:00');
INSERT INTO art_ping.calendar VALUES ('80b96051-9ddf-40c1-a66b-bc41ef9a3e4b', 'calendar17', true, '2021-12-23T15:52:39.490098500', 0, null, '09:00', '18:00');
INSERT INTO art_ping.calendar VALUES ('72b28af2-9171-4999-9ec2-928e2844c1c3', 'calendar18', true, '2021-12-23T15:52:39.491097600', 0, null, '09:00', '18:00');
INSERT INTO art_ping.calendar VALUES ('fb333015-9403-4a3d-bf4b-bc8d771ac188', 'calendar19', true, '2021-12-23T15:52:39.491097600', 0, null, '09:00', '18:00');
INSERT INTO art_ping.calendar VALUES ('b8aa9779-678e-4bab-b4a1-ecf0030b5fe6', 'calendar20', true, '2021-12-23T15:52:39.491097600', 0, null, '09:00', '18:00');
INSERT INTO art_ping.calendar VALUES ('68b5b71d-4837-4456-9fbc-9e6a1aa8fad7', 'calendar21', true, '2021-12-23T15:52:39.492097', 0, null, '09:00', '18:00');
INSERT INTO art_ping.calendar VALUES ('6969566a-e5de-4f96-9c23-1ff4f220bf37', 'calendar22', true, '2021-12-23T15:52:39.492097', 0, null, '09:00', '18:00');
INSERT INTO art_ping.calendar VALUES ('4ac89aef-8db7-45fa-a885-8b2769e97674', 'calendar23', true, '2021-12-23T15:52:39.492097', 0, null, '09:00', '18:00');
INSERT INTO art_ping.calendar VALUES ('c4081bc8-eeb0-4e36-a78c-0734328a46fe', 'calendar24', true, '2021-12-23T15:52:39.492097', 0, null, '09:00', '18:00');
INSERT INTO art_ping.calendar VALUES ('59d790cd-59e4-4c12-b6ca-ba6b5e077ff4', 'calendar25', true, '2021-12-23T15:52:39.492097', 0, null, '09:00', '18:00');
INSERT INTO art_ping.calendar VALUES ('a96491c5-2ce0-457e-a326-8aa8f88ecc7e', 'calendar26', true, '2021-12-23T15:52:39.492097', 0, null, '09:00', '18:00');
INSERT INTO art_ping.calendar VALUES ('806ef06a-7883-442e-ba1e-c983de46014a', 'calendar27', true, '2021-12-23T15:52:39.493097200', 0, null, '09:00', '18:00');
INSERT INTO art_ping.calendar VALUES ('7f017de4-61d1-4936-acb3-2c7e255099d5', 'calendar28', true, '2021-12-23T15:52:39.493097200', 0, null, '09:00', '18:00');
INSERT INTO art_ping.calendar VALUES ('5bb9eee9-5d48-490b-a017-7d8effaf7661', 'calendar29', true, '2021-12-23T15:52:39.493097200', 0, null, '09:00', '18:00');
INSERT INTO art_ping.calendar VALUES ('3135532f-bdb7-49dd-bce9-6ae43a6b0cf1', 'calendar30', true, '2021-12-23T15:52:39.493097200', 0, null, '09:00', '18:00');
INSERT INTO art_ping.calendar VALUES ('34f5d422-763c-43b5-95f0-975321674b1a', 'calendar31', true, '2021-12-23T15:52:39.494096600', 0, null, '09:00', '18:00');
INSERT INTO art_ping.calendar VALUES ('99a0174f-2e1d-479b-9f3b-4cf7ff201016', 'calendar32', true, '2021-12-23T15:52:39.494096600', 0, null, '09:00', '18:00');
INSERT INTO art_ping.calendar VALUES ('f5a49773-6ac0-44ee-a1a7-0884bf581a68', 'calendar33', true, '2021-12-23T15:52:39.494096600', 0, null, '09:00', '18:00');
INSERT INTO art_ping.calendar VALUES ('2d1bcc5c-2962-412f-909b-9c761decd022', 'calendar34', true, '2021-12-23T15:52:39.494096600', 0, null, '09:00', '18:00');
INSERT INTO art_ping.calendar VALUES ('1d93117a-7c37-4bb4-9482-c9c0f0347541', 'calendar35', true, '2021-12-23T15:52:39.494096600', 0, null, '09:00', '18:00');
INSERT INTO art_ping.calendar VALUES ('818a3801-42a0-486a-9313-a275ff820c3a', 'calendar36', true, '2021-12-23T15:52:39.494096600', 0, null, '09:00', '18:00');
INSERT INTO art_ping.calendar VALUES ('65ee8bf0-7ad2-4273-9bf1-cdcf9e2aade3', 'calendar37', true, '2021-12-23T15:52:39.494096600', 0, null, '09:00', '18:00');
INSERT INTO art_ping.calendar VALUES ('9f9de325-c406-49e9-a3e9-a6b221e50c64', 'calendar38', true, '2021-12-23T15:52:39.494096600', 0, null, '09:00', '18:00');
INSERT INTO art_ping.calendar VALUES ('371649ca-7dbe-4b17-bb2e-7b32c5c89692', 'calendar39', true, '2021-12-23T15:52:39.494096600', 0, null, '09:00', '18:00');
INSERT INTO art_ping.calendar VALUES ('98be1f5b-b2aa-417d-af1f-6cbd1069b955', 'calendar40', true, '2021-12-23T15:52:39.495097400', 0, null, '09:00', '18:00');
INSERT INTO art_ping.calendar VALUES ('f3d2db0c-1d64-473c-b7c3-9857f65e0d6b', 'calendar41', true, '2021-12-23T15:52:39.495097400', 0, null, '09:00', '18:00');
INSERT INTO art_ping.calendar VALUES ('ea2aee29-940a-4ece-aa24-bf313643c484', 'calendar42', true, '2021-12-23T15:52:39.495097400', 0, null, '09:00', '18:00');
INSERT INTO art_ping.calendar VALUES ('2c2404ba-8694-423e-b76e-071baeb79ea3', 'calendar43', true, '2021-12-23T15:52:39.495097400', 0, null, '09:00', '18:00');
INSERT INTO art_ping.calendar VALUES ('57097e39-04a1-497c-aa12-d266685b7c85', 'calendar44', true, '2021-12-23T15:52:39.495097400', 0, null, '09:00', '18:00');
INSERT INTO art_ping.calendar VALUES ('aa756158-d942-4831-9f7f-4183ac82f6ee', 'calendar45', true, '2021-12-23T15:52:39.495097400', 0, null, '09:00', '18:00');
INSERT INTO art_ping.calendar VALUES ('05df20b9-fc6b-4f23-ba1c-af19e01027f8', 'calendar46', true, '2021-12-23T15:52:39.495097400', 0, null, '09:00', '18:00');
INSERT INTO art_ping.calendar VALUES ('2b982fe7-abbb-4373-ad5d-ed2abbc38242', 'calendar47', true, '2021-12-23T15:52:39.495097400', 0, null, '09:00', '18:00');
INSERT INTO art_ping.calendar VALUES ('113114b3-ea3a-4d9d-a3ff-be4c2706e40b', 'calendar48', true, '2021-12-23T15:52:39.495097400', 0, null, '09:00', '18:00');
INSERT INTO art_ping.calendar VALUES ('2c1aca41-1263-4c14-a164-85ebbe7a2530', 'calendar49', true, '2021-12-23T15:52:39.495097400', 0, null, '09:00', '18:00');
INSERT INTO art_ping.office VALUES ('aad72ba9-faca-4c76-a5aa-4c4794d7353a', 'office0', 'UTC+3', '9f9de325-c406-49e9-a3e9-a6b221e50c64');
INSERT INTO art_ping.office VALUES ('493a6b74-485b-498e-aaad-af2de8737ed6', 'office1', 'UTC+3', 'c4081bc8-eeb0-4e36-a78c-0734328a46fe');
INSERT INTO art_ping.office VALUES ('438a710d-3ddd-4601-80a7-06d2a180e3f9', 'office2', 'UTC+3', '113114b3-ea3a-4d9d-a3ff-be4c2706e40b');
INSERT INTO art_ping.office VALUES ('14e3ab54-2e90-44e1-9049-14c123492f3b', 'office3', 'UTC+3', '371649ca-7dbe-4b17-bb2e-7b32c5c89692');
INSERT INTO art_ping.office VALUES ('9a1d0f8c-2c97-49d9-ba12-f6abe4756848', 'office4', 'UTC+3', '65ee8bf0-7ad2-4273-9bf1-cdcf9e2aade3');
INSERT INTO art_ping.office VALUES ('665c0a9c-f6eb-4b26-87d7-78ac666529ab', 'office5', 'UTC+3', '72b28af2-9171-4999-9ec2-928e2844c1c3');
INSERT INTO art_ping.office VALUES ('7f3aadc0-74b9-4999-abdd-d84c1c113b6e', 'office6', 'UTC+3', 'fb333015-9403-4a3d-bf4b-bc8d771ac188');
INSERT INTO art_ping.office VALUES ('1c6d1efc-c63c-4297-ae72-54ad50e78394', 'office7', 'UTC+3', '1d93117a-7c37-4bb4-9482-c9c0f0347541');
INSERT INTO art_ping.office VALUES ('4496e95d-5668-4740-95a9-5119b4478e4b', 'office8', 'UTC+3', 'a79ab46d-0e03-43d8-ab08-fb8e63f4cfa4');
INSERT INTO art_ping.office VALUES ('596be8fb-f3d9-4619-80bd-42189f10b203', 'office9', 'UTC+3', '2d1bcc5c-2962-412f-909b-9c761decd022');
INSERT INTO art_ping.office VALUES ('a517390a-9e34-4e2c-8add-f6fbacd3b9f7', 'office10', 'UTC+3', '68b5b71d-4837-4456-9fbc-9e6a1aa8fad7');
INSERT INTO art_ping.office VALUES ('459df5c1-b19c-4968-99d1-2a4ab0cec8e3', 'office11', 'UTC+3', '72b28af2-9171-4999-9ec2-928e2844c1c3');
INSERT INTO art_ping.office VALUES ('e13d3c7c-e77c-4f03-8900-8bcdd5fd0731', 'office12', 'UTC+3', 'a1a334cc-3816-48c3-a0b9-4d5a7cab59aa');
INSERT INTO art_ping.office VALUES ('52a85409-8254-4704-8894-197c5c4903a3', 'office13', 'UTC+3', '4ae33c79-9339-4dfa-8a23-f6e578602cc4');
INSERT INTO art_ping.office VALUES ('38a71f51-2b6c-4923-b5f5-f63580242d38', 'office14', 'UTC+3', '3135532f-bdb7-49dd-bce9-6ae43a6b0cf1');
INSERT INTO art_ping.office VALUES ('6eb0bbc0-5404-439e-b03a-58632c6211b8', 'office15', 'UTC+3', '0d287e9e-6dd6-4473-ad12-9f588e9a95c5');
INSERT INTO art_ping.office VALUES ('186ad3b3-a995-4a9e-85dd-d5a9618c03b1', 'office16', 'UTC+3', '57097e39-04a1-497c-aa12-d266685b7c85');
INSERT INTO art_ping.office VALUES ('c4d28208-496e-454e-8cfb-546187654fa3', 'office17', 'UTC+3', '1e556459-8c32-4b8a-b222-3fcd1967615e');
INSERT INTO art_ping.office VALUES ('9f149e9b-0e2e-4970-af8f-4bc16c345b07', 'office18', 'UTC+3', 'aa756158-d942-4831-9f7f-4183ac82f6ee');
INSERT INTO art_ping.office VALUES ('29e9d505-6dcf-4dd4-ab9d-2bec2a69bb9c', 'office19', 'UTC+3', 'f3d2db0c-1d64-473c-b7c3-9857f65e0d6b');
INSERT INTO art_ping.office VALUES ('2aef5463-b140-4f5e-8987-03f1b7e00352', 'office20', 'UTC+3', '9f9de325-c406-49e9-a3e9-a6b221e50c64');
INSERT INTO art_ping.office VALUES ('640b28ab-25f0-4fb5-9e1e-cfa32053f440', 'office21', 'UTC+3', '80b96051-9ddf-40c1-a66b-bc41ef9a3e4b');
INSERT INTO art_ping.office VALUES ('5e73f8f8-1849-429c-82fa-6521c84083fb', 'office22', 'UTC+3', 'ea2aee29-940a-4ece-aa24-bf313643c484');
INSERT INTO art_ping.office VALUES ('3e844aa1-2eba-47f5-84c7-667d3c1ff7be', 'office23', 'UTC+3', '2c2404ba-8694-423e-b76e-071baeb79ea3');
INSERT INTO art_ping.office VALUES ('e7fb4a1f-571e-40e5-928b-8b05b2ccd4fd', 'office24', 'UTC+3', '9a0df965-c68c-4347-a5c9-33479cf50268');
INSERT INTO art_ping.office VALUES ('8f6f1e14-76ec-4937-b8e2-279189cf9ddf', 'office25', 'UTC+3', '3db70ed9-e956-49eb-9747-fa360a86340e');
INSERT INTO art_ping.office VALUES ('d4444aa6-4ad7-4869-957d-eee92c6616fd', 'office26', 'UTC+3', '3db70ed9-e956-49eb-9747-fa360a86340e');
INSERT INTO art_ping.office VALUES ('98b5d359-339d-4ee2-a179-d2446e4351cb', 'office27', 'UTC+3', 'ea2aee29-940a-4ece-aa24-bf313643c484');
INSERT INTO art_ping.office VALUES ('0351414f-a5d4-4743-81f0-ea11476b0ba0', 'office28', 'UTC+3', '05df20b9-fc6b-4f23-ba1c-af19e01027f8');
INSERT INTO art_ping.office VALUES ('f6b1a8c0-ff83-4285-b5ba-54392ffef6c8', 'office29', 'UTC+3', '3db70ed9-e956-49eb-9747-fa360a86340e');
INSERT INTO art_ping.office VALUES ('fc950bd7-ba38-4f9c-98eb-bc6b7973bc81', 'office30', 'UTC+3', 'a1a334cc-3816-48c3-a0b9-4d5a7cab59aa');
INSERT INTO art_ping.office VALUES ('29b5b0d6-ee76-4d4a-afb3-37d956bb7453', 'office31', 'UTC+3', '6767edac-df6d-48d8-9619-63168204fed5');
INSERT INTO art_ping.office VALUES ('00b3aeca-7bba-432d-80dc-fb2239d1ce36', 'office32', 'UTC+3', 'c7db0ad7-d973-40a5-a8a0-6308fcf0254e');
INSERT INTO art_ping.office VALUES ('22cbf49a-4b99-4d03-9712-72dc442296ec', 'office33', 'UTC+3', 'aa756158-d942-4831-9f7f-4183ac82f6ee');
INSERT INTO art_ping.office VALUES ('331a3e22-12e3-4eb1-8aef-f4189764c6e0', 'office34', 'UTC+3', '80b96051-9ddf-40c1-a66b-bc41ef9a3e4b');
INSERT INTO art_ping.office VALUES ('c98cbf70-8ea2-4f2f-9309-61e51ed5c356', 'office35', 'UTC+3', '9eed65bb-b911-4f54-922e-a4f28c76e64b');
INSERT INTO art_ping.office VALUES ('b1a7dbcd-c95d-4177-a9a3-a3cd0dcc3c36', 'office36', 'UTC+3', 'f3d2db0c-1d64-473c-b7c3-9857f65e0d6b');
INSERT INTO art_ping.office VALUES ('4a2d1c6e-5209-4c87-b6b2-dc8f9c4bb459', 'office37', 'UTC+3', '371649ca-7dbe-4b17-bb2e-7b32c5c89692');
INSERT INTO art_ping.office VALUES ('a0a16ea4-1c7f-4b72-aa7e-706b935fc12c', 'office38', 'UTC+3', '3db70ed9-e956-49eb-9747-fa360a86340e');
INSERT INTO art_ping.office VALUES ('5ea0b566-b6c7-4108-8623-89f7b9dd82d4', 'office39', 'UTC+3', '2c1aca41-1263-4c14-a164-85ebbe7a2530');
INSERT INTO art_ping.office VALUES ('41c14ae0-3369-4795-9d6c-70dd596c1f23', 'office40', 'UTC+3', '9a0df965-c68c-4347-a5c9-33479cf50268');
INSERT INTO art_ping.office VALUES ('634fbf9e-47b1-4d16-b738-1e4b3a74a95e', 'office41', 'UTC+3', '806ef06a-7883-442e-ba1e-c983de46014a');
INSERT INTO art_ping.office VALUES ('8a3be41c-7306-4b41-a55d-3d432f0741ff', 'office42', 'UTC+3', '59d790cd-59e4-4c12-b6ca-ba6b5e077ff4');
INSERT INTO art_ping.office VALUES ('ef8f30dd-47de-48ad-a35c-20ce146da678', 'office43', 'UTC+3', '405d952a-f1ab-4a0a-8da2-a6d692838c69');
INSERT INTO art_ping.office VALUES ('3f9dd94a-abd6-4dad-a7e9-fe6500eecb44', 'office44', 'UTC+3', '59d790cd-59e4-4c12-b6ca-ba6b5e077ff4');
INSERT INTO art_ping.office VALUES ('c131280e-ecf7-4e3e-81d9-9280ef403388', 'office45', 'UTC+3', '806ef06a-7883-442e-ba1e-c983de46014a');
INSERT INTO art_ping.office VALUES ('da05bc82-9ca9-4be7-8f97-8e6139a62d71', 'office46', 'UTC+3', '421f75d2-5320-476c-aa29-3fef2c5c2fb2');
INSERT INTO art_ping.office VALUES ('9f912b1a-102c-4a37-8859-f76cc5eb98aa', 'office47', 'UTC+3', '6969566a-e5de-4f96-9c23-1ff4f220bf37');
INSERT INTO art_ping.office VALUES ('ccc0bf03-5e58-4ab7-9351-3a6ce0761de1', 'office48', 'UTC+3', '2c1aca41-1263-4c14-a164-85ebbe7a2530');
INSERT INTO art_ping.office VALUES ('4caab82e-7208-470c-938a-1e8ecafe016f', 'office49', 'UTC+3', '5bb9eee9-5d48-490b-a017-7d8effaf7661');
INSERT INTO art_ping.office VALUES ('3379fe62-88e3-42df-8f85-33f436ed7aea', 'office50', 'UTC+3', '98be1f5b-b2aa-417d-af1f-6cbd1069b955');
INSERT INTO art_ping.office VALUES ('0372a207-825e-4ba9-8c6a-0653de21c8f2', 'office51', 'UTC+3', '806ef06a-7883-442e-ba1e-c983de46014a');
INSERT INTO art_ping.office VALUES ('7dcb5349-417c-4cac-b168-f36b87d58e53', 'office52', 'UTC+3', '0d287e9e-6dd6-4473-ad12-9f588e9a95c5');
INSERT INTO art_ping.office VALUES ('d854e11d-6c39-4836-9e32-7be3abcbc809', 'office53', 'UTC+3', '0d287e9e-6dd6-4473-ad12-9f588e9a95c5');
INSERT INTO art_ping.office VALUES ('088534c8-ffdb-438d-9378-ef2053d3e0b5', 'office54', 'UTC+3', '421f75d2-5320-476c-aa29-3fef2c5c2fb2');
INSERT INTO art_ping.office VALUES ('4ee8b11a-97b9-441b-b132-d2c958059db4', 'office55', 'UTC+3', 'eefc2551-5301-4d3e-bdcd-25f249e62ddb');
INSERT INTO art_ping.office VALUES ('74f87505-32d6-48a5-b42b-ff985835fb49', 'office56', 'UTC+3', '98be1f5b-b2aa-417d-af1f-6cbd1069b955');
INSERT INTO art_ping.office VALUES ('822d5d5f-46c1-464c-898d-f6aefe8a4c24', 'office57', 'UTC+3', '9eed65bb-b911-4f54-922e-a4f28c76e64b');
INSERT INTO art_ping.office VALUES ('a43241e4-e3f6-47fd-8f45-86e2a8032e35', 'office58', 'UTC+3', '72b28af2-9171-4999-9ec2-928e2844c1c3');
INSERT INTO art_ping.office VALUES ('33029300-b652-480a-8049-d55b0d352b0c', 'office59', 'UTC+3', '0d287e9e-6dd6-4473-ad12-9f588e9a95c5');
INSERT INTO art_ping.office VALUES ('7415961f-d414-4397-83de-50f8bc1f9c6a', 'office60', 'UTC+3', '4ae33c79-9339-4dfa-8a23-f6e578602cc4');
INSERT INTO art_ping.office VALUES ('41d337e8-5467-408e-8e74-32f7fa980182', 'office61', 'UTC+3', '3135532f-bdb7-49dd-bce9-6ae43a6b0cf1');
INSERT INTO art_ping.office VALUES ('2bb85d6b-22af-4865-bb0d-96d73c70f1dc', 'office62', 'UTC+3', '818a3801-42a0-486a-9313-a275ff820c3a');
INSERT INTO art_ping.office VALUES ('54638d13-38c4-49c1-a6e8-397d18859984', 'office63', 'UTC+3', '2c2404ba-8694-423e-b76e-071baeb79ea3');
INSERT INTO art_ping.office VALUES ('ee568c92-a6da-4907-b706-acc464c1d70a', 'office64', 'UTC+3', 'f5a49773-6ac0-44ee-a1a7-0884bf581a68');
INSERT INTO art_ping.office VALUES ('00746324-f055-45ff-8ae2-b152fee06bb6', 'office65', 'UTC+3', '359b1098-039b-4845-8e60-eb05d970e778');
INSERT INTO art_ping.office VALUES ('52c7a166-d490-4f5e-b87b-709b6d76b6c6', 'office66', 'UTC+3', '2c1aca41-1263-4c14-a164-85ebbe7a2530');
INSERT INTO art_ping.office VALUES ('a3bd09c3-bed4-4f5e-a36a-5a1a850a741e', 'office67', 'UTC+3', '1e556459-8c32-4b8a-b222-3fcd1967615e');
INSERT INTO art_ping.office VALUES ('5c1f838a-07d7-4297-882a-c2bdb554cacd', 'office68', 'UTC+3', '818a3801-42a0-486a-9313-a275ff820c3a');
INSERT INTO art_ping.office VALUES ('d9ff28e8-d089-4e30-aabe-2be12b068f89', 'office69', 'UTC+3', '2c1aca41-1263-4c14-a164-85ebbe7a2530');
INSERT INTO art_ping.office VALUES ('9c200852-ec39-48eb-bc42-73794e39db40', 'office70', 'UTC+3', '3db70ed9-e956-49eb-9747-fa360a86340e');
INSERT INTO art_ping.office VALUES ('c46c9e71-e7fe-45e5-8514-8ea77bf4b8bf', 'office71', 'UTC+3', '9a0df965-c68c-4347-a5c9-33479cf50268');
INSERT INTO art_ping.office VALUES ('9fde188c-8c72-4c86-ba12-1e8309476e8b', 'office72', 'UTC+3', '2d1bcc5c-2962-412f-909b-9c761decd022');
INSERT INTO art_ping.office VALUES ('13589c4d-295f-4d31-9e67-df38071a32c5', 'office73', 'UTC+3', 'd2fde2a9-dff4-4c63-85a8-5a01f3841efd');
INSERT INTO art_ping.office VALUES ('14f270e2-966c-490a-a4eb-18796883a0b1', 'office74', 'UTC+3', 'ea2aee29-940a-4ece-aa24-bf313643c484');
INSERT INTO art_ping.office VALUES ('3812b36f-7ae8-4083-9bf2-3ef209de2ac8', 'office75', 'UTC+3', 'd2fde2a9-dff4-4c63-85a8-5a01f3841efd');
INSERT INTO art_ping.office VALUES ('15225f1f-286b-46c1-9911-79f7fbd0ddc9', 'office76', 'UTC+3', '05df20b9-fc6b-4f23-ba1c-af19e01027f8');
INSERT INTO art_ping.office VALUES ('8fc45742-c357-4562-934d-3b573f0874a9', 'office77', 'UTC+3', 'f3d2db0c-1d64-473c-b7c3-9857f65e0d6b');
INSERT INTO art_ping.office VALUES ('dd4609d9-00ff-488d-84ff-f74cbbb33286', 'office78', 'UTC+3', '2b982fe7-abbb-4373-ad5d-ed2abbc38242');
INSERT INTO art_ping.office VALUES ('d67329a3-5c66-4a77-89ef-d17878a5d5a1', 'office79', 'UTC+3', 'd2fde2a9-dff4-4c63-85a8-5a01f3841efd');
INSERT INTO art_ping.office VALUES ('ba5e2f8c-8f76-4510-b637-fd4ba8b04df9', 'office80', 'UTC+3', '371649ca-7dbe-4b17-bb2e-7b32c5c89692');
INSERT INTO art_ping.office VALUES ('a98c1aad-4584-4ba5-a9a2-43b8b43aaf09', 'office81', 'UTC+3', 'aa756158-d942-4831-9f7f-4183ac82f6ee');
INSERT INTO art_ping.office VALUES ('bd908510-8efc-404e-869f-e92c70b65e54', 'office82', 'UTC+3', 'd2fde2a9-dff4-4c63-85a8-5a01f3841efd');
INSERT INTO art_ping.office VALUES ('80d5f265-a957-42e2-ba29-1f77379256a0', 'office83', 'UTC+3', '05df20b9-fc6b-4f23-ba1c-af19e01027f8');
INSERT INTO art_ping.office VALUES ('7f47bb0e-9827-4d5f-a96a-ca146804732f', 'office84', 'UTC+3', '3db70ed9-e956-49eb-9747-fa360a86340e');
INSERT INTO art_ping.office VALUES ('93a18e0b-5625-4745-98da-535197987879', 'office85', 'UTC+3', '9f9de325-c406-49e9-a3e9-a6b221e50c64');
INSERT INTO art_ping.office VALUES ('ff0818a0-fce3-4187-9b22-9c2c4b58955d', 'office86', 'UTC+3', 'eefc2551-5301-4d3e-bdcd-25f249e62ddb');
INSERT INTO art_ping.office VALUES ('ed1ce9bd-b668-4763-a893-9acbe0960766', 'office87', 'UTC+3', '65ee8bf0-7ad2-4273-9bf1-cdcf9e2aade3');
INSERT INTO art_ping.office VALUES ('22ae4c1e-b691-4c4f-9695-55dd65b1ea83', 'office88', 'UTC+3', 'f3d2db0c-1d64-473c-b7c3-9857f65e0d6b');
INSERT INTO art_ping.office VALUES ('206d860c-74b0-49dc-af0b-c8f5c4a96e1b', 'office89', 'UTC+3', '113114b3-ea3a-4d9d-a3ff-be4c2706e40b');
INSERT INTO art_ping.office VALUES ('20276ea8-536a-45a2-99a5-fb044be5a1fd', 'office90', 'UTC+3', '6767edac-df6d-48d8-9619-63168204fed5');
INSERT INTO art_ping.office VALUES ('9cd1819f-16f8-4f79-b6f4-2773c728aab8', 'office91', 'UTC+3', '59d790cd-59e4-4c12-b6ca-ba6b5e077ff4');
INSERT INTO art_ping.office VALUES ('b4d54c67-59ae-44b7-938c-43b0de09d689', 'office92', 'UTC+3', '59d790cd-59e4-4c12-b6ca-ba6b5e077ff4');
INSERT INTO art_ping.office VALUES ('4846fab2-b454-4601-ab7e-6e0f47bf54e9', 'office93', 'UTC+3', 'a96491c5-2ce0-457e-a326-8aa8f88ecc7e');
INSERT INTO art_ping.office VALUES ('61c272bc-62eb-4ffc-92e9-710195e7d077', 'office94', 'UTC+3', '72b28af2-9171-4999-9ec2-928e2844c1c3');
INSERT INTO art_ping.office VALUES ('ccd23eb3-859c-48f6-8072-a991c061fd77', 'office95', 'UTC+3', '9a0df965-c68c-4347-a5c9-33479cf50268');
INSERT INTO art_ping.office VALUES ('1fc81eb6-553b-4b46-9b34-73c4164a479e', 'office96', 'UTC+3', '80b96051-9ddf-40c1-a66b-bc41ef9a3e4b');
INSERT INTO art_ping.office VALUES ('ac736b1b-13bc-4dbe-9272-2c34cbffa591', 'office97', 'UTC+3', 'd2fde2a9-dff4-4c63-85a8-5a01f3841efd');
INSERT INTO art_ping.office VALUES ('3e81ac3c-5bb2-48b4-aaec-c3df2174fc73', 'office98', 'UTC+3', 'fb333015-9403-4a3d-bf4b-bc8d771ac188');
INSERT INTO art_ping.office VALUES ('30706424-bea2-4bb9-9c2e-3f1999db32e8', 'office99', 'UTC+3', '05df20b9-fc6b-4f23-ba1c-af19e01027f8');
INSERT INTO art_ping.office VALUES ('f2d9d6ce-a6a4-4fac-abfd-f444509822e9', 'office100', 'UTC+3', '68b5b71d-4837-4456-9fbc-9e6a1aa8fad7');
INSERT INTO art_ping.office VALUES ('dd741f7d-6731-41cc-bdd0-7913af3b578f', 'office101', 'UTC+3', 'eefc2551-5301-4d3e-bdcd-25f249e62ddb');
INSERT INTO art_ping.office VALUES ('aa55280f-51c6-4142-8673-79476164b5a7', 'office102', 'UTC+3', '371649ca-7dbe-4b17-bb2e-7b32c5c89692');
INSERT INTO art_ping.office VALUES ('54e0e080-3d4f-4b0e-8b9d-f4d42bb0338d', 'office103', 'UTC+3', 'fb333015-9403-4a3d-bf4b-bc8d771ac188');
INSERT INTO art_ping.office VALUES ('b4d174e7-cff6-46ae-b602-6451385afe1c', 'office104', 'UTC+3', '65ee8bf0-7ad2-4273-9bf1-cdcf9e2aade3');
INSERT INTO art_ping.office VALUES ('707f575d-e3ca-4d5c-96e7-c4f11d52ad25', 'office105', 'UTC+3', '5bb9eee9-5d48-490b-a017-7d8effaf7661');
INSERT INTO art_ping.office VALUES ('dfedc483-7f6f-476a-97f8-75808a89d2f8', 'office106', 'UTC+3', '4ae33c79-9339-4dfa-8a23-f6e578602cc4');
INSERT INTO art_ping.office VALUES ('ff1b135a-2ba4-41ea-ae5a-9ceee3aa680c', 'office107', 'UTC+3', 'c7db0ad7-d973-40a5-a8a0-6308fcf0254e');
INSERT INTO art_ping.office VALUES ('745de275-bbda-4602-a304-c2111b6e3700', 'office108', 'UTC+3', '2b982fe7-abbb-4373-ad5d-ed2abbc38242');
INSERT INTO art_ping.office VALUES ('1c0669b9-55ad-485b-9e11-7472286172ad', 'office109', 'UTC+3', 'd2fde2a9-dff4-4c63-85a8-5a01f3841efd');
INSERT INTO art_ping.office VALUES ('1dad3fce-bb86-44ff-834e-618120850d2a', 'office110', 'UTC+3', 'b8aa9779-678e-4bab-b4a1-ecf0030b5fe6');
INSERT INTO art_ping.office VALUES ('5b97f89c-d581-409a-9319-b8137fec100b', 'office111', 'UTC+3', '6969566a-e5de-4f96-9c23-1ff4f220bf37');
INSERT INTO art_ping.office VALUES ('51676bfc-910a-46f7-b718-6481818500cd', 'office112', 'UTC+3', '99a0174f-2e1d-479b-9f3b-4cf7ff201016');
INSERT INTO art_ping.office VALUES ('1ed61e35-a51c-4d02-aca2-38adc0f5ccae', 'office113', 'UTC+3', 'e7a61c37-0c01-43b4-9e73-340279bc9551');
INSERT INTO art_ping.office VALUES ('44869435-e3a8-43c3-88ec-676b3602fe98', 'office114', 'UTC+3', '4ac89aef-8db7-45fa-a885-8b2769e97674');
INSERT INTO art_ping.office VALUES ('a05b4a13-143d-42e2-b67e-a7badc0a28b4', 'office115', 'UTC+3', '2d1bcc5c-2962-412f-909b-9c761decd022');
INSERT INTO art_ping.office VALUES ('b76a7d0d-9b48-4abc-b4a5-87813925b233', 'office116', 'UTC+3', '5bb9eee9-5d48-490b-a017-7d8effaf7661');
INSERT INTO art_ping.office VALUES ('d2c24b6d-3927-4311-a179-5e1f3168424e', 'office117', 'UTC+3', '9f9de325-c406-49e9-a3e9-a6b221e50c64');
INSERT INTO art_ping.office VALUES ('a46489f7-ed02-41bc-9df0-bb4a53db0cdb', 'office118', 'UTC+3', '359b1098-039b-4845-8e60-eb05d970e778');
INSERT INTO art_ping.office VALUES ('89cfa69e-b778-400b-803b-09c8394544e6', 'office119', 'UTC+3', '68b5b71d-4837-4456-9fbc-9e6a1aa8fad7');
INSERT INTO art_ping.office VALUES ('758d9213-f6e1-4b64-9b9d-096007422e6e', 'office120', 'UTC+3', 'b8aa9779-678e-4bab-b4a1-ecf0030b5fe6');
INSERT INTO art_ping.office VALUES ('d449a2e1-3a0c-493e-8b31-648769f7096c', 'office121', 'UTC+3', '65ee8bf0-7ad2-4273-9bf1-cdcf9e2aade3');
INSERT INTO art_ping.office VALUES ('8e970f19-0559-44fe-9f9c-9ef9b5882f56', 'office122', 'UTC+3', '4ae33c79-9339-4dfa-8a23-f6e578602cc4');
INSERT INTO art_ping.office VALUES ('6d7a45c3-e980-4081-b732-d812adb0539f', 'office123', 'UTC+3', '2c2404ba-8694-423e-b76e-071baeb79ea3');
INSERT INTO art_ping.office VALUES ('7437c248-dedc-4147-9056-6ce288a78bef', 'office124', 'UTC+3', '65ee8bf0-7ad2-4273-9bf1-cdcf9e2aade3');
INSERT INTO art_ping.office VALUES ('f61db947-06e5-4f2d-a7cc-bb4b5ab7c6d5', 'office125', 'UTC+3', '05df20b9-fc6b-4f23-ba1c-af19e01027f8');
INSERT INTO art_ping.office VALUES ('1ffe8c3b-de24-45c8-9b76-bed4a7a469c6', 'office126', 'UTC+3', '1d93117a-7c37-4bb4-9482-c9c0f0347541');
INSERT INTO art_ping.office VALUES ('f343dca8-8c29-4bac-bb05-2f5129929c8d', 'office127', 'UTC+3', '2c1aca41-1263-4c14-a164-85ebbe7a2530');
INSERT INTO art_ping.office VALUES ('11787bea-7622-49a8-ac5d-b594d68a5c0d', 'office128', 'UTC+3', '57097e39-04a1-497c-aa12-d266685b7c85');
INSERT INTO art_ping.office VALUES ('80cf3293-a6b7-4a31-b431-2b38ab306948', 'office129', 'UTC+3', '3db70ed9-e956-49eb-9747-fa360a86340e');
INSERT INTO art_ping.office VALUES ('b106c772-d860-4491-8206-afc34e8cba54', 'office130', 'UTC+3', 'aa756158-d942-4831-9f7f-4183ac82f6ee');
INSERT INTO art_ping.office VALUES ('91387fd7-22a6-4699-bca8-6dd8d1fb1f4f', 'office131', 'UTC+3', 'ea2aee29-940a-4ece-aa24-bf313643c484');
INSERT INTO art_ping.office VALUES ('8bacce93-29dd-4309-ac7f-798c0b78f3eb', 'office132', 'UTC+3', '1e556459-8c32-4b8a-b222-3fcd1967615e');
INSERT INTO art_ping.office VALUES ('80e7a2c3-f0bb-4c82-9794-19d5ecf5bfbe', 'office133', 'UTC+3', '3db70ed9-e956-49eb-9747-fa360a86340e');
INSERT INTO art_ping.office VALUES ('e8c8fcb7-16df-4938-8359-aecd0b12d902', 'office134', 'UTC+3', '3135532f-bdb7-49dd-bce9-6ae43a6b0cf1');
INSERT INTO art_ping.office VALUES ('c4ea25dc-7958-46c5-976d-1a28a8fc2ddf', 'office135', 'UTC+3', '4ac89aef-8db7-45fa-a885-8b2769e97674');
INSERT INTO art_ping.office VALUES ('ca753e53-0e81-412e-b48a-6baaaed281a3', 'office136', 'UTC+3', '6767edac-df6d-48d8-9619-63168204fed5');
INSERT INTO art_ping.office VALUES ('b38d4e52-2a1d-4c94-b6b8-4833bb4859f3', 'office137', 'UTC+3', '421f75d2-5320-476c-aa29-3fef2c5c2fb2');
INSERT INTO art_ping.office VALUES ('85a49e12-f017-4914-bd4c-efd66eeb4490', 'office138', 'UTC+3', 'ea2aee29-940a-4ece-aa24-bf313643c484');
INSERT INTO art_ping.office VALUES ('f1b3b335-12e1-406d-98f2-d4a20b311e2f', 'office139', 'UTC+3', '1e556459-8c32-4b8a-b222-3fcd1967615e');
INSERT INTO art_ping.office VALUES ('e544f9f3-3577-4299-9a8e-41e6584f846f', 'office140', 'UTC+3', '2d1bcc5c-2962-412f-909b-9c761decd022');
INSERT INTO art_ping.office VALUES ('c811ed32-9c4e-4f40-9bbc-64b72c39ac92', 'office141', 'UTC+3', 'a96491c5-2ce0-457e-a326-8aa8f88ecc7e');
INSERT INTO art_ping.office VALUES ('e4d3150f-2d88-4c82-9e10-3bd7520d6a29', 'office142', 'UTC+3', '1e556459-8c32-4b8a-b222-3fcd1967615e');
INSERT INTO art_ping.office VALUES ('9614a853-59a4-42a9-9c8d-6938877f7cf8', 'office143', 'UTC+3', '3db70ed9-e956-49eb-9747-fa360a86340e');
INSERT INTO art_ping.office VALUES ('d3adb28e-431f-441b-84c9-187fc394deed', 'office144', 'UTC+3', '3db70ed9-e956-49eb-9747-fa360a86340e');
INSERT INTO art_ping.office VALUES ('35ba182b-345b-42d0-97b6-c11206c9dc46', 'office145', 'UTC+3', '421f75d2-5320-476c-aa29-3fef2c5c2fb2');
INSERT INTO art_ping.office VALUES ('8942dce9-aa40-482e-9977-0a96c6260b8c', 'office146', 'UTC+3', '57097e39-04a1-497c-aa12-d266685b7c85');
INSERT INTO art_ping.office VALUES ('6b8bdadd-b9f1-47d0-8dd1-624d9a962b90', 'office147', 'UTC+3', '371649ca-7dbe-4b17-bb2e-7b32c5c89692');
INSERT INTO art_ping.office VALUES ('2091731c-66c6-4505-ae0b-83efbbd8f3d5', 'office148', 'UTC+3', '1e556459-8c32-4b8a-b222-3fcd1967615e');
INSERT INTO art_ping.office VALUES ('941ff3fa-c2b3-4dc3-ac74-75801545f01c', 'office149', 'UTC+3', '2c2404ba-8694-423e-b76e-071baeb79ea3');
INSERT INTO art_ping.office VALUES ('9a98e220-a00b-431a-8809-e1af79f51607', 'office150', 'UTC+3', 'd2fde2a9-dff4-4c63-85a8-5a01f3841efd');
INSERT INTO art_ping.office VALUES ('a34b8c88-d6df-4405-94f9-f63edbf2ba04', 'office151', 'UTC+3', '0d287e9e-6dd6-4473-ad12-9f588e9a95c5');
INSERT INTO art_ping.office VALUES ('bc02c21c-bdf8-4afd-bd38-bfd31f71c1f0', 'office152', 'UTC+3', '405d952a-f1ab-4a0a-8da2-a6d692838c69');
INSERT INTO art_ping.office VALUES ('36974f1d-16d4-4df7-b696-d2ed58136495', 'office153', 'UTC+3', 'a79ab46d-0e03-43d8-ab08-fb8e63f4cfa4');
INSERT INTO art_ping.office VALUES ('175f4cb1-8fc2-472c-b025-cc73445e0967', 'office154', 'UTC+3', '59d790cd-59e4-4c12-b6ca-ba6b5e077ff4');
INSERT INTO art_ping.office VALUES ('b811d0c5-b417-4167-841e-ba0b408d6147', 'office155', 'UTC+3', '1e556459-8c32-4b8a-b222-3fcd1967615e');
INSERT INTO art_ping.office VALUES ('88132bf8-7737-462c-9a0a-284bafa6420b', 'office156', 'UTC+3', '9f9de325-c406-49e9-a3e9-a6b221e50c64');
INSERT INTO art_ping.office VALUES ('ae6e918f-2ef0-43dd-a2a1-f1c35524dbac', 'office157', 'UTC+3', '98be1f5b-b2aa-417d-af1f-6cbd1069b955');
INSERT INTO art_ping.office VALUES ('4a4741c0-e409-4f61-8c9c-0008b71134a7', 'office158', 'UTC+3', 'c4081bc8-eeb0-4e36-a78c-0734328a46fe');
INSERT INTO art_ping.office VALUES ('3fcc2bb2-2200-492f-90b0-d74cb939edd6', 'office159', 'UTC+3', '9f9de325-c406-49e9-a3e9-a6b221e50c64');
INSERT INTO art_ping.office VALUES ('5c6c097f-c65b-4679-ae36-332cd7c804ff', 'office160', 'UTC+3', 'aa756158-d942-4831-9f7f-4183ac82f6ee');
INSERT INTO art_ping.office VALUES ('2f69bca7-888e-4f4f-913b-f6d6aa4abe7a', 'office161', 'UTC+3', '68b5b71d-4837-4456-9fbc-9e6a1aa8fad7');
INSERT INTO art_ping.office VALUES ('3d90f456-6445-4b6a-ab12-375f2fde00ae', 'office162', 'UTC+3', '7f017de4-61d1-4936-acb3-2c7e255099d5');
INSERT INTO art_ping.office VALUES ('2bb6897e-6efb-4ea8-a567-9f6cf7ab68af', 'office163', 'UTC+3', '359b1098-039b-4845-8e60-eb05d970e778');
INSERT INTO art_ping.office VALUES ('9fd7ee94-c286-4e1c-8db4-cfdf6ce19592', 'office164', 'UTC+3', '7f017de4-61d1-4936-acb3-2c7e255099d5');
INSERT INTO art_ping.office VALUES ('8920ba0b-b7cd-41a2-b238-7e1755c151e5', 'office165', 'UTC+3', '2c1aca41-1263-4c14-a164-85ebbe7a2530');
INSERT INTO art_ping.office VALUES ('eb4ee13b-f64f-41a9-96c0-d24923da0328', 'office166', 'UTC+3', 'ea2aee29-940a-4ece-aa24-bf313643c484');
INSERT INTO art_ping.office VALUES ('99a8fddf-48f2-4fec-9cfe-172182dac020', 'office167', 'UTC+3', '80b96051-9ddf-40c1-a66b-bc41ef9a3e4b');
INSERT INTO art_ping.office VALUES ('e5d5c0b2-d587-46fa-914d-f016444196f8', 'office168', 'UTC+3', 'b8aa9779-678e-4bab-b4a1-ecf0030b5fe6');
INSERT INTO art_ping.office VALUES ('8736d9c1-acd4-4f5c-896f-3d0494a3255c', 'office169', 'UTC+3', 'c4081bc8-eeb0-4e36-a78c-0734328a46fe');
INSERT INTO art_ping.office VALUES ('a1ba953f-1123-4b58-a553-796984da20cf', 'office170', 'UTC+3', '59d790cd-59e4-4c12-b6ca-ba6b5e077ff4');
INSERT INTO art_ping.office VALUES ('26d7469b-6db2-45b8-8a52-679975dde9e1', 'office171', 'UTC+3', '371649ca-7dbe-4b17-bb2e-7b32c5c89692');
INSERT INTO art_ping.office VALUES ('b2de8958-425c-47ea-bd2a-2721e542e607', 'office172', 'UTC+3', '59d790cd-59e4-4c12-b6ca-ba6b5e077ff4');
INSERT INTO art_ping.office VALUES ('c93f7563-2f7b-4c71-b42d-bfc6d795fe32', 'office173', 'UTC+3', 'd2fde2a9-dff4-4c63-85a8-5a01f3841efd');
INSERT INTO art_ping.office VALUES ('fd90cf0f-e97f-455b-afc8-cb0737754fa9', 'office174', 'UTC+3', '3db70ed9-e956-49eb-9747-fa360a86340e');
INSERT INTO art_ping.office VALUES ('9a723eaa-7473-483d-998e-bd1677691fce', 'office175', 'UTC+3', '405d952a-f1ab-4a0a-8da2-a6d692838c69');
INSERT INTO art_ping.office VALUES ('2a9470a4-4641-42d3-84f8-432a981a3133', 'office176', 'UTC+3', 'aa756158-d942-4831-9f7f-4183ac82f6ee');
INSERT INTO art_ping.office VALUES ('0611c87a-218d-4bad-8359-70870ccb21e3', 'office177', 'UTC+3', 'eefc2551-5301-4d3e-bdcd-25f249e62ddb');
INSERT INTO art_ping.office VALUES ('4c397515-224d-43ea-92c5-95fbe20faf8a', 'office178', 'UTC+3', '806ef06a-7883-442e-ba1e-c983de46014a');
INSERT INTO art_ping.office VALUES ('3deb78a6-d069-4ce2-bf10-72c8a54e027f', 'office179', 'UTC+3', '421f75d2-5320-476c-aa29-3fef2c5c2fb2');
INSERT INTO art_ping.office VALUES ('d57b9be8-86f0-43a8-96fd-b41a2786c0af', 'office180', 'UTC+3', 'e7a61c37-0c01-43b4-9e73-340279bc9551');
INSERT INTO art_ping.office VALUES ('fe7603b6-b728-45f9-b58a-17763947052b', 'office181', 'UTC+3', '2c2404ba-8694-423e-b76e-071baeb79ea3');
INSERT INTO art_ping.office VALUES ('f4d71312-d8e1-4ee0-b15a-4549da956833', 'office182', 'UTC+3', '2b982fe7-abbb-4373-ad5d-ed2abbc38242');
INSERT INTO art_ping.office VALUES ('b09ed831-4fa1-442c-955d-e2650018f592', 'office183', 'UTC+3', '9eed65bb-b911-4f54-922e-a4f28c76e64b');
INSERT INTO art_ping.office VALUES ('1d430680-a5bb-44e0-89bf-52bcfd575da5', 'office184', 'UTC+3', '359b1098-039b-4845-8e60-eb05d970e778');
INSERT INTO art_ping.office VALUES ('289e1f74-3d8b-4292-a9f1-359e7242cdbf', 'office185', 'UTC+3', 'f5a49773-6ac0-44ee-a1a7-0884bf581a68');
INSERT INTO art_ping.office VALUES ('8d9427af-1f06-4474-8078-41aff99ced84', 'office186', 'UTC+3', '6767edac-df6d-48d8-9619-63168204fed5');
INSERT INTO art_ping.office VALUES ('9ea57043-fddb-4a55-9ca3-1a3f656d8fa8', 'office187', 'UTC+3', 'f3d2db0c-1d64-473c-b7c3-9857f65e0d6b');
INSERT INTO art_ping.office VALUES ('589ef01d-e110-4bcc-a875-df56c91bf110', 'office188', 'UTC+3', '2c2404ba-8694-423e-b76e-071baeb79ea3');
INSERT INTO art_ping.office VALUES ('6116abc2-c035-4637-b92a-33d0c64c65f3', 'office189', 'UTC+3', '2d1bcc5c-2962-412f-909b-9c761decd022');
INSERT INTO art_ping.office VALUES ('9e33e232-86d8-4527-b39a-2283d604603e', 'office190', 'UTC+3', '68b5b71d-4837-4456-9fbc-9e6a1aa8fad7');
INSERT INTO art_ping.office VALUES ('9331df05-68dd-4093-ad87-cd26970f05a0', 'office191', 'UTC+3', '1e556459-8c32-4b8a-b222-3fcd1967615e');
INSERT INTO art_ping.office VALUES ('03d218d3-8ff2-4e6d-84fd-fd2480c3ced6', 'office192', 'UTC+3', '65ee8bf0-7ad2-4273-9bf1-cdcf9e2aade3');
INSERT INTO art_ping.office VALUES ('ff7236fe-23d4-4ae3-beb8-31d905fbf27b', 'office193', 'UTC+3', 'a1a334cc-3816-48c3-a0b9-4d5a7cab59aa');
INSERT INTO art_ping.office VALUES ('65a15da0-be9f-42e1-83b8-99076caafc56', 'office194', 'UTC+3', '2c1aca41-1263-4c14-a164-85ebbe7a2530');
INSERT INTO art_ping.office VALUES ('3075ea16-02ea-4629-9891-23274eff1950', 'office195', 'UTC+3', '4ac89aef-8db7-45fa-a885-8b2769e97674');
INSERT INTO art_ping.office VALUES ('79ac3894-6a92-4654-a5e1-486329a92220', 'office196', 'UTC+3', '6767edac-df6d-48d8-9619-63168204fed5');
INSERT INTO art_ping.office VALUES ('e22cb435-330e-4b6c-84fe-71baf198761e', 'office197', 'UTC+3', 'c7db0ad7-d973-40a5-a8a0-6308fcf0254e');
INSERT INTO art_ping.office VALUES ('8f656b47-25fd-4c3c-815e-d1c05d1874cf', 'office198', 'UTC+3', '113114b3-ea3a-4d9d-a3ff-be4c2706e40b');
INSERT INTO art_ping.office VALUES ('128c1db3-ee73-458a-8cf1-48f84c105238', 'office199', 'UTC+3', '57097e39-04a1-497c-aa12-d266685b7c85');
INSERT INTO art_ping.user VALUES ('e84533c0-0fb0-4d78-8946-9f0212fde368', 'testUser0', '$2a$10$8i727eEVEmaHNR8589CFFOZZ34o0DME7z21FpHnm7/fNwqUIQ9Qkq', true, null);
INSERT INTO art_ping.user VALUES ('d3496746-59fc-4aee-9241-643535542a27', 'testUser1', '$2a$10$pnFLnC4jWKGYIw.OrZIBe.IMr8L7hxfZaRh6z4c842ARwmGDWnu0m', true, null);
INSERT INTO art_ping.user VALUES ('c525cbe4-2fcb-4cd5-916b-63d6ee7b7dd6', 'testUser2', '$2a$10$4yotEGyZpax60z06xZKhjuZ6vFbMQY0BGz2rMAuIbtxIvkJHbjJ5i', true, null);
INSERT INTO art_ping.user VALUES ('01f15f20-fc08-485d-b5ec-d142fd9e72cb', 'testUser3', '$2a$10$D2FYkJ/mSK1niN0ZO00xD./q8h.fkrJ8XeN8izeVfTgo5TNGbF2ii', true, null);
INSERT INTO art_ping.user VALUES ('9f18add5-c8a0-49aa-b041-77713f409440', 'testUser4', '$2a$10$4463AT6bQ4SeYaeZyvFog.8I830Jjy.x2ce.SgTCvG7f90iqIecDK', true, null);
INSERT INTO art_ping.user VALUES ('992060a3-ecbf-4b66-a1d9-accb5cc47c8b', 'testUser5', '$2a$10$rTJuyJtQdC8qmrpdk5RVaOZMzpziFLKtzSoJ4aP/b6CjXmlJzdjz2', true, null);
INSERT INTO art_ping.user VALUES ('cc378833-baf8-412b-bc98-a70bf00f093b', 'testUser6', '$2a$10$Ki0u0hM2CyPw0TAooBzpeOQNiioYS8qpyPhoD0KcPbhsrW2s.A6ga', true, null);
INSERT INTO art_ping.user VALUES ('f8bcac55-d462-44c9-8660-cc4526242070', 'testUser7', '$2a$10$EoBR6rGBGT6x5RAh3nTHlOdwQ8xzdg1o6Px1y8iJb9OK6UKLZpHYa', true, null);
INSERT INTO art_ping.user VALUES ('802c6633-2fbd-420c-bade-e14dd611ff06', 'testUser8', '$2a$10$XodwxtTKGfjL3pExKpsBRus1Izjk6gcX/AKEMhhgR7Xk9gaKYRUiu', true, null);
INSERT INTO art_ping.user VALUES ('1897b9ea-b3b6-4cf9-937e-bcb74a98372c', 'testUser9', '$2a$10$VmwoeSnOC6N3U0Meq.u8iea4UTLOUl419JBFGMmKziTh0DdlJGBAW', true, null);
INSERT INTO art_ping.user VALUES ('de9b57f6-0cf0-4dbb-bb77-8046322c47b4', 'testUser10', '$2a$10$s3XkXjMGfPAKrlZvRkpo8uzlT2Yfi0SYoNjd.JRLXQGyIz5RbaXqG', true, null);
INSERT INTO art_ping.user VALUES ('9908d0c4-49a7-401c-8a9b-31c1e6d2bb5a', 'testUser11', '$2a$10$fRR9oozL5WqMyn0KUyh3qupu5X2lm/ScPBRnEFi8IOyjn5GSp6NM2', true, null);
INSERT INTO art_ping.user VALUES ('84e0fcc6-0e4e-40c1-977b-f05ae17cf97f', 'testUser12', '$2a$10$1nGBmQgBs41jVwO.CFJKreeZjrSL4GtKSQfPcNSZGdobVuXqBUOeu', true, null);
INSERT INTO art_ping.user VALUES ('0ae34b7c-d96e-47d6-a10f-94fcb6eb5204', 'testUser13', '$2a$10$1T0aSFwTotFA.vceo9IP9eNLMbE3VqPAj/UPZLkQQmz/qnYudJMtu', true, null);
INSERT INTO art_ping.user VALUES ('08029bb6-20ab-4b01-9e11-8635d3eac732', 'testUser14', '$2a$10$ZtPbidP5vjKawPWS2O1yh.XGDPWgzRTOOuc3GLf7K1Ag9exUJpVSm', true, null);
INSERT INTO art_ping.user VALUES ('a82778cd-0a0e-4d8f-affa-7c05f9c38057', 'testUser15', '$2a$10$M0xrGcFxLX2ZIpEcPHQ.nurKFPOU.IrRlvZHm1HCMSX3swa3fjlmW', true, null);
INSERT INTO art_ping.user VALUES ('b4dc3913-9cdd-46fa-a3f3-4b86a8cbc2c6', 'testUser16', '$2a$10$uy/yIGZ7FmddSM8SPYUXj.Z3tIyYJ5rQGthg674ju0kr/Ygm/aixS', true, null);
INSERT INTO art_ping.user VALUES ('a2aeb035-1991-481f-8e94-be2bb28166e1', 'testUser17', '$2a$10$qNlt8TN1u6bVdz/ta5uSHOaNbk7v1XWdTH16DiZbJxIC9UKNoc6Pa', true, null);
INSERT INTO art_ping.user VALUES ('7f8b5181-6e29-47b9-a5ac-701f812001ee', 'testUser18', '$2a$10$H6eLhxr7xtDmGXigh8Lq5OxMWaDAN26d7wcRVwrCY7pJVE8sj4wNq', true, null);
INSERT INTO art_ping.user VALUES ('14a5e357-f8af-4902-a474-65a315e13f5d', 'testUser19', '$2a$10$eA.5WLmcNa/djw1VMICDzelqLO3yEpxR04AButzLob5gchHNLzOCW', true, null);
INSERT INTO art_ping.user VALUES ('ed4c3935-b216-46c0-91ad-d38d79c029fa', 'testUser20', '$2a$10$0ycPP5cJ7pB/FfujQ8t2MurPDw36R1OCHNavrJ1tR9BeyBQcvkOS.', true, null);
INSERT INTO art_ping.user VALUES ('fad6c216-a318-4b90-9c7e-4456b6074321', 'testUser21', '$2a$10$mGgGaOH6Hi/YrQlOCZnROumXq4uyRk9fu7rcyKyxkrPdBRg1T.JsG', true, null);
INSERT INTO art_ping.user VALUES ('fccb534c-7a5d-4969-b24f-388337acad05', 'testUser22', '$2a$10$IkFLlG/87ig2dlNimOw0Nu2m/Olx/7Wm44557mN3ityilG6OsU8Uu', true, null);
INSERT INTO art_ping.user VALUES ('56bebf72-4a97-4f0c-8b63-6c47a7d574ba', 'testUser23', '$2a$10$qgBkZ8AIrM3twN9MuAwSJOvewquZNDPFya9AkO.Yz1Hk823TVnPwm', true, null);
INSERT INTO art_ping.user VALUES ('91eb1142-13b9-4ea6-b6d1-b937b641d065', 'testUser24', '$2a$10$Bxjpx6Vu813wNjRcjeXNAecOGONsTzlrUyIUpZRQ2M07VYlW2lFLW', true, null);
INSERT INTO art_ping.user VALUES ('6404e433-e306-45ae-96e0-5f64c5946f80', 'testUser25', '$2a$10$29rRO8vYIqlec3SY4dA6b.X5ZlLfg2Yfsn/jpMU.a2U92/rRCUJqG', true, null);
INSERT INTO art_ping.user VALUES ('a69dcdbc-face-40da-bd20-8d8ea78a3325', 'testUser26', '$2a$10$6qD5c9NsMgkE1sNgtwPTT.PGmgyETfj5wth9vWu7j8r5PUFXw9rQO', true, null);
INSERT INTO art_ping.user VALUES ('85061813-d470-4a99-a779-f66bdd3aa755', 'testUser27', '$2a$10$MKKXYMHeVTzpUl6jaxGc3ONIuVlmAW6aTv74pKRDCbCgsFTDQRIFq', true, null);
INSERT INTO art_ping.user VALUES ('43d11f10-98f0-401f-b01e-932a2fdb9d0c', 'testUser28', '$2a$10$JMIeII2Ao7MVSdFFaf9DQuOM8Ub9//c.JYo.MDgj9QLgiGM54/N/6', true, null);
INSERT INTO art_ping.user VALUES ('3e183eed-288e-4806-9495-1390c140d097', 'testUser29', '$2a$10$hKyEK/eblg.uRmgc5eJb4OEpvPAy37IOSZp3fILuy61R1Pf87Z77S', true, null);
INSERT INTO art_ping.user VALUES ('ba114f17-6117-4ad2-81f0-4bada3c8e462', 'testUser30', '$2a$10$eeb09Vb1D9x0/mDKdetpn.Ua9KJLmCJn81ulcLsODBZpOxNQUgJ4C', true, null);
INSERT INTO art_ping.user VALUES ('e5d91736-67ad-48c8-80a6-2f5a656329ab', 'testUser31', '$2a$10$.SEe.WAyJphQNTGS0rAIBeql3hooyEOySCGviXnWI3jMCZ45yAvx.', true, null);
INSERT INTO art_ping.user VALUES ('14c42320-dd85-40b1-877a-ce127d93a9e9', 'testUser32', '$2a$10$7h01fqbNXdKHmVNaik7SnuvemCAf122d12B5bFfA3zOsvd236v9g.', true, null);
INSERT INTO art_ping.user VALUES ('b89f4861-9914-43a2-9e8e-879e0ceca250', 'testUser33', '$2a$10$s7E7KgvvpRkAaxbNYcFpC.36PA6vwZD5e6ZkvEOD802LUnLS4Ccbi', true, null);
INSERT INTO art_ping.user VALUES ('706d07d0-608c-4924-aac1-a4079302c846', 'testUser34', '$2a$10$FKPmbmAR1Cd/mAjLecduZOwZuOXj9se1sDK02t2aFjJmOm7RPi1re', true, null);
INSERT INTO art_ping.user VALUES ('3a8b101f-5c1f-4b24-9d41-6536f3071cf9', 'testUser35', '$2a$10$YyRJ6guCAw.ey3wFyNSZ3OhYV65aCMM5qo7P6ZpRGNV4zvuaqL/Wi', true, null);
INSERT INTO art_ping.user VALUES ('76c1ff26-89b8-449e-867e-a86ac4b70dc3', 'testUser36', '$2a$10$Oo.CKKccFd.3G6SLeS0lz.tV8Q6Gy376MY961zMlAuKM/J0yK7rty', true, null);
INSERT INTO art_ping.user VALUES ('fe83555a-16e6-432a-8682-8c215ea645dd', 'testUser37', '$2a$10$ytObEmZFryFYrx0tmsXOOONv4q5yWvRTKAVbkQN8aOErbOu42sf92', true, null);
INSERT INTO art_ping.user VALUES ('3397830c-0efa-4c74-8419-6b800192efa1', 'testUser38', '$2a$10$iD2kCKg.LCv/fA.irrKtt.7.GWh3FgMOq6qRrd0vucfNYSJPPKB0.', true, null);
INSERT INTO art_ping.user VALUES ('c7180e7f-9561-4e10-a2cb-5187bb1e1591', 'testUser39', '$2a$10$5022gjF.YuX4woP6.zMnA.412iwdwLChQw9zzx8HKI4ci9oV.xdf2', true, null);
INSERT INTO art_ping.user VALUES ('d22ae99e-e5d6-4879-ba7f-599ef2630263', 'testUser40', '$2a$10$C0Dhc/mcdy4IFvlipTzql.eewhQLX9CV0rifx4sUCqp/22KyrKy3y', true, null);
INSERT INTO art_ping.user VALUES ('cbe36d08-2e75-414c-ad7e-5e9d57fd5e7c', 'testUser41', '$2a$10$Uw332WpAD82UvUBpXlgBBO/L9/vNOZ1IsY36hekQxMy2OH9f6DQ3S', true, null);
INSERT INTO art_ping.user VALUES ('8f319baa-c45d-44fa-8681-035cabbd88da', 'testUser42', '$2a$10$R7LuI42kAFcZnxLnhqX1pehpo.AjoL8S97ZMQsMf5j87yOzID/rDK', true, null);
INSERT INTO art_ping.user VALUES ('b1fc664c-714a-4204-98d7-b78cf22b6c0b', 'testUser43', '$2a$10$rGszVM7baSd01r4zAZ5Te.CVSUU.xYMGqdVIYjxE2Og8DRvSFeNGG', true, null);
INSERT INTO art_ping.user VALUES ('8138a2a8-58ea-4e97-8292-2c5fce5eb34f', 'testUser44', '$2a$10$6rxckGtB7wRuJYzr3Juqw.XVbeor17PSM6cjSk5B1fKlXJEYWNVUu', true, null);
INSERT INTO art_ping.user VALUES ('31f269b0-2027-4dd2-ad7b-f5cae174dfab', 'testUser45', '$2a$10$cq2BZr2ooffoCZA9K1/58.NnUhl7a58SCSwOMG0Nel7JI.7ppv6r2', true, null);
INSERT INTO art_ping.user VALUES ('b0c0b3a1-1aac-43c5-8fb8-09e73bd1c194', 'testUser46', '$2a$10$qLu9GHGZ5n1KIvLq8oilteuVUNdO6lxJx1llw26NtUshnD6N1EnVy', true, null);
INSERT INTO art_ping.user VALUES ('72b61df5-563d-4025-99de-ab4794df398c', 'testUser47', '$2a$10$1woqvx8khkP5d7b4NN8N/.2D7gveE4io1ioeFDJ9UR8cIq4kVfz6O', true, null);
INSERT INTO art_ping.user VALUES ('d03cf11e-d654-4c99-b0f9-4e5ccbc0ae54', 'testUser48', '$2a$10$D.4KRSb5MWtOxS3hL9bD4Oj73vuusMb0mSQYknzhTJeVrZ1Vl2vBa', true, null);
INSERT INTO art_ping.user VALUES ('e16c650e-1da5-427c-af24-000c78ffea12', 'testUser49', '$2a$10$Sual8DNjgbEgajon1QH7s.5OmXDZi0b4C2bZoOow4VLyoJ6p56zG2', true, null);
INSERT INTO art_ping.user VALUES ('01f6f93f-d602-48a2-b403-d0e8241ed903', 'testUser50', '$2a$10$dTG5u.rzprMCfpKq/uvv3u2aEs8hAlWbkh.jywkUwAPASaaPQIY8i', true, null);
INSERT INTO art_ping.user VALUES ('9426c921-c629-45ee-8c59-deb4e1b458c3', 'testUser51', '$2a$10$OiTEaGLuMxkP3oFzgUnm6O1xPKmnf7214X30sKDUJ0hjsBvJCj0qK', true, null);
INSERT INTO art_ping.user VALUES ('ab3262e3-fff6-4814-a952-e2aa477a6488', 'testUser52', '$2a$10$H1glwzBBFxyrcmjkynn6COhtVaGRNN5aa5gFjq2fPdsbR6Xr3Ypxq', true, null);
INSERT INTO art_ping.user VALUES ('d4fec262-f042-471a-b8a9-0a68f6ea0195', 'testUser53', '$2a$10$VQEVnctQM5wXA7Xyqw5tKuJN6ZzumWSx4HUnUyDtypwda6s5U6w7C', true, null);
INSERT INTO art_ping.user VALUES ('c9495541-0940-4643-80a5-60b99ada7d80', 'testUser54', '$2a$10$d4gK9eXVpmsbgUqTgQ3Jg.I7Ir/s6o53aSzyLCcJSHff3Na3Zn8yW', true, null);
INSERT INTO art_ping.user VALUES ('2067d2c6-197c-4456-9980-38b16f416bf1', 'testUser55', '$2a$10$KkIY0O9p4o2LijMVLfMkuunyFgoMY7a.UkOmCa6FzKsw.3A2e6v3e', true, null);
INSERT INTO art_ping.user VALUES ('98f9d388-17b5-4952-8233-bae62d644472', 'testUser56', '$2a$10$FhO0GvMbeBfzQEZhoEDV2eEuEg4QBnwUsfgC9KdpTQiccyaKomMd2', true, null);
INSERT INTO art_ping.user VALUES ('3079c4f4-5617-4247-a6f2-855f14ff7c0c', 'testUser57', '$2a$10$QHF3/okE7drkmriLq8xsxe4wISwcpPpRWtM1PfTNyMGDYxCh9au8S', true, null);
INSERT INTO art_ping.user VALUES ('61ec36d8-900a-49bf-900c-89d12568230c', 'testUser58', '$2a$10$5EDP8GA1w8bSyncOwmoBa.i4bStcYhBcuBMd6kLKM7hy7/h2d2ONe', true, null);
INSERT INTO art_ping.user VALUES ('0bfc4402-2a6d-4474-b406-9f2471d248d4', 'testUser59', '$2a$10$c.XClali8BjvpD2xg8SLPOQTeYBkOUeaVJ4f0M7a7m9bkRaMq4SVS', true, null);
INSERT INTO art_ping.user VALUES ('0538db64-311b-4a63-a55d-d8cdfef84be9', 'testUser60', '$2a$10$C5ludGmrRlkjto/qU0jJo.VJIRZTg9aD8t0IeupHN5RMKwTaN2t4y', true, null);
INSERT INTO art_ping.user VALUES ('17e0888a-55f3-4a1e-b5a7-8106dd1dec59', 'testUser61', '$2a$10$.8vYoCiTpW3.3Afl2zDg5OrYVE.6fOdMKkRO6W5UbC4BjHBN9/Bg.', true, null);
INSERT INTO art_ping.user VALUES ('7546e211-a073-4ff7-8a65-4cac66089489', 'testUser62', '$2a$10$JFAzGREkW/YvF0Ez324g1ehJHoT9Rh7McLMkGzJo0xe/PTIuCcV6q', true, null);
INSERT INTO art_ping.user VALUES ('ba9f794d-451c-4c36-b086-3c38779a53d0', 'testUser63', '$2a$10$0pV8KiuCPcblAZwd6GKcLOrfvhguWiI3pGO4xJfSg//d89jXS0e.y', true, null);
INSERT INTO art_ping.user VALUES ('178c6caf-5087-4385-a133-0912dd4f3b1e', 'testUser64', '$2a$10$KT8l9RawrCiRIlQ7hDgF1OViZJwaza4gFQ6/3RcoI8gkrWydnMno6', true, null);
INSERT INTO art_ping.user VALUES ('0021f325-cac8-416a-b914-8f7977d05fa2', 'testUser65', '$2a$10$cF8caLt.TcQ4x1/zpu5X7OKWutSzGOzpvrSJBWhn6xU45DraJGXvq', true, null);
INSERT INTO art_ping.user VALUES ('9af2a54b-0ebe-4375-87e7-027207877179', 'testUser66', '$2a$10$ofogBP.jZiWBUoWr1wD/vesuBl3p3PF4eDLwvSHFg.nCJaBqcnFqy', true, null);
INSERT INTO art_ping.user VALUES ('b0ef4805-69b1-4db5-b16e-ddce5fcf4989', 'testUser67', '$2a$10$LCJkTdbMHZaACXI58GRHL.Pxz2iySGA.Ir0aMON82wV.XZsw2ncsW', true, null);
INSERT INTO art_ping.user VALUES ('1af97b03-2df2-4b30-90e4-1e85501431ff', 'testUser68', '$2a$10$9EqMre8pxcIsrrO5jDcQZOZ/P/0pLjMY2k8Vz0bgRWJ0C2ViF5x1m', true, null);
INSERT INTO art_ping.user VALUES ('f023cd0d-e389-480a-a061-d4520338315a', 'testUser69', '$2a$10$HpBTtrSXv0n1DUnONXgs7OGJ58N7ZIosDSTNlsZa8IwnV0HXlwtr2', true, null);
INSERT INTO art_ping.user VALUES ('7a6b77ca-943a-4dcc-af2d-d1cca7ee1a9f', 'testUser70', '$2a$10$SWS7XChqRncW3GOaRSZIduVzXEeurH1L4HQXMfsLgdjgLIr4EKgzi', true, null);
INSERT INTO art_ping.user VALUES ('6dca4392-9083-45c0-965e-7bde1fbda763', 'testUser71', '$2a$10$czLtwzkBVsxgH/2IFvdRQ.u9OdcSttzDEd.YMbCyd.QNNDXeWoeA.', true, null);
INSERT INTO art_ping.user VALUES ('99fd3e04-21d8-43d6-b0db-a3a2a46ee186', 'testUser72', '$2a$10$eWolsK8D2MAFAAfwLhXytOhsLhhLHA7UMRWvtLcnoPSkzXxXxVR6m', true, null);
INSERT INTO art_ping.user VALUES ('e1d1e2c4-f8fe-4528-950f-4eeb84bc81db', 'testUser73', '$2a$10$fEtBOqpJVYqSZ854cR2Mc.eaDnz4dP9A5jsHsJt68IufkK6IEwi3a', true, null);
INSERT INTO art_ping.user VALUES ('c1a99376-ebc4-4311-9658-40cafb73822f', 'testUser74', '$2a$10$NBBM5ow8edlK1CbfJbtLiuqJ2d7uIOPykok/IEZfhUvDeSVp2E3xS', true, null);
INSERT INTO art_ping.user VALUES ('9e5ebb11-a6d0-4797-810b-9a1feeda0c8c', 'testUser75', '$2a$10$2SQASfl59u55nrk7sTO8Yut8SLLr4qj9gvf.8Ltdm0JtU4S1qT92e', true, null);
INSERT INTO art_ping.user VALUES ('95b34b9d-078c-4b70-bf89-2cb26380fe3f', 'testUser76', '$2a$10$E1l0c7modbpUhQqwFrDyje77i.M3jtj6mPLn8BldDE9ZggUK7699a', true, null);
INSERT INTO art_ping.user VALUES ('17291282-184d-4def-ae61-fbc5cfa89b55', 'testUser77', '$2a$10$jJAmN2RBeaevhLajXTRtXeKXnuyORBFR/xYoF2WSCA81jvD4IOaVa', true, null);
INSERT INTO art_ping.user VALUES ('f1b2ae9e-5ecc-47ef-8574-7e6fb3bcd2e1', 'testUser78', '$2a$10$kmGtIFRphV1Ar8EvnXGP8.haZ/nuNGJxWQQBayakPyQYy1.lwOa5S', true, null);
INSERT INTO art_ping.user VALUES ('8739ccbb-3bae-4072-ada4-77cfe250c0ac', 'testUser79', '$2a$10$N7GpxXoO./NED5ty6c9oHuLbiXi7KG1kP41TBQposdGEnkNKtys8O', true, null);
INSERT INTO art_ping.user VALUES ('265baea8-ffd1-4622-9ca2-8a37db307929', 'testUser80', '$2a$10$v36kn0q3c4ckzdCsuDMO4.9Iyh6kNzhrPPZo7tsSmk21jqFkQULzy', true, null);
INSERT INTO art_ping.user VALUES ('63126aa7-17b7-49f9-8f56-a256ba347e16', 'testUser81', '$2a$10$ILCd35.GTqFSwvobznzCHeRSJ3DAKgy3hxHX6Nu6E4f.B84qvDseS', true, null);
INSERT INTO art_ping.user VALUES ('23f09f8f-e636-41cf-9221-1477bd686f6c', 'testUser82', '$2a$10$SWiyOwCPIPEgfRfSvBSQ0ujJHcqbzYabEyNZsLHm37MP5KravZxxe', true, null);
INSERT INTO art_ping.user VALUES ('91ab8c74-7160-47cf-9748-c435b3a06e36', 'testUser83', '$2a$10$j4KqgJ1On60hEh/1TVj0e.WowAH5u3RpZust8M7U9Rd0dlrM0JiU2', true, null);
INSERT INTO art_ping.user VALUES ('64857e85-32b5-4a72-b3d6-47f5c2a3ea0e', 'testUser84', '$2a$10$Qe7SD79KVYWGWsQvc8mhHuWf7zJetqG6dXqOY5sCFYEsX3Ge60oqG', true, null);
INSERT INTO art_ping.user VALUES ('a5b46a0a-402d-4622-bd95-f4617e4801c5', 'testUser85', '$2a$10$AGQE1OcN1.v9.OUg8Wpp/eHmMISrh8xTMyltC.tu41KrcK3SEJRLy', true, null);
INSERT INTO art_ping.user VALUES ('0facf935-05d9-4f2e-af6d-d9b0f8ee6144', 'testUser86', '$2a$10$3.DFU6fWh7QZgh9a0vNsVO8nJg0uJc.jap63W3PXiuIQDpuukBJ1i', true, null);
INSERT INTO art_ping.user VALUES ('c163d363-2a57-4ca1-b11a-ce2b70e308a4', 'testUser87', '$2a$10$UK7zcfQpOQemI2U0RTh12OzB4ye3shPYVIm2NLf6IV6uuJljFAHvG', true, null);
INSERT INTO art_ping.user VALUES ('6cceb04f-3e21-473e-ac9c-a717902f5b44', 'testUser88', '$2a$10$HpRnAB4sr7tGyYMc1ps9B.Do0Sxee58/9iUpSr76DGKU/04M2Ay96', true, null);
INSERT INTO art_ping.user VALUES ('6d039552-e6db-4dc9-b679-fa9f28b7b1c9', 'testUser89', '$2a$10$fLEDijRbCwy39ZLB1kp8X.pzpet62ujERhf3UBAXfNRg3iD1JY80G', true, null);
INSERT INTO art_ping.user VALUES ('590b2e6e-0d62-431f-a9d7-fb36b280fa00', 'testUser90', '$2a$10$WxfCmX8aoK0BrdEgRbuv5uGP6gQ1Fw5pCvSHHoO5JE2PuQCwYlkbG', true, null);
INSERT INTO art_ping.user VALUES ('85a4ee40-8bae-411e-a8c1-a54a6c36b56e', 'testUser91', '$2a$10$/t48etIezv5O5XpDmfK8ZuCqRO6Ij9Vcl/5VHDlcdcPEwWhDrR.ee', true, null);
INSERT INTO art_ping.user VALUES ('68bdd577-5349-4240-b76e-658be387da43', 'testUser92', '$2a$10$rfxwewyeORRMxxvSTu0pJO5Gf1uRIo7ReSEmF20EGYVgXsC85HZte', true, null);
INSERT INTO art_ping.user VALUES ('1b08cecd-78bb-428b-a54c-9cf8daaa5a61', 'testUser93', '$2a$10$uUgEqyiZi/qDyC7KNx6/6e2oreVaSJh7bg6hlUybYd5PpNXPNQa3m', true, null);
INSERT INTO art_ping.user VALUES ('63bc2f09-9fde-497f-8648-288a1976caa9', 'testUser94', '$2a$10$TsNp5utvE.KFvvBcf8GlreTVfULVQF6ApgF8PAJJhyMast3Ma0zMe', true, null);
INSERT INTO art_ping.user VALUES ('7ddf77ad-211c-4223-bf06-f1c6862f09ab', 'testUser95', '$2a$10$4V8tjTflHh9EHiMmVfayKe30RkhWSkmbvtvkNPyQVOhWcE/a6O6fu', true, null);
INSERT INTO art_ping.user VALUES ('4898327c-9822-4713-8c32-87f443d1ab41', 'testUser96', '$2a$10$uk9uvuvyNsWfR302yf5WKe3ImexkdNvWw4l3q9MyYnfsEML1wlAu.', true, null);
INSERT INTO art_ping.user VALUES ('614e30eb-67f6-4156-a9b6-fb9eb3684c6e', 'testUser97', '$2a$10$EJncfFk.p8G2igI8u3FlHOXzfJYq/sGoIRWc36EcoGzqI/aNnDxEu', true, null);
INSERT INTO art_ping.user VALUES ('de4053e2-8fd9-485e-8e19-a54f28cd9161', 'testUser98', '$2a$10$/B3t/GPqx4CMyImGqNBmT.S72V89nfeUGCdgsP/RzztmyBg3KpVbS', true, null);
INSERT INTO art_ping.user VALUES ('d238d81d-48ef-41e7-b568-ead60dd41917', 'testUser99', '$2a$10$SBwfZoKp1azKQNQTQ/Wrx.Zj4ZtPmAGqFMVEfEdNeDEYyvtyTLeZC', true, null);
INSERT INTO art_ping.user VALUES ('8d9d04fb-44bb-49c9-a6a8-70797b506327', 'testUser100', '$2a$10$BeK5qCX5dIkbbVN8w8V/Fu/XLTgCr0aRMRlTU9h36yA/kif2rjbKi', true, null);
INSERT INTO art_ping.user VALUES ('93a2e638-a790-46d7-ae72-794edfbc5f98', 'testUser101', '$2a$10$UiomSJ5BZ7RvqfZY33ye7u2dWDh.S2xhRsY3etmS7FNNjCBbtQvA6', true, null);
INSERT INTO art_ping.user VALUES ('8cc33501-d327-4077-869e-9cb300e10e10', 'testUser102', '$2a$10$5X4TNveu0v2ErnMHZcq8duToxPW2KAjRJ.4KrfSjnAoy3meBB7jBK', true, null);
INSERT INTO art_ping.user VALUES ('4e16cf91-6819-49e6-abae-f1e5914e7d9a', 'testUser103', '$2a$10$5RCmhgiNR3FcsmXyxQ4yleTTjXJ1EOqk1.0jkOOJ1TJUGgOW4AHIC', true, null);
INSERT INTO art_ping.user VALUES ('6216f9db-2078-4a75-ae2b-1ebdaf9270ea', 'testUser104', '$2a$10$PtXYg5wanMLFIVXOkIGhs.RGYDOLeskxRiQkS12Cbe2VM.2Hkzz2y', true, null);
INSERT INTO art_ping.user VALUES ('027054c2-21c3-4037-8f32-92c170299fb0', 'testUser105', '$2a$10$eCFmLVhRVG0FpqcEi0ryRuf/C0kEJARgthnGqRwtbbPrxpCHHupba', true, null);
INSERT INTO art_ping.user VALUES ('138429a0-e6db-4650-8ab5-8dbd0c9247f3', 'testUser106', '$2a$10$8DUKoMXp6ErkDhoritFgne35RCwS7IZtIcRKOuwFht1ZBfoxBOPVO', true, null);
INSERT INTO art_ping.user VALUES ('7c4961e2-8cac-4bf2-952a-2728c824f238', 'testUser107', '$2a$10$oUOHJtgAMGNtwfBvX4ZCduOsdYhmU4H3HFnCOoynl8ZjGGtCHMPOS', true, null);
INSERT INTO art_ping.user VALUES ('01c5d819-8d68-4383-b798-39967cfec080', 'testUser108', '$2a$10$ze5jyUC3HB3gWNl6pEUtl.1Wr7KaqiZWMO2WEq83Xc5c5UnOMYP3y', true, null);
INSERT INTO art_ping.user VALUES ('d1ccc871-00df-4c21-bc0f-fbc80b0fbd42', 'testUser109', '$2a$10$LeYxc6f0bsS2vyiHVF3yXem7QoFTGIx/uBHt3Xy2HevP1FPQ0h4xy', true, null);
INSERT INTO art_ping.user VALUES ('16c85948-71ff-4f15-8398-3a31da15c100', 'testUser110', '$2a$10$teihyPjyKwRSBHL.KICqme0VK2zALTLgaTvqkhcKrj9TAW1YZL04q', true, null);
INSERT INTO art_ping.user VALUES ('9d6b8ab6-0770-4ad0-91b3-98dc57061499', 'testUser111', '$2a$10$7PC0176fab/Aj2L7evT07OSziXIS5QZgxQ32CoXRxD2MGGuk3XC6y', true, null);
INSERT INTO art_ping.user VALUES ('aece1217-32ed-4dda-99db-7c740e55dbde', 'testUser112', '$2a$10$AMpKAsevslGXUvCKG.2knukFQ1fRH7UFL41jrahXKVBvsrqrMdT.i', true, null);
INSERT INTO art_ping.user VALUES ('197901a5-acfa-4b5e-9d63-96a36f9b6b3a', 'testUser113', '$2a$10$rYXaLrTHMRmisXMXv8ZJUe9vUYDv7I5eZ945tzbOCJCFgV5t9BQDu', true, null);
INSERT INTO art_ping.user VALUES ('5e676e59-3f62-4f4d-b833-a0858ef1dcfc', 'testUser114', '$2a$10$S2IzysUhpJ2OBI7C4dWs3OfqPfCHy4Xp08nSNfaeCZyWZddTIJdF2', true, null);
INSERT INTO art_ping.user VALUES ('5abe2acb-b881-4688-a1b2-e9dabfe290f8', 'testUser115', '$2a$10$3X3lvWwOfWbxsExXIZyAiu6A7JtDxnTEZ1TLe5HNbf/zjQfyoQUQO', true, null);
INSERT INTO art_ping.user VALUES ('8dab4426-9020-4b7b-8ff3-a9667c0c4dab', 'testUser116', '$2a$10$mJ.H1EoXZcVjoEKnziUK4uiwok5qQ1XlVDioSPw3XTtd92t9GY6RK', true, null);
INSERT INTO art_ping.user VALUES ('d8c1279b-f983-4591-a67b-fc4a0eefe51f', 'testUser117', '$2a$10$bSezCS1Iw2rdSXTLYSFpReSPbe/Z71SLA67ZMmL1hTkP23fFBjq7e', true, null);
INSERT INTO art_ping.user VALUES ('c4e7d8c8-17a6-429e-9c75-5edba7179842', 'testUser118', '$2a$10$3b218XvzzsGe1fXmOW4jueCp5cv2AQCZCaRtFxwWsjgESDC1ELKbO', true, null);
INSERT INTO art_ping.user VALUES ('ea76d3a6-844d-403a-9174-b8e9088983b7', 'testUser119', '$2a$10$jpzY7HuwEVZrtKL.T7X98uR6bkfQeN3Jag/H9pOqbb9gxuEe/5Ev2', true, null);
INSERT INTO art_ping.user VALUES ('6ce78420-50a1-429d-a78d-17fd94544caa', 'testUser120', '$2a$10$AVWEwx7EP1sPWU/PtaY/v.5TWga6G9ULYJJrNgTUdWsKmaKim3qxC', true, null);
INSERT INTO art_ping.user VALUES ('f3584991-3a81-4755-8cd7-9a1deb0542dc', 'testUser121', '$2a$10$D6xlDnYrqpKYR6lgwNpIxelw4t2sthT6ZA74K9L/v8I4Hs3PhVEHu', true, null);
INSERT INTO art_ping.user VALUES ('58c64a14-9d29-4a97-a24e-77d252361f86', 'testUser122', '$2a$10$.DgZCJuxWOcY7SEPZo54eOWIJgiKyc7uR/I10Y5pfQSoUKmOq7ItK', true, null);
INSERT INTO art_ping.user VALUES ('8d2bc9df-8057-4bdf-a5f4-3f757abe2d40', 'testUser123', '$2a$10$imxRzq3HD8E/dX5la/9N5ecGyO.taURmznU4d5eMyF4n.b2sz1nOm', true, null);
INSERT INTO art_ping.user VALUES ('ec687b39-048f-4262-8a38-bb0d081808ea', 'testUser124', '$2a$10$Cs7omgTEJ7tqOqkcc6qiS.77I9qvCHNIZiXm1HRRnrcOY0H0aN1/W', true, null);
INSERT INTO art_ping.user VALUES ('b1186b4c-c59d-4e20-b937-90d04198a188', 'testUser125', '$2a$10$b3EtirZRvrQ.vlmEgbSMVeNNGOyt..ALwHzJ0DOditubAdyZoQDzu', true, null);
INSERT INTO art_ping.user VALUES ('8884221f-780a-40cf-94df-a86da17a9fca', 'testUser126', '$2a$10$BblPSnpeagBZjYaL3ppP.OqFcf0hxjRiNIssF1R2Me6Nrym3vSZ1a', true, null);
INSERT INTO art_ping.user VALUES ('532eb051-c20b-4161-8113-d7c6c0704b43', 'testUser127', '$2a$10$gTit7f88swE7stS/IUJgkuNKRQraDk4yhF/FQE63jnBHYLHfWiAZe', true, null);
INSERT INTO art_ping.user VALUES ('29ae2034-c6a7-4d3d-950a-15a818a1058f', 'testUser128', '$2a$10$IeFe8SGiCfFl4Et6euyG0eWsl6Qq6foC1vskpOwdZUKzutefMmV7m', true, null);
INSERT INTO art_ping.user VALUES ('ffff022f-a47c-41f6-9f43-d59f2b182aa9', 'testUser129', '$2a$10$amJhlSaabGzBbwM/JhF2TOsOfduqwtTyukZOZ9pTEIdAROmAlDySS', true, null);
INSERT INTO art_ping.user VALUES ('0e33d627-5f1f-4a7a-91f7-50d845f8f4c0', 'testUser130', '$2a$10$N1bljvEbnyXT4OiOrXr7I.zk8liCUtZfjeQ0xg13rBcU.595gmt0K', true, null);
INSERT INTO art_ping.user VALUES ('3ef36b0f-7e83-447e-957a-126eee5ddb89', 'testUser131', '$2a$10$B4TfDhg0rrrF6AzFVoivzOledI37G.1hcEhwFiMmZ8ObIyZvbviW2', true, null);
INSERT INTO art_ping.user VALUES ('a98eedae-3202-4918-b152-c9dec081768c', 'testUser132', '$2a$10$RbitIzEVeDM4noEVrcNVFusaZh9Yr/zIqVbcYnW.qET3aptLQGd.2', true, null);
INSERT INTO art_ping.user VALUES ('cf4952a1-a852-42b3-bff2-d7adbab4077c', 'testUser133', '$2a$10$MooKPNBADzu6ALevoPMi8OqJ48oLCFYeQH3JVZc8hNbWPHLxUyEp.', true, null);
INSERT INTO art_ping.user VALUES ('cf90583a-6662-41f5-9690-6d1c2ba8213b', 'testUser134', '$2a$10$CeGn/ztzFVGgd8K6Yx9Nf.qjDkX3vCt7d8Tlbt35YedcVdNKGB5ra', true, null);
INSERT INTO art_ping.user VALUES ('3fd34956-5844-4a33-8da8-26d6e2db63b9', 'testUser135', '$2a$10$k7LRqoQNUzEhNxkG/2cJ3epGUJ3mublJRSkPWJGTeSrWKYpmq2yh2', true, null);
INSERT INTO art_ping.user VALUES ('ced8f855-ac51-4029-872f-83cbd59d7b6e', 'testUser136', '$2a$10$eXZnNfcNVYmPpPWoinOdBeQ0L6GGGLZAd4nOZ/KKatDyfhD7kQHV.', true, null);
INSERT INTO art_ping.user VALUES ('7df26877-717f-49a9-9478-6404bf1a191b', 'testUser137', '$2a$10$zuQXxBNl9dV1cvLW7gB0weVLz2m0BOCAlSq473fcSHvcfG8qjjpcy', true, null);
INSERT INTO art_ping.user VALUES ('86e0e795-2447-488d-bd1f-748540d2d430', 'testUser138', '$2a$10$rwQiDFWnoWq/Y2/hUyfWa.BqK.WuZCPQN3GqY6Xywwo71wn38OD9m', true, null);
INSERT INTO art_ping.user VALUES ('8640e156-d574-4590-9cea-00bb665a0e31', 'testUser139', '$2a$10$P2ZMzf7UArkn3VHxKCLfBu2r1veBESWEo5s3mpL5UsZA8zm82mYji', true, null);
INSERT INTO art_ping.user VALUES ('835a6268-1323-457d-9bd1-a4f42666ba47', 'testUser140', '$2a$10$cSMuiR1bW.2tgtAIn/.t1OD9L02sP6rueUC2BeRvrGYVY4iva.8tK', true, null);
INSERT INTO art_ping.user VALUES ('b5f822ca-5754-42d5-a6a8-ebd732a5e8ab', 'testUser141', '$2a$10$LVH2H7neJNlPCK29BLAJleFWAYJ1gNa9EQ3HRsENmRGCGKmXuBFyS', true, null);
INSERT INTO art_ping.user VALUES ('43e59535-190a-4866-9a43-1385a7d9c5b5', 'testUser142', '$2a$10$KIPVsOGHd60VqtJqK2dHLulaKedwfpVEKNLXvK1PNDE72YSXD5XPG', true, null);
INSERT INTO art_ping.user VALUES ('2f23d087-1676-4bd3-b6ad-2c64f770a0dd', 'testUser143', '$2a$10$UvHkD54oo4yntnojpFyLouF2.1Imq97oG348SeIZcZHn.YWQ5StjG', true, null);
INSERT INTO art_ping.user VALUES ('34998643-3ac8-4b06-94e7-8b91b7186889', 'testUser144', '$2a$10$Wps0X6ERCuxo9UTUDLvqfO7nSyswlduq8uZwkqjQeiuHTBQavIzPG', true, null);
INSERT INTO art_ping.user VALUES ('d1e51921-5885-47cc-ac22-e4d303e7eba3', 'testUser145', '$2a$10$RyphjyN9UhHG6RG/wKJkwO62o0L306.TmvHM2QZbHZp.nj/Jd4Xoy', true, null);
INSERT INTO art_ping.user VALUES ('25b865bd-07ff-4182-bc84-af155e0d2917', 'testUser146', '$2a$10$4vlTepFu5I/y1UoFXcsbSuYd.BVZjrp/OkgWYmg35alPmQY5lSY0y', true, null);
INSERT INTO art_ping.user VALUES ('08d38c46-5906-4a67-8998-a9a073e086e0', 'testUser147', '$2a$10$PM/nxoceXTsmcMyYLzfy/.VarAOKnPMbhVh0odi3qUsG2D1g1hqDS', true, null);
INSERT INTO art_ping.user VALUES ('64554f9a-1163-4c98-b98f-11329b892139', 'testUser148', '$2a$10$vIaIc3uQRmJRNYfsuFBskOUWArsIYjny/kwJaUYJAfpcIux8mM9yi', true, null);
INSERT INTO art_ping.user VALUES ('089410fa-1832-4183-b362-8a4e4f0a2a5f', 'testUser149', '$2a$10$GBKgm7otb5KpX3KKxxV8JOZpJ6OifOTflwQLcqG0VxoVSD2Fcq6HC', true, null);
INSERT INTO art_ping.user VALUES ('6aca81b6-4303-4f06-a4b1-29d262cff79a', 'testUser150', '$2a$10$ERg1ooapGXj1IquKVtltHe3qP70KhOG4BtCWH7kD7RszEVSMAcWWy', true, null);
INSERT INTO art_ping.user VALUES ('04066d25-717d-4aed-9d38-f843b9fcb85b', 'testUser151', '$2a$10$TWg69kfdj38A/fFBgMyrDuICecnPDpuufTO1pCWveRp57D8gmKE.e', true, null);
INSERT INTO art_ping.user VALUES ('916df7e6-59b0-4f1c-bfee-e65c492b300c', 'testUser152', '$2a$10$56VHo5eSkRxJQcdCuCiplOeqcrnfdccE.JIUHFiPgCn/YZK9ewIr2', true, null);
INSERT INTO art_ping.user VALUES ('5222cf34-f545-475c-90de-1c1ca706a339', 'testUser153', '$2a$10$5Wv4skyIIpCo.6Q4dFXOme4F/zgY7y.v.4MFOWSKgCRCUDpwsN/8a', true, null);
INSERT INTO art_ping.user VALUES ('3cc6ace4-a744-4085-bafd-8b15f84cd09a', 'testUser154', '$2a$10$rBAsP3ApofMUhY8vKSsePeD/gUMAmBXXL4rC1DF6wUucG2x48YWI6', true, null);
INSERT INTO art_ping.user VALUES ('c748368c-6b48-4957-abd9-8070e6a51a63', 'testUser155', '$2a$10$y.0TsnfZGQmilqAwm2X9T.LMwYntDsgFHFERx6aKSfEnmatxpn0si', true, null);
INSERT INTO art_ping.user VALUES ('9f4cefc5-491b-47f7-9538-ceaf34843f5e', 'testUser156', '$2a$10$hsLLeu.i3t4ryxqnfKV69OhT33WU7ZeG3OjZDfkVUOuSt5NK2L1pC', true, null);
INSERT INTO art_ping.user VALUES ('b980eef9-8f5a-45bd-ade8-9e8d19751a7e', 'testUser157', '$2a$10$D8RG6xNwp69neH9P03qUHOR0mY8WiQXyBlGr5uhcyqp5BTZh6UpIG', true, null);
INSERT INTO art_ping.user VALUES ('668d46cf-5bad-488d-b3c2-acf7154e1acc', 'testUser158', '$2a$10$5AkRzYvf/Am0NG37RrdIuO5.9Ao86Pm5lJPkTrzb.PKp1anP.fn1e', true, null);
INSERT INTO art_ping.user VALUES ('f703561f-10d9-4317-a80c-22050093e092', 'testUser159', '$2a$10$L5gI3.pWQzY0bfSy/P/.NOVUIlHeagmK6.XK1wj5hpl2oOIS1WGPe', true, null);
INSERT INTO art_ping.user VALUES ('a4821637-4cc2-4d8e-8d84-915aaa23b47b', 'testUser160', '$2a$10$yXQ6Q8VBBa5FsMRA8PE0k.m43eg4jn1Oeu35svreQaosC7bb9rNM6', true, null);
INSERT INTO art_ping.user VALUES ('a9e32b14-d7cf-4fef-89ae-df11f6892b55', 'testUser161', '$2a$10$GPU2K3HfrVYqai8WHmAsP.useSiHNeBRVNy.6xiZC59tc12fg5vO.', true, null);
INSERT INTO art_ping.user VALUES ('ea73c027-41c9-4ba4-b5f0-4df12861b7af', 'testUser162', '$2a$10$tKcVc2ubfg6gpGC/Gnd48Okwv0OKvw5rdwnmPiQ.xcfHX13.eWine', true, null);
INSERT INTO art_ping.user VALUES ('ec9ce71c-06eb-41ba-9b04-9709a60043d3', 'testUser163', '$2a$10$zA94HuC6NkVU1VyRppQORuBCKaP6O9e5CWtWNv30D8QHm071PWrMK', true, null);
INSERT INTO art_ping.user VALUES ('a8a9a79c-acbf-4df0-8223-a3fcd9cd381c', 'testUser164', '$2a$10$AWJxCpwA5VtcgniDe61dZ.ST/tIxOokrrYZ.QDXPzuUne6BLYi2j6', true, null);
INSERT INTO art_ping.user VALUES ('097237f5-8b84-49ce-9760-05eb53118db1', 'testUser165', '$2a$10$vPByiqsfIKo6VMPx5keIyOIsCvGjuIWw7sSVtxBA0AQUI.bnazJmO', true, null);
INSERT INTO art_ping.user VALUES ('707582c8-6a82-40ae-a817-2b320801a148', 'testUser166', '$2a$10$VfUi.0SZrkpSEeutCMk0tevMIr9NPicIUlXjwA6uqH/imZhEA95SK', true, null);
INSERT INTO art_ping.user VALUES ('f9dd5703-072a-4631-8d81-cd815e9810a5', 'testUser167', '$2a$10$rgP0a.tSW0S.ukkvILoQteVRkTcULYcPVH7AHHInCMARccoGTmpnW', true, null);
INSERT INTO art_ping.user VALUES ('0f64e65f-e915-44ed-bfa1-8952a2a9d2c4', 'testUser168', '$2a$10$eP./cCXggvBze5Z3Jp8pKuCAbS03ZCC1GWE36ghDmWt/vtdTIZXk.', true, null);
INSERT INTO art_ping.user VALUES ('baf0c0b0-d7a8-4632-8591-b49e799aef6c', 'testUser169', '$2a$10$D3lpqcV05/E5xxoltaKKyulte8s5IGZ.tPU5Pq5xgbwPjMyruQWcC', true, null);
INSERT INTO art_ping.user VALUES ('01e11e8b-ecd0-4e38-8dca-2eff647aa55a', 'testUser170', '$2a$10$m2uDvfnYbafcd2s4KG3kVuOP20V8e7Yk1Onf/VfdRPkZztYNf3t6e', true, null);
INSERT INTO art_ping.user VALUES ('d75eb84a-4054-4205-852e-14f667e80a15', 'testUser171', '$2a$10$kWYgxGXxz2Vthf.YMiVtSe6NaGRd309h9lDTi8aYz5W2uOukNXFUa', true, null);
INSERT INTO art_ping.user VALUES ('e8fad420-c531-47e0-8fe0-3ea413f40ae2', 'testUser172', '$2a$10$M.Hjt8ARgA1vuuF/dk2mbOU/zmkoE90AQLpOYbqtCAMEFCUP63FWa', true, null);
INSERT INTO art_ping.user VALUES ('06b4c7ac-37e8-49a2-ae30-68c545636016', 'testUser173', '$2a$10$PZdkZo/VGIOwXhNgFZzBsemNbHkiXQv9mQnC2IiqFp6xwuTUcJu5y', true, null);
INSERT INTO art_ping.user VALUES ('f69bc698-0df6-4148-a7c0-2fd3ddc1bc08', 'testUser174', '$2a$10$UbUboI4e.LcW5j1t9Qf1g.sMl1ZlRm2dIiuqdUlSrbA8VwZAABkOe', true, null);
INSERT INTO art_ping.user VALUES ('8829d144-5502-4397-a619-88c0b232e786', 'testUser175', '$2a$10$A4FYHWcvCqVyRpW5tL/YJ.J2bYPYiiKyu2Ryy7hHZeHNZy6viznEW', true, null);
INSERT INTO art_ping.user VALUES ('2eefb5ed-9b94-407a-89c2-500458ab8186', 'testUser176', '$2a$10$aCV9JYOdtera10UT4hH.m.rogMxOk95WFHNGGI5WB/IB/eOieLrdG', true, null);
INSERT INTO art_ping.user VALUES ('bf6395d5-c792-4f7a-845a-a119de4b3adc', 'testUser177', '$2a$10$zsaNvZ3m1laQHyzSpJSBveyDwjoWYekwSqrzPaIlt90XPAaBEsCfa', true, null);
INSERT INTO art_ping.user VALUES ('77397155-025d-4e2f-bc99-e709ac0f2eac', 'testUser178', '$2a$10$qTgrBXPnE8Y632y6Ixk.WumbQboSKEZfHSupHXiXHwpL/Pk79Xvr2', true, null);
INSERT INTO art_ping.user VALUES ('e5ed27b2-b720-472b-95e6-ef30ea19436d', 'testUser179', '$2a$10$sAlGZbktb9H/GIOSva1HsOVOPQ8CVY7BjDznX0w5X4VjDGur6zV7W', true, null);
INSERT INTO art_ping.user VALUES ('45846392-e971-4d78-82b3-678538f85262', 'testUser180', '$2a$10$WsemKF3d.C6Om5nNcJA0vuF2ZBgFLBFMRr1a/WokRwSI1SuYOFHkK', true, null);
INSERT INTO art_ping.user VALUES ('0aeb80a3-4c95-46ff-8e9c-1bbff25d73c6', 'testUser181', '$2a$10$5FrDDMRH.4zlerW4l9wBwuN.4OunkDs.vhxHLRF/EJ9n0lxvY4DZG', true, null);
INSERT INTO art_ping.user VALUES ('0c4af6d8-f57a-49fd-9854-69f52a606e8b', 'testUser182', '$2a$10$f7bzzM3QLRIy0vDpTe/SaeNrMWpMA0Lua9WgNpd918Z.pgoguePum', true, null);
INSERT INTO art_ping.user VALUES ('7c821237-1338-4fae-bd53-cc8c6e7dbbf2', 'testUser183', '$2a$10$DUE6E2465VZtoF9sVnoQ0.dgKTgplgeWI.xQVChIBUG0agW9S.88O', true, null);
INSERT INTO art_ping.user VALUES ('c3ea1c29-3345-4d4c-80b1-10a15ce80612', 'testUser184', '$2a$10$3wZD2NMPpQap0h0xrW7ZdOwFTN3QioxkIyuHtnGMY.wPLs1MZaW3q', true, null);
INSERT INTO art_ping.user VALUES ('fb7d590f-13fc-45a9-8de4-edc6ca1a89e7', 'testUser185', '$2a$10$/x.Z2OiITSC62w.DXdhHN.aVXmXqDJ0HB8LWi103Ss2YgebHLaG3S', true, null);
INSERT INTO art_ping.user VALUES ('1b32d187-c507-4862-a53c-09b43da9f3d1', 'testUser186', '$2a$10$QD3AQIGTPrqHl2tC9WmStuREF41jpsV.fdTsx/UgyrQFFlM.cfCOW', true, null);
INSERT INTO art_ping.user VALUES ('265408a7-586a-4d26-aea7-3d1b03c82851', 'testUser187', '$2a$10$oxArT5fez3dh6heHxVJXz.fGbeQxLoxXmAuQT/X.9yBW9rFIe1X3q', true, null);
INSERT INTO art_ping.user VALUES ('a626ad18-82c2-49af-b180-4d2f11fef9ce', 'testUser188', '$2a$10$oi3NvPvAOSqie6AslZvaNuonqSjrqj8bp/4HXWVCP3t6GRIfJBrUm', true, null);
INSERT INTO art_ping.user VALUES ('4afc6ce6-e9fe-4500-9fcd-b1a38bcfc290', 'testUser189', '$2a$10$Ee8Fy8bfr9PKIsuHsAL98untPDKCPXNmBX2Zir/w6Gy0PotNfSKiy', true, null);
INSERT INTO art_ping.user VALUES ('7e8d0356-a76f-43ab-bae7-8467c367a2bf', 'testUser190', '$2a$10$NrLQaN4Uys32Ys2A7ayRxeq6hIM8wGLoYsk52M1fei2EXZnxZnMWy', true, null);
INSERT INTO art_ping.user VALUES ('90ac7140-02a2-478b-9dfc-40aca5c1dcbe', 'testUser191', '$2a$10$D5NqIoTrnSs3oi7WqKeyrObBJC30EBEA9.GAELT/Aed/nU9nPeogG', true, null);
INSERT INTO art_ping.user VALUES ('10c086c0-290a-4ac1-b93d-3892cf16d26f', 'testUser192', '$2a$10$wf091yl5OxSCw2dkEoqemeqM1QZjDPwutCkvhE.MM08/HqKBS1Hoy', true, null);
INSERT INTO art_ping.user VALUES ('2443eee9-1aa1-4b8b-8e66-350e7614369c', 'testUser193', '$2a$10$SA3oJmboyC/S4LXCC9hv1uqsEtJTvek4I3ewGq1tC6xf/Jz4qgzI6', true, null);
INSERT INTO art_ping.user VALUES ('ce0e6ae0-3fb4-45b3-bb63-2f35fb599199', 'testUser194', '$2a$10$vZ/BWkastXHGaJmRfVq97.B3ChYZqnbToE6hJJHLrKbLIFaFqAdJC', true, null);
INSERT INTO art_ping.user VALUES ('848d9a0d-4667-4dbe-a024-18502fc450b0', 'testUser195', '$2a$10$nQpXj6a9pVOrVVoD4P4MVuTXDfx4y7KGS4ScBXiwKltrSAk93NA5.', true, null);
INSERT INTO art_ping.user VALUES ('4a3b107f-86cc-4225-bbcc-69b5803e739d', 'testUser196', '$2a$10$k5ZKlG5ekQnH..SreftSQ.jVYUIeaioYzzidrZAvjiUPT7a7MHiyO', true, null);
INSERT INTO art_ping.user VALUES ('c8cee64e-9d83-4f2d-b173-fd6d1432e5eb', 'testUser197', '$2a$10$ls.IIcBY97Zav6d./AWLSOum2wmiEcGFkXaTOIWWKpHidhIP5MSAS', true, null);
INSERT INTO art_ping.user VALUES ('aa40ccdc-f09d-429a-bfc0-2978d2396101', 'testUser198', '$2a$10$4hsgnCQTkIt7/ku/fEiRmeGSa0DJa90PxTFDUX8Wyn8pa3EErVkEC', true, null);
INSERT INTO art_ping.user VALUES ('947ab1fe-98c1-4ff1-818e-6f8e8959cd98', 'testUser199', '$2a$10$YwioaV9ow0g6iRfcQ3QXrOsGrU5VYAEiaagHTu4xg3WcJqfiNOkw.', true, null);
INSERT INTO art_ping.user VALUES ('f469852c-cb78-4196-9b67-5c22b6a38adf', 'testUser200', '$2a$10$Bo0lIQSX1PczIQMa1N0Sp.lfs9i2yeE0fb5BtBP3r3S6KwDutxaPe', true, null);
INSERT INTO art_ping.user VALUES ('27024f91-0d31-48b0-afd9-9390d4d63ce9', 'testUser201', '$2a$10$v8f.9DvqqmNENEmPMHhuL.BHIAxSMlRXztprQ0Z0ef1VvNr0i3.mq', true, null);
INSERT INTO art_ping.user VALUES ('e08c3650-34bb-429f-bc5a-57bdd4ad102b', 'testUser202', '$2a$10$saga5QDQ961Y9Nwl04wF6.Y6bt75k5cJaguzAMXFbS1pvi0z4Hnl.', true, null);
INSERT INTO art_ping.user VALUES ('c44ab566-6ba3-4d0d-88e8-fe3933762a10', 'testUser203', '$2a$10$HKCKnoDrifUmiUGi7eQ21OQolsFd9EZmZjdO40rNUkZHVT123Law.', true, null);
INSERT INTO art_ping.user VALUES ('372b807c-5521-4a71-bfa2-98f23095d78f', 'testUser204', '$2a$10$kYN.PDI5WbfSwi.IBDoCVewIDjAeD97X8GtkUjUhflHXyFYLY13Ga', true, null);
INSERT INTO art_ping.user VALUES ('b528901b-22d9-42f0-9c4f-06822958389b', 'testUser205', '$2a$10$En2xKXCl392fLcykEW5djum9ll8/Dhq/NMsq6WRu1Ksbd12l4dPUi', true, null);
INSERT INTO art_ping.user VALUES ('55b328f9-13a5-4107-9cb9-f675357e8ad2', 'testUser206', '$2a$10$ZU4DKT74m0vLYo4zAbaUbek/5KypnjoZDocq80gT7onYeU2mca11q', true, null);
INSERT INTO art_ping.user VALUES ('42da8c86-d6e6-464f-981f-162c0a591148', 'testUser207', '$2a$10$7d.8mh67pc2jtafzuFCO9OKshnwuvXyCn8OPet1Z3qpnw4gvoMop.', true, null);
INSERT INTO art_ping.user VALUES ('4b0d217d-48b7-46e0-b973-efc33333a284', 'testUser208', '$2a$10$NpOFp9j4jVlmAtmtb2lP7eKbKDvWjz.LgpN.ldo3aXqQjDFeHbY/e', true, null);
INSERT INTO art_ping.user VALUES ('cff1140d-c1c8-48be-bebb-4da4fdfee779', 'testUser209', '$2a$10$otSjfTzB/dugMlNsJN1kH.3KGl3amX9Vdg/19r4w0/8qfaOs8IkhG', true, null);
INSERT INTO art_ping.user VALUES ('c19e4f0f-d2d5-47ef-b1b4-d7d4d5c01c95', 'testUser210', '$2a$10$OITFn1p5XzTYq3ET89xqUu1pf0ZnMyQMsaGv9hKk8bNacgx2Hk8Pu', true, null);
INSERT INTO art_ping.user VALUES ('94097330-e246-4ae9-90c6-58c020248bba', 'testUser211', '$2a$10$LK6XjFFixHq5Bsidvs9.T.xR8NvB40MShY/SocBQSH/zUujbDGBrW', true, null);
INSERT INTO art_ping.user VALUES ('52a64910-56b2-483c-8cf0-ebf26bd48e30', 'testUser212', '$2a$10$fREvHFr5Ao63PFNzVJr5WuyK8oOwnFLaaz/KkuvwqVjlL73l1QvuG', true, null);
INSERT INTO art_ping.user VALUES ('55d74644-b5a2-415a-9fd3-efc3a649abd7', 'testUser213', '$2a$10$LAj8ORD1eyG/NoGpBd199.p5z0YRM1C9NhTprIgHt83iav7eKJK/K', true, null);
INSERT INTO art_ping.user VALUES ('7b79c55e-643f-4b49-ae1e-78ca26ec65f7', 'testUser214', '$2a$10$jMhm8HxYoTouJe75WivxxO9z26oILHXs7Kk2SgOx9bb9cbzTiZ/AG', true, null);
INSERT INTO art_ping.user VALUES ('39b7698f-ebb3-40d0-837c-22a492ede4b6', 'testUser215', '$2a$10$N25jyPHxFxOhjLyYokrJluuxIq8uRvb6dbxAipCSanz8epBFTcO0a', true, null);
INSERT INTO art_ping.user VALUES ('7d4cc204-60b0-419b-9af2-e18ad8c55dba', 'testUser216', '$2a$10$X3oX5EYq/wRKRJ6YFxeMYunzyejAgIgYCzei0FepxvLEuYYDawZEe', true, null);
INSERT INTO art_ping.user VALUES ('2d227b71-eaad-49ab-9cac-74addc62fc31', 'testUser217', '$2a$10$iWH0CTlVpIbCGYFqsejNUO.hENs3tK7cD0SzoUTIawEVIPDTFAUjS', true, null);
INSERT INTO art_ping.user VALUES ('91d87c1a-9142-4d7c-b579-6026e9592449', 'testUser218', '$2a$10$HRxfaOmDUWeM9Ku0CB9ibOldKWmCZ4JS6Hrx02n/d6MDm0y4/kSD6', true, null);
INSERT INTO art_ping.user VALUES ('7e2829b6-3b23-4489-a7a2-7a5283b8a50d', 'testUser219', '$2a$10$uYW2SG6R5X/lmk/xds0pDeD.CYIU7v84EjaPoAkDBy3kJTCNF/Hla', true, null);
INSERT INTO art_ping.user VALUES ('9d4033bf-60ae-432e-9e28-5d6cef2842da', 'testUser220', '$2a$10$H0vDkJ6pJpjbfunVMxUrXuPZvGQ7zf8sThx3QrVRiCvkqMmOz7iO6', true, null);
INSERT INTO art_ping.user VALUES ('efc81698-f65c-41d2-a491-cccb7204d428', 'testUser221', '$2a$10$ZI.wF5iY0hizOVD8yqxymesDMhS.APIVn7L5m2w5OteVaBL1Z3bNq', true, null);
INSERT INTO art_ping.user VALUES ('7690acd2-a8ba-488e-bbb8-b109e35933b7', 'testUser222', '$2a$10$nuHOVFkTkjVOXCnhb8NzbuOOi0DJZ0D9oRUPEqSD7Tg7XL4zuNXTq', true, null);
INSERT INTO art_ping.user VALUES ('6228665d-81b4-4893-9bd0-15aa4fcf725a', 'testUser223', '$2a$10$/f0wLUsXV.8QVnjTfJExr.7HSg3V8XffLh5bMZguVYPT6aoiO4pL2', true, null);
INSERT INTO art_ping.user VALUES ('c213edd0-8ac2-40ab-b11b-dcdd917e2133', 'testUser224', '$2a$10$R4cswrgb.H7mEnWqMI7ag.9ozXW3.MWKUxEokw5uLYMX2RZw.lSoa', true, null);
INSERT INTO art_ping.user VALUES ('a2991ec7-53de-44ad-bfc5-d8af05a23ab8', 'testUser225', '$2a$10$C8/WjlysvJOuYWbdvGhA0.F1TTWfSoCkHE1OZJb.ekPEnRTwFwLty', true, null);
INSERT INTO art_ping.user VALUES ('912df71b-a971-4228-98e2-d23cc63705f0', 'testUser226', '$2a$10$2Qlmnj9sAF3of9ZnWuduSO1cg8OGE0lffE6E917Pfta1C1vTCrF4.', true, null);
INSERT INTO art_ping.user VALUES ('dc9ab336-8eb6-4e3e-b3d4-3e27f9a90c41', 'testUser227', '$2a$10$8Rh3gg7Gp0xG4RvUka58b.UyUrQdyLzjDVmSumnKV/2BtKXpXSqay', true, null);
INSERT INTO art_ping.user VALUES ('5a892822-c8cb-4ff3-a2b5-a38a796b030d', 'testUser228', '$2a$10$FA80vH3xaElX5QUo9BGple/6FVh6JaBJGwHgE97iOFo/s1mFZmmRq', true, null);
INSERT INTO art_ping.user VALUES ('2674527c-24b2-47ae-8d28-cc731a04d96f', 'testUser229', '$2a$10$9qDabrQVc3Voqnm61lmcUuCHfeHIKr/wpFCFhsoMDmrUutmhrWEEq', true, null);
INSERT INTO art_ping.user VALUES ('738fbaf0-7073-48dd-be1e-6b2b9f03ad14', 'testUser230', '$2a$10$NML04Xo0RMkJNDwC7QiRz./n2yqPUMXCVRGmdXFb1kQ3MM4J2R36W', true, null);
INSERT INTO art_ping.user VALUES ('16fcfa12-52b3-48a3-8644-5ec93544936b', 'testUser231', '$2a$10$OhraaWdmoh3X.4YgSCLJmuvFS8jZplxnYWOdiWYIDZmx/ryNiAXBK', true, null);
INSERT INTO art_ping.user VALUES ('e79fa6a5-d1d1-4a99-96ff-878428cf10ec', 'testUser232', '$2a$10$WUY7bo6ghttq4TXSkTaKlOJ7mnBNzK.GzgK8oXptKMwXynm8Q2xFm', true, null);
INSERT INTO art_ping.user VALUES ('b6f1838d-9cb7-4164-b1fa-e8280af16de0', 'testUser233', '$2a$10$S76GCGRZnLQ8HTQ6Sjfq/OH8ApigHlp/eVF7nByFROSnktRVGD3Z6', true, null);
INSERT INTO art_ping.user VALUES ('d891f045-c727-43c1-8f69-a565b0bf41bc', 'testUser234', '$2a$10$ph61czUWBzFt5Hk/13spsu6Z8m7gnkjNTt5GwiENtPp/Hgf.EQTHG', true, null);
INSERT INTO art_ping.user VALUES ('35ef731b-0477-4c6a-97c5-cc735ca31716', 'testUser235', '$2a$10$HrItbWGoT1yWcxczEb2HNeo2c1akv1UD9lLkgOVIZWqDgqrK1zUZ6', true, null);
INSERT INTO art_ping.user VALUES ('bd7c7be5-a96a-4da2-aa2a-8e0ee8fef25a', 'testUser236', '$2a$10$YaGPeVqeKONC79gHM1k0weK/hFmd37t0yLtqaIIhWEpvtcPTt6vqu', true, null);
INSERT INTO art_ping.user VALUES ('721099dd-5971-4f09-8003-0529a44fd72e', 'testUser237', '$2a$10$jO7gkMYpx7aMp.pLXPGUU.a0KX7Y9l5KW6LnbcbPsd/HddbS7s.wu', true, null);
INSERT INTO art_ping.user VALUES ('09261af2-df7b-44f2-9937-c696a5f938d1', 'testUser238', '$2a$10$FfGCDvik9.tM.WRv3KtCLOBV4CBCjj/FKCHBth2BdYr.cPYE/9Fmm', true, null);
INSERT INTO art_ping.user VALUES ('08885e1d-ca60-4405-8511-13c8dfb5787d', 'testUser239', '$2a$10$cdvUur1kg.gjXRagY.E0u.N/9d4wnR6ZIuGJ8UEpBJsHU50TwoNR2', true, null);
INSERT INTO art_ping.user VALUES ('81b04144-16b5-4bb8-9e28-a3c11e7fe8f4', 'testUser240', '$2a$10$XLGoBrjtEMyqXEOT9i74KusqHN.ZsePOsJhfXQuZwFBxpJJIG9/Ri', true, null);
INSERT INTO art_ping.user VALUES ('95ca7db4-b3cd-4e35-b126-a66c0b542299', 'testUser241', '$2a$10$dbv7csjpMS112qkCaT5ReOirHM5svUc5vXuRVSFy.8cDQuXtKO9T.', true, null);
INSERT INTO art_ping.user VALUES ('aa1a6232-2b41-433f-b7c4-5c830dbafdb3', 'testUser242', '$2a$10$9WEc.qhEeg.NBX/R1xyFHOFOFEalmewI7qhY0tr8e8.wfNTfuajwG', true, null);
INSERT INTO art_ping.user VALUES ('5453daee-da8f-4790-a036-7fccaa058687', 'testUser243', '$2a$10$GBI3KnOZt8NwKZIeIC9wjOLdYP.2XRbJofhu35p8RwPwE9KZ1q3Fy', true, null);
INSERT INTO art_ping.user VALUES ('c1846cc4-a0c0-4b1a-9e01-bb80af9d7051', 'testUser244', '$2a$10$Qad8DFRLkGOHa35Zaw4nI.RMd7try.PsNOIQKq9kznfYVD8xC6vxi', true, null);
INSERT INTO art_ping.user VALUES ('bdfdb1c0-7674-421e-a5a0-5a4800fdd8ad', 'testUser245', '$2a$10$LyVFhaS3Y21oEllBOV9oU.BibdBspm0FLc.I7aXuffCxNlmzWDNOS', true, null);
INSERT INTO art_ping.user VALUES ('ed6c311a-6208-480b-8320-17848abc91db', 'testUser246', '$2a$10$h54ekFxajsKqqWfesVm1XOMScr/Dl3M8HYQaZPnL8RywEXzFtMe0S', true, null);
INSERT INTO art_ping.user VALUES ('464605c8-77be-4007-8b4a-4cf0eaa3b745', 'testUser247', '$2a$10$cIGhLcTChKPc0JVpaqr0l.gWulAt1Vq3BSh2nFJGQS0.tz6TRVjQK', true, null);
INSERT INTO art_ping.user VALUES ('2b722b5d-0920-4d13-82d8-b4351a40184a', 'testUser248', '$2a$10$AjM124Epp9ZzLJkO8nCrW.2P0dE4gAUU3LyOIkfp5SGSABv0hvAKS', true, null);
INSERT INTO art_ping.user VALUES ('aedcc464-56f1-4911-9a50-78b51759e649', 'testUser249', '$2a$10$ZoVtxHx1LD9VxaV1QPh0f.uFLRqbYprUxCig0eLkn4xoTq93xN/NG', true, null);
INSERT INTO art_ping.user VALUES ('f3519328-3e40-4346-a329-ecdf68528df4', 'testUser250', '$2a$10$AkooFZhpzm7GMHZbmwX0c.UJxJ.9T3tx9TG18wolcJOp8iX.ITGKW', true, null);
INSERT INTO art_ping.user VALUES ('b16924d1-de32-4290-945c-e4e360428ede', 'testUser251', '$2a$10$Qa8sZEOWUrzMWhKlcK0.3uHSUpopYl3O4a2/v9Yk8It99/.mlrbiy', true, null);
INSERT INTO art_ping.user VALUES ('45c21ddc-9f12-42e3-8d78-102be0c7e641', 'testUser252', '$2a$10$YbGHqGt.VMGki86YEI7atOHqKhbr0P9KUssuKoSde2SgLZ8bNJ0c2', true, null);
INSERT INTO art_ping.user VALUES ('85564c2b-f02c-4825-a856-f49672c7d7ca', 'testUser253', '$2a$10$EL3NoV5o3JsgtR9FQiWMu.zxZ.r28XtOvXFfEpjSjmGXktJZwguZ6', true, null);
INSERT INTO art_ping.user VALUES ('780824f3-d585-4460-9d37-972d6937c9f1', 'testUser254', '$2a$10$IKFuYyFJA2bEtlB78kyRNO0xCU4VB.3ybXV.hv.cUF0rwqADZ8mnu', true, null);
INSERT INTO art_ping.user VALUES ('35b04625-2e12-4389-a713-37292e68db3d', 'testUser255', '$2a$10$7LpRkWB4p0KhV9VVD5ngc.3UM9d3BYW.0rMiaK4x1VhTSMMSwPV8i', true, null);
INSERT INTO art_ping.user VALUES ('624937f9-54ff-4d8e-85b2-0d7734b55606', 'testUser256', '$2a$10$67LQTxt/LA9pt9nabRVYfuUxDOL6fpGY.24ql/goCmT8oY7cOIDMm', true, null);
INSERT INTO art_ping.user VALUES ('b42e4fa9-9549-4b60-97e4-b6675385844f', 'testUser257', '$2a$10$l.X.6lLmWtDCT0iM9tFPxuTs2zfBJJkHuoI3/AoEMjPF03slT7Bre', true, null);
INSERT INTO art_ping.user VALUES ('ba14d137-9443-48ab-9cb8-1efe6040de97', 'testUser258', '$2a$10$pbcDWRgBa2jWRak7qyh4POFaUDCXyti6JD9g2984p25il.Tgp2Afy', true, null);
INSERT INTO art_ping.user VALUES ('a30950d0-c9d2-424e-a9bb-a3cfa6afa9d7', 'testUser259', '$2a$10$omK9e8LSrvQAhv3PBBfXxOQfdr69d/DGAd3tRkrBVR6O953ILJubC', true, null);
INSERT INTO art_ping.user VALUES ('eaac452e-3faa-484c-b620-a0604d6d1e45', 'testUser260', '$2a$10$4aoZYXS2oLlWJ83Ohffj9uLK0/zvE8FCgffJJtOxhZG4FNdz73gxi', true, null);
INSERT INTO art_ping.user VALUES ('e5557853-5f92-4623-a86f-c2d34fc00a29', 'testUser261', '$2a$10$.SrUasSDaSG1b8i1rTMMu.62mbZ/mHxtWmDw4UcahSgz.0xUl7PIy', true, null);
INSERT INTO art_ping.user VALUES ('0b35fe7b-11fe-4224-95b9-f8d41033c51b', 'testUser262', '$2a$10$eD3HKHe/gTZmzjupSsRfy.WKSEFmEtNz8xEugdRKVquEjfaOgayX2', true, null);
INSERT INTO art_ping.user VALUES ('e769a7a4-89b3-4c8b-8437-54e6f0a496a2', 'testUser263', '$2a$10$HjWFSiSkKHTgEM8.1MtOeudXnqXcCw/8aSW24bQZCcXEjpcyOuvUO', true, null);
INSERT INTO art_ping.user VALUES ('9e8deeff-c9e4-4db2-8812-9dd5f0e58bbb', 'testUser264', '$2a$10$.YNjdYZOqb1dXPqYxdv0/OkH5kvJjgA/KylBWFaNKjv2fGqGdz3zG', true, null);
INSERT INTO art_ping.user VALUES ('524d43e2-daea-48fe-bda1-6b92777f3cde', 'testUser265', '$2a$10$dcP4V60eICOlEbN9qt46yOCuDcxSpmEjaS9x9O7JiiIKrynIaq3bG', true, null);
INSERT INTO art_ping.user VALUES ('8e9b4e2e-b535-4306-bd18-5d6613b58ac1', 'testUser266', '$2a$10$3W8guslhlrbJ0qFAjY8XZO/40Qj.1rJ4hT8UaQsK4z6mroxMP1AYa', true, null);
INSERT INTO art_ping.user VALUES ('55d512b2-8cdc-4213-ae4c-4e6856744b0f', 'testUser267', '$2a$10$hKT4qSlksLc7cSBneQHe4eP9T3HCcN.kY8A7YjkRUjTHZvFxwz9gK', true, null);
INSERT INTO art_ping.user VALUES ('405b96c6-5e7d-471e-88f7-d9cc17a1aa78', 'testUser268', '$2a$10$WsgfarOvWPHNVu8DwMGGuu3/f9d57DPNyVCSOWAl58xhAuo9yrsl6', true, null);
INSERT INTO art_ping.user VALUES ('f13c8a94-6c9f-473f-aa16-76d3fe3303e0', 'testUser269', '$2a$10$RQMbOqfdPYJLoanVWr3lOOtYSsGEAfv6uebu/G8SSxol/WAp4.l1a', true, null);
INSERT INTO art_ping.user VALUES ('4796a7e0-d958-40e3-aa6c-beb94966716f', 'testUser270', '$2a$10$X/x8nYURgURvhAaJQWpDlupEgAXVoeF4BBKmIyiDqS2ypUWUJPq7K', true, null);
INSERT INTO art_ping.user VALUES ('b4f3c64b-fd1c-4fe5-a1f7-f1e80d69c986', 'testUser271', '$2a$10$zhJUhH4Pr3CQ7GNi8uy0/uvYPcQofVuC8f/rNw35a3OCk9fvjePl6', true, null);
INSERT INTO art_ping.user VALUES ('eafdee8f-d663-44dc-92bf-ca7e75179bd1', 'testUser272', '$2a$10$n7RIWom2erWribFcICsOBeBcKaNBD6fFgTNcJUSeUJuxYPSuaYuKy', true, null);
INSERT INTO art_ping.user VALUES ('e94f683b-64d5-416f-ba53-72b2c713be1f', 'testUser273', '$2a$10$GLV6mzp0O2lneLmA8Qveb.Dkl6HhoQ9LYtyYNviXcmLK7DQLGfcW6', true, null);
INSERT INTO art_ping.user VALUES ('15deee5e-9238-46f9-bd12-f2ece08718b9', 'testUser274', '$2a$10$tKsV5IRT6JVuS3BD6i6WQOCGCAHnHbi3OGdD0hUoHJZgw98WtS2D.', true, null);
INSERT INTO art_ping.user VALUES ('6762349e-ae02-41a7-8572-82799a571a7b', 'testUser275', '$2a$10$o0eU5BtvICBvD0l3x0lhSOS9.zoZwuqPiBwmQK.KuZOFo86D8ZJjC', true, null);
INSERT INTO art_ping.user VALUES ('db7008c3-0325-45da-b348-40ce4cd603db', 'testUser276', '$2a$10$s7FRWaTQ0mEA6wGEDhy8nOr956DSa6ae2jpIdcppuFRWdmioAYQWy', true, null);
INSERT INTO art_ping.user VALUES ('5f135263-6e7a-4110-b141-76e67edddf28', 'testUser277', '$2a$10$3HuaS/LGQhU78pblJnieE.M6lidy9WGii.h8p6zuQbLsR.1G1ssL2', true, null);
INSERT INTO art_ping.user VALUES ('ddb1a037-31cc-4b9a-a3ee-8d7fdb6dd13c', 'testUser278', '$2a$10$D8SIA7lOzgqP8/vzUZqV5.E5GDm7YWaeKNP4EZPVpK8SKBsv95sqy', true, null);
INSERT INTO art_ping.user VALUES ('4602567c-8726-468c-a047-3170646dbd99', 'testUser279', '$2a$10$0rV.cVzw.dPULnR9ynEVouhEAA5vbBaZdKlvE4t/GaEnBC7qRuYLe', true, null);
INSERT INTO art_ping.user VALUES ('3f84a34a-4e54-4284-9164-77a9b14c3d01', 'testUser280', '$2a$10$5HeUvKIefNMGcujGu6.TM.NhxOHlCaGkTSVT9KLYT6FkN9yaB.L.y', true, null);
INSERT INTO art_ping.user VALUES ('68927387-54d8-4f07-a285-c5fe746bb0d5', 'testUser281', '$2a$10$cooqVLhGrWxRE5SvAiwIO.9tErhGhbZc/rZqkEsIhBW1u5BqVWZ/m', true, null);
INSERT INTO art_ping.user VALUES ('cdaf2292-64eb-4437-8fd0-bfff783e2064', 'testUser282', '$2a$10$nstRYVXPR2ndfEOqpe.b2O/1oRnYKoj13wztX1whFYpJvkqAQU6zi', true, null);
INSERT INTO art_ping.user VALUES ('743d8599-b290-4513-9a29-75551d5e7179', 'testUser283', '$2a$10$OyiTnOSUui585rtFVPONRO2xEa4/YGy/CU663S1xkO5JfuzHLw.Ju', true, null);
INSERT INTO art_ping.user VALUES ('a5ee536f-7065-48cc-927e-3bdf4b47abbb', 'testUser284', '$2a$10$wmC3hdVk4YW4irpLB5KJ9uLogCyVLdk81cVx2KVlRnqLiXURcQuIa', true, null);
INSERT INTO art_ping.user VALUES ('c8b7ba27-ca53-4fb0-8f0c-601e54130ecf', 'testUser285', '$2a$10$OD05UZSjYa5cEk3dUvP05eiVFkemt1/o22gpXzCcxP3mdM4ojlTIi', true, null);
INSERT INTO art_ping.user VALUES ('a0ec9d0a-05e5-4d42-8cda-9fabfdd0df28', 'testUser286', '$2a$10$ju2h6uoSwNXkLAfasYVZs.Iaqcum4HQfyvSuo3BxlJvqHmm4B2O8W', true, null);
INSERT INTO art_ping.user VALUES ('3c650b22-de68-44d0-a6d6-326d79d52b83', 'testUser287', '$2a$10$mGt3T7iRcCvvBo9ebA6QleeERqsCeTqtY2Ama7fFCYi5h5CwN8D5y', true, null);
INSERT INTO art_ping.user VALUES ('1b7c7aa8-d230-4d83-8bcc-1780eb2e58cf', 'testUser288', '$2a$10$sjjTpzi8ifzkjLW2ldPiseRoZVWavyWJtG1yAo7nI8OMMD5pYFFS2', true, null);
INSERT INTO art_ping.user VALUES ('9c79a690-1c6e-4354-a0a9-fe1104a1dba4', 'testUser289', '$2a$10$I8zGabuLojzsmOwYbFbYSO1GVbzVl6QP7iJ5OX98nT2g2xwP3K8OW', true, null);
INSERT INTO art_ping.user VALUES ('f1f35f59-9c96-4f61-99c4-5f6eb21299aa', 'testUser290', '$2a$10$66VN33H7WzKyhAG7li9vWeqESeMrtbEoTBr1GHke7RW/./yVgWmHK', true, null);
INSERT INTO art_ping.user VALUES ('cbbff474-f711-4650-ba42-0a83323f175b', 'testUser291', '$2a$10$cCylsktet4/DB6kw0u/Qku0uzgR2ojxGTyMDvBRiQJTDG./MeN/.m', true, null);
INSERT INTO art_ping.user VALUES ('b80a7144-a60f-47f8-9b24-57fa36109489', 'testUser292', '$2a$10$zji.om1aKpIsAt5HGCV1xuQvBpR5QinX6/73lqYoV/dyZVjButC66', true, null);
INSERT INTO art_ping.user VALUES ('8a65a632-0542-4194-a1ea-1da97d63a390', 'testUser293', '$2a$10$zuh6uUc2UKfjDbxFhKv5iukvFIBaqAnKtbJXAW9zQ5H7WQY5lKYRK', true, null);
INSERT INTO art_ping.user VALUES ('ecd7e289-1711-4514-910c-ff29ec1810e4', 'testUser294', '$2a$10$LT9Ue98YHsXAo38CzhROfOZ8zfzGDPWy2wkF.aP/iqWfizIctcX5K', true, null);
INSERT INTO art_ping.user VALUES ('5b1c9d88-922b-4153-8029-bba69a9d2b4e', 'testUser295', '$2a$10$gSjHj7dzGrSKzKetHtljaOauWg5vY/g.bMynzJSXX8aNWLsTLbn8m', true, null);
INSERT INTO art_ping.user VALUES ('199f5dc5-60fb-4f51-8606-728fe1530697', 'testUser296', '$2a$10$u3IExjI.DFlvhFCVG2zAW.R6qLUt3lF10pou79dbhbg/3duPpHaYe', true, null);
INSERT INTO art_ping.user VALUES ('49450bc8-ba22-4c2a-9435-fc0ee9ddcabc', 'testUser297', '$2a$10$A1IRZCGl9w8DyogX7fiuB.FQRjqUkG8l2O0LNOS/ElBwR3ca46MCK', true, null);
INSERT INTO art_ping.user VALUES ('1ee90591-2127-4b34-a66f-bc094cdab992', 'testUser298', '$2a$10$2AklZj9/35.UczLExG8bpudndpX23xqRujAzxq09clhT1NYfnvJRO', true, null);
INSERT INTO art_ping.user VALUES ('f99a694c-6071-4abf-8744-9a394c8b2d3c', 'testUser299', '$2a$10$TwKRCH1Q4yfdTGxZDZNGhe0oFcXapAMMaNfPLoFcfwZNcNQGbXiGm', true, null);
INSERT INTO art_ping.employee (id, first_name, last_name, office_id, user_id, leave_date, updated, login, email, calendar_id) VALUES ('a7242506-b4ec-4e3a-887b-1d9d87c81e5e', 'employeeName0', 'employeeLastName0', '7dcb5349-417c-4cac-b168-f36b87d58e53', 'e84533c0-0fb0-4d78-8946-9f0212fde368', null, '2021-12-23T15:53:09.810620800', 'testUser0', 'employee0@em.com', '0d287e9e-6dd6-4473-ad12-9f588e9a95c5');
INSERT INTO art_ping.employee_role VALUES ('341c89c2-770b-4cc4-b0d4-98bff4f6d1c7', 'a7242506-b4ec-4e3a-887b-1d9d87c81e5e', '992e5c70-7b14-44ae-b2fc-d0c884659841');
INSERT INTO art_ping.employee_role VALUES ('4dcf66bf-8a1d-4520-8ca4-c36afafb062e', 'a7242506-b4ec-4e3a-887b-1d9d87c81e5e', '5b204bc5-6430-4939-aa23-17b1482c6d98');
INSERT INTO art_ping.employee_role VALUES ('395cc89b-e011-4278-a9b9-b1f843a736aa', 'a7242506-b4ec-4e3a-887b-1d9d87c81e5e', 'e7051ffa-0edb-4ac7-84ed-12c1d3b2b5f8');
INSERT INTO art_ping.employee_role VALUES ('ae3ede8e-0264-4b32-8c72-251f9952506c', 'a7242506-b4ec-4e3a-887b-1d9d87c81e5e', 'eea13552-ad24-4165-bce4-f1b22776739c');
INSERT INTO art_ping.employee (id, first_name, last_name, office_id, user_id, leave_date, updated, login, email, calendar_id) VALUES ('e1bdea22-2992-489c-b20f-decfe60d28b9', 'employeeName1', 'employeeLastName1', '1c6d1efc-c63c-4297-ae72-54ad50e78394', 'd3496746-59fc-4aee-9241-643535542a27', null, '2021-12-23T15:53:09.817620', 'testUser1', 'employee1@em.com', '1d93117a-7c37-4bb4-9482-c9c0f0347541');
INSERT INTO art_ping.employee_role VALUES ('53c6c0cf-098c-4ccb-9610-0fb5a16931cb', 'e1bdea22-2992-489c-b20f-decfe60d28b9', '5b204bc5-6430-4939-aa23-17b1482c6d98');
INSERT INTO art_ping.employee_role VALUES ('9a501bb6-fea9-4841-a930-e4a8c35f2874', 'e1bdea22-2992-489c-b20f-decfe60d28b9', 'eea13552-ad24-4165-bce4-f1b22776739c');
INSERT INTO art_ping.employee (id, first_name, last_name, office_id, user_id, leave_date, updated, login, email, calendar_id) VALUES ('0012324d-6938-462e-86b1-b6e78d35d9e2', 'employeeName2', 'employeeLastName2', 'b106c772-d860-4491-8206-afc34e8cba54', 'c525cbe4-2fcb-4cd5-916b-63d6ee7b7dd6', null, '2021-12-23T15:53:09.817620', 'testUser2', 'employee2@em.com', 'aa756158-d942-4831-9f7f-4183ac82f6ee');
INSERT INTO art_ping.employee_role VALUES ('424dd3d2-4231-4514-9bfa-6248fcdfaa3f', '0012324d-6938-462e-86b1-b6e78d35d9e2', '992e5c70-7b14-44ae-b2fc-d0c884659841');
INSERT INTO art_ping.employee_role VALUES ('846dfb2b-7c93-4d79-a6c5-b497d3bae97c', '0012324d-6938-462e-86b1-b6e78d35d9e2', '5b204bc5-6430-4939-aa23-17b1482c6d98');
INSERT INTO art_ping.employee_role VALUES ('db38f6c7-c084-4025-aab2-2791d76eca6e', '0012324d-6938-462e-86b1-b6e78d35d9e2', 'eea13552-ad24-4165-bce4-f1b22776739c');
INSERT INTO art_ping.employee (id, first_name, last_name, office_id, user_id, leave_date, updated, login, email, calendar_id) VALUES ('04c1638e-bf5b-461f-b8d3-f1e46ff36e32', 'employeeName3', 'employeeLastName3', '20276ea8-536a-45a2-99a5-fb044be5a1fd', '01f15f20-fc08-485d-b5ec-d142fd9e72cb', null, '2021-12-23T15:53:09.817620', 'testUser3', 'employee3@em.com', '6767edac-df6d-48d8-9619-63168204fed5');
INSERT INTO art_ping.employee_role VALUES ('88588a65-11ac-45bc-b826-1ea03eff62bb', '04c1638e-bf5b-461f-b8d3-f1e46ff36e32', '992e5c70-7b14-44ae-b2fc-d0c884659841');
INSERT INTO art_ping.employee_role VALUES ('c0d397c6-bac0-40d4-9cd4-f19b87438455', '04c1638e-bf5b-461f-b8d3-f1e46ff36e32', 'e7051ffa-0edb-4ac7-84ed-12c1d3b2b5f8');
INSERT INTO art_ping.employee_role VALUES ('17e840f6-1834-41d4-b944-432bfe0f460c', '04c1638e-bf5b-461f-b8d3-f1e46ff36e32', 'eea13552-ad24-4165-bce4-f1b22776739c');
INSERT INTO art_ping.employee (id, first_name, last_name, office_id, user_id, leave_date, updated, login, email, calendar_id) VALUES ('1409dba6-641a-4960-aedb-2b39cebf08de', 'employeeName4', 'employeeLastName4', '00b3aeca-7bba-432d-80dc-fb2239d1ce36', '9f18add5-c8a0-49aa-b041-77713f409440', null, '2021-12-23T15:53:09.817620', 'testUser4', 'employee4@em.com', 'c7db0ad7-d973-40a5-a8a0-6308fcf0254e');
INSERT INTO art_ping.employee_role VALUES ('10855311-b5c9-437b-9d1b-a4fb2d2cbb69', '1409dba6-641a-4960-aedb-2b39cebf08de', 'e7051ffa-0edb-4ac7-84ed-12c1d3b2b5f8');
INSERT INTO art_ping.employee_role VALUES ('3984a95b-44dd-4de6-bdc8-c17fe0613fa4', '1409dba6-641a-4960-aedb-2b39cebf08de', 'eea13552-ad24-4165-bce4-f1b22776739c');
INSERT INTO art_ping.employee (id, first_name, last_name, office_id, user_id, leave_date, updated, login, email, calendar_id) VALUES ('dddddd51-a076-494c-bed6-854476f58359', 'employeeName5', 'employeeLastName5', '52c7a166-d490-4f5e-b87b-709b6d76b6c6', '992060a3-ecbf-4b66-a1d9-accb5cc47c8b', null, '2021-12-23T15:53:09.818620', 'testUser5', 'employee5@em.com', '2c1aca41-1263-4c14-a164-85ebbe7a2530');
INSERT INTO art_ping.employee_role VALUES ('505459c8-5e6d-494e-8c13-7564b27de481', 'dddddd51-a076-494c-bed6-854476f58359', '992e5c70-7b14-44ae-b2fc-d0c884659841');
INSERT INTO art_ping.employee_role VALUES ('974ebe3e-7726-4085-b6b9-6ae64b15de18', 'dddddd51-a076-494c-bed6-854476f58359', '5b204bc5-6430-4939-aa23-17b1482c6d98');
INSERT INTO art_ping.employee_role VALUES ('efa2073e-4b9f-49b3-887f-9290d4424954', 'dddddd51-a076-494c-bed6-854476f58359', '9f4932a6-c650-4cd2-9338-2eefa47aeb35');
INSERT INTO art_ping.employee_role VALUES ('96478cfc-f4b5-4905-a4eb-fc58f42b2edf', 'dddddd51-a076-494c-bed6-854476f58359', 'eea13552-ad24-4165-bce4-f1b22776739c');
INSERT INTO art_ping.employee (id, first_name, last_name, office_id, user_id, leave_date, updated, login, email, calendar_id) VALUES ('6b594298-35f0-426e-8e52-94565eb771a4', 'employeeName6', 'employeeLastName6', '596be8fb-f3d9-4619-80bd-42189f10b203', 'cc378833-baf8-412b-bc98-a70bf00f093b', null, '2021-12-23T15:53:09.818620', 'testUser6', 'employee6@em.com', '2d1bcc5c-2962-412f-909b-9c761decd022');
INSERT INTO art_ping.employee_role VALUES ('1defd92c-5b3a-4a42-9eb3-f5763596dc9e', '6b594298-35f0-426e-8e52-94565eb771a4', '992e5c70-7b14-44ae-b2fc-d0c884659841');
INSERT INTO art_ping.employee_role VALUES ('e8e68b5c-afaa-46c9-bb65-3b8352e8be39', '6b594298-35f0-426e-8e52-94565eb771a4', '9f4932a6-c650-4cd2-9338-2eefa47aeb35');
INSERT INTO art_ping.employee_role VALUES ('054a410a-cc0f-4f7c-acc5-f3873d55611c', '6b594298-35f0-426e-8e52-94565eb771a4', 'e7051ffa-0edb-4ac7-84ed-12c1d3b2b5f8');
INSERT INTO art_ping.employee_role VALUES ('7e357b25-f362-49d9-b3b0-1768d79908f7', '6b594298-35f0-426e-8e52-94565eb771a4', 'eea13552-ad24-4165-bce4-f1b22776739c');
INSERT INTO art_ping.employee (id, first_name, last_name, office_id, user_id, leave_date, updated, login, email, calendar_id) VALUES ('9b33d0fa-6e3b-4239-88fb-62e283a1ceff', 'employeeName7', 'employeeLastName7', '41d337e8-5467-408e-8e74-32f7fa980182', 'f8bcac55-d462-44c9-8660-cc4526242070', null, '2021-12-23T15:53:09.818620', 'testUser7', 'employee7@em.com', '3135532f-bdb7-49dd-bce9-6ae43a6b0cf1');
INSERT INTO art_ping.employee_role VALUES ('62d2c616-b430-475c-a3b4-e950c3fc74f0', '9b33d0fa-6e3b-4239-88fb-62e283a1ceff', 'eea13552-ad24-4165-bce4-f1b22776739c');
INSERT INTO art_ping.employee (id, first_name, last_name, office_id, user_id, leave_date, updated, login, email, calendar_id) VALUES ('6224d9c8-2988-4b5b-b9da-9ddc1d521a32', 'employeeName8', 'employeeLastName8', '3e81ac3c-5bb2-48b4-aaec-c3df2174fc73', '802c6633-2fbd-420c-bade-e14dd611ff06', null, '2021-12-23T15:53:09.818620', 'testUser8', 'employee8@em.com', 'fb333015-9403-4a3d-bf4b-bc8d771ac188');
INSERT INTO art_ping.employee_role VALUES ('9a039046-bbad-4e72-8940-5dbdc76625a9', '6224d9c8-2988-4b5b-b9da-9ddc1d521a32', 'eea13552-ad24-4165-bce4-f1b22776739c');
INSERT INTO art_ping.employee (id, first_name, last_name, office_id, user_id, leave_date, updated, login, email, calendar_id) VALUES ('454cef13-92b0-4e56-87d9-18c3c57c92b2', 'employeeName9', 'employeeLastName9', '52c7a166-d490-4f5e-b87b-709b6d76b6c6', '1897b9ea-b3b6-4cf9-937e-bcb74a98372c', null, '2021-12-23T15:53:09.818620', 'testUser9', 'employee9@em.com', '2c1aca41-1263-4c14-a164-85ebbe7a2530');
INSERT INTO art_ping.employee_role VALUES ('5b3a4084-483d-4c27-8a36-300db8e765e2', '454cef13-92b0-4e56-87d9-18c3c57c92b2', '9f4932a6-c650-4cd2-9338-2eefa47aeb35');
INSERT INTO art_ping.employee_role VALUES ('47db288d-019a-487a-854b-2ea57e19bad7', '454cef13-92b0-4e56-87d9-18c3c57c92b2', 'e7051ffa-0edb-4ac7-84ed-12c1d3b2b5f8');
INSERT INTO art_ping.employee_role VALUES ('e50eb504-cab2-46dd-b752-d94f293075e7', '454cef13-92b0-4e56-87d9-18c3c57c92b2', 'eea13552-ad24-4165-bce4-f1b22776739c');
INSERT INTO art_ping.employee (id, first_name, last_name, office_id, user_id, leave_date, updated, login, email, calendar_id) VALUES ('59528bd9-5caf-4f96-9662-01f2ce5303ee', 'employeeName10', 'employeeLastName10', 'b4d174e7-cff6-46ae-b602-6451385afe1c', 'de9b57f6-0cf0-4dbb-bb77-8046322c47b4', null, '2021-12-23T15:53:09.818620', 'testUser10', 'employee10@em.com', '65ee8bf0-7ad2-4273-9bf1-cdcf9e2aade3');
INSERT INTO art_ping.employee_role VALUES ('d8256f03-6646-4add-b7f2-c6d981d38158', '59528bd9-5caf-4f96-9662-01f2ce5303ee', 'e7051ffa-0edb-4ac7-84ed-12c1d3b2b5f8');
INSERT INTO art_ping.employee_role VALUES ('04254fe3-61ee-4f9c-b1fc-56091d7cbb2c', '59528bd9-5caf-4f96-9662-01f2ce5303ee', 'eea13552-ad24-4165-bce4-f1b22776739c');
INSERT INTO art_ping.employee (id, first_name, last_name, office_id, user_id, leave_date, updated, login, email, calendar_id) VALUES ('9591c510-dd28-4ecc-a62c-0ad37b30e650', 'employeeName11', 'employeeLastName11', '20276ea8-536a-45a2-99a5-fb044be5a1fd', '9908d0c4-49a7-401c-8a9b-31c1e6d2bb5a', null, '2021-12-23T15:53:09.818620', 'testUser11', 'employee11@em.com', '6767edac-df6d-48d8-9619-63168204fed5');
INSERT INTO art_ping.employee_role VALUES ('4a0b6b3e-4f0e-44da-a0e2-4b61445bdd99', '9591c510-dd28-4ecc-a62c-0ad37b30e650', '992e5c70-7b14-44ae-b2fc-d0c884659841');
INSERT INTO art_ping.employee_role VALUES ('629bd774-84e2-453a-a50c-108981b5d8ce', '9591c510-dd28-4ecc-a62c-0ad37b30e650', '5b204bc5-6430-4939-aa23-17b1482c6d98');
INSERT INTO art_ping.employee_role VALUES ('71ff2e78-4b21-441d-9ee8-b73a2daab0c9', '9591c510-dd28-4ecc-a62c-0ad37b30e650', '9f4932a6-c650-4cd2-9338-2eefa47aeb35');
INSERT INTO art_ping.employee_role VALUES ('952c5e56-1b84-4d64-8720-2512e6d0d213', '9591c510-dd28-4ecc-a62c-0ad37b30e650', 'eea13552-ad24-4165-bce4-f1b22776739c');
INSERT INTO art_ping.employee (id, first_name, last_name, office_id, user_id, leave_date, updated, login, email, calendar_id) VALUES ('f65d8360-4cab-450e-b411-9e4dac49acbb', 'employeeName12', 'employeeLastName12', '1d430680-a5bb-44e0-89bf-52bcfd575da5', '84e0fcc6-0e4e-40c1-977b-f05ae17cf97f', null, '2021-12-23T15:53:09.818620', 'testUser12', 'employee12@em.com', '359b1098-039b-4845-8e60-eb05d970e778');
INSERT INTO art_ping.employee_role VALUES ('a4c10ca9-8364-42c8-b157-0354c4bc28a9', 'f65d8360-4cab-450e-b411-9e4dac49acbb', '5b204bc5-6430-4939-aa23-17b1482c6d98');
INSERT INTO art_ping.employee_role VALUES ('e64b829e-79d4-41ea-994a-a5a7c91b50b0', 'f65d8360-4cab-450e-b411-9e4dac49acbb', '992e5c70-7b14-44ae-b2fc-d0c884659841');
INSERT INTO art_ping.employee_role VALUES ('952c5e56-1b84-4d64-8720-2512e6d0d213', '9591c510-dd28-4ecc-a62c-0ad37b30e650', 'eea13552-ad24-4165-bce4-f1b22776739c');
INSERT INTO art_ping.employee (id, first_name, last_name, office_id, user_id, leave_date, updated, login, email, calendar_id) VALUES ('cb792447-9bb3-4866-8870-854fe255e726', 'employeeName13', 'employeeLastName13', 'd854e11d-6c39-4836-9e32-7be3abcbc809', '0ae34b7c-d96e-47d6-a10f-94fcb6eb5204', null, '2021-12-23T15:53:09.818620', 'testUser13', 'employee13@em.com', '0d287e9e-6dd6-4473-ad12-9f588e9a95c5');
INSERT INTO art_ping.employee_role VALUES ('bfc507a5-efcb-46e6-bc60-a4eceaea3345', 'cb792447-9bb3-4866-8870-854fe255e726', '5b204bc5-6430-4939-aa23-17b1482c6d98');
INSERT INTO art_ping.employee_role VALUES ('d3e1f54a-359a-432a-84bf-a7963fa7664d', 'cb792447-9bb3-4866-8870-854fe255e726', '9f4932a6-c650-4cd2-9338-2eefa47aeb35');
INSERT INTO art_ping.employee_role VALUES ('55d6734d-c9ef-47c6-ba5f-5a327fabbe70', 'cb792447-9bb3-4866-8870-854fe255e726', '992e5c70-7b14-44ae-b2fc-d0c884659841');
INSERT INTO art_ping.employee_role VALUES ('952c5e56-1b84-4d64-8720-2512e6d0d213', '9591c510-dd28-4ecc-a62c-0ad37b30e650', 'eea13552-ad24-4165-bce4-f1b22776739c');
INSERT INTO art_ping.employee (id, first_name, last_name, office_id, user_id, leave_date, updated, login, email, calendar_id) VALUES ('33a20cde-c2af-4afd-9e78-351a71c6865f', 'employeeName14', 'employeeLastName14', '4c397515-224d-43ea-92c5-95fbe20faf8a', '08029bb6-20ab-4b01-9e11-8635d3eac732', null, '2021-12-23T15:53:09.818620', 'testUser14', 'employee14@em.com', '806ef06a-7883-442e-ba1e-c983de46014a');
INSERT INTO art_ping.employee_role VALUES ('bb38d001-6e0f-444e-ba03-48f7cba42c14', '33a20cde-c2af-4afd-9e78-351a71c6865f', '992e5c70-7b14-44ae-b2fc-d0c884659841');
INSERT INTO art_ping.employee_role VALUES ('77e1d5b7-2cab-4175-b51e-2417304a1414', '33a20cde-c2af-4afd-9e78-351a71c6865f', '9f4932a6-c650-4cd2-9338-2eefa47aeb35');
INSERT INTO art_ping.employee_role VALUES ('357d8575-72da-47d4-8e5c-667537d11bb6', '33a20cde-c2af-4afd-9e78-351a71c6865f', 'e7051ffa-0edb-4ac7-84ed-12c1d3b2b5f8');
INSERT INTO art_ping.employee_role VALUES ('ac6ed2af-20bc-475c-834e-231ff0961b1d', '33a20cde-c2af-4afd-9e78-351a71c6865f', 'eea13552-ad24-4165-bce4-f1b22776739c');
INSERT INTO art_ping.employee (id, first_name, last_name, office_id, user_id, leave_date, updated, login, email, calendar_id) VALUES ('e53df53d-5cdd-413e-8606-289626360a05', 'employeeName15', 'employeeLastName15', '3e844aa1-2eba-47f5-84c7-667d3c1ff7be', 'a82778cd-0a0e-4d8f-affa-7c05f9c38057', null, '2021-12-23T15:53:09.818620', 'testUser15', 'employee15@em.com', '2c2404ba-8694-423e-b76e-071baeb79ea3');
INSERT INTO art_ping.employee_role VALUES ('f146d841-6f45-4d65-9561-484329cf7dd0', 'e53df53d-5cdd-413e-8606-289626360a05', '992e5c70-7b14-44ae-b2fc-d0c884659841');
INSERT INTO art_ping.employee_role VALUES ('df2287ae-830a-49a5-b0dd-f9dfb932e231', 'e53df53d-5cdd-413e-8606-289626360a05', '5b204bc5-6430-4939-aa23-17b1482c6d98');
INSERT INTO art_ping.employee_role VALUES ('3ca0e117-0086-47ff-9166-b8f7b811f8f3', 'e53df53d-5cdd-413e-8606-289626360a05', 'eea13552-ad24-4165-bce4-f1b22776739c');
INSERT INTO art_ping.employee (id, first_name, last_name, office_id, user_id, leave_date, updated, login, email, calendar_id) VALUES ('4d22d09f-b030-4274-a1a1-6acb3969d0c7', 'employeeName16', 'employeeLastName16', '13589c4d-295f-4d31-9e67-df38071a32c5', 'b4dc3913-9cdd-46fa-a3f3-4b86a8cbc2c6', null, '2021-12-23T15:53:09.818620', 'testUser16', 'employee16@em.com', 'd2fde2a9-dff4-4c63-85a8-5a01f3841efd');
INSERT INTO art_ping.employee_role VALUES ('4bebd9d5-3f83-4101-aed1-41669b635440', '4d22d09f-b030-4274-a1a1-6acb3969d0c7', '9f4932a6-c650-4cd2-9338-2eefa47aeb35');
INSERT INTO art_ping.employee_role VALUES ('d914c280-73d0-4ab4-b036-1f5dd1a8677e', '4d22d09f-b030-4274-a1a1-6acb3969d0c7', 'eea13552-ad24-4165-bce4-f1b22776739c');
INSERT INTO art_ping.employee (id, first_name, last_name, office_id, user_id, leave_date, updated, login, email, calendar_id) VALUES ('180ec0b3-23d5-47d0-966b-09f5f5dbb6af', 'employeeName17', 'employeeLastName17', '3e81ac3c-5bb2-48b4-aaec-c3df2174fc73', 'a2aeb035-1991-481f-8e94-be2bb28166e1', null, '2021-12-23T15:53:09.818620', 'testUser17', 'employee17@em.com', 'fb333015-9403-4a3d-bf4b-bc8d771ac188');
INSERT INTO art_ping.employee_role VALUES ('073e4cd4-72d1-42fa-9134-8c9cc251eee7', '180ec0b3-23d5-47d0-966b-09f5f5dbb6af', '9f4932a6-c650-4cd2-9338-2eefa47aeb35');
INSERT INTO art_ping.employee_role VALUES ('b08c5358-d544-4e90-8185-9e7b2648adad', '180ec0b3-23d5-47d0-966b-09f5f5dbb6af', 'e7051ffa-0edb-4ac7-84ed-12c1d3b2b5f8');
INSERT INTO art_ping.employee_role VALUES ('c8864112-9edc-4931-ba49-01266638d5f4', '180ec0b3-23d5-47d0-966b-09f5f5dbb6af', 'eea13552-ad24-4165-bce4-f1b22776739c');
INSERT INTO art_ping.employee (id, first_name, last_name, office_id, user_id, leave_date, updated, login, email, calendar_id) VALUES ('83ac73a9-b34e-48ea-be0d-87c562931615', 'employeeName18', 'employeeLastName18', '2bb6897e-6efb-4ea8-a567-9f6cf7ab68af', '7f8b5181-6e29-47b9-a5ac-701f812001ee', null, '2021-12-23T15:53:09.818620', 'testUser18', 'employee18@em.com', '359b1098-039b-4845-8e60-eb05d970e778');
INSERT INTO art_ping.employee_role VALUES ('cf83d350-86f3-450d-bf70-bcfaa0d31823', '83ac73a9-b34e-48ea-be0d-87c562931615', '992e5c70-7b14-44ae-b2fc-d0c884659841');
INSERT INTO art_ping.employee_role VALUES ('2b68b8df-c11b-4bf0-a099-258e45d45c21', '83ac73a9-b34e-48ea-be0d-87c562931615', 'e7051ffa-0edb-4ac7-84ed-12c1d3b2b5f8');
INSERT INTO art_ping.employee_role VALUES ('94eaead9-4d9d-4c44-9fc9-b265c6759551', '83ac73a9-b34e-48ea-be0d-87c562931615', 'eea13552-ad24-4165-bce4-f1b22776739c');
INSERT INTO art_ping.employee (id, first_name, last_name, office_id, user_id, leave_date, updated, login, email, calendar_id) VALUES ('bf849790-d679-4ad8-9d77-b3d13216f656', 'employeeName19', 'employeeLastName19', 'd2c24b6d-3927-4311-a179-5e1f3168424e', '14a5e357-f8af-4902-a474-65a315e13f5d', null, '2021-12-23T15:53:09.819619100', 'testUser19', 'employee19@em.com', '9f9de325-c406-49e9-a3e9-a6b221e50c64');
INSERT INTO art_ping.employee_role VALUES ('05f10a7b-256d-4ed7-9308-a43fdc460d75', 'bf849790-d679-4ad8-9d77-b3d13216f656', '992e5c70-7b14-44ae-b2fc-d0c884659841');
INSERT INTO art_ping.employee_role VALUES ('c3addae1-4e54-4a04-98ea-645a89ce3953', 'bf849790-d679-4ad8-9d77-b3d13216f656', '5b204bc5-6430-4939-aa23-17b1482c6d98');
INSERT INTO art_ping.employee_role VALUES ('56218e36-b017-45ee-89b7-2f72b7d2e1d5', 'bf849790-d679-4ad8-9d77-b3d13216f656', '9f4932a6-c650-4cd2-9338-2eefa47aeb35');
INSERT INTO art_ping.employee_role VALUES ('a4de5b48-ff37-4967-a6b2-626c0a466daa', 'bf849790-d679-4ad8-9d77-b3d13216f656', 'e7051ffa-0edb-4ac7-84ed-12c1d3b2b5f8');
INSERT INTO art_ping.employee_role VALUES ('8e8b8512-5baf-4356-a2e2-4c0c5d2506e8', 'bf849790-d679-4ad8-9d77-b3d13216f656', 'eea13552-ad24-4165-bce4-f1b22776739c');
INSERT INTO art_ping.employee (id, first_name, last_name, office_id, user_id, leave_date, updated, login, email, calendar_id) VALUES ('56516503-f170-4f1b-8b04-7f4936684e8b', 'employeeName20', 'employeeLastName20', '0611c87a-218d-4bad-8359-70870ccb21e3', 'ed4c3935-b216-46c0-91ad-d38d79c029fa', null, '2021-12-23T15:53:09.819619100', 'testUser20', 'employee20@em.com', 'eefc2551-5301-4d3e-bdcd-25f249e62ddb');
INSERT INTO art_ping.employee_role VALUES ('44514212-f3c2-4a1a-98c0-6954367b45cd', '56516503-f170-4f1b-8b04-7f4936684e8b', '5b204bc5-6430-4939-aa23-17b1482c6d98');
INSERT INTO art_ping.employee_role VALUES ('5eee5d0d-58be-463a-972e-08117a3820e0', '56516503-f170-4f1b-8b04-7f4936684e8b', '9f4932a6-c650-4cd2-9338-2eefa47aeb35');
INSERT INTO art_ping.employee_role VALUES ('b20ed569-2ff3-4744-92cb-7217c84682b8', '56516503-f170-4f1b-8b04-7f4936684e8b', 'eea13552-ad24-4165-bce4-f1b22776739c');
INSERT INTO art_ping.employee (id, first_name, last_name, office_id, user_id, leave_date, updated, login, email, calendar_id) VALUES ('0fbe8cf2-d827-4419-9dd8-41685f088e9e', 'employeeName21', 'employeeLastName21', '80e7a2c3-f0bb-4c82-9794-19d5ecf5bfbe', 'fad6c216-a318-4b90-9c7e-4456b6074321', null, '2021-12-23T15:53:09.819619100', 'testUser21', 'employee21@em.com', '3db70ed9-e956-49eb-9747-fa360a86340e');
INSERT INTO art_ping.employee_role VALUES ('19d9428c-883f-439e-9aeb-51578f256576', '0fbe8cf2-d827-4419-9dd8-41685f088e9e', '992e5c70-7b14-44ae-b2fc-d0c884659841');
INSERT INTO art_ping.employee_role VALUES ('937793a7-c404-4221-888a-62f251ae69c3', '0fbe8cf2-d827-4419-9dd8-41685f088e9e', '5b204bc5-6430-4939-aa23-17b1482c6d98');
INSERT INTO art_ping.employee_role VALUES ('14703da2-511e-4b3f-85fe-61fd70d70ae4', '0fbe8cf2-d827-4419-9dd8-41685f088e9e', 'eea13552-ad24-4165-bce4-f1b22776739c');
INSERT INTO art_ping.employee (id, first_name, last_name, office_id, user_id, leave_date, updated, login, email, calendar_id) VALUES ('abb7e688-bd8d-4aa6-9eed-5450de8bc222', 'employeeName22', 'employeeLastName22', 'ff0818a0-fce3-4187-9b22-9c2c4b58955d', 'fccb534c-7a5d-4969-b24f-388337acad05', null, '2021-12-23T15:53:09.819619100', 'testUser22', 'employee22@em.com', 'eefc2551-5301-4d3e-bdcd-25f249e62ddb');
INSERT INTO art_ping.employee_role VALUES ('0397d62d-faa9-41a2-94fe-7c3176db5d40', 'abb7e688-bd8d-4aa6-9eed-5450de8bc222', 'eea13552-ad24-4165-bce4-f1b22776739c');
INSERT INTO art_ping.employee (id, first_name, last_name, office_id, user_id, leave_date, updated, login, email, calendar_id) VALUES ('c46f7ec4-99b2-4db6-8f0e-7dd16fb40b62', 'employeeName23', 'employeeLastName23', '3379fe62-88e3-42df-8f85-33f436ed7aea', '56bebf72-4a97-4f0c-8b63-6c47a7d574ba', null, '2021-12-23T15:53:09.819619100', 'testUser23', 'employee23@em.com', '98be1f5b-b2aa-417d-af1f-6cbd1069b955');
INSERT INTO art_ping.employee_role VALUES ('7b73b911-be9e-4c95-b2d7-dd502074b1c0', 'c46f7ec4-99b2-4db6-8f0e-7dd16fb40b62', '5b204bc5-6430-4939-aa23-17b1482c6d98');
INSERT INTO art_ping.employee_role VALUES ('84164e67-b217-4c68-abd8-f2bb26963739', 'c46f7ec4-99b2-4db6-8f0e-7dd16fb40b62', 'e7051ffa-0edb-4ac7-84ed-12c1d3b2b5f8');
INSERT INTO art_ping.employee_role VALUES ('7eace53a-30a2-4466-be6a-147a08b5ab13', 'c46f7ec4-99b2-4db6-8f0e-7dd16fb40b62', 'eea13552-ad24-4165-bce4-f1b22776739c');
INSERT INTO art_ping.employee (id, first_name, last_name, office_id, user_id, leave_date, updated, login, email, calendar_id) VALUES ('73dc5ea9-b359-4737-8529-11f0ba856f7a', 'employeeName24', 'employeeLastName24', 'd9ff28e8-d089-4e30-aabe-2be12b068f89', '91eb1142-13b9-4ea6-b6d1-b937b641d065', null, '2021-12-23T15:53:09.819619100', 'testUser24', 'employee24@em.com', '2c1aca41-1263-4c14-a164-85ebbe7a2530');
INSERT INTO art_ping.employee_role VALUES ('6814e7d4-cc7c-4863-af12-546f44e3b413', '73dc5ea9-b359-4737-8529-11f0ba856f7a', '5b204bc5-6430-4939-aa23-17b1482c6d98');
INSERT INTO art_ping.employee_role VALUES ('b75aec72-c2ea-4236-9777-f906c918ee50', '73dc5ea9-b359-4737-8529-11f0ba856f7a', '9f4932a6-c650-4cd2-9338-2eefa47aeb35');
INSERT INTO art_ping.employee_role VALUES ('0de7791b-5482-454e-ac86-bbb437756176', '73dc5ea9-b359-4737-8529-11f0ba856f7a', 'eea13552-ad24-4165-bce4-f1b22776739c');
INSERT INTO art_ping.employee (id, first_name, last_name, office_id, user_id, leave_date, updated, login, email, calendar_id) VALUES ('35b382d1-5b5b-4236-8366-556130d63523', 'employeeName25', 'employeeLastName25', '4846fab2-b454-4601-ab7e-6e0f47bf54e9', '6404e433-e306-45ae-96e0-5f64c5946f80', null, '2021-12-23T15:53:09.819619100', 'testUser25', 'employee25@em.com', 'a96491c5-2ce0-457e-a326-8aa8f88ecc7e');
INSERT INTO art_ping.employee_role VALUES ('11a452b8-e64f-44ae-86c1-7cf7de8cdd36', '35b382d1-5b5b-4236-8366-556130d63523', '992e5c70-7b14-44ae-b2fc-d0c884659841');
INSERT INTO art_ping.employee_role VALUES ('cbac58a5-a1e7-41cf-88c6-e62b18beefb3', '35b382d1-5b5b-4236-8366-556130d63523', '5b204bc5-6430-4939-aa23-17b1482c6d98');
INSERT INTO art_ping.employee_role VALUES ('31f5edc2-ed2a-4d1a-95c9-0825baf27449', '35b382d1-5b5b-4236-8366-556130d63523', 'e7051ffa-0edb-4ac7-84ed-12c1d3b2b5f8');
INSERT INTO art_ping.employee_role VALUES ('462e58b4-ba3c-4dc4-b322-554e040f1120', '35b382d1-5b5b-4236-8366-556130d63523', 'eea13552-ad24-4165-bce4-f1b22776739c');
INSERT INTO art_ping.employee (id, first_name, last_name, office_id, user_id, leave_date, updated, login, email, calendar_id) VALUES ('801e201f-8630-4b6a-ac3d-24cd64a44d85', 'employeeName26', 'employeeLastName26', '9e33e232-86d8-4527-b39a-2283d604603e', 'a69dcdbc-face-40da-bd20-8d8ea78a3325', null, '2021-12-23T15:53:09.819619100', 'testUser26', 'employee26@em.com', '68b5b71d-4837-4456-9fbc-9e6a1aa8fad7');
INSERT INTO art_ping.employee_role VALUES ('31fa02ad-eb8a-45a5-9781-4ee57ae7a898', '801e201f-8630-4b6a-ac3d-24cd64a44d85', '5b204bc5-6430-4939-aa23-17b1482c6d98');
INSERT INTO art_ping.employee_role VALUES ('c7b95f23-9934-41f7-9e86-9a92bf23e636', '801e201f-8630-4b6a-ac3d-24cd64a44d85', '9f4932a6-c650-4cd2-9338-2eefa47aeb35');
INSERT INTO art_ping.employee_role VALUES ('944f63b7-365c-43d8-9281-4a9823b5755f', '801e201f-8630-4b6a-ac3d-24cd64a44d85', 'eea13552-ad24-4165-bce4-f1b22776739c');
INSERT INTO art_ping.employee (id, first_name, last_name, office_id, user_id, leave_date, updated, login, email, calendar_id) VALUES ('b822ea78-5404-4d32-8f73-0f26cb8a459e', 'employeeName27', 'employeeLastName27', '2bb6897e-6efb-4ea8-a567-9f6cf7ab68af', '85061813-d470-4a99-a779-f66bdd3aa755', null, '2021-12-23T15:53:09.819619100', 'testUser27', 'employee27@em.com', '359b1098-039b-4845-8e60-eb05d970e778');
INSERT INTO art_ping.employee_role VALUES ('16a43363-d962-4e06-b984-2376f1dfaabd', 'b822ea78-5404-4d32-8f73-0f26cb8a459e', '992e5c70-7b14-44ae-b2fc-d0c884659841');
INSERT INTO art_ping.employee_role VALUES ('f55e3505-83d9-4c13-b240-cb7dd796af53', 'b822ea78-5404-4d32-8f73-0f26cb8a459e', '5b204bc5-6430-4939-aa23-17b1482c6d98');
INSERT INTO art_ping.employee_role VALUES ('d4b170e9-7d88-4bdf-b184-5b8ec88eab1c', 'b822ea78-5404-4d32-8f73-0f26cb8a459e', 'e7051ffa-0edb-4ac7-84ed-12c1d3b2b5f8');
INSERT INTO art_ping.employee_role VALUES ('4c8342b7-906e-41a1-bf36-bc67e80c50ee', 'b822ea78-5404-4d32-8f73-0f26cb8a459e', 'eea13552-ad24-4165-bce4-f1b22776739c');
INSERT INTO art_ping.employee (id, first_name, last_name, office_id, user_id, leave_date, updated, login, email, calendar_id) VALUES ('b31b7a99-146d-44c8-8aa3-f55fae2cd77f', 'employeeName28', 'employeeLastName28', '5b97f89c-d581-409a-9319-b8137fec100b', '43d11f10-98f0-401f-b01e-932a2fdb9d0c', null, '2021-12-23T15:53:09.819619100', 'testUser28', 'employee28@em.com', '6969566a-e5de-4f96-9c23-1ff4f220bf37');
INSERT INTO art_ping.employee_role VALUES ('2afc3674-cf80-4482-a685-7ea9c12771c8', 'b31b7a99-146d-44c8-8aa3-f55fae2cd77f', '5b204bc5-6430-4939-aa23-17b1482c6d98');
INSERT INTO art_ping.employee_role VALUES ('d4bc70c2-3d0b-46be-8826-bac01a658f15', 'b31b7a99-146d-44c8-8aa3-f55fae2cd77f', 'eea13552-ad24-4165-bce4-f1b22776739c');
INSERT INTO art_ping.employee (id, first_name, last_name, office_id, user_id, leave_date, updated, login, email, calendar_id) VALUES ('e26704e1-f069-4968-84e7-91b6277fd221', 'employeeName29', 'employeeLastName29', 'c4d28208-496e-454e-8cfb-546187654fa3', '3e183eed-288e-4806-9495-1390c140d097', null, '2021-12-23T15:53:09.819619100', 'testUser29', 'employee29@em.com', '1e556459-8c32-4b8a-b222-3fcd1967615e');
INSERT INTO art_ping.employee_role VALUES ('5ec26aaa-6977-4fb3-94e4-bab3ffddadd2', 'e26704e1-f069-4968-84e7-91b6277fd221', '5b204bc5-6430-4939-aa23-17b1482c6d98');
INSERT INTO art_ping.employee_role VALUES ('db026754-a59f-4b1a-823f-d799766e7b6a', 'e26704e1-f069-4968-84e7-91b6277fd221', '9f4932a6-c650-4cd2-9338-2eefa47aeb35');
INSERT INTO art_ping.employee_role VALUES ('8d9a439a-1639-46e3-9e7e-4c005e6737b7', 'e26704e1-f069-4968-84e7-91b6277fd221', 'e7051ffa-0edb-4ac7-84ed-12c1d3b2b5f8');
INSERT INTO art_ping.employee_role VALUES ('9df43396-cee0-4a95-8f0b-1c4bdd0b5e4d', 'e26704e1-f069-4968-84e7-91b6277fd221', 'eea13552-ad24-4165-bce4-f1b22776739c');
INSERT INTO art_ping.employee (id, first_name, last_name, office_id, user_id, leave_date, updated, login, email, calendar_id) VALUES ('8949e26c-f25d-41f8-995a-f41b22bb9670', 'employeeName30', 'employeeLastName30', '2a9470a4-4641-42d3-84f8-432a981a3133', 'ba114f17-6117-4ad2-81f0-4bada3c8e462', null, '2021-12-23T15:53:09.819619100', 'testUser30', 'employee30@em.com', 'aa756158-d942-4831-9f7f-4183ac82f6ee');
INSERT INTO art_ping.employee_role VALUES ('69fdc033-f2a2-44f8-bd9d-8cb04705b96b', '8949e26c-f25d-41f8-995a-f41b22bb9670', '5b204bc5-6430-4939-aa23-17b1482c6d98');
INSERT INTO art_ping.employee_role VALUES ('25c77f0d-97b8-43ff-82d8-1468f3bda6f7', '8949e26c-f25d-41f8-995a-f41b22bb9670', 'e7051ffa-0edb-4ac7-84ed-12c1d3b2b5f8');
INSERT INTO art_ping.employee_role VALUES ('55e45058-4e88-4670-b979-f66e1176fd0f', '8949e26c-f25d-41f8-995a-f41b22bb9670', 'eea13552-ad24-4165-bce4-f1b22776739c');
INSERT INTO art_ping.employee (id, first_name, last_name, office_id, user_id, leave_date, updated, login, email, calendar_id) VALUES ('74cc180f-b211-4f22-92ac-3213eeccb369', 'employeeName31', 'employeeLastName31', '9f149e9b-0e2e-4970-af8f-4bc16c345b07', 'e5d91736-67ad-48c8-80a6-2f5a656329ab', null, '2021-12-23T15:53:09.819619100', 'testUser31', 'employee31@em.com', 'aa756158-d942-4831-9f7f-4183ac82f6ee');
INSERT INTO art_ping.employee_role VALUES ('d98f35b2-76ae-43dd-ad1e-c716a6dd8fa9', '74cc180f-b211-4f22-92ac-3213eeccb369', '992e5c70-7b14-44ae-b2fc-d0c884659841');
INSERT INTO art_ping.employee_role VALUES ('65f5e886-4c8a-47d2-8809-bc166f455c06', '74cc180f-b211-4f22-92ac-3213eeccb369', '9f4932a6-c650-4cd2-9338-2eefa47aeb35');
INSERT INTO art_ping.employee_role VALUES ('6f6a2651-f80e-497a-bcc7-c20ef4bb6805', '74cc180f-b211-4f22-92ac-3213eeccb369', 'e7051ffa-0edb-4ac7-84ed-12c1d3b2b5f8');
INSERT INTO art_ping.employee_role VALUES ('c580a789-a702-4a23-a91f-644b6f2cb84d', '74cc180f-b211-4f22-92ac-3213eeccb369', 'eea13552-ad24-4165-bce4-f1b22776739c');
INSERT INTO art_ping.employee (id, first_name, last_name, office_id, user_id, leave_date, updated, login, email, calendar_id) VALUES ('540e0fff-5bd0-4a90-842d-05fb29ab9e44', 'employeeName32', 'employeeLastName32', '8a3be41c-7306-4b41-a55d-3d432f0741ff', '14c42320-dd85-40b1-877a-ce127d93a9e9', null, '2021-12-23T15:53:09.820620200', 'testUser32', 'employee32@em.com', '59d790cd-59e4-4c12-b6ca-ba6b5e077ff4');
INSERT INTO art_ping.employee_role VALUES ('8a271f60-2be9-41de-b215-fd48a4123d04', '540e0fff-5bd0-4a90-842d-05fb29ab9e44', 'e7051ffa-0edb-4ac7-84ed-12c1d3b2b5f8');
INSERT INTO art_ping.employee_role VALUES ('0289d64e-7e45-4733-94dd-137edbe05f40', '540e0fff-5bd0-4a90-842d-05fb29ab9e44', 'eea13552-ad24-4165-bce4-f1b22776739c');
INSERT INTO art_ping.employee (id, first_name, last_name, office_id, user_id, leave_date, updated, login, email, calendar_id) VALUES ('b0c4cc3f-9f15-416f-aa45-5e2d41ddc671', 'employeeName33', 'employeeLastName33', '3e844aa1-2eba-47f5-84c7-667d3c1ff7be', 'b89f4861-9914-43a2-9e8e-879e0ceca250', null, '2021-12-23T15:53:09.820620200', 'testUser33', 'employee33@em.com', '2c2404ba-8694-423e-b76e-071baeb79ea3');
INSERT INTO art_ping.employee_role VALUES ('a789296b-73df-4269-8555-9193d870ec1a', 'b0c4cc3f-9f15-416f-aa45-5e2d41ddc671', '5b204bc5-6430-4939-aa23-17b1482c6d98');
INSERT INTO art_ping.employee_role VALUES ('93117f26-5086-4960-b066-9bb57260a78a', 'b0c4cc3f-9f15-416f-aa45-5e2d41ddc671', '9f4932a6-c650-4cd2-9338-2eefa47aeb35');
INSERT INTO art_ping.employee_role VALUES ('95915a2d-e39b-42c6-bc6b-6f14c9a67993', 'b0c4cc3f-9f15-416f-aa45-5e2d41ddc671', 'e7051ffa-0edb-4ac7-84ed-12c1d3b2b5f8');
INSERT INTO art_ping.employee_role VALUES ('830943be-1212-4262-8141-97ae4b933c71', 'b0c4cc3f-9f15-416f-aa45-5e2d41ddc671', 'eea13552-ad24-4165-bce4-f1b22776739c');
INSERT INTO art_ping.employee (id, first_name, last_name, office_id, user_id, leave_date, updated, login, email, calendar_id) VALUES ('5651389c-fe71-4121-9b36-1d228b3f0ca7', 'employeeName34', 'employeeLastName34', 'ef8f30dd-47de-48ad-a35c-20ce146da678', '706d07d0-608c-4924-aac1-a4079302c846', null, '2021-12-23T15:53:09.820620200', 'testUser34', 'employee34@em.com', '405d952a-f1ab-4a0a-8da2-a6d692838c69');
INSERT INTO art_ping.employee_role VALUES ('e8afff65-8ce0-4df0-ba82-f0897cbb147c', '5651389c-fe71-4121-9b36-1d228b3f0ca7', '992e5c70-7b14-44ae-b2fc-d0c884659841');
INSERT INTO art_ping.employee_role VALUES ('1585ee8b-96d2-46a0-b248-426760ba4298', '5651389c-fe71-4121-9b36-1d228b3f0ca7', '5b204bc5-6430-4939-aa23-17b1482c6d98');
INSERT INTO art_ping.employee_role VALUES ('4e93247e-ff6a-43b0-bfc3-379531df1df1', '5651389c-fe71-4121-9b36-1d228b3f0ca7', '9f4932a6-c650-4cd2-9338-2eefa47aeb35');
INSERT INTO art_ping.employee_role VALUES ('4a887d0a-fe47-418d-bb8c-b41b0284b096', '5651389c-fe71-4121-9b36-1d228b3f0ca7', 'eea13552-ad24-4165-bce4-f1b22776739c');
INSERT INTO art_ping.employee (id, first_name, last_name, office_id, user_id, leave_date, updated, login, email, calendar_id) VALUES ('aa2122ff-82f3-4c14-ba60-eab3016bd411', 'employeeName35', 'employeeLastName35', 'f1b3b335-12e1-406d-98f2-d4a20b311e2f', '3a8b101f-5c1f-4b24-9d41-6536f3071cf9', null, '2021-12-23T15:53:09.820620200', 'testUser35', 'employee35@em.com', '1e556459-8c32-4b8a-b222-3fcd1967615e');
INSERT INTO art_ping.employee_role VALUES ('5e3bfcaa-662c-47db-aa4e-6e415493ddef', 'aa2122ff-82f3-4c14-ba60-eab3016bd411', 'eea13552-ad24-4165-bce4-f1b22776739c');
INSERT INTO art_ping.employee (id, first_name, last_name, office_id, user_id, leave_date, updated, login, email, calendar_id) VALUES ('464ae57e-8993-4cf7-87b6-fc41331b5de0', 'employeeName36', 'employeeLastName36', 'ff7236fe-23d4-4ae3-beb8-31d905fbf27b', '76c1ff26-89b8-449e-867e-a86ac4b70dc3', null, '2021-12-23T15:53:09.820620200', 'testUser36', 'employee36@em.com', 'a1a334cc-3816-48c3-a0b9-4d5a7cab59aa');
INSERT INTO art_ping.employee_role VALUES ('32e2a293-1b1a-45d4-8867-bdb29381efd9', '464ae57e-8993-4cf7-87b6-fc41331b5de0', '9f4932a6-c650-4cd2-9338-2eefa47aeb35');
INSERT INTO art_ping.employee_role VALUES ('eef40ee4-7085-4deb-a711-ff46b119ddfd', '464ae57e-8993-4cf7-87b6-fc41331b5de0', 'e7051ffa-0edb-4ac7-84ed-12c1d3b2b5f8');
INSERT INTO art_ping.employee_role VALUES ('80e5a72a-f139-45c0-85a7-0243f3c7de95', '464ae57e-8993-4cf7-87b6-fc41331b5de0', 'eea13552-ad24-4165-bce4-f1b22776739c');
INSERT INTO art_ping.employee (id, first_name, last_name, office_id, user_id, leave_date, updated, login, email, calendar_id) VALUES ('84de20f0-9398-4d14-b0c6-6472b6820cc9', 'employeeName37', 'employeeLastName37', '665c0a9c-f6eb-4b26-87d7-78ac666529ab', 'fe83555a-16e6-432a-8682-8c215ea645dd', null, '2021-12-23T15:53:09.820620200', 'testUser37', 'employee37@em.com', '72b28af2-9171-4999-9ec2-928e2844c1c3');
INSERT INTO art_ping.employee_role VALUES ('9652a4ef-0ac9-49f8-bd80-d4973bd01a5c', '84de20f0-9398-4d14-b0c6-6472b6820cc9', '5b204bc5-6430-4939-aa23-17b1482c6d98');
INSERT INTO art_ping.employee_role VALUES ('14cccb38-7c2d-4350-863c-a51684c764d9', '84de20f0-9398-4d14-b0c6-6472b6820cc9', '9f4932a6-c650-4cd2-9338-2eefa47aeb35');
INSERT INTO art_ping.employee_role VALUES ('bd940b08-c3de-44b0-b6fe-d842cc96daf8', '84de20f0-9398-4d14-b0c6-6472b6820cc9', 'eea13552-ad24-4165-bce4-f1b22776739c');
INSERT INTO art_ping.employee (id, first_name, last_name, office_id, user_id, leave_date, updated, login, email, calendar_id) VALUES ('52eccd6b-45bf-46b2-9aa9-34d83fb0331b', 'employeeName38', 'employeeLastName38', 'c98cbf70-8ea2-4f2f-9309-61e51ed5c356', '3397830c-0efa-4c74-8419-6b800192efa1', null, '2021-12-23T15:53:09.820620200', 'testUser38', 'employee38@em.com', '9eed65bb-b911-4f54-922e-a4f28c76e64b');
INSERT INTO art_ping.employee_role VALUES ('7655bf56-e521-4fb0-9cd0-fecf43ae3cb5', '52eccd6b-45bf-46b2-9aa9-34d83fb0331b', '9f4932a6-c650-4cd2-9338-2eefa47aeb35');
INSERT INTO art_ping.employee_role VALUES ('8d34fb23-199a-45d9-a65c-0776f4253a97', '52eccd6b-45bf-46b2-9aa9-34d83fb0331b', 'e7051ffa-0edb-4ac7-84ed-12c1d3b2b5f8');
INSERT INTO art_ping.employee_role VALUES ('9ae0e048-4320-436c-8935-23ca694053c8', '52eccd6b-45bf-46b2-9aa9-34d83fb0331b', 'eea13552-ad24-4165-bce4-f1b22776739c');
INSERT INTO art_ping.employee (id, first_name, last_name, office_id, user_id, leave_date, updated, login, email, calendar_id) VALUES ('3b97c970-cd85-45ef-aa21-ab7728252a64', 'employeeName39', 'employeeLastName39', '15225f1f-286b-46c1-9911-79f7fbd0ddc9', 'c7180e7f-9561-4e10-a2cb-5187bb1e1591', null, '2021-12-23T15:53:09.820620200', 'testUser39', 'employee39@em.com', '05df20b9-fc6b-4f23-ba1c-af19e01027f8');
INSERT INTO art_ping.employee_role VALUES ('64d50054-3c76-4b76-a13b-d7b28de5738f', '3b97c970-cd85-45ef-aa21-ab7728252a64', '992e5c70-7b14-44ae-b2fc-d0c884659841');
INSERT INTO art_ping.employee_role VALUES ('65144c94-5ada-4db3-9a16-09f7a8bdc36e', '3b97c970-cd85-45ef-aa21-ab7728252a64', 'e7051ffa-0edb-4ac7-84ed-12c1d3b2b5f8');
INSERT INTO art_ping.employee_role VALUES ('69680dab-5809-4374-ad81-487ae0d61241', '3b97c970-cd85-45ef-aa21-ab7728252a64', 'eea13552-ad24-4165-bce4-f1b22776739c');
INSERT INTO art_ping.employee (id, first_name, last_name, office_id, user_id, leave_date, updated, login, email, calendar_id) VALUES ('51092587-faec-4445-aecb-d59208fb07c5', 'employeeName40', 'employeeLastName40', '9a98e220-a00b-431a-8809-e1af79f51607', 'd22ae99e-e5d6-4879-ba7f-599ef2630263', null, '2021-12-23T15:53:09.820620200', 'testUser40', 'employee40@em.com', 'd2fde2a9-dff4-4c63-85a8-5a01f3841efd');
INSERT INTO art_ping.employee_role VALUES ('9da3d2c2-896d-4b31-9fc1-1cad9db3f4cb', '51092587-faec-4445-aecb-d59208fb07c5', '992e5c70-7b14-44ae-b2fc-d0c884659841');
INSERT INTO art_ping.employee_role VALUES ('393235c9-313d-425b-a982-ced44fbfdb97', '51092587-faec-4445-aecb-d59208fb07c5', 'eea13552-ad24-4165-bce4-f1b22776739c');
INSERT INTO art_ping.employee (id, first_name, last_name, office_id, user_id, leave_date, updated, login, email, calendar_id) VALUES ('fa20c090-d6e7-4a1f-96e8-351d412e2705', 'employeeName41', 'employeeLastName41', 'd4444aa6-4ad7-4869-957d-eee92c6616fd', 'cbe36d08-2e75-414c-ad7e-5e9d57fd5e7c', null, '2021-12-23T15:53:09.820620200', 'testUser41', 'employee41@em.com', '3db70ed9-e956-49eb-9747-fa360a86340e');
INSERT INTO art_ping.employee_role VALUES ('e95aaea5-59d9-4ccb-afe1-26a3e2b39c52', 'fa20c090-d6e7-4a1f-96e8-351d412e2705', '992e5c70-7b14-44ae-b2fc-d0c884659841');
INSERT INTO art_ping.employee_role VALUES ('33262c19-f6b8-4bdc-9df9-7b7d7add3148', 'fa20c090-d6e7-4a1f-96e8-351d412e2705', '5b204bc5-6430-4939-aa23-17b1482c6d98');
INSERT INTO art_ping.employee_role VALUES ('e3ed967d-987d-4bce-a804-0dab9ba2343f', 'fa20c090-d6e7-4a1f-96e8-351d412e2705', '9f4932a6-c650-4cd2-9338-2eefa47aeb35');
INSERT INTO art_ping.employee_role VALUES ('1a0c0730-ac1b-4881-9032-3a9ba18825ed', 'fa20c090-d6e7-4a1f-96e8-351d412e2705', 'e7051ffa-0edb-4ac7-84ed-12c1d3b2b5f8');
INSERT INTO art_ping.employee_role VALUES ('ed7a7935-065f-4038-ba27-5b98a98395ae', 'fa20c090-d6e7-4a1f-96e8-351d412e2705', 'eea13552-ad24-4165-bce4-f1b22776739c');
INSERT INTO art_ping.employee (id, first_name, last_name, office_id, user_id, leave_date, updated, login, email, calendar_id) VALUES ('1bfc94a1-8dc7-4011-9a80-bd44335bb913', 'employeeName42', 'employeeLastName42', '00746324-f055-45ff-8ae2-b152fee06bb6', '8f319baa-c45d-44fa-8681-035cabbd88da', null, '2021-12-23T15:53:09.820620200', 'testUser42', 'employee42@em.com', '359b1098-039b-4845-8e60-eb05d970e778');
INSERT INTO art_ping.employee_role VALUES ('8393561c-1843-4a65-a51d-034c6db2ad73', '1bfc94a1-8dc7-4011-9a80-bd44335bb913', '992e5c70-7b14-44ae-b2fc-d0c884659841');
INSERT INTO art_ping.employee_role VALUES ('74b4805d-5d52-4835-a95b-eb72d0533a39', '1bfc94a1-8dc7-4011-9a80-bd44335bb913', '5b204bc5-6430-4939-aa23-17b1482c6d98');
INSERT INTO art_ping.employee_role VALUES ('e2b01b7d-e880-47ee-a177-77d1571c90ba', '1bfc94a1-8dc7-4011-9a80-bd44335bb913', '9f4932a6-c650-4cd2-9338-2eefa47aeb35');
INSERT INTO art_ping.employee_role VALUES ('40e4b114-6df9-40ce-ac7b-b31639b8bce5', '1bfc94a1-8dc7-4011-9a80-bd44335bb913', 'eea13552-ad24-4165-bce4-f1b22776739c');
INSERT INTO art_ping.employee (id, first_name, last_name, office_id, user_id, leave_date, updated, login, email, calendar_id) VALUES ('8f3778ba-4d68-4b8c-9390-223b249e02c7', 'employeeName43', 'employeeLastName43', '6d7a45c3-e980-4081-b732-d812adb0539f', 'b1fc664c-714a-4204-98d7-b78cf22b6c0b', null, '2021-12-23T15:53:09.820620200', 'testUser43', 'employee43@em.com', '2c2404ba-8694-423e-b76e-071baeb79ea3');
INSERT INTO art_ping.employee_role VALUES ('d68a1b96-55fd-48d5-baab-55024867b324', '8f3778ba-4d68-4b8c-9390-223b249e02c7', '992e5c70-7b14-44ae-b2fc-d0c884659841');
INSERT INTO art_ping.employee_role VALUES ('8f3dff79-f80c-4b6d-8de7-d7223d8a3663', '8f3778ba-4d68-4b8c-9390-223b249e02c7', '9f4932a6-c650-4cd2-9338-2eefa47aeb35');
INSERT INTO art_ping.employee_role VALUES ('3e337a31-fd49-4eb6-91a4-0171d90c6a06', '8f3778ba-4d68-4b8c-9390-223b249e02c7', 'eea13552-ad24-4165-bce4-f1b22776739c');
INSERT INTO art_ping.employee (id, first_name, last_name, office_id, user_id, leave_date, updated, login, email, calendar_id) VALUES ('e1093ad9-2342-4019-9ed6-9fd6e15c210f', 'employeeName44', 'employeeLastName44', 'bc02c21c-bdf8-4afd-bd38-bfd31f71c1f0', '8138a2a8-58ea-4e97-8292-2c5fce5eb34f', null, '2021-12-23T15:53:09.820620200', 'testUser44', 'employee44@em.com', '405d952a-f1ab-4a0a-8da2-a6d692838c69');
INSERT INTO art_ping.employee_role VALUES ('c87b092c-429b-4224-a88f-11f9efe79fe7', 'e1093ad9-2342-4019-9ed6-9fd6e15c210f', '992e5c70-7b14-44ae-b2fc-d0c884659841');
INSERT INTO art_ping.employee_role VALUES ('146ccd1d-a25b-40c8-b99f-b89565acd995', 'e1093ad9-2342-4019-9ed6-9fd6e15c210f', 'eea13552-ad24-4165-bce4-f1b22776739c');
INSERT INTO art_ping.employee (id, first_name, last_name, office_id, user_id, leave_date, updated, login, email, calendar_id) VALUES ('0f7973aa-478f-49a4-8468-8480e53348f5', 'employeeName45', 'employeeLastName45', 'c4d28208-496e-454e-8cfb-546187654fa3', '31f269b0-2027-4dd2-ad7b-f5cae174dfab', null, '2021-12-23T15:53:09.821621100', 'testUser45', 'employee45@em.com', '1e556459-8c32-4b8a-b222-3fcd1967615e');
INSERT INTO art_ping.employee_role VALUES ('ccd0cb72-084a-45e4-9237-95c370a951ec', '0f7973aa-478f-49a4-8468-8480e53348f5', '5b204bc5-6430-4939-aa23-17b1482c6d98');
INSERT INTO art_ping.employee_role VALUES ('3caa3364-595b-46ef-88ab-1be5ffa489dc', '0f7973aa-478f-49a4-8468-8480e53348f5', 'eea13552-ad24-4165-bce4-f1b22776739c');
INSERT INTO art_ping.employee (id, first_name, last_name, office_id, user_id, leave_date, updated, login, email, calendar_id) VALUES ('2867255e-1e35-4f77-9ac8-5867f9ae15df', 'employeeName46', 'employeeLastName46', '52c7a166-d490-4f5e-b87b-709b6d76b6c6', 'b0c0b3a1-1aac-43c5-8fb8-09e73bd1c194', null, '2021-12-23T15:53:09.821621100', 'testUser46', 'employee46@em.com', '2c1aca41-1263-4c14-a164-85ebbe7a2530');
INSERT INTO art_ping.employee_role VALUES ('746e70ae-3691-43de-afc6-d575fac67b51', '2867255e-1e35-4f77-9ac8-5867f9ae15df', '5b204bc5-6430-4939-aa23-17b1482c6d98');
INSERT INTO art_ping.employee_role VALUES ('b209eae8-5d4f-4dc1-9d43-6ebfff1b43ea', '2867255e-1e35-4f77-9ac8-5867f9ae15df', 'eea13552-ad24-4165-bce4-f1b22776739c');
INSERT INTO art_ping.employee (id, first_name, last_name, office_id, user_id, leave_date, updated, login, email, calendar_id) VALUES ('4bc50c83-c697-4833-91bc-ef9593abc022', 'employeeName47', 'employeeLastName47', 'b76a7d0d-9b48-4abc-b4a5-87813925b233', '72b61df5-563d-4025-99de-ab4794df398c', null, '2021-12-23T15:53:09.821621100', 'testUser47', 'employee47@em.com', '5bb9eee9-5d48-490b-a017-7d8effaf7661');
INSERT INTO art_ping.employee_role VALUES ('1eaf220e-1614-45ad-a5cd-878e4b3571cd', '4bc50c83-c697-4833-91bc-ef9593abc022', '5b204bc5-6430-4939-aa23-17b1482c6d98');
INSERT INTO art_ping.employee_role VALUES ('f5ef9ecf-eee4-4f38-a699-aeeed5f870db', '4bc50c83-c697-4833-91bc-ef9593abc022', '9f4932a6-c650-4cd2-9338-2eefa47aeb35');
INSERT INTO art_ping.employee_role VALUES ('f67a4b46-9bf8-42b7-9d5c-fd15c877698e', '4bc50c83-c697-4833-91bc-ef9593abc022', 'e7051ffa-0edb-4ac7-84ed-12c1d3b2b5f8');
INSERT INTO art_ping.employee_role VALUES ('71231f06-76ba-4f60-ae94-b4e56dc0d3aa', '4bc50c83-c697-4833-91bc-ef9593abc022', 'eea13552-ad24-4165-bce4-f1b22776739c');
INSERT INTO art_ping.employee (id, first_name, last_name, office_id, user_id, leave_date, updated, login, email, calendar_id) VALUES ('fead7538-4a8d-41e9-ab89-b924c4432a13', 'employeeName48', 'employeeLastName48', '9a1d0f8c-2c97-49d9-ba12-f6abe4756848', 'd03cf11e-d654-4c99-b0f9-4e5ccbc0ae54', null, '2021-12-23T15:53:09.821621100', 'testUser48', 'employee48@em.com', '65ee8bf0-7ad2-4273-9bf1-cdcf9e2aade3');
INSERT INTO art_ping.employee_role VALUES ('86fa0c9d-141d-432a-9f87-36409dd388a4', 'fead7538-4a8d-41e9-ab89-b924c4432a13', 'e7051ffa-0edb-4ac7-84ed-12c1d3b2b5f8');
INSERT INTO art_ping.employee_role VALUES ('dfe1bd14-9c6a-4fe0-a76b-87ef0985967e', 'fead7538-4a8d-41e9-ab89-b924c4432a13', 'eea13552-ad24-4165-bce4-f1b22776739c');
INSERT INTO art_ping.employee (id, first_name, last_name, office_id, user_id, leave_date, updated, login, email, calendar_id) VALUES ('6881a055-7ba2-4676-ba07-89c1890a3a00', 'employeeName49', 'employeeLastName49', 'c98cbf70-8ea2-4f2f-9309-61e51ed5c356', 'e16c650e-1da5-427c-af24-000c78ffea12', null, '2021-12-23T15:53:09.821621100', 'testUser49', 'employee49@em.com', '9eed65bb-b911-4f54-922e-a4f28c76e64b');
INSERT INTO art_ping.employee_role VALUES ('728d151a-69d4-4373-b818-6619e1f80095', '6881a055-7ba2-4676-ba07-89c1890a3a00', '9f4932a6-c650-4cd2-9338-2eefa47aeb35');
INSERT INTO art_ping.employee_role VALUES ('bc168e21-4c00-4c97-95ec-fb9a7100165e', '6881a055-7ba2-4676-ba07-89c1890a3a00', 'eea13552-ad24-4165-bce4-f1b22776739c');
INSERT INTO art_ping.employee (id, first_name, last_name, office_id, user_id, leave_date, updated, login, email, calendar_id) VALUES ('f2843e33-cc28-43d9-8d4c-6d214adb89b6', 'employeeName50', 'employeeLastName50', '22cbf49a-4b99-4d03-9712-72dc442296ec', '01f6f93f-d602-48a2-b403-d0e8241ed903', null, '2021-12-23T15:53:09.821621100', 'testUser50', 'employee50@em.com', 'aa756158-d942-4831-9f7f-4183ac82f6ee');
INSERT INTO art_ping.employee_role VALUES ('fd8f49a9-543c-4a5e-b7b6-625447230e40', 'f2843e33-cc28-43d9-8d4c-6d214adb89b6', '992e5c70-7b14-44ae-b2fc-d0c884659841');
INSERT INTO art_ping.employee_role VALUES ('9c68b6cf-03f8-4f78-b2da-919fd9561820', 'f2843e33-cc28-43d9-8d4c-6d214adb89b6', '5b204bc5-6430-4939-aa23-17b1482c6d98');
INSERT INTO art_ping.employee_role VALUES ('1276d936-3307-48c0-a924-56e088134ff7', 'f2843e33-cc28-43d9-8d4c-6d214adb89b6', 'eea13552-ad24-4165-bce4-f1b22776739c');
INSERT INTO art_ping.employee (id, first_name, last_name, office_id, user_id, leave_date, updated, login, email, calendar_id) VALUES ('b6fc1ef7-15f5-4215-8b5d-b346697d4d66', 'employeeName51', 'employeeLastName51', 'ff1b135a-2ba4-41ea-ae5a-9ceee3aa680c', '9426c921-c629-45ee-8c59-deb4e1b458c3', null, '2021-12-23T15:53:09.821621100', 'testUser51', 'employee51@em.com', 'c7db0ad7-d973-40a5-a8a0-6308fcf0254e');
INSERT INTO art_ping.employee_role VALUES ('58ecdeb2-6bbe-44c7-9d39-75f9e86bd333', 'b6fc1ef7-15f5-4215-8b5d-b346697d4d66', '5b204bc5-6430-4939-aa23-17b1482c6d98');
INSERT INTO art_ping.employee_role VALUES ('886c10b0-3b78-4972-acee-b24974781ce6', 'b6fc1ef7-15f5-4215-8b5d-b346697d4d66', '9f4932a6-c650-4cd2-9338-2eefa47aeb35');
INSERT INTO art_ping.employee_role VALUES ('5b4b3c75-9ff0-48e4-80c1-e2790e6bd8c7', 'b6fc1ef7-15f5-4215-8b5d-b346697d4d66', 'eea13552-ad24-4165-bce4-f1b22776739c');
INSERT INTO art_ping.employee (id, first_name, last_name, office_id, user_id, leave_date, updated, login, email, calendar_id) VALUES ('9a679ffe-ccaa-4bcf-b290-839628b4596e', 'employeeName52', 'employeeLastName52', '44869435-e3a8-43c3-88ec-676b3602fe98', 'ab3262e3-fff6-4814-a952-e2aa477a6488', null, '2021-12-23T15:53:09.821621100', 'testUser52', 'employee52@em.com', '4ac89aef-8db7-45fa-a885-8b2769e97674');
INSERT INTO art_ping.employee_role VALUES ('452e092c-4cda-4276-9d57-15bbd4a0c1e2', '9a679ffe-ccaa-4bcf-b290-839628b4596e', '5b204bc5-6430-4939-aa23-17b1482c6d98');
INSERT INTO art_ping.employee_role VALUES ('691ccbbd-f234-4411-97b4-f3bfd2fcdf5b', '9a679ffe-ccaa-4bcf-b290-839628b4596e', '9f4932a6-c650-4cd2-9338-2eefa47aeb35');
INSERT INTO art_ping.employee_role VALUES ('12af5b0e-bda3-436b-9a3e-716251cd94a6', '9a679ffe-ccaa-4bcf-b290-839628b4596e', 'eea13552-ad24-4165-bce4-f1b22776739c');
INSERT INTO art_ping.employee (id, first_name, last_name, office_id, user_id, leave_date, updated, login, email, calendar_id) VALUES ('59baddcc-919b-45c9-aeb1-c96cc4669483', 'employeeName53', 'employeeLastName53', 'a46489f7-ed02-41bc-9df0-bb4a53db0cdb', 'd4fec262-f042-471a-b8a9-0a68f6ea0195', null, '2021-12-23T15:53:09.821621100', 'testUser53', 'employee53@em.com', '359b1098-039b-4845-8e60-eb05d970e778');
INSERT INTO art_ping.employee_role VALUES ('553d07d6-4b07-4727-a5ad-56b9f5f3aeb9', '59baddcc-919b-45c9-aeb1-c96cc4669483', '5b204bc5-6430-4939-aa23-17b1482c6d98');
INSERT INTO art_ping.employee_role VALUES ('4b525cf2-0fe1-4360-bf40-fb9b7a6b7f2a', '59baddcc-919b-45c9-aeb1-c96cc4669483', 'eea13552-ad24-4165-bce4-f1b22776739c');
INSERT INTO art_ping.employee (id, first_name, last_name, office_id, user_id, leave_date, updated, login, email, calendar_id) VALUES ('8779a71a-5d0c-48e2-8428-3718440ca45e', 'employeeName54', 'employeeLastName54', 'f2d9d6ce-a6a4-4fac-abfd-f444509822e9', 'c9495541-0940-4643-80a5-60b99ada7d80', null, '2021-12-23T15:53:09.821621100', 'testUser54', 'employee54@em.com', '68b5b71d-4837-4456-9fbc-9e6a1aa8fad7');
INSERT INTO art_ping.employee_role VALUES ('28124cc6-8839-463c-ad34-80a304cb8ac9', '8779a71a-5d0c-48e2-8428-3718440ca45e', '9f4932a6-c650-4cd2-9338-2eefa47aeb35');
INSERT INTO art_ping.employee_role VALUES ('a2a18a16-c2db-47c7-95d9-75610389e192', '8779a71a-5d0c-48e2-8428-3718440ca45e', 'e7051ffa-0edb-4ac7-84ed-12c1d3b2b5f8');
INSERT INTO art_ping.employee_role VALUES ('a3ec6f1d-f5ee-4d94-b96e-090724cdd82e', '8779a71a-5d0c-48e2-8428-3718440ca45e', 'eea13552-ad24-4165-bce4-f1b22776739c');
INSERT INTO art_ping.employee (id, first_name, last_name, office_id, user_id, leave_date, updated, login, email, calendar_id) VALUES ('2b982cd4-e5b9-460f-a7c1-962af2391722', 'employeeName55', 'employeeLastName55', '22cbf49a-4b99-4d03-9712-72dc442296ec', '2067d2c6-197c-4456-9980-38b16f416bf1', null, '2021-12-23T15:53:09.821621100', 'testUser55', 'employee55@em.com', 'aa756158-d942-4831-9f7f-4183ac82f6ee');
INSERT INTO art_ping.employee_role VALUES ('8e23ab58-7215-4f78-9675-ac4ec0b451c4', '2b982cd4-e5b9-460f-a7c1-962af2391722', '5b204bc5-6430-4939-aa23-17b1482c6d98');
INSERT INTO art_ping.employee_role VALUES ('d30498f2-74b3-41d7-b73c-ee25ce727222', '2b982cd4-e5b9-460f-a7c1-962af2391722', 'eea13552-ad24-4165-bce4-f1b22776739c');
INSERT INTO art_ping.employee (id, first_name, last_name, office_id, user_id, leave_date, updated, login, email, calendar_id) VALUES ('a30139ef-6739-445e-90e1-38cad8d50293', 'employeeName56', 'employeeLastName56', '2f69bca7-888e-4f4f-913b-f6d6aa4abe7a', '98f9d388-17b5-4952-8233-bae62d644472', null, '2021-12-23T15:53:09.821621100', 'testUser56', 'employee56@em.com', '68b5b71d-4837-4456-9fbc-9e6a1aa8fad7');
INSERT INTO art_ping.employee_role VALUES ('c73a53c1-27d2-49cb-8c2b-0350ca8f3457', 'a30139ef-6739-445e-90e1-38cad8d50293', '992e5c70-7b14-44ae-b2fc-d0c884659841');
INSERT INTO art_ping.employee_role VALUES ('ffde8896-3f3d-4498-b149-b4818b3564f6', 'a30139ef-6739-445e-90e1-38cad8d50293', '9f4932a6-c650-4cd2-9338-2eefa47aeb35');
INSERT INTO art_ping.employee_role VALUES ('3197af49-073b-474e-8eee-c0e60042f342', 'a30139ef-6739-445e-90e1-38cad8d50293', 'eea13552-ad24-4165-bce4-f1b22776739c');
INSERT INTO art_ping.employee (id, first_name, last_name, office_id, user_id, leave_date, updated, login, email, calendar_id) VALUES ('2908a3a2-867c-40ca-999f-af8e27ea2cd2', 'employeeName57', 'employeeLastName57', '0611c87a-218d-4bad-8359-70870ccb21e3', '3079c4f4-5617-4247-a6f2-855f14ff7c0c', null, '2021-12-23T15:53:09.821621100', 'testUser57', 'employee57@em.com', 'eefc2551-5301-4d3e-bdcd-25f249e62ddb');
INSERT INTO art_ping.employee_role VALUES ('49c9d59d-42fa-40b7-a578-aa2c850b61f3', '2908a3a2-867c-40ca-999f-af8e27ea2cd2', 'eea13552-ad24-4165-bce4-f1b22776739c');
INSERT INTO art_ping.employee (id, first_name, last_name, office_id, user_id, leave_date, updated, login, email, calendar_id) VALUES ('c3b680a8-20bb-4195-a56b-761167f0a5e2', 'employeeName58', 'employeeLastName58', 'fc950bd7-ba38-4f9c-98eb-bc6b7973bc81', '61ec36d8-900a-49bf-900c-89d12568230c', null, '2021-12-23T15:53:09.821621100', 'testUser58', 'employee58@em.com', 'a1a334cc-3816-48c3-a0b9-4d5a7cab59aa');
INSERT INTO art_ping.employee_role VALUES ('4108c851-543a-4a5a-854c-6f533e08cb7a', 'c3b680a8-20bb-4195-a56b-761167f0a5e2', '5b204bc5-6430-4939-aa23-17b1482c6d98');
INSERT INTO art_ping.employee_role VALUES ('85ddd49f-26e5-4449-b5a9-73349586ea36', 'c3b680a8-20bb-4195-a56b-761167f0a5e2', 'eea13552-ad24-4165-bce4-f1b22776739c');
INSERT INTO art_ping.employee (id, first_name, last_name, office_id, user_id, leave_date, updated, login, email, calendar_id) VALUES ('20c28b24-697e-4cfb-ac1e-6f1b2d2de3de', 'employeeName59', 'employeeLastName59', 'c811ed32-9c4e-4f40-9bbc-64b72c39ac92', '0bfc4402-2a6d-4474-b406-9f2471d248d4', null, '2021-12-23T15:53:09.821621100', 'testUser59', 'employee59@em.com', 'a96491c5-2ce0-457e-a326-8aa8f88ecc7e');
INSERT INTO art_ping.employee_role VALUES ('d9d3a404-fba2-4255-b02c-f42bccfb39b0', '20c28b24-697e-4cfb-ac1e-6f1b2d2de3de', '992e5c70-7b14-44ae-b2fc-d0c884659841');
INSERT INTO art_ping.employee_role VALUES ('136f29f2-af64-4fc3-b3e8-544f71e167f2', '20c28b24-697e-4cfb-ac1e-6f1b2d2de3de', '5b204bc5-6430-4939-aa23-17b1482c6d98');
INSERT INTO art_ping.employee_role VALUES ('f6dc3c48-eb24-4089-ab0f-92d0e4ab3e5b', '20c28b24-697e-4cfb-ac1e-6f1b2d2de3de', '9f4932a6-c650-4cd2-9338-2eefa47aeb35');
INSERT INTO art_ping.employee_role VALUES ('00c32b01-7501-4d7b-b6c6-e108bc357249', '20c28b24-697e-4cfb-ac1e-6f1b2d2de3de', 'eea13552-ad24-4165-bce4-f1b22776739c');
INSERT INTO art_ping.employee (id, first_name, last_name, office_id, user_id, leave_date, updated, login, email, calendar_id) VALUES ('9795ad06-4fce-43b3-98ed-a4f4159d8198', 'employeeName60', 'employeeLastName60', 'e8c8fcb7-16df-4938-8359-aecd0b12d902', '0538db64-311b-4a63-a55d-d8cdfef84be9', null, '2021-12-23T15:53:09.822620100', 'testUser60', 'employee60@em.com', '3135532f-bdb7-49dd-bce9-6ae43a6b0cf1');
INSERT INTO art_ping.employee_role VALUES ('9d5adf55-f7b0-4be4-b2cd-681b5f0fbd2e', '9795ad06-4fce-43b3-98ed-a4f4159d8198', '5b204bc5-6430-4939-aa23-17b1482c6d98');
INSERT INTO art_ping.employee_role VALUES ('096326bf-471c-474e-8498-82dc8f42f734', '9795ad06-4fce-43b3-98ed-a4f4159d8198', '9f4932a6-c650-4cd2-9338-2eefa47aeb35');
INSERT INTO art_ping.employee_role VALUES ('7059b710-304c-45c2-a18d-abd5d01c278b', '9795ad06-4fce-43b3-98ed-a4f4159d8198', 'eea13552-ad24-4165-bce4-f1b22776739c');
INSERT INTO art_ping.employee (id, first_name, last_name, office_id, user_id, leave_date, updated, login, email, calendar_id) VALUES ('9b199c54-97d9-4aa7-b356-4bb553a31c1f', 'employeeName61', 'employeeLastName61', '3812b36f-7ae8-4083-9bf2-3ef209de2ac8', '17e0888a-55f3-4a1e-b5a7-8106dd1dec59', null, '2021-12-23T15:53:09.822620100', 'testUser61', 'employee61@em.com', 'd2fde2a9-dff4-4c63-85a8-5a01f3841efd');
INSERT INTO art_ping.employee_role VALUES ('f2439667-fd20-4717-ab28-22b2756358d7', '9b199c54-97d9-4aa7-b356-4bb553a31c1f', '992e5c70-7b14-44ae-b2fc-d0c884659841');
INSERT INTO art_ping.employee_role VALUES ('fb442c9f-80e9-415c-8893-f0976198a113', '9b199c54-97d9-4aa7-b356-4bb553a31c1f', '5b204bc5-6430-4939-aa23-17b1482c6d98');
INSERT INTO art_ping.employee_role VALUES ('311af859-4712-4255-a8bc-41c3d14814fa', '9b199c54-97d9-4aa7-b356-4bb553a31c1f', 'e7051ffa-0edb-4ac7-84ed-12c1d3b2b5f8');
INSERT INTO art_ping.employee_role VALUES ('6e619a5b-3806-40f1-a558-417478d8252c', '9b199c54-97d9-4aa7-b356-4bb553a31c1f', 'eea13552-ad24-4165-bce4-f1b22776739c');
INSERT INTO art_ping.employee (id, first_name, last_name, office_id, user_id, leave_date, updated, login, email, calendar_id) VALUES ('2dbf058b-4c77-43c6-9a8e-d178fdcae437', 'employeeName62', 'employeeLastName62', '4caab82e-7208-470c-938a-1e8ecafe016f', '7546e211-a073-4ff7-8a65-4cac66089489', null, '2021-12-23T15:53:09.822620100', 'testUser62', 'employee62@em.com', '5bb9eee9-5d48-490b-a017-7d8effaf7661');
INSERT INTO art_ping.employee_role VALUES ('894fa47f-efd6-46c2-913e-660591b0ae9e', '2dbf058b-4c77-43c6-9a8e-d178fdcae437', '992e5c70-7b14-44ae-b2fc-d0c884659841');
INSERT INTO art_ping.employee_role VALUES ('083ba6f3-9904-422b-9229-f4c801021dca', '2dbf058b-4c77-43c6-9a8e-d178fdcae437', '5b204bc5-6430-4939-aa23-17b1482c6d98');
INSERT INTO art_ping.employee_role VALUES ('5c02e3a2-81c1-4e2a-aed8-430b4b579a4b', '2dbf058b-4c77-43c6-9a8e-d178fdcae437', '9f4932a6-c650-4cd2-9338-2eefa47aeb35');
INSERT INTO art_ping.employee_role VALUES ('0f2d0e56-d4ac-48cf-88f7-079120df78e9', '2dbf058b-4c77-43c6-9a8e-d178fdcae437', 'eea13552-ad24-4165-bce4-f1b22776739c');
INSERT INTO art_ping.employee (id, first_name, last_name, office_id, user_id, leave_date, updated, login, email, calendar_id) VALUES ('659edb95-e5c1-4799-a100-83604d912969', 'employeeName63', 'employeeLastName63', 'b76a7d0d-9b48-4abc-b4a5-87813925b233', 'ba9f794d-451c-4c36-b086-3c38779a53d0', null, '2021-12-23T15:53:09.822620100', 'testUser63', 'employee63@em.com', '5bb9eee9-5d48-490b-a017-7d8effaf7661');
INSERT INTO art_ping.employee_role VALUES ('e0ab416a-acbe-42a5-9e1b-43e298ab2df2', '659edb95-e5c1-4799-a100-83604d912969', '992e5c70-7b14-44ae-b2fc-d0c884659841');
INSERT INTO art_ping.employee_role VALUES ('0839105f-2cab-4a13-ad2a-d3f66be67594', '659edb95-e5c1-4799-a100-83604d912969', '5b204bc5-6430-4939-aa23-17b1482c6d98');
INSERT INTO art_ping.employee_role VALUES ('26ec917e-2d17-48ea-938d-0d335e903eb5', '659edb95-e5c1-4799-a100-83604d912969', '9f4932a6-c650-4cd2-9338-2eefa47aeb35');
INSERT INTO art_ping.employee_role VALUES ('7460ef72-d3b6-4719-bb05-794a0cac0bb6', '659edb95-e5c1-4799-a100-83604d912969', 'e7051ffa-0edb-4ac7-84ed-12c1d3b2b5f8');
INSERT INTO art_ping.employee_role VALUES ('fd663a17-2ec1-490d-9bb8-fa478c3c5dae', '659edb95-e5c1-4799-a100-83604d912969', 'eea13552-ad24-4165-bce4-f1b22776739c');
INSERT INTO art_ping.employee (id, first_name, last_name, office_id, user_id, leave_date, updated, login, email, calendar_id) VALUES ('c540caab-411e-4aac-9f41-6294390f3c58', 'employeeName64', 'employeeLastName64', 'aad72ba9-faca-4c76-a5aa-4c4794d7353a', '178c6caf-5087-4385-a133-0912dd4f3b1e', null, '2021-12-23T15:53:09.822620100', 'testUser64', 'employee64@em.com', '9f9de325-c406-49e9-a3e9-a6b221e50c64');
INSERT INTO art_ping.employee_role VALUES ('507bb554-a258-4103-884b-cec642461aa1', 'c540caab-411e-4aac-9f41-6294390f3c58', '5b204bc5-6430-4939-aa23-17b1482c6d98');
INSERT INTO art_ping.employee_role VALUES ('dba15230-65c9-450a-9b4c-5e1f45bf2100', 'c540caab-411e-4aac-9f41-6294390f3c58', '9f4932a6-c650-4cd2-9338-2eefa47aeb35');
INSERT INTO art_ping.employee_role VALUES ('04ea7adc-da5b-4c98-a41e-a296142949a8', 'c540caab-411e-4aac-9f41-6294390f3c58', 'eea13552-ad24-4165-bce4-f1b22776739c');
INSERT INTO art_ping.employee (id, first_name, last_name, office_id, user_id, leave_date, updated, login, email, calendar_id) VALUES ('e1ea0ed8-80c2-43a3-97a2-2ad2e596e614', 'employeeName65', 'employeeLastName65', 'b76a7d0d-9b48-4abc-b4a5-87813925b233', '0021f325-cac8-416a-b914-8f7977d05fa2', null, '2021-12-23T15:53:09.822620100', 'testUser65', 'employee65@em.com', '5bb9eee9-5d48-490b-a017-7d8effaf7661');
INSERT INTO art_ping.employee_role VALUES ('81ca7379-63d1-4249-8e44-999f34538413', 'e1ea0ed8-80c2-43a3-97a2-2ad2e596e614', '5b204bc5-6430-4939-aa23-17b1482c6d98');
INSERT INTO art_ping.employee_role VALUES ('56342963-9e5c-4aa9-8c97-835c8da6acfe', 'e1ea0ed8-80c2-43a3-97a2-2ad2e596e614', '9f4932a6-c650-4cd2-9338-2eefa47aeb35');
INSERT INTO art_ping.employee_role VALUES ('2831b327-4f6b-4ffd-bfdb-22d7b9f512b7', 'e1ea0ed8-80c2-43a3-97a2-2ad2e596e614', 'e7051ffa-0edb-4ac7-84ed-12c1d3b2b5f8');
INSERT INTO art_ping.employee_role VALUES ('b41cffe2-c500-4414-8559-6c3d2582a1ee', 'e1ea0ed8-80c2-43a3-97a2-2ad2e596e614', 'eea13552-ad24-4165-bce4-f1b22776739c');
INSERT INTO art_ping.employee (id, first_name, last_name, office_id, user_id, leave_date, updated, login, email, calendar_id) VALUES ('d46d9c33-a620-4c1b-8e28-4d347c1dc84e', 'employeeName66', 'employeeLastName66', 'fe7603b6-b728-45f9-b58a-17763947052b', '9af2a54b-0ebe-4375-87e7-027207877179', null, '2021-12-23T15:53:09.822620100', 'testUser66', 'employee66@em.com', '2c2404ba-8694-423e-b76e-071baeb79ea3');
INSERT INTO art_ping.employee_role VALUES ('8a4a5b7c-5f9e-4f69-82e0-9f5807ffa224', 'd46d9c33-a620-4c1b-8e28-4d347c1dc84e', '5b204bc5-6430-4939-aa23-17b1482c6d98');
INSERT INTO art_ping.employee_role VALUES ('52dc7dcb-d04d-4ca8-9166-be8a4d76fb8b', 'd46d9c33-a620-4c1b-8e28-4d347c1dc84e', '9f4932a6-c650-4cd2-9338-2eefa47aeb35');
INSERT INTO art_ping.employee_role VALUES ('3af9d0bd-946f-45ce-b361-b952808bf580', 'd46d9c33-a620-4c1b-8e28-4d347c1dc84e', 'eea13552-ad24-4165-bce4-f1b22776739c');
INSERT INTO art_ping.employee (id, first_name, last_name, office_id, user_id, leave_date, updated, login, email, calendar_id) VALUES ('00636c47-fad1-42c8-8853-829ed78353d8', 'employeeName67', 'employeeLastName67', 'd3adb28e-431f-441b-84c9-187fc394deed', 'b0ef4805-69b1-4db5-b16e-ddce5fcf4989', null, '2021-12-23T15:53:09.822620100', 'testUser67', 'employee67@em.com', '3db70ed9-e956-49eb-9747-fa360a86340e');
INSERT INTO art_ping.employee_role VALUES ('4f9d549d-d97c-4f41-b525-db03d61da4f5', '00636c47-fad1-42c8-8853-829ed78353d8', '992e5c70-7b14-44ae-b2fc-d0c884659841');
INSERT INTO art_ping.employee_role VALUES ('0f4d9e35-b6ad-4342-b749-9978fd2ec8d7', '00636c47-fad1-42c8-8853-829ed78353d8', '5b204bc5-6430-4939-aa23-17b1482c6d98');
INSERT INTO art_ping.employee_role VALUES ('1b997a13-4756-414a-a85f-350c60cd8f56', '00636c47-fad1-42c8-8853-829ed78353d8', '9f4932a6-c650-4cd2-9338-2eefa47aeb35');
INSERT INTO art_ping.employee_role VALUES ('13f78747-e1d3-4dda-a349-30cb341cb616', '00636c47-fad1-42c8-8853-829ed78353d8', 'eea13552-ad24-4165-bce4-f1b22776739c');
INSERT INTO art_ping.employee (id, first_name, last_name, office_id, user_id, leave_date, updated, login, email, calendar_id) VALUES ('dfc03a25-ec14-47a4-a7d4-21d215d16eee', 'employeeName68', 'employeeLastName68', 'c131280e-ecf7-4e3e-81d9-9280ef403388', '1af97b03-2df2-4b30-90e4-1e85501431ff', null, '2021-12-23T15:53:09.822620100', 'testUser68', 'employee68@em.com', '806ef06a-7883-442e-ba1e-c983de46014a');
INSERT INTO art_ping.employee_role VALUES ('294d9338-15fb-42f7-a0c2-4c9afcac84e3', 'dfc03a25-ec14-47a4-a7d4-21d215d16eee', '992e5c70-7b14-44ae-b2fc-d0c884659841');
INSERT INTO art_ping.employee_role VALUES ('8325e47f-0a41-402a-9057-0d85ec9cdc16', 'dfc03a25-ec14-47a4-a7d4-21d215d16eee', 'e7051ffa-0edb-4ac7-84ed-12c1d3b2b5f8');
INSERT INTO art_ping.employee_role VALUES ('7e76a8d0-94be-4ae7-8de6-01ddf8db5a4e', 'dfc03a25-ec14-47a4-a7d4-21d215d16eee', 'eea13552-ad24-4165-bce4-f1b22776739c');
INSERT INTO art_ping.employee (id, first_name, last_name, office_id, user_id, leave_date, updated, login, email, calendar_id) VALUES ('5ee9532f-300a-475a-b3f2-ec459eb14e9b', 'employeeName69', 'employeeLastName69', '4a2d1c6e-5209-4c87-b6b2-dc8f9c4bb459', 'f023cd0d-e389-480a-a061-d4520338315a', null, '2021-12-23T15:53:09.822620100', 'testUser69', 'employee69@em.com', '371649ca-7dbe-4b17-bb2e-7b32c5c89692');
INSERT INTO art_ping.employee_role VALUES ('8eb49451-24fb-4f47-b083-5dc143b24cd6', '5ee9532f-300a-475a-b3f2-ec459eb14e9b', '9f4932a6-c650-4cd2-9338-2eefa47aeb35');
INSERT INTO art_ping.employee_role VALUES ('bf403964-7efa-4668-8082-a2437ada648e', '5ee9532f-300a-475a-b3f2-ec459eb14e9b', 'e7051ffa-0edb-4ac7-84ed-12c1d3b2b5f8');
INSERT INTO art_ping.employee_role VALUES ('ed96759f-07b4-46a7-bb2f-3cf173bfaedb', '5ee9532f-300a-475a-b3f2-ec459eb14e9b', 'eea13552-ad24-4165-bce4-f1b22776739c');
INSERT INTO art_ping.employee (id, first_name, last_name, office_id, user_id, leave_date, updated, login, email, calendar_id) VALUES ('78faa8a1-22d5-4f98-9fd2-31211f41c5ca', 'employeeName70', 'employeeLastName70', '438a710d-3ddd-4601-80a7-06d2a180e3f9', '7a6b77ca-943a-4dcc-af2d-d1cca7ee1a9f', null, '2021-12-23T15:53:09.822620100', 'testUser70', 'employee70@em.com', '113114b3-ea3a-4d9d-a3ff-be4c2706e40b');
INSERT INTO art_ping.employee_role VALUES ('3836a176-d593-4239-9cc7-c25c69e57108', '78faa8a1-22d5-4f98-9fd2-31211f41c5ca', '992e5c70-7b14-44ae-b2fc-d0c884659841');
INSERT INTO art_ping.employee_role VALUES ('5d454149-eba6-428f-946d-932285c9e4e9', '78faa8a1-22d5-4f98-9fd2-31211f41c5ca', '5b204bc5-6430-4939-aa23-17b1482c6d98');
INSERT INTO art_ping.employee_role VALUES ('b1c4c7eb-69d8-4763-8ac6-b62db93c9cb9', '78faa8a1-22d5-4f98-9fd2-31211f41c5ca', '9f4932a6-c650-4cd2-9338-2eefa47aeb35');
INSERT INTO art_ping.employee_role VALUES ('01c54f32-a893-4e6a-a951-ee13dcd952f8', '78faa8a1-22d5-4f98-9fd2-31211f41c5ca', 'e7051ffa-0edb-4ac7-84ed-12c1d3b2b5f8');
INSERT INTO art_ping.employee_role VALUES ('a934f883-428c-4050-b4e3-6aa2c13d40ec', '78faa8a1-22d5-4f98-9fd2-31211f41c5ca', 'eea13552-ad24-4165-bce4-f1b22776739c');
INSERT INTO art_ping.employee (id, first_name, last_name, office_id, user_id, leave_date, updated, login, email, calendar_id) VALUES ('03fa441f-0c56-4993-8348-e201b8609721', 'employeeName71', 'employeeLastName71', '52c7a166-d490-4f5e-b87b-709b6d76b6c6', '6dca4392-9083-45c0-965e-7bde1fbda763', null, '2021-12-23T15:53:09.823622', 'testUser71', 'employee71@em.com', '2c1aca41-1263-4c14-a164-85ebbe7a2530');
INSERT INTO art_ping.employee_role VALUES ('55797696-1593-4594-9e18-f9573b43230e', '03fa441f-0c56-4993-8348-e201b8609721', 'eea13552-ad24-4165-bce4-f1b22776739c');
INSERT INTO art_ping.employee (id, first_name, last_name, office_id, user_id, leave_date, updated, login, email, calendar_id) VALUES ('3b5c4fc0-b5da-41bd-b03d-036a4931de21', 'employeeName72', 'employeeLastName72', 'f343dca8-8c29-4bac-bb05-2f5129929c8d', '99fd3e04-21d8-43d6-b0db-a3a2a46ee186', null, '2021-12-23T15:53:09.823622', 'testUser72', 'employee72@em.com', '2c1aca41-1263-4c14-a164-85ebbe7a2530');
INSERT INTO art_ping.employee_role VALUES ('9abbe472-39aa-4d50-a598-6b538c3bc6d3', '3b5c4fc0-b5da-41bd-b03d-036a4931de21', '992e5c70-7b14-44ae-b2fc-d0c884659841');
INSERT INTO art_ping.employee_role VALUES ('ac100d81-2d7d-4fbb-ae38-c3bc6284c369', '3b5c4fc0-b5da-41bd-b03d-036a4931de21', '5b204bc5-6430-4939-aa23-17b1482c6d98');
INSERT INTO art_ping.employee_role VALUES ('45a81a8d-68ac-4740-94ff-99cea7a96b39', '3b5c4fc0-b5da-41bd-b03d-036a4931de21', 'eea13552-ad24-4165-bce4-f1b22776739c');
INSERT INTO art_ping.employee (id, first_name, last_name, office_id, user_id, leave_date, updated, login, email, calendar_id) VALUES ('e8da034a-a818-4519-ab3c-df5b45526744', 'employeeName73', 'employeeLastName73', 'ccc0bf03-5e58-4ab7-9351-3a6ce0761de1', 'e1d1e2c4-f8fe-4528-950f-4eeb84bc81db', null, '2021-12-23T15:53:09.823622', 'testUser73', 'employee73@em.com', '2c1aca41-1263-4c14-a164-85ebbe7a2530');
INSERT INTO art_ping.employee_role VALUES ('0b505194-7c54-4f22-b026-ece5e2e31520', 'e8da034a-a818-4519-ab3c-df5b45526744', '5b204bc5-6430-4939-aa23-17b1482c6d98');
INSERT INTO art_ping.employee_role VALUES ('eff9baad-4e19-495a-a212-93d7baa75816', 'e8da034a-a818-4519-ab3c-df5b45526744', '9f4932a6-c650-4cd2-9338-2eefa47aeb35');
INSERT INTO art_ping.employee_role VALUES ('165c9478-37ec-43be-9449-c0562d5665c9', 'e8da034a-a818-4519-ab3c-df5b45526744', 'eea13552-ad24-4165-bce4-f1b22776739c');
INSERT INTO art_ping.employee (id, first_name, last_name, office_id, user_id, leave_date, updated, login, email, calendar_id) VALUES ('a7b43dbf-9e55-47ff-b635-3eaaa83976ab', 'employeeName74', 'employeeLastName74', 'f4d71312-d8e1-4ee0-b15a-4549da956833', 'c1a99376-ebc4-4311-9658-40cafb73822f', null, '2021-12-23T15:53:09.823622', 'testUser74', 'employee74@em.com', '2b982fe7-abbb-4373-ad5d-ed2abbc38242');
INSERT INTO art_ping.employee_role VALUES ('27a99ea7-7515-4eb8-a0ea-e6de19faebb7', 'a7b43dbf-9e55-47ff-b635-3eaaa83976ab', '992e5c70-7b14-44ae-b2fc-d0c884659841');
INSERT INTO art_ping.employee_role VALUES ('8bf1855c-3255-48bf-92a5-ddad970f4522', 'a7b43dbf-9e55-47ff-b635-3eaaa83976ab', 'eea13552-ad24-4165-bce4-f1b22776739c');
INSERT INTO art_ping.employee (id, first_name, last_name, office_id, user_id, leave_date, updated, login, email, calendar_id) VALUES ('25dc240f-ad93-4633-a08b-67880ef1e89f', 'employeeName75', 'employeeLastName75', '98b5d359-339d-4ee2-a179-d2446e4351cb', '9e5ebb11-a6d0-4797-810b-9a1feeda0c8c', null, '2021-12-23T15:53:09.823622', 'testUser75', 'employee75@em.com', 'ea2aee29-940a-4ece-aa24-bf313643c484');
INSERT INTO art_ping.employee_role VALUES ('28f6ee88-0adb-4469-b7e5-29b1a3cd20dd', '25dc240f-ad93-4633-a08b-67880ef1e89f', '5b204bc5-6430-4939-aa23-17b1482c6d98');
INSERT INTO art_ping.employee_role VALUES ('bd440b7a-ed9b-432b-856f-32a9a5a97fac', '25dc240f-ad93-4633-a08b-67880ef1e89f', '9f4932a6-c650-4cd2-9338-2eefa47aeb35');
INSERT INTO art_ping.employee_role VALUES ('52e14c4b-d6f6-485f-a7b8-e24760e8c74c', '25dc240f-ad93-4633-a08b-67880ef1e89f', 'eea13552-ad24-4165-bce4-f1b22776739c');
INSERT INTO art_ping.employee (id, first_name, last_name, office_id, user_id, leave_date, updated, login, email, calendar_id) VALUES ('1c9d7270-072b-466e-b5ed-7487d5fecb98', 'employeeName76', 'employeeLastName76', '8e970f19-0559-44fe-9f9c-9ef9b5882f56', '95b34b9d-078c-4b70-bf89-2cb26380fe3f', null, '2021-12-23T15:53:09.823622', 'testUser76', 'employee76@em.com', '4ae33c79-9339-4dfa-8a23-f6e578602cc4');
INSERT INTO art_ping.employee_role VALUES ('ce4cf012-8b35-4837-a658-46716bf07e65', '1c9d7270-072b-466e-b5ed-7487d5fecb98', '5b204bc5-6430-4939-aa23-17b1482c6d98');
INSERT INTO art_ping.employee_role VALUES ('960a39b2-6dc8-45de-836e-846544968d46', '1c9d7270-072b-466e-b5ed-7487d5fecb98', 'eea13552-ad24-4165-bce4-f1b22776739c');
INSERT INTO art_ping.employee (id, first_name, last_name, office_id, user_id, leave_date, updated, login, email, calendar_id) VALUES ('f294e255-0c6e-4bee-8f10-afa1172d08f4', 'employeeName77', 'employeeLastName77', '5c6c097f-c65b-4679-ae36-332cd7c804ff', '17291282-184d-4def-ae61-fbc5cfa89b55', null, '2021-12-23T15:53:09.823622', 'testUser77', 'employee77@em.com', 'aa756158-d942-4831-9f7f-4183ac82f6ee');
INSERT INTO art_ping.employee_role VALUES ('f6734672-22f0-4f74-8ba6-23205fddd374', 'f294e255-0c6e-4bee-8f10-afa1172d08f4', '9f4932a6-c650-4cd2-9338-2eefa47aeb35');
INSERT INTO art_ping.employee_role VALUES ('713ceaba-b05f-44ce-92be-ab8b316c27b1', 'f294e255-0c6e-4bee-8f10-afa1172d08f4', 'eea13552-ad24-4165-bce4-f1b22776739c');
INSERT INTO art_ping.employee (id, first_name, last_name, office_id, user_id, leave_date, updated, login, email, calendar_id) VALUES ('e45aa7b9-acc5-4456-8b9c-1c9a5bb6944f', 'employeeName78', 'employeeLastName78', 'b38d4e52-2a1d-4c94-b6b8-4833bb4859f3', 'f1b2ae9e-5ecc-47ef-8574-7e6fb3bcd2e1', null, '2021-12-23T15:53:09.823622', 'testUser78', 'employee78@em.com', '421f75d2-5320-476c-aa29-3fef2c5c2fb2');
INSERT INTO art_ping.employee_role VALUES ('b64be4cf-0360-4423-bee3-94baa5651fe1', 'e45aa7b9-acc5-4456-8b9c-1c9a5bb6944f', '992e5c70-7b14-44ae-b2fc-d0c884659841');
INSERT INTO art_ping.employee_role VALUES ('b9dc1bfb-9366-4f7e-8940-14f926273e0d', 'e45aa7b9-acc5-4456-8b9c-1c9a5bb6944f', '5b204bc5-6430-4939-aa23-17b1482c6d98');
INSERT INTO art_ping.employee_role VALUES ('73d675a4-c6cd-4653-897f-ad3275709ad2', 'e45aa7b9-acc5-4456-8b9c-1c9a5bb6944f', '9f4932a6-c650-4cd2-9338-2eefa47aeb35');
INSERT INTO art_ping.employee_role VALUES ('2a14b7b1-1034-4ca0-850a-3951dc9e2079', 'e45aa7b9-acc5-4456-8b9c-1c9a5bb6944f', 'e7051ffa-0edb-4ac7-84ed-12c1d3b2b5f8');
INSERT INTO art_ping.employee_role VALUES ('dfeaee95-9e1c-4477-aacd-499753e750c5', 'e45aa7b9-acc5-4456-8b9c-1c9a5bb6944f', 'eea13552-ad24-4165-bce4-f1b22776739c');
INSERT INTO art_ping.employee (id, first_name, last_name, office_id, user_id, leave_date, updated, login, email, calendar_id) VALUES ('f8983a7a-fc5f-4ddc-aaa2-b5e75b472253', 'employeeName79', 'employeeLastName79', '98b5d359-339d-4ee2-a179-d2446e4351cb', '8739ccbb-3bae-4072-ada4-77cfe250c0ac', null, '2021-12-23T15:53:09.823622', 'testUser79', 'employee79@em.com', 'ea2aee29-940a-4ece-aa24-bf313643c484');
INSERT INTO art_ping.employee_role VALUES ('89d8debc-d974-49e2-869e-0455050c14e7', 'f8983a7a-fc5f-4ddc-aaa2-b5e75b472253', 'eea13552-ad24-4165-bce4-f1b22776739c');
INSERT INTO art_ping.employee (id, first_name, last_name, office_id, user_id, leave_date, updated, login, email, calendar_id) VALUES ('7f1b2eac-41b0-4fbc-92d0-0b85a563306b', 'employeeName80', 'employeeLastName80', '4a2d1c6e-5209-4c87-b6b2-dc8f9c4bb459', '265baea8-ffd1-4622-9ca2-8a37db307929', null, '2021-12-23T15:53:09.823622', 'testUser80', 'employee80@em.com', '371649ca-7dbe-4b17-bb2e-7b32c5c89692');
INSERT INTO art_ping.employee_role VALUES ('15a93b47-457f-4561-a499-787a50d59964', '7f1b2eac-41b0-4fbc-92d0-0b85a563306b', '5b204bc5-6430-4939-aa23-17b1482c6d98');
INSERT INTO art_ping.employee_role VALUES ('556a2cd1-4a84-42fd-aa33-c5c9faa567e8', '7f1b2eac-41b0-4fbc-92d0-0b85a563306b', '9f4932a6-c650-4cd2-9338-2eefa47aeb35');
INSERT INTO art_ping.employee_role VALUES ('5a9ad558-a39c-4273-8793-ca1498bc5357', '7f1b2eac-41b0-4fbc-92d0-0b85a563306b', 'eea13552-ad24-4165-bce4-f1b22776739c');
INSERT INTO art_ping.employee (id, first_name, last_name, office_id, user_id, leave_date, updated, login, email, calendar_id) VALUES ('02cc8562-7969-43ae-a855-896bda20f602', 'employeeName81', 'employeeLastName81', 'c98cbf70-8ea2-4f2f-9309-61e51ed5c356', '63126aa7-17b7-49f9-8f56-a256ba347e16', null, '2021-12-23T15:53:09.823622', 'testUser81', 'employee81@em.com', '9eed65bb-b911-4f54-922e-a4f28c76e64b');
INSERT INTO art_ping.employee_role VALUES ('77a67db0-0d02-4713-9112-176adcfef1b0', '02cc8562-7969-43ae-a855-896bda20f602', '5b204bc5-6430-4939-aa23-17b1482c6d98');
INSERT INTO art_ping.employee_role VALUES ('fafc8dc0-f708-4829-83f5-40c58754d83d', '02cc8562-7969-43ae-a855-896bda20f602', '9f4932a6-c650-4cd2-9338-2eefa47aeb35');
INSERT INTO art_ping.employee_role VALUES ('8d746361-1be6-4536-be7a-7a9e615c810f', '02cc8562-7969-43ae-a855-896bda20f602', 'eea13552-ad24-4165-bce4-f1b22776739c');
INSERT INTO art_ping.employee (id, first_name, last_name, office_id, user_id, leave_date, updated, login, email, calendar_id) VALUES ('19b2ef4e-cba1-4081-8ac5-a39d91c885c2', 'employeeName82', 'employeeLastName82', '52c7a166-d490-4f5e-b87b-709b6d76b6c6', '23f09f8f-e636-41cf-9221-1477bd686f6c', null, '2021-12-23T15:53:09.823622', 'testUser82', 'employee82@em.com', '2c1aca41-1263-4c14-a164-85ebbe7a2530');
INSERT INTO art_ping.employee_role VALUES ('eaf77137-0674-483a-b2c3-262c2d9d1d12', '19b2ef4e-cba1-4081-8ac5-a39d91c885c2', '992e5c70-7b14-44ae-b2fc-d0c884659841');
INSERT INTO art_ping.employee_role VALUES ('0b498d04-003f-4403-8b19-42908d14bd20', '19b2ef4e-cba1-4081-8ac5-a39d91c885c2', '9f4932a6-c650-4cd2-9338-2eefa47aeb35');
INSERT INTO art_ping.employee_role VALUES ('ad1b4735-d81e-42c0-a0ed-88449a264b84', '19b2ef4e-cba1-4081-8ac5-a39d91c885c2', 'eea13552-ad24-4165-bce4-f1b22776739c');
INSERT INTO art_ping.employee (id, first_name, last_name, office_id, user_id, leave_date, updated, login, email, calendar_id) VALUES ('705eacd0-2b9b-471b-af28-f7aebaa5c8d9', 'employeeName83', 'employeeLastName83', '30706424-bea2-4bb9-9c2e-3f1999db32e8', '91ab8c74-7160-47cf-9748-c435b3a06e36', null, '2021-12-23T15:53:09.823622', 'testUser83', 'employee83@em.com', '05df20b9-fc6b-4f23-ba1c-af19e01027f8');
INSERT INTO art_ping.employee_role VALUES ('c584a02a-3ddd-4b0b-b25f-6bf70f2c4062', '705eacd0-2b9b-471b-af28-f7aebaa5c8d9', '5b204bc5-6430-4939-aa23-17b1482c6d98');
INSERT INTO art_ping.employee_role VALUES ('be4d4551-d517-4409-8f6a-262e432a47c3', '705eacd0-2b9b-471b-af28-f7aebaa5c8d9', 'eea13552-ad24-4165-bce4-f1b22776739c');
INSERT INTO art_ping.employee (id, first_name, last_name, office_id, user_id, leave_date, updated, login, email, calendar_id) VALUES ('039a657d-7795-4c77-b8a1-f817bf0af5a3', 'employeeName84', 'employeeLastName84', '5ea0b566-b6c7-4108-8623-89f7b9dd82d4', '64857e85-32b5-4a72-b3d6-47f5c2a3ea0e', null, '2021-12-23T15:53:09.823622', 'testUser84', 'employee84@em.com', '2c1aca41-1263-4c14-a164-85ebbe7a2530');
INSERT INTO art_ping.employee_role VALUES ('e09a741c-38d5-418d-b294-7c670cf902d0', '039a657d-7795-4c77-b8a1-f817bf0af5a3', '992e5c70-7b14-44ae-b2fc-d0c884659841');
INSERT INTO art_ping.employee_role VALUES ('3a122ebf-0145-4698-9dc6-19d5cf5a551a', '039a657d-7795-4c77-b8a1-f817bf0af5a3', 'e7051ffa-0edb-4ac7-84ed-12c1d3b2b5f8');
INSERT INTO art_ping.employee_role VALUES ('666fa00c-dee1-43e2-9167-5746d99ca062', '039a657d-7795-4c77-b8a1-f817bf0af5a3', 'eea13552-ad24-4165-bce4-f1b22776739c');
INSERT INTO art_ping.employee (id, first_name, last_name, office_id, user_id, leave_date, updated, login, email, calendar_id) VALUES ('e908edfa-7f9c-4192-8e44-3392b3d15019', 'employeeName85', 'employeeLastName85', '5b97f89c-d581-409a-9319-b8137fec100b', 'a5b46a0a-402d-4622-bd95-f4617e4801c5', null, '2021-12-23T15:53:09.823622', 'testUser85', 'employee85@em.com', '6969566a-e5de-4f96-9c23-1ff4f220bf37');
INSERT INTO art_ping.employee_role VALUES ('37284ed4-04cd-4e2d-a50c-cc4205584481', 'e908edfa-7f9c-4192-8e44-3392b3d15019', '992e5c70-7b14-44ae-b2fc-d0c884659841');
INSERT INTO art_ping.employee_role VALUES ('67c08a6f-0757-4699-a9b4-1a4d3cee60a5', 'e908edfa-7f9c-4192-8e44-3392b3d15019', 'eea13552-ad24-4165-bce4-f1b22776739c');
INSERT INTO art_ping.employee (id, first_name, last_name, office_id, user_id, leave_date, updated, login, email, calendar_id) VALUES ('b9061b48-6319-4fef-a10c-d2cfa17e9af9', 'employeeName86', 'employeeLastName86', '2bb6897e-6efb-4ea8-a567-9f6cf7ab68af', '0facf935-05d9-4f2e-af6d-d9b0f8ee6144', null, '2021-12-23T15:53:09.824620300', 'testUser86', 'employee86@em.com', '359b1098-039b-4845-8e60-eb05d970e778');
INSERT INTO art_ping.employee_role VALUES ('7a5d120e-107e-4fb7-a2de-8492387070f8', 'b9061b48-6319-4fef-a10c-d2cfa17e9af9', '9f4932a6-c650-4cd2-9338-2eefa47aeb35');
INSERT INTO art_ping.employee_role VALUES ('0fd1dad1-8109-4582-9e27-eaf090e7f748', 'b9061b48-6319-4fef-a10c-d2cfa17e9af9', 'e7051ffa-0edb-4ac7-84ed-12c1d3b2b5f8');
INSERT INTO art_ping.employee_role VALUES ('a56e13f8-7ac8-4e9a-a9eb-aa15d2d012cb', 'b9061b48-6319-4fef-a10c-d2cfa17e9af9', 'eea13552-ad24-4165-bce4-f1b22776739c');
INSERT INTO art_ping.employee (id, first_name, last_name, office_id, user_id, leave_date, updated, login, email, calendar_id) VALUES ('3dd12a35-b0bc-4712-9820-1867ff4b7b56', 'employeeName87', 'employeeLastName87', '5e73f8f8-1849-429c-82fa-6521c84083fb', 'c163d363-2a57-4ca1-b11a-ce2b70e308a4', null, '2021-12-23T15:53:09.824620300', 'testUser87', 'employee87@em.com', 'ea2aee29-940a-4ece-aa24-bf313643c484');
INSERT INTO art_ping.employee_role VALUES ('59e2d319-39a2-402c-af3c-8d9f1b7868a7', '3dd12a35-b0bc-4712-9820-1867ff4b7b56', '992e5c70-7b14-44ae-b2fc-d0c884659841');
INSERT INTO art_ping.employee_role VALUES ('8fe53174-b3f2-44c6-aae2-546fb5c6ebdd', '3dd12a35-b0bc-4712-9820-1867ff4b7b56', '5b204bc5-6430-4939-aa23-17b1482c6d98');
INSERT INTO art_ping.employee_role VALUES ('10dc5f0e-e5b3-459e-bc01-93798d29ffcc', '3dd12a35-b0bc-4712-9820-1867ff4b7b56', 'eea13552-ad24-4165-bce4-f1b22776739c');
INSERT INTO art_ping.employee (id, first_name, last_name, office_id, user_id, leave_date, updated, login, email, calendar_id) VALUES ('97d4e815-ae13-4d16-89ee-a41a068c08f5', 'employeeName88', 'employeeLastName88', '8bacce93-29dd-4309-ac7f-798c0b78f3eb', '6cceb04f-3e21-473e-ac9c-a717902f5b44', null, '2021-12-23T15:53:09.824620300', 'testUser88', 'employee88@em.com', '1e556459-8c32-4b8a-b222-3fcd1967615e');
INSERT INTO art_ping.employee_role VALUES ('72f9ce3e-e7f3-411d-91b7-3db54c2d0d0b', '97d4e815-ae13-4d16-89ee-a41a068c08f5', '992e5c70-7b14-44ae-b2fc-d0c884659841');
INSERT INTO art_ping.employee_role VALUES ('ee6d2509-ae8a-430e-8f3b-2fda751defef', '97d4e815-ae13-4d16-89ee-a41a068c08f5', 'e7051ffa-0edb-4ac7-84ed-12c1d3b2b5f8');
INSERT INTO art_ping.employee_role VALUES ('ee9f238b-93f7-494f-8dd7-81c38d331f90', '97d4e815-ae13-4d16-89ee-a41a068c08f5', 'eea13552-ad24-4165-bce4-f1b22776739c');
INSERT INTO art_ping.employee (id, first_name, last_name, office_id, user_id, leave_date, updated, login, email, calendar_id) VALUES ('5b8db2a7-25ee-42d2-bf6c-e7ae8b81945f', 'employeeName89', 'employeeLastName89', 'd2c24b6d-3927-4311-a179-5e1f3168424e', '6d039552-e6db-4dc9-b679-fa9f28b7b1c9', null, '2021-12-23T15:53:09.824620300', 'testUser89', 'employee89@em.com', '9f9de325-c406-49e9-a3e9-a6b221e50c64');
INSERT INTO art_ping.employee_role VALUES ('b0dc4d33-8cbc-406e-b3aa-133a1177b38b', '5b8db2a7-25ee-42d2-bf6c-e7ae8b81945f', 'eea13552-ad24-4165-bce4-f1b22776739c');
INSERT INTO art_ping.employee (id, first_name, last_name, office_id, user_id, leave_date, updated, login, email, calendar_id) VALUES ('8ad0648e-a4b8-46ba-9c8d-b940cfbc5c08', 'employeeName90', 'employeeLastName90', '8bacce93-29dd-4309-ac7f-798c0b78f3eb', '590b2e6e-0d62-431f-a9d7-fb36b280fa00', null, '2021-12-23T15:53:09.824620300', 'testUser90', 'employee90@em.com', '1e556459-8c32-4b8a-b222-3fcd1967615e');
INSERT INTO art_ping.employee_role VALUES ('8115962d-1d66-475a-b9bd-208fafc3f639', '8ad0648e-a4b8-46ba-9c8d-b940cfbc5c08', 'e7051ffa-0edb-4ac7-84ed-12c1d3b2b5f8');
INSERT INTO art_ping.employee_role VALUES ('a2e7a2c1-809b-4437-8a03-29b57839549f', '8ad0648e-a4b8-46ba-9c8d-b940cfbc5c08', 'eea13552-ad24-4165-bce4-f1b22776739c');
INSERT INTO art_ping.employee (id, first_name, last_name, office_id, user_id, leave_date, updated, login, email, calendar_id) VALUES ('19d1efb8-ee88-4363-959d-03669db4d466', 'employeeName91', 'employeeLastName91', '2a9470a4-4641-42d3-84f8-432a981a3133', '85a4ee40-8bae-411e-a8c1-a54a6c36b56e', null, '2021-12-23T15:53:09.824620300', 'testUser91', 'employee91@em.com', 'aa756158-d942-4831-9f7f-4183ac82f6ee');
INSERT INTO art_ping.employee_role VALUES ('90cafd31-ce75-4ff2-8261-b6d51cedb293', '19d1efb8-ee88-4363-959d-03669db4d466', '5b204bc5-6430-4939-aa23-17b1482c6d98');
INSERT INTO art_ping.employee_role VALUES ('3fec031f-c62d-47a1-9957-a1e91cf4e8e8', '19d1efb8-ee88-4363-959d-03669db4d466', '9f4932a6-c650-4cd2-9338-2eefa47aeb35');
INSERT INTO art_ping.employee_role VALUES ('d2926d5e-90b2-400e-9c2c-f0bf21b54f12', '19d1efb8-ee88-4363-959d-03669db4d466', 'e7051ffa-0edb-4ac7-84ed-12c1d3b2b5f8');
INSERT INTO art_ping.employee_role VALUES ('d077e26c-bc78-454f-864c-523881dc2462', '19d1efb8-ee88-4363-959d-03669db4d466', 'eea13552-ad24-4165-bce4-f1b22776739c');
INSERT INTO art_ping.employee (id, first_name, last_name, office_id, user_id, leave_date, updated, login, email, calendar_id) VALUES ('d5f6b3e4-9a75-44a8-bee4-85dfa16754c5', 'employeeName92', 'employeeLastName92', '7415961f-d414-4397-83de-50f8bc1f9c6a', '68bdd577-5349-4240-b76e-658be387da43', null, '2021-12-23T15:53:09.824620300', 'testUser92', 'employee92@em.com', '4ae33c79-9339-4dfa-8a23-f6e578602cc4');
INSERT INTO art_ping.employee_role VALUES ('65f1d8c5-174e-4868-82b9-ee8c56d442f1', 'd5f6b3e4-9a75-44a8-bee4-85dfa16754c5', 'eea13552-ad24-4165-bce4-f1b22776739c');
INSERT INTO art_ping.employee (id, first_name, last_name, office_id, user_id, leave_date, updated, login, email, calendar_id) VALUES ('a000626e-6682-4627-a6fa-0085a5e5af74', 'employeeName93', 'employeeLastName93', 'e13d3c7c-e77c-4f03-8900-8bcdd5fd0731', '1b08cecd-78bb-428b-a54c-9cf8daaa5a61', null, '2021-12-23T15:53:09.824620300', 'testUser93', 'employee93@em.com', 'a1a334cc-3816-48c3-a0b9-4d5a7cab59aa');
INSERT INTO art_ping.employee_role VALUES ('4211e7cb-ed0b-44dd-9688-cc10aeff5881', 'a000626e-6682-4627-a6fa-0085a5e5af74', '992e5c70-7b14-44ae-b2fc-d0c884659841');
INSERT INTO art_ping.employee_role VALUES ('a42784cd-d720-4c5e-9871-f228302b9e7a', 'a000626e-6682-4627-a6fa-0085a5e5af74', 'e7051ffa-0edb-4ac7-84ed-12c1d3b2b5f8');
INSERT INTO art_ping.employee_role VALUES ('27096b0c-880b-42f0-8e32-e48929dac748', 'a000626e-6682-4627-a6fa-0085a5e5af74', 'eea13552-ad24-4165-bce4-f1b22776739c');
INSERT INTO art_ping.employee (id, first_name, last_name, office_id, user_id, leave_date, updated, login, email, calendar_id) VALUES ('4b1bba58-6eb5-49c7-a863-fa902dcac55c', 'employeeName94', 'employeeLastName94', 'a05b4a13-143d-42e2-b67e-a7badc0a28b4', '63bc2f09-9fde-497f-8648-288a1976caa9', null, '2021-12-23T15:53:09.824620300', 'testUser94', 'employee94@em.com', '2d1bcc5c-2962-412f-909b-9c761decd022');
INSERT INTO art_ping.employee_role VALUES ('fe1aa4c5-3ca0-4534-9198-2eb060be93d1', '4b1bba58-6eb5-49c7-a863-fa902dcac55c', '9f4932a6-c650-4cd2-9338-2eefa47aeb35');
INSERT INTO art_ping.employee_role VALUES ('e33432ec-755a-4d86-aa8c-d3c1305c36da', '4b1bba58-6eb5-49c7-a863-fa902dcac55c', 'eea13552-ad24-4165-bce4-f1b22776739c');
INSERT INTO art_ping.employee (id, first_name, last_name, office_id, user_id, leave_date, updated, login, email, calendar_id) VALUES ('db6cfd2c-6c25-4e9a-83aa-cd8ae2f47e5b', 'employeeName95', 'employeeLastName95', 'f61db947-06e5-4f2d-a7cc-bb4b5ab7c6d5', '7ddf77ad-211c-4223-bf06-f1c6862f09ab', null, '2021-12-23T15:53:09.824620300', 'testUser95', 'employee95@em.com', '05df20b9-fc6b-4f23-ba1c-af19e01027f8');
INSERT INTO art_ping.employee_role VALUES ('022bc3d7-33b9-42c6-9567-c79f27998617', 'db6cfd2c-6c25-4e9a-83aa-cd8ae2f47e5b', '992e5c70-7b14-44ae-b2fc-d0c884659841');
INSERT INTO art_ping.employee_role VALUES ('723953a5-0493-4ba3-820e-3766aac7062e', 'db6cfd2c-6c25-4e9a-83aa-cd8ae2f47e5b', '5b204bc5-6430-4939-aa23-17b1482c6d98');
INSERT INTO art_ping.employee_role VALUES ('bcb888ef-11e0-4246-b22a-c24d59f57639', 'db6cfd2c-6c25-4e9a-83aa-cd8ae2f47e5b', 'e7051ffa-0edb-4ac7-84ed-12c1d3b2b5f8');
INSERT INTO art_ping.employee_role VALUES ('f30d637f-a72e-489a-b89f-4653f81d2690', 'db6cfd2c-6c25-4e9a-83aa-cd8ae2f47e5b', 'eea13552-ad24-4165-bce4-f1b22776739c');
INSERT INTO art_ping.employee (id, first_name, last_name, office_id, user_id, leave_date, updated, login, email, calendar_id) VALUES ('8a2c1ea1-9f31-45fd-bf8a-d5e909471c37', 'employeeName96', 'employeeLastName96', '29e9d505-6dcf-4dd4-ab9d-2bec2a69bb9c', '4898327c-9822-4713-8c32-87f443d1ab41', null, '2021-12-23T15:53:09.824620300', 'testUser96', 'employee96@em.com', 'f3d2db0c-1d64-473c-b7c3-9857f65e0d6b');
INSERT INTO art_ping.employee_role VALUES ('4ef8dfe1-df1e-4673-bda3-0c9d5aaee3c4', '8a2c1ea1-9f31-45fd-bf8a-d5e909471c37', 'eea13552-ad24-4165-bce4-f1b22776739c');
INSERT INTO art_ping.employee (id, first_name, last_name, office_id, user_id, leave_date, updated, login, email, calendar_id) VALUES ('d8235bf0-6cb4-40c4-bcff-fce23ed0f8ab', 'employeeName97', 'employeeLastName97', 'b1a7dbcd-c95d-4177-a9a3-a3cd0dcc3c36', '614e30eb-67f6-4156-a9b6-fb9eb3684c6e', null, '2021-12-23T15:53:09.824620300', 'testUser97', 'employee97@em.com', 'f3d2db0c-1d64-473c-b7c3-9857f65e0d6b');
INSERT INTO art_ping.employee_role VALUES ('a96548d4-e26a-42a2-b52b-398088509fe5', 'd8235bf0-6cb4-40c4-bcff-fce23ed0f8ab', '992e5c70-7b14-44ae-b2fc-d0c884659841');
INSERT INTO art_ping.employee_role VALUES ('1a2d3191-3f01-4a84-8ac7-a740071e5650', 'd8235bf0-6cb4-40c4-bcff-fce23ed0f8ab', '5b204bc5-6430-4939-aa23-17b1482c6d98');
INSERT INTO art_ping.employee_role VALUES ('994798b4-2e0c-4f04-a7a6-c21605676244', 'd8235bf0-6cb4-40c4-bcff-fce23ed0f8ab', '9f4932a6-c650-4cd2-9338-2eefa47aeb35');
INSERT INTO art_ping.employee_role VALUES ('0c4e547b-d6ee-4cc5-9084-f35a2cca64d0', 'd8235bf0-6cb4-40c4-bcff-fce23ed0f8ab', 'eea13552-ad24-4165-bce4-f1b22776739c');
INSERT INTO art_ping.employee (id, first_name, last_name, office_id, user_id, leave_date, updated, login, email, calendar_id) VALUES ('b8c026a7-e397-42bb-8a2f-a31dc4d63993', 'employeeName98', 'employeeLastName98', '8d9427af-1f06-4474-8078-41aff99ced84', 'de4053e2-8fd9-485e-8e19-a54f28cd9161', null, '2021-12-23T15:53:09.824620300', 'testUser98', 'employee98@em.com', '6767edac-df6d-48d8-9619-63168204fed5');
INSERT INTO art_ping.employee_role VALUES ('61a7ae97-4753-4318-aace-9f565650e939', 'b8c026a7-e397-42bb-8a2f-a31dc4d63993', 'e7051ffa-0edb-4ac7-84ed-12c1d3b2b5f8');
INSERT INTO art_ping.employee_role VALUES ('5ba280b8-1c2f-441e-94c3-1b47a8fb7c94', 'b8c026a7-e397-42bb-8a2f-a31dc4d63993', 'eea13552-ad24-4165-bce4-f1b22776739c');
INSERT INTO art_ping.employee (id, first_name, last_name, office_id, user_id, leave_date, updated, login, email, calendar_id) VALUES ('9cd3b747-99f4-4d7d-b20e-5bf11f1fdc2f', 'employeeName99', 'employeeLastName99', '1c6d1efc-c63c-4297-ae72-54ad50e78394', 'd238d81d-48ef-41e7-b568-ead60dd41917', null, '2021-12-23T15:53:09.824620300', 'testUser99', 'employee99@em.com', '1d93117a-7c37-4bb4-9482-c9c0f0347541');
INSERT INTO art_ping.employee_role VALUES ('f690d5e0-2821-4668-87f9-ce2c23ca2d39', '9cd3b747-99f4-4d7d-b20e-5bf11f1fdc2f', '5b204bc5-6430-4939-aa23-17b1482c6d98');
INSERT INTO art_ping.employee_role VALUES ('d937f6d5-1870-47d0-b006-6aa0b7833cc9', '9cd3b747-99f4-4d7d-b20e-5bf11f1fdc2f', 'e7051ffa-0edb-4ac7-84ed-12c1d3b2b5f8');
INSERT INTO art_ping.employee_role VALUES ('cf2722f4-9a46-44a5-9456-ad518ef66f56', '9cd3b747-99f4-4d7d-b20e-5bf11f1fdc2f', 'eea13552-ad24-4165-bce4-f1b22776739c');
INSERT INTO art_ping.employee (id, first_name, last_name, office_id, user_id, leave_date, updated, login, email, calendar_id) VALUES ('d2abec78-041a-4237-a04b-afe32191b1ce', 'employeeName100', 'employeeLastName100', '4ee8b11a-97b9-441b-b132-d2c958059db4', '8d9d04fb-44bb-49c9-a6a8-70797b506327', null, '2021-12-23T15:53:09.824620300', 'testUser100', 'employee100@em.com', 'eefc2551-5301-4d3e-bdcd-25f249e62ddb');
INSERT INTO art_ping.employee_role VALUES ('294403a5-b737-45ba-9308-1c28e827e0da', 'd2abec78-041a-4237-a04b-afe32191b1ce', '992e5c70-7b14-44ae-b2fc-d0c884659841');
INSERT INTO art_ping.employee_role VALUES ('f8483b69-7303-4ef2-9235-676fd9b6a3d9', 'd2abec78-041a-4237-a04b-afe32191b1ce', 'e7051ffa-0edb-4ac7-84ed-12c1d3b2b5f8');
INSERT INTO art_ping.employee_role VALUES ('e1632333-068b-47d7-98c5-ede1d02a6bea', 'd2abec78-041a-4237-a04b-afe32191b1ce', 'eea13552-ad24-4165-bce4-f1b22776739c');
INSERT INTO art_ping.employee (id, first_name, last_name, office_id, user_id, leave_date, updated, login, email, calendar_id) VALUES ('ab56e4fa-0d6c-489c-94d3-5b7dc276e3bf', 'employeeName101', 'employeeLastName101', 'aa55280f-51c6-4142-8673-79476164b5a7', '93a2e638-a790-46d7-ae72-794edfbc5f98', null, '2021-12-23T15:53:09.824620300', 'testUser101', 'employee101@em.com', '371649ca-7dbe-4b17-bb2e-7b32c5c89692');
INSERT INTO art_ping.employee_role VALUES ('fe199bc2-4990-451c-a3a1-4270a12c2c3c', 'ab56e4fa-0d6c-489c-94d3-5b7dc276e3bf', '9f4932a6-c650-4cd2-9338-2eefa47aeb35');
INSERT INTO art_ping.employee_role VALUES ('a7a05f0e-99d1-4a42-8e7d-78c8e54e9a23', 'ab56e4fa-0d6c-489c-94d3-5b7dc276e3bf', 'e7051ffa-0edb-4ac7-84ed-12c1d3b2b5f8');
INSERT INTO art_ping.employee_role VALUES ('9997b7ad-de42-4b72-ba22-4efb35d024eb', 'ab56e4fa-0d6c-489c-94d3-5b7dc276e3bf', 'eea13552-ad24-4165-bce4-f1b22776739c');
INSERT INTO art_ping.employee (id, first_name, last_name, office_id, user_id, leave_date, updated, login, email, calendar_id) VALUES ('7624cdba-4646-456c-b188-ab9c6dc455b1', 'employeeName102', 'employeeLastName102', '634fbf9e-47b1-4d16-b738-1e4b3a74a95e', '8cc33501-d327-4077-869e-9cb300e10e10', null, '2021-12-23T15:53:09.825622400', 'testUser102', 'employee102@em.com', '806ef06a-7883-442e-ba1e-c983de46014a');
INSERT INTO art_ping.employee_role VALUES ('ef2885ac-e564-4ff1-9643-defc4cf77de4', '7624cdba-4646-456c-b188-ab9c6dc455b1', '5b204bc5-6430-4939-aa23-17b1482c6d98');
INSERT INTO art_ping.employee_role VALUES ('80d76016-4602-4ec7-bc60-3f721641cb7b', '7624cdba-4646-456c-b188-ab9c6dc455b1', 'e7051ffa-0edb-4ac7-84ed-12c1d3b2b5f8');
INSERT INTO art_ping.employee_role VALUES ('0d5706db-d0e8-4315-a486-e3172e2e930a', '7624cdba-4646-456c-b188-ab9c6dc455b1', 'eea13552-ad24-4165-bce4-f1b22776739c');
INSERT INTO art_ping.employee (id, first_name, last_name, office_id, user_id, leave_date, updated, login, email, calendar_id) VALUES ('1eff4c81-5cbf-471c-87f3-73095daddfb8', 'employeeName103', 'employeeLastName103', '30706424-bea2-4bb9-9c2e-3f1999db32e8', '4e16cf91-6819-49e6-abae-f1e5914e7d9a', null, '2021-12-23T15:53:09.825622400', 'testUser103', 'employee103@em.com', '05df20b9-fc6b-4f23-ba1c-af19e01027f8');
INSERT INTO art_ping.employee_role VALUES ('898bd266-b2b9-4789-bab6-d89495f1c52b', '1eff4c81-5cbf-471c-87f3-73095daddfb8', '992e5c70-7b14-44ae-b2fc-d0c884659841');
INSERT INTO art_ping.employee_role VALUES ('c60a4efa-ee6c-41bd-89b4-ef7361806054', '1eff4c81-5cbf-471c-87f3-73095daddfb8', '5b204bc5-6430-4939-aa23-17b1482c6d98');
INSERT INTO art_ping.employee_role VALUES ('3ba90c76-2e8e-4230-b129-3f286eb2696b', '1eff4c81-5cbf-471c-87f3-73095daddfb8', 'eea13552-ad24-4165-bce4-f1b22776739c');
INSERT INTO art_ping.employee (id, first_name, last_name, office_id, user_id, leave_date, updated, login, email, calendar_id) VALUES ('f63c7ea4-43e8-4279-8d79-67d9e0e39c66', 'employeeName104', 'employeeLastName104', 'd449a2e1-3a0c-493e-8b31-648769f7096c', '6216f9db-2078-4a75-ae2b-1ebdaf9270ea', null, '2021-12-23T15:53:09.825622400', 'testUser104', 'employee104@em.com', '65ee8bf0-7ad2-4273-9bf1-cdcf9e2aade3');
INSERT INTO art_ping.employee_role VALUES ('a2990b75-6810-48ca-8d55-11a86031abe8', 'f63c7ea4-43e8-4279-8d79-67d9e0e39c66', '992e5c70-7b14-44ae-b2fc-d0c884659841');
INSERT INTO art_ping.employee_role VALUES ('5daab3e0-9247-4668-aac3-a765abc0486b', 'f63c7ea4-43e8-4279-8d79-67d9e0e39c66', '5b204bc5-6430-4939-aa23-17b1482c6d98');
INSERT INTO art_ping.employee_role VALUES ('aa9b63a0-6a48-4e22-b9c6-3da31796a180', 'f63c7ea4-43e8-4279-8d79-67d9e0e39c66', '9f4932a6-c650-4cd2-9338-2eefa47aeb35');
INSERT INTO art_ping.employee_role VALUES ('41b388c9-8072-497f-a54e-bd94572933b6', 'f63c7ea4-43e8-4279-8d79-67d9e0e39c66', 'e7051ffa-0edb-4ac7-84ed-12c1d3b2b5f8');
INSERT INTO art_ping.employee_role VALUES ('e385e145-3369-4123-9c5c-3c292a159563', 'f63c7ea4-43e8-4279-8d79-67d9e0e39c66', 'eea13552-ad24-4165-bce4-f1b22776739c');
INSERT INTO art_ping.employee (id, first_name, last_name, office_id, user_id, leave_date, updated, login, email, calendar_id) VALUES ('fe3f9740-b04f-4506-8cc5-ca3eb38d4804', 'employeeName105', 'employeeLastName105', '14f270e2-966c-490a-a4eb-18796883a0b1', '027054c2-21c3-4037-8f32-92c170299fb0', null, '2021-12-23T15:53:09.825622400', 'testUser105', 'employee105@em.com', 'ea2aee29-940a-4ece-aa24-bf313643c484');
INSERT INTO art_ping.employee_role VALUES ('0ffef885-1294-4fa7-b9f9-3fefe3ff98ab', 'fe3f9740-b04f-4506-8cc5-ca3eb38d4804', 'e7051ffa-0edb-4ac7-84ed-12c1d3b2b5f8');
INSERT INTO art_ping.employee_role VALUES ('18e8fd9e-100a-4c2e-9c54-265ae6ac343a', 'fe3f9740-b04f-4506-8cc5-ca3eb38d4804', 'eea13552-ad24-4165-bce4-f1b22776739c');
INSERT INTO art_ping.employee (id, first_name, last_name, office_id, user_id, leave_date, updated, login, email, calendar_id) VALUES ('66e5b65b-8df7-4a31-8579-88043437f7db', 'employeeName106', 'employeeLastName106', '38a71f51-2b6c-4923-b5f5-f63580242d38', '138429a0-e6db-4650-8ab5-8dbd0c9247f3', null, '2021-12-23T15:53:09.825622400', 'testUser106', 'employee106@em.com', '3135532f-bdb7-49dd-bce9-6ae43a6b0cf1');
INSERT INTO art_ping.employee_role VALUES ('7f319419-a7ae-4693-92a4-356fe649d66a', '66e5b65b-8df7-4a31-8579-88043437f7db', '992e5c70-7b14-44ae-b2fc-d0c884659841');
INSERT INTO art_ping.employee_role VALUES ('797e6473-0d48-4a20-b9dc-28f718a0cd08', '66e5b65b-8df7-4a31-8579-88043437f7db', '5b204bc5-6430-4939-aa23-17b1482c6d98');
INSERT INTO art_ping.employee_role VALUES ('f396fae8-2044-47ad-b40a-52f8e0fbfff8', '66e5b65b-8df7-4a31-8579-88043437f7db', '9f4932a6-c650-4cd2-9338-2eefa47aeb35');
INSERT INTO art_ping.employee_role VALUES ('6f3cb059-691f-4c83-9d21-48031444fcf6', '66e5b65b-8df7-4a31-8579-88043437f7db', 'e7051ffa-0edb-4ac7-84ed-12c1d3b2b5f8');
INSERT INTO art_ping.employee_role VALUES ('54ab14ab-5b83-4a19-bdfb-d7d1a157322c', '66e5b65b-8df7-4a31-8579-88043437f7db', 'eea13552-ad24-4165-bce4-f1b22776739c');
INSERT INTO art_ping.employee (id, first_name, last_name, office_id, user_id, leave_date, updated, login, email, calendar_id) VALUES ('8c778e78-17dd-47ff-81d9-8c550d9e7cb3', 'employeeName107', 'employeeLastName107', '54e0e080-3d4f-4b0e-8b9d-f4d42bb0338d', '7c4961e2-8cac-4bf2-952a-2728c824f238', null, '2021-12-23T15:53:09.825622400', 'testUser107', 'employee107@em.com', 'fb333015-9403-4a3d-bf4b-bc8d771ac188');
INSERT INTO art_ping.employee_role VALUES ('34388262-1a73-43a2-b59c-a43491030172', '8c778e78-17dd-47ff-81d9-8c550d9e7cb3', '992e5c70-7b14-44ae-b2fc-d0c884659841');
INSERT INTO art_ping.employee_role VALUES ('407bad44-09e6-411b-ad39-f9bca214e51b', '8c778e78-17dd-47ff-81d9-8c550d9e7cb3', '5b204bc5-6430-4939-aa23-17b1482c6d98');
INSERT INTO art_ping.employee_role VALUES ('8ab4ae30-03ac-427e-a50a-5b18a474b9a6', '8c778e78-17dd-47ff-81d9-8c550d9e7cb3', '9f4932a6-c650-4cd2-9338-2eefa47aeb35');
INSERT INTO art_ping.employee_role VALUES ('400524e7-b4fd-4ceb-84f3-6649fc985d1c', '8c778e78-17dd-47ff-81d9-8c550d9e7cb3', 'eea13552-ad24-4165-bce4-f1b22776739c');
INSERT INTO art_ping.employee (id, first_name, last_name, office_id, user_id, leave_date, updated, login, email, calendar_id) VALUES ('6949b072-5157-4d9c-8bfa-ac1ad6e0a3c2', 'employeeName108', 'employeeLastName108', '7415961f-d414-4397-83de-50f8bc1f9c6a', '01c5d819-8d68-4383-b798-39967cfec080', null, '2021-12-23T15:53:09.825622400', 'testUser108', 'employee108@em.com', '4ae33c79-9339-4dfa-8a23-f6e578602cc4');
INSERT INTO art_ping.employee_role VALUES ('9e4120db-42b3-480f-9b15-90a788cfdff8', '6949b072-5157-4d9c-8bfa-ac1ad6e0a3c2', '992e5c70-7b14-44ae-b2fc-d0c884659841');
INSERT INTO art_ping.employee_role VALUES ('8ba3ff24-76df-4532-95f4-440a032f3411', '6949b072-5157-4d9c-8bfa-ac1ad6e0a3c2', '5b204bc5-6430-4939-aa23-17b1482c6d98');
INSERT INTO art_ping.employee_role VALUES ('58cfef2e-6533-4e9d-a870-2f7dda9ad74a', '6949b072-5157-4d9c-8bfa-ac1ad6e0a3c2', '9f4932a6-c650-4cd2-9338-2eefa47aeb35');
INSERT INTO art_ping.employee_role VALUES ('c2ac198f-b8d9-40ec-b793-a19d9df33c0a', '6949b072-5157-4d9c-8bfa-ac1ad6e0a3c2', 'eea13552-ad24-4165-bce4-f1b22776739c');
INSERT INTO art_ping.employee (id, first_name, last_name, office_id, user_id, leave_date, updated, login, email, calendar_id) VALUES ('c90c1514-118d-4c02-a022-cb8f65b703b8', 'employeeName109', 'employeeLastName109', '5c6c097f-c65b-4679-ae36-332cd7c804ff', 'd1ccc871-00df-4c21-bc0f-fbc80b0fbd42', null, '2021-12-23T15:53:09.825622400', 'testUser109', 'employee109@em.com', 'aa756158-d942-4831-9f7f-4183ac82f6ee');
INSERT INTO art_ping.employee_role VALUES ('b30a8c05-cc10-4758-b8dd-d4f78da035f9', 'c90c1514-118d-4c02-a022-cb8f65b703b8', '5b204bc5-6430-4939-aa23-17b1482c6d98');
INSERT INTO art_ping.employee_role VALUES ('a5023f73-b920-4228-8880-f09a9a18c862', 'c90c1514-118d-4c02-a022-cb8f65b703b8', '9f4932a6-c650-4cd2-9338-2eefa47aeb35');
INSERT INTO art_ping.employee_role VALUES ('af99704b-bf60-4073-975d-9e2421256459', 'c90c1514-118d-4c02-a022-cb8f65b703b8', 'eea13552-ad24-4165-bce4-f1b22776739c');
INSERT INTO art_ping.employee (id, first_name, last_name, office_id, user_id, leave_date, updated, login, email, calendar_id) VALUES ('0f919dc6-1f1c-4e66-b4c1-31bbe6ae25d3', 'employeeName110', 'employeeLastName110', '1ffe8c3b-de24-45c8-9b76-bed4a7a469c6', '16c85948-71ff-4f15-8398-3a31da15c100', null, '2021-12-23T15:53:09.825622400', 'testUser110', 'employee110@em.com', '1d93117a-7c37-4bb4-9482-c9c0f0347541');
INSERT INTO art_ping.employee_role VALUES ('807ad4ef-5cc7-485b-92d6-29ae255865f4', '0f919dc6-1f1c-4e66-b4c1-31bbe6ae25d3', '992e5c70-7b14-44ae-b2fc-d0c884659841');
INSERT INTO art_ping.employee_role VALUES ('f3d8e79b-fa76-4ab2-8674-4bb1b67a8ac7', '0f919dc6-1f1c-4e66-b4c1-31bbe6ae25d3', '5b204bc5-6430-4939-aa23-17b1482c6d98');
INSERT INTO art_ping.employee_role VALUES ('267ce664-20fb-4528-a211-7cc855758597', '0f919dc6-1f1c-4e66-b4c1-31bbe6ae25d3', 'eea13552-ad24-4165-bce4-f1b22776739c');
INSERT INTO art_ping.employee (id, first_name, last_name, office_id, user_id, leave_date, updated, login, email, calendar_id) VALUES ('33bb851b-af14-41e7-9546-c771e67cc2a2', 'employeeName111', 'employeeLastName111', '758d9213-f6e1-4b64-9b9d-096007422e6e', '9d6b8ab6-0770-4ad0-91b3-98dc57061499', null, '2021-12-23T15:53:09.825622400', 'testUser111', 'employee111@em.com', 'b8aa9779-678e-4bab-b4a1-ecf0030b5fe6');
INSERT INTO art_ping.employee_role VALUES ('0e7004f9-5e5e-42f4-9553-c2c1ffa20a61', '33bb851b-af14-41e7-9546-c771e67cc2a2', '5b204bc5-6430-4939-aa23-17b1482c6d98');
INSERT INTO art_ping.employee_role VALUES ('d0492057-8ddc-4f9d-b252-d565773dc11a', '33bb851b-af14-41e7-9546-c771e67cc2a2', '9f4932a6-c650-4cd2-9338-2eefa47aeb35');
INSERT INTO art_ping.employee_role VALUES ('180e5f45-ca81-4b02-9da8-1b2e97363aec', '33bb851b-af14-41e7-9546-c771e67cc2a2', 'e7051ffa-0edb-4ac7-84ed-12c1d3b2b5f8');
INSERT INTO art_ping.employee_role VALUES ('34d7d6d1-d406-49c0-be34-4b992aed22bd', '33bb851b-af14-41e7-9546-c771e67cc2a2', 'eea13552-ad24-4165-bce4-f1b22776739c');
INSERT INTO art_ping.employee (id, first_name, last_name, office_id, user_id, leave_date, updated, login, email, calendar_id) VALUES ('842f34d1-cdc8-42ad-9468-3c5a31205e56', 'employeeName112', 'employeeLastName112', 'b38d4e52-2a1d-4c94-b6b8-4833bb4859f3', 'aece1217-32ed-4dda-99db-7c740e55dbde', null, '2021-12-23T15:53:09.825622400', 'testUser112', 'employee112@em.com', '421f75d2-5320-476c-aa29-3fef2c5c2fb2');
INSERT INTO art_ping.employee_role VALUES ('b7eae8a9-909a-4011-9fe9-ee026ef9a133', '842f34d1-cdc8-42ad-9468-3c5a31205e56', '992e5c70-7b14-44ae-b2fc-d0c884659841');
INSERT INTO art_ping.employee_role VALUES ('75e06c3c-e940-48b6-818a-53f3880a7896', '842f34d1-cdc8-42ad-9468-3c5a31205e56', 'e7051ffa-0edb-4ac7-84ed-12c1d3b2b5f8');
INSERT INTO art_ping.employee_role VALUES ('e53a22a8-964b-4104-bc3d-a00d23d2c9d6', '842f34d1-cdc8-42ad-9468-3c5a31205e56', 'eea13552-ad24-4165-bce4-f1b22776739c');
INSERT INTO art_ping.employee (id, first_name, last_name, office_id, user_id, leave_date, updated, login, email, calendar_id) VALUES ('a66493be-8679-4abc-83ff-3499b8b18a5a', 'employeeName113', 'employeeLastName113', '89cfa69e-b778-400b-803b-09c8394544e6', '197901a5-acfa-4b5e-9d63-96a36f9b6b3a', null, '2021-12-23T15:53:09.825622400', 'testUser113', 'employee113@em.com', '68b5b71d-4837-4456-9fbc-9e6a1aa8fad7');
INSERT INTO art_ping.employee_role VALUES ('affc63bf-60ef-4b0c-af2e-ad7e470ad1f2', 'a66493be-8679-4abc-83ff-3499b8b18a5a', '5b204bc5-6430-4939-aa23-17b1482c6d98');
INSERT INTO art_ping.employee_role VALUES ('cabb5758-eb03-4564-8247-b9290cfc9cb7', 'a66493be-8679-4abc-83ff-3499b8b18a5a', 'e7051ffa-0edb-4ac7-84ed-12c1d3b2b5f8');
INSERT INTO art_ping.employee_role VALUES ('675cbc08-4529-41f6-b716-21a087ea87bf', 'a66493be-8679-4abc-83ff-3499b8b18a5a', 'eea13552-ad24-4165-bce4-f1b22776739c');
INSERT INTO art_ping.employee (id, first_name, last_name, office_id, user_id, leave_date, updated, login, email, calendar_id) VALUES ('35a5935f-ff01-413d-987e-38829b9e35d8', 'employeeName114', 'employeeLastName114', '3fcc2bb2-2200-492f-90b0-d74cb939edd6', '5e676e59-3f62-4f4d-b833-a0858ef1dcfc', null, '2021-12-23T15:53:09.825622400', 'testUser114', 'employee114@em.com', '9f9de325-c406-49e9-a3e9-a6b221e50c64');
INSERT INTO art_ping.employee_role VALUES ('b85b5500-d89e-40e9-bdbc-7a9c5e180f5d', '35a5935f-ff01-413d-987e-38829b9e35d8', 'eea13552-ad24-4165-bce4-f1b22776739c');
INSERT INTO art_ping.employee (id, first_name, last_name, office_id, user_id, leave_date, updated, login, email, calendar_id) VALUES ('edbec007-0b9d-47ee-9cb6-a8e2893e3f40', 'employeeName115', 'employeeLastName115', 'e8c8fcb7-16df-4938-8359-aecd0b12d902', '5abe2acb-b881-4688-a1b2-e9dabfe290f8', null, '2021-12-23T15:53:09.825622400', 'testUser115', 'employee115@em.com', '3135532f-bdb7-49dd-bce9-6ae43a6b0cf1');
INSERT INTO art_ping.employee_role VALUES ('23d423e7-5cda-4270-a099-8c3470e7e6d7', 'edbec007-0b9d-47ee-9cb6-a8e2893e3f40', 'e7051ffa-0edb-4ac7-84ed-12c1d3b2b5f8');
INSERT INTO art_ping.employee_role VALUES ('4a93622d-58cf-4fa8-90f0-46724c3ab19c', 'edbec007-0b9d-47ee-9cb6-a8e2893e3f40', 'eea13552-ad24-4165-bce4-f1b22776739c');
INSERT INTO art_ping.employee (id, first_name, last_name, office_id, user_id, leave_date, updated, login, email, calendar_id) VALUES ('0ad2eacd-3cc2-46ad-8308-f3e90ca9ecc8', 'employeeName116', 'employeeLastName116', '2091731c-66c6-4505-ae0b-83efbbd8f3d5', '8dab4426-9020-4b7b-8ff3-a9667c0c4dab', null, '2021-12-23T15:53:09.826626100', 'testUser116', 'employee116@em.com', '1e556459-8c32-4b8a-b222-3fcd1967615e');
INSERT INTO art_ping.employee_role VALUES ('82c212a0-e243-4bda-bd40-1c71cfd1b6fc', '0ad2eacd-3cc2-46ad-8308-f3e90ca9ecc8', '992e5c70-7b14-44ae-b2fc-d0c884659841');
INSERT INTO art_ping.employee_role VALUES ('bcf639d4-c28d-4f80-969e-e4b7a330e0ce', '0ad2eacd-3cc2-46ad-8308-f3e90ca9ecc8', '5b204bc5-6430-4939-aa23-17b1482c6d98');
INSERT INTO art_ping.employee_role VALUES ('d86142b1-d215-41d9-9431-b7a5e25565e3', '0ad2eacd-3cc2-46ad-8308-f3e90ca9ecc8', '9f4932a6-c650-4cd2-9338-2eefa47aeb35');
INSERT INTO art_ping.employee_role VALUES ('6304c140-6157-4b69-a4a1-60104c1d627a', '0ad2eacd-3cc2-46ad-8308-f3e90ca9ecc8', 'eea13552-ad24-4165-bce4-f1b22776739c');
INSERT INTO art_ping.employee (id, first_name, last_name, office_id, user_id, leave_date, updated, login, email, calendar_id) VALUES ('135dff97-b4e1-466b-a9d4-d4453590aa84', 'employeeName117', 'employeeLastName117', 'd57b9be8-86f0-43a8-96fd-b41a2786c0af', 'd8c1279b-f983-4591-a67b-fc4a0eefe51f', null, '2021-12-23T15:53:09.826626100', 'testUser117', 'employee117@em.com', 'e7a61c37-0c01-43b4-9e73-340279bc9551');
INSERT INTO art_ping.employee_role VALUES ('6b12fd9b-00f9-482d-8af1-23cec691b9a8', '135dff97-b4e1-466b-a9d4-d4453590aa84', '9f4932a6-c650-4cd2-9338-2eefa47aeb35');
INSERT INTO art_ping.employee_role VALUES ('e3e760eb-01f8-4bc5-a2c9-38c1479a7ac2', '135dff97-b4e1-466b-a9d4-d4453590aa84', 'e7051ffa-0edb-4ac7-84ed-12c1d3b2b5f8');
INSERT INTO art_ping.employee_role VALUES ('1ad5b5d7-c598-4bbe-adf1-4f2f18c8ff4c', '135dff97-b4e1-466b-a9d4-d4453590aa84', 'eea13552-ad24-4165-bce4-f1b22776739c');
INSERT INTO art_ping.employee (id, first_name, last_name, office_id, user_id, leave_date, updated, login, email, calendar_id) VALUES ('78d6445f-7299-4012-9a65-a5799a0fe2fb', 'employeeName118', 'employeeLastName118', 'ca753e53-0e81-412e-b48a-6baaaed281a3', 'c4e7d8c8-17a6-429e-9c75-5edba7179842', null, '2021-12-23T15:53:09.826626100', 'testUser118', 'employee118@em.com', '6767edac-df6d-48d8-9619-63168204fed5');
INSERT INTO art_ping.employee_role VALUES ('fd27be4b-b98a-4a03-9638-4241a7fd583b', '78d6445f-7299-4012-9a65-a5799a0fe2fb', 'eea13552-ad24-4165-bce4-f1b22776739c');
INSERT INTO art_ping.employee (id, first_name, last_name, office_id, user_id, leave_date, updated, login, email, calendar_id) VALUES ('017ad935-59c4-4d22-ab4b-27edc7a33b43', 'employeeName119', 'employeeLastName119', '0372a207-825e-4ba9-8c6a-0653de21c8f2', 'ea76d3a6-844d-403a-9174-b8e9088983b7', null, '2021-12-23T15:53:09.826626100', 'testUser119', 'employee119@em.com', '806ef06a-7883-442e-ba1e-c983de46014a');
INSERT INTO art_ping.employee_role VALUES ('d50405eb-71cd-4643-918b-798542a4c2a5', '017ad935-59c4-4d22-ab4b-27edc7a33b43', '992e5c70-7b14-44ae-b2fc-d0c884659841');
INSERT INTO art_ping.employee_role VALUES ('36344d93-59c8-4045-a450-a7ff6e70d6d7', '017ad935-59c4-4d22-ab4b-27edc7a33b43', '5b204bc5-6430-4939-aa23-17b1482c6d98');
INSERT INTO art_ping.employee_role VALUES ('65d40236-c422-4c90-9393-de00b2198050', '017ad935-59c4-4d22-ab4b-27edc7a33b43', '9f4932a6-c650-4cd2-9338-2eefa47aeb35');
INSERT INTO art_ping.employee_role VALUES ('5fb9a203-4496-4ebf-8f38-3c17ff9e5836', '017ad935-59c4-4d22-ab4b-27edc7a33b43', 'eea13552-ad24-4165-bce4-f1b22776739c');
INSERT INTO art_ping.employee (id, first_name, last_name, office_id, user_id, leave_date, updated, login, email, calendar_id) VALUES ('472da417-bf5d-4905-b707-73744c3e44eb', 'employeeName120', 'employeeLastName120', 'f6b1a8c0-ff83-4285-b5ba-54392ffef6c8', '6ce78420-50a1-429d-a78d-17fd94544caa', null, '2021-12-23T15:53:09.826626100', 'testUser120', 'employee120@em.com', '3db70ed9-e956-49eb-9747-fa360a86340e');
INSERT INTO art_ping.employee_role VALUES ('a8df6cd8-76e9-4729-9d8c-c5f2014a4c29', '472da417-bf5d-4905-b707-73744c3e44eb', '992e5c70-7b14-44ae-b2fc-d0c884659841');
INSERT INTO art_ping.employee_role VALUES ('c0bf74e1-f6ef-4674-9bba-7c57cdb65815', '472da417-bf5d-4905-b707-73744c3e44eb', '5b204bc5-6430-4939-aa23-17b1482c6d98');
INSERT INTO art_ping.employee_role VALUES ('dc914388-75a9-43b4-b2a7-2453fc00df98', '472da417-bf5d-4905-b707-73744c3e44eb', '9f4932a6-c650-4cd2-9338-2eefa47aeb35');
INSERT INTO art_ping.employee_role VALUES ('58c0489d-efb1-4aa4-8c54-88b2af0d479c', '472da417-bf5d-4905-b707-73744c3e44eb', 'eea13552-ad24-4165-bce4-f1b22776739c');
INSERT INTO art_ping.employee (id, first_name, last_name, office_id, user_id, leave_date, updated, login, email, calendar_id) VALUES ('67098364-3f5b-4ca9-b972-6ba74eba9bd8', 'employeeName121', 'employeeLastName121', '14f270e2-966c-490a-a4eb-18796883a0b1', 'f3584991-3a81-4755-8cd7-9a1deb0542dc', null, '2021-12-23T15:53:09.826626100', 'testUser121', 'employee121@em.com', 'ea2aee29-940a-4ece-aa24-bf313643c484');
INSERT INTO art_ping.employee_role VALUES ('3eff4703-0575-439b-aabd-954927a1f8ff', '67098364-3f5b-4ca9-b972-6ba74eba9bd8', 'eea13552-ad24-4165-bce4-f1b22776739c');
INSERT INTO art_ping.employee (id, first_name, last_name, office_id, user_id, leave_date, updated, login, email, calendar_id) VALUES ('4185fbf6-b027-4de1-972a-b82b272178aa', 'employeeName122', 'employeeLastName122', 'c93f7563-2f7b-4c71-b42d-bfc6d795fe32', '58c64a14-9d29-4a97-a24e-77d252361f86', null, '2021-12-23T15:53:09.826626100', 'testUser122', 'employee122@em.com', 'd2fde2a9-dff4-4c63-85a8-5a01f3841efd');
INSERT INTO art_ping.employee_role VALUES ('ca72d024-6f4e-41ab-8a5e-a028e162ab80', '4185fbf6-b027-4de1-972a-b82b272178aa', '9f4932a6-c650-4cd2-9338-2eefa47aeb35');
INSERT INTO art_ping.employee_role VALUES ('975250a9-0cdb-44fd-8881-e3294e9dac57', '4185fbf6-b027-4de1-972a-b82b272178aa', 'e7051ffa-0edb-4ac7-84ed-12c1d3b2b5f8');
INSERT INTO art_ping.employee_role VALUES ('3ac414c0-fb65-49e1-b3ae-5766d33243d9', '4185fbf6-b027-4de1-972a-b82b272178aa', 'eea13552-ad24-4165-bce4-f1b22776739c');
INSERT INTO art_ping.employee (id, first_name, last_name, office_id, user_id, leave_date, updated, login, email, calendar_id) VALUES ('e2dc7495-ec2d-459d-9620-15275e99377f', 'employeeName123', 'employeeLastName123', '596be8fb-f3d9-4619-80bd-42189f10b203', '8d2bc9df-8057-4bdf-a5f4-3f757abe2d40', null, '2021-12-23T15:53:09.826626100', 'testUser123', 'employee123@em.com', '2d1bcc5c-2962-412f-909b-9c761decd022');
INSERT INTO art_ping.employee_role VALUES ('4e09e786-6d74-402e-b1f9-192f28618d43', 'e2dc7495-ec2d-459d-9620-15275e99377f', '5b204bc5-6430-4939-aa23-17b1482c6d98');
INSERT INTO art_ping.employee_role VALUES ('5f63bfd8-9ab3-42de-a1ba-c45deff6268e', 'e2dc7495-ec2d-459d-9620-15275e99377f', '9f4932a6-c650-4cd2-9338-2eefa47aeb35');
INSERT INTO art_ping.employee_role VALUES ('a38eb40b-dc6e-4ff7-9e2a-63c9fa9007e5', 'e2dc7495-ec2d-459d-9620-15275e99377f', 'e7051ffa-0edb-4ac7-84ed-12c1d3b2b5f8');
INSERT INTO art_ping.employee_role VALUES ('36d2e898-f083-4409-83fb-35a64f79b62b', 'e2dc7495-ec2d-459d-9620-15275e99377f', 'eea13552-ad24-4165-bce4-f1b22776739c');
INSERT INTO art_ping.employee (id, first_name, last_name, office_id, user_id, leave_date, updated, login, email, calendar_id) VALUES ('6cd5df54-a26a-4566-b9ab-526fa2734844', 'employeeName124', 'employeeLastName124', 'aad72ba9-faca-4c76-a5aa-4c4794d7353a', 'ec687b39-048f-4262-8a38-bb0d081808ea', null, '2021-12-23T15:53:09.826626100', 'testUser124', 'employee124@em.com', '9f9de325-c406-49e9-a3e9-a6b221e50c64');
INSERT INTO art_ping.employee_role VALUES ('e19d3bbe-f6a3-46d4-98bd-2ef50c3efe4e', '6cd5df54-a26a-4566-b9ab-526fa2734844', '9f4932a6-c650-4cd2-9338-2eefa47aeb35');
INSERT INTO art_ping.employee_role VALUES ('564f8f72-023b-4a05-81eb-6a507b7ffe79', '6cd5df54-a26a-4566-b9ab-526fa2734844', 'eea13552-ad24-4165-bce4-f1b22776739c');
INSERT INTO art_ping.employee (id, first_name, last_name, office_id, user_id, leave_date, updated, login, email, calendar_id) VALUES ('f2ea8ba1-6d5a-4a1c-9f6c-5d1b7152e33a', 'employeeName125', 'employeeLastName125', '38a71f51-2b6c-4923-b5f5-f63580242d38', 'b1186b4c-c59d-4e20-b937-90d04198a188', null, '2021-12-23T15:53:09.826626100', 'testUser125', 'employee125@em.com', '3135532f-bdb7-49dd-bce9-6ae43a6b0cf1');
INSERT INTO art_ping.employee_role VALUES ('5083b672-0f80-41be-8583-865c3b46fb42', 'f2ea8ba1-6d5a-4a1c-9f6c-5d1b7152e33a', '9f4932a6-c650-4cd2-9338-2eefa47aeb35');
INSERT INTO art_ping.employee_role VALUES ('5107f208-a76f-4498-8d5b-409c127aa197', 'f2ea8ba1-6d5a-4a1c-9f6c-5d1b7152e33a', 'eea13552-ad24-4165-bce4-f1b22776739c');
INSERT INTO art_ping.employee (id, first_name, last_name, office_id, user_id, leave_date, updated, login, email, calendar_id) VALUES ('186f1015-7e57-44c7-81c1-6d64057462e6', 'employeeName126', 'employeeLastName126', '1ed61e35-a51c-4d02-aca2-38adc0f5ccae', '8884221f-780a-40cf-94df-a86da17a9fca', null, '2021-12-23T15:53:09.826626100', 'testUser126', 'employee126@em.com', 'e7a61c37-0c01-43b4-9e73-340279bc9551');
INSERT INTO art_ping.employee_role VALUES ('cf4b8c12-cc26-4c91-8f29-f91be5ffffc9', '186f1015-7e57-44c7-81c1-6d64057462e6', '9f4932a6-c650-4cd2-9338-2eefa47aeb35');
INSERT INTO art_ping.employee_role VALUES ('a976bf77-1652-493d-bacb-b18ebf62539b', '186f1015-7e57-44c7-81c1-6d64057462e6', 'e7051ffa-0edb-4ac7-84ed-12c1d3b2b5f8');
INSERT INTO art_ping.employee_role VALUES ('94e51c4a-5959-4099-829d-7c026f5fbb8e', '186f1015-7e57-44c7-81c1-6d64057462e6', 'eea13552-ad24-4165-bce4-f1b22776739c');
INSERT INTO art_ping.employee (id, first_name, last_name, office_id, user_id, leave_date, updated, login, email, calendar_id) VALUES ('8b38ba9e-39ac-4584-a949-c6fb9f258806', 'employeeName127', 'employeeLastName127', 'f6b1a8c0-ff83-4285-b5ba-54392ffef6c8', '532eb051-c20b-4161-8113-d7c6c0704b43', null, '2021-12-23T15:53:09.826626100', 'testUser127', 'employee127@em.com', '3db70ed9-e956-49eb-9747-fa360a86340e');
INSERT INTO art_ping.employee_role VALUES ('137537b8-7bc7-464c-aaa3-0b02025a2994', '8b38ba9e-39ac-4584-a949-c6fb9f258806', 'e7051ffa-0edb-4ac7-84ed-12c1d3b2b5f8');
INSERT INTO art_ping.employee_role VALUES ('2b18fdfe-6aa9-4087-985f-dbe457fda01a', '8b38ba9e-39ac-4584-a949-c6fb9f258806', 'eea13552-ad24-4165-bce4-f1b22776739c');
INSERT INTO art_ping.employee (id, first_name, last_name, office_id, user_id, leave_date, updated, login, email, calendar_id) VALUES ('054c17e6-ee5a-4058-ba0f-32a4c47f0f3f', 'employeeName128', 'employeeLastName128', '2091731c-66c6-4505-ae0b-83efbbd8f3d5', '29ae2034-c6a7-4d3d-950a-15a818a1058f', null, '2021-12-23T15:53:09.827625500', 'testUser128', 'employee128@em.com', '1e556459-8c32-4b8a-b222-3fcd1967615e');
INSERT INTO art_ping.employee_role VALUES ('7eecb7db-0386-4d52-828f-856a463213a4', '054c17e6-ee5a-4058-ba0f-32a4c47f0f3f', '5b204bc5-6430-4939-aa23-17b1482c6d98');
INSERT INTO art_ping.employee_role VALUES ('006201b9-8687-4a4c-a15f-bdd41c4143f9', '054c17e6-ee5a-4058-ba0f-32a4c47f0f3f', '9f4932a6-c650-4cd2-9338-2eefa47aeb35');
INSERT INTO art_ping.employee_role VALUES ('b2faccfa-11b0-4a74-8aa3-79398ef5ea94', '054c17e6-ee5a-4058-ba0f-32a4c47f0f3f', 'eea13552-ad24-4165-bce4-f1b22776739c');
INSERT INTO art_ping.employee (id, first_name, last_name, office_id, user_id, leave_date, updated, login, email, calendar_id) VALUES ('4136b392-dfaf-42a2-a803-bb148c5d738e', 'employeeName129', 'employeeLastName129', '51676bfc-910a-46f7-b718-6481818500cd', 'ffff022f-a47c-41f6-9f43-d59f2b182aa9', null, '2021-12-23T15:53:09.827625500', 'testUser129', 'employee129@em.com', '99a0174f-2e1d-479b-9f3b-4cf7ff201016');
INSERT INTO art_ping.employee_role VALUES ('b06b006b-718e-4edc-9229-a70809d2face', '4136b392-dfaf-42a2-a803-bb148c5d738e', '992e5c70-7b14-44ae-b2fc-d0c884659841');
INSERT INTO art_ping.employee_role VALUES ('44567662-e074-42d5-a725-fc745726a898', '4136b392-dfaf-42a2-a803-bb148c5d738e', '9f4932a6-c650-4cd2-9338-2eefa47aeb35');
INSERT INTO art_ping.employee_role VALUES ('d3efadb1-7f87-49e5-b493-d81125bd69ac', '4136b392-dfaf-42a2-a803-bb148c5d738e', 'eea13552-ad24-4165-bce4-f1b22776739c');
INSERT INTO art_ping.employee (id, first_name, last_name, office_id, user_id, leave_date, updated, login, email, calendar_id) VALUES ('5ea6a810-7e9f-40d8-aa64-88aadd392bd6', 'employeeName130', 'employeeLastName130', '4ee8b11a-97b9-441b-b132-d2c958059db4', '0e33d627-5f1f-4a7a-91f7-50d845f8f4c0', null, '2021-12-23T15:53:09.827625500', 'testUser130', 'employee130@em.com', 'eefc2551-5301-4d3e-bdcd-25f249e62ddb');
INSERT INTO art_ping.employee_role VALUES ('17d19c8e-4244-406c-9464-87fc369f428d', '5ea6a810-7e9f-40d8-aa64-88aadd392bd6', '992e5c70-7b14-44ae-b2fc-d0c884659841');
INSERT INTO art_ping.employee_role VALUES ('3f8259ba-aaae-487b-a535-6f1e4456d543', '5ea6a810-7e9f-40d8-aa64-88aadd392bd6', '9f4932a6-c650-4cd2-9338-2eefa47aeb35');
INSERT INTO art_ping.employee_role VALUES ('b13f138a-fdd7-4536-9b0a-c1f94e8238ec', '5ea6a810-7e9f-40d8-aa64-88aadd392bd6', 'eea13552-ad24-4165-bce4-f1b22776739c');
INSERT INTO art_ping.employee (id, first_name, last_name, office_id, user_id, leave_date, updated, login, email, calendar_id) VALUES ('748d2171-c83b-49d6-9f31-6c56614a38fd', 'employeeName131', 'employeeLastName131', 'a34b8c88-d6df-4405-94f9-f63edbf2ba04', '3ef36b0f-7e83-447e-957a-126eee5ddb89', null, '2021-12-23T15:53:09.827625500', 'testUser131', 'employee131@em.com', '0d287e9e-6dd6-4473-ad12-9f588e9a95c5');
INSERT INTO art_ping.employee_role VALUES ('6885f351-6f73-490f-8350-35238cc59488', '748d2171-c83b-49d6-9f31-6c56614a38fd', 'eea13552-ad24-4165-bce4-f1b22776739c');
INSERT INTO art_ping.employee (id, first_name, last_name, office_id, user_id, leave_date, updated, login, email, calendar_id) VALUES ('78d3c6fc-9ec2-4d5e-8837-634ba205e97b', 'employeeName132', 'employeeLastName132', '640b28ab-25f0-4fb5-9e1e-cfa32053f440', 'a98eedae-3202-4918-b152-c9dec081768c', null, '2021-12-23T15:53:09.827625500', 'testUser132', 'employee132@em.com', '80b96051-9ddf-40c1-a66b-bc41ef9a3e4b');
INSERT INTO art_ping.employee_role VALUES ('7d3affb0-0745-43ed-9b58-3540a85e7165', '78d3c6fc-9ec2-4d5e-8837-634ba205e97b', '992e5c70-7b14-44ae-b2fc-d0c884659841');
INSERT INTO art_ping.employee_role VALUES ('11f01908-423c-4a99-91bf-cad503458b3e', '78d3c6fc-9ec2-4d5e-8837-634ba205e97b', 'eea13552-ad24-4165-bce4-f1b22776739c');
INSERT INTO art_ping.employee (id, first_name, last_name, office_id, user_id, leave_date, updated, login, email, calendar_id) VALUES ('1b31f41e-8764-42e1-a0a1-5ae42459ad76', 'employeeName133', 'employeeLastName133', '5e73f8f8-1849-429c-82fa-6521c84083fb', 'cf4952a1-a852-42b3-bff2-d7adbab4077c', null, '2021-12-23T15:53:09.827625500', 'testUser133', 'employee133@em.com', 'ea2aee29-940a-4ece-aa24-bf313643c484');
INSERT INTO art_ping.employee_role VALUES ('57875254-689c-4994-b284-b70c39fcbe9e', '1b31f41e-8764-42e1-a0a1-5ae42459ad76', '9f4932a6-c650-4cd2-9338-2eefa47aeb35');
INSERT INTO art_ping.employee_role VALUES ('2706a6f3-6dff-49bb-8736-86a6a9c92def', '1b31f41e-8764-42e1-a0a1-5ae42459ad76', 'eea13552-ad24-4165-bce4-f1b22776739c');
INSERT INTO art_ping.employee (id, first_name, last_name, office_id, user_id, leave_date, updated, login, email, calendar_id) VALUES ('2c89f475-cb7f-4ecc-a9b4-4c991f190f47', 'employeeName134', 'employeeLastName134', '22cbf49a-4b99-4d03-9712-72dc442296ec', 'cf90583a-6662-41f5-9690-6d1c2ba8213b', null, '2021-12-23T15:53:09.827625500', 'testUser134', 'employee134@em.com', 'aa756158-d942-4831-9f7f-4183ac82f6ee');
INSERT INTO art_ping.employee_role VALUES ('fb2bad5c-6d11-4f2f-a54f-476d4a9c3a6f', '2c89f475-cb7f-4ecc-a9b4-4c991f190f47', '992e5c70-7b14-44ae-b2fc-d0c884659841');
INSERT INTO art_ping.employee_role VALUES ('159ae761-a020-4f2a-9472-82e3db92200b', '2c89f475-cb7f-4ecc-a9b4-4c991f190f47', 'eea13552-ad24-4165-bce4-f1b22776739c');
INSERT INTO art_ping.employee (id, first_name, last_name, office_id, user_id, leave_date, updated, login, email, calendar_id) VALUES ('07aa3b36-5dbe-4e2d-bd9c-2c10de4fe31c', 'employeeName135', 'employeeLastName135', '665c0a9c-f6eb-4b26-87d7-78ac666529ab', '3fd34956-5844-4a33-8da8-26d6e2db63b9', null, '2021-12-23T15:53:09.827625500', 'testUser135', 'employee135@em.com', '72b28af2-9171-4999-9ec2-928e2844c1c3');
INSERT INTO art_ping.employee_role VALUES ('b5e8567d-61a1-475c-ac28-4c91a9054080', '07aa3b36-5dbe-4e2d-bd9c-2c10de4fe31c', '9f4932a6-c650-4cd2-9338-2eefa47aeb35');
INSERT INTO art_ping.employee_role VALUES ('9f539401-31ec-4812-99b7-e65b743c5753', '07aa3b36-5dbe-4e2d-bd9c-2c10de4fe31c', 'e7051ffa-0edb-4ac7-84ed-12c1d3b2b5f8');
INSERT INTO art_ping.employee_role VALUES ('ffed7b80-3c26-4e81-bfb2-55043b0a692b', '07aa3b36-5dbe-4e2d-bd9c-2c10de4fe31c', 'eea13552-ad24-4165-bce4-f1b22776739c');
INSERT INTO art_ping.employee (id, first_name, last_name, office_id, user_id, leave_date, updated, login, email, calendar_id) VALUES ('79cc4504-acfd-40a9-8343-0da714742ed1', 'employeeName136', 'employeeLastName136', '331a3e22-12e3-4eb1-8aef-f4189764c6e0', 'ced8f855-ac51-4029-872f-83cbd59d7b6e', null, '2021-12-23T15:53:09.827625500', 'testUser136', 'employee136@em.com', '80b96051-9ddf-40c1-a66b-bc41ef9a3e4b');
INSERT INTO art_ping.employee_role VALUES ('cfd568f1-a792-4430-9a53-cee9965e8b05', '79cc4504-acfd-40a9-8343-0da714742ed1', '5b204bc5-6430-4939-aa23-17b1482c6d98');
INSERT INTO art_ping.employee_role VALUES ('373f6c7c-b04c-4cfd-b631-e3356d174625', '79cc4504-acfd-40a9-8343-0da714742ed1', 'e7051ffa-0edb-4ac7-84ed-12c1d3b2b5f8');
INSERT INTO art_ping.employee_role VALUES ('b15c5504-2bdc-44d4-9398-95372c30d62e', '79cc4504-acfd-40a9-8343-0da714742ed1', 'eea13552-ad24-4165-bce4-f1b22776739c');
INSERT INTO art_ping.employee (id, first_name, last_name, office_id, user_id, leave_date, updated, login, email, calendar_id) VALUES ('e5972d1b-7230-42db-9aa1-680c6576421a', 'employeeName137', 'employeeLastName137', 'd854e11d-6c39-4836-9e32-7be3abcbc809', '7df26877-717f-49a9-9478-6404bf1a191b', null, '2021-12-23T15:53:09.827625500', 'testUser137', 'employee137@em.com', '0d287e9e-6dd6-4473-ad12-9f588e9a95c5');
INSERT INTO art_ping.employee_role VALUES ('702e5d1e-5f47-41d0-8656-a4b61eaf94b4', 'e5972d1b-7230-42db-9aa1-680c6576421a', '992e5c70-7b14-44ae-b2fc-d0c884659841');
INSERT INTO art_ping.employee_role VALUES ('1e25e271-672a-4381-95a2-4e59e1b14158', 'e5972d1b-7230-42db-9aa1-680c6576421a', '5b204bc5-6430-4939-aa23-17b1482c6d98');
INSERT INTO art_ping.employee_role VALUES ('b97884ee-9f9a-43bb-9717-f473dc52f606', 'e5972d1b-7230-42db-9aa1-680c6576421a', 'e7051ffa-0edb-4ac7-84ed-12c1d3b2b5f8');
INSERT INTO art_ping.employee_role VALUES ('d7dcc77a-e42f-4749-a15b-1dd1a14466af', 'e5972d1b-7230-42db-9aa1-680c6576421a', 'eea13552-ad24-4165-bce4-f1b22776739c');
INSERT INTO art_ping.employee (id, first_name, last_name, office_id, user_id, leave_date, updated, login, email, calendar_id) VALUES ('9d9f3d27-6f7d-44b4-b90e-29ea9b70cd71', 'employeeName138', 'employeeLastName138', 'b4d174e7-cff6-46ae-b602-6451385afe1c', '86e0e795-2447-488d-bd1f-748540d2d430', null, '2021-12-23T15:53:09.827625500', 'testUser138', 'employee138@em.com', '65ee8bf0-7ad2-4273-9bf1-cdcf9e2aade3');
INSERT INTO art_ping.employee_role VALUES ('c156d770-e07f-4b80-be75-5b99523df5e9', '9d9f3d27-6f7d-44b4-b90e-29ea9b70cd71', '992e5c70-7b14-44ae-b2fc-d0c884659841');
INSERT INTO art_ping.employee_role VALUES ('976f7a2d-c862-4d38-b2ea-f72c8b16a6b1', '9d9f3d27-6f7d-44b4-b90e-29ea9b70cd71', '5b204bc5-6430-4939-aa23-17b1482c6d98');
INSERT INTO art_ping.employee_role VALUES ('34c63c71-4450-4eab-9500-6826b540ed2b', '9d9f3d27-6f7d-44b4-b90e-29ea9b70cd71', '9f4932a6-c650-4cd2-9338-2eefa47aeb35');
INSERT INTO art_ping.employee_role VALUES ('2df703ce-c7d2-41ba-ba8e-540291f3a0f2', '9d9f3d27-6f7d-44b4-b90e-29ea9b70cd71', 'eea13552-ad24-4165-bce4-f1b22776739c');
INSERT INTO art_ping.employee (id, first_name, last_name, office_id, user_id, leave_date, updated, login, email, calendar_id) VALUES ('11777966-a5da-419b-a222-1697e06d1a75', 'employeeName139', 'employeeLastName139', 'c811ed32-9c4e-4f40-9bbc-64b72c39ac92', '8640e156-d574-4590-9cea-00bb665a0e31', null, '2021-12-23T15:53:09.827625500', 'testUser139', 'employee139@em.com', 'a96491c5-2ce0-457e-a326-8aa8f88ecc7e');
INSERT INTO art_ping.employee_role VALUES ('8becd055-551b-4543-a264-c6ea16e31eb2', '11777966-a5da-419b-a222-1697e06d1a75', '9f4932a6-c650-4cd2-9338-2eefa47aeb35');
INSERT INTO art_ping.employee_role VALUES ('4b9ef59f-bed2-4efa-a621-b2023aaca386', '11777966-a5da-419b-a222-1697e06d1a75', 'eea13552-ad24-4165-bce4-f1b22776739c');
INSERT INTO art_ping.employee (id, first_name, last_name, office_id, user_id, leave_date, updated, login, email, calendar_id) VALUES ('8e8bcccb-9ba6-4207-8c01-85599e7b5290', 'employeeName140', 'employeeLastName140', '8bacce93-29dd-4309-ac7f-798c0b78f3eb', '835a6268-1323-457d-9bd1-a4f42666ba47', null, '2021-12-23T15:53:09.827625500', 'testUser140', 'employee140@em.com', '1e556459-8c32-4b8a-b222-3fcd1967615e');
INSERT INTO art_ping.employee_role VALUES ('a3404022-f974-4e8a-91ec-525c9eef3085', '8e8bcccb-9ba6-4207-8c01-85599e7b5290', '992e5c70-7b14-44ae-b2fc-d0c884659841');
INSERT INTO art_ping.employee_role VALUES ('cf6d9b50-545a-4697-a565-92140c6fab84', '8e8bcccb-9ba6-4207-8c01-85599e7b5290', '5b204bc5-6430-4939-aa23-17b1482c6d98');
INSERT INTO art_ping.employee_role VALUES ('395d19f0-8f93-4928-a180-4cd1707aeb97', '8e8bcccb-9ba6-4207-8c01-85599e7b5290', '9f4932a6-c650-4cd2-9338-2eefa47aeb35');
INSERT INTO art_ping.employee_role VALUES ('9ca20ceb-d1df-4542-bb37-6b0ccd4b4d35', '8e8bcccb-9ba6-4207-8c01-85599e7b5290', 'e7051ffa-0edb-4ac7-84ed-12c1d3b2b5f8');
INSERT INTO art_ping.employee_role VALUES ('b0f25ac6-d2b3-4928-8e14-8dcf342aea65', '8e8bcccb-9ba6-4207-8c01-85599e7b5290', 'eea13552-ad24-4165-bce4-f1b22776739c');
INSERT INTO art_ping.employee (id, first_name, last_name, office_id, user_id, leave_date, updated, login, email, calendar_id) VALUES ('579ad4d9-ce39-459c-bbf0-bc6064386cd9', 'employeeName141', 'employeeLastName141', '596be8fb-f3d9-4619-80bd-42189f10b203', 'b5f822ca-5754-42d5-a6a8-ebd732a5e8ab', null, '2021-12-23T15:53:09.827625500', 'testUser141', 'employee141@em.com', '2d1bcc5c-2962-412f-909b-9c761decd022');
INSERT INTO art_ping.employee_role VALUES ('095d621f-2302-4727-bb14-8b2d6f36ef00', '579ad4d9-ce39-459c-bbf0-bc6064386cd9', '992e5c70-7b14-44ae-b2fc-d0c884659841');
INSERT INTO art_ping.employee_role VALUES ('e77a8fab-7dcc-4217-9475-eb24fe470446', '579ad4d9-ce39-459c-bbf0-bc6064386cd9', 'e7051ffa-0edb-4ac7-84ed-12c1d3b2b5f8');
INSERT INTO art_ping.employee_role VALUES ('5b17e63b-9c4d-4e13-9fae-257acb778fa8', '579ad4d9-ce39-459c-bbf0-bc6064386cd9', 'eea13552-ad24-4165-bce4-f1b22776739c');
INSERT INTO art_ping.employee (id, first_name, last_name, office_id, user_id, leave_date, updated, login, email, calendar_id) VALUES ('51a29037-c8d5-4651-b6d6-07ba63a0beea', 'employeeName142', 'employeeLastName142', '5b97f89c-d581-409a-9319-b8137fec100b', '43e59535-190a-4866-9a43-1385a7d9c5b5', null, '2021-12-23T15:53:09.827625500', 'testUser142', 'employee142@em.com', '6969566a-e5de-4f96-9c23-1ff4f220bf37');
INSERT INTO art_ping.employee_role VALUES ('00bbdc8f-e7f0-440b-9d02-425e27270a76', '51a29037-c8d5-4651-b6d6-07ba63a0beea', '992e5c70-7b14-44ae-b2fc-d0c884659841');
INSERT INTO art_ping.employee_role VALUES ('b67de3d9-5165-4108-9779-6289fa47ea6b', '51a29037-c8d5-4651-b6d6-07ba63a0beea', '5b204bc5-6430-4939-aa23-17b1482c6d98');
INSERT INTO art_ping.employee_role VALUES ('d4f973b0-751d-45a1-ac3c-44dadbfea0cd', '51a29037-c8d5-4651-b6d6-07ba63a0beea', '9f4932a6-c650-4cd2-9338-2eefa47aeb35');
INSERT INTO art_ping.employee_role VALUES ('91cce09b-bc73-46be-90d6-52b865451c42', '51a29037-c8d5-4651-b6d6-07ba63a0beea', 'e7051ffa-0edb-4ac7-84ed-12c1d3b2b5f8');
INSERT INTO art_ping.employee_role VALUES ('152373df-b828-4605-9d94-dfc7ed589241', '51a29037-c8d5-4651-b6d6-07ba63a0beea', 'eea13552-ad24-4165-bce4-f1b22776739c');
INSERT INTO art_ping.employee (id, first_name, last_name, office_id, user_id, leave_date, updated, login, email, calendar_id) VALUES ('b3363893-a62d-4c5c-9097-85f825e233ab', 'employeeName143', 'employeeLastName143', 'f4d71312-d8e1-4ee0-b15a-4549da956833', '2f23d087-1676-4bd3-b6ad-2c64f770a0dd', null, '2021-12-23T15:53:09.828624600', 'testUser143', 'employee143@em.com', '2b982fe7-abbb-4373-ad5d-ed2abbc38242');
INSERT INTO art_ping.employee_role VALUES ('2bf6d617-8fcc-4f25-945d-99e834070f20', 'b3363893-a62d-4c5c-9097-85f825e233ab', '992e5c70-7b14-44ae-b2fc-d0c884659841');
INSERT INTO art_ping.employee_role VALUES ('31647b0d-43f6-4304-8417-5621e1f74126', 'b3363893-a62d-4c5c-9097-85f825e233ab', 'eea13552-ad24-4165-bce4-f1b22776739c');
INSERT INTO art_ping.employee (id, first_name, last_name, office_id, user_id, leave_date, updated, login, email, calendar_id) VALUES ('c9318c7a-1d92-4bf8-ad4d-5863ad613bec', 'employeeName144', 'employeeLastName144', '9ea57043-fddb-4a55-9ca3-1a3f656d8fa8', '34998643-3ac8-4b06-94e7-8b91b7186889', null, '2021-12-23T15:53:09.828624600', 'testUser144', 'employee144@em.com', 'f3d2db0c-1d64-473c-b7c3-9857f65e0d6b');
INSERT INTO art_ping.employee_role VALUES ('80b3bcb9-1a09-4f3f-9c79-140732a7287b', 'c9318c7a-1d92-4bf8-ad4d-5863ad613bec', '992e5c70-7b14-44ae-b2fc-d0c884659841');
INSERT INTO art_ping.employee_role VALUES ('26a7dff9-2fc2-4861-9e7a-6dde3d8d72ec', 'c9318c7a-1d92-4bf8-ad4d-5863ad613bec', '5b204bc5-6430-4939-aa23-17b1482c6d98');
INSERT INTO art_ping.employee_role VALUES ('0454b00c-a9a6-41f4-819f-350edf26d68d', 'c9318c7a-1d92-4bf8-ad4d-5863ad613bec', '9f4932a6-c650-4cd2-9338-2eefa47aeb35');
INSERT INTO art_ping.employee_role VALUES ('ea132589-6e7b-4f61-81ff-494006056bd7', 'c9318c7a-1d92-4bf8-ad4d-5863ad613bec', 'eea13552-ad24-4165-bce4-f1b22776739c');
INSERT INTO art_ping.employee (id, first_name, last_name, office_id, user_id, leave_date, updated, login, email, calendar_id) VALUES ('565e4cb8-57d7-4db8-b895-c675568040f6', 'employeeName145', 'employeeLastName145', 'e544f9f3-3577-4299-9a8e-41e6584f846f', 'd1e51921-5885-47cc-ac22-e4d303e7eba3', null, '2021-12-23T15:53:09.828624600', 'testUser145', 'employee145@em.com', '2d1bcc5c-2962-412f-909b-9c761decd022');
INSERT INTO art_ping.employee_role VALUES ('664515a3-efcf-4a88-8094-c93435c02844', '565e4cb8-57d7-4db8-b895-c675568040f6', '992e5c70-7b14-44ae-b2fc-d0c884659841');
INSERT INTO art_ping.employee_role VALUES ('1c3b2d5c-7f6f-4c8e-b93a-7ddeb0ddc0c2', '565e4cb8-57d7-4db8-b895-c675568040f6', '5b204bc5-6430-4939-aa23-17b1482c6d98');
INSERT INTO art_ping.employee_role VALUES ('2725e6d6-3bc2-44df-8c95-112529090084', '565e4cb8-57d7-4db8-b895-c675568040f6', '9f4932a6-c650-4cd2-9338-2eefa47aeb35');
INSERT INTO art_ping.employee_role VALUES ('7a3e54d7-31ae-4839-ad03-42ff5be52425', '565e4cb8-57d7-4db8-b895-c675568040f6', 'eea13552-ad24-4165-bce4-f1b22776739c');
INSERT INTO art_ping.employee (id, first_name, last_name, office_id, user_id, leave_date, updated, login, email, calendar_id) VALUES ('34758c18-8793-49ed-ba1b-03563ab4c9ac', 'employeeName146', 'employeeLastName146', 'b1a7dbcd-c95d-4177-a9a3-a3cd0dcc3c36', '25b865bd-07ff-4182-bc84-af155e0d2917', null, '2021-12-23T15:53:09.828624600', 'testUser146', 'employee146@em.com', 'f3d2db0c-1d64-473c-b7c3-9857f65e0d6b');
INSERT INTO art_ping.employee_role VALUES ('3b8c2925-d0d6-4cbe-8574-63dc0e8de06a', '34758c18-8793-49ed-ba1b-03563ab4c9ac', '992e5c70-7b14-44ae-b2fc-d0c884659841');
INSERT INTO art_ping.employee_role VALUES ('a67c9c21-0038-4087-ae61-d74b74ba335a', '34758c18-8793-49ed-ba1b-03563ab4c9ac', '9f4932a6-c650-4cd2-9338-2eefa47aeb35');
INSERT INTO art_ping.employee_role VALUES ('603fb6e6-179f-4cc0-a2dd-3f5df2734486', '34758c18-8793-49ed-ba1b-03563ab4c9ac', 'eea13552-ad24-4165-bce4-f1b22776739c');
INSERT INTO art_ping.employee (id, first_name, last_name, office_id, user_id, leave_date, updated, login, email, calendar_id) VALUES ('8f548657-24aa-491e-b516-1d75024c24c4', 'employeeName147', 'employeeLastName147', '51676bfc-910a-46f7-b718-6481818500cd', '08d38c46-5906-4a67-8998-a9a073e086e0', null, '2021-12-23T15:53:09.828624600', 'testUser147', 'employee147@em.com', '99a0174f-2e1d-479b-9f3b-4cf7ff201016');
INSERT INTO art_ping.employee_role VALUES ('88ec5db7-6cb1-42bd-87fa-8f21f750646c', '8f548657-24aa-491e-b516-1d75024c24c4', '992e5c70-7b14-44ae-b2fc-d0c884659841');
INSERT INTO art_ping.employee_role VALUES ('e04f42be-8395-4233-9b11-9c50c0a4bc48', '8f548657-24aa-491e-b516-1d75024c24c4', '5b204bc5-6430-4939-aa23-17b1482c6d98');
INSERT INTO art_ping.employee_role VALUES ('9f97bde8-cff0-415f-bfe3-f727a9184ef2', '8f548657-24aa-491e-b516-1d75024c24c4', 'eea13552-ad24-4165-bce4-f1b22776739c');
INSERT INTO art_ping.employee (id, first_name, last_name, office_id, user_id, leave_date, updated, login, email, calendar_id) VALUES ('0b6b3701-f0ce-4283-a73a-bfd154a94671', 'employeeName148', 'employeeLastName148', '8f656b47-25fd-4c3c-815e-d1c05d1874cf', '64554f9a-1163-4c98-b98f-11329b892139', null, '2021-12-23T15:53:09.828624600', 'testUser148', 'employee148@em.com', '113114b3-ea3a-4d9d-a3ff-be4c2706e40b');
INSERT INTO art_ping.employee_role VALUES ('fbf6d986-f41d-4546-a2c4-697feaafc604', '0b6b3701-f0ce-4283-a73a-bfd154a94671', '992e5c70-7b14-44ae-b2fc-d0c884659841');
INSERT INTO art_ping.employee_role VALUES ('71d058dd-0fec-44de-bb17-bcf81314a018', '0b6b3701-f0ce-4283-a73a-bfd154a94671', '5b204bc5-6430-4939-aa23-17b1482c6d98');
INSERT INTO art_ping.employee_role VALUES ('9cd5cfdc-17d3-4f7f-8a1e-b6cd4d1a23d5', '0b6b3701-f0ce-4283-a73a-bfd154a94671', 'e7051ffa-0edb-4ac7-84ed-12c1d3b2b5f8');
INSERT INTO art_ping.employee_role VALUES ('c5f310aa-c0b5-46b5-9e6f-9c0b89a42331', '0b6b3701-f0ce-4283-a73a-bfd154a94671', 'eea13552-ad24-4165-bce4-f1b22776739c');
INSERT INTO art_ping.employee (id, first_name, last_name, office_id, user_id, leave_date, updated, login, email, calendar_id) VALUES ('9815abd0-739b-4684-b4e0-23d71d2e4c3b', 'employeeName149', 'employeeLastName149', 'd2c24b6d-3927-4311-a179-5e1f3168424e', '089410fa-1832-4183-b362-8a4e4f0a2a5f', null, '2021-12-23T15:53:09.828624600', 'testUser149', 'employee149@em.com', '9f9de325-c406-49e9-a3e9-a6b221e50c64');
INSERT INTO art_ping.employee_role VALUES ('79f66e3c-e054-4b4e-95b4-9489603a3dde', '9815abd0-739b-4684-b4e0-23d71d2e4c3b', '5b204bc5-6430-4939-aa23-17b1482c6d98');
INSERT INTO art_ping.employee_role VALUES ('10861229-f6cc-435b-bd74-caa74ea63093', '9815abd0-739b-4684-b4e0-23d71d2e4c3b', '9f4932a6-c650-4cd2-9338-2eefa47aeb35');
INSERT INTO art_ping.employee_role VALUES ('b71a1c6a-3603-4487-bf63-acdf535b06a3', '9815abd0-739b-4684-b4e0-23d71d2e4c3b', 'eea13552-ad24-4165-bce4-f1b22776739c');
INSERT INTO art_ping.employee (id, first_name, last_name, office_id, user_id, leave_date, updated, login, email, calendar_id) VALUES ('543f7bf5-07f6-463b-a2b3-57a909fabb86', 'employeeName150', 'employeeLastName150', '36974f1d-16d4-4df7-b696-d2ed58136495', '6aca81b6-4303-4f06-a4b1-29d262cff79a', null, '2021-12-23T15:53:09.828624600', 'testUser150', 'employee150@em.com', 'a79ab46d-0e03-43d8-ab08-fb8e63f4cfa4');
INSERT INTO art_ping.employee_role VALUES ('1a2c9c03-16b6-4dfc-897e-3db005d85e68', '543f7bf5-07f6-463b-a2b3-57a909fabb86', 'eea13552-ad24-4165-bce4-f1b22776739c');
INSERT INTO art_ping.employee (id, first_name, last_name, office_id, user_id, leave_date, updated, login, email, calendar_id) VALUES ('7f7f02df-4264-4040-ba9b-b0dff5f3b822', 'employeeName151', 'employeeLastName151', '8f656b47-25fd-4c3c-815e-d1c05d1874cf', '04066d25-717d-4aed-9d38-f843b9fcb85b', null, '2021-12-23T15:53:09.828624600', 'testUser151', 'employee151@em.com', '113114b3-ea3a-4d9d-a3ff-be4c2706e40b');
INSERT INTO art_ping.employee_role VALUES ('ef1ccd31-dacf-4459-b556-6154fdad4f39', '7f7f02df-4264-4040-ba9b-b0dff5f3b822', '992e5c70-7b14-44ae-b2fc-d0c884659841');
INSERT INTO art_ping.employee_role VALUES ('99c8d575-a463-4686-b951-3bba02d4e2be', '7f7f02df-4264-4040-ba9b-b0dff5f3b822', '5b204bc5-6430-4939-aa23-17b1482c6d98');
INSERT INTO art_ping.employee_role VALUES ('e496a7a2-6b1f-41b0-aea9-54587e8bb661', '7f7f02df-4264-4040-ba9b-b0dff5f3b822', 'eea13552-ad24-4165-bce4-f1b22776739c');
INSERT INTO art_ping.employee (id, first_name, last_name, office_id, user_id, leave_date, updated, login, email, calendar_id) VALUES ('903a3ea2-a47f-4f02-ae1f-8a36f2bcc94d', 'employeeName152', 'employeeLastName152', '4caab82e-7208-470c-938a-1e8ecafe016f', '916df7e6-59b0-4f1c-bfee-e65c492b300c', null, '2021-12-23T15:53:09.828624600', 'testUser152', 'employee152@em.com', '5bb9eee9-5d48-490b-a017-7d8effaf7661');
INSERT INTO art_ping.employee_role VALUES ('13231599-301e-4e17-b505-874c05280e2b', '903a3ea2-a47f-4f02-ae1f-8a36f2bcc94d', 'eea13552-ad24-4165-bce4-f1b22776739c');
INSERT INTO art_ping.employee (id, first_name, last_name, office_id, user_id, leave_date, updated, login, email, calendar_id) VALUES ('82f36dff-c692-447e-8e33-535e5813245f', 'employeeName153', 'employeeLastName153', 'b106c772-d860-4491-8206-afc34e8cba54', '5222cf34-f545-475c-90de-1c1ca706a339', null, '2021-12-23T15:53:09.828624600', 'testUser153', 'employee153@em.com', 'aa756158-d942-4831-9f7f-4183ac82f6ee');
INSERT INTO art_ping.employee_role VALUES ('ecfe5faa-e8a6-46e1-80ab-5c579f86c331', '82f36dff-c692-447e-8e33-535e5813245f', '5b204bc5-6430-4939-aa23-17b1482c6d98');
INSERT INTO art_ping.employee_role VALUES ('72124959-7ad6-4668-91b3-7dabdc7fca61', '82f36dff-c692-447e-8e33-535e5813245f', 'e7051ffa-0edb-4ac7-84ed-12c1d3b2b5f8');
INSERT INTO art_ping.employee_role VALUES ('3091af46-611b-420c-8ad1-f656f3f205e4', '82f36dff-c692-447e-8e33-535e5813245f', 'eea13552-ad24-4165-bce4-f1b22776739c');
INSERT INTO art_ping.employee (id, first_name, last_name, office_id, user_id, leave_date, updated, login, email, calendar_id) VALUES ('17622583-a55a-4f34-8148-ef2ec9a41ea5', 'employeeName154', 'employeeLastName154', 'eb4ee13b-f64f-41a9-96c0-d24923da0328', '3cc6ace4-a744-4085-bafd-8b15f84cd09a', null, '2021-12-23T15:53:09.828624600', 'testUser154', 'employee154@em.com', 'ea2aee29-940a-4ece-aa24-bf313643c484');
INSERT INTO art_ping.employee_role VALUES ('a6de71f8-de54-4a24-bfe3-aeaef031ac08', '17622583-a55a-4f34-8148-ef2ec9a41ea5', '992e5c70-7b14-44ae-b2fc-d0c884659841');
INSERT INTO art_ping.employee_role VALUES ('b5e36ff2-d59e-45ef-bc9b-79d43b1e1485', '17622583-a55a-4f34-8148-ef2ec9a41ea5', '5b204bc5-6430-4939-aa23-17b1482c6d98');
INSERT INTO art_ping.employee_role VALUES ('6171aef7-328a-4d23-92ea-be6a52a182ea', '17622583-a55a-4f34-8148-ef2ec9a41ea5', '9f4932a6-c650-4cd2-9338-2eefa47aeb35');
INSERT INTO art_ping.employee_role VALUES ('bfeb95a1-e153-4e66-a760-bd36ef20bdac', '17622583-a55a-4f34-8148-ef2ec9a41ea5', 'eea13552-ad24-4165-bce4-f1b22776739c');
INSERT INTO art_ping.employee (id, first_name, last_name, office_id, user_id, leave_date, updated, login, email, calendar_id) VALUES ('d61aae5c-d16a-4864-b56c-d96c04c226e0', 'employeeName155', 'employeeLastName155', 'a0a16ea4-1c7f-4b72-aa7e-706b935fc12c', 'c748368c-6b48-4957-abd9-8070e6a51a63', null, '2021-12-23T15:53:09.828624600', 'testUser155', 'employee155@em.com', '3db70ed9-e956-49eb-9747-fa360a86340e');
INSERT INTO art_ping.employee_role VALUES ('d63746f9-8001-4936-ad79-d552c2c5f8c0', 'd61aae5c-d16a-4864-b56c-d96c04c226e0', '5b204bc5-6430-4939-aa23-17b1482c6d98');
INSERT INTO art_ping.employee_role VALUES ('4989d0c5-7cbd-4f1e-9c3e-7c98bbd38e5b', 'd61aae5c-d16a-4864-b56c-d96c04c226e0', '9f4932a6-c650-4cd2-9338-2eefa47aeb35');
INSERT INTO art_ping.employee_role VALUES ('d9b828ce-fa78-4935-ac8c-5564a122862d', 'd61aae5c-d16a-4864-b56c-d96c04c226e0', 'e7051ffa-0edb-4ac7-84ed-12c1d3b2b5f8');
INSERT INTO art_ping.employee_role VALUES ('dd1e48b9-c89c-4bbd-a9ed-e06436741059', 'd61aae5c-d16a-4864-b56c-d96c04c226e0', 'eea13552-ad24-4165-bce4-f1b22776739c');
INSERT INTO art_ping.employee (id, first_name, last_name, office_id, user_id, leave_date, updated, login, email, calendar_id) VALUES ('51155bd1-fd9e-42ea-a6be-f2365652b6a1', 'employeeName156', 'employeeLastName156', 'f6b1a8c0-ff83-4285-b5ba-54392ffef6c8', '9f4cefc5-491b-47f7-9538-ceaf34843f5e', null, '2021-12-23T15:53:09.828624600', 'testUser156', 'employee156@em.com', '3db70ed9-e956-49eb-9747-fa360a86340e');
INSERT INTO art_ping.employee_role VALUES ('798d1d9d-e85b-4201-a144-ad8577b6b11b', '51155bd1-fd9e-42ea-a6be-f2365652b6a1', '992e5c70-7b14-44ae-b2fc-d0c884659841');
INSERT INTO art_ping.employee_role VALUES ('e70cf8f2-14a4-4fb7-b2c0-c6900622cff5', '51155bd1-fd9e-42ea-a6be-f2365652b6a1', '5b204bc5-6430-4939-aa23-17b1482c6d98');
INSERT INTO art_ping.employee_role VALUES ('99e64434-dc68-4f2c-ad54-23deeacb90c5', '51155bd1-fd9e-42ea-a6be-f2365652b6a1', 'e7051ffa-0edb-4ac7-84ed-12c1d3b2b5f8');
INSERT INTO art_ping.employee_role VALUES ('b7f603d8-eeeb-4327-9c42-da378e0b91f3', '51155bd1-fd9e-42ea-a6be-f2365652b6a1', 'eea13552-ad24-4165-bce4-f1b22776739c');
INSERT INTO art_ping.employee (id, first_name, last_name, office_id, user_id, leave_date, updated, login, email, calendar_id) VALUES ('e262c579-6802-472a-ac75-d488ea8256fa', 'employeeName157', 'employeeLastName157', '4a2d1c6e-5209-4c87-b6b2-dc8f9c4bb459', 'b980eef9-8f5a-45bd-ade8-9e8d19751a7e', null, '2021-12-23T15:53:09.828624600', 'testUser157', 'employee157@em.com', '371649ca-7dbe-4b17-bb2e-7b32c5c89692');
INSERT INTO art_ping.employee_role VALUES ('951543d7-e712-4a72-b072-3d84834da5e8', 'e262c579-6802-472a-ac75-d488ea8256fa', '992e5c70-7b14-44ae-b2fc-d0c884659841');
INSERT INTO art_ping.employee_role VALUES ('a8a59cad-024c-447d-888f-2609dbf621b6', 'e262c579-6802-472a-ac75-d488ea8256fa', '5b204bc5-6430-4939-aa23-17b1482c6d98');
INSERT INTO art_ping.employee_role VALUES ('40e568c0-115a-4494-9015-262397d93f9a', 'e262c579-6802-472a-ac75-d488ea8256fa', '9f4932a6-c650-4cd2-9338-2eefa47aeb35');
INSERT INTO art_ping.employee_role VALUES ('e80fa5ed-1a5a-438a-b0c2-e277a2a6ff5b', 'e262c579-6802-472a-ac75-d488ea8256fa', 'eea13552-ad24-4165-bce4-f1b22776739c');
INSERT INTO art_ping.employee (id, first_name, last_name, office_id, user_id, leave_date, updated, login, email, calendar_id) VALUES ('ccab5ede-90ec-45f9-a6c5-c14b0034032c', 'employeeName158', 'employeeLastName158', 'd4444aa6-4ad7-4869-957d-eee92c6616fd', '668d46cf-5bad-488d-b3c2-acf7154e1acc', null, '2021-12-23T15:53:09.829624700', 'testUser158', 'employee158@em.com', '3db70ed9-e956-49eb-9747-fa360a86340e');
INSERT INTO art_ping.employee_role VALUES ('bd795e3d-8f16-4d76-bcb2-ed62a563faee', 'ccab5ede-90ec-45f9-a6c5-c14b0034032c', '5b204bc5-6430-4939-aa23-17b1482c6d98');
INSERT INTO art_ping.employee_role VALUES ('fea307a7-bfff-4c5e-9fd5-b18a522ee778', 'ccab5ede-90ec-45f9-a6c5-c14b0034032c', 'eea13552-ad24-4165-bce4-f1b22776739c');
INSERT INTO art_ping.employee (id, first_name, last_name, office_id, user_id, leave_date, updated, login, email, calendar_id) VALUES ('9016fc64-56c6-4250-a83e-c7a780948e87', 'employeeName159', 'employeeLastName159', '9a98e220-a00b-431a-8809-e1af79f51607', 'f703561f-10d9-4317-a80c-22050093e092', null, '2021-12-23T15:53:09.829624700', 'testUser159', 'employee159@em.com', 'd2fde2a9-dff4-4c63-85a8-5a01f3841efd');
INSERT INTO art_ping.employee_role VALUES ('b29830f0-d909-48d0-8abe-d6a1925b593c', '9016fc64-56c6-4250-a83e-c7a780948e87', '5b204bc5-6430-4939-aa23-17b1482c6d98');
INSERT INTO art_ping.employee_role VALUES ('209ff02a-ed20-4123-b5d4-8395e91a35b7', '9016fc64-56c6-4250-a83e-c7a780948e87', 'e7051ffa-0edb-4ac7-84ed-12c1d3b2b5f8');
INSERT INTO art_ping.employee_role VALUES ('5ce086e6-01d7-4a3c-9d00-26b62faf88d7', '9016fc64-56c6-4250-a83e-c7a780948e87', 'eea13552-ad24-4165-bce4-f1b22776739c');
INSERT INTO art_ping.employee (id, first_name, last_name, office_id, user_id, leave_date, updated, login, email, calendar_id) VALUES ('8f60ac08-a513-4329-b2b2-db18aed20066', 'employeeName160', 'employeeLastName160', '1ffe8c3b-de24-45c8-9b76-bed4a7a469c6', 'a4821637-4cc2-4d8e-8d84-915aaa23b47b', null, '2021-12-23T15:53:09.829624700', 'testUser160', 'employee160@em.com', '1d93117a-7c37-4bb4-9482-c9c0f0347541');
INSERT INTO art_ping.employee_role VALUES ('d38024b4-953b-4f24-b8d3-30b74a3e8001', '8f60ac08-a513-4329-b2b2-db18aed20066', 'eea13552-ad24-4165-bce4-f1b22776739c');
INSERT INTO art_ping.employee (id, first_name, last_name, office_id, user_id, leave_date, updated, login, email, calendar_id) VALUES ('3663a6e6-7ce4-4afe-b9a0-7174100643e7', 'employeeName161', 'employeeLastName161', 'a98c1aad-4584-4ba5-a9a2-43b8b43aaf09', 'a9e32b14-d7cf-4fef-89ae-df11f6892b55', null, '2021-12-23T15:53:09.829624700', 'testUser161', 'employee161@em.com', 'aa756158-d942-4831-9f7f-4183ac82f6ee');
INSERT INTO art_ping.employee_role VALUES ('5f6a243e-834d-4576-a87c-f30df15cecab', '3663a6e6-7ce4-4afe-b9a0-7174100643e7', 'eea13552-ad24-4165-bce4-f1b22776739c');
INSERT INTO art_ping.employee (id, first_name, last_name, office_id, user_id, leave_date, updated, login, email, calendar_id) VALUES ('15b12267-a20e-437c-97b3-1b578dce50af', 'employeeName162', 'employeeLastName162', 'b76a7d0d-9b48-4abc-b4a5-87813925b233', 'ea73c027-41c9-4ba4-b5f0-4df12861b7af', null, '2021-12-23T15:53:09.829624700', 'testUser162', 'employee162@em.com', '5bb9eee9-5d48-490b-a017-7d8effaf7661');
INSERT INTO art_ping.employee_role VALUES ('898ee910-24ac-4d61-b8cf-23f8d1d6d986', '15b12267-a20e-437c-97b3-1b578dce50af', '992e5c70-7b14-44ae-b2fc-d0c884659841');
INSERT INTO art_ping.employee_role VALUES ('f04efae5-cd65-4b13-ae64-e589e3d12536', '15b12267-a20e-437c-97b3-1b578dce50af', 'e7051ffa-0edb-4ac7-84ed-12c1d3b2b5f8');
INSERT INTO art_ping.employee_role VALUES ('14eb7101-29d2-47b4-9f64-d6771cb1b52c', '15b12267-a20e-437c-97b3-1b578dce50af', 'eea13552-ad24-4165-bce4-f1b22776739c');
INSERT INTO art_ping.employee (id, first_name, last_name, office_id, user_id, leave_date, updated, login, email, calendar_id) VALUES ('9526ec9f-3f38-48bc-b017-7ad1c1e701b9', 'employeeName163', 'employeeLastName163', 'bc02c21c-bdf8-4afd-bd38-bfd31f71c1f0', 'ec9ce71c-06eb-41ba-9b04-9709a60043d3', null, '2021-12-23T15:53:09.829624700', 'testUser163', 'employee163@em.com', '405d952a-f1ab-4a0a-8da2-a6d692838c69');
INSERT INTO art_ping.employee_role VALUES ('b17efbd3-757e-4db8-8c8b-049321e246f9', '9526ec9f-3f38-48bc-b017-7ad1c1e701b9', '992e5c70-7b14-44ae-b2fc-d0c884659841');
INSERT INTO art_ping.employee_role VALUES ('0a8c2afe-08a4-484c-a6fa-b7542683a290', '9526ec9f-3f38-48bc-b017-7ad1c1e701b9', '5b204bc5-6430-4939-aa23-17b1482c6d98');
INSERT INTO art_ping.employee_role VALUES ('d1f6c221-3fa7-44d8-90d1-73317a30489d', '9526ec9f-3f38-48bc-b017-7ad1c1e701b9', 'e7051ffa-0edb-4ac7-84ed-12c1d3b2b5f8');
INSERT INTO art_ping.employee_role VALUES ('5c647abe-6a93-4a8a-9cd9-e9febfd64379', '9526ec9f-3f38-48bc-b017-7ad1c1e701b9', 'eea13552-ad24-4165-bce4-f1b22776739c');
INSERT INTO art_ping.employee (id, first_name, last_name, office_id, user_id, leave_date, updated, login, email, calendar_id) VALUES ('9b8e086a-79c4-4945-8b9b-121fc5c0f1da', 'employeeName164', 'employeeLastName164', '640b28ab-25f0-4fb5-9e1e-cfa32053f440', 'a8a9a79c-acbf-4df0-8223-a3fcd9cd381c', null, '2021-12-23T15:53:09.829624700', 'testUser164', 'employee164@em.com', '80b96051-9ddf-40c1-a66b-bc41ef9a3e4b');
INSERT INTO art_ping.employee_role VALUES ('205bf219-2aba-4cdb-b007-10688bfff91a', '9b8e086a-79c4-4945-8b9b-121fc5c0f1da', '992e5c70-7b14-44ae-b2fc-d0c884659841');
INSERT INTO art_ping.employee_role VALUES ('5be01849-21d1-43f8-a8c9-8b40b5d5ae16', '9b8e086a-79c4-4945-8b9b-121fc5c0f1da', '9f4932a6-c650-4cd2-9338-2eefa47aeb35');
INSERT INTO art_ping.employee_role VALUES ('4b342e40-f2aa-4b9e-a9b8-3f3701ed5f33', '9b8e086a-79c4-4945-8b9b-121fc5c0f1da', 'eea13552-ad24-4165-bce4-f1b22776739c');
INSERT INTO art_ping.employee (id, first_name, last_name, office_id, user_id, leave_date, updated, login, email, calendar_id) VALUES ('287bdb46-2808-4bb6-9159-b9bcadb7f9aa', 'employeeName165', 'employeeLastName165', '9614a853-59a4-42a9-9c8d-6938877f7cf8', '097237f5-8b84-49ce-9760-05eb53118db1', null, '2021-12-23T15:53:09.829624700', 'testUser165', 'employee165@em.com', '3db70ed9-e956-49eb-9747-fa360a86340e');
INSERT INTO art_ping.employee_role VALUES ('a66ba9b7-3dae-42e5-ac9d-4e18479a48bd', '287bdb46-2808-4bb6-9159-b9bcadb7f9aa', '992e5c70-7b14-44ae-b2fc-d0c884659841');
INSERT INTO art_ping.employee_role VALUES ('cf5f2976-f590-469b-9fd4-0c788c88ee86', '287bdb46-2808-4bb6-9159-b9bcadb7f9aa', 'e7051ffa-0edb-4ac7-84ed-12c1d3b2b5f8');
INSERT INTO art_ping.employee_role VALUES ('c4f22efe-92fe-4b8f-a24a-dfe08a0fb471', '287bdb46-2808-4bb6-9159-b9bcadb7f9aa', 'eea13552-ad24-4165-bce4-f1b22776739c');
INSERT INTO art_ping.employee (id, first_name, last_name, office_id, user_id, leave_date, updated, login, email, calendar_id) VALUES ('8b218105-ea4a-4d23-8af4-dd4ec4986545', 'employeeName166', 'employeeLastName166', '5e73f8f8-1849-429c-82fa-6521c84083fb', '707582c8-6a82-40ae-a817-2b320801a148', null, '2021-12-23T15:53:09.829624700', 'testUser166', 'employee166@em.com', 'ea2aee29-940a-4ece-aa24-bf313643c484');
INSERT INTO art_ping.employee_role VALUES ('dfccf6c2-c688-4764-af43-c100c9613d45', '8b218105-ea4a-4d23-8af4-dd4ec4986545', '992e5c70-7b14-44ae-b2fc-d0c884659841');
INSERT INTO art_ping.employee_role VALUES ('dc639872-cb26-4f4d-a4c7-55b5c35e8426', '8b218105-ea4a-4d23-8af4-dd4ec4986545', '9f4932a6-c650-4cd2-9338-2eefa47aeb35');
INSERT INTO art_ping.employee_role VALUES ('c3ab344a-d722-4c0a-a062-e84e90493c61', '8b218105-ea4a-4d23-8af4-dd4ec4986545', 'eea13552-ad24-4165-bce4-f1b22776739c');
INSERT INTO art_ping.employee (id, first_name, last_name, office_id, user_id, leave_date, updated, login, email, calendar_id) VALUES ('8539b154-bcdd-46bd-9129-d8204964a577', 'employeeName167', 'employeeLastName167', 'd57b9be8-86f0-43a8-96fd-b41a2786c0af', 'f9dd5703-072a-4631-8d81-cd815e9810a5', null, '2021-12-23T15:53:09.829624700', 'testUser167', 'employee167@em.com', 'e7a61c37-0c01-43b4-9e73-340279bc9551');
INSERT INTO art_ping.employee_role VALUES ('d3163be1-6646-41c3-8999-417d285113cb', '8539b154-bcdd-46bd-9129-d8204964a577', '9f4932a6-c650-4cd2-9338-2eefa47aeb35');
INSERT INTO art_ping.employee_role VALUES ('d08e486e-bae9-4ebd-9207-850b154df15f', '8539b154-bcdd-46bd-9129-d8204964a577', 'eea13552-ad24-4165-bce4-f1b22776739c');
INSERT INTO art_ping.employee (id, first_name, last_name, office_id, user_id, leave_date, updated, login, email, calendar_id) VALUES ('a6429b57-4091-4204-915a-a4a8049a3da6', 'employeeName168', 'employeeLastName168', '88132bf8-7737-462c-9a0a-284bafa6420b', '0f64e65f-e915-44ed-bfa1-8952a2a9d2c4', null, '2021-12-23T15:53:09.829624700', 'testUser168', 'employee168@em.com', '9f9de325-c406-49e9-a3e9-a6b221e50c64');
INSERT INTO art_ping.employee_role VALUES ('0745f26f-0435-472a-bfd7-bfb7d12a5146', 'a6429b57-4091-4204-915a-a4a8049a3da6', '992e5c70-7b14-44ae-b2fc-d0c884659841');
INSERT INTO art_ping.employee_role VALUES ('33d46659-5778-4689-a8d0-79a9c8b0cc10', 'a6429b57-4091-4204-915a-a4a8049a3da6', '5b204bc5-6430-4939-aa23-17b1482c6d98');
INSERT INTO art_ping.employee_role VALUES ('63948845-f817-4a8b-9df6-b33a45e46b92', 'a6429b57-4091-4204-915a-a4a8049a3da6', '9f4932a6-c650-4cd2-9338-2eefa47aeb35');
INSERT INTO art_ping.employee_role VALUES ('64adec71-c306-4c1a-8e34-d9a5a8bef07d', 'a6429b57-4091-4204-915a-a4a8049a3da6', 'e7051ffa-0edb-4ac7-84ed-12c1d3b2b5f8');
INSERT INTO art_ping.employee_role VALUES ('215a0b6c-233f-4982-8d3c-959911dd0991', 'a6429b57-4091-4204-915a-a4a8049a3da6', 'eea13552-ad24-4165-bce4-f1b22776739c');
INSERT INTO art_ping.employee (id, first_name, last_name, office_id, user_id, leave_date, updated, login, email, calendar_id) VALUES ('af3b32a0-df8c-432f-88a9-cdfeec2f2331', 'employeeName169', 'employeeLastName169', 'f6b1a8c0-ff83-4285-b5ba-54392ffef6c8', 'baf0c0b0-d7a8-4632-8591-b49e799aef6c', null, '2021-12-23T15:53:09.829624700', 'testUser169', 'employee169@em.com', '3db70ed9-e956-49eb-9747-fa360a86340e');
INSERT INTO art_ping.employee_role VALUES ('5875f271-75af-4dcc-8411-c3fb856fbb93', 'af3b32a0-df8c-432f-88a9-cdfeec2f2331', '5b204bc5-6430-4939-aa23-17b1482c6d98');
INSERT INTO art_ping.employee_role VALUES ('0b07291b-5024-4848-a738-8cdc13bc4d1e', 'af3b32a0-df8c-432f-88a9-cdfeec2f2331', 'e7051ffa-0edb-4ac7-84ed-12c1d3b2b5f8');
INSERT INTO art_ping.employee_role VALUES ('9adacd1b-add3-4acf-83f1-255dad692800', 'af3b32a0-df8c-432f-88a9-cdfeec2f2331', 'eea13552-ad24-4165-bce4-f1b22776739c');
INSERT INTO art_ping.employee (id, first_name, last_name, office_id, user_id, leave_date, updated, login, email, calendar_id) VALUES ('8415afe4-bdac-4f3e-abf1-a5c30947e033', 'employeeName170', 'employeeLastName170', '3e81ac3c-5bb2-48b4-aaec-c3df2174fc73', '01e11e8b-ecd0-4e38-8dca-2eff647aa55a', null, '2021-12-23T15:53:09.829624700', 'testUser170', 'employee170@em.com', 'fb333015-9403-4a3d-bf4b-bc8d771ac188');
INSERT INTO art_ping.employee_role VALUES ('ac97504f-5bdf-4cd1-b936-a83dc4934c15', '8415afe4-bdac-4f3e-abf1-a5c30947e033', '5b204bc5-6430-4939-aa23-17b1482c6d98');
INSERT INTO art_ping.employee_role VALUES ('9902d23b-38ba-4b9a-96ab-082523198c05', '8415afe4-bdac-4f3e-abf1-a5c30947e033', 'e7051ffa-0edb-4ac7-84ed-12c1d3b2b5f8');
INSERT INTO art_ping.employee_role VALUES ('e17a7cc9-e2b0-4ced-b051-c7deaa021592', '8415afe4-bdac-4f3e-abf1-a5c30947e033', 'eea13552-ad24-4165-bce4-f1b22776739c');
INSERT INTO art_ping.employee (id, first_name, last_name, office_id, user_id, leave_date, updated, login, email, calendar_id) VALUES ('ac3c940c-231c-4f2d-a74c-7503bb1887c6', 'employeeName171', 'employeeLastName171', '6eb0bbc0-5404-439e-b03a-58632c6211b8', 'd75eb84a-4054-4205-852e-14f667e80a15', null, '2021-12-23T15:53:09.829624700', 'testUser171', 'employee171@em.com', '0d287e9e-6dd6-4473-ad12-9f588e9a95c5');
INSERT INTO art_ping.employee_role VALUES ('f029f548-d509-4383-bbff-686cf354be7d', 'ac3c940c-231c-4f2d-a74c-7503bb1887c6', '992e5c70-7b14-44ae-b2fc-d0c884659841');
INSERT INTO art_ping.employee_role VALUES ('77238b25-9d1b-4483-a1d6-b99672472c38', 'ac3c940c-231c-4f2d-a74c-7503bb1887c6', 'e7051ffa-0edb-4ac7-84ed-12c1d3b2b5f8');
INSERT INTO art_ping.employee_role VALUES ('b4677ed7-c558-4215-8521-7e4dd15bcb82', 'ac3c940c-231c-4f2d-a74c-7503bb1887c6', 'eea13552-ad24-4165-bce4-f1b22776739c');
INSERT INTO art_ping.employee (id, first_name, last_name, office_id, user_id, leave_date, updated, login, email, calendar_id) VALUES ('4b618720-fc2b-450e-b5aa-7e6a457f9188', 'employeeName172', 'employeeLastName172', 'ae6e918f-2ef0-43dd-a2a1-f1c35524dbac', 'e8fad420-c531-47e0-8fe0-3ea413f40ae2', null, '2021-12-23T15:53:09.829624700', 'testUser172', 'employee172@em.com', '98be1f5b-b2aa-417d-af1f-6cbd1069b955');
INSERT INTO art_ping.employee_role VALUES ('6d9c6ed5-332a-4e0d-a0b1-f6d5aeb63110', '4b618720-fc2b-450e-b5aa-7e6a457f9188', '5b204bc5-6430-4939-aa23-17b1482c6d98');
INSERT INTO art_ping.employee_role VALUES ('68493f6a-9306-46a4-8611-6f2fd387aed9', '4b618720-fc2b-450e-b5aa-7e6a457f9188', '9f4932a6-c650-4cd2-9338-2eefa47aeb35');
INSERT INTO art_ping.employee_role VALUES ('4edef552-a068-414e-8ac1-4c9daadb8ca6', '4b618720-fc2b-450e-b5aa-7e6a457f9188', 'eea13552-ad24-4165-bce4-f1b22776739c');
INSERT INTO art_ping.employee (id, first_name, last_name, office_id, user_id, leave_date, updated, login, email, calendar_id) VALUES ('c6fd483d-15b1-40ac-940f-2f648ca78d5f', 'employeeName173', 'employeeLastName173', 'e13d3c7c-e77c-4f03-8900-8bcdd5fd0731', '06b4c7ac-37e8-49a2-ae30-68c545636016', null, '2021-12-23T15:53:09.829624700', 'testUser173', 'employee173@em.com', 'a1a334cc-3816-48c3-a0b9-4d5a7cab59aa');
INSERT INTO art_ping.employee_role VALUES ('25db2781-589e-49fa-8a0c-5666c72d6514', 'c6fd483d-15b1-40ac-940f-2f648ca78d5f', 'eea13552-ad24-4165-bce4-f1b22776739c');
INSERT INTO art_ping.employee (id, first_name, last_name, office_id, user_id, leave_date, updated, login, email, calendar_id) VALUES ('0d79771d-9394-4c50-9646-19a665f1cb35', 'employeeName174', 'employeeLastName174', 'da05bc82-9ca9-4be7-8f97-8e6139a62d71', 'f69bc698-0df6-4148-a7c0-2fd3ddc1bc08', null, '2021-12-23T15:53:09.829624700', 'testUser174', 'employee174@em.com', '421f75d2-5320-476c-aa29-3fef2c5c2fb2');
INSERT INTO art_ping.employee_role VALUES ('da0b9386-0e8a-43d1-a776-c97f5cb70e0e', '0d79771d-9394-4c50-9646-19a665f1cb35', '9f4932a6-c650-4cd2-9338-2eefa47aeb35');
INSERT INTO art_ping.employee_role VALUES ('22c6f693-710b-4744-aed3-4bc327bfa4ff', '0d79771d-9394-4c50-9646-19a665f1cb35', 'eea13552-ad24-4165-bce4-f1b22776739c');
INSERT INTO art_ping.employee (id, first_name, last_name, office_id, user_id, leave_date, updated, login, email, calendar_id) VALUES ('f68c9b8b-a2e5-4509-9aab-88f5bb6a7a70', 'employeeName175', 'employeeLastName175', '5e73f8f8-1849-429c-82fa-6521c84083fb', '8829d144-5502-4397-a619-88c0b232e786', null, '2021-12-23T15:53:09.830621300', 'testUser175', 'employee175@em.com', 'ea2aee29-940a-4ece-aa24-bf313643c484');
INSERT INTO art_ping.employee_role VALUES ('dc8f4f0b-4c41-4e71-800c-567592e7a5fc', 'f68c9b8b-a2e5-4509-9aab-88f5bb6a7a70', 'eea13552-ad24-4165-bce4-f1b22776739c');
INSERT INTO art_ping.employee (id, first_name, last_name, office_id, user_id, leave_date, updated, login, email, calendar_id) VALUES ('797bdf2a-70f1-4d51-ae75-f1998c189404', 'employeeName176', 'employeeLastName176', 'b09ed831-4fa1-442c-955d-e2650018f592', '2eefb5ed-9b94-407a-89c2-500458ab8186', null, '2021-12-23T15:53:09.830621300', 'testUser176', 'employee176@em.com', '9eed65bb-b911-4f54-922e-a4f28c76e64b');
INSERT INTO art_ping.employee_role VALUES ('75bc1986-c8f8-4c29-a511-a5a35444fe78', '797bdf2a-70f1-4d51-ae75-f1998c189404', '992e5c70-7b14-44ae-b2fc-d0c884659841');
INSERT INTO art_ping.employee_role VALUES ('cc9b6f03-fb57-4e42-96ec-d5520d4f51cf', '797bdf2a-70f1-4d51-ae75-f1998c189404', '5b204bc5-6430-4939-aa23-17b1482c6d98');
INSERT INTO art_ping.employee_role VALUES ('8489f8d8-e5ad-4d96-b2a7-b921475e4a80', '797bdf2a-70f1-4d51-ae75-f1998c189404', '9f4932a6-c650-4cd2-9338-2eefa47aeb35');
INSERT INTO art_ping.employee_role VALUES ('fb228cd3-66eb-454c-91e2-8f0be06552b0', '797bdf2a-70f1-4d51-ae75-f1998c189404', 'eea13552-ad24-4165-bce4-f1b22776739c');
INSERT INTO art_ping.employee (id, first_name, last_name, office_id, user_id, leave_date, updated, login, email, calendar_id) VALUES ('84ab89ab-1097-4316-8aee-fbc91c705cf4', 'employeeName177', 'employeeLastName177', 'd67329a3-5c66-4a77-89ef-d17878a5d5a1', 'bf6395d5-c792-4f7a-845a-a119de4b3adc', null, '2021-12-23T15:53:09.830621300', 'testUser177', 'employee177@em.com', 'd2fde2a9-dff4-4c63-85a8-5a01f3841efd');
INSERT INTO art_ping.employee_role VALUES ('f6f1df9e-e1cf-4f75-aa56-23340e2272f9', '84ab89ab-1097-4316-8aee-fbc91c705cf4', '992e5c70-7b14-44ae-b2fc-d0c884659841');
INSERT INTO art_ping.employee_role VALUES ('ac24389e-036b-49ee-becd-348e1f080f96', '84ab89ab-1097-4316-8aee-fbc91c705cf4', 'e7051ffa-0edb-4ac7-84ed-12c1d3b2b5f8');
INSERT INTO art_ping.employee_role VALUES ('d8aebd81-2ccb-4410-9ffd-af7d44feae2a', '84ab89ab-1097-4316-8aee-fbc91c705cf4', 'eea13552-ad24-4165-bce4-f1b22776739c');
INSERT INTO art_ping.employee (id, first_name, last_name, office_id, user_id, leave_date, updated, login, email, calendar_id) VALUES ('13d6b506-b013-47ce-984b-1aa82664a859', 'employeeName178', 'employeeLastName178', 'a46489f7-ed02-41bc-9df0-bb4a53db0cdb', '77397155-025d-4e2f-bc99-e709ac0f2eac', null, '2021-12-23T15:53:09.830621300', 'testUser178', 'employee178@em.com', '359b1098-039b-4845-8e60-eb05d970e778');
INSERT INTO art_ping.employee_role VALUES ('6e9c0f93-c85c-4072-9a70-414f457801e0', '13d6b506-b013-47ce-984b-1aa82664a859', '992e5c70-7b14-44ae-b2fc-d0c884659841');
INSERT INTO art_ping.employee_role VALUES ('f5acf763-cc2c-4ae1-88a1-211adf875e0d', '13d6b506-b013-47ce-984b-1aa82664a859', '9f4932a6-c650-4cd2-9338-2eefa47aeb35');
INSERT INTO art_ping.employee_role VALUES ('f124caef-454e-4143-ba1e-17dbc38146d2', '13d6b506-b013-47ce-984b-1aa82664a859', 'eea13552-ad24-4165-bce4-f1b22776739c');
INSERT INTO art_ping.employee (id, first_name, last_name, office_id, user_id, leave_date, updated, login, email, calendar_id) VALUES ('da677ce4-a7e2-44c7-b94f-cb7ec2e309f8', 'employeeName179', 'employeeLastName179', '822d5d5f-46c1-464c-898d-f6aefe8a4c24', 'e5ed27b2-b720-472b-95e6-ef30ea19436d', null, '2021-12-23T15:53:09.830621300', 'testUser179', 'employee179@em.com', '9eed65bb-b911-4f54-922e-a4f28c76e64b');
INSERT INTO art_ping.employee_role VALUES ('d8e88f47-1f47-43e1-8eb2-5612b2f8b439', 'da677ce4-a7e2-44c7-b94f-cb7ec2e309f8', '992e5c70-7b14-44ae-b2fc-d0c884659841');
INSERT INTO art_ping.employee_role VALUES ('b6f2be19-6116-43a9-a820-427985cab35d', 'da677ce4-a7e2-44c7-b94f-cb7ec2e309f8', '5b204bc5-6430-4939-aa23-17b1482c6d98');
INSERT INTO art_ping.employee_role VALUES ('9d4730ca-f498-41b6-a22c-be9213577bb7', 'da677ce4-a7e2-44c7-b94f-cb7ec2e309f8', 'eea13552-ad24-4165-bce4-f1b22776739c');
INSERT INTO art_ping.employee (id, first_name, last_name, office_id, user_id, leave_date, updated, login, email, calendar_id) VALUES ('6363bc74-87d5-43d3-8a9b-75351223cb96', 'employeeName180', 'employeeLastName180', '9614a853-59a4-42a9-9c8d-6938877f7cf8', '45846392-e971-4d78-82b3-678538f85262', null, '2021-12-23T15:53:09.830621300', 'testUser180', 'employee180@em.com', '3db70ed9-e956-49eb-9747-fa360a86340e');
INSERT INTO art_ping.employee_role VALUES ('4751bc43-1661-434c-8d95-d589baca028b', '6363bc74-87d5-43d3-8a9b-75351223cb96', '9f4932a6-c650-4cd2-9338-2eefa47aeb35');
INSERT INTO art_ping.employee_role VALUES ('4b0e8551-d15c-4701-a0ba-58153ebd7b33', '6363bc74-87d5-43d3-8a9b-75351223cb96', 'e7051ffa-0edb-4ac7-84ed-12c1d3b2b5f8');
INSERT INTO art_ping.employee_role VALUES ('472fee43-4470-49e6-8639-21a827044fa7', '6363bc74-87d5-43d3-8a9b-75351223cb96', 'eea13552-ad24-4165-bce4-f1b22776739c');
INSERT INTO art_ping.employee (id, first_name, last_name, office_id, user_id, leave_date, updated, login, email, calendar_id) VALUES ('3a1cee63-504c-468f-a9ec-08f7d3288079', 'employeeName181', 'employeeLastName181', '589ef01d-e110-4bcc-a875-df56c91bf110', '0aeb80a3-4c95-46ff-8e9c-1bbff25d73c6', null, '2021-12-23T15:53:09.830621300', 'testUser181', 'employee181@em.com', '2c2404ba-8694-423e-b76e-071baeb79ea3');
INSERT INTO art_ping.employee_role VALUES ('38de76c8-5bcb-4ef8-9327-2fef7b66e8ff', '3a1cee63-504c-468f-a9ec-08f7d3288079', '5b204bc5-6430-4939-aa23-17b1482c6d98');
INSERT INTO art_ping.employee_role VALUES ('edb3058f-d554-41a6-bdaf-931e54a4d415', '3a1cee63-504c-468f-a9ec-08f7d3288079', '9f4932a6-c650-4cd2-9338-2eefa47aeb35');
INSERT INTO art_ping.employee_role VALUES ('6576abdb-bf7b-4283-982b-1dc71cb1e055', '3a1cee63-504c-468f-a9ec-08f7d3288079', 'e7051ffa-0edb-4ac7-84ed-12c1d3b2b5f8');
INSERT INTO art_ping.employee_role VALUES ('b6a2d48c-c0cf-4801-b4b3-fd26dde301b1', '3a1cee63-504c-468f-a9ec-08f7d3288079', 'eea13552-ad24-4165-bce4-f1b22776739c');
INSERT INTO art_ping.employee (id, first_name, last_name, office_id, user_id, leave_date, updated, login, email, calendar_id) VALUES ('b5131a17-901d-4a2a-90b0-53586b3fc53e', 'employeeName182', 'employeeLastName182', '589ef01d-e110-4bcc-a875-df56c91bf110', '0c4af6d8-f57a-49fd-9854-69f52a606e8b', null, '2021-12-23T15:53:09.830621300', 'testUser182', 'employee182@em.com', '2c2404ba-8694-423e-b76e-071baeb79ea3');
INSERT INTO art_ping.employee_role VALUES ('185124ae-9eb5-4ac4-b9b0-201618e85e45', 'b5131a17-901d-4a2a-90b0-53586b3fc53e', '5b204bc5-6430-4939-aa23-17b1482c6d98');
INSERT INTO art_ping.employee_role VALUES ('88577dbd-28ea-4836-9df7-36102b527ec3', 'b5131a17-901d-4a2a-90b0-53586b3fc53e', '9f4932a6-c650-4cd2-9338-2eefa47aeb35');
INSERT INTO art_ping.employee_role VALUES ('77a60809-47b6-4227-b70b-235afc5dd0a4', 'b5131a17-901d-4a2a-90b0-53586b3fc53e', 'e7051ffa-0edb-4ac7-84ed-12c1d3b2b5f8');
INSERT INTO art_ping.employee_role VALUES ('3436fb7d-aaf2-4949-8e05-502c9de8a3d0', 'b5131a17-901d-4a2a-90b0-53586b3fc53e', 'eea13552-ad24-4165-bce4-f1b22776739c');
INSERT INTO art_ping.employee (id, first_name, last_name, office_id, user_id, leave_date, updated, login, email, calendar_id) VALUES ('54d1c74f-b264-4801-9fe3-7b52da677b00', 'employeeName183', 'employeeLastName183', '6d7a45c3-e980-4081-b732-d812adb0539f', '7c821237-1338-4fae-bd53-cc8c6e7dbbf2', null, '2021-12-23T15:53:09.830621300', 'testUser183', 'employee183@em.com', '2c2404ba-8694-423e-b76e-071baeb79ea3');
INSERT INTO art_ping.employee_role VALUES ('dcdb7206-734e-490a-b282-7fb8aba76bef', '54d1c74f-b264-4801-9fe3-7b52da677b00', '5b204bc5-6430-4939-aa23-17b1482c6d98');
INSERT INTO art_ping.employee_role VALUES ('e0ebb5ac-b5b1-4565-bfd2-dddf21e4294e', '54d1c74f-b264-4801-9fe3-7b52da677b00', 'eea13552-ad24-4165-bce4-f1b22776739c');
INSERT INTO art_ping.employee (id, first_name, last_name, office_id, user_id, leave_date, updated, login, email, calendar_id) VALUES ('e6b66764-9b4c-453a-b94a-ded325a61809', 'employeeName184', 'employeeLastName184', 'a46489f7-ed02-41bc-9df0-bb4a53db0cdb', 'c3ea1c29-3345-4d4c-80b1-10a15ce80612', null, '2021-12-23T15:53:09.830621300', 'testUser184', 'employee184@em.com', '359b1098-039b-4845-8e60-eb05d970e778');
INSERT INTO art_ping.employee_role VALUES ('5ed5f7db-75cf-4891-8671-8311d01257a0', 'e6b66764-9b4c-453a-b94a-ded325a61809', '5b204bc5-6430-4939-aa23-17b1482c6d98');
INSERT INTO art_ping.employee_role VALUES ('9248b62e-e900-47f1-b923-a358de78ee6b', 'e6b66764-9b4c-453a-b94a-ded325a61809', 'e7051ffa-0edb-4ac7-84ed-12c1d3b2b5f8');
INSERT INTO art_ping.employee_role VALUES ('f246acca-da4e-4c24-a24e-7d9bd438156c', 'e6b66764-9b4c-453a-b94a-ded325a61809', 'eea13552-ad24-4165-bce4-f1b22776739c');
INSERT INTO art_ping.employee (id, first_name, last_name, office_id, user_id, leave_date, updated, login, email, calendar_id) VALUES ('20ea6750-716b-43fa-8414-d17288ad211e', 'employeeName185', 'employeeLastName185', 'ed1ce9bd-b668-4763-a893-9acbe0960766', 'fb7d590f-13fc-45a9-8de4-edc6ca1a89e7', null, '2021-12-23T15:53:09.830621300', 'testUser185', 'employee185@em.com', '65ee8bf0-7ad2-4273-9bf1-cdcf9e2aade3');
INSERT INTO art_ping.employee_role VALUES ('3faf845e-7049-47e6-b1a0-7a80e96df7a7', '20ea6750-716b-43fa-8414-d17288ad211e', '5b204bc5-6430-4939-aa23-17b1482c6d98');
INSERT INTO art_ping.employee_role VALUES ('8564104b-7667-4bed-8f0a-b771df3c1e92', '20ea6750-716b-43fa-8414-d17288ad211e', 'e7051ffa-0edb-4ac7-84ed-12c1d3b2b5f8');
INSERT INTO art_ping.employee_role VALUES ('a6c2b55e-489e-4e72-ad44-c7208a5d0b7e', '20ea6750-716b-43fa-8414-d17288ad211e', 'eea13552-ad24-4165-bce4-f1b22776739c');
INSERT INTO art_ping.employee (id, first_name, last_name, office_id, user_id, leave_date, updated, login, email, calendar_id) VALUES ('5fff669d-f260-46f6-988f-5f03f8b8a045', 'employeeName186', 'employeeLastName186', 'a98c1aad-4584-4ba5-a9a2-43b8b43aaf09', '1b32d187-c507-4862-a53c-09b43da9f3d1', null, '2021-12-23T15:53:09.830621300', 'testUser186', 'employee186@em.com', 'aa756158-d942-4831-9f7f-4183ac82f6ee');
INSERT INTO art_ping.employee_role VALUES ('131db36a-f3bf-4c67-860e-822b6363829e', '5fff669d-f260-46f6-988f-5f03f8b8a045', 'eea13552-ad24-4165-bce4-f1b22776739c');
INSERT INTO art_ping.employee (id, first_name, last_name, office_id, user_id, leave_date, updated, login, email, calendar_id) VALUES ('ccc5823e-a619-4982-bf72-0e61feff6f92', 'employeeName187', 'employeeLastName187', '4a4741c0-e409-4f61-8c9c-0008b71134a7', '265408a7-586a-4d26-aea7-3d1b03c82851', null, '2021-12-23T15:53:09.830621300', 'testUser187', 'employee187@em.com', 'c4081bc8-eeb0-4e36-a78c-0734328a46fe');
INSERT INTO art_ping.employee_role VALUES ('47802edc-78a1-46ee-b0fd-ccfc0ebee216', 'ccc5823e-a619-4982-bf72-0e61feff6f92', '5b204bc5-6430-4939-aa23-17b1482c6d98');
INSERT INTO art_ping.employee_role VALUES ('852fb098-590c-40ae-9ace-9dfb4765bda2', 'ccc5823e-a619-4982-bf72-0e61feff6f92', '9f4932a6-c650-4cd2-9338-2eefa47aeb35');
INSERT INTO art_ping.employee_role VALUES ('cfada5c5-e5f4-42c7-9704-c4be737a53b7', 'ccc5823e-a619-4982-bf72-0e61feff6f92', 'eea13552-ad24-4165-bce4-f1b22776739c');
INSERT INTO art_ping.employee (id, first_name, last_name, office_id, user_id, leave_date, updated, login, email, calendar_id) VALUES ('797cdf14-fa24-4f54-988d-ea0063cfc947', 'employeeName188', 'employeeLastName188', '7dcb5349-417c-4cac-b168-f36b87d58e53', 'a626ad18-82c2-49af-b180-4d2f11fef9ce', null, '2021-12-23T15:53:09.830621300', 'testUser188', 'employee188@em.com', '0d287e9e-6dd6-4473-ad12-9f588e9a95c5');
INSERT INTO art_ping.employee_role VALUES ('b90dfebf-0f79-47e3-a360-6ee2b0069070', '797cdf14-fa24-4f54-988d-ea0063cfc947', '992e5c70-7b14-44ae-b2fc-d0c884659841');
INSERT INTO art_ping.employee_role VALUES ('fbf2303c-4dc1-4eea-92b5-7eab483220d5', '797cdf14-fa24-4f54-988d-ea0063cfc947', '5b204bc5-6430-4939-aa23-17b1482c6d98');
INSERT INTO art_ping.employee_role VALUES ('4f9e8146-accc-49d0-a28c-d2a8dfe17eba', '797cdf14-fa24-4f54-988d-ea0063cfc947', 'eea13552-ad24-4165-bce4-f1b22776739c');
INSERT INTO art_ping.employee (id, first_name, last_name, office_id, user_id, leave_date, updated, login, email, calendar_id) VALUES ('fb5df13e-3aa0-4da4-b802-e31db07680ec', 'employeeName189', 'employeeLastName189', '38a71f51-2b6c-4923-b5f5-f63580242d38', '4afc6ce6-e9fe-4500-9fcd-b1a38bcfc290', null, '2021-12-23T15:53:09.830621300', 'testUser189', 'employee189@em.com', '3135532f-bdb7-49dd-bce9-6ae43a6b0cf1');
INSERT INTO art_ping.employee_role VALUES ('11c77e93-33e5-4596-8187-52dcb3a78961', 'fb5df13e-3aa0-4da4-b802-e31db07680ec', '992e5c70-7b14-44ae-b2fc-d0c884659841');
INSERT INTO art_ping.employee_role VALUES ('a78ae751-0160-45a0-82ab-5f478197df58', 'fb5df13e-3aa0-4da4-b802-e31db07680ec', 'e7051ffa-0edb-4ac7-84ed-12c1d3b2b5f8');
INSERT INTO art_ping.employee_role VALUES ('5aeec1b5-e7dc-47c7-88e9-df139496db0f', 'fb5df13e-3aa0-4da4-b802-e31db07680ec', 'eea13552-ad24-4165-bce4-f1b22776739c');
INSERT INTO art_ping.employee (id, first_name, last_name, office_id, user_id, leave_date, updated, login, email, calendar_id) VALUES ('76d07a1b-3570-4419-afaa-1f67b3388406', 'employeeName190', 'employeeLastName190', '8942dce9-aa40-482e-9977-0a96c6260b8c', '7e8d0356-a76f-43ab-bae7-8467c367a2bf', null, '2021-12-23T15:53:09.830621300', 'testUser190', 'employee190@em.com', '57097e39-04a1-497c-aa12-d266685b7c85');
INSERT INTO art_ping.employee_role VALUES ('f70b8bb4-b5e0-4bbf-ac47-7392e158c483', '76d07a1b-3570-4419-afaa-1f67b3388406', '5b204bc5-6430-4939-aa23-17b1482c6d98');
INSERT INTO art_ping.employee_role VALUES ('6bf07988-d753-452c-963c-099aa48c8cc7', '76d07a1b-3570-4419-afaa-1f67b3388406', 'e7051ffa-0edb-4ac7-84ed-12c1d3b2b5f8');
INSERT INTO art_ping.employee_role VALUES ('88a149c9-846f-4962-ac7d-967014f3dd52', '76d07a1b-3570-4419-afaa-1f67b3388406', 'eea13552-ad24-4165-bce4-f1b22776739c');
INSERT INTO art_ping.employee (id, first_name, last_name, office_id, user_id, leave_date, updated, login, email, calendar_id) VALUES ('36e2d929-919b-43c3-a4cc-d28911382b29', 'employeeName191', 'employeeLastName191', '51676bfc-910a-46f7-b718-6481818500cd', '90ac7140-02a2-478b-9dfc-40aca5c1dcbe', null, '2021-12-23T15:53:09.830621300', 'testUser191', 'employee191@em.com', '99a0174f-2e1d-479b-9f3b-4cf7ff201016');
INSERT INTO art_ping.employee_role VALUES ('bafee168-06a0-41c4-9024-b458707c0281', '36e2d929-919b-43c3-a4cc-d28911382b29', 'e7051ffa-0edb-4ac7-84ed-12c1d3b2b5f8');
INSERT INTO art_ping.employee_role VALUES ('6e80a048-9efd-41f6-962b-3f8a0a74fc10', '36e2d929-919b-43c3-a4cc-d28911382b29', 'eea13552-ad24-4165-bce4-f1b22776739c');
INSERT INTO art_ping.employee (id, first_name, last_name, office_id, user_id, leave_date, updated, login, email, calendar_id) VALUES ('9a06c2e5-08ac-46c4-9452-e42e0fb76b0f', 'employeeName192', 'employeeLastName192', 'da05bc82-9ca9-4be7-8f97-8e6139a62d71', '10c086c0-290a-4ac1-b93d-3892cf16d26f', null, '2021-12-23T15:53:09.831620900', 'testUser192', 'employee192@em.com', '421f75d2-5320-476c-aa29-3fef2c5c2fb2');
INSERT INTO art_ping.employee_role VALUES ('8c06372e-01c1-4508-9131-998780c726ed', '9a06c2e5-08ac-46c4-9452-e42e0fb76b0f', 'e7051ffa-0edb-4ac7-84ed-12c1d3b2b5f8');
INSERT INTO art_ping.employee_role VALUES ('2f1bad5c-0ffa-4702-a570-851a42b29c24', '9a06c2e5-08ac-46c4-9452-e42e0fb76b0f', 'eea13552-ad24-4165-bce4-f1b22776739c');
INSERT INTO art_ping.employee (id, first_name, last_name, office_id, user_id, leave_date, updated, login, email, calendar_id) VALUES ('8ee3c4a7-58ac-41bf-bbfe-56efd2e3f71a', 'employeeName193', 'employeeLastName193', '6116abc2-c035-4637-b92a-33d0c64c65f3', '2443eee9-1aa1-4b8b-8e66-350e7614369c', null, '2021-12-23T15:53:09.831620900', 'testUser193', 'employee193@em.com', '2d1bcc5c-2962-412f-909b-9c761decd022');
INSERT INTO art_ping.employee_role VALUES ('0093d535-a038-4652-a8f7-e5c2ab57875c', '8ee3c4a7-58ac-41bf-bbfe-56efd2e3f71a', '5b204bc5-6430-4939-aa23-17b1482c6d98');
INSERT INTO art_ping.employee_role VALUES ('17ca412d-31d9-4dd2-9b8a-6b5f71ecd077', '8ee3c4a7-58ac-41bf-bbfe-56efd2e3f71a', '9f4932a6-c650-4cd2-9338-2eefa47aeb35');
INSERT INTO art_ping.employee_role VALUES ('2705e7e0-3d92-461a-afdf-abd5c30aaff0', '8ee3c4a7-58ac-41bf-bbfe-56efd2e3f71a', 'e7051ffa-0edb-4ac7-84ed-12c1d3b2b5f8');
INSERT INTO art_ping.employee_role VALUES ('137a76b3-b8b1-4da9-a237-5606d549bb07', '8ee3c4a7-58ac-41bf-bbfe-56efd2e3f71a', 'eea13552-ad24-4165-bce4-f1b22776739c');
INSERT INTO art_ping.employee (id, first_name, last_name, office_id, user_id, leave_date, updated, login, email, calendar_id) VALUES ('fc6e81f8-e1fd-4d04-b378-3aa9eb3d961a', 'employeeName194', 'employeeLastName194', '0351414f-a5d4-4743-81f0-ea11476b0ba0', 'ce0e6ae0-3fb4-45b3-bb63-2f35fb599199', null, '2021-12-23T15:53:09.831620900', 'testUser194', 'employee194@em.com', '05df20b9-fc6b-4f23-ba1c-af19e01027f8');
INSERT INTO art_ping.employee_role VALUES ('237bb549-9189-42c5-b134-be11000a9218', 'fc6e81f8-e1fd-4d04-b378-3aa9eb3d961a', '992e5c70-7b14-44ae-b2fc-d0c884659841');
INSERT INTO art_ping.employee_role VALUES ('415a26a4-f389-41cc-b24c-92fd0f409608', 'fc6e81f8-e1fd-4d04-b378-3aa9eb3d961a', '5b204bc5-6430-4939-aa23-17b1482c6d98');
INSERT INTO art_ping.employee_role VALUES ('2841e23a-5f93-4755-84a5-b8ffce48e28a', 'fc6e81f8-e1fd-4d04-b378-3aa9eb3d961a', 'eea13552-ad24-4165-bce4-f1b22776739c');
INSERT INTO art_ping.employee (id, first_name, last_name, office_id, user_id, leave_date, updated, login, email, calendar_id) VALUES ('7c2edd62-d898-4ddd-bc8f-91ae0cf6054d', 'employeeName195', 'employeeLastName195', '80d5f265-a957-42e2-ba29-1f77379256a0', '848d9a0d-4667-4dbe-a024-18502fc450b0', null, '2021-12-23T15:53:09.831620900', 'testUser195', 'employee195@em.com', '05df20b9-fc6b-4f23-ba1c-af19e01027f8');
INSERT INTO art_ping.employee_role VALUES ('4dd9b962-3280-4f10-9d68-f42df82adc50', '7c2edd62-d898-4ddd-bc8f-91ae0cf6054d', '5b204bc5-6430-4939-aa23-17b1482c6d98');
INSERT INTO art_ping.employee_role VALUES ('d197c838-2b18-43d7-929c-1a498363dec7', '7c2edd62-d898-4ddd-bc8f-91ae0cf6054d', '9f4932a6-c650-4cd2-9338-2eefa47aeb35');
INSERT INTO art_ping.employee_role VALUES ('acfd40e2-7022-433a-bf7c-64ec533cb9fd', '7c2edd62-d898-4ddd-bc8f-91ae0cf6054d', 'eea13552-ad24-4165-bce4-f1b22776739c');
INSERT INTO art_ping.employee (id, first_name, last_name, office_id, user_id, leave_date, updated, login, email, calendar_id) VALUES ('695ced66-b71b-44b8-9cea-36e7bbb792af', 'employeeName196', 'employeeLastName196', 'b1a7dbcd-c95d-4177-a9a3-a3cd0dcc3c36', '4a3b107f-86cc-4225-bbcc-69b5803e739d', null, '2021-12-23T15:53:09.831620900', 'testUser196', 'employee196@em.com', 'f3d2db0c-1d64-473c-b7c3-9857f65e0d6b');
INSERT INTO art_ping.employee_role VALUES ('af66e656-b952-43c5-912d-88afc277a968', '695ced66-b71b-44b8-9cea-36e7bbb792af', '992e5c70-7b14-44ae-b2fc-d0c884659841');
INSERT INTO art_ping.employee_role VALUES ('4eedf27e-6af5-4c51-bdbe-e54c0ce463d5', '695ced66-b71b-44b8-9cea-36e7bbb792af', '9f4932a6-c650-4cd2-9338-2eefa47aeb35');
INSERT INTO art_ping.employee_role VALUES ('b22358fe-f9c7-49bc-91c1-ecac9e758e1c', '695ced66-b71b-44b8-9cea-36e7bbb792af', 'eea13552-ad24-4165-bce4-f1b22776739c');
INSERT INTO art_ping.employee (id, first_name, last_name, office_id, user_id, leave_date, updated, login, email, calendar_id) VALUES ('dd028c8b-d720-4875-933f-d1b016aa800a', 'employeeName197', 'employeeLastName197', '2f69bca7-888e-4f4f-913b-f6d6aa4abe7a', 'c8cee64e-9d83-4f2d-b173-fd6d1432e5eb', null, '2021-12-23T15:53:09.831620900', 'testUser197', 'employee197@em.com', '68b5b71d-4837-4456-9fbc-9e6a1aa8fad7');
INSERT INTO art_ping.employee_role VALUES ('cbe84df2-fd45-4cc8-8cc1-73f8c4b9a693', 'dd028c8b-d720-4875-933f-d1b016aa800a', '5b204bc5-6430-4939-aa23-17b1482c6d98');
INSERT INTO art_ping.employee_role VALUES ('e88590ea-7da7-4ce5-af23-6625c901673c', 'dd028c8b-d720-4875-933f-d1b016aa800a', '9f4932a6-c650-4cd2-9338-2eefa47aeb35');
INSERT INTO art_ping.employee_role VALUES ('a2537543-33d5-40d8-ac07-dddecd76703e', 'dd028c8b-d720-4875-933f-d1b016aa800a', 'e7051ffa-0edb-4ac7-84ed-12c1d3b2b5f8');
INSERT INTO art_ping.employee_role VALUES ('258c8ae0-a4c2-484d-8452-7a6c350799ec', 'dd028c8b-d720-4875-933f-d1b016aa800a', 'eea13552-ad24-4165-bce4-f1b22776739c');
INSERT INTO art_ping.employee (id, first_name, last_name, office_id, user_id, leave_date, updated, login, email, calendar_id) VALUES ('6cf0f201-a643-4c41-9bb6-297b8c1f18b0', 'employeeName198', 'employeeLastName198', 'e22cb435-330e-4b6c-84fe-71baf198761e', 'aa40ccdc-f09d-429a-bfc0-2978d2396101', null, '2021-12-23T15:53:09.831620900', 'testUser198', 'employee198@em.com', 'c7db0ad7-d973-40a5-a8a0-6308fcf0254e');
INSERT INTO art_ping.employee_role VALUES ('3fe8cdcd-2b39-4320-81ce-9342d2e41177', '6cf0f201-a643-4c41-9bb6-297b8c1f18b0', '992e5c70-7b14-44ae-b2fc-d0c884659841');
INSERT INTO art_ping.employee_role VALUES ('2f38a8d1-638e-4e0e-acf2-161d8ad8d4a2', '6cf0f201-a643-4c41-9bb6-297b8c1f18b0', 'eea13552-ad24-4165-bce4-f1b22776739c');
INSERT INTO art_ping.employee (id, first_name, last_name, office_id, user_id, leave_date, updated, login, email, calendar_id) VALUES ('da9a3888-66b6-490f-940f-c8080ddf34f0', 'employeeName199', 'employeeLastName199', '5ea0b566-b6c7-4108-8623-89f7b9dd82d4', '947ab1fe-98c1-4ff1-818e-6f8e8959cd98', null, '2021-12-23T15:53:09.831620900', 'testUser199', 'employee199@em.com', '2c1aca41-1263-4c14-a164-85ebbe7a2530');
INSERT INTO art_ping.employee_role VALUES ('b0a55469-a8d5-453a-9a7d-234a01a84cb0', 'da9a3888-66b6-490f-940f-c8080ddf34f0', '992e5c70-7b14-44ae-b2fc-d0c884659841');
INSERT INTO art_ping.employee_role VALUES ('40d0627c-d5b1-469c-ba75-d0fd53aa5baf', 'da9a3888-66b6-490f-940f-c8080ddf34f0', '5b204bc5-6430-4939-aa23-17b1482c6d98');
INSERT INTO art_ping.employee_role VALUES ('b07ff8cf-baf8-42b0-b6a9-3760f9e6a998', 'da9a3888-66b6-490f-940f-c8080ddf34f0', 'e7051ffa-0edb-4ac7-84ed-12c1d3b2b5f8');
INSERT INTO art_ping.employee_role VALUES ('bfdad17a-bc71-4ee0-a1d8-df478312722b', 'da9a3888-66b6-490f-940f-c8080ddf34f0', 'eea13552-ad24-4165-bce4-f1b22776739c');
INSERT INTO art_ping.employee (id, first_name, last_name, office_id, user_id, leave_date, updated, login, email, calendar_id) VALUES ('cbee8fe4-4285-4dd7-a761-5845eac12471', 'employeeName200', 'employeeLastName200', '289e1f74-3d8b-4292-a9f1-359e7242cdbf', 'f469852c-cb78-4196-9b67-5c22b6a38adf', null, '2021-12-23T15:53:09.831620900', 'testUser200', 'employee200@em.com', 'f5a49773-6ac0-44ee-a1a7-0884bf581a68');
INSERT INTO art_ping.employee_role VALUES ('1deb13ac-99bb-4548-8325-9e40cf5b2347', 'cbee8fe4-4285-4dd7-a761-5845eac12471', '9f4932a6-c650-4cd2-9338-2eefa47aeb35');
INSERT INTO art_ping.employee_role VALUES ('1515d68a-6fba-487e-8b1a-3126ed00acc0', 'cbee8fe4-4285-4dd7-a761-5845eac12471', 'e7051ffa-0edb-4ac7-84ed-12c1d3b2b5f8');
INSERT INTO art_ping.employee_role VALUES ('a0d524b0-d950-4c8c-9527-d602ad8eec34', 'cbee8fe4-4285-4dd7-a761-5845eac12471', 'eea13552-ad24-4165-bce4-f1b22776739c');
INSERT INTO art_ping.employee (id, first_name, last_name, office_id, user_id, leave_date, updated, login, email, calendar_id) VALUES ('8e2fa457-7a9d-4d54-b2db-9f397833c25b', 'employeeName201', 'employeeLastName201', 'd449a2e1-3a0c-493e-8b31-648769f7096c', '27024f91-0d31-48b0-afd9-9390d4d63ce9', null, '2021-12-23T15:53:09.831620900', 'testUser201', 'employee201@em.com', '65ee8bf0-7ad2-4273-9bf1-cdcf9e2aade3');
INSERT INTO art_ping.employee_role VALUES ('6ce8e501-6776-40e1-9a34-896dba058d58', '8e2fa457-7a9d-4d54-b2db-9f397833c25b', '992e5c70-7b14-44ae-b2fc-d0c884659841');
INSERT INTO art_ping.employee_role VALUES ('5b09a457-9dec-480f-bd76-51c5f9ccf00d', '8e2fa457-7a9d-4d54-b2db-9f397833c25b', '5b204bc5-6430-4939-aa23-17b1482c6d98');
INSERT INTO art_ping.employee_role VALUES ('7da9ae3e-5e1e-471a-9876-0090e37798aa', '8e2fa457-7a9d-4d54-b2db-9f397833c25b', '9f4932a6-c650-4cd2-9338-2eefa47aeb35');
INSERT INTO art_ping.employee_role VALUES ('ae009996-ea07-468e-812a-4989df7fc02c', '8e2fa457-7a9d-4d54-b2db-9f397833c25b', 'e7051ffa-0edb-4ac7-84ed-12c1d3b2b5f8');
INSERT INTO art_ping.employee_role VALUES ('537afdc7-8870-45fc-a052-ceb589661dc9', '8e2fa457-7a9d-4d54-b2db-9f397833c25b', 'eea13552-ad24-4165-bce4-f1b22776739c');
INSERT INTO art_ping.employee (id, first_name, last_name, office_id, user_id, leave_date, updated, login, email, calendar_id) VALUES ('7d7b27db-3dd7-40f0-940e-40fd23583ae0', 'employeeName202', 'employeeLastName202', '74f87505-32d6-48a5-b42b-ff985835fb49', 'e08c3650-34bb-429f-bc5a-57bdd4ad102b', null, '2021-12-23T15:53:09.831620900', 'testUser202', 'employee202@em.com', '98be1f5b-b2aa-417d-af1f-6cbd1069b955');
INSERT INTO art_ping.employee_role VALUES ('30c9e5fa-1521-4c9f-9b25-1eb4b575425f', '7d7b27db-3dd7-40f0-940e-40fd23583ae0', 'eea13552-ad24-4165-bce4-f1b22776739c');
INSERT INTO art_ping.employee (id, first_name, last_name, office_id, user_id, leave_date, updated, login, email, calendar_id) VALUES ('8d4a039e-f3dd-40e4-9fc2-67e88735598f', 'employeeName203', 'employeeLastName203', '22cbf49a-4b99-4d03-9712-72dc442296ec', 'c44ab566-6ba3-4d0d-88e8-fe3933762a10', null, '2021-12-23T15:53:09.831620900', 'testUser203', 'employee203@em.com', 'aa756158-d942-4831-9f7f-4183ac82f6ee');
INSERT INTO art_ping.employee_role VALUES ('fd0945aa-e155-4d1b-ad33-a325b7b34e6d', '8d4a039e-f3dd-40e4-9fc2-67e88735598f', '992e5c70-7b14-44ae-b2fc-d0c884659841');
INSERT INTO art_ping.employee_role VALUES ('32f6e5e9-213d-4a51-b71e-5671c0cb513f', '8d4a039e-f3dd-40e4-9fc2-67e88735598f', '5b204bc5-6430-4939-aa23-17b1482c6d98');
INSERT INTO art_ping.employee_role VALUES ('835e543d-3569-4bbe-97fe-8dd041148eba', '8d4a039e-f3dd-40e4-9fc2-67e88735598f', 'e7051ffa-0edb-4ac7-84ed-12c1d3b2b5f8');
INSERT INTO art_ping.employee_role VALUES ('187e1d72-e0da-4086-a709-03e62880fb3f', '8d4a039e-f3dd-40e4-9fc2-67e88735598f', 'eea13552-ad24-4165-bce4-f1b22776739c');
INSERT INTO art_ping.employee (id, first_name, last_name, office_id, user_id, leave_date, updated, login, email, calendar_id) VALUES ('3cc460d6-ae56-46b0-b03b-9731103c9ed5', 'employeeName204', 'employeeLastName204', '14e3ab54-2e90-44e1-9049-14c123492f3b', '372b807c-5521-4a71-bfa2-98f23095d78f', null, '2021-12-23T15:53:09.831620900', 'testUser204', 'employee204@em.com', '371649ca-7dbe-4b17-bb2e-7b32c5c89692');
INSERT INTO art_ping.employee_role VALUES ('a64c3a5f-5785-4e16-ac60-840781f45c63', '3cc460d6-ae56-46b0-b03b-9731103c9ed5', '992e5c70-7b14-44ae-b2fc-d0c884659841');
INSERT INTO art_ping.employee_role VALUES ('6d997ba7-f40e-4d60-89dd-dac9262c8601', '3cc460d6-ae56-46b0-b03b-9731103c9ed5', '5b204bc5-6430-4939-aa23-17b1482c6d98');
INSERT INTO art_ping.employee_role VALUES ('18efa44e-e198-41c0-b05d-5c5d6348e5df', '3cc460d6-ae56-46b0-b03b-9731103c9ed5', 'eea13552-ad24-4165-bce4-f1b22776739c');
INSERT INTO art_ping.employee (id, first_name, last_name, office_id, user_id, leave_date, updated, login, email, calendar_id) VALUES ('5ef53952-2c57-4e86-abdd-a884a667cdc0', 'employeeName205', 'employeeLastName205', 'b4d174e7-cff6-46ae-b602-6451385afe1c', 'b528901b-22d9-42f0-9c4f-06822958389b', null, '2021-12-23T15:53:09.831620900', 'testUser205', 'employee205@em.com', '65ee8bf0-7ad2-4273-9bf1-cdcf9e2aade3');
INSERT INTO art_ping.employee_role VALUES ('b228d093-c7c6-4d88-9819-76b943d0c3ec', '5ef53952-2c57-4e86-abdd-a884a667cdc0', 'eea13552-ad24-4165-bce4-f1b22776739c');
INSERT INTO art_ping.employee (id, first_name, last_name, office_id, user_id, leave_date, updated, login, email, calendar_id) VALUES ('40decd60-151e-4ad7-8a75-44a1f4483905', 'employeeName206', 'employeeLastName206', 'd2c24b6d-3927-4311-a179-5e1f3168424e', '55b328f9-13a5-4107-9cb9-f675357e8ad2', null, '2021-12-23T15:53:09.831620900', 'testUser206', 'employee206@em.com', '9f9de325-c406-49e9-a3e9-a6b221e50c64');
INSERT INTO art_ping.employee_role VALUES ('b14720ac-7947-4f78-a139-643c57fd3576', '40decd60-151e-4ad7-8a75-44a1f4483905', 'e7051ffa-0edb-4ac7-84ed-12c1d3b2b5f8');
INSERT INTO art_ping.employee_role VALUES ('d35c3aa6-fabb-4679-b1b4-cfa9c9d07917', '40decd60-151e-4ad7-8a75-44a1f4483905', 'eea13552-ad24-4165-bce4-f1b22776739c');
INSERT INTO art_ping.employee (id, first_name, last_name, office_id, user_id, leave_date, updated, login, email, calendar_id) VALUES ('b9b3d71b-2925-4ad9-93d0-603b6ce5c447', 'employeeName207', 'employeeLastName207', '3075ea16-02ea-4629-9891-23274eff1950', '42da8c86-d6e6-464f-981f-162c0a591148', null, '2021-12-23T15:53:09.831620900', 'testUser207', 'employee207@em.com', '4ac89aef-8db7-45fa-a885-8b2769e97674');
INSERT INTO art_ping.employee_role VALUES ('7c1ff70f-e27e-4c23-9327-b1102ba5aa65', 'b9b3d71b-2925-4ad9-93d0-603b6ce5c447', '5b204bc5-6430-4939-aa23-17b1482c6d98');
INSERT INTO art_ping.employee_role VALUES ('bff376ce-a56e-4a41-97e9-bbf270780138', 'b9b3d71b-2925-4ad9-93d0-603b6ce5c447', 'eea13552-ad24-4165-bce4-f1b22776739c');
INSERT INTO art_ping.employee (id, first_name, last_name, office_id, user_id, leave_date, updated, login, email, calendar_id) VALUES ('0a016578-3d13-455f-b13a-520c1d515805', 'employeeName208', 'employeeLastName208', 'd3adb28e-431f-441b-84c9-187fc394deed', '4b0d217d-48b7-46e0-b973-efc33333a284', null, '2021-12-23T15:53:09.831620900', 'testUser208', 'employee208@em.com', '3db70ed9-e956-49eb-9747-fa360a86340e');
INSERT INTO art_ping.employee_role VALUES ('d7c20aa6-72a3-4a94-9a4c-478fa57cbffa', '0a016578-3d13-455f-b13a-520c1d515805', '5b204bc5-6430-4939-aa23-17b1482c6d98');
INSERT INTO art_ping.employee_role VALUES ('443a2262-466e-4792-bf85-1c55eb463ffa', '0a016578-3d13-455f-b13a-520c1d515805', '9f4932a6-c650-4cd2-9338-2eefa47aeb35');
INSERT INTO art_ping.employee_role VALUES ('afb7ac03-3ae0-4b5d-863e-169554b7e96c', '0a016578-3d13-455f-b13a-520c1d515805', 'e7051ffa-0edb-4ac7-84ed-12c1d3b2b5f8');
INSERT INTO art_ping.employee_role VALUES ('fb7afcac-9fe7-42af-bbb4-c3a9b4b3e337', '0a016578-3d13-455f-b13a-520c1d515805', 'eea13552-ad24-4165-bce4-f1b22776739c');
INSERT INTO art_ping.employee (id, first_name, last_name, office_id, user_id, leave_date, updated, login, email, calendar_id) VALUES ('f6a4faa4-2382-4314-b096-41bb5cc149f6', 'employeeName209', 'employeeLastName209', '41d337e8-5467-408e-8e74-32f7fa980182', 'cff1140d-c1c8-48be-bebb-4da4fdfee779', null, '2021-12-23T15:53:09.832621100', 'testUser209', 'employee209@em.com', '3135532f-bdb7-49dd-bce9-6ae43a6b0cf1');
INSERT INTO art_ping.employee_role VALUES ('cad976dd-020f-4f7f-8fc6-71c5418f6c03', 'f6a4faa4-2382-4314-b096-41bb5cc149f6', 'eea13552-ad24-4165-bce4-f1b22776739c');
INSERT INTO art_ping.employee (id, first_name, last_name, office_id, user_id, leave_date, updated, login, email, calendar_id) VALUES ('cea1074e-12e6-4fe6-b872-88c56302025d', 'employeeName210', 'employeeLastName210', '8920ba0b-b7cd-41a2-b238-7e1755c151e5', 'c19e4f0f-d2d5-47ef-b1b4-d7d4d5c01c95', null, '2021-12-23T15:53:09.832621100', 'testUser210', 'employee210@em.com', '2c1aca41-1263-4c14-a164-85ebbe7a2530');
INSERT INTO art_ping.employee_role VALUES ('db5ad7ad-b1d4-4075-917c-99c2e2a5aded', 'cea1074e-12e6-4fe6-b872-88c56302025d', 'eea13552-ad24-4165-bce4-f1b22776739c');
INSERT INTO art_ping.employee (id, first_name, last_name, office_id, user_id, leave_date, updated, login, email, calendar_id) VALUES ('6cf2506e-1085-420b-9252-851e9917bd80', 'employeeName211', 'employeeLastName211', '91387fd7-22a6-4699-bca8-6dd8d1fb1f4f', '94097330-e246-4ae9-90c6-58c020248bba', null, '2021-12-23T15:53:09.832621100', 'testUser211', 'employee211@em.com', 'ea2aee29-940a-4ece-aa24-bf313643c484');
INSERT INTO art_ping.employee_role VALUES ('ad4db6fd-6c1c-4ee4-901f-b909d72ee708', '6cf2506e-1085-420b-9252-851e9917bd80', '9f4932a6-c650-4cd2-9338-2eefa47aeb35');
INSERT INTO art_ping.employee_role VALUES ('bc77e6d4-9eab-46fd-8cf7-948fb9b23501', '6cf2506e-1085-420b-9252-851e9917bd80', 'eea13552-ad24-4165-bce4-f1b22776739c');
INSERT INTO art_ping.employee (id, first_name, last_name, office_id, user_id, leave_date, updated, login, email, calendar_id) VALUES ('93f4e756-2150-4de8-b311-5742ba03a70e', 'employeeName212', 'employeeLastName212', '1fc81eb6-553b-4b46-9b34-73c4164a479e', '52a64910-56b2-483c-8cf0-ebf26bd48e30', null, '2021-12-23T15:53:09.832621100', 'testUser212', 'employee212@em.com', '80b96051-9ddf-40c1-a66b-bc41ef9a3e4b');
INSERT INTO art_ping.employee_role VALUES ('4377f1e7-1421-4968-b992-bf599122bd32', '93f4e756-2150-4de8-b311-5742ba03a70e', '992e5c70-7b14-44ae-b2fc-d0c884659841');
INSERT INTO art_ping.employee_role VALUES ('04128a8c-38be-4e3c-a1e7-ae70b69ad84f', '93f4e756-2150-4de8-b311-5742ba03a70e', 'eea13552-ad24-4165-bce4-f1b22776739c');
INSERT INTO art_ping.employee (id, first_name, last_name, office_id, user_id, leave_date, updated, login, email, calendar_id) VALUES ('dcd7d596-0014-4d32-b3fb-d41fe32db9b0', 'employeeName213', 'employeeLastName213', '3deb78a6-d069-4ce2-bf10-72c8a54e027f', '55d74644-b5a2-415a-9fd3-efc3a649abd7', null, '2021-12-23T15:53:09.832621100', 'testUser213', 'employee213@em.com', '421f75d2-5320-476c-aa29-3fef2c5c2fb2');
INSERT INTO art_ping.employee_role VALUES ('a5f32d28-9cdf-4b44-bd5d-082e67e38957', 'dcd7d596-0014-4d32-b3fb-d41fe32db9b0', 'e7051ffa-0edb-4ac7-84ed-12c1d3b2b5f8');
INSERT INTO art_ping.employee_role VALUES ('7e4d6701-365c-4fc3-9b12-5221511d0f44', 'dcd7d596-0014-4d32-b3fb-d41fe32db9b0', 'eea13552-ad24-4165-bce4-f1b22776739c');
INSERT INTO art_ping.employee (id, first_name, last_name, office_id, user_id, leave_date, updated, login, email, calendar_id) VALUES ('3237697f-4825-4b39-82d4-363dcb46f4f7', 'employeeName214', 'employeeLastName214', 'c131280e-ecf7-4e3e-81d9-9280ef403388', '7b79c55e-643f-4b49-ae1e-78ca26ec65f7', null, '2021-12-23T15:53:09.832621100', 'testUser214', 'employee214@em.com', '806ef06a-7883-442e-ba1e-c983de46014a');
INSERT INTO art_ping.employee_role VALUES ('370fa734-083b-4924-902b-68fba385b663', '3237697f-4825-4b39-82d4-363dcb46f4f7', '9f4932a6-c650-4cd2-9338-2eefa47aeb35');
INSERT INTO art_ping.employee_role VALUES ('c58ffafc-c8f6-4aa2-a607-69ec413d6263', '3237697f-4825-4b39-82d4-363dcb46f4f7', 'e7051ffa-0edb-4ac7-84ed-12c1d3b2b5f8');
INSERT INTO art_ping.employee_role VALUES ('4c605385-3e39-4eb7-934d-f579f71440f0', '3237697f-4825-4b39-82d4-363dcb46f4f7', 'eea13552-ad24-4165-bce4-f1b22776739c');
INSERT INTO art_ping.employee (id, first_name, last_name, office_id, user_id, leave_date, updated, login, email, calendar_id) VALUES ('48abdbe1-8aaf-44d3-8071-cfbc0f9a904f', 'employeeName215', 'employeeLastName215', 'c811ed32-9c4e-4f40-9bbc-64b72c39ac92', '39b7698f-ebb3-40d0-837c-22a492ede4b6', null, '2021-12-23T15:53:09.832621100', 'testUser215', 'employee215@em.com', 'a96491c5-2ce0-457e-a326-8aa8f88ecc7e');
INSERT INTO art_ping.employee_role VALUES ('ad40f52f-6867-4a40-9652-c1950b0a0555', '48abdbe1-8aaf-44d3-8071-cfbc0f9a904f', 'e7051ffa-0edb-4ac7-84ed-12c1d3b2b5f8');
INSERT INTO art_ping.employee_role VALUES ('102764db-eee3-4bea-82e6-141dea84cf82', '48abdbe1-8aaf-44d3-8071-cfbc0f9a904f', 'eea13552-ad24-4165-bce4-f1b22776739c');
INSERT INTO art_ping.employee (id, first_name, last_name, office_id, user_id, leave_date, updated, login, email, calendar_id) VALUES ('0d878bc5-1550-4162-b0c2-37ef0a86734e', 'employeeName216', 'employeeLastName216', '9cd1819f-16f8-4f79-b6f4-2773c728aab8', '7d4cc204-60b0-419b-9af2-e18ad8c55dba', null, '2021-12-23T15:53:09.832621100', 'testUser216', 'employee216@em.com', '59d790cd-59e4-4c12-b6ca-ba6b5e077ff4');
INSERT INTO art_ping.employee_role VALUES ('b52db699-8c35-4339-849b-37edd744b69b', '0d878bc5-1550-4162-b0c2-37ef0a86734e', '992e5c70-7b14-44ae-b2fc-d0c884659841');
INSERT INTO art_ping.employee_role VALUES ('08c86226-e41b-447c-a9bf-7c2aad4199d6', '0d878bc5-1550-4162-b0c2-37ef0a86734e', '5b204bc5-6430-4939-aa23-17b1482c6d98');
INSERT INTO art_ping.employee_role VALUES ('35fa90a0-91a4-49da-91f3-e0c9175c8c26', '0d878bc5-1550-4162-b0c2-37ef0a86734e', '9f4932a6-c650-4cd2-9338-2eefa47aeb35');
INSERT INTO art_ping.employee_role VALUES ('3e566890-8377-4036-88b7-6ae90804a504', '0d878bc5-1550-4162-b0c2-37ef0a86734e', 'eea13552-ad24-4165-bce4-f1b22776739c');
INSERT INTO art_ping.employee (id, first_name, last_name, office_id, user_id, leave_date, updated, login, email, calendar_id) VALUES ('5a9b6125-02bc-4c94-872b-cff8f59bf804', 'employeeName217', 'employeeLastName217', '4a4741c0-e409-4f61-8c9c-0008b71134a7', '2d227b71-eaad-49ab-9cac-74addc62fc31', null, '2021-12-23T15:53:09.832621100', 'testUser217', 'employee217@em.com', 'c4081bc8-eeb0-4e36-a78c-0734328a46fe');
INSERT INTO art_ping.employee_role VALUES ('895dd434-f531-4a0f-92a7-b15b163e6365', '5a9b6125-02bc-4c94-872b-cff8f59bf804', '9f4932a6-c650-4cd2-9338-2eefa47aeb35');
INSERT INTO art_ping.employee_role VALUES ('4e508ceb-efb9-4070-8457-edfaac8735e1', '5a9b6125-02bc-4c94-872b-cff8f59bf804', 'e7051ffa-0edb-4ac7-84ed-12c1d3b2b5f8');
INSERT INTO art_ping.employee_role VALUES ('465058c2-3a57-4af6-bb5e-64bb28e2ec6e', '5a9b6125-02bc-4c94-872b-cff8f59bf804', 'eea13552-ad24-4165-bce4-f1b22776739c');
INSERT INTO art_ping.employee (id, first_name, last_name, office_id, user_id, leave_date, updated, login, email, calendar_id) VALUES ('50fdbdbe-cd9f-43c4-a5d6-5739de4e047a', 'employeeName218', 'employeeLastName218', '8942dce9-aa40-482e-9977-0a96c6260b8c', '91d87c1a-9142-4d7c-b579-6026e9592449', null, '2021-12-23T15:53:09.832621100', 'testUser218', 'employee218@em.com', '57097e39-04a1-497c-aa12-d266685b7c85');
INSERT INTO art_ping.employee_role VALUES ('0b12bf13-08ef-4831-9aa0-4570fbccee6a', '50fdbdbe-cd9f-43c4-a5d6-5739de4e047a', '992e5c70-7b14-44ae-b2fc-d0c884659841');
INSERT INTO art_ping.employee_role VALUES ('c3665d22-a539-4b26-9155-120c0d578be4', '50fdbdbe-cd9f-43c4-a5d6-5739de4e047a', '9f4932a6-c650-4cd2-9338-2eefa47aeb35');
INSERT INTO art_ping.employee_role VALUES ('3220b21e-2201-462a-9384-c941e62790d1', '50fdbdbe-cd9f-43c4-a5d6-5739de4e047a', 'e7051ffa-0edb-4ac7-84ed-12c1d3b2b5f8');
INSERT INTO art_ping.employee_role VALUES ('e569e9bd-0e26-40ba-9b66-64dc41986dfd', '50fdbdbe-cd9f-43c4-a5d6-5739de4e047a', 'eea13552-ad24-4165-bce4-f1b22776739c');
INSERT INTO art_ping.employee (id, first_name, last_name, office_id, user_id, leave_date, updated, login, email, calendar_id) VALUES ('c5f2ad86-5440-4a19-a53f-60fd90dd693f', 'employeeName219', 'employeeLastName219', '22cbf49a-4b99-4d03-9712-72dc442296ec', '7e2829b6-3b23-4489-a7a2-7a5283b8a50d', null, '2021-12-23T15:53:09.832621100', 'testUser219', 'employee219@em.com', 'aa756158-d942-4831-9f7f-4183ac82f6ee');
INSERT INTO art_ping.employee_role VALUES ('ce348136-22c0-4c78-b072-39ba2c0795a4', 'c5f2ad86-5440-4a19-a53f-60fd90dd693f', '5b204bc5-6430-4939-aa23-17b1482c6d98');
INSERT INTO art_ping.employee_role VALUES ('0e3e82bf-00a7-4713-bb8e-6a04f61f0f82', 'c5f2ad86-5440-4a19-a53f-60fd90dd693f', '9f4932a6-c650-4cd2-9338-2eefa47aeb35');
INSERT INTO art_ping.employee_role VALUES ('3f36137e-3adc-47c7-b7d0-a25acf73e07e', 'c5f2ad86-5440-4a19-a53f-60fd90dd693f', 'eea13552-ad24-4165-bce4-f1b22776739c');
INSERT INTO art_ping.employee (id, first_name, last_name, office_id, user_id, leave_date, updated, login, email, calendar_id) VALUES ('6beb736f-c2f9-4b54-a9e5-de76dab5e416', 'employeeName220', 'employeeLastName220', '4496e95d-5668-4740-95a9-5119b4478e4b', '9d4033bf-60ae-432e-9e28-5d6cef2842da', null, '2021-12-23T15:53:09.832621100', 'testUser220', 'employee220@em.com', 'a79ab46d-0e03-43d8-ab08-fb8e63f4cfa4');
INSERT INTO art_ping.employee_role VALUES ('d6e1d20b-f05a-4555-bb20-c4dc842d95a7', '6beb736f-c2f9-4b54-a9e5-de76dab5e416', '992e5c70-7b14-44ae-b2fc-d0c884659841');
INSERT INTO art_ping.employee_role VALUES ('086f3c48-4871-4212-b3a5-457ff28dd052', '6beb736f-c2f9-4b54-a9e5-de76dab5e416', '9f4932a6-c650-4cd2-9338-2eefa47aeb35');
INSERT INTO art_ping.employee_role VALUES ('4c695ad7-656a-46cd-bb20-6b00f7e030ae', '6beb736f-c2f9-4b54-a9e5-de76dab5e416', 'e7051ffa-0edb-4ac7-84ed-12c1d3b2b5f8');
INSERT INTO art_ping.employee_role VALUES ('c8aa430c-89a6-41ef-830b-0b3bd5721a18', '6beb736f-c2f9-4b54-a9e5-de76dab5e416', 'eea13552-ad24-4165-bce4-f1b22776739c');
INSERT INTO art_ping.employee (id, first_name, last_name, office_id, user_id, leave_date, updated, login, email, calendar_id) VALUES ('b2cb052c-5cd3-47c7-ad21-1f72c33135c8', 'employeeName221', 'employeeLastName221', 'c4d28208-496e-454e-8cfb-546187654fa3', 'efc81698-f65c-41d2-a491-cccb7204d428', null, '2021-12-23T15:53:09.832621100', 'testUser221', 'employee221@em.com', '1e556459-8c32-4b8a-b222-3fcd1967615e');
INSERT INTO art_ping.employee_role VALUES ('fafa6fc9-f1a9-4ec0-b12a-405fdd19b4ec', 'b2cb052c-5cd3-47c7-ad21-1f72c33135c8', '9f4932a6-c650-4cd2-9338-2eefa47aeb35');
INSERT INTO art_ping.employee_role VALUES ('9bfe310b-f795-4ac3-8882-2ad173e02e8e', 'b2cb052c-5cd3-47c7-ad21-1f72c33135c8', 'e7051ffa-0edb-4ac7-84ed-12c1d3b2b5f8');
INSERT INTO art_ping.employee_role VALUES ('36481fff-39ca-4027-9565-447aee0e3315', 'b2cb052c-5cd3-47c7-ad21-1f72c33135c8', 'eea13552-ad24-4165-bce4-f1b22776739c');
INSERT INTO art_ping.employee (id, first_name, last_name, office_id, user_id, leave_date, updated, login, email, calendar_id) VALUES ('4525153b-7d9b-4dc3-b4cf-6ffc64f39c28', 'employeeName222', 'employeeLastName222', '6d7a45c3-e980-4081-b732-d812adb0539f', '7690acd2-a8ba-488e-bbb8-b109e35933b7', null, '2021-12-23T15:53:09.832621100', 'testUser222', 'employee222@em.com', '2c2404ba-8694-423e-b76e-071baeb79ea3');
INSERT INTO art_ping.employee_role VALUES ('d5128379-af30-454e-a695-6d6d295520d3', '4525153b-7d9b-4dc3-b4cf-6ffc64f39c28', '5b204bc5-6430-4939-aa23-17b1482c6d98');
INSERT INTO art_ping.employee_role VALUES ('47b80acd-f08f-4ccd-b377-c4707caf5d78', '4525153b-7d9b-4dc3-b4cf-6ffc64f39c28', '9f4932a6-c650-4cd2-9338-2eefa47aeb35');
INSERT INTO art_ping.employee_role VALUES ('3d7e6e02-f1f3-45ec-96e8-fa3b63636a98', '4525153b-7d9b-4dc3-b4cf-6ffc64f39c28', 'e7051ffa-0edb-4ac7-84ed-12c1d3b2b5f8');
INSERT INTO art_ping.employee_role VALUES ('ad2a38ee-17f8-45d8-a558-f9f411266796', '4525153b-7d9b-4dc3-b4cf-6ffc64f39c28', 'eea13552-ad24-4165-bce4-f1b22776739c');
INSERT INTO art_ping.employee (id, first_name, last_name, office_id, user_id, leave_date, updated, login, email, calendar_id) VALUES ('a9190978-5c24-44a5-a2c4-75739f690ee7', 'employeeName223', 'employeeLastName223', 'a05b4a13-143d-42e2-b67e-a7badc0a28b4', '6228665d-81b4-4893-9bd0-15aa4fcf725a', null, '2021-12-23T15:53:09.832621100', 'testUser223', 'employee223@em.com', '2d1bcc5c-2962-412f-909b-9c761decd022');
INSERT INTO art_ping.employee_role VALUES ('29dbe233-3afd-4d55-ab9d-b097590e45f8', 'a9190978-5c24-44a5-a2c4-75739f690ee7', '992e5c70-7b14-44ae-b2fc-d0c884659841');
INSERT INTO art_ping.employee_role VALUES ('2c5cd831-1568-4d6e-8665-432a0ddf65da', 'a9190978-5c24-44a5-a2c4-75739f690ee7', '9f4932a6-c650-4cd2-9338-2eefa47aeb35');
INSERT INTO art_ping.employee_role VALUES ('9614b5bd-df56-4bb8-bd9c-bf07ecc700ee', 'a9190978-5c24-44a5-a2c4-75739f690ee7', 'eea13552-ad24-4165-bce4-f1b22776739c');
INSERT INTO art_ping.employee (id, first_name, last_name, office_id, user_id, leave_date, updated, login, email, calendar_id) VALUES ('b461a3ce-c839-42b2-8f14-96886d8f4f09', 'employeeName224', 'employeeLastName224', 'eb4ee13b-f64f-41a9-96c0-d24923da0328', 'c213edd0-8ac2-40ab-b11b-dcdd917e2133', null, '2021-12-23T15:53:09.832621100', 'testUser224', 'employee224@em.com', 'ea2aee29-940a-4ece-aa24-bf313643c484');
INSERT INTO art_ping.employee_role VALUES ('f7e04d13-7e89-4a0c-a1f5-806d1e75a9d6', 'b461a3ce-c839-42b2-8f14-96886d8f4f09', '5b204bc5-6430-4939-aa23-17b1482c6d98');
INSERT INTO art_ping.employee_role VALUES ('4b58d7a5-bd52-44f7-9ed7-c50d6b3bc231', 'b461a3ce-c839-42b2-8f14-96886d8f4f09', '9f4932a6-c650-4cd2-9338-2eefa47aeb35');
INSERT INTO art_ping.employee_role VALUES ('3953130d-542b-428f-b4a5-f36e3aa1a832', 'b461a3ce-c839-42b2-8f14-96886d8f4f09', 'eea13552-ad24-4165-bce4-f1b22776739c');
INSERT INTO art_ping.employee (id, first_name, last_name, office_id, user_id, leave_date, updated, login, email, calendar_id) VALUES ('2f4d0c07-8885-4053-bb24-5dde69432d8d', 'employeeName225', 'employeeLastName225', 'c811ed32-9c4e-4f40-9bbc-64b72c39ac92', 'a2991ec7-53de-44ad-bfc5-d8af05a23ab8', null, '2021-12-23T15:53:09.832621100', 'testUser225', 'employee225@em.com', 'a96491c5-2ce0-457e-a326-8aa8f88ecc7e');
INSERT INTO art_ping.employee_role VALUES ('ce8df4d3-f294-4adf-a9a5-d3f839849b8f', '2f4d0c07-8885-4053-bb24-5dde69432d8d', '992e5c70-7b14-44ae-b2fc-d0c884659841');
INSERT INTO art_ping.employee_role VALUES ('6fce8533-59aa-4272-8584-0d83a8d1d628', '2f4d0c07-8885-4053-bb24-5dde69432d8d', '5b204bc5-6430-4939-aa23-17b1482c6d98');
INSERT INTO art_ping.employee_role VALUES ('acff19c7-0e60-4e4c-84b2-f30aee1c7d03', '2f4d0c07-8885-4053-bb24-5dde69432d8d', 'eea13552-ad24-4165-bce4-f1b22776739c');
INSERT INTO art_ping.employee (id, first_name, last_name, office_id, user_id, leave_date, updated, login, email, calendar_id) VALUES ('8b1fa245-7c54-4fba-a76d-5fb65be1bfb2', 'employeeName226', 'employeeLastName226', 'c4d28208-496e-454e-8cfb-546187654fa3', '912df71b-a971-4228-98e2-d23cc63705f0', null, '2021-12-23T15:53:09.832621100', 'testUser226', 'employee226@em.com', '1e556459-8c32-4b8a-b222-3fcd1967615e');
INSERT INTO art_ping.employee_role VALUES ('3e7e9577-6b92-4a9d-8241-c5052d087fe9', '8b1fa245-7c54-4fba-a76d-5fb65be1bfb2', '992e5c70-7b14-44ae-b2fc-d0c884659841');
INSERT INTO art_ping.employee_role VALUES ('7e994092-c405-4685-9944-8eb81169773d', '8b1fa245-7c54-4fba-a76d-5fb65be1bfb2', '5b204bc5-6430-4939-aa23-17b1482c6d98');
INSERT INTO art_ping.employee_role VALUES ('0ca50218-acf0-4d07-b400-3ee7e0a0939e', '8b1fa245-7c54-4fba-a76d-5fb65be1bfb2', 'e7051ffa-0edb-4ac7-84ed-12c1d3b2b5f8');
INSERT INTO art_ping.employee_role VALUES ('47cbf12e-9b44-4730-bf7f-7bea722fad47', '8b1fa245-7c54-4fba-a76d-5fb65be1bfb2', 'eea13552-ad24-4165-bce4-f1b22776739c');
INSERT INTO art_ping.employee (id, first_name, last_name, office_id, user_id, leave_date, updated, login, email, calendar_id) VALUES ('ee18821c-2fac-45b7-93ce-d2c6f213b7a2', 'employeeName227', 'employeeLastName227', '4846fab2-b454-4601-ab7e-6e0f47bf54e9', 'dc9ab336-8eb6-4e3e-b3d4-3e27f9a90c41', null, '2021-12-23T15:53:09.832621100', 'testUser227', 'employee227@em.com', 'a96491c5-2ce0-457e-a326-8aa8f88ecc7e');
INSERT INTO art_ping.employee_role VALUES ('7f5ab1fa-4c3f-4d5b-bcb2-f134d0015945', 'ee18821c-2fac-45b7-93ce-d2c6f213b7a2', '992e5c70-7b14-44ae-b2fc-d0c884659841');
INSERT INTO art_ping.employee_role VALUES ('1a7d662b-cc69-49ab-a1de-92ca7a8e4570', 'ee18821c-2fac-45b7-93ce-d2c6f213b7a2', '5b204bc5-6430-4939-aa23-17b1482c6d98');
INSERT INTO art_ping.employee_role VALUES ('488d66fe-9fb9-4b58-9315-92e1cf5f807b', 'ee18821c-2fac-45b7-93ce-d2c6f213b7a2', '9f4932a6-c650-4cd2-9338-2eefa47aeb35');
INSERT INTO art_ping.employee_role VALUES ('5cbb7047-460e-4497-92d7-8c6983031e66', 'ee18821c-2fac-45b7-93ce-d2c6f213b7a2', 'eea13552-ad24-4165-bce4-f1b22776739c');
INSERT INTO art_ping.employee (id, first_name, last_name, office_id, user_id, leave_date, updated, login, email, calendar_id) VALUES ('305804cb-4401-4585-b0a1-6cf519174104', 'employeeName228', 'employeeLastName228', 'e8c8fcb7-16df-4938-8359-aecd0b12d902', '5a892822-c8cb-4ff3-a2b5-a38a796b030d', null, '2021-12-23T15:53:09.833621300', 'testUser228', 'employee228@em.com', '3135532f-bdb7-49dd-bce9-6ae43a6b0cf1');
INSERT INTO art_ping.employee_role VALUES ('0972b98a-03a3-42d4-aa12-907c6039b586', '305804cb-4401-4585-b0a1-6cf519174104', '5b204bc5-6430-4939-aa23-17b1482c6d98');
INSERT INTO art_ping.employee_role VALUES ('088dbbc3-2674-4158-955c-b596542d626d', '305804cb-4401-4585-b0a1-6cf519174104', 'eea13552-ad24-4165-bce4-f1b22776739c');
INSERT INTO art_ping.employee (id, first_name, last_name, office_id, user_id, leave_date, updated, login, email, calendar_id) VALUES ('6788fe9e-0b6d-4091-9d2d-b7b395b0d6b9', 'employeeName229', 'employeeLastName229', '2aef5463-b140-4f5e-8987-03f1b7e00352', '2674527c-24b2-47ae-8d28-cc731a04d96f', null, '2021-12-23T15:53:09.833621300', 'testUser229', 'employee229@em.com', '9f9de325-c406-49e9-a3e9-a6b221e50c64');
INSERT INTO art_ping.employee_role VALUES ('f2f52246-c65b-4008-ae54-6ad44165b97a', '6788fe9e-0b6d-4091-9d2d-b7b395b0d6b9', '992e5c70-7b14-44ae-b2fc-d0c884659841');
INSERT INTO art_ping.employee_role VALUES ('38a978bb-2726-4324-9da6-f146869bd8b7', '6788fe9e-0b6d-4091-9d2d-b7b395b0d6b9', '5b204bc5-6430-4939-aa23-17b1482c6d98');
INSERT INTO art_ping.employee_role VALUES ('d390da3a-4029-4a61-a2aa-d76ce35a9f48', '6788fe9e-0b6d-4091-9d2d-b7b395b0d6b9', '9f4932a6-c650-4cd2-9338-2eefa47aeb35');
INSERT INTO art_ping.employee_role VALUES ('4ac7dc39-4ff9-4e27-a3fd-33bdc6b2a388', '6788fe9e-0b6d-4091-9d2d-b7b395b0d6b9', 'e7051ffa-0edb-4ac7-84ed-12c1d3b2b5f8');
INSERT INTO art_ping.employee_role VALUES ('f2d7b583-3ad3-45e9-b1e2-07464348fd83', '6788fe9e-0b6d-4091-9d2d-b7b395b0d6b9', 'eea13552-ad24-4165-bce4-f1b22776739c');
INSERT INTO art_ping.employee (id, first_name, last_name, office_id, user_id, leave_date, updated, login, email, calendar_id) VALUES ('71825d81-7080-4395-85db-0677974028fb', 'employeeName230', 'employeeLastName230', 'ccc0bf03-5e58-4ab7-9351-3a6ce0761de1', '738fbaf0-7073-48dd-be1e-6b2b9f03ad14', null, '2021-12-23T15:53:09.833621300', 'testUser230', 'employee230@em.com', '2c1aca41-1263-4c14-a164-85ebbe7a2530');
INSERT INTO art_ping.employee_role VALUES ('3bfdaade-e1aa-4cd5-ae88-e157ffaedb50', '71825d81-7080-4395-85db-0677974028fb', '992e5c70-7b14-44ae-b2fc-d0c884659841');
INSERT INTO art_ping.employee_role VALUES ('fe65de05-2ee3-4cf1-a3eb-429131a1dc47', '71825d81-7080-4395-85db-0677974028fb', '9f4932a6-c650-4cd2-9338-2eefa47aeb35');
INSERT INTO art_ping.employee_role VALUES ('e5a95c46-0428-4ec6-8e26-57fa5a39480c', '71825d81-7080-4395-85db-0677974028fb', 'e7051ffa-0edb-4ac7-84ed-12c1d3b2b5f8');
INSERT INTO art_ping.employee_role VALUES ('d9d1f151-a7ea-492f-b166-53b6767feb34', '71825d81-7080-4395-85db-0677974028fb', 'eea13552-ad24-4165-bce4-f1b22776739c');
INSERT INTO art_ping.employee (id, first_name, last_name, office_id, user_id, leave_date, updated, login, email, calendar_id) VALUES ('c015fe98-c89a-4f48-a784-fbc0111a03ea', 'employeeName231', 'employeeLastName231', 'f4d71312-d8e1-4ee0-b15a-4549da956833', '16fcfa12-52b3-48a3-8644-5ec93544936b', null, '2021-12-23T15:53:09.833621300', 'testUser231', 'employee231@em.com', '2b982fe7-abbb-4373-ad5d-ed2abbc38242');
INSERT INTO art_ping.employee_role VALUES ('d6d73c0f-1cc9-44a7-b514-a9d4984fe4f2', 'c015fe98-c89a-4f48-a784-fbc0111a03ea', 'e7051ffa-0edb-4ac7-84ed-12c1d3b2b5f8');
INSERT INTO art_ping.employee_role VALUES ('0720a800-e8c4-4fb5-8881-a5ef72e7bf81', 'c015fe98-c89a-4f48-a784-fbc0111a03ea', 'eea13552-ad24-4165-bce4-f1b22776739c');
INSERT INTO art_ping.employee (id, first_name, last_name, office_id, user_id, leave_date, updated, login, email, calendar_id) VALUES ('41cfd1b0-cc08-4dce-a5be-82b58b374970', 'employeeName232', 'employeeLastName232', '9ea57043-fddb-4a55-9ca3-1a3f656d8fa8', 'e79fa6a5-d1d1-4a99-96ff-878428cf10ec', null, '2021-12-23T15:53:09.833621300', 'testUser232', 'employee232@em.com', 'f3d2db0c-1d64-473c-b7c3-9857f65e0d6b');
INSERT INTO art_ping.employee_role VALUES ('9ca10f79-79cd-4de6-8554-7402c53c348a', '41cfd1b0-cc08-4dce-a5be-82b58b374970', '5b204bc5-6430-4939-aa23-17b1482c6d98');
INSERT INTO art_ping.employee_role VALUES ('80904806-a0a2-4f98-be8f-3fd7002f0521', '41cfd1b0-cc08-4dce-a5be-82b58b374970', 'e7051ffa-0edb-4ac7-84ed-12c1d3b2b5f8');
INSERT INTO art_ping.employee_role VALUES ('ac2d8c0b-15ee-4aac-a04f-64727ba8787c', '41cfd1b0-cc08-4dce-a5be-82b58b374970', 'eea13552-ad24-4165-bce4-f1b22776739c');
INSERT INTO art_ping.employee (id, first_name, last_name, office_id, user_id, leave_date, updated, login, email, calendar_id) VALUES ('e94eaf5e-e5b2-4db0-be81-ec0a0972d75e', 'employeeName233', 'employeeLastName233', '2f69bca7-888e-4f4f-913b-f6d6aa4abe7a', 'b6f1838d-9cb7-4164-b1fa-e8280af16de0', null, '2021-12-23T15:53:09.833621300', 'testUser233', 'employee233@em.com', '68b5b71d-4837-4456-9fbc-9e6a1aa8fad7');
INSERT INTO art_ping.employee_role VALUES ('a059f76e-2bb3-4573-a89c-cceb9ad1c181', 'e94eaf5e-e5b2-4db0-be81-ec0a0972d75e', '5b204bc5-6430-4939-aa23-17b1482c6d98');
INSERT INTO art_ping.employee_role VALUES ('49993894-c96b-405d-a491-ef53535662a3', 'e94eaf5e-e5b2-4db0-be81-ec0a0972d75e', 'eea13552-ad24-4165-bce4-f1b22776739c');
INSERT INTO art_ping.employee (id, first_name, last_name, office_id, user_id, leave_date, updated, login, email, calendar_id) VALUES ('3a59ad8e-4d52-442e-a860-dc5cd2d2d9cb', 'employeeName234', 'employeeLastName234', '2091731c-66c6-4505-ae0b-83efbbd8f3d5', 'd891f045-c727-43c1-8f69-a565b0bf41bc', null, '2021-12-23T15:53:09.833621300', 'testUser234', 'employee234@em.com', '1e556459-8c32-4b8a-b222-3fcd1967615e');
INSERT INTO art_ping.employee_role VALUES ('fda93e58-eacd-4f55-bea9-dcabe8c359ad', '3a59ad8e-4d52-442e-a860-dc5cd2d2d9cb', '992e5c70-7b14-44ae-b2fc-d0c884659841');
INSERT INTO art_ping.employee_role VALUES ('10df6436-c20c-42f5-95d3-8bdbc0e9276d', '3a59ad8e-4d52-442e-a860-dc5cd2d2d9cb', '5b204bc5-6430-4939-aa23-17b1482c6d98');
INSERT INTO art_ping.employee_role VALUES ('f99f64eb-7d1c-4a68-a0d1-059bf75a8afd', '3a59ad8e-4d52-442e-a860-dc5cd2d2d9cb', '9f4932a6-c650-4cd2-9338-2eefa47aeb35');
INSERT INTO art_ping.employee_role VALUES ('86a7cc0d-af07-4ff6-8f45-13c7e1676e65', '3a59ad8e-4d52-442e-a860-dc5cd2d2d9cb', 'eea13552-ad24-4165-bce4-f1b22776739c');
INSERT INTO art_ping.employee (id, first_name, last_name, office_id, user_id, leave_date, updated, login, email, calendar_id) VALUES ('75bca82a-fe34-425a-a230-6a38050796e1', 'employeeName235', 'employeeLastName235', '9e33e232-86d8-4527-b39a-2283d604603e', '35ef731b-0477-4c6a-97c5-cc735ca31716', null, '2021-12-23T15:53:09.833621300', 'testUser235', 'employee235@em.com', '68b5b71d-4837-4456-9fbc-9e6a1aa8fad7');
INSERT INTO art_ping.employee_role VALUES ('6894133c-caf3-46de-a672-85f4cee33cf2', '75bca82a-fe34-425a-a230-6a38050796e1', '992e5c70-7b14-44ae-b2fc-d0c884659841');
INSERT INTO art_ping.employee_role VALUES ('302ee411-ff97-4cae-a435-07ee0c3b4296', '75bca82a-fe34-425a-a230-6a38050796e1', '9f4932a6-c650-4cd2-9338-2eefa47aeb35');
INSERT INTO art_ping.employee_role VALUES ('2e3e6fdf-e6f1-45f1-9d13-2e9ff8303bb3', '75bca82a-fe34-425a-a230-6a38050796e1', 'e7051ffa-0edb-4ac7-84ed-12c1d3b2b5f8');
INSERT INTO art_ping.employee_role VALUES ('e7d49ec1-5f4b-4779-a4d0-9e5edc44349c', '75bca82a-fe34-425a-a230-6a38050796e1', 'eea13552-ad24-4165-bce4-f1b22776739c');
INSERT INTO art_ping.employee (id, first_name, last_name, office_id, user_id, leave_date, updated, login, email, calendar_id) VALUES ('84f9873e-cac9-467a-b5f5-5cf2383ec72c', 'employeeName236', 'employeeLastName236', 'c98cbf70-8ea2-4f2f-9309-61e51ed5c356', 'bd7c7be5-a96a-4da2-aa2a-8e0ee8fef25a', null, '2021-12-23T15:53:09.833621300', 'testUser236', 'employee236@em.com', '9eed65bb-b911-4f54-922e-a4f28c76e64b');
INSERT INTO art_ping.employee_role VALUES ('e89ced58-ec71-428b-ae69-c18f1d3de3e5', '84f9873e-cac9-467a-b5f5-5cf2383ec72c', '992e5c70-7b14-44ae-b2fc-d0c884659841');
INSERT INTO art_ping.employee_role VALUES ('99cd4d16-03ab-41cc-b68c-112b42fc34bf', '84f9873e-cac9-467a-b5f5-5cf2383ec72c', '9f4932a6-c650-4cd2-9338-2eefa47aeb35');
INSERT INTO art_ping.employee_role VALUES ('07a67666-ee89-41f4-9daa-df5d0ea23a31', '84f9873e-cac9-467a-b5f5-5cf2383ec72c', 'e7051ffa-0edb-4ac7-84ed-12c1d3b2b5f8');
INSERT INTO art_ping.employee_role VALUES ('94933e45-108a-42ff-9bbd-dd09b992a84f', '84f9873e-cac9-467a-b5f5-5cf2383ec72c', 'eea13552-ad24-4165-bce4-f1b22776739c');
INSERT INTO art_ping.employee (id, first_name, last_name, office_id, user_id, leave_date, updated, login, email, calendar_id) VALUES ('40bf09a0-3331-4752-9542-97396ed2067c', 'employeeName237', 'employeeLastName237', '331a3e22-12e3-4eb1-8aef-f4189764c6e0', '721099dd-5971-4f09-8003-0529a44fd72e', null, '2021-12-23T15:53:09.833621300', 'testUser237', 'employee237@em.com', '80b96051-9ddf-40c1-a66b-bc41ef9a3e4b');
INSERT INTO art_ping.employee_role VALUES ('f505f11c-224d-4ece-86df-6cd02a1cf92a', '40bf09a0-3331-4752-9542-97396ed2067c', '9f4932a6-c650-4cd2-9338-2eefa47aeb35');
INSERT INTO art_ping.employee_role VALUES ('af4d1584-fb0e-40e6-9605-05c3b946ccdb', '40bf09a0-3331-4752-9542-97396ed2067c', 'eea13552-ad24-4165-bce4-f1b22776739c');
INSERT INTO art_ping.employee (id, first_name, last_name, office_id, user_id, leave_date, updated, login, email, calendar_id) VALUES ('0c821e0c-2b09-4292-be75-7b83ab2d548a', 'employeeName238', 'employeeLastName238', 'ed1ce9bd-b668-4763-a893-9acbe0960766', '09261af2-df7b-44f2-9937-c696a5f938d1', null, '2021-12-23T15:53:09.833621300', 'testUser238', 'employee238@em.com', '65ee8bf0-7ad2-4273-9bf1-cdcf9e2aade3');
INSERT INTO art_ping.employee_role VALUES ('95322a33-8b16-4d73-bf5a-b129462b146f', '0c821e0c-2b09-4292-be75-7b83ab2d548a', 'e7051ffa-0edb-4ac7-84ed-12c1d3b2b5f8');
INSERT INTO art_ping.employee_role VALUES ('b30c7c61-6244-4742-b148-bc1c3d912589', '0c821e0c-2b09-4292-be75-7b83ab2d548a', 'eea13552-ad24-4165-bce4-f1b22776739c');
INSERT INTO art_ping.employee (id, first_name, last_name, office_id, user_id, leave_date, updated, login, email, calendar_id) VALUES ('12ccec95-be0d-40d8-a321-0184bb0feb4d', 'employeeName239', 'employeeLastName239', '758d9213-f6e1-4b64-9b9d-096007422e6e', '08885e1d-ca60-4405-8511-13c8dfb5787d', null, '2021-12-23T15:53:09.833621300', 'testUser239', 'employee239@em.com', 'b8aa9779-678e-4bab-b4a1-ecf0030b5fe6');
INSERT INTO art_ping.employee_role VALUES ('8273c7d9-61ea-40e4-b045-dd3cfda4afe5', '12ccec95-be0d-40d8-a321-0184bb0feb4d', '9f4932a6-c650-4cd2-9338-2eefa47aeb35');
INSERT INTO art_ping.employee_role VALUES ('4d13ccc9-7336-4a1e-9f1d-c686bdb64449', '12ccec95-be0d-40d8-a321-0184bb0feb4d', 'eea13552-ad24-4165-bce4-f1b22776739c');
INSERT INTO art_ping.employee (id, first_name, last_name, office_id, user_id, leave_date, updated, login, email, calendar_id) VALUES ('195cf61d-97d8-4578-a11a-6c29165d15e8', 'employeeName240', 'employeeLastName240', '1dad3fce-bb86-44ff-834e-618120850d2a', '81b04144-16b5-4bb8-9e28-a3c11e7fe8f4', null, '2021-12-23T15:53:09.833621300', 'testUser240', 'employee240@em.com', 'b8aa9779-678e-4bab-b4a1-ecf0030b5fe6');
INSERT INTO art_ping.employee_role VALUES ('bc63cae3-1597-4f90-b53c-d1b54baf5462', '195cf61d-97d8-4578-a11a-6c29165d15e8', '992e5c70-7b14-44ae-b2fc-d0c884659841');
INSERT INTO art_ping.employee_role VALUES ('0672f983-1d23-4a92-b932-14dbc72fdefc', '195cf61d-97d8-4578-a11a-6c29165d15e8', 'eea13552-ad24-4165-bce4-f1b22776739c');
INSERT INTO art_ping.employee (id, first_name, last_name, office_id, user_id, leave_date, updated, login, email, calendar_id) VALUES ('0a32321e-9946-4440-895f-8dab26e8bc8e', 'employeeName241', 'employeeLastName241', '33029300-b652-480a-8049-d55b0d352b0c', '95ca7db4-b3cd-4e35-b126-a66c0b542299', null, '2021-12-23T15:53:09.833621300', 'testUser241', 'employee241@em.com', '0d287e9e-6dd6-4473-ad12-9f588e9a95c5');
INSERT INTO art_ping.employee_role VALUES ('9df58127-a974-4d9c-a708-985adf706aa7', '0a32321e-9946-4440-895f-8dab26e8bc8e', '992e5c70-7b14-44ae-b2fc-d0c884659841');
INSERT INTO art_ping.employee_role VALUES ('a2108756-2008-45fc-aa6d-95636606095f', '0a32321e-9946-4440-895f-8dab26e8bc8e', '9f4932a6-c650-4cd2-9338-2eefa47aeb35');
INSERT INTO art_ping.employee_role VALUES ('d63f0bd9-6db9-4ace-bb2e-fde62f852a39', '0a32321e-9946-4440-895f-8dab26e8bc8e', 'eea13552-ad24-4165-bce4-f1b22776739c');
INSERT INTO art_ping.employee (id, first_name, last_name, office_id, user_id, leave_date, updated, login, email, calendar_id) VALUES ('95fdbcff-3bcd-432c-b94c-1253010246fb', 'employeeName242', 'employeeLastName242', '640b28ab-25f0-4fb5-9e1e-cfa32053f440', 'aa1a6232-2b41-433f-b7c4-5c830dbafdb3', null, '2021-12-23T15:53:09.833621300', 'testUser242', 'employee242@em.com', '80b96051-9ddf-40c1-a66b-bc41ef9a3e4b');
INSERT INTO art_ping.employee_role VALUES ('8bbfb700-17bb-4fa7-a961-352a83488e9b', '95fdbcff-3bcd-432c-b94c-1253010246fb', '992e5c70-7b14-44ae-b2fc-d0c884659841');
INSERT INTO art_ping.employee_role VALUES ('7dea9b4b-2704-46b8-8e18-f31565e3a4f3', '95fdbcff-3bcd-432c-b94c-1253010246fb', '9f4932a6-c650-4cd2-9338-2eefa47aeb35');
INSERT INTO art_ping.employee_role VALUES ('a4df82d2-9733-45de-9183-4a0c4a2d52e3', '95fdbcff-3bcd-432c-b94c-1253010246fb', 'e7051ffa-0edb-4ac7-84ed-12c1d3b2b5f8');
INSERT INTO art_ping.employee_role VALUES ('3cbdb1a4-8dbb-4f7f-bc7b-fa7f05b04f09', '95fdbcff-3bcd-432c-b94c-1253010246fb', 'eea13552-ad24-4165-bce4-f1b22776739c');
INSERT INTO art_ping.employee (id, first_name, last_name, office_id, user_id, leave_date, updated, login, email, calendar_id) VALUES ('7996b9e7-2d2b-40c1-832f-62eb11b14899', 'employeeName243', 'employeeLastName243', 'b4d174e7-cff6-46ae-b602-6451385afe1c', '5453daee-da8f-4790-a036-7fccaa058687', null, '2021-12-23T15:53:09.833621300', 'testUser243', 'employee243@em.com', '65ee8bf0-7ad2-4273-9bf1-cdcf9e2aade3');
INSERT INTO art_ping.employee_role VALUES ('10de30c5-b888-48e4-9206-6dc277a2d250', '7996b9e7-2d2b-40c1-832f-62eb11b14899', '992e5c70-7b14-44ae-b2fc-d0c884659841');
INSERT INTO art_ping.employee_role VALUES ('0a1c52fc-5cca-4821-9a5f-7b2972a8b9e6', '7996b9e7-2d2b-40c1-832f-62eb11b14899', 'e7051ffa-0edb-4ac7-84ed-12c1d3b2b5f8');
INSERT INTO art_ping.employee_role VALUES ('a6c6d022-9965-4dc6-8eb1-16948ff10c74', '7996b9e7-2d2b-40c1-832f-62eb11b14899', 'eea13552-ad24-4165-bce4-f1b22776739c');
INSERT INTO art_ping.employee (id, first_name, last_name, office_id, user_id, leave_date, updated, login, email, calendar_id) VALUES ('b3b03389-d44a-45db-beca-28573ca0d074', 'employeeName244', 'employeeLastName244', '5c6c097f-c65b-4679-ae36-332cd7c804ff', 'c1846cc4-a0c0-4b1a-9e01-bb80af9d7051', null, '2021-12-23T15:53:09.833621300', 'testUser244', 'employee244@em.com', 'aa756158-d942-4831-9f7f-4183ac82f6ee');
INSERT INTO art_ping.employee_role VALUES ('ea234c7e-8194-4985-8c0d-20598a4c02ed', 'b3b03389-d44a-45db-beca-28573ca0d074', '5b204bc5-6430-4939-aa23-17b1482c6d98');
INSERT INTO art_ping.employee_role VALUES ('4bf79dc1-3762-4332-9251-522f9a3f208c', 'b3b03389-d44a-45db-beca-28573ca0d074', '9f4932a6-c650-4cd2-9338-2eefa47aeb35');
INSERT INTO art_ping.employee_role VALUES ('2292a93a-3dca-40a3-b234-b3637251354b', 'b3b03389-d44a-45db-beca-28573ca0d074', 'eea13552-ad24-4165-bce4-f1b22776739c');
INSERT INTO art_ping.employee (id, first_name, last_name, office_id, user_id, leave_date, updated, login, email, calendar_id) VALUES ('33a091cc-41fc-4e79-bca9-a365574a3d31', 'employeeName245', 'employeeLastName245', 'd67329a3-5c66-4a77-89ef-d17878a5d5a1', 'bdfdb1c0-7674-421e-a5a0-5a4800fdd8ad', null, '2021-12-23T15:53:09.833621300', 'testUser245', 'employee245@em.com', 'd2fde2a9-dff4-4c63-85a8-5a01f3841efd');
INSERT INTO art_ping.employee_role VALUES ('403d98d9-8828-4fe6-8ed7-53a9595cb1e4', '33a091cc-41fc-4e79-bca9-a365574a3d31', '992e5c70-7b14-44ae-b2fc-d0c884659841');
INSERT INTO art_ping.employee_role VALUES ('fbda7d8e-7e83-4589-9cc6-67d3e84caf16', '33a091cc-41fc-4e79-bca9-a365574a3d31', '9f4932a6-c650-4cd2-9338-2eefa47aeb35');
INSERT INTO art_ping.employee_role VALUES ('6da59b68-4398-4ca5-a89f-d4d21e315ce0', '33a091cc-41fc-4e79-bca9-a365574a3d31', 'eea13552-ad24-4165-bce4-f1b22776739c');
INSERT INTO art_ping.employee (id, first_name, last_name, office_id, user_id, leave_date, updated, login, email, calendar_id) VALUES ('469ad035-138e-4ed1-8a41-c2cdd929c11a', 'employeeName246', 'employeeLastName246', 'dfedc483-7f6f-476a-97f8-75808a89d2f8', 'ed6c311a-6208-480b-8320-17848abc91db', null, '2021-12-23T15:53:09.833621300', 'testUser246', 'employee246@em.com', '4ae33c79-9339-4dfa-8a23-f6e578602cc4');
INSERT INTO art_ping.employee_role VALUES ('a14288f5-2800-481c-87fe-3f701bc958be', '469ad035-138e-4ed1-8a41-c2cdd929c11a', '992e5c70-7b14-44ae-b2fc-d0c884659841');
INSERT INTO art_ping.employee_role VALUES ('836a0047-a640-4609-ad09-0f5d0cd90b3c', '469ad035-138e-4ed1-8a41-c2cdd929c11a', 'eea13552-ad24-4165-bce4-f1b22776739c');
INSERT INTO art_ping.employee (id, first_name, last_name, office_id, user_id, leave_date, updated, login, email, calendar_id) VALUES ('5db0bab2-7d5a-4f71-91f4-dda3804e123f', 'employeeName247', 'employeeLastName247', '91387fd7-22a6-4699-bca8-6dd8d1fb1f4f', '464605c8-77be-4007-8b4a-4cf0eaa3b745', null, '2021-12-23T15:53:09.833621300', 'testUser247', 'employee247@em.com', 'ea2aee29-940a-4ece-aa24-bf313643c484');
INSERT INTO art_ping.employee_role VALUES ('a4f1c1fa-909f-4fee-9f75-0be262e5b2be', '5db0bab2-7d5a-4f71-91f4-dda3804e123f', '992e5c70-7b14-44ae-b2fc-d0c884659841');
INSERT INTO art_ping.employee_role VALUES ('de9b45f6-cbbc-4a2c-bddd-35b3f815be01', '5db0bab2-7d5a-4f71-91f4-dda3804e123f', '9f4932a6-c650-4cd2-9338-2eefa47aeb35');
INSERT INTO art_ping.employee_role VALUES ('b21444c8-6464-4b7d-8755-b92fe15c6802', '5db0bab2-7d5a-4f71-91f4-dda3804e123f', 'eea13552-ad24-4165-bce4-f1b22776739c');
INSERT INTO art_ping.employee (id, first_name, last_name, office_id, user_id, leave_date, updated, login, email, calendar_id) VALUES ('9dcaf691-4d1a-4934-90eb-bdab583f413f', 'employeeName248', 'employeeLastName248', '6b8bdadd-b9f1-47d0-8dd1-624d9a962b90', '2b722b5d-0920-4d13-82d8-b4351a40184a', null, '2021-12-23T15:53:09.833621300', 'testUser248', 'employee248@em.com', '371649ca-7dbe-4b17-bb2e-7b32c5c89692');
INSERT INTO art_ping.employee_role VALUES ('958ef145-1cb8-46a7-bb00-c6964435222e', '9dcaf691-4d1a-4934-90eb-bdab583f413f', '9f4932a6-c650-4cd2-9338-2eefa47aeb35');
INSERT INTO art_ping.employee_role VALUES ('b6cef73f-274a-45d8-a6f3-f5ff1f3ba8cc', '9dcaf691-4d1a-4934-90eb-bdab583f413f', 'eea13552-ad24-4165-bce4-f1b22776739c');
INSERT INTO art_ping.employee (id, first_name, last_name, office_id, user_id, leave_date, updated, login, email, calendar_id) VALUES ('3a0f78e5-a19d-47c8-8efa-be56fb97b7d4', 'employeeName249', 'employeeLastName249', '1fc81eb6-553b-4b46-9b34-73c4164a479e', 'aedcc464-56f1-4911-9a50-78b51759e649', null, '2021-12-23T15:53:09.834621800', 'testUser249', 'employee249@em.com', '80b96051-9ddf-40c1-a66b-bc41ef9a3e4b');
INSERT INTO art_ping.employee_role VALUES ('4522a5a7-b117-485e-8255-a1e97dd96a2a', '3a0f78e5-a19d-47c8-8efa-be56fb97b7d4', '992e5c70-7b14-44ae-b2fc-d0c884659841');
INSERT INTO art_ping.employee_role VALUES ('e3a6db4d-7150-4178-8f20-0be0ef907ebe', '3a0f78e5-a19d-47c8-8efa-be56fb97b7d4', 'e7051ffa-0edb-4ac7-84ed-12c1d3b2b5f8');
INSERT INTO art_ping.employee_role VALUES ('983c20ac-69d1-41e7-8ce6-e64311a43b32', '3a0f78e5-a19d-47c8-8efa-be56fb97b7d4', 'eea13552-ad24-4165-bce4-f1b22776739c');
INSERT INTO art_ping.employee (id, first_name, last_name, office_id, user_id, leave_date, updated, login, email, calendar_id) VALUES ('157bf713-ca0b-4b28-a463-b239600d6db9', 'employeeName250', 'employeeLastName250', '61c272bc-62eb-4ffc-92e9-710195e7d077', 'f3519328-3e40-4346-a329-ecdf68528df4', null, '2021-12-23T15:53:09.834621800', 'testUser250', 'employee250@em.com', '72b28af2-9171-4999-9ec2-928e2844c1c3');
INSERT INTO art_ping.employee_role VALUES ('0c901f39-7c86-4717-afd1-abc40c76a75b', '157bf713-ca0b-4b28-a463-b239600d6db9', '992e5c70-7b14-44ae-b2fc-d0c884659841');
INSERT INTO art_ping.employee_role VALUES ('9a9c0dbb-d27c-44c5-ab8e-b6b891bcaaf4', '157bf713-ca0b-4b28-a463-b239600d6db9', 'eea13552-ad24-4165-bce4-f1b22776739c');
INSERT INTO art_ping.employee (id, first_name, last_name, office_id, user_id, leave_date, updated, login, email, calendar_id) VALUES ('c018b9fa-a313-4b9d-845e-f8bf6764cb90', 'employeeName251', 'employeeLastName251', 'd67329a3-5c66-4a77-89ef-d17878a5d5a1', 'b16924d1-de32-4290-945c-e4e360428ede', null, '2021-12-23T15:53:09.834621800', 'testUser251', 'employee251@em.com', 'd2fde2a9-dff4-4c63-85a8-5a01f3841efd');
INSERT INTO art_ping.employee_role VALUES ('794cbc34-b69e-4431-b00e-f43b84657100', 'c018b9fa-a313-4b9d-845e-f8bf6764cb90', 'eea13552-ad24-4165-bce4-f1b22776739c');
INSERT INTO art_ping.employee (id, first_name, last_name, office_id, user_id, leave_date, updated, login, email, calendar_id) VALUES ('5956d2ed-5ef1-4583-85a6-e096b3eabbe7', 'employeeName252', 'employeeLastName252', 'ac736b1b-13bc-4dbe-9272-2c34cbffa591', '45c21ddc-9f12-42e3-8d78-102be0c7e641', null, '2021-12-23T15:53:09.834621800', 'testUser252', 'employee252@em.com', 'd2fde2a9-dff4-4c63-85a8-5a01f3841efd');
INSERT INTO art_ping.employee_role VALUES ('d3633755-f862-4b45-a45c-e1de88c9ea97', '5956d2ed-5ef1-4583-85a6-e096b3eabbe7', '992e5c70-7b14-44ae-b2fc-d0c884659841');
INSERT INTO art_ping.employee_role VALUES ('05193cb0-2a39-425a-89e2-714a23d27397', '5956d2ed-5ef1-4583-85a6-e096b3eabbe7', '5b204bc5-6430-4939-aa23-17b1482c6d98');
INSERT INTO art_ping.employee_role VALUES ('d43ad986-a31a-4309-ae7a-609ac5af35ee', '5956d2ed-5ef1-4583-85a6-e096b3eabbe7', 'eea13552-ad24-4165-bce4-f1b22776739c');
INSERT INTO art_ping.employee (id, first_name, last_name, office_id, user_id, leave_date, updated, login, email, calendar_id) VALUES ('c8bd3956-7976-4fc6-b067-f8e3742811c5', 'employeeName253', 'employeeLastName253', 'a46489f7-ed02-41bc-9df0-bb4a53db0cdb', '85564c2b-f02c-4825-a856-f49672c7d7ca', null, '2021-12-23T15:53:09.834621800', 'testUser253', 'employee253@em.com', '359b1098-039b-4845-8e60-eb05d970e778');
INSERT INTO art_ping.employee_role VALUES ('ea70e4d4-1fb9-4d79-9185-ec21bc5e306e', 'c8bd3956-7976-4fc6-b067-f8e3742811c5', '992e5c70-7b14-44ae-b2fc-d0c884659841');
INSERT INTO art_ping.employee_role VALUES ('e416540e-169b-4a72-a68b-fbe412ecece6', 'c8bd3956-7976-4fc6-b067-f8e3742811c5', 'eea13552-ad24-4165-bce4-f1b22776739c');
INSERT INTO art_ping.employee (id, first_name, last_name, office_id, user_id, leave_date, updated, login, email, calendar_id) VALUES ('ae2182b4-101d-4037-9ab1-7de9bdd32b9d', 'employeeName254', 'employeeLastName254', '9fd7ee94-c286-4e1c-8db4-cfdf6ce19592', '780824f3-d585-4460-9d37-972d6937c9f1', null, '2021-12-23T15:53:09.834621800', 'testUser254', 'employee254@em.com', '7f017de4-61d1-4936-acb3-2c7e255099d5');
INSERT INTO art_ping.employee_role VALUES ('b9e44a5d-5e4a-4a9f-8783-c3c3071d8b18', 'ae2182b4-101d-4037-9ab1-7de9bdd32b9d', '5b204bc5-6430-4939-aa23-17b1482c6d98');
INSERT INTO art_ping.employee_role VALUES ('7987d1a3-c8ea-449d-8ade-8f09a9f38995', 'ae2182b4-101d-4037-9ab1-7de9bdd32b9d', 'e7051ffa-0edb-4ac7-84ed-12c1d3b2b5f8');
INSERT INTO art_ping.employee_role VALUES ('e51b1d34-540b-42d8-b28c-3aadbce16cb7', 'ae2182b4-101d-4037-9ab1-7de9bdd32b9d', 'eea13552-ad24-4165-bce4-f1b22776739c');
INSERT INTO art_ping.employee (id, first_name, last_name, office_id, user_id, leave_date, updated, login, email, calendar_id) VALUES ('f91e4bda-8d4b-4d47-9499-1a228005438e', 'employeeName255', 'employeeLastName255', '8f656b47-25fd-4c3c-815e-d1c05d1874cf', '35b04625-2e12-4389-a713-37292e68db3d', null, '2021-12-23T15:53:09.834621800', 'testUser255', 'employee255@em.com', '113114b3-ea3a-4d9d-a3ff-be4c2706e40b');
INSERT INTO art_ping.employee_role VALUES ('7a6b9482-3409-4cd8-9247-53b529d240e0', 'f91e4bda-8d4b-4d47-9499-1a228005438e', 'e7051ffa-0edb-4ac7-84ed-12c1d3b2b5f8');
INSERT INTO art_ping.employee_role VALUES ('d5cc1bac-2816-4d6d-bb85-72c0dfa24582', 'f91e4bda-8d4b-4d47-9499-1a228005438e', 'eea13552-ad24-4165-bce4-f1b22776739c');
INSERT INTO art_ping.employee (id, first_name, last_name, office_id, user_id, leave_date, updated, login, email, calendar_id) VALUES ('35e9c910-a703-4e55-868a-6349b2932c2e', 'employeeName256', 'employeeLastName256', '5e73f8f8-1849-429c-82fa-6521c84083fb', '624937f9-54ff-4d8e-85b2-0d7734b55606', null, '2021-12-23T15:53:09.834621800', 'testUser256', 'employee256@em.com', 'ea2aee29-940a-4ece-aa24-bf313643c484');
INSERT INTO art_ping.employee_role VALUES ('ea5076fa-8e36-4c48-a935-62e789581839', '35e9c910-a703-4e55-868a-6349b2932c2e', 'e7051ffa-0edb-4ac7-84ed-12c1d3b2b5f8');
INSERT INTO art_ping.employee_role VALUES ('ea4d9e15-fba9-401e-9697-d2b60219c579', '35e9c910-a703-4e55-868a-6349b2932c2e', 'eea13552-ad24-4165-bce4-f1b22776739c');
INSERT INTO art_ping.employee (id, first_name, last_name, office_id, user_id, leave_date, updated, login, email, calendar_id) VALUES ('b729d9e5-33eb-4dbf-ac6a-809af5fcbd2d', 'employeeName257', 'employeeLastName257', 'e544f9f3-3577-4299-9a8e-41e6584f846f', 'b42e4fa9-9549-4b60-97e4-b6675385844f', null, '2021-12-23T15:53:09.834621800', 'testUser257', 'employee257@em.com', '2d1bcc5c-2962-412f-909b-9c761decd022');
INSERT INTO art_ping.employee_role VALUES ('b27e49a3-76c5-4b91-96a0-0195c8c9134c', 'b729d9e5-33eb-4dbf-ac6a-809af5fcbd2d', '992e5c70-7b14-44ae-b2fc-d0c884659841');
INSERT INTO art_ping.employee_role VALUES ('09ad50e4-a7d1-463c-a94b-de3705025d06', 'b729d9e5-33eb-4dbf-ac6a-809af5fcbd2d', '5b204bc5-6430-4939-aa23-17b1482c6d98');
INSERT INTO art_ping.employee_role VALUES ('6511212f-b9e3-4bf9-a60f-14c09902b7fe', 'b729d9e5-33eb-4dbf-ac6a-809af5fcbd2d', '9f4932a6-c650-4cd2-9338-2eefa47aeb35');
INSERT INTO art_ping.employee_role VALUES ('a7a9a315-4734-4124-88bd-a368bf311400', 'b729d9e5-33eb-4dbf-ac6a-809af5fcbd2d', 'e7051ffa-0edb-4ac7-84ed-12c1d3b2b5f8');
INSERT INTO art_ping.employee_role VALUES ('63ff4619-8a14-4ecb-b8e5-fc9d2a078c61', 'b729d9e5-33eb-4dbf-ac6a-809af5fcbd2d', 'eea13552-ad24-4165-bce4-f1b22776739c');
INSERT INTO art_ping.employee (id, first_name, last_name, office_id, user_id, leave_date, updated, login, email, calendar_id) VALUES ('ff6cd514-030b-4dce-9bb8-c6027800b66a', 'employeeName258', 'employeeLastName258', 'b2de8958-425c-47ea-bd2a-2721e542e607', 'ba14d137-9443-48ab-9cb8-1efe6040de97', null, '2021-12-23T15:53:09.834621800', 'testUser258', 'employee258@em.com', '59d790cd-59e4-4c12-b6ca-ba6b5e077ff4');
INSERT INTO art_ping.employee_role VALUES ('9b1e5438-ffcf-4760-bcbb-45cfe1020c84', 'ff6cd514-030b-4dce-9bb8-c6027800b66a', 'eea13552-ad24-4165-bce4-f1b22776739c');
INSERT INTO art_ping.employee (id, first_name, last_name, office_id, user_id, leave_date, updated, login, email, calendar_id) VALUES ('4467c931-7c5b-4458-b5e8-ae6c4a45b2e2', 'employeeName259', 'employeeLastName259', '44869435-e3a8-43c3-88ec-676b3602fe98', 'a30950d0-c9d2-424e-a9bb-a3cfa6afa9d7', null, '2021-12-23T15:53:09.834621800', 'testUser259', 'employee259@em.com', '4ac89aef-8db7-45fa-a885-8b2769e97674');
INSERT INTO art_ping.employee_role VALUES ('175fa341-39bc-4ebc-893e-19e0f9acf660', '4467c931-7c5b-4458-b5e8-ae6c4a45b2e2', '5b204bc5-6430-4939-aa23-17b1482c6d98');
INSERT INTO art_ping.employee_role VALUES ('e3947978-df9c-40e2-9ee5-5f8cc2f3812b', '4467c931-7c5b-4458-b5e8-ae6c4a45b2e2', '9f4932a6-c650-4cd2-9338-2eefa47aeb35');
INSERT INTO art_ping.employee_role VALUES ('b7497b66-7769-43dc-b579-2eac46637437', '4467c931-7c5b-4458-b5e8-ae6c4a45b2e2', 'eea13552-ad24-4165-bce4-f1b22776739c');
INSERT INTO art_ping.employee (id, first_name, last_name, office_id, user_id, leave_date, updated, login, email, calendar_id) VALUES ('4eb70aff-a3e3-41ed-ae45-cfec802d1044', 'employeeName260', 'employeeLastName260', '85a49e12-f017-4914-bd4c-efd66eeb4490', 'eaac452e-3faa-484c-b620-a0604d6d1e45', null, '2021-12-23T15:53:09.834621800', 'testUser260', 'employee260@em.com', 'ea2aee29-940a-4ece-aa24-bf313643c484');
INSERT INTO art_ping.employee_role VALUES ('7d52da43-028e-4395-a6a1-7faaec840c06', '4eb70aff-a3e3-41ed-ae45-cfec802d1044', '9f4932a6-c650-4cd2-9338-2eefa47aeb35');
INSERT INTO art_ping.employee_role VALUES ('caf9f4b4-cd83-427b-a71c-ca365436b86a', '4eb70aff-a3e3-41ed-ae45-cfec802d1044', 'e7051ffa-0edb-4ac7-84ed-12c1d3b2b5f8');
INSERT INTO art_ping.employee_role VALUES ('cf2c9ae5-4693-4cf7-bb11-975de93938a6', '4eb70aff-a3e3-41ed-ae45-cfec802d1044', 'eea13552-ad24-4165-bce4-f1b22776739c');
INSERT INTO art_ping.employee (id, first_name, last_name, office_id, user_id, leave_date, updated, login, email, calendar_id) VALUES ('d777d6d3-aac0-43b9-94fb-147f00e1cb50', 'employeeName261', 'employeeLastName261', 'b811d0c5-b417-4167-841e-ba0b408d6147', 'e5557853-5f92-4623-a86f-c2d34fc00a29', null, '2021-12-23T15:53:09.834621800', 'testUser261', 'employee261@em.com', '1e556459-8c32-4b8a-b222-3fcd1967615e');
INSERT INTO art_ping.employee_role VALUES ('45c5f1a2-136c-453c-a396-2b96c851a96e', 'd777d6d3-aac0-43b9-94fb-147f00e1cb50', '992e5c70-7b14-44ae-b2fc-d0c884659841');
INSERT INTO art_ping.employee_role VALUES ('8ab387ee-25bf-4dda-8b8c-930f95e89ea0', 'd777d6d3-aac0-43b9-94fb-147f00e1cb50', '5b204bc5-6430-4939-aa23-17b1482c6d98');
INSERT INTO art_ping.employee_role VALUES ('cf0aae43-3521-42d1-8774-1b4ce2c66ab2', 'd777d6d3-aac0-43b9-94fb-147f00e1cb50', 'eea13552-ad24-4165-bce4-f1b22776739c');
INSERT INTO art_ping.employee (id, first_name, last_name, office_id, user_id, leave_date, updated, login, email, calendar_id) VALUES ('c180ae1b-fc61-4d49-990b-d7cb600e844a', 'employeeName262', 'employeeLastName262', '35ba182b-345b-42d0-97b6-c11206c9dc46', '0b35fe7b-11fe-4224-95b9-f8d41033c51b', null, '2021-12-23T15:53:09.834621800', 'testUser262', 'employee262@em.com', '421f75d2-5320-476c-aa29-3fef2c5c2fb2');
INSERT INTO art_ping.employee_role VALUES ('aae905dc-d0c1-44d7-973c-f933bbec9cd0', 'c180ae1b-fc61-4d49-990b-d7cb600e844a', '992e5c70-7b14-44ae-b2fc-d0c884659841');
INSERT INTO art_ping.employee_role VALUES ('de267080-671d-47b8-8595-9f0f51537c88', 'c180ae1b-fc61-4d49-990b-d7cb600e844a', '5b204bc5-6430-4939-aa23-17b1482c6d98');
INSERT INTO art_ping.employee_role VALUES ('18aad1b7-793d-4021-8756-779dd3fa1795', 'c180ae1b-fc61-4d49-990b-d7cb600e844a', '9f4932a6-c650-4cd2-9338-2eefa47aeb35');
INSERT INTO art_ping.employee_role VALUES ('24348cda-5746-48f8-8a86-9fc29a20249e', 'c180ae1b-fc61-4d49-990b-d7cb600e844a', 'eea13552-ad24-4165-bce4-f1b22776739c');
INSERT INTO art_ping.employee (id, first_name, last_name, office_id, user_id, leave_date, updated, login, email, calendar_id) VALUES ('d0d35692-5ae8-4dc5-9c90-b75c222a6b4a', 'employeeName263', 'employeeLastName263', '9c200852-ec39-48eb-bc42-73794e39db40', 'e769a7a4-89b3-4c8b-8437-54e6f0a496a2', null, '2021-12-23T15:53:09.834621800', 'testUser263', 'employee263@em.com', '3db70ed9-e956-49eb-9747-fa360a86340e');
INSERT INTO art_ping.employee_role VALUES ('b4effa3b-85c2-492a-916d-4edf09555c21', 'd0d35692-5ae8-4dc5-9c90-b75c222a6b4a', '5b204bc5-6430-4939-aa23-17b1482c6d98');
INSERT INTO art_ping.employee_role VALUES ('434a90f8-951a-470e-9cd3-feca93db7928', 'd0d35692-5ae8-4dc5-9c90-b75c222a6b4a', '9f4932a6-c650-4cd2-9338-2eefa47aeb35');
INSERT INTO art_ping.employee_role VALUES ('df40e17c-1b8a-47c8-a1ce-4c83d352ea17', 'd0d35692-5ae8-4dc5-9c90-b75c222a6b4a', 'eea13552-ad24-4165-bce4-f1b22776739c');
INSERT INTO art_ping.employee (id, first_name, last_name, office_id, user_id, leave_date, updated, login, email, calendar_id) VALUES ('cb313ea8-de1d-4276-b126-cac2dd2e005b', 'employeeName264', 'employeeLastName264', '80d5f265-a957-42e2-ba29-1f77379256a0', '9e8deeff-c9e4-4db2-8812-9dd5f0e58bbb', null, '2021-12-23T15:53:09.834621800', 'testUser264', 'employee264@em.com', '05df20b9-fc6b-4f23-ba1c-af19e01027f8');
INSERT INTO art_ping.employee_role VALUES ('ce9c6654-8fcc-4a44-b6d9-1f222591bf1a', 'cb313ea8-de1d-4276-b126-cac2dd2e005b', '992e5c70-7b14-44ae-b2fc-d0c884659841');
INSERT INTO art_ping.employee_role VALUES ('85138ec2-e51b-40f3-b8a2-9eaa7ab22bf6', 'cb313ea8-de1d-4276-b126-cac2dd2e005b', '5b204bc5-6430-4939-aa23-17b1482c6d98');
INSERT INTO art_ping.employee_role VALUES ('a6b74e14-484f-4d33-80e5-e0565501eb1a', 'cb313ea8-de1d-4276-b126-cac2dd2e005b', '9f4932a6-c650-4cd2-9338-2eefa47aeb35');
INSERT INTO art_ping.employee_role VALUES ('a8615521-0a3d-4146-8ff9-14a9ad506a42', 'cb313ea8-de1d-4276-b126-cac2dd2e005b', 'eea13552-ad24-4165-bce4-f1b22776739c');
INSERT INTO art_ping.employee (id, first_name, last_name, office_id, user_id, leave_date, updated, login, email, calendar_id) VALUES ('27ccbe89-6b69-470b-aaf2-c7171f6f805a', 'employeeName265', 'employeeLastName265', '596be8fb-f3d9-4619-80bd-42189f10b203', '524d43e2-daea-48fe-bda1-6b92777f3cde', null, '2021-12-23T15:53:09.834621800', 'testUser265', 'employee265@em.com', '2d1bcc5c-2962-412f-909b-9c761decd022');
INSERT INTO art_ping.employee_role VALUES ('6049d351-4966-4741-a0ef-6720ccee94bf', '27ccbe89-6b69-470b-aaf2-c7171f6f805a', '992e5c70-7b14-44ae-b2fc-d0c884659841');
INSERT INTO art_ping.employee_role VALUES ('667276a0-22e1-44dd-b1a6-a1995ff52014', '27ccbe89-6b69-470b-aaf2-c7171f6f805a', '5b204bc5-6430-4939-aa23-17b1482c6d98');
INSERT INTO art_ping.employee_role VALUES ('dfe2ab5a-f25d-4c31-a21b-7aaadd9bf775', '27ccbe89-6b69-470b-aaf2-c7171f6f805a', 'eea13552-ad24-4165-bce4-f1b22776739c');
INSERT INTO art_ping.employee (id, first_name, last_name, office_id, user_id, leave_date, updated, login, email, calendar_id) VALUES ('189d8dc4-e125-4bb9-84d9-80d44ede46cc', 'employeeName266', 'employeeLastName266', '6116abc2-c035-4637-b92a-33d0c64c65f3', '8e9b4e2e-b535-4306-bd18-5d6613b58ac1', null, '2021-12-23T15:53:09.834621800', 'testUser266', 'employee266@em.com', '2d1bcc5c-2962-412f-909b-9c761decd022');
INSERT INTO art_ping.employee_role VALUES ('be292b69-5b3c-41a1-85bd-83445d11f30f', '189d8dc4-e125-4bb9-84d9-80d44ede46cc', '992e5c70-7b14-44ae-b2fc-d0c884659841');
INSERT INTO art_ping.employee_role VALUES ('19757341-19cd-4ebb-9c71-d96158b8c939', '189d8dc4-e125-4bb9-84d9-80d44ede46cc', '5b204bc5-6430-4939-aa23-17b1482c6d98');
INSERT INTO art_ping.employee_role VALUES ('8c0658ec-ac5a-4c85-8c40-e57073e50cd0', '189d8dc4-e125-4bb9-84d9-80d44ede46cc', '9f4932a6-c650-4cd2-9338-2eefa47aeb35');
INSERT INTO art_ping.employee_role VALUES ('b8a8d475-5caa-4bc2-b7ca-bce060d39e0d', '189d8dc4-e125-4bb9-84d9-80d44ede46cc', 'eea13552-ad24-4165-bce4-f1b22776739c');
INSERT INTO art_ping.employee (id, first_name, last_name, office_id, user_id, leave_date, updated, login, email, calendar_id) VALUES ('149d7ba5-7f25-4b0f-b6a6-1f051640184c', 'employeeName267', 'employeeLastName267', '29b5b0d6-ee76-4d4a-afb3-37d956bb7453', '55d512b2-8cdc-4213-ae4c-4e6856744b0f', null, '2021-12-23T15:53:09.834621800', 'testUser267', 'employee267@em.com', '6767edac-df6d-48d8-9619-63168204fed5');
INSERT INTO art_ping.employee_role VALUES ('00986aaa-28ac-4436-9c78-3c51b43b86b8', '149d7ba5-7f25-4b0f-b6a6-1f051640184c', '992e5c70-7b14-44ae-b2fc-d0c884659841');
INSERT INTO art_ping.employee_role VALUES ('72bcc455-b14d-48a0-a54b-0b51e02b036c', '149d7ba5-7f25-4b0f-b6a6-1f051640184c', '5b204bc5-6430-4939-aa23-17b1482c6d98');
INSERT INTO art_ping.employee_role VALUES ('4f4da214-8ebb-4db1-a17c-4894aac923e5', '149d7ba5-7f25-4b0f-b6a6-1f051640184c', 'eea13552-ad24-4165-bce4-f1b22776739c');
INSERT INTO art_ping.employee (id, first_name, last_name, office_id, user_id, leave_date, updated, login, email, calendar_id) VALUES ('ee440af7-8f43-4607-96af-7d2552158e42', 'employeeName268', 'employeeLastName268', '665c0a9c-f6eb-4b26-87d7-78ac666529ab', '405b96c6-5e7d-471e-88f7-d9cc17a1aa78', null, '2021-12-23T15:53:09.834621800', 'testUser268', 'employee268@em.com', '72b28af2-9171-4999-9ec2-928e2844c1c3');
INSERT INTO art_ping.employee_role VALUES ('fac105af-a3f7-4f43-8247-e385a0c78526', 'ee440af7-8f43-4607-96af-7d2552158e42', '5b204bc5-6430-4939-aa23-17b1482c6d98');
INSERT INTO art_ping.employee_role VALUES ('5103c31c-ff4f-469f-84e7-45abb16cb537', 'ee440af7-8f43-4607-96af-7d2552158e42', '9f4932a6-c650-4cd2-9338-2eefa47aeb35');
INSERT INTO art_ping.employee_role VALUES ('a600a504-fb72-443d-881a-c9123b7846be', 'ee440af7-8f43-4607-96af-7d2552158e42', 'eea13552-ad24-4165-bce4-f1b22776739c');
INSERT INTO art_ping.employee (id, first_name, last_name, office_id, user_id, leave_date, updated, login, email, calendar_id) VALUES ('6841e389-611a-4268-bbb1-7aa0a6049894', 'employeeName269', 'employeeLastName269', '128c1db3-ee73-458a-8cf1-48f84c105238', 'f13c8a94-6c9f-473f-aa16-76d3fe3303e0', null, '2021-12-23T15:53:09.835621200', 'testUser269', 'employee269@em.com', '57097e39-04a1-497c-aa12-d266685b7c85');
INSERT INTO art_ping.employee_role VALUES ('e6f75679-d3a2-40a6-a664-7c487f607298', '6841e389-611a-4268-bbb1-7aa0a6049894', '5b204bc5-6430-4939-aa23-17b1482c6d98');
INSERT INTO art_ping.employee_role VALUES ('56611cca-74bd-4d4b-8bc4-0e1e763daf8c', '6841e389-611a-4268-bbb1-7aa0a6049894', 'eea13552-ad24-4165-bce4-f1b22776739c');
INSERT INTO art_ping.employee (id, first_name, last_name, office_id, user_id, leave_date, updated, login, email, calendar_id) VALUES ('3fe6a415-e23f-4902-bf19-9f1fd98db8a2', 'employeeName270', 'employeeLastName270', 'b1a7dbcd-c95d-4177-a9a3-a3cd0dcc3c36', '4796a7e0-d958-40e3-aa6c-beb94966716f', null, '2021-12-23T15:53:09.835621200', 'testUser270', 'employee270@em.com', 'f3d2db0c-1d64-473c-b7c3-9857f65e0d6b');
INSERT INTO art_ping.employee_role VALUES ('36d857b6-c1a8-4671-82bd-e1853561b2b9', '3fe6a415-e23f-4902-bf19-9f1fd98db8a2', '5b204bc5-6430-4939-aa23-17b1482c6d98');
INSERT INTO art_ping.employee_role VALUES ('5fb49d78-37fe-4326-8301-25da8b18a9f9', '3fe6a415-e23f-4902-bf19-9f1fd98db8a2', '9f4932a6-c650-4cd2-9338-2eefa47aeb35');
INSERT INTO art_ping.employee_role VALUES ('08302501-597c-4b43-9411-36c10b6450bb', '3fe6a415-e23f-4902-bf19-9f1fd98db8a2', 'eea13552-ad24-4165-bce4-f1b22776739c');
INSERT INTO art_ping.employee (id, first_name, last_name, office_id, user_id, leave_date, updated, login, email, calendar_id) VALUES ('35b57b32-3cd9-487f-9e75-f32ee5ea10fd', 'employeeName271', 'employeeLastName271', '128c1db3-ee73-458a-8cf1-48f84c105238', 'b4f3c64b-fd1c-4fe5-a1f7-f1e80d69c986', null, '2021-12-23T15:53:09.835621200', 'testUser271', 'employee271@em.com', '57097e39-04a1-497c-aa12-d266685b7c85');
INSERT INTO art_ping.employee_role VALUES ('aec2bbbb-2b64-4eec-b2b8-425b72e8d809', '35b57b32-3cd9-487f-9e75-f32ee5ea10fd', '992e5c70-7b14-44ae-b2fc-d0c884659841');
INSERT INTO art_ping.employee_role VALUES ('57230816-0cd1-4225-9595-d60d19e5392d', '35b57b32-3cd9-487f-9e75-f32ee5ea10fd', '9f4932a6-c650-4cd2-9338-2eefa47aeb35');
INSERT INTO art_ping.employee_role VALUES ('243a9cf3-494a-4d3d-a638-b3a94bcffae8', '35b57b32-3cd9-487f-9e75-f32ee5ea10fd', 'e7051ffa-0edb-4ac7-84ed-12c1d3b2b5f8');
INSERT INTO art_ping.employee_role VALUES ('91137c35-5025-4d7a-a790-65526d577698', '35b57b32-3cd9-487f-9e75-f32ee5ea10fd', 'eea13552-ad24-4165-bce4-f1b22776739c');
INSERT INTO art_ping.employee (id, first_name, last_name, office_id, user_id, leave_date, updated, login, email, calendar_id) VALUES ('cd7c3636-983d-4772-a6a2-190b60419c5d', 'employeeName272', 'employeeLastName272', 'a3bd09c3-bed4-4f5e-a36a-5a1a850a741e', 'eafdee8f-d663-44dc-92bf-ca7e75179bd1', null, '2021-12-23T15:53:09.835621200', 'testUser272', 'employee272@em.com', '1e556459-8c32-4b8a-b222-3fcd1967615e');
INSERT INTO art_ping.employee_role VALUES ('007b3e2c-40e2-4d76-a1ab-3f0f3bdb4c98', 'cd7c3636-983d-4772-a6a2-190b60419c5d', '992e5c70-7b14-44ae-b2fc-d0c884659841');
INSERT INTO art_ping.employee_role VALUES ('1b24d836-2186-4d96-94ae-c4076d9a173c', 'cd7c3636-983d-4772-a6a2-190b60419c5d', 'eea13552-ad24-4165-bce4-f1b22776739c');
INSERT INTO art_ping.employee (id, first_name, last_name, office_id, user_id, leave_date, updated, login, email, calendar_id) VALUES ('703df4e6-31a6-42bd-98c8-03f227671bd5', 'employeeName273', 'employeeLastName273', '1c0669b9-55ad-485b-9e11-7472286172ad', 'e94f683b-64d5-416f-ba53-72b2c713be1f', null, '2021-12-23T15:53:09.835621200', 'testUser273', 'employee273@em.com', 'd2fde2a9-dff4-4c63-85a8-5a01f3841efd');
INSERT INTO art_ping.employee_role VALUES ('2bd8b074-2534-48c3-9ed9-d499f7a63492', '703df4e6-31a6-42bd-98c8-03f227671bd5', '9f4932a6-c650-4cd2-9338-2eefa47aeb35');
INSERT INTO art_ping.employee_role VALUES ('9f5ca7ed-6698-4533-9939-0ea5f5201b8c', '703df4e6-31a6-42bd-98c8-03f227671bd5', 'e7051ffa-0edb-4ac7-84ed-12c1d3b2b5f8');
INSERT INTO art_ping.employee_role VALUES ('e99f1e71-0f16-448b-a854-cc2fe7222579', '703df4e6-31a6-42bd-98c8-03f227671bd5', 'eea13552-ad24-4165-bce4-f1b22776739c');
INSERT INTO art_ping.employee (id, first_name, last_name, office_id, user_id, leave_date, updated, login, email, calendar_id) VALUES ('0f75c8b9-a63f-4ca9-a328-f1d738e670cc', 'employeeName274', 'employeeLastName274', 'ae6e918f-2ef0-43dd-a2a1-f1c35524dbac', '15deee5e-9238-46f9-bd12-f2ece08718b9', null, '2021-12-23T15:53:09.835621200', 'testUser274', 'employee274@em.com', '98be1f5b-b2aa-417d-af1f-6cbd1069b955');
INSERT INTO art_ping.employee_role VALUES ('4b8a2890-615f-456b-ab53-022c521eeadf', '0f75c8b9-a63f-4ca9-a328-f1d738e670cc', '992e5c70-7b14-44ae-b2fc-d0c884659841');
INSERT INTO art_ping.employee_role VALUES ('342fed0b-26f9-4927-b0af-c6df930f56e6', '0f75c8b9-a63f-4ca9-a328-f1d738e670cc', 'e7051ffa-0edb-4ac7-84ed-12c1d3b2b5f8');
INSERT INTO art_ping.employee_role VALUES ('51f3d25d-4936-4d16-8cbc-4dcf7585bd39', '0f75c8b9-a63f-4ca9-a328-f1d738e670cc', 'eea13552-ad24-4165-bce4-f1b22776739c');
INSERT INTO art_ping.employee (id, first_name, last_name, office_id, user_id, leave_date, updated, login, email, calendar_id) VALUES ('e51bf89d-1f27-4eb3-8bfe-394afe3761f2', 'employeeName275', 'employeeLastName275', '289e1f74-3d8b-4292-a9f1-359e7242cdbf', '6762349e-ae02-41a7-8572-82799a571a7b', null, '2021-12-23T15:53:09.835621200', 'testUser275', 'employee275@em.com', 'f5a49773-6ac0-44ee-a1a7-0884bf581a68');
INSERT INTO art_ping.employee_role VALUES ('d4f4f40e-7d43-48b3-aa65-1b55a4183b4f', 'e51bf89d-1f27-4eb3-8bfe-394afe3761f2', '9f4932a6-c650-4cd2-9338-2eefa47aeb35');
INSERT INTO art_ping.employee_role VALUES ('efa9d761-4ee7-40f9-af7d-f7e4182ec12a', 'e51bf89d-1f27-4eb3-8bfe-394afe3761f2', 'eea13552-ad24-4165-bce4-f1b22776739c');
INSERT INTO art_ping.employee (id, first_name, last_name, office_id, user_id, leave_date, updated, login, email, calendar_id) VALUES ('03bd88d1-01fd-4196-9869-a66e3c7f5d50', 'employeeName276', 'employeeLastName276', '7dcb5349-417c-4cac-b168-f36b87d58e53', 'db7008c3-0325-45da-b348-40ce4cd603db', null, '2021-12-23T15:53:09.835621200', 'testUser276', 'employee276@em.com', '0d287e9e-6dd6-4473-ad12-9f588e9a95c5');
INSERT INTO art_ping.employee_role VALUES ('8bff337b-cbbc-487f-b8eb-fdb2c79fb99e', '03bd88d1-01fd-4196-9869-a66e3c7f5d50', '9f4932a6-c650-4cd2-9338-2eefa47aeb35');
INSERT INTO art_ping.employee_role VALUES ('dbc0bc18-e26e-4058-9803-1753bd54397b', '03bd88d1-01fd-4196-9869-a66e3c7f5d50', 'eea13552-ad24-4165-bce4-f1b22776739c');
INSERT INTO art_ping.employee (id, first_name, last_name, office_id, user_id, leave_date, updated, login, email, calendar_id) VALUES ('cb53f907-5eb3-469c-9923-27ce1f5e789c', 'employeeName277', 'employeeLastName277', 'e22cb435-330e-4b6c-84fe-71baf198761e', '5f135263-6e7a-4110-b141-76e67edddf28', null, '2021-12-23T15:53:09.835621200', 'testUser277', 'employee277@em.com', 'c7db0ad7-d973-40a5-a8a0-6308fcf0254e');
INSERT INTO art_ping.employee_role VALUES ('1b797000-349a-454d-acfb-5d21842b9514', 'cb53f907-5eb3-469c-9923-27ce1f5e789c', '5b204bc5-6430-4939-aa23-17b1482c6d98');
INSERT INTO art_ping.employee_role VALUES ('d45d22f8-fa17-43c0-8d48-de8c658d4b27', 'cb53f907-5eb3-469c-9923-27ce1f5e789c', '9f4932a6-c650-4cd2-9338-2eefa47aeb35');
INSERT INTO art_ping.employee_role VALUES ('5f035c58-f5a4-4151-bf26-0400926e60f8', 'cb53f907-5eb3-469c-9923-27ce1f5e789c', 'e7051ffa-0edb-4ac7-84ed-12c1d3b2b5f8');
INSERT INTO art_ping.employee_role VALUES ('f148e83f-0803-45a4-bff2-265d4072901f', 'cb53f907-5eb3-469c-9923-27ce1f5e789c', 'eea13552-ad24-4165-bce4-f1b22776739c');
INSERT INTO art_ping.employee (id, first_name, last_name, office_id, user_id, leave_date, updated, login, email, calendar_id) VALUES ('63fc2908-a7d8-4f1b-afd5-be04c4cedac5', 'employeeName278', 'employeeLastName278', '51676bfc-910a-46f7-b718-6481818500cd', 'ddb1a037-31cc-4b9a-a3ee-8d7fdb6dd13c', null, '2021-12-23T15:53:09.835621200', 'testUser278', 'employee278@em.com', '99a0174f-2e1d-479b-9f3b-4cf7ff201016');
INSERT INTO art_ping.employee_role VALUES ('e0da2c28-438a-436f-b7c9-2395fc0ed4e1', '63fc2908-a7d8-4f1b-afd5-be04c4cedac5', '5b204bc5-6430-4939-aa23-17b1482c6d98');
INSERT INTO art_ping.employee_role VALUES ('ec2b7aee-9e5f-4d6b-92d9-7fe130862122', '63fc2908-a7d8-4f1b-afd5-be04c4cedac5', 'eea13552-ad24-4165-bce4-f1b22776739c');
INSERT INTO art_ping.employee (id, first_name, last_name, office_id, user_id, leave_date, updated, login, email, calendar_id) VALUES ('bdcbc5a8-1bcc-40de-918c-83a380dcf069', 'employeeName279', 'employeeLastName279', '459df5c1-b19c-4968-99d1-2a4ab0cec8e3', '4602567c-8726-468c-a047-3170646dbd99', null, '2021-12-23T15:53:09.835621200', 'testUser279', 'employee279@em.com', '72b28af2-9171-4999-9ec2-928e2844c1c3');
INSERT INTO art_ping.employee_role VALUES ('13890c7e-1dca-41c5-b1fa-ab9c4a7b4766', 'bdcbc5a8-1bcc-40de-918c-83a380dcf069', '5b204bc5-6430-4939-aa23-17b1482c6d98');
INSERT INTO art_ping.employee_role VALUES ('094994ed-afb4-435c-9cb0-95ac50c27bd0', 'bdcbc5a8-1bcc-40de-918c-83a380dcf069', '9f4932a6-c650-4cd2-9338-2eefa47aeb35');
INSERT INTO art_ping.employee_role VALUES ('1dc981c4-05c6-48f6-aee3-c32dfb377040', 'bdcbc5a8-1bcc-40de-918c-83a380dcf069', 'e7051ffa-0edb-4ac7-84ed-12c1d3b2b5f8');
INSERT INTO art_ping.employee_role VALUES ('97cb4d7a-47eb-4693-b305-dde1db747c18', 'bdcbc5a8-1bcc-40de-918c-83a380dcf069', 'eea13552-ad24-4165-bce4-f1b22776739c');
INSERT INTO art_ping.employee (id, first_name, last_name, office_id, user_id, leave_date, updated, login, email, calendar_id) VALUES ('15bba202-c20a-4a9f-8b7b-d254c4b076b1', 'employeeName280', 'employeeLastName280', 'b4d174e7-cff6-46ae-b602-6451385afe1c', '3f84a34a-4e54-4284-9164-77a9b14c3d01', null, '2021-12-23T15:53:09.835621200', 'testUser280', 'employee280@em.com', '65ee8bf0-7ad2-4273-9bf1-cdcf9e2aade3');
INSERT INTO art_ping.employee_role VALUES ('5e7b1780-2e1d-4159-b61b-f7b006b7a8ac', '15bba202-c20a-4a9f-8b7b-d254c4b076b1', '5b204bc5-6430-4939-aa23-17b1482c6d98');
INSERT INTO art_ping.employee_role VALUES ('aa894734-d6d4-4b61-8a49-a000f3e18c7c', '15bba202-c20a-4a9f-8b7b-d254c4b076b1', 'e7051ffa-0edb-4ac7-84ed-12c1d3b2b5f8');
INSERT INTO art_ping.employee_role VALUES ('6677db69-61de-4432-9ee6-87fcc8d6cc19', '15bba202-c20a-4a9f-8b7b-d254c4b076b1', 'eea13552-ad24-4165-bce4-f1b22776739c');
INSERT INTO art_ping.employee (id, first_name, last_name, office_id, user_id, leave_date, updated, login, email, calendar_id) VALUES ('6082c2d2-fa22-4c0b-b577-44c65009575c', 'employeeName281', 'employeeLastName281', 'ba5e2f8c-8f76-4510-b637-fd4ba8b04df9', '68927387-54d8-4f07-a285-c5fe746bb0d5', null, '2021-12-23T15:53:09.835621200', 'testUser281', 'employee281@em.com', '371649ca-7dbe-4b17-bb2e-7b32c5c89692');
INSERT INTO art_ping.employee_role VALUES ('b29060d8-834d-45ee-b88d-736a03ab97e5', '6082c2d2-fa22-4c0b-b577-44c65009575c', '992e5c70-7b14-44ae-b2fc-d0c884659841');
INSERT INTO art_ping.employee_role VALUES ('7809b7b0-b10a-4acd-b580-ef2fd3b2b141', '6082c2d2-fa22-4c0b-b577-44c65009575c', 'eea13552-ad24-4165-bce4-f1b22776739c');
INSERT INTO art_ping.employee (id, first_name, last_name, office_id, user_id, leave_date, updated, login, email, calendar_id) VALUES ('b2710513-c31f-4bf0-bc4c-e0b5f89ed939', 'employeeName282', 'employeeLastName282', '3812b36f-7ae8-4083-9bf2-3ef209de2ac8', 'cdaf2292-64eb-4437-8fd0-bfff783e2064', null, '2021-12-23T15:53:09.835621200', 'testUser282', 'employee282@em.com', 'd2fde2a9-dff4-4c63-85a8-5a01f3841efd');
INSERT INTO art_ping.employee_role VALUES ('3ee5e805-73da-46b4-ad6b-923368a4a390', 'b2710513-c31f-4bf0-bc4c-e0b5f89ed939', '992e5c70-7b14-44ae-b2fc-d0c884659841');
INSERT INTO art_ping.employee_role VALUES ('2fc37a15-8d68-4b02-8095-b3a187c6ce38', 'b2710513-c31f-4bf0-bc4c-e0b5f89ed939', '9f4932a6-c650-4cd2-9338-2eefa47aeb35');
INSERT INTO art_ping.employee_role VALUES ('ca24745a-e121-4f67-9741-ff8905dcebe2', 'b2710513-c31f-4bf0-bc4c-e0b5f89ed939', 'eea13552-ad24-4165-bce4-f1b22776739c');
INSERT INTO art_ping.employee (id, first_name, last_name, office_id, user_id, leave_date, updated, login, email, calendar_id) VALUES ('b229245e-89c7-4bc9-99a0-c6bf47fc5316', 'employeeName283', 'employeeLastName283', 'd67329a3-5c66-4a77-89ef-d17878a5d5a1', '743d8599-b290-4513-9a29-75551d5e7179', null, '2021-12-23T15:53:09.835621200', 'testUser283', 'employee283@em.com', 'd2fde2a9-dff4-4c63-85a8-5a01f3841efd');
INSERT INTO art_ping.employee_role VALUES ('19374f85-68f4-4424-8810-187cfba265b2', 'b229245e-89c7-4bc9-99a0-c6bf47fc5316', '9f4932a6-c650-4cd2-9338-2eefa47aeb35');
INSERT INTO art_ping.employee_role VALUES ('bef40bb9-65a4-4a64-b510-6be8420170f3', 'b229245e-89c7-4bc9-99a0-c6bf47fc5316', 'eea13552-ad24-4165-bce4-f1b22776739c');
INSERT INTO art_ping.employee (id, first_name, last_name, office_id, user_id, leave_date, updated, login, email, calendar_id) VALUES ('70d0ef25-cd5a-4744-aee0-8eb0fe24f88f', 'employeeName284', 'employeeLastName284', '331a3e22-12e3-4eb1-8aef-f4189764c6e0', 'a5ee536f-7065-48cc-927e-3bdf4b47abbb', null, '2021-12-23T15:53:09.835621200', 'testUser284', 'employee284@em.com', '80b96051-9ddf-40c1-a66b-bc41ef9a3e4b');
INSERT INTO art_ping.employee_role VALUES ('4e1a4ca6-5b84-4a0e-a11a-a1c183576111', '70d0ef25-cd5a-4744-aee0-8eb0fe24f88f', '5b204bc5-6430-4939-aa23-17b1482c6d98');
INSERT INTO art_ping.employee_role VALUES ('7674c9c2-3d5a-4b6a-bac7-17a67710b9d3', '70d0ef25-cd5a-4744-aee0-8eb0fe24f88f', 'e7051ffa-0edb-4ac7-84ed-12c1d3b2b5f8');
INSERT INTO art_ping.employee_role VALUES ('0e0eac6d-f8fa-46a8-8e02-658bf44ee89e', '70d0ef25-cd5a-4744-aee0-8eb0fe24f88f', 'eea13552-ad24-4165-bce4-f1b22776739c');
INSERT INTO art_ping.employee (id, first_name, last_name, office_id, user_id, leave_date, updated, login, email, calendar_id) VALUES ('53614077-53a2-451e-9a55-acabc538a8ea', 'employeeName285', 'employeeLastName285', '30706424-bea2-4bb9-9c2e-3f1999db32e8', 'c8b7ba27-ca53-4fb0-8f0c-601e54130ecf', null, '2021-12-23T15:53:09.835621200', 'testUser285', 'employee285@em.com', '05df20b9-fc6b-4f23-ba1c-af19e01027f8');
INSERT INTO art_ping.employee_role VALUES ('06ca4bec-a2fe-4c73-8479-159bbd3b9c36', '53614077-53a2-451e-9a55-acabc538a8ea', 'eea13552-ad24-4165-bce4-f1b22776739c');
INSERT INTO art_ping.employee (id, first_name, last_name, office_id, user_id, leave_date, updated, login, email, calendar_id) VALUES ('dcb84d47-8c0a-475e-a903-a7ea3331b111', 'employeeName286', 'employeeLastName286', 'f61db947-06e5-4f2d-a7cc-bb4b5ab7c6d5', 'a0ec9d0a-05e5-4d42-8cda-9fabfdd0df28', null, '2021-12-23T15:53:09.835621200', 'testUser286', 'employee286@em.com', '05df20b9-fc6b-4f23-ba1c-af19e01027f8');
INSERT INTO art_ping.employee_role VALUES ('d229c951-a35e-4dec-9dbb-2acf9b76d54e', 'dcb84d47-8c0a-475e-a903-a7ea3331b111', '992e5c70-7b14-44ae-b2fc-d0c884659841');
INSERT INTO art_ping.employee_role VALUES ('4fff56f0-a676-4e02-acd4-22ec5fa4aeff', 'dcb84d47-8c0a-475e-a903-a7ea3331b111', 'eea13552-ad24-4165-bce4-f1b22776739c');
INSERT INTO art_ping.employee (id, first_name, last_name, office_id, user_id, leave_date, updated, login, email, calendar_id) VALUES ('be4a84fb-dcfb-484c-9e59-6ec2c03ab595', 'employeeName287', 'employeeLastName287', '5e73f8f8-1849-429c-82fa-6521c84083fb', '3c650b22-de68-44d0-a6d6-326d79d52b83', null, '2021-12-23T15:53:09.835621200', 'testUser287', 'employee287@em.com', 'ea2aee29-940a-4ece-aa24-bf313643c484');
INSERT INTO art_ping.employee_role VALUES ('b7972f60-43b0-443f-8627-3d1b3d586f81', 'be4a84fb-dcfb-484c-9e59-6ec2c03ab595', '9f4932a6-c650-4cd2-9338-2eefa47aeb35');
INSERT INTO art_ping.employee_role VALUES ('eac3023a-d85d-479b-b251-359877b826b8', 'be4a84fb-dcfb-484c-9e59-6ec2c03ab595', 'eea13552-ad24-4165-bce4-f1b22776739c');
INSERT INTO art_ping.employee (id, first_name, last_name, office_id, user_id, leave_date, updated, login, email, calendar_id) VALUES ('2bce4499-9f91-4b28-9e53-892559f60dbb', 'employeeName288', 'employeeLastName288', 'c93f7563-2f7b-4c71-b42d-bfc6d795fe32', '1b7c7aa8-d230-4d83-8bcc-1780eb2e58cf', null, '2021-12-23T15:53:09.835621200', 'testUser288', 'employee288@em.com', 'd2fde2a9-dff4-4c63-85a8-5a01f3841efd');
INSERT INTO art_ping.employee_role VALUES ('632d60cb-1252-4d21-835a-c045eddb6535', '2bce4499-9f91-4b28-9e53-892559f60dbb', '992e5c70-7b14-44ae-b2fc-d0c884659841');
INSERT INTO art_ping.employee_role VALUES ('798ac245-1eaa-49d1-82be-646f6baadd6d', '2bce4499-9f91-4b28-9e53-892559f60dbb', '5b204bc5-6430-4939-aa23-17b1482c6d98');
INSERT INTO art_ping.employee_role VALUES ('440bab5d-73b8-43c2-86d9-6cd62796515e', '2bce4499-9f91-4b28-9e53-892559f60dbb', '9f4932a6-c650-4cd2-9338-2eefa47aeb35');
INSERT INTO art_ping.employee_role VALUES ('b87482f5-0f48-4169-a0ee-dbb0b5ce00fa', '2bce4499-9f91-4b28-9e53-892559f60dbb', 'eea13552-ad24-4165-bce4-f1b22776739c');
INSERT INTO art_ping.employee (id, first_name, last_name, office_id, user_id, leave_date, updated, login, email, calendar_id) VALUES ('0d07c6be-33d7-4849-b55b-6625d87427d5', 'employeeName289', 'employeeLastName289', 'ca753e53-0e81-412e-b48a-6baaaed281a3', '9c79a690-1c6e-4354-a0a9-fe1104a1dba4', null, '2021-12-23T15:53:09.835621200', 'testUser289', 'employee289@em.com', '6767edac-df6d-48d8-9619-63168204fed5');
INSERT INTO art_ping.employee_role VALUES ('d9148bb6-e625-47b3-9a56-4b736b73fb36', '0d07c6be-33d7-4849-b55b-6625d87427d5', '5b204bc5-6430-4939-aa23-17b1482c6d98');
INSERT INTO art_ping.employee_role VALUES ('30733c7a-cb98-460c-96ee-2adff91ca565', '0d07c6be-33d7-4849-b55b-6625d87427d5', 'eea13552-ad24-4165-bce4-f1b22776739c');
INSERT INTO art_ping.employee (id, first_name, last_name, office_id, user_id, leave_date, updated, login, email, calendar_id) VALUES ('086bed16-e93d-48ab-a454-743bcc8def53', 'employeeName290', 'employeeLastName290', '5ea0b566-b6c7-4108-8623-89f7b9dd82d4', 'f1f35f59-9c96-4f61-99c4-5f6eb21299aa', null, '2021-12-23T15:53:09.836620100', 'testUser290', 'employee290@em.com', '2c1aca41-1263-4c14-a164-85ebbe7a2530');
INSERT INTO art_ping.employee_role VALUES ('0180695f-a57f-4904-b296-6bbff6b949e3', '086bed16-e93d-48ab-a454-743bcc8def53', '992e5c70-7b14-44ae-b2fc-d0c884659841');
INSERT INTO art_ping.employee_role VALUES ('7b932baf-d733-47ee-bacb-05ce3ba66b49', '086bed16-e93d-48ab-a454-743bcc8def53', '5b204bc5-6430-4939-aa23-17b1482c6d98');
INSERT INTO art_ping.employee_role VALUES ('d35c2360-c0e9-4cb6-bb6b-18e4f0b5eb63', '086bed16-e93d-48ab-a454-743bcc8def53', 'e7051ffa-0edb-4ac7-84ed-12c1d3b2b5f8');
INSERT INTO art_ping.employee_role VALUES ('87790e43-e8ca-4310-840b-8b0cbeb7a1a6', '086bed16-e93d-48ab-a454-743bcc8def53', 'eea13552-ad24-4165-bce4-f1b22776739c');
INSERT INTO art_ping.employee (id, first_name, last_name, office_id, user_id, leave_date, updated, login, email, calendar_id) VALUES ('9ba04272-ae67-4d5d-918a-7dc77c4f1526', 'employeeName291', 'employeeLastName291', '9f149e9b-0e2e-4970-af8f-4bc16c345b07', 'cbbff474-f711-4650-ba42-0a83323f175b', null, '2021-12-23T15:53:09.836620100', 'testUser291', 'employee291@em.com', 'aa756158-d942-4831-9f7f-4183ac82f6ee');
INSERT INTO art_ping.employee_role VALUES ('67dc1f68-c4fe-4c3c-bcad-0470b2358791', '9ba04272-ae67-4d5d-918a-7dc77c4f1526', '992e5c70-7b14-44ae-b2fc-d0c884659841');
INSERT INTO art_ping.employee_role VALUES ('cc994731-1b6f-49e8-9db3-dc1008ee0ddf', '9ba04272-ae67-4d5d-918a-7dc77c4f1526', 'eea13552-ad24-4165-bce4-f1b22776739c');
INSERT INTO art_ping.employee (id, first_name, last_name, office_id, user_id, leave_date, updated, login, email, calendar_id) VALUES ('b3fa6705-7a65-48c7-a569-6c71afde850c', 'employeeName292', 'employeeLastName292', '1c0669b9-55ad-485b-9e11-7472286172ad', 'b80a7144-a60f-47f8-9b24-57fa36109489', null, '2021-12-23T15:53:09.836620100', 'testUser292', 'employee292@em.com', 'd2fde2a9-dff4-4c63-85a8-5a01f3841efd');
INSERT INTO art_ping.employee_role VALUES ('ab47aab9-9635-4e8b-88aa-614bd3c6e8fe', 'b3fa6705-7a65-48c7-a569-6c71afde850c', '992e5c70-7b14-44ae-b2fc-d0c884659841');
INSERT INTO art_ping.employee_role VALUES ('7b875ffe-c42e-437c-932e-4777db27a256', 'b3fa6705-7a65-48c7-a569-6c71afde850c', '9f4932a6-c650-4cd2-9338-2eefa47aeb35');
INSERT INTO art_ping.employee_role VALUES ('a4d8cd18-dc58-4be2-85b7-8ab30aed9041', 'b3fa6705-7a65-48c7-a569-6c71afde850c', 'eea13552-ad24-4165-bce4-f1b22776739c');
INSERT INTO art_ping.employee (id, first_name, last_name, office_id, user_id, leave_date, updated, login, email, calendar_id) VALUES ('448cde14-417e-4a81-811b-97f60537e967', 'employeeName293', 'employeeLastName293', 'e5d5c0b2-d587-46fa-914d-f016444196f8', '8a65a632-0542-4194-a1ea-1da97d63a390', null, '2021-12-23T15:53:09.836620100', 'testUser293', 'employee293@em.com', 'b8aa9779-678e-4bab-b4a1-ecf0030b5fe6');
INSERT INTO art_ping.employee_role VALUES ('3f930607-4b42-4beb-8051-daf57d2090d6', '448cde14-417e-4a81-811b-97f60537e967', '5b204bc5-6430-4939-aa23-17b1482c6d98');
INSERT INTO art_ping.employee_role VALUES ('9a23c100-14c4-4272-bc1a-6c2d80a683b9', '448cde14-417e-4a81-811b-97f60537e967', '9f4932a6-c650-4cd2-9338-2eefa47aeb35');
INSERT INTO art_ping.employee_role VALUES ('3a2c80c9-84b7-4ccb-bdcc-bce644719e4a', '448cde14-417e-4a81-811b-97f60537e967', 'eea13552-ad24-4165-bce4-f1b22776739c');
INSERT INTO art_ping.employee (id, first_name, last_name, office_id, user_id, leave_date, updated, login, email, calendar_id) VALUES ('f10ea80a-52d0-4a17-bc85-99bfcd58f680', 'employeeName294', 'employeeLastName294', 'aa55280f-51c6-4142-8673-79476164b5a7', 'ecd7e289-1711-4514-910c-ff29ec1810e4', null, '2021-12-23T15:53:09.836620100', 'testUser294', 'employee294@em.com', '371649ca-7dbe-4b17-bb2e-7b32c5c89692');
INSERT INTO art_ping.employee_role VALUES ('73f5af22-7f5a-4784-af4b-29d0440807a9', 'f10ea80a-52d0-4a17-bc85-99bfcd58f680', '992e5c70-7b14-44ae-b2fc-d0c884659841');
INSERT INTO art_ping.employee_role VALUES ('4e3a8b46-fbbd-4e65-b87f-b356defb9c74', 'f10ea80a-52d0-4a17-bc85-99bfcd58f680', '5b204bc5-6430-4939-aa23-17b1482c6d98');
INSERT INTO art_ping.employee_role VALUES ('add7a99c-622c-47fd-992f-056aa6b7cd11', 'f10ea80a-52d0-4a17-bc85-99bfcd58f680', '9f4932a6-c650-4cd2-9338-2eefa47aeb35');
INSERT INTO art_ping.employee_role VALUES ('60210271-febd-4407-9462-141dff30d081', 'f10ea80a-52d0-4a17-bc85-99bfcd58f680', 'eea13552-ad24-4165-bce4-f1b22776739c');
INSERT INTO art_ping.employee (id, first_name, last_name, office_id, user_id, leave_date, updated, login, email, calendar_id) VALUES ('71e411a1-8cd4-4fcd-af2d-9b05916f7b15', 'employeeName295', 'employeeLastName295', '4c397515-224d-43ea-92c5-95fbe20faf8a', '5b1c9d88-922b-4153-8029-bba69a9d2b4e', null, '2021-12-23T15:53:09.836620100', 'testUser295', 'employee295@em.com', '806ef06a-7883-442e-ba1e-c983de46014a');
INSERT INTO art_ping.employee_role VALUES ('7e0fd79d-7cee-43ce-b538-8905242ba1a1', '71e411a1-8cd4-4fcd-af2d-9b05916f7b15', '992e5c70-7b14-44ae-b2fc-d0c884659841');
INSERT INTO art_ping.employee_role VALUES ('e539a1d9-9d34-49d2-bc2c-bce6f112e426', '71e411a1-8cd4-4fcd-af2d-9b05916f7b15', '9f4932a6-c650-4cd2-9338-2eefa47aeb35');
INSERT INTO art_ping.employee_role VALUES ('a47d5e11-3644-4415-a583-3a28b2e5fcfc', '71e411a1-8cd4-4fcd-af2d-9b05916f7b15', 'e7051ffa-0edb-4ac7-84ed-12c1d3b2b5f8');
INSERT INTO art_ping.employee_role VALUES ('e65add3a-ea48-4042-a98e-fd0961f64e03', '71e411a1-8cd4-4fcd-af2d-9b05916f7b15', 'eea13552-ad24-4165-bce4-f1b22776739c');
INSERT INTO art_ping.employee (id, first_name, last_name, office_id, user_id, leave_date, updated, login, email, calendar_id) VALUES ('d8a55535-6da6-45e7-a100-1413c7c52f6d', 'employeeName296', 'employeeLastName296', 'c98cbf70-8ea2-4f2f-9309-61e51ed5c356', '199f5dc5-60fb-4f51-8606-728fe1530697', null, '2021-12-23T15:53:09.836620100', 'testUser296', 'employee296@em.com', '9eed65bb-b911-4f54-922e-a4f28c76e64b');
INSERT INTO art_ping.employee_role VALUES ('c76d86dd-74b9-4238-9b03-23c114f471c8', 'd8a55535-6da6-45e7-a100-1413c7c52f6d', '5b204bc5-6430-4939-aa23-17b1482c6d98');
INSERT INTO art_ping.employee_role VALUES ('14806bd4-4c3b-487c-9184-882377b5bcda', 'd8a55535-6da6-45e7-a100-1413c7c52f6d', '9f4932a6-c650-4cd2-9338-2eefa47aeb35');
INSERT INTO art_ping.employee_role VALUES ('3c3641a3-a674-4c35-aab6-e0fdfdf59dda', 'd8a55535-6da6-45e7-a100-1413c7c52f6d', 'eea13552-ad24-4165-bce4-f1b22776739c');
INSERT INTO art_ping.employee (id, first_name, last_name, office_id, user_id, leave_date, updated, login, email, calendar_id) VALUES ('9e8e4e86-7d83-4115-af93-76a8126878ca', 'employeeName297', 'employeeLastName297', '9614a853-59a4-42a9-9c8d-6938877f7cf8', '49450bc8-ba22-4c2a-9435-fc0ee9ddcabc', null, '2021-12-23T15:53:09.836620100', 'testUser297', 'employee297@em.com', '3db70ed9-e956-49eb-9747-fa360a86340e');
INSERT INTO art_ping.employee_role VALUES ('6c43dc34-2d30-4811-9970-b544c6c4196d', '9e8e4e86-7d83-4115-af93-76a8126878ca', '992e5c70-7b14-44ae-b2fc-d0c884659841');
INSERT INTO art_ping.employee_role VALUES ('59221672-e222-4b92-b4cb-e394484fe61e', '9e8e4e86-7d83-4115-af93-76a8126878ca', 'eea13552-ad24-4165-bce4-f1b22776739c');
INSERT INTO art_ping.employee (id, first_name, last_name, office_id, user_id, leave_date, updated, login, email, calendar_id) VALUES ('c1e36d5f-8a85-4b87-aa10-47996d010346', 'employeeName298', 'employeeLastName298', 'dfedc483-7f6f-476a-97f8-75808a89d2f8', '1ee90591-2127-4b34-a66f-bc094cdab992', null, '2021-12-23T15:53:09.836620100', 'testUser298', 'employee298@em.com', '4ae33c79-9339-4dfa-8a23-f6e578602cc4');
INSERT INTO art_ping.employee_role VALUES ('5be90511-9def-4e59-83f4-c8c2be9ea996', 'c1e36d5f-8a85-4b87-aa10-47996d010346', '9f4932a6-c650-4cd2-9338-2eefa47aeb35');
INSERT INTO art_ping.employee_role VALUES ('3df75501-fac4-4491-81ff-3c9b55d4fab7', 'c1e36d5f-8a85-4b87-aa10-47996d010346', 'eea13552-ad24-4165-bce4-f1b22776739c');
INSERT INTO art_ping.employee (id, first_name, last_name, office_id, user_id, leave_date, updated, login, email, calendar_id) VALUES ('0fd172e1-f8a1-472b-b6b4-cb956e9c9e4e', 'employeeName299', 'employeeLastName299', '00b3aeca-7bba-432d-80dc-fb2239d1ce36', 'f99a694c-6071-4abf-8744-9a394c8b2d3c', null, '2021-12-23T15:53:09.836620100', 'testUser299', 'employee299@em.com', 'c7db0ad7-d973-40a5-a8a0-6308fcf0254e');
INSERT INTO art_ping.employee_role VALUES ('868e03cd-5905-4fbd-a7c1-bdbe96ce5ad8', '0fd172e1-f8a1-472b-b6b4-cb956e9c9e4e', '9f4932a6-c650-4cd2-9338-2eefa47aeb35');
INSERT INTO art_ping.employee_role VALUES ('cc2ee110-b0d7-4f18-be82-3d9b262d98f0', '0fd172e1-f8a1-472b-b6b4-cb956e9c9e4e', 'e7051ffa-0edb-4ac7-84ed-12c1d3b2b5f8');
INSERT INTO art_ping.employee_role VALUES ('48ec54af-6e80-4233-931d-7c4d2256226f', '0fd172e1-f8a1-472b-b6b4-cb956e9c9e4e', 'eea13552-ad24-4165-bce4-f1b22776739c');
UPDATE art_ping.user SET employee_id = 'a7242506-b4ec-4e3a-887b-1d9d87c81e5e' WHERE id = 'e84533c0-0fb0-4d78-8946-9f0212fde368';
UPDATE art_ping.user SET employee_id = 'e1bdea22-2992-489c-b20f-decfe60d28b9' WHERE id = 'd3496746-59fc-4aee-9241-643535542a27';
UPDATE art_ping.user SET employee_id = '0012324d-6938-462e-86b1-b6e78d35d9e2' WHERE id = 'c525cbe4-2fcb-4cd5-916b-63d6ee7b7dd6';
UPDATE art_ping.user SET employee_id = '04c1638e-bf5b-461f-b8d3-f1e46ff36e32' WHERE id = '01f15f20-fc08-485d-b5ec-d142fd9e72cb';
UPDATE art_ping.user SET employee_id = '1409dba6-641a-4960-aedb-2b39cebf08de' WHERE id = '9f18add5-c8a0-49aa-b041-77713f409440';
UPDATE art_ping.user SET employee_id = 'dddddd51-a076-494c-bed6-854476f58359' WHERE id = '992060a3-ecbf-4b66-a1d9-accb5cc47c8b';
UPDATE art_ping.user SET employee_id = '6b594298-35f0-426e-8e52-94565eb771a4' WHERE id = 'cc378833-baf8-412b-bc98-a70bf00f093b';
UPDATE art_ping.user SET employee_id = '9b33d0fa-6e3b-4239-88fb-62e283a1ceff' WHERE id = 'f8bcac55-d462-44c9-8660-cc4526242070';
UPDATE art_ping.user SET employee_id = '6224d9c8-2988-4b5b-b9da-9ddc1d521a32' WHERE id = '802c6633-2fbd-420c-bade-e14dd611ff06';
UPDATE art_ping.user SET employee_id = '454cef13-92b0-4e56-87d9-18c3c57c92b2' WHERE id = '1897b9ea-b3b6-4cf9-937e-bcb74a98372c';
UPDATE art_ping.user SET employee_id = '59528bd9-5caf-4f96-9662-01f2ce5303ee' WHERE id = 'de9b57f6-0cf0-4dbb-bb77-8046322c47b4';
UPDATE art_ping.user SET employee_id = '9591c510-dd28-4ecc-a62c-0ad37b30e650' WHERE id = '9908d0c4-49a7-401c-8a9b-31c1e6d2bb5a';
UPDATE art_ping.user SET employee_id = 'f65d8360-4cab-450e-b411-9e4dac49acbb' WHERE id = '84e0fcc6-0e4e-40c1-977b-f05ae17cf97f';
UPDATE art_ping.user SET employee_id = 'cb792447-9bb3-4866-8870-854fe255e726' WHERE id = '0ae34b7c-d96e-47d6-a10f-94fcb6eb5204';
UPDATE art_ping.user SET employee_id = '33a20cde-c2af-4afd-9e78-351a71c6865f' WHERE id = '08029bb6-20ab-4b01-9e11-8635d3eac732';
UPDATE art_ping.user SET employee_id = 'e53df53d-5cdd-413e-8606-289626360a05' WHERE id = 'a82778cd-0a0e-4d8f-affa-7c05f9c38057';
UPDATE art_ping.user SET employee_id = '4d22d09f-b030-4274-a1a1-6acb3969d0c7' WHERE id = 'b4dc3913-9cdd-46fa-a3f3-4b86a8cbc2c6';
UPDATE art_ping.user SET employee_id = '180ec0b3-23d5-47d0-966b-09f5f5dbb6af' WHERE id = 'a2aeb035-1991-481f-8e94-be2bb28166e1';
UPDATE art_ping.user SET employee_id = '83ac73a9-b34e-48ea-be0d-87c562931615' WHERE id = '7f8b5181-6e29-47b9-a5ac-701f812001ee';
UPDATE art_ping.user SET employee_id = 'bf849790-d679-4ad8-9d77-b3d13216f656' WHERE id = '14a5e357-f8af-4902-a474-65a315e13f5d';
UPDATE art_ping.user SET employee_id = '56516503-f170-4f1b-8b04-7f4936684e8b' WHERE id = 'ed4c3935-b216-46c0-91ad-d38d79c029fa';
UPDATE art_ping.user SET employee_id = '0fbe8cf2-d827-4419-9dd8-41685f088e9e' WHERE id = 'fad6c216-a318-4b90-9c7e-4456b6074321';
UPDATE art_ping.user SET employee_id = 'abb7e688-bd8d-4aa6-9eed-5450de8bc222' WHERE id = 'fccb534c-7a5d-4969-b24f-388337acad05';
UPDATE art_ping.user SET employee_id = 'c46f7ec4-99b2-4db6-8f0e-7dd16fb40b62' WHERE id = '56bebf72-4a97-4f0c-8b63-6c47a7d574ba';
UPDATE art_ping.user SET employee_id = '73dc5ea9-b359-4737-8529-11f0ba856f7a' WHERE id = '91eb1142-13b9-4ea6-b6d1-b937b641d065';
UPDATE art_ping.user SET employee_id = '35b382d1-5b5b-4236-8366-556130d63523' WHERE id = '6404e433-e306-45ae-96e0-5f64c5946f80';
UPDATE art_ping.user SET employee_id = '801e201f-8630-4b6a-ac3d-24cd64a44d85' WHERE id = 'a69dcdbc-face-40da-bd20-8d8ea78a3325';
UPDATE art_ping.user SET employee_id = 'b822ea78-5404-4d32-8f73-0f26cb8a459e' WHERE id = '85061813-d470-4a99-a779-f66bdd3aa755';
UPDATE art_ping.user SET employee_id = 'b31b7a99-146d-44c8-8aa3-f55fae2cd77f' WHERE id = '43d11f10-98f0-401f-b01e-932a2fdb9d0c';
UPDATE art_ping.user SET employee_id = 'e26704e1-f069-4968-84e7-91b6277fd221' WHERE id = '3e183eed-288e-4806-9495-1390c140d097';
UPDATE art_ping.user SET employee_id = '8949e26c-f25d-41f8-995a-f41b22bb9670' WHERE id = 'ba114f17-6117-4ad2-81f0-4bada3c8e462';
UPDATE art_ping.user SET employee_id = '74cc180f-b211-4f22-92ac-3213eeccb369' WHERE id = 'e5d91736-67ad-48c8-80a6-2f5a656329ab';
UPDATE art_ping.user SET employee_id = '540e0fff-5bd0-4a90-842d-05fb29ab9e44' WHERE id = '14c42320-dd85-40b1-877a-ce127d93a9e9';
UPDATE art_ping.user SET employee_id = 'b0c4cc3f-9f15-416f-aa45-5e2d41ddc671' WHERE id = 'b89f4861-9914-43a2-9e8e-879e0ceca250';
UPDATE art_ping.user SET employee_id = '5651389c-fe71-4121-9b36-1d228b3f0ca7' WHERE id = '706d07d0-608c-4924-aac1-a4079302c846';
UPDATE art_ping.user SET employee_id = 'aa2122ff-82f3-4c14-ba60-eab3016bd411' WHERE id = '3a8b101f-5c1f-4b24-9d41-6536f3071cf9';
UPDATE art_ping.user SET employee_id = '464ae57e-8993-4cf7-87b6-fc41331b5de0' WHERE id = '76c1ff26-89b8-449e-867e-a86ac4b70dc3';
UPDATE art_ping.user SET employee_id = '84de20f0-9398-4d14-b0c6-6472b6820cc9' WHERE id = 'fe83555a-16e6-432a-8682-8c215ea645dd';
UPDATE art_ping.user SET employee_id = '52eccd6b-45bf-46b2-9aa9-34d83fb0331b' WHERE id = '3397830c-0efa-4c74-8419-6b800192efa1';
UPDATE art_ping.user SET employee_id = '3b97c970-cd85-45ef-aa21-ab7728252a64' WHERE id = 'c7180e7f-9561-4e10-a2cb-5187bb1e1591';
UPDATE art_ping.user SET employee_id = '51092587-faec-4445-aecb-d59208fb07c5' WHERE id = 'd22ae99e-e5d6-4879-ba7f-599ef2630263';
UPDATE art_ping.user SET employee_id = 'fa20c090-d6e7-4a1f-96e8-351d412e2705' WHERE id = 'cbe36d08-2e75-414c-ad7e-5e9d57fd5e7c';
UPDATE art_ping.user SET employee_id = '1bfc94a1-8dc7-4011-9a80-bd44335bb913' WHERE id = '8f319baa-c45d-44fa-8681-035cabbd88da';
UPDATE art_ping.user SET employee_id = '8f3778ba-4d68-4b8c-9390-223b249e02c7' WHERE id = 'b1fc664c-714a-4204-98d7-b78cf22b6c0b';
UPDATE art_ping.user SET employee_id = 'e1093ad9-2342-4019-9ed6-9fd6e15c210f' WHERE id = '8138a2a8-58ea-4e97-8292-2c5fce5eb34f';
UPDATE art_ping.user SET employee_id = '0f7973aa-478f-49a4-8468-8480e53348f5' WHERE id = '31f269b0-2027-4dd2-ad7b-f5cae174dfab';
UPDATE art_ping.user SET employee_id = '2867255e-1e35-4f77-9ac8-5867f9ae15df' WHERE id = 'b0c0b3a1-1aac-43c5-8fb8-09e73bd1c194';
UPDATE art_ping.user SET employee_id = '4bc50c83-c697-4833-91bc-ef9593abc022' WHERE id = '72b61df5-563d-4025-99de-ab4794df398c';
UPDATE art_ping.user SET employee_id = 'fead7538-4a8d-41e9-ab89-b924c4432a13' WHERE id = 'd03cf11e-d654-4c99-b0f9-4e5ccbc0ae54';
UPDATE art_ping.user SET employee_id = '6881a055-7ba2-4676-ba07-89c1890a3a00' WHERE id = 'e16c650e-1da5-427c-af24-000c78ffea12';
UPDATE art_ping.user SET employee_id = 'f2843e33-cc28-43d9-8d4c-6d214adb89b6' WHERE id = '01f6f93f-d602-48a2-b403-d0e8241ed903';
UPDATE art_ping.user SET employee_id = 'b6fc1ef7-15f5-4215-8b5d-b346697d4d66' WHERE id = '9426c921-c629-45ee-8c59-deb4e1b458c3';
UPDATE art_ping.user SET employee_id = '9a679ffe-ccaa-4bcf-b290-839628b4596e' WHERE id = 'ab3262e3-fff6-4814-a952-e2aa477a6488';
UPDATE art_ping.user SET employee_id = '59baddcc-919b-45c9-aeb1-c96cc4669483' WHERE id = 'd4fec262-f042-471a-b8a9-0a68f6ea0195';
UPDATE art_ping.user SET employee_id = '8779a71a-5d0c-48e2-8428-3718440ca45e' WHERE id = 'c9495541-0940-4643-80a5-60b99ada7d80';
UPDATE art_ping.user SET employee_id = '2b982cd4-e5b9-460f-a7c1-962af2391722' WHERE id = '2067d2c6-197c-4456-9980-38b16f416bf1';
UPDATE art_ping.user SET employee_id = 'a30139ef-6739-445e-90e1-38cad8d50293' WHERE id = '98f9d388-17b5-4952-8233-bae62d644472';
UPDATE art_ping.user SET employee_id = '2908a3a2-867c-40ca-999f-af8e27ea2cd2' WHERE id = '3079c4f4-5617-4247-a6f2-855f14ff7c0c';
UPDATE art_ping.user SET employee_id = 'c3b680a8-20bb-4195-a56b-761167f0a5e2' WHERE id = '61ec36d8-900a-49bf-900c-89d12568230c';
UPDATE art_ping.user SET employee_id = '20c28b24-697e-4cfb-ac1e-6f1b2d2de3de' WHERE id = '0bfc4402-2a6d-4474-b406-9f2471d248d4';
UPDATE art_ping.user SET employee_id = '9795ad06-4fce-43b3-98ed-a4f4159d8198' WHERE id = '0538db64-311b-4a63-a55d-d8cdfef84be9';
UPDATE art_ping.user SET employee_id = '9b199c54-97d9-4aa7-b356-4bb553a31c1f' WHERE id = '17e0888a-55f3-4a1e-b5a7-8106dd1dec59';
UPDATE art_ping.user SET employee_id = '2dbf058b-4c77-43c6-9a8e-d178fdcae437' WHERE id = '7546e211-a073-4ff7-8a65-4cac66089489';
UPDATE art_ping.user SET employee_id = '659edb95-e5c1-4799-a100-83604d912969' WHERE id = 'ba9f794d-451c-4c36-b086-3c38779a53d0';
UPDATE art_ping.user SET employee_id = 'c540caab-411e-4aac-9f41-6294390f3c58' WHERE id = '178c6caf-5087-4385-a133-0912dd4f3b1e';
UPDATE art_ping.user SET employee_id = 'e1ea0ed8-80c2-43a3-97a2-2ad2e596e614' WHERE id = '0021f325-cac8-416a-b914-8f7977d05fa2';
UPDATE art_ping.user SET employee_id = 'd46d9c33-a620-4c1b-8e28-4d347c1dc84e' WHERE id = '9af2a54b-0ebe-4375-87e7-027207877179';
UPDATE art_ping.user SET employee_id = '00636c47-fad1-42c8-8853-829ed78353d8' WHERE id = 'b0ef4805-69b1-4db5-b16e-ddce5fcf4989';
UPDATE art_ping.user SET employee_id = 'dfc03a25-ec14-47a4-a7d4-21d215d16eee' WHERE id = '1af97b03-2df2-4b30-90e4-1e85501431ff';
UPDATE art_ping.user SET employee_id = '5ee9532f-300a-475a-b3f2-ec459eb14e9b' WHERE id = 'f023cd0d-e389-480a-a061-d4520338315a';
UPDATE art_ping.user SET employee_id = '78faa8a1-22d5-4f98-9fd2-31211f41c5ca' WHERE id = '7a6b77ca-943a-4dcc-af2d-d1cca7ee1a9f';
UPDATE art_ping.user SET employee_id = '03fa441f-0c56-4993-8348-e201b8609721' WHERE id = '6dca4392-9083-45c0-965e-7bde1fbda763';
UPDATE art_ping.user SET employee_id = '3b5c4fc0-b5da-41bd-b03d-036a4931de21' WHERE id = '99fd3e04-21d8-43d6-b0db-a3a2a46ee186';
UPDATE art_ping.user SET employee_id = 'e8da034a-a818-4519-ab3c-df5b45526744' WHERE id = 'e1d1e2c4-f8fe-4528-950f-4eeb84bc81db';
UPDATE art_ping.user SET employee_id = 'a7b43dbf-9e55-47ff-b635-3eaaa83976ab' WHERE id = 'c1a99376-ebc4-4311-9658-40cafb73822f';
UPDATE art_ping.user SET employee_id = '25dc240f-ad93-4633-a08b-67880ef1e89f' WHERE id = '9e5ebb11-a6d0-4797-810b-9a1feeda0c8c';
UPDATE art_ping.user SET employee_id = '1c9d7270-072b-466e-b5ed-7487d5fecb98' WHERE id = '95b34b9d-078c-4b70-bf89-2cb26380fe3f';
UPDATE art_ping.user SET employee_id = 'f294e255-0c6e-4bee-8f10-afa1172d08f4' WHERE id = '17291282-184d-4def-ae61-fbc5cfa89b55';
UPDATE art_ping.user SET employee_id = 'e45aa7b9-acc5-4456-8b9c-1c9a5bb6944f' WHERE id = 'f1b2ae9e-5ecc-47ef-8574-7e6fb3bcd2e1';
UPDATE art_ping.user SET employee_id = 'f8983a7a-fc5f-4ddc-aaa2-b5e75b472253' WHERE id = '8739ccbb-3bae-4072-ada4-77cfe250c0ac';
UPDATE art_ping.user SET employee_id = '7f1b2eac-41b0-4fbc-92d0-0b85a563306b' WHERE id = '265baea8-ffd1-4622-9ca2-8a37db307929';
UPDATE art_ping.user SET employee_id = '02cc8562-7969-43ae-a855-896bda20f602' WHERE id = '63126aa7-17b7-49f9-8f56-a256ba347e16';
UPDATE art_ping.user SET employee_id = '19b2ef4e-cba1-4081-8ac5-a39d91c885c2' WHERE id = '23f09f8f-e636-41cf-9221-1477bd686f6c';
UPDATE art_ping.user SET employee_id = '705eacd0-2b9b-471b-af28-f7aebaa5c8d9' WHERE id = '91ab8c74-7160-47cf-9748-c435b3a06e36';
UPDATE art_ping.user SET employee_id = '039a657d-7795-4c77-b8a1-f817bf0af5a3' WHERE id = '64857e85-32b5-4a72-b3d6-47f5c2a3ea0e';
UPDATE art_ping.user SET employee_id = 'e908edfa-7f9c-4192-8e44-3392b3d15019' WHERE id = 'a5b46a0a-402d-4622-bd95-f4617e4801c5';
UPDATE art_ping.user SET employee_id = 'b9061b48-6319-4fef-a10c-d2cfa17e9af9' WHERE id = '0facf935-05d9-4f2e-af6d-d9b0f8ee6144';
UPDATE art_ping.user SET employee_id = '3dd12a35-b0bc-4712-9820-1867ff4b7b56' WHERE id = 'c163d363-2a57-4ca1-b11a-ce2b70e308a4';
UPDATE art_ping.user SET employee_id = '97d4e815-ae13-4d16-89ee-a41a068c08f5' WHERE id = '6cceb04f-3e21-473e-ac9c-a717902f5b44';
UPDATE art_ping.user SET employee_id = '5b8db2a7-25ee-42d2-bf6c-e7ae8b81945f' WHERE id = '6d039552-e6db-4dc9-b679-fa9f28b7b1c9';
UPDATE art_ping.user SET employee_id = '8ad0648e-a4b8-46ba-9c8d-b940cfbc5c08' WHERE id = '590b2e6e-0d62-431f-a9d7-fb36b280fa00';
UPDATE art_ping.user SET employee_id = '19d1efb8-ee88-4363-959d-03669db4d466' WHERE id = '85a4ee40-8bae-411e-a8c1-a54a6c36b56e';
UPDATE art_ping.user SET employee_id = 'd5f6b3e4-9a75-44a8-bee4-85dfa16754c5' WHERE id = '68bdd577-5349-4240-b76e-658be387da43';
UPDATE art_ping.user SET employee_id = 'a000626e-6682-4627-a6fa-0085a5e5af74' WHERE id = '1b08cecd-78bb-428b-a54c-9cf8daaa5a61';
UPDATE art_ping.user SET employee_id = '4b1bba58-6eb5-49c7-a863-fa902dcac55c' WHERE id = '63bc2f09-9fde-497f-8648-288a1976caa9';
UPDATE art_ping.user SET employee_id = 'db6cfd2c-6c25-4e9a-83aa-cd8ae2f47e5b' WHERE id = '7ddf77ad-211c-4223-bf06-f1c6862f09ab';
UPDATE art_ping.user SET employee_id = '8a2c1ea1-9f31-45fd-bf8a-d5e909471c37' WHERE id = '4898327c-9822-4713-8c32-87f443d1ab41';
UPDATE art_ping.user SET employee_id = 'd8235bf0-6cb4-40c4-bcff-fce23ed0f8ab' WHERE id = '614e30eb-67f6-4156-a9b6-fb9eb3684c6e';
UPDATE art_ping.user SET employee_id = 'b8c026a7-e397-42bb-8a2f-a31dc4d63993' WHERE id = 'de4053e2-8fd9-485e-8e19-a54f28cd9161';
UPDATE art_ping.user SET employee_id = '9cd3b747-99f4-4d7d-b20e-5bf11f1fdc2f' WHERE id = 'd238d81d-48ef-41e7-b568-ead60dd41917';
UPDATE art_ping.user SET employee_id = 'd2abec78-041a-4237-a04b-afe32191b1ce' WHERE id = '8d9d04fb-44bb-49c9-a6a8-70797b506327';
UPDATE art_ping.user SET employee_id = 'ab56e4fa-0d6c-489c-94d3-5b7dc276e3bf' WHERE id = '93a2e638-a790-46d7-ae72-794edfbc5f98';
UPDATE art_ping.user SET employee_id = '7624cdba-4646-456c-b188-ab9c6dc455b1' WHERE id = '8cc33501-d327-4077-869e-9cb300e10e10';
UPDATE art_ping.user SET employee_id = '1eff4c81-5cbf-471c-87f3-73095daddfb8' WHERE id = '4e16cf91-6819-49e6-abae-f1e5914e7d9a';
UPDATE art_ping.user SET employee_id = 'f63c7ea4-43e8-4279-8d79-67d9e0e39c66' WHERE id = '6216f9db-2078-4a75-ae2b-1ebdaf9270ea';
UPDATE art_ping.user SET employee_id = 'fe3f9740-b04f-4506-8cc5-ca3eb38d4804' WHERE id = '027054c2-21c3-4037-8f32-92c170299fb0';
UPDATE art_ping.user SET employee_id = '66e5b65b-8df7-4a31-8579-88043437f7db' WHERE id = '138429a0-e6db-4650-8ab5-8dbd0c9247f3';
UPDATE art_ping.user SET employee_id = '8c778e78-17dd-47ff-81d9-8c550d9e7cb3' WHERE id = '7c4961e2-8cac-4bf2-952a-2728c824f238';
UPDATE art_ping.user SET employee_id = '6949b072-5157-4d9c-8bfa-ac1ad6e0a3c2' WHERE id = '01c5d819-8d68-4383-b798-39967cfec080';
UPDATE art_ping.user SET employee_id = 'c90c1514-118d-4c02-a022-cb8f65b703b8' WHERE id = 'd1ccc871-00df-4c21-bc0f-fbc80b0fbd42';
UPDATE art_ping.user SET employee_id = '0f919dc6-1f1c-4e66-b4c1-31bbe6ae25d3' WHERE id = '16c85948-71ff-4f15-8398-3a31da15c100';
UPDATE art_ping.user SET employee_id = '33bb851b-af14-41e7-9546-c771e67cc2a2' WHERE id = '9d6b8ab6-0770-4ad0-91b3-98dc57061499';
UPDATE art_ping.user SET employee_id = '842f34d1-cdc8-42ad-9468-3c5a31205e56' WHERE id = 'aece1217-32ed-4dda-99db-7c740e55dbde';
UPDATE art_ping.user SET employee_id = 'a66493be-8679-4abc-83ff-3499b8b18a5a' WHERE id = '197901a5-acfa-4b5e-9d63-96a36f9b6b3a';
UPDATE art_ping.user SET employee_id = '35a5935f-ff01-413d-987e-38829b9e35d8' WHERE id = '5e676e59-3f62-4f4d-b833-a0858ef1dcfc';
UPDATE art_ping.user SET employee_id = 'edbec007-0b9d-47ee-9cb6-a8e2893e3f40' WHERE id = '5abe2acb-b881-4688-a1b2-e9dabfe290f8';
UPDATE art_ping.user SET employee_id = '0ad2eacd-3cc2-46ad-8308-f3e90ca9ecc8' WHERE id = '8dab4426-9020-4b7b-8ff3-a9667c0c4dab';
UPDATE art_ping.user SET employee_id = '135dff97-b4e1-466b-a9d4-d4453590aa84' WHERE id = 'd8c1279b-f983-4591-a67b-fc4a0eefe51f';
UPDATE art_ping.user SET employee_id = '78d6445f-7299-4012-9a65-a5799a0fe2fb' WHERE id = 'c4e7d8c8-17a6-429e-9c75-5edba7179842';
UPDATE art_ping.user SET employee_id = '017ad935-59c4-4d22-ab4b-27edc7a33b43' WHERE id = 'ea76d3a6-844d-403a-9174-b8e9088983b7';
UPDATE art_ping.user SET employee_id = '472da417-bf5d-4905-b707-73744c3e44eb' WHERE id = '6ce78420-50a1-429d-a78d-17fd94544caa';
UPDATE art_ping.user SET employee_id = '67098364-3f5b-4ca9-b972-6ba74eba9bd8' WHERE id = 'f3584991-3a81-4755-8cd7-9a1deb0542dc';
UPDATE art_ping.user SET employee_id = '4185fbf6-b027-4de1-972a-b82b272178aa' WHERE id = '58c64a14-9d29-4a97-a24e-77d252361f86';
UPDATE art_ping.user SET employee_id = 'e2dc7495-ec2d-459d-9620-15275e99377f' WHERE id = '8d2bc9df-8057-4bdf-a5f4-3f757abe2d40';
UPDATE art_ping.user SET employee_id = '6cd5df54-a26a-4566-b9ab-526fa2734844' WHERE id = 'ec687b39-048f-4262-8a38-bb0d081808ea';
UPDATE art_ping.user SET employee_id = 'f2ea8ba1-6d5a-4a1c-9f6c-5d1b7152e33a' WHERE id = 'b1186b4c-c59d-4e20-b937-90d04198a188';
UPDATE art_ping.user SET employee_id = '186f1015-7e57-44c7-81c1-6d64057462e6' WHERE id = '8884221f-780a-40cf-94df-a86da17a9fca';
UPDATE art_ping.user SET employee_id = '8b38ba9e-39ac-4584-a949-c6fb9f258806' WHERE id = '532eb051-c20b-4161-8113-d7c6c0704b43';
UPDATE art_ping.user SET employee_id = '054c17e6-ee5a-4058-ba0f-32a4c47f0f3f' WHERE id = '29ae2034-c6a7-4d3d-950a-15a818a1058f';
UPDATE art_ping.user SET employee_id = '4136b392-dfaf-42a2-a803-bb148c5d738e' WHERE id = 'ffff022f-a47c-41f6-9f43-d59f2b182aa9';
UPDATE art_ping.user SET employee_id = '5ea6a810-7e9f-40d8-aa64-88aadd392bd6' WHERE id = '0e33d627-5f1f-4a7a-91f7-50d845f8f4c0';
UPDATE art_ping.user SET employee_id = '748d2171-c83b-49d6-9f31-6c56614a38fd' WHERE id = '3ef36b0f-7e83-447e-957a-126eee5ddb89';
UPDATE art_ping.user SET employee_id = '78d3c6fc-9ec2-4d5e-8837-634ba205e97b' WHERE id = 'a98eedae-3202-4918-b152-c9dec081768c';
UPDATE art_ping.user SET employee_id = '1b31f41e-8764-42e1-a0a1-5ae42459ad76' WHERE id = 'cf4952a1-a852-42b3-bff2-d7adbab4077c';
UPDATE art_ping.user SET employee_id = '2c89f475-cb7f-4ecc-a9b4-4c991f190f47' WHERE id = 'cf90583a-6662-41f5-9690-6d1c2ba8213b';
UPDATE art_ping.user SET employee_id = '07aa3b36-5dbe-4e2d-bd9c-2c10de4fe31c' WHERE id = '3fd34956-5844-4a33-8da8-26d6e2db63b9';
UPDATE art_ping.user SET employee_id = '79cc4504-acfd-40a9-8343-0da714742ed1' WHERE id = 'ced8f855-ac51-4029-872f-83cbd59d7b6e';
UPDATE art_ping.user SET employee_id = 'e5972d1b-7230-42db-9aa1-680c6576421a' WHERE id = '7df26877-717f-49a9-9478-6404bf1a191b';
UPDATE art_ping.user SET employee_id = '9d9f3d27-6f7d-44b4-b90e-29ea9b70cd71' WHERE id = '86e0e795-2447-488d-bd1f-748540d2d430';
UPDATE art_ping.user SET employee_id = '11777966-a5da-419b-a222-1697e06d1a75' WHERE id = '8640e156-d574-4590-9cea-00bb665a0e31';
UPDATE art_ping.user SET employee_id = '8e8bcccb-9ba6-4207-8c01-85599e7b5290' WHERE id = '835a6268-1323-457d-9bd1-a4f42666ba47';
UPDATE art_ping.user SET employee_id = '579ad4d9-ce39-459c-bbf0-bc6064386cd9' WHERE id = 'b5f822ca-5754-42d5-a6a8-ebd732a5e8ab';
UPDATE art_ping.user SET employee_id = '51a29037-c8d5-4651-b6d6-07ba63a0beea' WHERE id = '43e59535-190a-4866-9a43-1385a7d9c5b5';
UPDATE art_ping.user SET employee_id = 'b3363893-a62d-4c5c-9097-85f825e233ab' WHERE id = '2f23d087-1676-4bd3-b6ad-2c64f770a0dd';
UPDATE art_ping.user SET employee_id = 'c9318c7a-1d92-4bf8-ad4d-5863ad613bec' WHERE id = '34998643-3ac8-4b06-94e7-8b91b7186889';
UPDATE art_ping.user SET employee_id = '565e4cb8-57d7-4db8-b895-c675568040f6' WHERE id = 'd1e51921-5885-47cc-ac22-e4d303e7eba3';
UPDATE art_ping.user SET employee_id = '34758c18-8793-49ed-ba1b-03563ab4c9ac' WHERE id = '25b865bd-07ff-4182-bc84-af155e0d2917';
UPDATE art_ping.user SET employee_id = '8f548657-24aa-491e-b516-1d75024c24c4' WHERE id = '08d38c46-5906-4a67-8998-a9a073e086e0';
UPDATE art_ping.user SET employee_id = '0b6b3701-f0ce-4283-a73a-bfd154a94671' WHERE id = '64554f9a-1163-4c98-b98f-11329b892139';
UPDATE art_ping.user SET employee_id = '9815abd0-739b-4684-b4e0-23d71d2e4c3b' WHERE id = '089410fa-1832-4183-b362-8a4e4f0a2a5f';
UPDATE art_ping.user SET employee_id = '543f7bf5-07f6-463b-a2b3-57a909fabb86' WHERE id = '6aca81b6-4303-4f06-a4b1-29d262cff79a';
UPDATE art_ping.user SET employee_id = '7f7f02df-4264-4040-ba9b-b0dff5f3b822' WHERE id = '04066d25-717d-4aed-9d38-f843b9fcb85b';
UPDATE art_ping.user SET employee_id = '903a3ea2-a47f-4f02-ae1f-8a36f2bcc94d' WHERE id = '916df7e6-59b0-4f1c-bfee-e65c492b300c';
UPDATE art_ping.user SET employee_id = '82f36dff-c692-447e-8e33-535e5813245f' WHERE id = '5222cf34-f545-475c-90de-1c1ca706a339';
UPDATE art_ping.user SET employee_id = '17622583-a55a-4f34-8148-ef2ec9a41ea5' WHERE id = '3cc6ace4-a744-4085-bafd-8b15f84cd09a';
UPDATE art_ping.user SET employee_id = 'd61aae5c-d16a-4864-b56c-d96c04c226e0' WHERE id = 'c748368c-6b48-4957-abd9-8070e6a51a63';
UPDATE art_ping.user SET employee_id = '51155bd1-fd9e-42ea-a6be-f2365652b6a1' WHERE id = '9f4cefc5-491b-47f7-9538-ceaf34843f5e';
UPDATE art_ping.user SET employee_id = 'e262c579-6802-472a-ac75-d488ea8256fa' WHERE id = 'b980eef9-8f5a-45bd-ade8-9e8d19751a7e';
UPDATE art_ping.user SET employee_id = 'ccab5ede-90ec-45f9-a6c5-c14b0034032c' WHERE id = '668d46cf-5bad-488d-b3c2-acf7154e1acc';
UPDATE art_ping.user SET employee_id = '9016fc64-56c6-4250-a83e-c7a780948e87' WHERE id = 'f703561f-10d9-4317-a80c-22050093e092';
UPDATE art_ping.user SET employee_id = '8f60ac08-a513-4329-b2b2-db18aed20066' WHERE id = 'a4821637-4cc2-4d8e-8d84-915aaa23b47b';
UPDATE art_ping.user SET employee_id = '3663a6e6-7ce4-4afe-b9a0-7174100643e7' WHERE id = 'a9e32b14-d7cf-4fef-89ae-df11f6892b55';
UPDATE art_ping.user SET employee_id = '15b12267-a20e-437c-97b3-1b578dce50af' WHERE id = 'ea73c027-41c9-4ba4-b5f0-4df12861b7af';
UPDATE art_ping.user SET employee_id = '9526ec9f-3f38-48bc-b017-7ad1c1e701b9' WHERE id = 'ec9ce71c-06eb-41ba-9b04-9709a60043d3';
UPDATE art_ping.user SET employee_id = '9b8e086a-79c4-4945-8b9b-121fc5c0f1da' WHERE id = 'a8a9a79c-acbf-4df0-8223-a3fcd9cd381c';
UPDATE art_ping.user SET employee_id = '287bdb46-2808-4bb6-9159-b9bcadb7f9aa' WHERE id = '097237f5-8b84-49ce-9760-05eb53118db1';
UPDATE art_ping.user SET employee_id = '8b218105-ea4a-4d23-8af4-dd4ec4986545' WHERE id = '707582c8-6a82-40ae-a817-2b320801a148';
UPDATE art_ping.user SET employee_id = '8539b154-bcdd-46bd-9129-d8204964a577' WHERE id = 'f9dd5703-072a-4631-8d81-cd815e9810a5';
UPDATE art_ping.user SET employee_id = 'a6429b57-4091-4204-915a-a4a8049a3da6' WHERE id = '0f64e65f-e915-44ed-bfa1-8952a2a9d2c4';
UPDATE art_ping.user SET employee_id = 'af3b32a0-df8c-432f-88a9-cdfeec2f2331' WHERE id = 'baf0c0b0-d7a8-4632-8591-b49e799aef6c';
UPDATE art_ping.user SET employee_id = '8415afe4-bdac-4f3e-abf1-a5c30947e033' WHERE id = '01e11e8b-ecd0-4e38-8dca-2eff647aa55a';
UPDATE art_ping.user SET employee_id = 'ac3c940c-231c-4f2d-a74c-7503bb1887c6' WHERE id = 'd75eb84a-4054-4205-852e-14f667e80a15';
UPDATE art_ping.user SET employee_id = '4b618720-fc2b-450e-b5aa-7e6a457f9188' WHERE id = 'e8fad420-c531-47e0-8fe0-3ea413f40ae2';
UPDATE art_ping.user SET employee_id = 'c6fd483d-15b1-40ac-940f-2f648ca78d5f' WHERE id = '06b4c7ac-37e8-49a2-ae30-68c545636016';
UPDATE art_ping.user SET employee_id = '0d79771d-9394-4c50-9646-19a665f1cb35' WHERE id = 'f69bc698-0df6-4148-a7c0-2fd3ddc1bc08';
UPDATE art_ping.user SET employee_id = 'f68c9b8b-a2e5-4509-9aab-88f5bb6a7a70' WHERE id = '8829d144-5502-4397-a619-88c0b232e786';
UPDATE art_ping.user SET employee_id = '797bdf2a-70f1-4d51-ae75-f1998c189404' WHERE id = '2eefb5ed-9b94-407a-89c2-500458ab8186';
UPDATE art_ping.user SET employee_id = '84ab89ab-1097-4316-8aee-fbc91c705cf4' WHERE id = 'bf6395d5-c792-4f7a-845a-a119de4b3adc';
UPDATE art_ping.user SET employee_id = '13d6b506-b013-47ce-984b-1aa82664a859' WHERE id = '77397155-025d-4e2f-bc99-e709ac0f2eac';
UPDATE art_ping.user SET employee_id = 'da677ce4-a7e2-44c7-b94f-cb7ec2e309f8' WHERE id = 'e5ed27b2-b720-472b-95e6-ef30ea19436d';
UPDATE art_ping.user SET employee_id = '6363bc74-87d5-43d3-8a9b-75351223cb96' WHERE id = '45846392-e971-4d78-82b3-678538f85262';
UPDATE art_ping.user SET employee_id = '3a1cee63-504c-468f-a9ec-08f7d3288079' WHERE id = '0aeb80a3-4c95-46ff-8e9c-1bbff25d73c6';
UPDATE art_ping.user SET employee_id = 'b5131a17-901d-4a2a-90b0-53586b3fc53e' WHERE id = '0c4af6d8-f57a-49fd-9854-69f52a606e8b';
UPDATE art_ping.user SET employee_id = '54d1c74f-b264-4801-9fe3-7b52da677b00' WHERE id = '7c821237-1338-4fae-bd53-cc8c6e7dbbf2';
UPDATE art_ping.user SET employee_id = 'e6b66764-9b4c-453a-b94a-ded325a61809' WHERE id = 'c3ea1c29-3345-4d4c-80b1-10a15ce80612';
UPDATE art_ping.user SET employee_id = '20ea6750-716b-43fa-8414-d17288ad211e' WHERE id = 'fb7d590f-13fc-45a9-8de4-edc6ca1a89e7';
UPDATE art_ping.user SET employee_id = '5fff669d-f260-46f6-988f-5f03f8b8a045' WHERE id = '1b32d187-c507-4862-a53c-09b43da9f3d1';
UPDATE art_ping.user SET employee_id = 'ccc5823e-a619-4982-bf72-0e61feff6f92' WHERE id = '265408a7-586a-4d26-aea7-3d1b03c82851';
UPDATE art_ping.user SET employee_id = '797cdf14-fa24-4f54-988d-ea0063cfc947' WHERE id = 'a626ad18-82c2-49af-b180-4d2f11fef9ce';
UPDATE art_ping.user SET employee_id = 'fb5df13e-3aa0-4da4-b802-e31db07680ec' WHERE id = '4afc6ce6-e9fe-4500-9fcd-b1a38bcfc290';
UPDATE art_ping.user SET employee_id = '76d07a1b-3570-4419-afaa-1f67b3388406' WHERE id = '7e8d0356-a76f-43ab-bae7-8467c367a2bf';
UPDATE art_ping.user SET employee_id = '36e2d929-919b-43c3-a4cc-d28911382b29' WHERE id = '90ac7140-02a2-478b-9dfc-40aca5c1dcbe';
UPDATE art_ping.user SET employee_id = '9a06c2e5-08ac-46c4-9452-e42e0fb76b0f' WHERE id = '10c086c0-290a-4ac1-b93d-3892cf16d26f';
UPDATE art_ping.user SET employee_id = '8ee3c4a7-58ac-41bf-bbfe-56efd2e3f71a' WHERE id = '2443eee9-1aa1-4b8b-8e66-350e7614369c';
UPDATE art_ping.user SET employee_id = 'fc6e81f8-e1fd-4d04-b378-3aa9eb3d961a' WHERE id = 'ce0e6ae0-3fb4-45b3-bb63-2f35fb599199';
UPDATE art_ping.user SET employee_id = '7c2edd62-d898-4ddd-bc8f-91ae0cf6054d' WHERE id = '848d9a0d-4667-4dbe-a024-18502fc450b0';
UPDATE art_ping.user SET employee_id = '695ced66-b71b-44b8-9cea-36e7bbb792af' WHERE id = '4a3b107f-86cc-4225-bbcc-69b5803e739d';
UPDATE art_ping.user SET employee_id = 'dd028c8b-d720-4875-933f-d1b016aa800a' WHERE id = 'c8cee64e-9d83-4f2d-b173-fd6d1432e5eb';
UPDATE art_ping.user SET employee_id = '6cf0f201-a643-4c41-9bb6-297b8c1f18b0' WHERE id = 'aa40ccdc-f09d-429a-bfc0-2978d2396101';
UPDATE art_ping.user SET employee_id = 'da9a3888-66b6-490f-940f-c8080ddf34f0' WHERE id = '947ab1fe-98c1-4ff1-818e-6f8e8959cd98';
UPDATE art_ping.user SET employee_id = 'cbee8fe4-4285-4dd7-a761-5845eac12471' WHERE id = 'f469852c-cb78-4196-9b67-5c22b6a38adf';
UPDATE art_ping.user SET employee_id = '8e2fa457-7a9d-4d54-b2db-9f397833c25b' WHERE id = '27024f91-0d31-48b0-afd9-9390d4d63ce9';
UPDATE art_ping.user SET employee_id = '7d7b27db-3dd7-40f0-940e-40fd23583ae0' WHERE id = 'e08c3650-34bb-429f-bc5a-57bdd4ad102b';
UPDATE art_ping.user SET employee_id = '8d4a039e-f3dd-40e4-9fc2-67e88735598f' WHERE id = 'c44ab566-6ba3-4d0d-88e8-fe3933762a10';
UPDATE art_ping.user SET employee_id = '3cc460d6-ae56-46b0-b03b-9731103c9ed5' WHERE id = '372b807c-5521-4a71-bfa2-98f23095d78f';
UPDATE art_ping.user SET employee_id = '5ef53952-2c57-4e86-abdd-a884a667cdc0' WHERE id = 'b528901b-22d9-42f0-9c4f-06822958389b';
UPDATE art_ping.user SET employee_id = '40decd60-151e-4ad7-8a75-44a1f4483905' WHERE id = '55b328f9-13a5-4107-9cb9-f675357e8ad2';
UPDATE art_ping.user SET employee_id = 'b9b3d71b-2925-4ad9-93d0-603b6ce5c447' WHERE id = '42da8c86-d6e6-464f-981f-162c0a591148';
UPDATE art_ping.user SET employee_id = '0a016578-3d13-455f-b13a-520c1d515805' WHERE id = '4b0d217d-48b7-46e0-b973-efc33333a284';
UPDATE art_ping.user SET employee_id = 'f6a4faa4-2382-4314-b096-41bb5cc149f6' WHERE id = 'cff1140d-c1c8-48be-bebb-4da4fdfee779';
UPDATE art_ping.user SET employee_id = 'cea1074e-12e6-4fe6-b872-88c56302025d' WHERE id = 'c19e4f0f-d2d5-47ef-b1b4-d7d4d5c01c95';
UPDATE art_ping.user SET employee_id = '6cf2506e-1085-420b-9252-851e9917bd80' WHERE id = '94097330-e246-4ae9-90c6-58c020248bba';
UPDATE art_ping.user SET employee_id = '93f4e756-2150-4de8-b311-5742ba03a70e' WHERE id = '52a64910-56b2-483c-8cf0-ebf26bd48e30';
UPDATE art_ping.user SET employee_id = 'dcd7d596-0014-4d32-b3fb-d41fe32db9b0' WHERE id = '55d74644-b5a2-415a-9fd3-efc3a649abd7';
UPDATE art_ping.user SET employee_id = '3237697f-4825-4b39-82d4-363dcb46f4f7' WHERE id = '7b79c55e-643f-4b49-ae1e-78ca26ec65f7';
UPDATE art_ping.user SET employee_id = '48abdbe1-8aaf-44d3-8071-cfbc0f9a904f' WHERE id = '39b7698f-ebb3-40d0-837c-22a492ede4b6';
UPDATE art_ping.user SET employee_id = '0d878bc5-1550-4162-b0c2-37ef0a86734e' WHERE id = '7d4cc204-60b0-419b-9af2-e18ad8c55dba';
UPDATE art_ping.user SET employee_id = '5a9b6125-02bc-4c94-872b-cff8f59bf804' WHERE id = '2d227b71-eaad-49ab-9cac-74addc62fc31';
UPDATE art_ping.user SET employee_id = '50fdbdbe-cd9f-43c4-a5d6-5739de4e047a' WHERE id = '91d87c1a-9142-4d7c-b579-6026e9592449';
UPDATE art_ping.user SET employee_id = 'c5f2ad86-5440-4a19-a53f-60fd90dd693f' WHERE id = '7e2829b6-3b23-4489-a7a2-7a5283b8a50d';
UPDATE art_ping.user SET employee_id = '6beb736f-c2f9-4b54-a9e5-de76dab5e416' WHERE id = '9d4033bf-60ae-432e-9e28-5d6cef2842da';
UPDATE art_ping.user SET employee_id = 'b2cb052c-5cd3-47c7-ad21-1f72c33135c8' WHERE id = 'efc81698-f65c-41d2-a491-cccb7204d428';
UPDATE art_ping.user SET employee_id = '4525153b-7d9b-4dc3-b4cf-6ffc64f39c28' WHERE id = '7690acd2-a8ba-488e-bbb8-b109e35933b7';
UPDATE art_ping.user SET employee_id = 'a9190978-5c24-44a5-a2c4-75739f690ee7' WHERE id = '6228665d-81b4-4893-9bd0-15aa4fcf725a';
UPDATE art_ping.user SET employee_id = 'b461a3ce-c839-42b2-8f14-96886d8f4f09' WHERE id = 'c213edd0-8ac2-40ab-b11b-dcdd917e2133';
UPDATE art_ping.user SET employee_id = '2f4d0c07-8885-4053-bb24-5dde69432d8d' WHERE id = 'a2991ec7-53de-44ad-bfc5-d8af05a23ab8';
UPDATE art_ping.user SET employee_id = '8b1fa245-7c54-4fba-a76d-5fb65be1bfb2' WHERE id = '912df71b-a971-4228-98e2-d23cc63705f0';
UPDATE art_ping.user SET employee_id = 'ee18821c-2fac-45b7-93ce-d2c6f213b7a2' WHERE id = 'dc9ab336-8eb6-4e3e-b3d4-3e27f9a90c41';
UPDATE art_ping.user SET employee_id = '305804cb-4401-4585-b0a1-6cf519174104' WHERE id = '5a892822-c8cb-4ff3-a2b5-a38a796b030d';
UPDATE art_ping.user SET employee_id = '6788fe9e-0b6d-4091-9d2d-b7b395b0d6b9' WHERE id = '2674527c-24b2-47ae-8d28-cc731a04d96f';
UPDATE art_ping.user SET employee_id = '71825d81-7080-4395-85db-0677974028fb' WHERE id = '738fbaf0-7073-48dd-be1e-6b2b9f03ad14';
UPDATE art_ping.user SET employee_id = 'c015fe98-c89a-4f48-a784-fbc0111a03ea' WHERE id = '16fcfa12-52b3-48a3-8644-5ec93544936b';
UPDATE art_ping.user SET employee_id = '41cfd1b0-cc08-4dce-a5be-82b58b374970' WHERE id = 'e79fa6a5-d1d1-4a99-96ff-878428cf10ec';
UPDATE art_ping.user SET employee_id = 'e94eaf5e-e5b2-4db0-be81-ec0a0972d75e' WHERE id = 'b6f1838d-9cb7-4164-b1fa-e8280af16de0';
UPDATE art_ping.user SET employee_id = '3a59ad8e-4d52-442e-a860-dc5cd2d2d9cb' WHERE id = 'd891f045-c727-43c1-8f69-a565b0bf41bc';
UPDATE art_ping.user SET employee_id = '75bca82a-fe34-425a-a230-6a38050796e1' WHERE id = '35ef731b-0477-4c6a-97c5-cc735ca31716';
UPDATE art_ping.user SET employee_id = '84f9873e-cac9-467a-b5f5-5cf2383ec72c' WHERE id = 'bd7c7be5-a96a-4da2-aa2a-8e0ee8fef25a';
UPDATE art_ping.user SET employee_id = '40bf09a0-3331-4752-9542-97396ed2067c' WHERE id = '721099dd-5971-4f09-8003-0529a44fd72e';
UPDATE art_ping.user SET employee_id = '0c821e0c-2b09-4292-be75-7b83ab2d548a' WHERE id = '09261af2-df7b-44f2-9937-c696a5f938d1';
UPDATE art_ping.user SET employee_id = '12ccec95-be0d-40d8-a321-0184bb0feb4d' WHERE id = '08885e1d-ca60-4405-8511-13c8dfb5787d';
UPDATE art_ping.user SET employee_id = '195cf61d-97d8-4578-a11a-6c29165d15e8' WHERE id = '81b04144-16b5-4bb8-9e28-a3c11e7fe8f4';
UPDATE art_ping.user SET employee_id = '0a32321e-9946-4440-895f-8dab26e8bc8e' WHERE id = '95ca7db4-b3cd-4e35-b126-a66c0b542299';
UPDATE art_ping.user SET employee_id = '95fdbcff-3bcd-432c-b94c-1253010246fb' WHERE id = 'aa1a6232-2b41-433f-b7c4-5c830dbafdb3';
UPDATE art_ping.user SET employee_id = '7996b9e7-2d2b-40c1-832f-62eb11b14899' WHERE id = '5453daee-da8f-4790-a036-7fccaa058687';
UPDATE art_ping.user SET employee_id = 'b3b03389-d44a-45db-beca-28573ca0d074' WHERE id = 'c1846cc4-a0c0-4b1a-9e01-bb80af9d7051';
UPDATE art_ping.user SET employee_id = '33a091cc-41fc-4e79-bca9-a365574a3d31' WHERE id = 'bdfdb1c0-7674-421e-a5a0-5a4800fdd8ad';
UPDATE art_ping.user SET employee_id = '469ad035-138e-4ed1-8a41-c2cdd929c11a' WHERE id = 'ed6c311a-6208-480b-8320-17848abc91db';
UPDATE art_ping.user SET employee_id = '5db0bab2-7d5a-4f71-91f4-dda3804e123f' WHERE id = '464605c8-77be-4007-8b4a-4cf0eaa3b745';
UPDATE art_ping.user SET employee_id = '9dcaf691-4d1a-4934-90eb-bdab583f413f' WHERE id = '2b722b5d-0920-4d13-82d8-b4351a40184a';
UPDATE art_ping.user SET employee_id = '3a0f78e5-a19d-47c8-8efa-be56fb97b7d4' WHERE id = 'aedcc464-56f1-4911-9a50-78b51759e649';
UPDATE art_ping.user SET employee_id = '157bf713-ca0b-4b28-a463-b239600d6db9' WHERE id = 'f3519328-3e40-4346-a329-ecdf68528df4';
UPDATE art_ping.user SET employee_id = 'c018b9fa-a313-4b9d-845e-f8bf6764cb90' WHERE id = 'b16924d1-de32-4290-945c-e4e360428ede';
UPDATE art_ping.user SET employee_id = '5956d2ed-5ef1-4583-85a6-e096b3eabbe7' WHERE id = '45c21ddc-9f12-42e3-8d78-102be0c7e641';
UPDATE art_ping.user SET employee_id = 'c8bd3956-7976-4fc6-b067-f8e3742811c5' WHERE id = '85564c2b-f02c-4825-a856-f49672c7d7ca';
UPDATE art_ping.user SET employee_id = 'ae2182b4-101d-4037-9ab1-7de9bdd32b9d' WHERE id = '780824f3-d585-4460-9d37-972d6937c9f1';
UPDATE art_ping.user SET employee_id = 'f91e4bda-8d4b-4d47-9499-1a228005438e' WHERE id = '35b04625-2e12-4389-a713-37292e68db3d';
UPDATE art_ping.user SET employee_id = '35e9c910-a703-4e55-868a-6349b2932c2e' WHERE id = '624937f9-54ff-4d8e-85b2-0d7734b55606';
UPDATE art_ping.user SET employee_id = 'b729d9e5-33eb-4dbf-ac6a-809af5fcbd2d' WHERE id = 'b42e4fa9-9549-4b60-97e4-b6675385844f';
UPDATE art_ping.user SET employee_id = 'ff6cd514-030b-4dce-9bb8-c6027800b66a' WHERE id = 'ba14d137-9443-48ab-9cb8-1efe6040de97';
UPDATE art_ping.user SET employee_id = '4467c931-7c5b-4458-b5e8-ae6c4a45b2e2' WHERE id = 'a30950d0-c9d2-424e-a9bb-a3cfa6afa9d7';
UPDATE art_ping.user SET employee_id = '4eb70aff-a3e3-41ed-ae45-cfec802d1044' WHERE id = 'eaac452e-3faa-484c-b620-a0604d6d1e45';
UPDATE art_ping.user SET employee_id = 'd777d6d3-aac0-43b9-94fb-147f00e1cb50' WHERE id = 'e5557853-5f92-4623-a86f-c2d34fc00a29';
UPDATE art_ping.user SET employee_id = 'c180ae1b-fc61-4d49-990b-d7cb600e844a' WHERE id = '0b35fe7b-11fe-4224-95b9-f8d41033c51b';
UPDATE art_ping.user SET employee_id = 'd0d35692-5ae8-4dc5-9c90-b75c222a6b4a' WHERE id = 'e769a7a4-89b3-4c8b-8437-54e6f0a496a2';
UPDATE art_ping.user SET employee_id = 'cb313ea8-de1d-4276-b126-cac2dd2e005b' WHERE id = '9e8deeff-c9e4-4db2-8812-9dd5f0e58bbb';
UPDATE art_ping.user SET employee_id = '27ccbe89-6b69-470b-aaf2-c7171f6f805a' WHERE id = '524d43e2-daea-48fe-bda1-6b92777f3cde';
UPDATE art_ping.user SET employee_id = '189d8dc4-e125-4bb9-84d9-80d44ede46cc' WHERE id = '8e9b4e2e-b535-4306-bd18-5d6613b58ac1';
UPDATE art_ping.user SET employee_id = '149d7ba5-7f25-4b0f-b6a6-1f051640184c' WHERE id = '55d512b2-8cdc-4213-ae4c-4e6856744b0f';
UPDATE art_ping.user SET employee_id = 'ee440af7-8f43-4607-96af-7d2552158e42' WHERE id = '405b96c6-5e7d-471e-88f7-d9cc17a1aa78';
UPDATE art_ping.user SET employee_id = '6841e389-611a-4268-bbb1-7aa0a6049894' WHERE id = 'f13c8a94-6c9f-473f-aa16-76d3fe3303e0';
UPDATE art_ping.user SET employee_id = '3fe6a415-e23f-4902-bf19-9f1fd98db8a2' WHERE id = '4796a7e0-d958-40e3-aa6c-beb94966716f';
UPDATE art_ping.user SET employee_id = '35b57b32-3cd9-487f-9e75-f32ee5ea10fd' WHERE id = 'b4f3c64b-fd1c-4fe5-a1f7-f1e80d69c986';
UPDATE art_ping.user SET employee_id = 'cd7c3636-983d-4772-a6a2-190b60419c5d' WHERE id = 'eafdee8f-d663-44dc-92bf-ca7e75179bd1';
UPDATE art_ping.user SET employee_id = '703df4e6-31a6-42bd-98c8-03f227671bd5' WHERE id = 'e94f683b-64d5-416f-ba53-72b2c713be1f';
UPDATE art_ping.user SET employee_id = '0f75c8b9-a63f-4ca9-a328-f1d738e670cc' WHERE id = '15deee5e-9238-46f9-bd12-f2ece08718b9';
UPDATE art_ping.user SET employee_id = 'e51bf89d-1f27-4eb3-8bfe-394afe3761f2' WHERE id = '6762349e-ae02-41a7-8572-82799a571a7b';
UPDATE art_ping.user SET employee_id = '03bd88d1-01fd-4196-9869-a66e3c7f5d50' WHERE id = 'db7008c3-0325-45da-b348-40ce4cd603db';
UPDATE art_ping.user SET employee_id = 'cb53f907-5eb3-469c-9923-27ce1f5e789c' WHERE id = '5f135263-6e7a-4110-b141-76e67edddf28';
UPDATE art_ping.user SET employee_id = '63fc2908-a7d8-4f1b-afd5-be04c4cedac5' WHERE id = 'ddb1a037-31cc-4b9a-a3ee-8d7fdb6dd13c';
UPDATE art_ping.user SET employee_id = 'bdcbc5a8-1bcc-40de-918c-83a380dcf069' WHERE id = '4602567c-8726-468c-a047-3170646dbd99';
UPDATE art_ping.user SET employee_id = '15bba202-c20a-4a9f-8b7b-d254c4b076b1' WHERE id = '3f84a34a-4e54-4284-9164-77a9b14c3d01';
UPDATE art_ping.user SET employee_id = '6082c2d2-fa22-4c0b-b577-44c65009575c' WHERE id = '68927387-54d8-4f07-a285-c5fe746bb0d5';
UPDATE art_ping.user SET employee_id = 'b2710513-c31f-4bf0-bc4c-e0b5f89ed939' WHERE id = 'cdaf2292-64eb-4437-8fd0-bfff783e2064';
UPDATE art_ping.user SET employee_id = 'b229245e-89c7-4bc9-99a0-c6bf47fc5316' WHERE id = '743d8599-b290-4513-9a29-75551d5e7179';
UPDATE art_ping.user SET employee_id = '70d0ef25-cd5a-4744-aee0-8eb0fe24f88f' WHERE id = 'a5ee536f-7065-48cc-927e-3bdf4b47abbb';
UPDATE art_ping.user SET employee_id = '53614077-53a2-451e-9a55-acabc538a8ea' WHERE id = 'c8b7ba27-ca53-4fb0-8f0c-601e54130ecf';
UPDATE art_ping.user SET employee_id = 'dcb84d47-8c0a-475e-a903-a7ea3331b111' WHERE id = 'a0ec9d0a-05e5-4d42-8cda-9fabfdd0df28';
UPDATE art_ping.user SET employee_id = 'be4a84fb-dcfb-484c-9e59-6ec2c03ab595' WHERE id = '3c650b22-de68-44d0-a6d6-326d79d52b83';
UPDATE art_ping.user SET employee_id = '2bce4499-9f91-4b28-9e53-892559f60dbb' WHERE id = '1b7c7aa8-d230-4d83-8bcc-1780eb2e58cf';
UPDATE art_ping.user SET employee_id = '0d07c6be-33d7-4849-b55b-6625d87427d5' WHERE id = '9c79a690-1c6e-4354-a0a9-fe1104a1dba4';
UPDATE art_ping.user SET employee_id = '086bed16-e93d-48ab-a454-743bcc8def53' WHERE id = 'f1f35f59-9c96-4f61-99c4-5f6eb21299aa';
UPDATE art_ping.user SET employee_id = '9ba04272-ae67-4d5d-918a-7dc77c4f1526' WHERE id = 'cbbff474-f711-4650-ba42-0a83323f175b';
UPDATE art_ping.user SET employee_id = 'b3fa6705-7a65-48c7-a569-6c71afde850c' WHERE id = 'b80a7144-a60f-47f8-9b24-57fa36109489';
UPDATE art_ping.user SET employee_id = '448cde14-417e-4a81-811b-97f60537e967' WHERE id = '8a65a632-0542-4194-a1ea-1da97d63a390';
UPDATE art_ping.user SET employee_id = 'f10ea80a-52d0-4a17-bc85-99bfcd58f680' WHERE id = 'ecd7e289-1711-4514-910c-ff29ec1810e4';
UPDATE art_ping.user SET employee_id = '71e411a1-8cd4-4fcd-af2d-9b05916f7b15' WHERE id = '5b1c9d88-922b-4153-8029-bba69a9d2b4e';
UPDATE art_ping.user SET employee_id = 'd8a55535-6da6-45e7-a100-1413c7c52f6d' WHERE id = '199f5dc5-60fb-4f51-8606-728fe1530697';
UPDATE art_ping.user SET employee_id = '9e8e4e86-7d83-4115-af93-76a8126878ca' WHERE id = '49450bc8-ba22-4c2a-9435-fc0ee9ddcabc';
UPDATE art_ping.user SET employee_id = 'c1e36d5f-8a85-4b87-aa10-47996d010346' WHERE id = '1ee90591-2127-4b34-a66f-bc094cdab992';
UPDATE art_ping.user SET employee_id = '0fd172e1-f8a1-472b-b6b4-cb956e9c9e4e' WHERE id = 'f99a694c-6071-4abf-8744-9a394c8b2d3c';
INSERT INTO art_ping.project VALUES ('f9006f94-b44d-4722-ba62-1deeac3532fa', 'project0', true);
INSERT INTO art_ping.project_employee VALUES ('aab438e0-f983-47af-b011-639c7c9d451a', 'f9006f94-b44d-4722-ba62-1deeac3532fa', '74cc180f-b211-4f22-92ac-3213eeccb369', false);
INSERT INTO art_ping.project_employee VALUES ('ebb89f7c-e6f1-454e-8d04-780e32317b52', 'f9006f94-b44d-4722-ba62-1deeac3532fa', '9d9f3d27-6f7d-44b4-b90e-29ea9b70cd71', false);
INSERT INTO art_ping.project_employee VALUES ('dd8eb217-8e40-4580-9b65-491cb082e358', 'f9006f94-b44d-4722-ba62-1deeac3532fa', 'e1ea0ed8-80c2-43a3-97a2-2ad2e596e614', false);
INSERT INTO art_ping.project_employee VALUES ('38116e2b-e282-45d8-8525-d8c0e766d19d', 'f9006f94-b44d-4722-ba62-1deeac3532fa', '9a06c2e5-08ac-46c4-9452-e42e0fb76b0f', false);
INSERT INTO art_ping.project_employee VALUES ('ba6bbafb-9555-43dc-913c-962d02368ade', 'f9006f94-b44d-4722-ba62-1deeac3532fa', '2c89f475-cb7f-4ecc-a9b4-4c991f190f47', false);
INSERT INTO art_ping.project_employee VALUES ('3bcfb5c6-9868-47ce-b2c5-4bde8faebefa', 'f9006f94-b44d-4722-ba62-1deeac3532fa', 'dfc03a25-ec14-47a4-a7d4-21d215d16eee', false);
INSERT INTO art_ping.project_employee VALUES ('c669b64d-2131-4f8a-9aa5-21d3d45d532e', 'f9006f94-b44d-4722-ba62-1deeac3532fa', '0c821e0c-2b09-4292-be75-7b83ab2d548a', false);
INSERT INTO art_ping.project_employee VALUES ('1ae47521-26a4-4170-8509-4efb1b94f067', 'f9006f94-b44d-4722-ba62-1deeac3532fa', '19b2ef4e-cba1-4081-8ac5-a39d91c885c2', false);
INSERT INTO art_ping.project VALUES ('099256d2-ece6-4e9e-8f50-a7e5292f495e', 'project1', true);
INSERT INTO art_ping.project_employee VALUES ('18dd9e71-a251-470c-a249-1df6abb76631', '099256d2-ece6-4e9e-8f50-a7e5292f495e', '135dff97-b4e1-466b-a9d4-d4453590aa84', false);
INSERT INTO art_ping.project_employee VALUES ('57d3a7b3-8e0b-4c91-91e6-92c4e68d96df', '099256d2-ece6-4e9e-8f50-a7e5292f495e', '20ea6750-716b-43fa-8414-d17288ad211e', false);
INSERT INTO art_ping.project_employee VALUES ('3cd9e91a-5c70-4eeb-9f19-f21654c4e04d', '099256d2-ece6-4e9e-8f50-a7e5292f495e', '903a3ea2-a47f-4f02-ae1f-8a36f2bcc94d', false);
INSERT INTO art_ping.project_employee VALUES ('87dbb3f5-67fc-44fc-8314-7481d21e6a86', '099256d2-ece6-4e9e-8f50-a7e5292f495e', 'b31b7a99-146d-44c8-8aa3-f55fae2cd77f', false);
INSERT INTO art_ping.project_employee VALUES ('68904b21-a1c1-4204-9fc7-f632b0af6733', '099256d2-ece6-4e9e-8f50-a7e5292f495e', 'dcb84d47-8c0a-475e-a903-a7ea3331b111', false);
INSERT INTO art_ping.project_employee VALUES ('5c93254c-6092-4a24-a527-e4bf9e6a1de0', '099256d2-ece6-4e9e-8f50-a7e5292f495e', 'c3b680a8-20bb-4195-a56b-761167f0a5e2', false);
INSERT INTO art_ping.project_employee VALUES ('ee14ab3c-f71e-4fd6-8404-1ea79ece9a72', '099256d2-ece6-4e9e-8f50-a7e5292f495e', 'd61aae5c-d16a-4864-b56c-d96c04c226e0', false);
INSERT INTO art_ping.project_employee VALUES ('a96c71b9-3dc1-4625-9b38-3018557b7d46', '099256d2-ece6-4e9e-8f50-a7e5292f495e', '454cef13-92b0-4e56-87d9-18c3c57c92b2', false);
INSERT INTO art_ping.project_employee VALUES ('120beb9d-359c-4e05-a8f0-0362204cef97', '099256d2-ece6-4e9e-8f50-a7e5292f495e', 'fa20c090-d6e7-4a1f-96e8-351d412e2705', false);
INSERT INTO art_ping.project_employee VALUES ('7519c6b4-d500-43b1-a47e-466eff2da90b', '099256d2-ece6-4e9e-8f50-a7e5292f495e', '6082c2d2-fa22-4c0b-b577-44c65009575c', false);
INSERT INTO art_ping.project_employee VALUES ('2f91db30-2720-4d19-8658-304dfa513b23', '099256d2-ece6-4e9e-8f50-a7e5292f495e', '83ac73a9-b34e-48ea-be0d-87c562931615', false);
INSERT INTO art_ping.project_employee VALUES ('dd377207-6306-47fd-9c70-7a62975b2bc3', '099256d2-ece6-4e9e-8f50-a7e5292f495e', '9e8e4e86-7d83-4115-af93-76a8126878ca', false);
INSERT INTO art_ping.project_employee VALUES ('7541ea9d-7ece-4632-a969-86b49c91817f', '099256d2-ece6-4e9e-8f50-a7e5292f495e', 'f10ea80a-52d0-4a17-bc85-99bfcd58f680', false);
INSERT INTO art_ping.project_employee VALUES ('d44f2391-caa8-4981-9da3-eec4cad28b61', '099256d2-ece6-4e9e-8f50-a7e5292f495e', '8c778e78-17dd-47ff-81d9-8c550d9e7cb3', false);
INSERT INTO art_ping.project_employee VALUES ('c2067e68-a559-4e78-a5f2-35350f8ecaff', '099256d2-ece6-4e9e-8f50-a7e5292f495e', 'ac3c940c-231c-4f2d-a74c-7503bb1887c6', false);
INSERT INTO art_ping.project_employee VALUES ('a60632b8-c118-4707-9f07-a870cc83ebf5', '099256d2-ece6-4e9e-8f50-a7e5292f495e', '4525153b-7d9b-4dc3-b4cf-6ffc64f39c28', false);
INSERT INTO art_ping.project VALUES ('bdcd1980-cffb-46cc-9868-a55dbda9a047', 'project2', true);
INSERT INTO art_ping.project_employee VALUES ('79881560-2caa-4d5e-a844-324b230a5ff4', 'bdcd1980-cffb-46cc-9868-a55dbda9a047', 'f2ea8ba1-6d5a-4a1c-9f6c-5d1b7152e33a', false);
INSERT INTO art_ping.project_employee VALUES ('3e5d3ae3-5623-4272-b6d7-631ed7950f67', 'bdcd1980-cffb-46cc-9868-a55dbda9a047', '67098364-3f5b-4ca9-b972-6ba74eba9bd8', false);
INSERT INTO art_ping.project_employee VALUES ('4fae4b88-9067-494b-9da8-141a5153b708', 'bdcd1980-cffb-46cc-9868-a55dbda9a047', '40decd60-151e-4ad7-8a75-44a1f4483905', false);
INSERT INTO art_ping.project_employee VALUES ('2e23afdb-e8fa-4486-887f-c334a4db26ea', 'bdcd1980-cffb-46cc-9868-a55dbda9a047', '2f4d0c07-8885-4053-bb24-5dde69432d8d', false);
INSERT INTO art_ping.project_employee VALUES ('2f418683-de0c-4ca5-8df1-9dc5a3f97764', 'bdcd1980-cffb-46cc-9868-a55dbda9a047', 'e1ea0ed8-80c2-43a3-97a2-2ad2e596e614', false);
INSERT INTO art_ping.project_employee VALUES ('48a0c9c4-2b0d-40e5-9bce-2333d7a4f867', 'bdcd1980-cffb-46cc-9868-a55dbda9a047', '4467c931-7c5b-4458-b5e8-ae6c4a45b2e2', false);
INSERT INTO art_ping.project_employee VALUES ('aa706ed8-1bca-4414-ba65-3f0985f0aba3', 'bdcd1980-cffb-46cc-9868-a55dbda9a047', '84f9873e-cac9-467a-b5f5-5cf2383ec72c', false);
INSERT INTO art_ping.project_employee VALUES ('20753daf-bbcd-465c-959b-49e487d8f868', 'bdcd1980-cffb-46cc-9868-a55dbda9a047', '5fff669d-f260-46f6-988f-5f03f8b8a045', false);
INSERT INTO art_ping.project_employee VALUES ('5ab7d3ab-78f0-4416-95e2-3f227fcdc743', 'bdcd1980-cffb-46cc-9868-a55dbda9a047', '8949e26c-f25d-41f8-995a-f41b22bb9670', false);
INSERT INTO art_ping.project_employee VALUES ('4914387b-0a56-4b90-9445-e28f77e9902e', 'bdcd1980-cffb-46cc-9868-a55dbda9a047', '97d4e815-ae13-4d16-89ee-a41a068c08f5', false);
INSERT INTO art_ping.project_employee VALUES ('698ef7ec-b86b-45ea-b7ab-020dfec9b701', 'bdcd1980-cffb-46cc-9868-a55dbda9a047', '53614077-53a2-451e-9a55-acabc538a8ea', false);
INSERT INTO art_ping.project_employee VALUES ('773fb4b0-829b-4bd8-870a-fda0a74f5c6c', 'bdcd1980-cffb-46cc-9868-a55dbda9a047', 'c8bd3956-7976-4fc6-b067-f8e3742811c5', false);
INSERT INTO art_ping.project_employee VALUES ('a6273976-983e-4859-820b-52b94b2ce1eb', 'bdcd1980-cffb-46cc-9868-a55dbda9a047', '8f548657-24aa-491e-b516-1d75024c24c4', false);
INSERT INTO art_ping.project_employee VALUES ('121ccb2e-2aad-4c65-80c1-ec54b061f88d', 'bdcd1980-cffb-46cc-9868-a55dbda9a047', '8ad0648e-a4b8-46ba-9c8d-b940cfbc5c08', false);
INSERT INTO art_ping.project_employee VALUES ('b7e606fb-34d0-4184-b587-8ac4bb13ad1d', 'bdcd1980-cffb-46cc-9868-a55dbda9a047', 'e26704e1-f069-4968-84e7-91b6277fd221', false);
INSERT INTO art_ping.project_employee VALUES ('bbdab376-7ec6-4ef6-86df-ff112d54ce85', 'bdcd1980-cffb-46cc-9868-a55dbda9a047', 'f8983a7a-fc5f-4ddc-aaa2-b5e75b472253', false);
INSERT INTO art_ping.project_employee VALUES ('d93fb4f0-5161-424e-928a-908865709997', 'bdcd1980-cffb-46cc-9868-a55dbda9a047', '11777966-a5da-419b-a222-1697e06d1a75', false);
INSERT INTO art_ping.project VALUES ('88516bb4-eb7b-48d1-bdcf-d9b9435576b5', 'project3', true);
INSERT INTO art_ping.project_employee VALUES ('bdd8574c-f10b-4310-9259-7f80df66bb7f', '88516bb4-eb7b-48d1-bdcf-d9b9435576b5', 'cb53f907-5eb3-469c-9923-27ce1f5e789c', false);
INSERT INTO art_ping.project_employee VALUES ('5bb9d1bd-df89-4d1d-bb35-f688619a5994', '88516bb4-eb7b-48d1-bdcf-d9b9435576b5', '6224d9c8-2988-4b5b-b9da-9ddc1d521a32', false);
INSERT INTO art_ping.project_employee VALUES ('c0302a16-86f8-4ebc-baee-6f31f2a775ca', '88516bb4-eb7b-48d1-bdcf-d9b9435576b5', '0f75c8b9-a63f-4ca9-a328-f1d738e670cc', false);
INSERT INTO art_ping.project_employee VALUES ('ca8bf293-513b-4302-9f9c-c3f982508055', '88516bb4-eb7b-48d1-bdcf-d9b9435576b5', '5a9b6125-02bc-4c94-872b-cff8f59bf804', false);
INSERT INTO art_ping.project_employee VALUES ('4656e508-8fcd-4480-aebf-229e64090dce', '88516bb4-eb7b-48d1-bdcf-d9b9435576b5', '13d6b506-b013-47ce-984b-1aa82664a859', false);
INSERT INTO art_ping.project_employee VALUES ('d00e2192-5d79-4ee3-89c3-ce5eaaaf30be', '88516bb4-eb7b-48d1-bdcf-d9b9435576b5', '4d22d09f-b030-4274-a1a1-6acb3969d0c7', false);
INSERT INTO art_ping.project VALUES ('d6d1971e-9e59-4ae0-825d-15c7133ae0ed', 'project4', true);
INSERT INTO art_ping.project_employee VALUES ('58005791-cab0-44ca-a230-01d4054e9268', 'd6d1971e-9e59-4ae0-825d-15c7133ae0ed', '7f7f02df-4264-4040-ba9b-b0dff5f3b822', false);
INSERT INTO art_ping.project_employee VALUES ('f99ace3c-6939-44c0-acc0-d14821c58f6b', 'd6d1971e-9e59-4ae0-825d-15c7133ae0ed', 'd8235bf0-6cb4-40c4-bcff-fce23ed0f8ab', false);
INSERT INTO art_ping.project_employee VALUES ('792fe13c-d387-4b37-96fd-a06c3d5d968b', 'd6d1971e-9e59-4ae0-825d-15c7133ae0ed', '33bb851b-af14-41e7-9546-c771e67cc2a2', false);
INSERT INTO art_ping.project_employee VALUES ('85b1902e-4dc6-4425-bca4-60a9a917fdb2', 'd6d1971e-9e59-4ae0-825d-15c7133ae0ed', '2bce4499-9f91-4b28-9e53-892559f60dbb', false);
INSERT INTO art_ping.project_employee VALUES ('a1f6ec8e-1c3a-4b44-84a2-2b5dc40e617d', 'd6d1971e-9e59-4ae0-825d-15c7133ae0ed', '0fbe8cf2-d827-4419-9dd8-41685f088e9e', false);
INSERT INTO art_ping.project_employee VALUES ('afcb14dc-4cb7-4486-b195-8f472ed673f5', 'd6d1971e-9e59-4ae0-825d-15c7133ae0ed', 'aa2122ff-82f3-4c14-ba60-eab3016bd411', false);
INSERT INTO art_ping.project_employee VALUES ('258f87ad-0c07-43fa-b374-58539e0ed94d', 'd6d1971e-9e59-4ae0-825d-15c7133ae0ed', 'bdcbc5a8-1bcc-40de-918c-83a380dcf069', false);
INSERT INTO art_ping.project_employee VALUES ('a3bc200e-0398-4b86-84ff-7515e1887e75', 'd6d1971e-9e59-4ae0-825d-15c7133ae0ed', '8ad0648e-a4b8-46ba-9c8d-b940cfbc5c08', false);
INSERT INTO art_ping.project_employee VALUES ('157792e7-da5f-432a-8227-00c191ea92f5', 'd6d1971e-9e59-4ae0-825d-15c7133ae0ed', 'e94eaf5e-e5b2-4db0-be81-ec0a0972d75e', false);
INSERT INTO art_ping.project VALUES ('ba081316-116d-44d4-88aa-f547d3b1bfe3', 'project5', true);
INSERT INTO art_ping.project_employee VALUES ('c3fc2b72-bcfa-483e-85f6-a6f78991f100', 'ba081316-116d-44d4-88aa-f547d3b1bfe3', '579ad4d9-ce39-459c-bbf0-bc6064386cd9', false);
INSERT INTO art_ping.project_employee VALUES ('8727a9c3-29d0-4550-b39d-93406e8512e4', 'ba081316-116d-44d4-88aa-f547d3b1bfe3', '8b38ba9e-39ac-4584-a949-c6fb9f258806', false);
INSERT INTO art_ping.project_employee VALUES ('dd357eff-71cd-4482-a513-e217fe51334d', 'ba081316-116d-44d4-88aa-f547d3b1bfe3', '8f3778ba-4d68-4b8c-9390-223b249e02c7', false);
INSERT INTO art_ping.project_employee VALUES ('aa757c5f-0359-463b-af0a-7f685842126f', 'ba081316-116d-44d4-88aa-f547d3b1bfe3', '6224d9c8-2988-4b5b-b9da-9ddc1d521a32', false);
INSERT INTO art_ping.project_employee VALUES ('2c334cda-4511-431e-b210-ef61fc22b345', 'ba081316-116d-44d4-88aa-f547d3b1bfe3', 'cb53f907-5eb3-469c-9923-27ce1f5e789c', false);
INSERT INTO art_ping.project_employee VALUES ('50b4520f-a081-4666-897c-64629924cd35', 'ba081316-116d-44d4-88aa-f547d3b1bfe3', 'd46d9c33-a620-4c1b-8e28-4d347c1dc84e', false);
INSERT INTO art_ping.project_employee VALUES ('97d56d29-8c64-4fc6-b509-0c69238997c6', 'ba081316-116d-44d4-88aa-f547d3b1bfe3', '0ad2eacd-3cc2-46ad-8308-f3e90ca9ecc8', false);
INSERT INTO art_ping.project_employee VALUES ('00a2bad8-d4e2-4b6d-97d4-1fd9036d220d', 'ba081316-116d-44d4-88aa-f547d3b1bfe3', 'b9b3d71b-2925-4ad9-93d0-603b6ce5c447', false);
INSERT INTO art_ping.project_employee VALUES ('af6e73f9-e18d-4361-9be1-2b7b9f071d91', 'ba081316-116d-44d4-88aa-f547d3b1bfe3', '4136b392-dfaf-42a2-a803-bb148c5d738e', false);
INSERT INTO art_ping.project VALUES ('88e07862-871b-4cbf-88b4-3e368fbdb547', 'project6', true);
INSERT INTO art_ping.project_employee VALUES ('c74d5fd3-cc59-49b1-8b92-f5719eadad23', '88e07862-871b-4cbf-88b4-3e368fbdb547', '51155bd1-fd9e-42ea-a6be-f2365652b6a1', false);
INSERT INTO art_ping.project_employee VALUES ('20224308-19ff-4be3-9930-c15ee7fbbf2e', '88e07862-871b-4cbf-88b4-3e368fbdb547', '93f4e756-2150-4de8-b311-5742ba03a70e', false);
INSERT INTO art_ping.project_employee VALUES ('a64ac750-dc59-4631-8bf1-bc10298577bf', '88e07862-871b-4cbf-88b4-3e368fbdb547', '15b12267-a20e-437c-97b3-1b578dce50af', false);
INSERT INTO art_ping.project_employee VALUES ('c6fa7e17-940a-4300-a7fe-1c254509491f', '88e07862-871b-4cbf-88b4-3e368fbdb547', '20ea6750-716b-43fa-8414-d17288ad211e', false);
INSERT INTO art_ping.project_employee VALUES ('2b489fbc-aa29-4284-8757-0b9fa4cde2ad', '88e07862-871b-4cbf-88b4-3e368fbdb547', '19d1efb8-ee88-4363-959d-03669db4d466', false);
INSERT INTO art_ping.project_employee VALUES ('75cbdf16-b381-4ed7-a26d-0177d008cf2b', '88e07862-871b-4cbf-88b4-3e368fbdb547', 'da9a3888-66b6-490f-940f-c8080ddf34f0', false);
INSERT INTO art_ping.project_employee VALUES ('295e2839-b557-47db-882f-1ac58ee7b69d', '88e07862-871b-4cbf-88b4-3e368fbdb547', '0d79771d-9394-4c50-9646-19a665f1cb35', false);
INSERT INTO art_ping.project_employee VALUES ('4777fc11-2634-4b58-9408-312bb944a2b0', '88e07862-871b-4cbf-88b4-3e368fbdb547', '9b33d0fa-6e3b-4239-88fb-62e283a1ceff', false);
INSERT INTO art_ping.project_employee VALUES ('57149374-60ae-470a-b4ea-1670dce58b96', '88e07862-871b-4cbf-88b4-3e368fbdb547', '305804cb-4401-4585-b0a1-6cf519174104', false);
INSERT INTO art_ping.project_employee VALUES ('559ba094-90ec-436b-9b43-350dd5b048fa', '88e07862-871b-4cbf-88b4-3e368fbdb547', '9795ad06-4fce-43b3-98ed-a4f4159d8198', false);
INSERT INTO art_ping.project_employee VALUES ('202042da-2dbe-4415-a1fc-468412e9ec12', '88e07862-871b-4cbf-88b4-3e368fbdb547', 'ee18821c-2fac-45b7-93ce-d2c6f213b7a2', false);
INSERT INTO art_ping.project_employee VALUES ('c3bbad31-4c43-4418-86b4-535936f00e55', '88e07862-871b-4cbf-88b4-3e368fbdb547', 'f294e255-0c6e-4bee-8f10-afa1172d08f4', false);
INSERT INTO art_ping.project_employee VALUES ('62d9c9a1-9448-4231-a06d-f8e442a306ae', '88e07862-871b-4cbf-88b4-3e368fbdb547', '5ee9532f-300a-475a-b3f2-ec459eb14e9b', false);
INSERT INTO art_ping.project_employee VALUES ('8c641134-3c29-499f-ad65-032e01bcc792', '88e07862-871b-4cbf-88b4-3e368fbdb547', '180ec0b3-23d5-47d0-966b-09f5f5dbb6af', false);
INSERT INTO art_ping.project VALUES ('2bc31560-b149-4276-9fd6-b0ebb2c77a77', 'project7', true);
INSERT INTO art_ping.project_employee VALUES ('418c4f0c-bce3-475c-a83a-90219d59f7a2', '2bc31560-b149-4276-9fd6-b0ebb2c77a77', '135dff97-b4e1-466b-a9d4-d4453590aa84', false);
INSERT INTO art_ping.project_employee VALUES ('a13178e6-ded1-43de-bd58-f724d2012eae', '2bc31560-b149-4276-9fd6-b0ebb2c77a77', 'c180ae1b-fc61-4d49-990b-d7cb600e844a', false);
INSERT INTO art_ping.project_employee VALUES ('36a0e57e-0f1e-4e00-90a6-5f81a17e5535', '2bc31560-b149-4276-9fd6-b0ebb2c77a77', '703df4e6-31a6-42bd-98c8-03f227671bd5', false);
INSERT INTO art_ping.project_employee VALUES ('ba221e25-d01d-46f9-929c-4bd725aaf736', '2bc31560-b149-4276-9fd6-b0ebb2c77a77', '5ea6a810-7e9f-40d8-aa64-88aadd392bd6', false);
INSERT INTO art_ping.project_employee VALUES ('3a2b6f97-815a-45c3-ae5e-fece41d0ca39', '2bc31560-b149-4276-9fd6-b0ebb2c77a77', '2908a3a2-867c-40ca-999f-af8e27ea2cd2', false);
INSERT INTO art_ping.project_employee VALUES ('8ec0a022-b74c-40a3-8b30-edc1f6dc2833', '2bc31560-b149-4276-9fd6-b0ebb2c77a77', '0c821e0c-2b09-4292-be75-7b83ab2d548a', false);
INSERT INTO art_ping.project_employee VALUES ('d341d667-40f3-4b33-b9ad-90191f16b589', '2bc31560-b149-4276-9fd6-b0ebb2c77a77', '9b33d0fa-6e3b-4239-88fb-62e283a1ceff', false);
INSERT INTO art_ping.project_employee VALUES ('3a4a0ccb-1c05-4775-814a-e1e36f8d5552', '2bc31560-b149-4276-9fd6-b0ebb2c77a77', 'd61aae5c-d16a-4864-b56c-d96c04c226e0', false);
INSERT INTO art_ping.project_employee VALUES ('d074c995-c1e6-4751-b811-f9630464e2c6', '2bc31560-b149-4276-9fd6-b0ebb2c77a77', '7f1b2eac-41b0-4fbc-92d0-0b85a563306b', false);
INSERT INTO art_ping.project_employee VALUES ('eff8d55d-558c-4505-88b9-60c67fbdbff5', '2bc31560-b149-4276-9fd6-b0ebb2c77a77', '8f3778ba-4d68-4b8c-9390-223b249e02c7', false);
INSERT INTO art_ping.project_employee VALUES ('f9c5b82a-440d-4881-a00c-8ad17c62750d', '2bc31560-b149-4276-9fd6-b0ebb2c77a77', 'b461a3ce-c839-42b2-8f14-96886d8f4f09', false);
INSERT INTO art_ping.project_employee VALUES ('540fe446-5065-4d7b-b142-033991975c45', '2bc31560-b149-4276-9fd6-b0ebb2c77a77', '51092587-faec-4445-aecb-d59208fb07c5', false);
INSERT INTO art_ping.project_employee VALUES ('2d9cf481-d642-4a70-b629-648228c2aa3d', '2bc31560-b149-4276-9fd6-b0ebb2c77a77', 'e51bf89d-1f27-4eb3-8bfe-394afe3761f2', false);
INSERT INTO art_ping.project_employee VALUES ('2a4f438c-4512-4a2b-a248-25b8a46445b1', '2bc31560-b149-4276-9fd6-b0ebb2c77a77', '7d7b27db-3dd7-40f0-940e-40fd23583ae0', false);
INSERT INTO art_ping.project_employee VALUES ('183331eb-2500-44d4-9e67-c52f44d99c51', '2bc31560-b149-4276-9fd6-b0ebb2c77a77', '7996b9e7-2d2b-40c1-832f-62eb11b14899', false);
INSERT INTO art_ping.project_employee VALUES ('6aa7a5b3-e368-4ae7-9d39-a81fc74132d7', '2bc31560-b149-4276-9fd6-b0ebb2c77a77', '8779a71a-5d0c-48e2-8428-3718440ca45e', false);
INSERT INTO art_ping.project_employee VALUES ('da41e11c-6f03-4b0e-a3d4-5b6fbbe3d1b4', '2bc31560-b149-4276-9fd6-b0ebb2c77a77', 'a7b43dbf-9e55-47ff-b635-3eaaa83976ab', false);
INSERT INTO art_ping.project_employee VALUES ('8ec63f85-c3b7-491d-9463-18cb7f68a636', '2bc31560-b149-4276-9fd6-b0ebb2c77a77', '8ad0648e-a4b8-46ba-9c8d-b940cfbc5c08', false);
INSERT INTO art_ping.project VALUES ('6539b0fb-d4b0-4fa3-9707-81e678ec497f', 'project8', true);
INSERT INTO art_ping.project_employee VALUES ('ad26a4cf-bfd3-44b8-845a-692f0ff7f511', '6539b0fb-d4b0-4fa3-9707-81e678ec497f', '6224d9c8-2988-4b5b-b9da-9ddc1d521a32', false);
INSERT INTO art_ping.project_employee VALUES ('0fa1bfdf-16fa-4e76-b3cf-05190b715c03', '6539b0fb-d4b0-4fa3-9707-81e678ec497f', 'e5972d1b-7230-42db-9aa1-680c6576421a', false);
INSERT INTO art_ping.project_employee VALUES ('b67be733-f2cf-4150-8bc9-7528a476bbbe', '6539b0fb-d4b0-4fa3-9707-81e678ec497f', 'fc6e81f8-e1fd-4d04-b378-3aa9eb3d961a', false);
INSERT INTO art_ping.project_employee VALUES ('edefdc12-35b8-4af1-8951-f82d51f70a96', '6539b0fb-d4b0-4fa3-9707-81e678ec497f', 'cbee8fe4-4285-4dd7-a761-5845eac12471', false);
INSERT INTO art_ping.project_employee VALUES ('ccb99358-be6c-406c-9098-affa7e64a3c8', '6539b0fb-d4b0-4fa3-9707-81e678ec497f', 'f10ea80a-52d0-4a17-bc85-99bfcd58f680', false);
INSERT INTO art_ping.project_employee VALUES ('3746449a-e5a8-46ae-98a1-c13246550c50', '6539b0fb-d4b0-4fa3-9707-81e678ec497f', 'fead7538-4a8d-41e9-ab89-b924c4432a13', false);
INSERT INTO art_ping.project_employee VALUES ('991295a1-366e-4b34-9c38-07dfd5b037d1', '6539b0fb-d4b0-4fa3-9707-81e678ec497f', '9dcaf691-4d1a-4934-90eb-bdab583f413f', false);
INSERT INTO art_ping.project_employee VALUES ('124f12bf-485c-4843-8042-54c1bf47e3bd', '6539b0fb-d4b0-4fa3-9707-81e678ec497f', '5ee9532f-300a-475a-b3f2-ec459eb14e9b', false);
INSERT INTO art_ping.project_employee VALUES ('3ca75ae2-4fcf-43e2-aaae-58c40d26edb1', '6539b0fb-d4b0-4fa3-9707-81e678ec497f', '40decd60-151e-4ad7-8a75-44a1f4483905', false);
INSERT INTO art_ping.project VALUES ('d3bd9eeb-3164-40d1-80bf-e376acaceea8', 'project9', true);
INSERT INTO art_ping.project_employee VALUES ('e77f7b97-471f-464d-8919-133eb80288a7', 'd3bd9eeb-3164-40d1-80bf-e376acaceea8', '0012324d-6938-462e-86b1-b6e78d35d9e2', false);
INSERT INTO art_ping.project_employee VALUES ('8f79676c-c027-456f-ac0c-5769f2757dce', 'd3bd9eeb-3164-40d1-80bf-e376acaceea8', '6b594298-35f0-426e-8e52-94565eb771a4', false);
INSERT INTO art_ping.project_employee VALUES ('ccf9fae9-536e-4ed8-b46b-fbf81aa992e3', 'd3bd9eeb-3164-40d1-80bf-e376acaceea8', '801e201f-8630-4b6a-ac3d-24cd64a44d85', false);
INSERT INTO art_ping.project_employee VALUES ('ee36d317-2f09-47e0-a436-aa719844f14f', 'd3bd9eeb-3164-40d1-80bf-e376acaceea8', 'e53df53d-5cdd-413e-8606-289626360a05', false);
INSERT INTO art_ping.project_employee VALUES ('944149b2-5519-42a8-a14a-19bf06871bac', 'd3bd9eeb-3164-40d1-80bf-e376acaceea8', '9b199c54-97d9-4aa7-b356-4bb553a31c1f', false);
INSERT INTO art_ping.project_employee VALUES ('e0c96bf7-38ad-46a7-9e44-6de152c1f964', 'd3bd9eeb-3164-40d1-80bf-e376acaceea8', '6788fe9e-0b6d-4091-9d2d-b7b395b0d6b9', false);
INSERT INTO art_ping.project_employee VALUES ('1ae7afdb-7e7c-489a-a2b7-5e0cf02ea786', 'd3bd9eeb-3164-40d1-80bf-e376acaceea8', 'bdcbc5a8-1bcc-40de-918c-83a380dcf069', false);
INSERT INTO art_ping.project_employee VALUES ('757d9fcc-33ab-41e9-9c06-2142f4de5709', 'd3bd9eeb-3164-40d1-80bf-e376acaceea8', '0c821e0c-2b09-4292-be75-7b83ab2d548a', false);
INSERT INTO art_ping.project_employee VALUES ('a7e8069f-3a12-44ad-a8e6-661cd9ad7602', 'd3bd9eeb-3164-40d1-80bf-e376acaceea8', '9dcaf691-4d1a-4934-90eb-bdab583f413f', false);
INSERT INTO art_ping.project_employee VALUES ('cab15109-58e4-42c9-8c07-dddf12a2fd4b', 'd3bd9eeb-3164-40d1-80bf-e376acaceea8', '4525153b-7d9b-4dc3-b4cf-6ffc64f39c28', false);
INSERT INTO art_ping.project VALUES ('d65b12fd-b028-47c7-8db4-3a1be557f46d', 'project10', true);
INSERT INTO art_ping.project_employee VALUES ('d97b6228-1ce2-49fd-9ddf-96f95f0a9a4b', 'd65b12fd-b028-47c7-8db4-3a1be557f46d', 'a66493be-8679-4abc-83ff-3499b8b18a5a', false);
INSERT INTO art_ping.project_employee VALUES ('8ab54c04-ba67-4edd-9548-cdc5e9f424df', 'd65b12fd-b028-47c7-8db4-3a1be557f46d', '35b382d1-5b5b-4236-8366-556130d63523', false);
INSERT INTO art_ping.project_employee VALUES ('485511d8-241b-4a7a-b0a7-63aa38244efb', 'd65b12fd-b028-47c7-8db4-3a1be557f46d', '472da417-bf5d-4905-b707-73744c3e44eb', false);
INSERT INTO art_ping.project_employee VALUES ('59e67c45-6e95-40c9-9379-21d90290476c', 'd65b12fd-b028-47c7-8db4-3a1be557f46d', '9a06c2e5-08ac-46c4-9452-e42e0fb76b0f', false);
INSERT INTO art_ping.project_employee VALUES ('89e9be36-790f-4a07-9568-f114c3eda0cd', 'd65b12fd-b028-47c7-8db4-3a1be557f46d', 'f91e4bda-8d4b-4d47-9499-1a228005438e', false);
INSERT INTO art_ping.project_employee VALUES ('68c7527d-d062-4452-8477-dc3dcd6f52ed', 'd65b12fd-b028-47c7-8db4-3a1be557f46d', '842f34d1-cdc8-42ad-9468-3c5a31205e56', false);
INSERT INTO art_ping.project_employee VALUES ('350fce6b-2503-4234-94d5-bd4a0942941e', 'd65b12fd-b028-47c7-8db4-3a1be557f46d', '054c17e6-ee5a-4058-ba0f-32a4c47f0f3f', false);
INSERT INTO art_ping.project_employee VALUES ('3ccfc6e7-f759-4966-81e2-b53ff51a586f', 'd65b12fd-b028-47c7-8db4-3a1be557f46d', '78d3c6fc-9ec2-4d5e-8837-634ba205e97b', false);
INSERT INTO art_ping.project_employee VALUES ('1e85c782-3e75-4978-bfaf-e277c7e336e6', 'd65b12fd-b028-47c7-8db4-3a1be557f46d', '6beb736f-c2f9-4b54-a9e5-de76dab5e416', false);
INSERT INTO art_ping.project_employee VALUES ('7391bac0-e73e-4e4f-bb3c-b62a1847c604', 'd65b12fd-b028-47c7-8db4-3a1be557f46d', 'c540caab-411e-4aac-9f41-6294390f3c58', false);
INSERT INTO art_ping.project_employee VALUES ('5529fb43-e3fc-4eb6-ba31-3cc3e92c5154', 'd65b12fd-b028-47c7-8db4-3a1be557f46d', '2dbf058b-4c77-43c6-9a8e-d178fdcae437', false);
INSERT INTO art_ping.project_employee VALUES ('55c6eb25-068a-44cd-84c5-c1481bbdc804', 'd65b12fd-b028-47c7-8db4-3a1be557f46d', '9795ad06-4fce-43b3-98ed-a4f4159d8198', false);
INSERT INTO art_ping.project_employee VALUES ('a1b5288c-1a41-424b-ba72-65cdfefb9a27', 'd65b12fd-b028-47c7-8db4-3a1be557f46d', '7f7f02df-4264-4040-ba9b-b0dff5f3b822', false);
INSERT INTO art_ping.project_employee VALUES ('e9af0ab1-2792-48ea-a660-d9c7547691eb', 'd65b12fd-b028-47c7-8db4-3a1be557f46d', '25dc240f-ad93-4633-a08b-67880ef1e89f', false);
INSERT INTO art_ping.project_employee VALUES ('d96679f9-5cf9-444b-9819-2a5780f7a4d6', 'd65b12fd-b028-47c7-8db4-3a1be557f46d', '6841e389-611a-4268-bbb1-7aa0a6049894', false);
INSERT INTO art_ping.project_employee VALUES ('a18bd5ba-7718-4d47-8130-23b2b5c569fa', 'd65b12fd-b028-47c7-8db4-3a1be557f46d', 'cbee8fe4-4285-4dd7-a761-5845eac12471', false);
INSERT INTO art_ping.project_employee VALUES ('51575b83-e5a9-4825-8782-ca720d7d17b1', 'd65b12fd-b028-47c7-8db4-3a1be557f46d', '8ee3c4a7-58ac-41bf-bbfe-56efd2e3f71a', false);
INSERT INTO art_ping.project_employee VALUES ('90498027-8e10-40d1-8e2b-6b13beea9d13', 'd65b12fd-b028-47c7-8db4-3a1be557f46d', 'e26704e1-f069-4968-84e7-91b6277fd221', false);
INSERT INTO art_ping.project VALUES ('f2717c2e-8b6b-4756-a552-1d9819e76cc7', 'project11', true);
INSERT INTO art_ping.project_employee VALUES ('bb50a165-0a1f-4357-bf4a-69db3fe8813f', 'f2717c2e-8b6b-4756-a552-1d9819e76cc7', '472da417-bf5d-4905-b707-73744c3e44eb', false);
INSERT INTO art_ping.project_employee VALUES ('8f2a6569-ec17-46bc-96cf-5c7cc6a73aa5', 'f2717c2e-8b6b-4756-a552-1d9819e76cc7', 'dd028c8b-d720-4875-933f-d1b016aa800a', false);
INSERT INTO art_ping.project_employee VALUES ('4953f625-288f-461b-b8f8-19dc95dacef2', 'f2717c2e-8b6b-4756-a552-1d9819e76cc7', '1eff4c81-5cbf-471c-87f3-73095daddfb8', false);
INSERT INTO art_ping.project_employee VALUES ('e7e14e7b-7f6b-440f-aeab-573921109ff4', 'f2717c2e-8b6b-4756-a552-1d9819e76cc7', 'dcb84d47-8c0a-475e-a903-a7ea3331b111', false);
INSERT INTO art_ping.project_employee VALUES ('e920d55e-efc8-4fed-9705-9dd8adf49ec6', 'f2717c2e-8b6b-4756-a552-1d9819e76cc7', 'f2843e33-cc28-43d9-8d4c-6d214adb89b6', false);
INSERT INTO art_ping.project_employee VALUES ('cf55abbd-bad0-4f37-a950-f0c58081ddba', 'f2717c2e-8b6b-4756-a552-1d9819e76cc7', '9591c510-dd28-4ecc-a62c-0ad37b30e650', false);
INSERT INTO art_ping.project_employee VALUES ('c8cf3428-8720-49d3-9cc9-e1f5c822898f', 'f2717c2e-8b6b-4756-a552-1d9819e76cc7', '5ea6a810-7e9f-40d8-aa64-88aadd392bd6', false);
INSERT INTO art_ping.project_employee VALUES ('c077ec3a-89cd-49ee-b005-82663c16c0fe', 'f2717c2e-8b6b-4756-a552-1d9819e76cc7', '35e9c910-a703-4e55-868a-6349b2932c2e', false);
INSERT INTO art_ping.project_employee VALUES ('cf8d2631-946a-46c0-8227-5810fa9f13ca', 'f2717c2e-8b6b-4756-a552-1d9819e76cc7', '4467c931-7c5b-4458-b5e8-ae6c4a45b2e2', false);
INSERT INTO art_ping.project_employee VALUES ('306ad4c8-12ba-42d5-a29e-c18570ee01f9', 'f2717c2e-8b6b-4756-a552-1d9819e76cc7', 'e1bdea22-2992-489c-b20f-decfe60d28b9', false);
INSERT INTO art_ping.project_employee VALUES ('371dfa4e-7ac7-4732-8976-46866a40fc67', 'f2717c2e-8b6b-4756-a552-1d9819e76cc7', 'c5f2ad86-5440-4a19-a53f-60fd90dd693f', false);
INSERT INTO art_ping.project_employee VALUES ('98e751a4-e1a4-4b0b-94a6-e1f209249bd1', 'f2717c2e-8b6b-4756-a552-1d9819e76cc7', '0f919dc6-1f1c-4e66-b4c1-31bbe6ae25d3', false);
INSERT INTO art_ping.project_employee VALUES ('c06e4523-c7b2-4d9f-a542-450578026a08', 'f2717c2e-8b6b-4756-a552-1d9819e76cc7', '71825d81-7080-4395-85db-0677974028fb', false);
INSERT INTO art_ping.project VALUES ('7b05c1d6-414e-4a54-b62e-f567aeadc03e', 'project12', true);
INSERT INTO art_ping.project_employee VALUES ('610e4981-d3be-4664-9e78-447f107b46a5', '7b05c1d6-414e-4a54-b62e-f567aeadc03e', '579ad4d9-ce39-459c-bbf0-bc6064386cd9', false);
INSERT INTO art_ping.project_employee VALUES ('186c16f2-7292-4b49-85eb-d41f76a2a194', '7b05c1d6-414e-4a54-b62e-f567aeadc03e', 'ccab5ede-90ec-45f9-a6c5-c14b0034032c', false);
INSERT INTO art_ping.project_employee VALUES ('3bff585c-519b-46d5-a774-c9a72f7abe3c', '7b05c1d6-414e-4a54-b62e-f567aeadc03e', 'cea1074e-12e6-4fe6-b872-88c56302025d', false);
INSERT INTO art_ping.project_employee VALUES ('fed985aa-4b1f-4a44-8112-c99ae4328317', '7b05c1d6-414e-4a54-b62e-f567aeadc03e', 'a7242506-b4ec-4e3a-887b-1d9d87c81e5e', false);
INSERT INTO art_ping.project_employee VALUES ('ffe032c8-6e6d-4558-b5d8-d0cf52850c77', '7b05c1d6-414e-4a54-b62e-f567aeadc03e', 'e53df53d-5cdd-413e-8606-289626360a05', false);
INSERT INTO art_ping.project_employee VALUES ('0c913ed2-7577-426d-8086-36a96f509cfa', '7b05c1d6-414e-4a54-b62e-f567aeadc03e', '84f9873e-cac9-467a-b5f5-5cf2383ec72c', false);
INSERT INTO art_ping.project_employee VALUES ('c51cadd7-583d-46c1-b085-7ba65417307f', '7b05c1d6-414e-4a54-b62e-f567aeadc03e', '02cc8562-7969-43ae-a855-896bda20f602', false);
INSERT INTO art_ping.project_employee VALUES ('fcad0480-9ec1-4f77-bf5e-a3659e546518', '7b05c1d6-414e-4a54-b62e-f567aeadc03e', '5ef53952-2c57-4e86-abdd-a884a667cdc0', false);
INSERT INTO art_ping.project_employee VALUES ('30be114b-a167-41ad-a070-8cdd606bf396', '7b05c1d6-414e-4a54-b62e-f567aeadc03e', '2908a3a2-867c-40ca-999f-af8e27ea2cd2', false);
INSERT INTO art_ping.project_employee VALUES ('05e88d57-1e5a-420f-8cc6-a810d7836bcd', '7b05c1d6-414e-4a54-b62e-f567aeadc03e', '2f4d0c07-8885-4053-bb24-5dde69432d8d', false);
INSERT INTO art_ping.project_employee VALUES ('e7c12c8f-8692-4e12-839f-bb20a4b6c1a9', '7b05c1d6-414e-4a54-b62e-f567aeadc03e', '4bc50c83-c697-4833-91bc-ef9593abc022', false);
INSERT INTO art_ping.project_employee VALUES ('9df5edd3-f306-4165-acfc-ee2b4d21ae49', '7b05c1d6-414e-4a54-b62e-f567aeadc03e', '5651389c-fe71-4121-9b36-1d228b3f0ca7', false);
INSERT INTO art_ping.project VALUES ('af684d2b-30b3-4a5c-af1b-34a66f5b2574', 'project13', true);
INSERT INTO art_ping.project_employee VALUES ('1d448422-73aa-450c-889b-81879ced9a54', 'af684d2b-30b3-4a5c-af1b-34a66f5b2574', '78d6445f-7299-4012-9a65-a5799a0fe2fb', false);
INSERT INTO art_ping.project_employee VALUES ('a4a706c6-5cf9-4961-a3db-5d375b91963a', 'af684d2b-30b3-4a5c-af1b-34a66f5b2574', '6949b072-5157-4d9c-8bfa-ac1ad6e0a3c2', false);
INSERT INTO art_ping.project_employee VALUES ('f18cc619-6e47-4768-9353-9b32e66f96f8', 'af684d2b-30b3-4a5c-af1b-34a66f5b2574', '157bf713-ca0b-4b28-a463-b239600d6db9', false);
INSERT INTO art_ping.project_employee VALUES ('1384a7b5-15e2-4d75-acdc-bc730d712d03', 'af684d2b-30b3-4a5c-af1b-34a66f5b2574', '5a9b6125-02bc-4c94-872b-cff8f59bf804', false);
INSERT INTO art_ping.project_employee VALUES ('91ed0a5a-ea1d-4376-b07a-09d7ecaba46a', 'af684d2b-30b3-4a5c-af1b-34a66f5b2574', 'f2843e33-cc28-43d9-8d4c-6d214adb89b6', false);
INSERT INTO art_ping.project_employee VALUES ('b48b8619-41a4-47ca-8b36-e075c9d1e33d', 'af684d2b-30b3-4a5c-af1b-34a66f5b2574', '53614077-53a2-451e-9a55-acabc538a8ea', false);
INSERT INTO art_ping.project_employee VALUES ('fd822f0d-2c2e-4ff6-8516-24c4a218a6c7', 'af684d2b-30b3-4a5c-af1b-34a66f5b2574', '703df4e6-31a6-42bd-98c8-03f227671bd5', false);
INSERT INTO art_ping.project_employee VALUES ('674114a2-3204-4ecf-99ee-8767bf760887', 'af684d2b-30b3-4a5c-af1b-34a66f5b2574', '4eb70aff-a3e3-41ed-ae45-cfec802d1044', false);
INSERT INTO art_ping.project_employee VALUES ('b819d592-2c09-424b-85ac-aae1e3742f04', 'af684d2b-30b3-4a5c-af1b-34a66f5b2574', '4185fbf6-b027-4de1-972a-b82b272178aa', false);
INSERT INTO art_ping.project_employee VALUES ('7ef72183-bcd0-4968-ad01-2c8aa3b8f51d', 'af684d2b-30b3-4a5c-af1b-34a66f5b2574', '2dbf058b-4c77-43c6-9a8e-d178fdcae437', false);
INSERT INTO art_ping.project VALUES ('cbc1480d-08ea-457e-a259-c171389d4410', 'project14', true);
INSERT INTO art_ping.project_employee VALUES ('07f01b9c-864e-4a0e-9e71-8baacd05fcb3', 'cbc1480d-08ea-457e-a259-c171389d4410', '579ad4d9-ce39-459c-bbf0-bc6064386cd9', false);
INSERT INTO art_ping.project_employee VALUES ('640f39fb-e569-46fa-a32b-96f12ed10003', 'cbc1480d-08ea-457e-a259-c171389d4410', 'e1ea0ed8-80c2-43a3-97a2-2ad2e596e614', false);
INSERT INTO art_ping.project_employee VALUES ('6c6f19c2-0925-46db-afec-c2c3b9aff61d', 'cbc1480d-08ea-457e-a259-c171389d4410', '8d4a039e-f3dd-40e4-9fc2-67e88735598f', false);
INSERT INTO art_ping.project_employee VALUES ('84aad37a-d73d-406d-8457-1b8119512327', 'cbc1480d-08ea-457e-a259-c171389d4410', 'db6cfd2c-6c25-4e9a-83aa-cd8ae2f47e5b', false);
INSERT INTO art_ping.project VALUES ('7b0cbed9-5d70-4ae7-b0c3-9a957bda1442', 'project15', true);
INSERT INTO art_ping.project_employee VALUES ('ece1c52f-3d32-41b5-a8d7-a8a17f76f3dd', '7b0cbed9-5d70-4ae7-b0c3-9a957bda1442', '54d1c74f-b264-4801-9fe3-7b52da677b00', false);
INSERT INTO art_ping.project_employee VALUES ('92912cf5-3670-4d81-bacf-ebfb1af07eb9', '7b0cbed9-5d70-4ae7-b0c3-9a957bda1442', '3a59ad8e-4d52-442e-a860-dc5cd2d2d9cb', false);
INSERT INTO art_ping.project_employee VALUES ('82c0a06a-f992-408a-8d66-df9dabbae0f6', '7b0cbed9-5d70-4ae7-b0c3-9a957bda1442', '149d7ba5-7f25-4b0f-b6a6-1f051640184c', false);
INSERT INTO art_ping.project_employee VALUES ('6c31b3fd-a517-41e4-b203-f1195413d934', '7b0cbed9-5d70-4ae7-b0c3-9a957bda1442', '78faa8a1-22d5-4f98-9fd2-31211f41c5ca', false);
INSERT INTO art_ping.project_employee VALUES ('5882b673-61d2-4e25-a308-be0a2b56ae07', '7b0cbed9-5d70-4ae7-b0c3-9a957bda1442', 'f294e255-0c6e-4bee-8f10-afa1172d08f4', false);
INSERT INTO art_ping.project_employee VALUES ('47737c3a-7089-4358-b767-75c17cbeb090', '7b0cbed9-5d70-4ae7-b0c3-9a957bda1442', '78d3c6fc-9ec2-4d5e-8837-634ba205e97b', false);
INSERT INTO art_ping.project_employee VALUES ('a9b59f6e-9d14-4f39-8e44-fefae930cb6d', '7b0cbed9-5d70-4ae7-b0c3-9a957bda1442', '1b31f41e-8764-42e1-a0a1-5ae42459ad76', false);
INSERT INTO art_ping.project VALUES ('e1e31082-d516-4ae4-a16d-374827f21e97', 'project16', true);
INSERT INTO art_ping.project_employee VALUES ('37d6eac6-6210-4cd7-9b09-58fe9fabc0d3', 'e1e31082-d516-4ae4-a16d-374827f21e97', 'c015fe98-c89a-4f48-a784-fbc0111a03ea', false);
INSERT INTO art_ping.project_employee VALUES ('f3a6c7ab-599f-41a1-97a7-5055811adb3c', 'e1e31082-d516-4ae4-a16d-374827f21e97', '748d2171-c83b-49d6-9f31-6c56614a38fd', false);
INSERT INTO art_ping.project_employee VALUES ('96d0a42c-1bb8-4e70-a8b6-b784405126a9', 'e1e31082-d516-4ae4-a16d-374827f21e97', 'edbec007-0b9d-47ee-9cb6-a8e2893e3f40', false);
INSERT INTO art_ping.project_employee VALUES ('7e99e7ef-fe78-4475-a55c-777fba6c7d46', 'e1e31082-d516-4ae4-a16d-374827f21e97', '3237697f-4825-4b39-82d4-363dcb46f4f7', false);
INSERT INTO art_ping.project_employee VALUES ('0a03af7c-3fb2-44f9-97db-b7b949fdfea8', 'e1e31082-d516-4ae4-a16d-374827f21e97', '3a0f78e5-a19d-47c8-8efa-be56fb97b7d4', false);
INSERT INTO art_ping.project_employee VALUES ('e1e8ee3a-dd88-411c-8808-400c584b1448', 'e1e31082-d516-4ae4-a16d-374827f21e97', '0f75c8b9-a63f-4ca9-a328-f1d738e670cc', false);
INSERT INTO art_ping.project_employee VALUES ('273606c6-cc87-4e2c-a1da-be6a07800f73', 'e1e31082-d516-4ae4-a16d-374827f21e97', '33bb851b-af14-41e7-9546-c771e67cc2a2', false);
INSERT INTO art_ping.project_employee VALUES ('58796316-f2e4-409f-b166-bce2317e26ea', 'e1e31082-d516-4ae4-a16d-374827f21e97', '2b982cd4-e5b9-460f-a7c1-962af2391722', false);
INSERT INTO art_ping.project_employee VALUES ('68d2e521-8c85-4bcf-bb58-449b5e884cc1', 'e1e31082-d516-4ae4-a16d-374827f21e97', '6788fe9e-0b6d-4091-9d2d-b7b395b0d6b9', false);
INSERT INTO art_ping.project_employee VALUES ('893a1b8e-4f4b-4823-8b0a-7e17956435b1', 'e1e31082-d516-4ae4-a16d-374827f21e97', '054c17e6-ee5a-4058-ba0f-32a4c47f0f3f', false);
INSERT INTO art_ping.project_employee VALUES ('ba70535b-6223-4bf0-be65-a8eda4e4d42f', 'e1e31082-d516-4ae4-a16d-374827f21e97', '17622583-a55a-4f34-8148-ef2ec9a41ea5', false);
INSERT INTO art_ping.project_employee VALUES ('f4879a91-ad76-4233-964d-f582e0f03c1f', 'e1e31082-d516-4ae4-a16d-374827f21e97', '67098364-3f5b-4ca9-b972-6ba74eba9bd8', false);
INSERT INTO art_ping.project_employee VALUES ('70e73821-7434-47b7-8604-1739dbd8f0da', 'e1e31082-d516-4ae4-a16d-374827f21e97', '07aa3b36-5dbe-4e2d-bd9c-2c10de4fe31c', false);
INSERT INTO art_ping.project_employee VALUES ('4444c611-e653-4920-8f94-2bdc3ff10f99', 'e1e31082-d516-4ae4-a16d-374827f21e97', 'e1ea0ed8-80c2-43a3-97a2-2ad2e596e614', false);
INSERT INTO art_ping.project_employee VALUES ('288fc42e-1d81-46b9-9194-4a6c24d6f356', 'e1e31082-d516-4ae4-a16d-374827f21e97', '35b57b32-3cd9-487f-9e75-f32ee5ea10fd', false);
INSERT INTO art_ping.project_employee VALUES ('dfc34a57-8b90-4b62-8221-5b1bc3ef1080', 'e1e31082-d516-4ae4-a16d-374827f21e97', '25dc240f-ad93-4633-a08b-67880ef1e89f', false);
INSERT INTO art_ping.project_employee VALUES ('7abac06f-83de-463c-bc10-17945cade7ae', 'e1e31082-d516-4ae4-a16d-374827f21e97', 'e45aa7b9-acc5-4456-8b9c-1c9a5bb6944f', false);
INSERT INTO art_ping.project_employee VALUES ('c6b27c57-0e21-4e2a-ad88-b9cd5064a961', 'e1e31082-d516-4ae4-a16d-374827f21e97', '3a1cee63-504c-468f-a9ec-08f7d3288079', false);
INSERT INTO art_ping.project_employee VALUES ('99c1caaf-f118-4f13-9a46-2cd052d58e78', 'e1e31082-d516-4ae4-a16d-374827f21e97', '70d0ef25-cd5a-4744-aee0-8eb0fe24f88f', false);
INSERT INTO art_ping.project VALUES ('aa0d86dc-4850-4b25-912b-cbaa51302c43', 'project17', true);
INSERT INTO art_ping.project_employee VALUES ('49af3b72-317e-4b55-a2ab-099bd3953d03', 'aa0d86dc-4850-4b25-912b-cbaa51302c43', '454cef13-92b0-4e56-87d9-18c3c57c92b2', false);
INSERT INTO art_ping.project_employee VALUES ('902c55a5-9b1d-4ce5-bb04-7e27974c3636', 'aa0d86dc-4850-4b25-912b-cbaa51302c43', '4467c931-7c5b-4458-b5e8-ae6c4a45b2e2', false);
INSERT INTO art_ping.project_employee VALUES ('921685fc-5e94-433a-bd26-34ad87d55ce4', 'aa0d86dc-4850-4b25-912b-cbaa51302c43', '9b199c54-97d9-4aa7-b356-4bb553a31c1f', false);
INSERT INTO art_ping.project_employee VALUES ('0b37ad64-2166-4469-8560-2a6b6148fef7', 'aa0d86dc-4850-4b25-912b-cbaa51302c43', '75bca82a-fe34-425a-a230-6a38050796e1', false);
INSERT INTO art_ping.project_employee VALUES ('71843b66-becf-4936-8b83-5eeacc586937', 'aa0d86dc-4850-4b25-912b-cbaa51302c43', '9016fc64-56c6-4250-a83e-c7a780948e87', false);
INSERT INTO art_ping.project VALUES ('ead90d76-daef-4c95-adc4-10ea93fce913', 'project18', true);
INSERT INTO art_ping.project_employee VALUES ('a2f762f6-8d69-4e25-a148-62d020c0d3ba', 'ead90d76-daef-4c95-adc4-10ea93fce913', '8a2c1ea1-9f31-45fd-bf8a-d5e909471c37', false);
INSERT INTO art_ping.project_employee VALUES ('7ae56f46-4198-4cc2-ac99-d3f731323215', 'ead90d76-daef-4c95-adc4-10ea93fce913', '801e201f-8630-4b6a-ac3d-24cd64a44d85', false);
INSERT INTO art_ping.project_employee VALUES ('02b70025-9556-4827-94d2-b81e8b1f4ce6', 'ead90d76-daef-4c95-adc4-10ea93fce913', '7624cdba-4646-456c-b188-ab9c6dc455b1', false);
INSERT INTO art_ping.project_employee VALUES ('4181f6a9-f24c-4f61-afbe-aab3dfc06838', 'ead90d76-daef-4c95-adc4-10ea93fce913', 'b31b7a99-146d-44c8-8aa3-f55fae2cd77f', false);
INSERT INTO art_ping.project_employee VALUES ('3e213eb9-4b56-4b8a-acb1-71a82073d5f7', 'ead90d76-daef-4c95-adc4-10ea93fce913', '5ef53952-2c57-4e86-abdd-a884a667cdc0', false);
INSERT INTO art_ping.project VALUES ('249ea29e-bedc-4233-a855-a1892a7d431f', 'project19', true);
INSERT INTO art_ping.project_employee VALUES ('ca03757f-5e9a-44a0-92b6-c3cc956b6dde', '249ea29e-bedc-4233-a855-a1892a7d431f', '54d1c74f-b264-4801-9fe3-7b52da677b00', false);
INSERT INTO art_ping.project_employee VALUES ('f4d38006-438e-4912-9e7b-fdf5b018c880', '249ea29e-bedc-4233-a855-a1892a7d431f', '0d878bc5-1550-4162-b0c2-37ef0a86734e', false);
INSERT INTO art_ping.project_employee VALUES ('6099fec4-8e50-4a37-9482-1f2722c88955', '249ea29e-bedc-4233-a855-a1892a7d431f', '93f4e756-2150-4de8-b311-5742ba03a70e', false);
INSERT INTO art_ping.project_employee VALUES ('f399970d-2331-43ac-9ea4-5322facb56ac', '249ea29e-bedc-4233-a855-a1892a7d431f', '33bb851b-af14-41e7-9546-c771e67cc2a2', false);
INSERT INTO art_ping.project_employee VALUES ('fc0e88fb-669f-489f-83f0-e333a6b0d4a7', '249ea29e-bedc-4233-a855-a1892a7d431f', '3a0f78e5-a19d-47c8-8efa-be56fb97b7d4', false);
INSERT INTO art_ping.project_employee VALUES ('19027ecb-142e-4512-8f0d-abd5e51a04f6', '249ea29e-bedc-4233-a855-a1892a7d431f', 'b31b7a99-146d-44c8-8aa3-f55fae2cd77f', false);
INSERT INTO art_ping.project_employee VALUES ('a89e43df-db5f-452f-b636-9a94f27c9bf3', '249ea29e-bedc-4233-a855-a1892a7d431f', 'ee440af7-8f43-4607-96af-7d2552158e42', false);
INSERT INTO art_ping.project_employee VALUES ('f2bc9763-3e2c-4ec1-b852-bb67cfa9028b', '249ea29e-bedc-4233-a855-a1892a7d431f', '6788fe9e-0b6d-4091-9d2d-b7b395b0d6b9', false);
INSERT INTO art_ping.project_employee VALUES ('dcff353c-dc8e-4aeb-80b7-2dabbc404283', '249ea29e-bedc-4233-a855-a1892a7d431f', '8e2fa457-7a9d-4d54-b2db-9f397833c25b', false);
INSERT INTO art_ping.project_employee VALUES ('ed2bce86-fd52-40ac-979b-db7485af335e', '249ea29e-bedc-4233-a855-a1892a7d431f', 'cd7c3636-983d-4772-a6a2-190b60419c5d', false);
INSERT INTO art_ping.project_employee VALUES ('a3ad7bf1-f068-4a14-9d6a-762f049db3f8', '249ea29e-bedc-4233-a855-a1892a7d431f', '9b33d0fa-6e3b-4239-88fb-62e283a1ceff', false);
INSERT INTO art_ping.project_employee VALUES ('d73b4cf4-0568-48b5-a716-624a11301e95', '249ea29e-bedc-4233-a855-a1892a7d431f', '41cfd1b0-cc08-4dce-a5be-82b58b374970', false);
INSERT INTO art_ping.project_employee VALUES ('cd62cdbf-f919-4e8d-bc8a-fc002545d016', '249ea29e-bedc-4233-a855-a1892a7d431f', '8b218105-ea4a-4d23-8af4-dd4ec4986545', false);
INSERT INTO art_ping.project_employee VALUES ('3d739d7e-9610-4546-aa16-b760df4ed21b', '249ea29e-bedc-4233-a855-a1892a7d431f', '189d8dc4-e125-4bb9-84d9-80d44ede46cc', false);
INSERT INTO art_ping.project_employee VALUES ('baa6dcd0-bd09-4e4c-a427-2c5278325809', '249ea29e-bedc-4233-a855-a1892a7d431f', '9795ad06-4fce-43b3-98ed-a4f4159d8198', false);
INSERT INTO art_ping.project_employee VALUES ('acff98ce-ecc5-4ab9-924b-1ff0081cc130', '249ea29e-bedc-4233-a855-a1892a7d431f', '07aa3b36-5dbe-4e2d-bd9c-2c10de4fe31c', false);
INSERT INTO art_ping.project_employee VALUES ('bd1e8c4f-df84-4911-bcd7-6674380541dd', '249ea29e-bedc-4233-a855-a1892a7d431f', '448cde14-417e-4a81-811b-97f60537e967', false);
INSERT INTO art_ping.project_employee VALUES ('f0081a7d-2f36-4ccc-ac5c-facda0303fec', '249ea29e-bedc-4233-a855-a1892a7d431f', 'c1e36d5f-8a85-4b87-aa10-47996d010346', false);
INSERT INTO art_ping.project_employee VALUES ('17146a6b-5eeb-4dd5-a3b3-50c25b3318f0', '249ea29e-bedc-4233-a855-a1892a7d431f', '03bd88d1-01fd-4196-9869-a66e3c7f5d50', false);
INSERT INTO art_ping.project VALUES ('e6026c12-adc8-4b95-b621-8672116c4ecc', 'project20', true);
INSERT INTO art_ping.project_employee VALUES ('cc62495b-dc61-4dec-aeed-8c8d099a4347', 'e6026c12-adc8-4b95-b621-8672116c4ecc', 'edbec007-0b9d-47ee-9cb6-a8e2893e3f40', false);
INSERT INTO art_ping.project_employee VALUES ('3f9cc4a8-2fda-4759-a65f-ec4c02e1b772', 'e6026c12-adc8-4b95-b621-8672116c4ecc', '8415afe4-bdac-4f3e-abf1-a5c30947e033', false);
INSERT INTO art_ping.project_employee VALUES ('b9a40199-8a1e-4fe0-8c4c-c8e9eaef82ec', 'e6026c12-adc8-4b95-b621-8672116c4ecc', 'f2ea8ba1-6d5a-4a1c-9f6c-5d1b7152e33a', false);
INSERT INTO art_ping.project_employee VALUES ('b2e4911e-c878-49fa-9b8f-f8312a8217a2', 'e6026c12-adc8-4b95-b621-8672116c4ecc', '6788fe9e-0b6d-4091-9d2d-b7b395b0d6b9', false);
INSERT INTO art_ping.project_employee VALUES ('915429f8-1340-4720-9abb-bac16218c036', 'e6026c12-adc8-4b95-b621-8672116c4ecc', 'dcb84d47-8c0a-475e-a903-a7ea3331b111', false);
INSERT INTO art_ping.project_employee VALUES ('454f16d2-ec34-4931-8206-7b079cc7e1d6', 'e6026c12-adc8-4b95-b621-8672116c4ecc', '17622583-a55a-4f34-8148-ef2ec9a41ea5', false);
INSERT INTO art_ping.project_employee VALUES ('0af4ee8b-c89e-4e1b-8c88-006c8bca65a2', 'e6026c12-adc8-4b95-b621-8672116c4ecc', '41cfd1b0-cc08-4dce-a5be-82b58b374970', false);
INSERT INTO art_ping.project_employee VALUES ('43748ccf-6ce6-495a-97c9-0d87dc247edc', 'e6026c12-adc8-4b95-b621-8672116c4ecc', '76d07a1b-3570-4419-afaa-1f67b3388406', false);
INSERT INTO art_ping.project_employee VALUES ('38e247e2-8e76-4cc2-8497-f076285f14fe', 'e6026c12-adc8-4b95-b621-8672116c4ecc', 'e2dc7495-ec2d-459d-9620-15275e99377f', false);
INSERT INTO art_ping.project_employee VALUES ('259215af-2801-4498-ad0e-97215e86aa6f', 'e6026c12-adc8-4b95-b621-8672116c4ecc', 'd0d35692-5ae8-4dc5-9c90-b75c222a6b4a', false);
INSERT INTO art_ping.project_employee VALUES ('e3a5da9d-ee40-4497-a6b5-6ad22845f127', 'e6026c12-adc8-4b95-b621-8672116c4ecc', '305804cb-4401-4585-b0a1-6cf519174104', false);
INSERT INTO art_ping.project_employee VALUES ('f8f79ebf-4e58-4eab-9695-5df081951a3d', 'e6026c12-adc8-4b95-b621-8672116c4ecc', 'ccab5ede-90ec-45f9-a6c5-c14b0034032c', false);
INSERT INTO art_ping.project_employee VALUES ('79818cc3-4d17-44b2-b298-c0662aef0c0c', 'e6026c12-adc8-4b95-b621-8672116c4ecc', '07aa3b36-5dbe-4e2d-bd9c-2c10de4fe31c', false);
INSERT INTO art_ping.project_employee VALUES ('bc96fa9e-9802-4471-8cac-c4c1321d1c4f', 'e6026c12-adc8-4b95-b621-8672116c4ecc', 'a30139ef-6739-445e-90e1-38cad8d50293', false);
INSERT INTO art_ping.project_employee VALUES ('69f7e6ae-5786-478c-9d02-9414f8237bd2', 'e6026c12-adc8-4b95-b621-8672116c4ecc', 'f8983a7a-fc5f-4ddc-aaa2-b5e75b472253', false);
INSERT INTO art_ping.project VALUES ('dc5bd315-524b-4ba1-adf6-448018c5a97c', 'project21', true);
INSERT INTO art_ping.project_employee VALUES ('c87c9ead-c1bd-439a-a2db-2979d0574915', 'dc5bd315-524b-4ba1-adf6-448018c5a97c', 'a66493be-8679-4abc-83ff-3499b8b18a5a', false);
INSERT INTO art_ping.project_employee VALUES ('5c85f0fc-fca0-4fd8-845b-4993096a2797', 'dc5bd315-524b-4ba1-adf6-448018c5a97c', '73dc5ea9-b359-4737-8529-11f0ba856f7a', false);
INSERT INTO art_ping.project_employee VALUES ('b54088fc-0ffa-4994-b97d-66787fa7ca14', 'dc5bd315-524b-4ba1-adf6-448018c5a97c', '2bce4499-9f91-4b28-9e53-892559f60dbb', false);
INSERT INTO art_ping.project_employee VALUES ('cea4b557-d0a1-4ae6-a87c-34f2f2d8e064', 'dc5bd315-524b-4ba1-adf6-448018c5a97c', 'b3363893-a62d-4c5c-9097-85f825e233ab', false);
INSERT INTO art_ping.project_employee VALUES ('8b732a03-cb7d-42f9-8ce1-d5fb979b5405', 'dc5bd315-524b-4ba1-adf6-448018c5a97c', 'cb313ea8-de1d-4276-b126-cac2dd2e005b', false);
INSERT INTO art_ping.project_employee VALUES ('c0724556-99c1-4cd1-bbe7-e545000de9d4', 'dc5bd315-524b-4ba1-adf6-448018c5a97c', '703df4e6-31a6-42bd-98c8-03f227671bd5', false);
INSERT INTO art_ping.project_employee VALUES ('386b91bc-3c78-4727-b280-9f33785626e4', 'dc5bd315-524b-4ba1-adf6-448018c5a97c', '9b33d0fa-6e3b-4239-88fb-62e283a1ceff', false);
INSERT INTO art_ping.project_employee VALUES ('9ef29e9b-3389-4be4-a825-ad856014539c', 'dc5bd315-524b-4ba1-adf6-448018c5a97c', '67098364-3f5b-4ca9-b972-6ba74eba9bd8', false);
INSERT INTO art_ping.project_employee VALUES ('fb01df37-24ae-4375-a5c7-bab892079de7', 'dc5bd315-524b-4ba1-adf6-448018c5a97c', 'da677ce4-a7e2-44c7-b94f-cb7ec2e309f8', false);
INSERT INTO art_ping.project_employee VALUES ('1f4c8f0d-c39e-44bc-9963-7097172366bd', 'dc5bd315-524b-4ba1-adf6-448018c5a97c', '189d8dc4-e125-4bb9-84d9-80d44ede46cc', false);
INSERT INTO art_ping.project_employee VALUES ('74e4c288-0ca6-43b9-86c1-d98912e39118', 'dc5bd315-524b-4ba1-adf6-448018c5a97c', '78faa8a1-22d5-4f98-9fd2-31211f41c5ca', false);
INSERT INTO art_ping.project_employee VALUES ('05f8f6e5-e4d9-4604-9095-d85793478ac4', 'dc5bd315-524b-4ba1-adf6-448018c5a97c', '8949e26c-f25d-41f8-995a-f41b22bb9670', false);
INSERT INTO art_ping.project_employee VALUES ('b3407145-f4e3-48aa-95ba-23d34503e685', 'dc5bd315-524b-4ba1-adf6-448018c5a97c', '448cde14-417e-4a81-811b-97f60537e967', false);
INSERT INTO art_ping.project_employee VALUES ('4f759e8d-156c-46b3-8fd7-4b365c27848a', 'dc5bd315-524b-4ba1-adf6-448018c5a97c', '2c89f475-cb7f-4ecc-a9b4-4c991f190f47', false);
INSERT INTO art_ping.project_employee VALUES ('c4701115-a7fd-4eac-90a6-f47afba97ee1', 'dc5bd315-524b-4ba1-adf6-448018c5a97c', '4b1bba58-6eb5-49c7-a863-fa902dcac55c', false);
INSERT INTO art_ping.project_employee VALUES ('1e92cff8-59b0-47cd-b3b3-42790eb53c30', 'dc5bd315-524b-4ba1-adf6-448018c5a97c', 'dfc03a25-ec14-47a4-a7d4-21d215d16eee', false);
INSERT INTO art_ping.project_employee VALUES ('9b4e7d07-2501-42f4-9dfc-187738d2bfcc', 'dc5bd315-524b-4ba1-adf6-448018c5a97c', '4eb70aff-a3e3-41ed-ae45-cfec802d1044', false);
INSERT INTO art_ping.project_employee VALUES ('74fdaf27-06d1-43c2-829c-d9f420f60684', 'dc5bd315-524b-4ba1-adf6-448018c5a97c', '0f7973aa-478f-49a4-8468-8480e53348f5', false);
INSERT INTO art_ping.project VALUES ('22285365-088c-47be-9936-23866d10b5ce', 'project22', true);
INSERT INTO art_ping.project_employee VALUES ('30918770-bd73-4852-a32e-9faf1500a534', '22285365-088c-47be-9936-23866d10b5ce', 'c015fe98-c89a-4f48-a784-fbc0111a03ea', false);
INSERT INTO art_ping.project_employee VALUES ('ac4651a3-8489-419f-9330-cddf5bf0bc43', '22285365-088c-47be-9936-23866d10b5ce', '34758c18-8793-49ed-ba1b-03563ab4c9ac', false);
INSERT INTO art_ping.project_employee VALUES ('f46fa7b3-3041-426e-8077-2f1db260c43c', '22285365-088c-47be-9936-23866d10b5ce', 'd777d6d3-aac0-43b9-94fb-147f00e1cb50', false);
INSERT INTO art_ping.project_employee VALUES ('04a6bbf5-e9f4-491d-9b74-360562378b64', '22285365-088c-47be-9936-23866d10b5ce', 'b8c026a7-e397-42bb-8a2f-a31dc4d63993', false);
INSERT INTO art_ping.project_employee VALUES ('9da52a8a-d8a4-40c5-8839-39ac15a8f346', '22285365-088c-47be-9936-23866d10b5ce', '6224d9c8-2988-4b5b-b9da-9ddc1d521a32', false);
INSERT INTO art_ping.project_employee VALUES ('c6d62390-bc4d-42ef-8914-11495e0363ee', '22285365-088c-47be-9936-23866d10b5ce', 'fc6e81f8-e1fd-4d04-b378-3aa9eb3d961a', false);
INSERT INTO art_ping.project_employee VALUES ('18d4fe91-936a-4178-b515-72216a676bfb', '22285365-088c-47be-9936-23866d10b5ce', '4b1bba58-6eb5-49c7-a863-fa902dcac55c', false);
INSERT INTO art_ping.project_employee VALUES ('37d79932-6cb6-4aa3-82ec-74230d95fe66', '22285365-088c-47be-9936-23866d10b5ce', 'cbee8fe4-4285-4dd7-a761-5845eac12471', false);
INSERT INTO art_ping.project_employee VALUES ('24ee5062-0925-4f37-8d67-d6e12813f9b3', '22285365-088c-47be-9936-23866d10b5ce', '464ae57e-8993-4cf7-87b6-fc41331b5de0', false);
INSERT INTO art_ping.project_employee VALUES ('48b12a2c-f296-4468-ab4a-8c09e504d580', '22285365-088c-47be-9936-23866d10b5ce', '76d07a1b-3570-4419-afaa-1f67b3388406', false);
INSERT INTO art_ping.project_employee VALUES ('e9c68efc-636c-428a-a397-50ed50091656', '22285365-088c-47be-9936-23866d10b5ce', '5db0bab2-7d5a-4f71-91f4-dda3804e123f', false);
INSERT INTO art_ping.project_employee VALUES ('d530618a-e6e0-4bd0-9075-701ba8bb95c2', '22285365-088c-47be-9936-23866d10b5ce', '189d8dc4-e125-4bb9-84d9-80d44ede46cc', false);
INSERT INTO art_ping.project VALUES ('7e6e913f-829e-448c-989d-ba205b4f14cb', 'project23', true);
INSERT INTO art_ping.project_employee VALUES ('a8403a1b-d85e-417f-8feb-388e7f58d28c', '7e6e913f-829e-448c-989d-ba205b4f14cb', '52eccd6b-45bf-46b2-9aa9-34d83fb0331b', false);
INSERT INTO art_ping.project_employee VALUES ('b42134b0-66ad-472b-ab48-c04da234c484', '7e6e913f-829e-448c-989d-ba205b4f14cb', '8b1fa245-7c54-4fba-a76d-5fb65be1bfb2', false);
INSERT INTO art_ping.project_employee VALUES ('0bf3727f-816c-48e3-844c-a9bd8dfcc82c', '7e6e913f-829e-448c-989d-ba205b4f14cb', '9b199c54-97d9-4aa7-b356-4bb553a31c1f', false);
INSERT INTO art_ping.project_employee VALUES ('37053cea-e7b5-437d-aaa4-2b45c6200f56', '7e6e913f-829e-448c-989d-ba205b4f14cb', '0f75c8b9-a63f-4ca9-a328-f1d738e670cc', false);
INSERT INTO art_ping.project_employee VALUES ('28536982-67a0-475d-b6b1-cf33247c6a0c', '7e6e913f-829e-448c-989d-ba205b4f14cb', 'f2843e33-cc28-43d9-8d4c-6d214adb89b6', false);
INSERT INTO art_ping.project_employee VALUES ('4ff0e842-15f3-4429-9c65-4ff10cb7f58e', '7e6e913f-829e-448c-989d-ba205b4f14cb', 'be4a84fb-dcfb-484c-9e59-6ec2c03ab595', false);
INSERT INTO art_ping.project_employee VALUES ('44f7e42d-58f4-4e1a-888c-5af041e97b50', '7e6e913f-829e-448c-989d-ba205b4f14cb', '9d9f3d27-6f7d-44b4-b90e-29ea9b70cd71', false);
INSERT INTO art_ping.project_employee VALUES ('811481e4-8a3e-4562-a871-bb04345e8aaa', '7e6e913f-829e-448c-989d-ba205b4f14cb', 'e53df53d-5cdd-413e-8606-289626360a05', false);
INSERT INTO art_ping.project_employee VALUES ('ba311e9e-42da-427f-9da3-10434e551ea9', '7e6e913f-829e-448c-989d-ba205b4f14cb', '78faa8a1-22d5-4f98-9fd2-31211f41c5ca', false);
INSERT INTO art_ping.project_employee VALUES ('f6b49b3c-e3eb-4a8f-b993-6f5ebb08747e', '7e6e913f-829e-448c-989d-ba205b4f14cb', '543f7bf5-07f6-463b-a2b3-57a909fabb86', false);
INSERT INTO art_ping.project_employee VALUES ('3462881c-e41c-4545-8a5d-04ccbf010a7a', '7e6e913f-829e-448c-989d-ba205b4f14cb', 'cbee8fe4-4285-4dd7-a761-5845eac12471', false);
INSERT INTO art_ping.project_employee VALUES ('1842ec36-7437-446d-99c8-ae6d2dc656d5', '7e6e913f-829e-448c-989d-ba205b4f14cb', '53614077-53a2-451e-9a55-acabc538a8ea', false);
INSERT INTO art_ping.project_employee VALUES ('44242b45-21b5-4692-ba7a-c5d795601f1f', '7e6e913f-829e-448c-989d-ba205b4f14cb', 'ac3c940c-231c-4f2d-a74c-7503bb1887c6', false);
INSERT INTO art_ping.project VALUES ('b4474139-2b0f-4f38-8317-5ed25644fdbb', 'project24', true);
INSERT INTO art_ping.project_employee VALUES ('9f7eb51a-3d7c-45d8-930e-84ea280624a9', 'b4474139-2b0f-4f38-8317-5ed25644fdbb', '33a20cde-c2af-4afd-9e78-351a71c6865f', false);
INSERT INTO art_ping.project_employee VALUES ('49bc3e19-949a-42aa-97e5-4d3dfc74ba2b', 'b4474139-2b0f-4f38-8317-5ed25644fdbb', '3b5c4fc0-b5da-41bd-b03d-036a4931de21', false);
INSERT INTO art_ping.project_employee VALUES ('2db9afe1-7577-4001-b9b7-9d61cbbdd90d', 'b4474139-2b0f-4f38-8317-5ed25644fdbb', '801e201f-8630-4b6a-ac3d-24cd64a44d85', false);
INSERT INTO art_ping.project_employee VALUES ('c679d6ac-77d6-49b8-aa9a-c2b76ce0835c', 'b4474139-2b0f-4f38-8317-5ed25644fdbb', '8a2c1ea1-9f31-45fd-bf8a-d5e909471c37', false);
INSERT INTO art_ping.project_employee VALUES ('ec05e1c6-2fc3-4172-82bc-6bdc0071f2ec', 'b4474139-2b0f-4f38-8317-5ed25644fdbb', '9815abd0-739b-4684-b4e0-23d71d2e4c3b', false);
INSERT INTO art_ping.project_employee VALUES ('a62e60b3-6a2b-4033-a93e-2754c1c4369f', 'b4474139-2b0f-4f38-8317-5ed25644fdbb', '8539b154-bcdd-46bd-9129-d8204964a577', false);
INSERT INTO art_ping.project_employee VALUES ('35d78370-6551-4e0a-8ba4-e90f28a0ea98', 'b4474139-2b0f-4f38-8317-5ed25644fdbb', 'ccc5823e-a619-4982-bf72-0e61feff6f92', false);
INSERT INTO art_ping.project_employee VALUES ('c5c6738e-860f-4c04-a23f-dd141848f55d', 'b4474139-2b0f-4f38-8317-5ed25644fdbb', '78d3c6fc-9ec2-4d5e-8837-634ba205e97b', false);
INSERT INTO art_ping.project_employee VALUES ('db8e9757-5386-462f-b68e-f0160475a43c', 'b4474139-2b0f-4f38-8317-5ed25644fdbb', '71e411a1-8cd4-4fcd-af2d-9b05916f7b15', false);
INSERT INTO art_ping.project_employee VALUES ('53b45891-918d-4ea7-8b7c-67ddde80dadb', 'b4474139-2b0f-4f38-8317-5ed25644fdbb', 'e6b66764-9b4c-453a-b94a-ded325a61809', false);
INSERT INTO art_ping.project_employee VALUES ('9502f2a1-cc13-425e-8f21-4ab1eb8f11d1', 'b4474139-2b0f-4f38-8317-5ed25644fdbb', '97d4e815-ae13-4d16-89ee-a41a068c08f5', false);
INSERT INTO art_ping.project_employee VALUES ('54297094-49a5-41b8-9408-5a6dcbb40c90', 'b4474139-2b0f-4f38-8317-5ed25644fdbb', '0f919dc6-1f1c-4e66-b4c1-31bbe6ae25d3', false);
INSERT INTO art_ping.project_employee VALUES ('6dbbd2f5-0e81-47c8-955c-567e3cb77290', 'b4474139-2b0f-4f38-8317-5ed25644fdbb', '180ec0b3-23d5-47d0-966b-09f5f5dbb6af', false);
INSERT INTO art_ping.project VALUES ('f6284c05-3110-4c21-9448-b7d1e0c698e9', 'project25', true);
INSERT INTO art_ping.project_employee VALUES ('d137750b-6815-475f-885d-86839aae5c5a', 'f6284c05-3110-4c21-9448-b7d1e0c698e9', '9ba04272-ae67-4d5d-918a-7dc77c4f1526', false);
INSERT INTO art_ping.project_employee VALUES ('71fce96f-fdfd-4e0a-ba47-91dfce2d7db3', 'f6284c05-3110-4c21-9448-b7d1e0c698e9', 'c015fe98-c89a-4f48-a784-fbc0111a03ea', false);
INSERT INTO art_ping.project_employee VALUES ('b858ba79-2128-4575-af46-0cf76addaf0e', 'f6284c05-3110-4c21-9448-b7d1e0c698e9', 'edbec007-0b9d-47ee-9cb6-a8e2893e3f40', false);
INSERT INTO art_ping.project_employee VALUES ('b3381b2f-e6c9-4e84-8f75-00239b257d18', 'f6284c05-3110-4c21-9448-b7d1e0c698e9', '20c28b24-697e-4cfb-ac1e-6f1b2d2de3de', false);
INSERT INTO art_ping.project_employee VALUES ('eeca1dcd-8be1-45a4-ba26-751723513611', 'f6284c05-3110-4c21-9448-b7d1e0c698e9', 'f2ea8ba1-6d5a-4a1c-9f6c-5d1b7152e33a', false);
INSERT INTO art_ping.project_employee VALUES ('b38c2bbc-e70a-4b98-ae22-3c5029f0a0dc', 'f6284c05-3110-4c21-9448-b7d1e0c698e9', 'ae2182b4-101d-4037-9ab1-7de9bdd32b9d', false);
INSERT INTO art_ping.project_employee VALUES ('9d4794eb-eb7f-4a2e-96c4-c124b9a2f275', 'f6284c05-3110-4c21-9448-b7d1e0c698e9', 'b229245e-89c7-4bc9-99a0-c6bf47fc5316', false);
INSERT INTO art_ping.project_employee VALUES ('a664ee95-71c5-4c82-8c60-5498480a0f9d', 'f6284c05-3110-4c21-9448-b7d1e0c698e9', '6224d9c8-2988-4b5b-b9da-9ddc1d521a32', false);
INSERT INTO art_ping.project_employee VALUES ('1f3e7dc8-eb1f-43f7-9da9-8289f75a7abc', 'f6284c05-3110-4c21-9448-b7d1e0c698e9', 'e1bdea22-2992-489c-b20f-decfe60d28b9', false);
INSERT INTO art_ping.project_employee VALUES ('b6cf31a9-ef86-405a-97f8-da949cbc85ad', 'f6284c05-3110-4c21-9448-b7d1e0c698e9', '84ab89ab-1097-4316-8aee-fbc91c705cf4', false);
INSERT INTO art_ping.project_employee VALUES ('2e8ac341-633b-4482-b4a2-48cfd8e90699', 'f6284c05-3110-4c21-9448-b7d1e0c698e9', '8779a71a-5d0c-48e2-8428-3718440ca45e', false);
INSERT INTO art_ping.project_employee VALUES ('8923b666-c37d-4098-b3e8-479154c69826', 'f6284c05-3110-4c21-9448-b7d1e0c698e9', '56516503-f170-4f1b-8b04-7f4936684e8b', false);
INSERT INTO art_ping.project_employee VALUES ('17c18eba-91b6-4d2c-96a6-7065fc62c5d4', 'f6284c05-3110-4c21-9448-b7d1e0c698e9', '11777966-a5da-419b-a222-1697e06d1a75', false);
INSERT INTO art_ping.project VALUES ('8aa41696-76a4-484d-a3f4-a67c826ff3cb', 'project26', true);
INSERT INTO art_ping.project_employee VALUES ('d3da0ee8-14d0-4109-8121-b24cce2789fe', '8aa41696-76a4-484d-a3f4-a67c826ff3cb', '54d1c74f-b264-4801-9fe3-7b52da677b00', false);
INSERT INTO art_ping.project_employee VALUES ('c3d73b81-f1e6-4fc8-a271-dd577e839f18', '8aa41696-76a4-484d-a3f4-a67c826ff3cb', '086bed16-e93d-48ab-a454-743bcc8def53', false);
INSERT INTO art_ping.project_employee VALUES ('d3614fe6-ad9f-400e-8a52-3401b12be3ed', '8aa41696-76a4-484d-a3f4-a67c826ff3cb', '186f1015-7e57-44c7-81c1-6d64057462e6', false);
INSERT INTO art_ping.project_employee VALUES ('2b03d284-3923-45d6-9149-db674bc65ae7', '8aa41696-76a4-484d-a3f4-a67c826ff3cb', 'e1093ad9-2342-4019-9ed6-9fd6e15c210f', false);
INSERT INTO art_ping.project_employee VALUES ('6b5bb693-4f8b-42e6-bea0-96214c2000de', '8aa41696-76a4-484d-a3f4-a67c826ff3cb', '5651389c-fe71-4121-9b36-1d228b3f0ca7', false);
INSERT INTO art_ping.project_employee VALUES ('b5e48582-5e66-477f-a636-7313e1d541be', '8aa41696-76a4-484d-a3f4-a67c826ff3cb', '35e9c910-a703-4e55-868a-6349b2932c2e', false);
INSERT INTO art_ping.project_employee VALUES ('81ce4256-8339-4d79-a591-2cbdd39d4e09', '8aa41696-76a4-484d-a3f4-a67c826ff3cb', 'e908edfa-7f9c-4192-8e44-3392b3d15019', false);
INSERT INTO art_ping.project_employee VALUES ('6641fda6-cb0d-49a4-8c51-85e5d54b16d0', '8aa41696-76a4-484d-a3f4-a67c826ff3cb', '6841e389-611a-4268-bbb1-7aa0a6049894', false);
INSERT INTO art_ping.project_employee VALUES ('63909d13-9542-4dbd-9ecc-1c9fb79a2ddd', '8aa41696-76a4-484d-a3f4-a67c826ff3cb', '3a1cee63-504c-468f-a9ec-08f7d3288079', false);
INSERT INTO art_ping.project_employee VALUES ('63e1ed23-a393-4c1c-981c-96a5836f53f3', '8aa41696-76a4-484d-a3f4-a67c826ff3cb', '53614077-53a2-451e-9a55-acabc538a8ea', false);
INSERT INTO art_ping.project_employee VALUES ('bc03b1ae-ca36-4c5b-87a4-4862035c20af', '8aa41696-76a4-484d-a3f4-a67c826ff3cb', '70d0ef25-cd5a-4744-aee0-8eb0fe24f88f', false);
INSERT INTO art_ping.project_employee VALUES ('299b9e60-c269-4f8a-87f4-de36912f03dd', '8aa41696-76a4-484d-a3f4-a67c826ff3cb', 'bdcbc5a8-1bcc-40de-918c-83a380dcf069', false);
INSERT INTO art_ping.project_employee VALUES ('01e03843-89b5-4fb3-b029-d94f21f2eeae', '8aa41696-76a4-484d-a3f4-a67c826ff3cb', 'e262c579-6802-472a-ac75-d488ea8256fa', false);
INSERT INTO art_ping.project VALUES ('a7d8903f-2443-4bd2-b1d2-71a722986a5e', 'project27', true);
INSERT INTO art_ping.project_employee VALUES ('cb527172-fba0-4fc9-a56f-bca2e5156a9a', 'a7d8903f-2443-4bd2-b1d2-71a722986a5e', '51155bd1-fd9e-42ea-a6be-f2365652b6a1', false);
INSERT INTO art_ping.project_employee VALUES ('a497de40-46da-4362-83f3-8a03d0087347', 'a7d8903f-2443-4bd2-b1d2-71a722986a5e', 'a6429b57-4091-4204-915a-a4a8049a3da6', false);
INSERT INTO art_ping.project_employee VALUES ('244a1e09-9822-4306-a141-a489dd0755f4', 'a7d8903f-2443-4bd2-b1d2-71a722986a5e', '19d1efb8-ee88-4363-959d-03669db4d466', false);
INSERT INTO art_ping.project_employee VALUES ('61312a3b-bdf4-45d1-b1d1-c686f9ff0c42', 'a7d8903f-2443-4bd2-b1d2-71a722986a5e', 'ee440af7-8f43-4607-96af-7d2552158e42', false);
INSERT INTO art_ping.project_employee VALUES ('225099e8-ece7-4d7a-9bc3-b6feb38c29ca', 'a7d8903f-2443-4bd2-b1d2-71a722986a5e', '9591c510-dd28-4ecc-a62c-0ad37b30e650', false);
INSERT INTO art_ping.project_employee VALUES ('f3011a66-81e9-4b08-b280-b531277242e4', 'a7d8903f-2443-4bd2-b1d2-71a722986a5e', '12ccec95-be0d-40d8-a321-0184bb0feb4d', false);
INSERT INTO art_ping.project_employee VALUES ('4c4d8380-501f-4571-a38c-f3e71f5fc45a', 'a7d8903f-2443-4bd2-b1d2-71a722986a5e', 'd0d35692-5ae8-4dc5-9c90-b75c222a6b4a', false);
INSERT INTO art_ping.project_employee VALUES ('110aef84-b37c-4b3d-8815-d639401264d6', 'a7d8903f-2443-4bd2-b1d2-71a722986a5e', '63fc2908-a7d8-4f1b-afd5-be04c4cedac5', false);
INSERT INTO art_ping.project_employee VALUES ('dbec73a5-b733-45c4-805e-5b3681d8cb8e', 'a7d8903f-2443-4bd2-b1d2-71a722986a5e', '74cc180f-b211-4f22-92ac-3213eeccb369', false);
INSERT INTO art_ping.project_employee VALUES ('d753ef27-5356-4e35-b8b7-d6a4b8cd308d', 'a7d8903f-2443-4bd2-b1d2-71a722986a5e', '9795ad06-4fce-43b3-98ed-a4f4159d8198', false);
INSERT INTO art_ping.project_employee VALUES ('257f5638-6d53-4d1e-995a-cac5227e6e6f', 'a7d8903f-2443-4bd2-b1d2-71a722986a5e', 'f63c7ea4-43e8-4279-8d79-67d9e0e39c66', false);
INSERT INTO art_ping.project_employee VALUES ('e43e14ec-3a66-4122-aa02-29f0b4f07e12', 'a7d8903f-2443-4bd2-b1d2-71a722986a5e', '70d0ef25-cd5a-4744-aee0-8eb0fe24f88f', false);
INSERT INTO art_ping.project_employee VALUES ('f2fe5eed-2ec7-41a7-8d9b-1a617240f77a', 'a7d8903f-2443-4bd2-b1d2-71a722986a5e', 'ac3c940c-231c-4f2d-a74c-7503bb1887c6', false);
INSERT INTO art_ping.project_employee VALUES ('a522a712-f725-453e-af6a-c5edb056d1bb', 'a7d8903f-2443-4bd2-b1d2-71a722986a5e', '9a679ffe-ccaa-4bcf-b290-839628b4596e', false);
INSERT INTO art_ping.project_employee VALUES ('91bfd20b-dd98-43cb-933b-fb7c42653bf5', 'a7d8903f-2443-4bd2-b1d2-71a722986a5e', 'c018b9fa-a313-4b9d-845e-f8bf6764cb90', false);
INSERT INTO art_ping.project VALUES ('534d5e14-3f68-4766-83d8-b1d1a160e1a2', 'project28', true);
INSERT INTO art_ping.project_employee VALUES ('f7a38f7e-78a4-40bc-b6cb-d2fc9eda68a3', '534d5e14-3f68-4766-83d8-b1d1a160e1a2', '74cc180f-b211-4f22-92ac-3213eeccb369', false);
INSERT INTO art_ping.project_employee VALUES ('85a17a1b-8ef1-4bf8-8e3f-3b55906b15ce', '534d5e14-3f68-4766-83d8-b1d1a160e1a2', '543f7bf5-07f6-463b-a2b3-57a909fabb86', false);
INSERT INTO art_ping.project_employee VALUES ('c33c5311-4030-4c87-80e7-e51d29572903', '534d5e14-3f68-4766-83d8-b1d1a160e1a2', '6841e389-611a-4268-bbb1-7aa0a6049894', false);
INSERT INTO art_ping.project_employee VALUES ('ad46f6b9-02c0-4f56-97f2-b0be7c8a33f0', '534d5e14-3f68-4766-83d8-b1d1a160e1a2', 'b3363893-a62d-4c5c-9097-85f825e233ab', false);
INSERT INTO art_ping.project_employee VALUES ('011da279-d0f9-4dc8-907d-ddf424eb54b8', '534d5e14-3f68-4766-83d8-b1d1a160e1a2', 'aa2122ff-82f3-4c14-ba60-eab3016bd411', false);
INSERT INTO art_ping.project_employee VALUES ('892ee706-44e4-4d61-9166-5c03d798f8fe', '534d5e14-3f68-4766-83d8-b1d1a160e1a2', '76d07a1b-3570-4419-afaa-1f67b3388406', false);
INSERT INTO art_ping.project_employee VALUES ('4bdcb801-bf02-412f-99b1-4f2fdaf5f23a', '534d5e14-3f68-4766-83d8-b1d1a160e1a2', '7c2edd62-d898-4ddd-bc8f-91ae0cf6054d', false);
INSERT INTO art_ping.project_employee VALUES ('14d6bdc2-9507-4d4b-b539-5395f160d1dc', '534d5e14-3f68-4766-83d8-b1d1a160e1a2', '40decd60-151e-4ad7-8a75-44a1f4483905', false);
INSERT INTO art_ping.project_employee VALUES ('45669d08-143e-4907-927e-7c2c894c09a1', '534d5e14-3f68-4766-83d8-b1d1a160e1a2', 'd0d35692-5ae8-4dc5-9c90-b75c222a6b4a', false);
INSERT INTO art_ping.project VALUES ('8af66415-982c-49c7-8f20-746afff11e16', 'project29', true);
INSERT INTO art_ping.project_employee VALUES ('90a1fde3-5724-4c89-baad-d266f39af14b', '8af66415-982c-49c7-8f20-746afff11e16', '54d1c74f-b264-4801-9fe3-7b52da677b00', false);
INSERT INTO art_ping.project_employee VALUES ('4cde001a-e931-4b9f-95ca-f26b9f119e44', '8af66415-982c-49c7-8f20-746afff11e16', 'ccab5ede-90ec-45f9-a6c5-c14b0034032c', false);
INSERT INTO art_ping.project_employee VALUES ('942430c4-b439-4e07-8ed2-cd8ff2d81fc4', '8af66415-982c-49c7-8f20-746afff11e16', 'd777d6d3-aac0-43b9-94fb-147f00e1cb50', false);
INSERT INTO art_ping.project_employee VALUES ('8f76f626-7e66-4127-9c54-472d932a1c98', '8af66415-982c-49c7-8f20-746afff11e16', '15b12267-a20e-437c-97b3-1b578dce50af', false);
INSERT INTO art_ping.project_employee VALUES ('5e2215e8-8476-43bb-8269-8ea9c314fa20', '8af66415-982c-49c7-8f20-746afff11e16', 'dd028c8b-d720-4875-933f-d1b016aa800a', false);
INSERT INTO art_ping.project_employee VALUES ('5fb8e47e-5ae4-4c3f-89b4-d70512760791', '8af66415-982c-49c7-8f20-746afff11e16', '4b1bba58-6eb5-49c7-a863-fa902dcac55c', false);
INSERT INTO art_ping.project_employee VALUES ('d9a31367-cb88-40e2-a26a-7f8f0eb16036', '8af66415-982c-49c7-8f20-746afff11e16', 'c8bd3956-7976-4fc6-b067-f8e3742811c5', false);
INSERT INTO art_ping.project VALUES ('788ff98b-1ead-4bce-abfe-9636ec10a498', 'project30', true);
INSERT INTO art_ping.project_employee VALUES ('8effdfc0-9446-48de-9ca0-42cd1df5e6d3', '788ff98b-1ead-4bce-abfe-9636ec10a498', '748d2171-c83b-49d6-9f31-6c56614a38fd', false);
INSERT INTO art_ping.project_employee VALUES ('a19947e1-7af8-43f3-82c9-074957350bdf', '788ff98b-1ead-4bce-abfe-9636ec10a498', 'e5972d1b-7230-42db-9aa1-680c6576421a', false);
INSERT INTO art_ping.project_employee VALUES ('a1738489-737c-4833-89b5-fdf7d793650d', '788ff98b-1ead-4bce-abfe-9636ec10a498', '3a0f78e5-a19d-47c8-8efa-be56fb97b7d4', false);
INSERT INTO art_ping.project_employee VALUES ('e2bb10fc-f05b-4b92-85d8-4cafc8bf824a', '788ff98b-1ead-4bce-abfe-9636ec10a498', 'd5f6b3e4-9a75-44a8-bee4-85dfa16754c5', false);
INSERT INTO art_ping.project_employee VALUES ('f20aae94-ab93-48d6-96a1-b199d5bb8fe6', '788ff98b-1ead-4bce-abfe-9636ec10a498', '15bba202-c20a-4a9f-8b7b-d254c4b076b1', false);
INSERT INTO art_ping.project_employee VALUES ('df536912-c175-40cd-8408-a01cef5e22a2', '788ff98b-1ead-4bce-abfe-9636ec10a498', '7996b9e7-2d2b-40c1-832f-62eb11b14899', false);
INSERT INTO art_ping.project_employee VALUES ('56673ed7-97ce-4df8-af97-2c6c7476af6c', '788ff98b-1ead-4bce-abfe-9636ec10a498', '53614077-53a2-451e-9a55-acabc538a8ea', false);
INSERT INTO art_ping.project_employee VALUES ('1de6fc3c-a343-4d2f-ad13-133705bad516', '788ff98b-1ead-4bce-abfe-9636ec10a498', '5956d2ed-5ef1-4583-85a6-e096b3eabbe7', false);
INSERT INTO art_ping.project_employee VALUES ('b2487594-7845-435c-a6e0-1595d50f25ad', '788ff98b-1ead-4bce-abfe-9636ec10a498', '6cf2506e-1085-420b-9252-851e9917bd80', false);
INSERT INTO art_ping.project_employee VALUES ('2f9a5025-7a1a-4dc9-9a53-f344ce00ca5c', '788ff98b-1ead-4bce-abfe-9636ec10a498', '76d07a1b-3570-4419-afaa-1f67b3388406', false);
INSERT INTO art_ping.project_employee VALUES ('35facbf6-d70e-43ec-81bd-4e7ccad817e8', '788ff98b-1ead-4bce-abfe-9636ec10a498', '13d6b506-b013-47ce-984b-1aa82664a859', false);
INSERT INTO art_ping.project_employee VALUES ('ff3533ef-d8a7-4b69-b561-48e7fb75b800', '788ff98b-1ead-4bce-abfe-9636ec10a498', '11777966-a5da-419b-a222-1697e06d1a75', false);
INSERT INTO art_ping.project VALUES ('a0dc7d10-7da0-4bbf-9787-f22adbd142de', 'project31', true);
INSERT INTO art_ping.project_employee VALUES ('b7a5a6bc-9901-4507-a093-3209c35b96dc', 'a0dc7d10-7da0-4bbf-9787-f22adbd142de', 'fe3f9740-b04f-4506-8cc5-ca3eb38d4804', false);
INSERT INTO art_ping.project_employee VALUES ('cc76f806-6cd0-4eef-ae4d-259cf7ac77c5', 'a0dc7d10-7da0-4bbf-9787-f22adbd142de', '6b594298-35f0-426e-8e52-94565eb771a4', false);
INSERT INTO art_ping.project_employee VALUES ('98167904-7e11-4d47-a35c-046296544c38', 'a0dc7d10-7da0-4bbf-9787-f22adbd142de', '8d4a039e-f3dd-40e4-9fc2-67e88735598f', false);
INSERT INTO art_ping.project_employee VALUES ('d89805f5-7cbe-41fb-9dc0-6020a10b3b5e', 'a0dc7d10-7da0-4bbf-9787-f22adbd142de', 'b229245e-89c7-4bc9-99a0-c6bf47fc5316', false);
INSERT INTO art_ping.project_employee VALUES ('27b6d558-e7e6-4e9d-85db-057d0c13adfb', 'a0dc7d10-7da0-4bbf-9787-f22adbd142de', '6881a055-7ba2-4676-ba07-89c1890a3a00', false);
INSERT INTO art_ping.project_employee VALUES ('f9c832a6-7f3f-4c30-aaea-955c0b175927', 'a0dc7d10-7da0-4bbf-9787-f22adbd142de', '086bed16-e93d-48ab-a454-743bcc8def53', false);
INSERT INTO art_ping.project_employee VALUES ('8b3fd838-93b4-4cd4-9881-d6a5461e3eac', 'a0dc7d10-7da0-4bbf-9787-f22adbd142de', '540e0fff-5bd0-4a90-842d-05fb29ab9e44', false);
INSERT INTO art_ping.project_employee VALUES ('ab3dc79c-5e78-41e0-8730-060d329b87db', 'a0dc7d10-7da0-4bbf-9787-f22adbd142de', '3dd12a35-b0bc-4712-9820-1867ff4b7b56', false);
INSERT INTO art_ping.project_employee VALUES ('1143cbea-bdd4-4e0a-b6a5-a616526d549c', 'a0dc7d10-7da0-4bbf-9787-f22adbd142de', '67098364-3f5b-4ca9-b972-6ba74eba9bd8', false);
INSERT INTO art_ping.project_employee VALUES ('b998112f-eb12-42f2-90e5-6f4b2fe7ef53', 'a0dc7d10-7da0-4bbf-9787-f22adbd142de', '2f4d0c07-8885-4053-bb24-5dde69432d8d', false);
INSERT INTO art_ping.project_employee VALUES ('20fcef4f-365c-4686-8dad-b69cb26fba5b', 'a0dc7d10-7da0-4bbf-9787-f22adbd142de', '9a679ffe-ccaa-4bcf-b290-839628b4596e', false);
INSERT INTO art_ping.project VALUES ('12d2107e-8899-436a-a3cc-1563fd9a1b27', 'project32', true);
INSERT INTO art_ping.project_employee VALUES ('23e95d4e-82cc-42dc-adce-e5c68f2f71fb', '12d2107e-8899-436a-a3cc-1563fd9a1b27', '8b38ba9e-39ac-4584-a949-c6fb9f258806', false);
INSERT INTO art_ping.project_employee VALUES ('e5162845-5ac1-446d-9785-e731807fa83a', '12d2107e-8899-436a-a3cc-1563fd9a1b27', '54d1c74f-b264-4801-9fe3-7b52da677b00', false);
INSERT INTO art_ping.project_employee VALUES ('e4c4484f-87b4-426e-ab3b-41561ee2c958', '12d2107e-8899-436a-a3cc-1563fd9a1b27', '039a657d-7795-4c77-b8a1-f817bf0af5a3', false);
INSERT INTO art_ping.project_employee VALUES ('7dada688-4c89-4aae-94bb-ccc440f4d2dd', '12d2107e-8899-436a-a3cc-1563fd9a1b27', '6788fe9e-0b6d-4091-9d2d-b7b395b0d6b9', false);
INSERT INTO art_ping.project_employee VALUES ('b5b22509-83a6-4c8c-a42e-d71ef67e917d', '12d2107e-8899-436a-a3cc-1563fd9a1b27', '5651389c-fe71-4121-9b36-1d228b3f0ca7', false);
INSERT INTO art_ping.project_employee VALUES ('bf1b1f64-6430-4aad-89ac-aed5980640b3', '12d2107e-8899-436a-a3cc-1563fd9a1b27', 'c540caab-411e-4aac-9f41-6294390f3c58', false);
INSERT INTO art_ping.project_employee VALUES ('c6fd5488-5ca6-45c4-bd1e-009dcfa0ee46', '12d2107e-8899-436a-a3cc-1563fd9a1b27', '6881a055-7ba2-4676-ba07-89c1890a3a00', false);
INSERT INTO art_ping.project_employee VALUES ('6463a0f8-54c3-4403-b469-0c4e57dbb392', '12d2107e-8899-436a-a3cc-1563fd9a1b27', 'e51bf89d-1f27-4eb3-8bfe-394afe3761f2', false);
INSERT INTO art_ping.project_employee VALUES ('ad630269-7eba-46ec-819e-c5fc213a26db', '12d2107e-8899-436a-a3cc-1563fd9a1b27', 'dfc03a25-ec14-47a4-a7d4-21d215d16eee', false);
INSERT INTO art_ping.project_employee VALUES ('bd9aecfe-5442-455d-bda1-020d05dbb815', '12d2107e-8899-436a-a3cc-1563fd9a1b27', '5ee9532f-300a-475a-b3f2-ec459eb14e9b', false);
INSERT INTO art_ping.project_employee VALUES ('4ce666ae-d814-4c52-b1cf-18596a3278a3', '12d2107e-8899-436a-a3cc-1563fd9a1b27', '1b31f41e-8764-42e1-a0a1-5ae42459ad76', false);
INSERT INTO art_ping.project_employee VALUES ('c42ca19c-f6a9-47bd-9926-fddf734a007e', '12d2107e-8899-436a-a3cc-1563fd9a1b27', '4185fbf6-b027-4de1-972a-b82b272178aa', false);
INSERT INTO art_ping.project_employee VALUES ('193d2b37-8b8d-43a0-bae4-a3b9f8a9ce46', '12d2107e-8899-436a-a3cc-1563fd9a1b27', '4525153b-7d9b-4dc3-b4cf-6ffc64f39c28', false);
INSERT INTO art_ping.project VALUES ('fa12d6cb-1c11-48c8-988c-480b61163326', 'project33', true);
INSERT INTO art_ping.project_employee VALUES ('0b52f838-aa4b-4bbc-9321-1715d17b7af0', 'fa12d6cb-1c11-48c8-988c-480b61163326', 'cea1074e-12e6-4fe6-b872-88c56302025d', false);
INSERT INTO art_ping.project_employee VALUES ('2ad350fb-9a57-449e-b46d-240c2d56c2b5', 'fa12d6cb-1c11-48c8-988c-480b61163326', '9a06c2e5-08ac-46c4-9452-e42e0fb76b0f', false);
INSERT INTO art_ping.project_employee VALUES ('26bbb7f7-f745-47e0-9173-1782626ab975', 'fa12d6cb-1c11-48c8-988c-480b61163326', '15b12267-a20e-437c-97b3-1b578dce50af', false);
INSERT INTO art_ping.project_employee VALUES ('bbf2ab20-beaa-40c3-af58-2ceafb52905b', 'fa12d6cb-1c11-48c8-988c-480b61163326', 'd46d9c33-a620-4c1b-8e28-4d347c1dc84e', false);
INSERT INTO art_ping.project_employee VALUES ('85647422-d834-4b7a-9241-f24907a52518', 'fa12d6cb-1c11-48c8-988c-480b61163326', '6cf2506e-1085-420b-9252-851e9917bd80', false);
INSERT INTO art_ping.project_employee VALUES ('db164b1c-c2af-4e1d-9158-31f09897659f', 'fa12d6cb-1c11-48c8-988c-480b61163326', 'e8da034a-a818-4519-ab3c-df5b45526744', false);
INSERT INTO art_ping.project_employee VALUES ('90a2a8b3-3c39-42bc-9d9c-9220a7261441', 'fa12d6cb-1c11-48c8-988c-480b61163326', '9b33d0fa-6e3b-4239-88fb-62e283a1ceff', false);
INSERT INTO art_ping.project_employee VALUES ('9fb69fcc-dddb-4450-aed8-ffabdb2f665d', 'fa12d6cb-1c11-48c8-988c-480b61163326', '5651389c-fe71-4121-9b36-1d228b3f0ca7', false);
INSERT INTO art_ping.project_employee VALUES ('d1c9cdb8-9a9a-4f08-a512-5fcbb0c5627d', 'fa12d6cb-1c11-48c8-988c-480b61163326', 'c540caab-411e-4aac-9f41-6294390f3c58', false);
INSERT INTO art_ping.project_employee VALUES ('ed569f0a-cbf1-4fec-9e36-3adb91257d76', 'fa12d6cb-1c11-48c8-988c-480b61163326', '2867255e-1e35-4f77-9ac8-5867f9ae15df', false);
INSERT INTO art_ping.project_employee VALUES ('eb3db365-5a4b-40e4-8c70-888e72905446', 'fa12d6cb-1c11-48c8-988c-480b61163326', '448cde14-417e-4a81-811b-97f60537e967', false);
INSERT INTO art_ping.project_employee VALUES ('654f71c8-bc30-4b3c-882d-1e89bc3cd071', 'fa12d6cb-1c11-48c8-988c-480b61163326', '8ee3c4a7-58ac-41bf-bbfe-56efd2e3f71a', false);
INSERT INTO art_ping.project_employee VALUES ('8ce477b4-5ea0-47c8-855a-b0995b9c6597', 'fa12d6cb-1c11-48c8-988c-480b61163326', '75bca82a-fe34-425a-a230-6a38050796e1', false);
INSERT INTO art_ping.project VALUES ('d232aa3c-e714-4296-9396-a3925d2c0b0c', 'project34', true);
INSERT INTO art_ping.project_employee VALUES ('1123a39f-40c8-4d4a-a747-27c97c44ed0d', 'd232aa3c-e714-4296-9396-a3925d2c0b0c', '54d1c74f-b264-4801-9fe3-7b52da677b00', false);
INSERT INTO art_ping.project_employee VALUES ('aafc519f-ca9a-4ca0-8a95-1d3d7517225a', 'd232aa3c-e714-4296-9396-a3925d2c0b0c', '33a20cde-c2af-4afd-9e78-351a71c6865f', false);
INSERT INTO art_ping.project_employee VALUES ('19b68707-7110-430e-8e82-54f13b0335e3', 'd232aa3c-e714-4296-9396-a3925d2c0b0c', '195cf61d-97d8-4578-a11a-6c29165d15e8', false);
INSERT INTO art_ping.project_employee VALUES ('d4618e20-bf88-457b-a958-41e0b3288606', 'd232aa3c-e714-4296-9396-a3925d2c0b0c', 'ee18821c-2fac-45b7-93ce-d2c6f213b7a2', false);
INSERT INTO art_ping.project_employee VALUES ('f2a1cf7d-ae66-4dd3-883f-b1e94e70131a', 'd232aa3c-e714-4296-9396-a3925d2c0b0c', 'c5f2ad86-5440-4a19-a53f-60fd90dd693f', false);
INSERT INTO art_ping.project_employee VALUES ('fb23184f-0694-4084-aa2e-312d823781a0', 'd232aa3c-e714-4296-9396-a3925d2c0b0c', '6841e389-611a-4268-bbb1-7aa0a6049894', false);
INSERT INTO art_ping.project_employee VALUES ('ad5cf942-d1ae-4b7d-acfe-d0e954d9fe64', 'd232aa3c-e714-4296-9396-a3925d2c0b0c', '17622583-a55a-4f34-8148-ef2ec9a41ea5', false);
INSERT INTO art_ping.project_employee VALUES ('dc3d9690-bd93-435d-a259-040e1f4fa53c', 'd232aa3c-e714-4296-9396-a3925d2c0b0c', 'd0d35692-5ae8-4dc5-9c90-b75c222a6b4a', false);
INSERT INTO art_ping.project VALUES ('cf55dd58-1262-4271-862c-ca9d565e8350', 'project35', true);
INSERT INTO art_ping.project_employee VALUES ('6c734c29-283e-4595-8eb4-b143331e251d', 'cf55dd58-1262-4271-862c-ca9d565e8350', '287bdb46-2808-4bb6-9159-b9bcadb7f9aa', false);
INSERT INTO art_ping.project_employee VALUES ('77d66b59-a408-4063-90ba-06d822a33eb8', 'cf55dd58-1262-4271-862c-ca9d565e8350', '135dff97-b4e1-466b-a9d4-d4453590aa84', false);
INSERT INTO art_ping.project_employee VALUES ('167ae6db-2f73-48d4-82db-368da962356f', 'cf55dd58-1262-4271-862c-ca9d565e8350', 'cea1074e-12e6-4fe6-b872-88c56302025d', false);
INSERT INTO art_ping.project_employee VALUES ('806343f9-8c52-4d16-b2a5-b89ae7eabb72', 'cf55dd58-1262-4271-862c-ca9d565e8350', '472da417-bf5d-4905-b707-73744c3e44eb', false);
INSERT INTO art_ping.project_employee VALUES ('dc013495-5d3a-4e61-8823-ae188698f1fb', 'cf55dd58-1262-4271-862c-ca9d565e8350', '8b1fa245-7c54-4fba-a76d-5fb65be1bfb2', false);
INSERT INTO art_ping.project_employee VALUES ('279d8a0c-658b-4747-81b0-82677699779c', 'cf55dd58-1262-4271-862c-ca9d565e8350', '3237697f-4825-4b39-82d4-363dcb46f4f7', false);
INSERT INTO art_ping.project_employee VALUES ('5db041cc-c585-402c-891c-f8611fb2d220', 'cf55dd58-1262-4271-862c-ca9d565e8350', '79cc4504-acfd-40a9-8343-0da714742ed1', false);
INSERT INTO art_ping.project_employee VALUES ('cf170090-9b9e-4d2a-a2db-6d996c70e2f7', 'cf55dd58-1262-4271-862c-ca9d565e8350', 'e5972d1b-7230-42db-9aa1-680c6576421a', false);
INSERT INTO art_ping.project_employee VALUES ('8587e876-6dbb-4348-b02a-4eb512d32245', 'cf55dd58-1262-4271-862c-ca9d565e8350', '3a0f78e5-a19d-47c8-8efa-be56fb97b7d4', false);
INSERT INTO art_ping.project_employee VALUES ('29a7deca-2863-45ad-b15c-1aecf3e6b0e5', 'cf55dd58-1262-4271-862c-ca9d565e8350', 'fb5df13e-3aa0-4da4-b802-e31db07680ec', false);
INSERT INTO art_ping.project_employee VALUES ('ccb90ab7-c52f-41c1-85f1-0ff8de6d7785', 'cf55dd58-1262-4271-862c-ca9d565e8350', 'ae2182b4-101d-4037-9ab1-7de9bdd32b9d', false);
INSERT INTO art_ping.project_employee VALUES ('deaca152-6c36-4c7c-ae6f-142a7bbce231', 'cf55dd58-1262-4271-862c-ca9d565e8350', 'be4a84fb-dcfb-484c-9e59-6ec2c03ab595', false);
INSERT INTO art_ping.project_employee VALUES ('eb8ee44e-6263-4f88-8af4-58489d3a44a0', 'cf55dd58-1262-4271-862c-ca9d565e8350', 'ab56e4fa-0d6c-489c-94d3-5b7dc276e3bf', false);
INSERT INTO art_ping.project_employee VALUES ('6af56150-6ef5-4096-8c48-8f854ea49d55', 'cf55dd58-1262-4271-862c-ca9d565e8350', '186f1015-7e57-44c7-81c1-6d64057462e6', false);
INSERT INTO art_ping.project_employee VALUES ('608b468d-bb29-4204-989f-1540f3ee9188', 'cf55dd58-1262-4271-862c-ca9d565e8350', 'cb53f907-5eb3-469c-9923-27ce1f5e789c', false);
INSERT INTO art_ping.project_employee VALUES ('f4cc45f8-0ab0-439c-8afb-a9bdb6f7933c', 'cf55dd58-1262-4271-862c-ca9d565e8350', '8d4a039e-f3dd-40e4-9fc2-67e88735598f', false);
INSERT INTO art_ping.project_employee VALUES ('6998998b-4a22-4a78-9b79-e056ae0b5137', 'cf55dd58-1262-4271-862c-ca9d565e8350', '5fff669d-f260-46f6-988f-5f03f8b8a045', false);
INSERT INTO art_ping.project_employee VALUES ('6a3f075e-6800-4768-b502-4984b41c26e8', 'cf55dd58-1262-4271-862c-ca9d565e8350', 'fead7538-4a8d-41e9-ab89-b924c4432a13', false);
INSERT INTO art_ping.project_employee VALUES ('98a25c46-88cf-4b2e-8d29-dab79556da22', 'cf55dd58-1262-4271-862c-ca9d565e8350', '1409dba6-641a-4960-aedb-2b39cebf08de', false);
INSERT INTO art_ping.project VALUES ('a1f862ad-11da-471d-a8c4-c50f449deb2b', 'project36', true);
INSERT INTO art_ping.project_employee VALUES ('2c463aaf-a5ef-4cb4-8a68-04ae0f089966', 'a1f862ad-11da-471d-a8c4-c50f449deb2b', '469ad035-138e-4ed1-8a41-c2cdd929c11a', false);
INSERT INTO art_ping.project_employee VALUES ('e91310d4-6207-46d4-a220-88a84a932f1b', 'a1f862ad-11da-471d-a8c4-c50f449deb2b', '78d6445f-7299-4012-9a65-a5799a0fe2fb', false);
INSERT INTO art_ping.project_employee VALUES ('0f20998a-25e5-49de-8e9c-d85b107128dd', 'a1f862ad-11da-471d-a8c4-c50f449deb2b', 'b8c026a7-e397-42bb-8a2f-a31dc4d63993', false);
INSERT INTO art_ping.project_employee VALUES ('7d81631a-934a-4526-a8f3-84a0072e908e', 'a1f862ad-11da-471d-a8c4-c50f449deb2b', 'dd028c8b-d720-4875-933f-d1b016aa800a', false);
INSERT INTO art_ping.project_employee VALUES ('dc12f90b-d191-46ae-9c40-cc1a78c7734a', 'a1f862ad-11da-471d-a8c4-c50f449deb2b', '33bb851b-af14-41e7-9546-c771e67cc2a2', false);
INSERT INTO art_ping.project_employee VALUES ('847bcbbe-fd51-4228-a23b-994375a85e01', 'a1f862ad-11da-471d-a8c4-c50f449deb2b', '66e5b65b-8df7-4a31-8579-88043437f7db', false);
INSERT INTO art_ping.project_employee VALUES ('83b2318b-1f60-482a-a5f5-aeefbbddbbe6', 'a1f862ad-11da-471d-a8c4-c50f449deb2b', 'da677ce4-a7e2-44c7-b94f-cb7ec2e309f8', false);
INSERT INTO art_ping.project_employee VALUES ('ab712e68-6762-4e61-9480-ccb8e99f6488', 'a1f862ad-11da-471d-a8c4-c50f449deb2b', 'c46f7ec4-99b2-4db6-8f0e-7dd16fb40b62', false);
INSERT INTO art_ping.project_employee VALUES ('f859cb81-8947-4c68-8ddf-3d16121ad0a8', 'a1f862ad-11da-471d-a8c4-c50f449deb2b', 'a7242506-b4ec-4e3a-887b-1d9d87c81e5e', false);
INSERT INTO art_ping.project_employee VALUES ('bf4934e9-a3d9-445d-b19c-f0655ae23a58', 'a1f862ad-11da-471d-a8c4-c50f449deb2b', 'd8a55535-6da6-45e7-a100-1413c7c52f6d', false);
INSERT INTO art_ping.project_employee VALUES ('8333e575-7d89-4a2e-8ab2-e9a455f898b6', 'a1f862ad-11da-471d-a8c4-c50f449deb2b', '448cde14-417e-4a81-811b-97f60537e967', false);
INSERT INTO art_ping.project_employee VALUES ('e79a928f-20b3-45c6-9a66-f0b42c9c4e85', 'a1f862ad-11da-471d-a8c4-c50f449deb2b', '97d4e815-ae13-4d16-89ee-a41a068c08f5', false);
INSERT INTO art_ping.project_employee VALUES ('29ac3ac3-8ae9-4ee3-8882-1feea3119aac', 'a1f862ad-11da-471d-a8c4-c50f449deb2b', 'dfc03a25-ec14-47a4-a7d4-21d215d16eee', false);
INSERT INTO art_ping.project_employee VALUES ('5a8b3f81-fbd1-4dd1-a76d-5018e716e08a', 'a1f862ad-11da-471d-a8c4-c50f449deb2b', '71825d81-7080-4395-85db-0677974028fb', false);
INSERT INTO art_ping.project_employee VALUES ('251dd72c-c730-4b0c-95d1-db09d7aec93e', 'a1f862ad-11da-471d-a8c4-c50f449deb2b', '0f7973aa-478f-49a4-8468-8480e53348f5', false);
INSERT INTO art_ping.project_employee VALUES ('1fdc31f2-e737-4f71-b05f-7d6e508bb77e', 'a1f862ad-11da-471d-a8c4-c50f449deb2b', '9a679ffe-ccaa-4bcf-b290-839628b4596e', false);
INSERT INTO art_ping.project_employee VALUES ('6a4072b0-10c1-4a8e-91df-52385c510515', 'a1f862ad-11da-471d-a8c4-c50f449deb2b', '35a5935f-ff01-413d-987e-38829b9e35d8', false);
INSERT INTO art_ping.project VALUES ('2a84fa79-18df-425a-81eb-a122e17a18ce', 'project37', true);
INSERT INTO art_ping.project_employee VALUES ('843017a4-fb8a-41cc-8817-64ebf86baff5', '2a84fa79-18df-425a-81eb-a122e17a18ce', '34758c18-8793-49ed-ba1b-03563ab4c9ac', false);
INSERT INTO art_ping.project_employee VALUES ('fdecaa56-72fb-4ca6-9298-a82d863bec11', '2a84fa79-18df-425a-81eb-a122e17a18ce', '20c28b24-697e-4cfb-ac1e-6f1b2d2de3de', false);
INSERT INTO art_ping.project_employee VALUES ('af5f25b5-7da8-471b-bc01-67b35f93b681', '2a84fa79-18df-425a-81eb-a122e17a18ce', '93f4e756-2150-4de8-b311-5742ba03a70e', false);
INSERT INTO art_ping.project_employee VALUES ('c0e1763c-54f0-4832-82ed-4a406b522854', '2a84fa79-18df-425a-81eb-a122e17a18ce', '195cf61d-97d8-4578-a11a-6c29165d15e8', false);
INSERT INTO art_ping.project_employee VALUES ('71aea88b-94ae-4f95-b98d-3ea3ef159b20', '2a84fa79-18df-425a-81eb-a122e17a18ce', '8d4a039e-f3dd-40e4-9fc2-67e88735598f', false);
INSERT INTO art_ping.project_employee VALUES ('35d06151-054f-4080-9bc9-5e46fb921a01', '2a84fa79-18df-425a-81eb-a122e17a18ce', 'b31b7a99-146d-44c8-8aa3-f55fae2cd77f', false);
INSERT INTO art_ping.project_employee VALUES ('4f66964f-8bb9-427b-87ee-0a9b141bb130', '2a84fa79-18df-425a-81eb-a122e17a18ce', '8e2fa457-7a9d-4d54-b2db-9f397833c25b', false);
INSERT INTO art_ping.project_employee VALUES ('dc6e74d9-adbd-4452-8864-aabbf0de5ea3', '2a84fa79-18df-425a-81eb-a122e17a18ce', 'f294e255-0c6e-4bee-8f10-afa1172d08f4', false);
INSERT INTO art_ping.project_employee VALUES ('2cbbe20a-39a9-4888-a464-cbf50fd1870d', '2a84fa79-18df-425a-81eb-a122e17a18ce', 'e26704e1-f069-4968-84e7-91b6277fd221', false);
INSERT INTO art_ping.project_employee VALUES ('dc0e7078-1a3d-4555-b768-0d96b4e2a17d', '2a84fa79-18df-425a-81eb-a122e17a18ce', '04c1638e-bf5b-461f-b8d3-f1e46ff36e32', false);
INSERT INTO art_ping.project_employee VALUES ('6d02a746-0047-4ba2-af43-e2fb590098e5', '2a84fa79-18df-425a-81eb-a122e17a18ce', '5db0bab2-7d5a-4f71-91f4-dda3804e123f', false);
INSERT INTO art_ping.project_employee VALUES ('fdebc8b4-d590-405b-89f0-e71b3589d372', '2a84fa79-18df-425a-81eb-a122e17a18ce', 'ac3c940c-231c-4f2d-a74c-7503bb1887c6', false);
INSERT INTO art_ping.project VALUES ('270bdd81-e6bb-442e-9143-d9269883b594', 'project38', true);
INSERT INTO art_ping.project_employee VALUES ('d46e6029-bb79-4e2a-9389-f895ac6d32c1', '270bdd81-e6bb-442e-9143-d9269883b594', '78d6445f-7299-4012-9a65-a5799a0fe2fb', false);
INSERT INTO art_ping.project_employee VALUES ('867a228e-493a-416e-9b14-0ce182d4fe32', '270bdd81-e6bb-442e-9143-d9269883b594', 'c90c1514-118d-4c02-a022-cb8f65b703b8', false);
INSERT INTO art_ping.project_employee VALUES ('9ce9a21b-560e-4401-b455-2dd5a6dec130', '270bdd81-e6bb-442e-9143-d9269883b594', '8a2c1ea1-9f31-45fd-bf8a-d5e909471c37', false);
INSERT INTO art_ping.project_employee VALUES ('772fc718-fc12-4e9d-b0d9-7694441eb10f', '270bdd81-e6bb-442e-9143-d9269883b594', 'c180ae1b-fc61-4d49-990b-d7cb600e844a', false);
INSERT INTO art_ping.project_employee VALUES ('09425cdd-b229-4c2a-b010-5bf0c4f50d43', '270bdd81-e6bb-442e-9143-d9269883b594', 'ff6cd514-030b-4dce-9bb8-c6027800b66a', false);
INSERT INTO art_ping.project_employee VALUES ('265ec072-049f-438d-96ea-66cbe52acbf2', '270bdd81-e6bb-442e-9143-d9269883b594', 'a9190978-5c24-44a5-a2c4-75739f690ee7', false);
INSERT INTO art_ping.project_employee VALUES ('4d63ee30-b1a0-4dfb-a20a-4740d34060a7', '270bdd81-e6bb-442e-9143-d9269883b594', '2908a3a2-867c-40ca-999f-af8e27ea2cd2', false);
INSERT INTO art_ping.project_employee VALUES ('b28664dc-03e3-44fd-901e-e40dc196b245', '270bdd81-e6bb-442e-9143-d9269883b594', '00636c47-fad1-42c8-8853-829ed78353d8', false);
INSERT INTO art_ping.project_employee VALUES ('22c5792f-6dc0-44d0-99db-a521684e293e', '270bdd81-e6bb-442e-9143-d9269883b594', 'b2cb052c-5cd3-47c7-ad21-1f72c33135c8', false);
INSERT INTO art_ping.project_employee VALUES ('7674bd83-95c7-4178-9d57-847010d49eb7', '270bdd81-e6bb-442e-9143-d9269883b594', '0a016578-3d13-455f-b13a-520c1d515805', false);
INSERT INTO art_ping.project_employee VALUES ('949d4a1e-d0a8-45e6-b59a-9b8f069ee676', '270bdd81-e6bb-442e-9143-d9269883b594', '149d7ba5-7f25-4b0f-b6a6-1f051640184c', false);
INSERT INTO art_ping.project_employee VALUES ('96127081-a196-4821-a05e-05334368e8df', '270bdd81-e6bb-442e-9143-d9269883b594', '35b57b32-3cd9-487f-9e75-f32ee5ea10fd', false);
INSERT INTO art_ping.project_employee VALUES ('cee8ccde-6d8b-4ae7-9545-ead1373da346', '270bdd81-e6bb-442e-9143-d9269883b594', '8949e26c-f25d-41f8-995a-f41b22bb9670', false);
INSERT INTO art_ping.project_employee VALUES ('207fd605-251d-43fa-8ae8-4f9852815400', '270bdd81-e6bb-442e-9143-d9269883b594', 'b9061b48-6319-4fef-a10c-d2cfa17e9af9', false);
INSERT INTO art_ping.project_employee VALUES ('766991f2-1e12-42a6-bf4e-e6a28e679879', '270bdd81-e6bb-442e-9143-d9269883b594', '9dcaf691-4d1a-4934-90eb-bdab583f413f', false);
INSERT INTO art_ping.project_employee VALUES ('8b9cdb09-586c-418d-bda7-d82c7f49131b', '270bdd81-e6bb-442e-9143-d9269883b594', 'e26704e1-f069-4968-84e7-91b6277fd221', false);
INSERT INTO art_ping.project_employee VALUES ('8604d94c-db8e-4c6f-a540-a1d58f2adba0', '270bdd81-e6bb-442e-9143-d9269883b594', 'dddddd51-a076-494c-bed6-854476f58359', false);
INSERT INTO art_ping.project VALUES ('fae96990-0e57-4a5f-9a5b-35690861095e', 'project39', true);
INSERT INTO art_ping.project_employee VALUES ('00173752-0531-4af7-9f15-6fc6480e3fec', 'fae96990-0e57-4a5f-9a5b-35690861095e', '469ad035-138e-4ed1-8a41-c2cdd929c11a', false);
INSERT INTO art_ping.project_employee VALUES ('fc9f692c-bf02-4e38-ac55-e18c8411f366', 'fae96990-0e57-4a5f-9a5b-35690861095e', '8415afe4-bdac-4f3e-abf1-a5c30947e033', false);
INSERT INTO art_ping.project_employee VALUES ('1a316b17-ecad-4460-a5e5-5748d615c65f', 'fae96990-0e57-4a5f-9a5b-35690861095e', '15b12267-a20e-437c-97b3-1b578dce50af', false);
INSERT INTO art_ping.project_employee VALUES ('e22a55fe-a399-40d1-9db8-856953c56c3f', 'fae96990-0e57-4a5f-9a5b-35690861095e', '8a2c1ea1-9f31-45fd-bf8a-d5e909471c37', false);
INSERT INTO art_ping.project_employee VALUES ('1151fb00-1dcb-46ca-aefc-6de55ad96ed2', 'fae96990-0e57-4a5f-9a5b-35690861095e', '054c17e6-ee5a-4058-ba0f-32a4c47f0f3f', false);
INSERT INTO art_ping.project_employee VALUES ('2c1e5ffb-92fe-49b2-961a-c8b7af70532e', 'fae96990-0e57-4a5f-9a5b-35690861095e', 'da9a3888-66b6-490f-940f-c8080ddf34f0', false);
INSERT INTO art_ping.project_employee VALUES ('3d7ca60d-3fda-425a-a0f8-9046a0df4a9f', 'fae96990-0e57-4a5f-9a5b-35690861095e', 'b729d9e5-33eb-4dbf-ac6a-809af5fcbd2d', false);
INSERT INTO art_ping.project_employee VALUES ('bc718c45-c3e5-4f61-8892-9fcf572ec808', 'fae96990-0e57-4a5f-9a5b-35690861095e', '74cc180f-b211-4f22-92ac-3213eeccb369', false);
INSERT INTO art_ping.project_employee VALUES ('d5c168a8-d672-43f8-a59f-55f5f3c297bc', 'fae96990-0e57-4a5f-9a5b-35690861095e', '34758c18-8793-49ed-ba1b-03563ab4c9ac', false);
INSERT INTO art_ping.project_employee VALUES ('ff99c8c6-f70a-4c61-bba7-eec9eb5cf3df', 'fae96990-0e57-4a5f-9a5b-35690861095e', '797cdf14-fa24-4f54-988d-ea0063cfc947', false);
INSERT INTO art_ping.project_employee VALUES ('dbfe4112-6511-4a6b-8fe4-0d0e50efe093', 'fae96990-0e57-4a5f-9a5b-35690861095e', '5fff669d-f260-46f6-988f-5f03f8b8a045', false);
INSERT INTO art_ping.project_employee VALUES ('39d78b34-a2d6-4031-ba18-888149e6e9ea', 'fae96990-0e57-4a5f-9a5b-35690861095e', '53614077-53a2-451e-9a55-acabc538a8ea', false);
INSERT INTO art_ping.project_employee VALUES ('62ddbfd5-99ec-4532-80e5-afe8fbe556d3', 'fae96990-0e57-4a5f-9a5b-35690861095e', '5ef53952-2c57-4e86-abdd-a884a667cdc0', false);
INSERT INTO art_ping.project_employee VALUES ('c9263be3-d3c6-44cb-a707-b0dbc3241a69', 'fae96990-0e57-4a5f-9a5b-35690861095e', 'bdcbc5a8-1bcc-40de-918c-83a380dcf069', false);
INSERT INTO art_ping.project_employee VALUES ('3c014316-a75a-466e-b333-eb1cb9059b5a', 'fae96990-0e57-4a5f-9a5b-35690861095e', 'e26704e1-f069-4968-84e7-91b6277fd221', false);
INSERT INTO art_ping.project_employee VALUES ('5466e6fd-f183-498f-bbc5-6add07fdb756', 'fae96990-0e57-4a5f-9a5b-35690861095e', '0f7973aa-478f-49a4-8468-8480e53348f5', false);
INSERT INTO art_ping.project VALUES ('fc63bbf4-9aa1-43af-ad6e-381b48045eb7', 'project40', true);
INSERT INTO art_ping.project_employee VALUES ('a5b00f20-8c85-4888-a230-32adc74bf681', 'fc63bbf4-9aa1-43af-ad6e-381b48045eb7', '0012324d-6938-462e-86b1-b6e78d35d9e2', false);
INSERT INTO art_ping.project_employee VALUES ('3ca4e29d-8d8f-4e6d-9ae2-a09dceb1ccb6', 'fc63bbf4-9aa1-43af-ad6e-381b48045eb7', '6b594298-35f0-426e-8e52-94565eb771a4', false);
INSERT INTO art_ping.project_employee VALUES ('20e95fe9-6d8e-4311-846e-3775dfb67f71', 'fc63bbf4-9aa1-43af-ad6e-381b48045eb7', '195cf61d-97d8-4578-a11a-6c29165d15e8', false);
INSERT INTO art_ping.project_employee VALUES ('a452f7ce-28c7-443b-a60e-9e925a008911', 'fc63bbf4-9aa1-43af-ad6e-381b48045eb7', '1eff4c81-5cbf-471c-87f3-73095daddfb8', false);
INSERT INTO art_ping.project_employee VALUES ('1564b96c-0480-4c12-ba4a-a090847d9234', 'fc63bbf4-9aa1-43af-ad6e-381b48045eb7', '3b97c970-cd85-45ef-aa21-ab7728252a64', false);
INSERT INTO art_ping.project_employee VALUES ('fe107677-dbb0-401b-8004-c26638e1d94c', 'fc63bbf4-9aa1-43af-ad6e-381b48045eb7', '2bce4499-9f91-4b28-9e53-892559f60dbb', false);
INSERT INTO art_ping.project_employee VALUES ('7b647fce-d2ac-4bbf-8045-12e2acee0c9d', 'fc63bbf4-9aa1-43af-ad6e-381b48045eb7', '2867255e-1e35-4f77-9ac8-5867f9ae15df', false);
INSERT INTO art_ping.project_employee VALUES ('58f2a666-1452-4469-a0d9-fa69a035cd1e', 'fc63bbf4-9aa1-43af-ad6e-381b48045eb7', '9016fc64-56c6-4250-a83e-c7a780948e87', false);
INSERT INTO art_ping.project_employee VALUES ('83ebc908-7d84-4840-aae6-2ebe68b7d527', 'fc63bbf4-9aa1-43af-ad6e-381b48045eb7', '464ae57e-8993-4cf7-87b6-fc41331b5de0', false);
INSERT INTO art_ping.project_employee VALUES ('d49b9bc7-4756-491f-b966-3bda8c7e9857', 'fc63bbf4-9aa1-43af-ad6e-381b48045eb7', 'e262c579-6802-472a-ac75-d488ea8256fa', false);
INSERT INTO art_ping.project_employee VALUES ('5350d877-63b2-41ae-81a9-3e80b111e8e2', 'fc63bbf4-9aa1-43af-ad6e-381b48045eb7', '4d22d09f-b030-4274-a1a1-6acb3969d0c7', false);
INSERT INTO art_ping.project VALUES ('c48d2aad-5c7f-4a26-8371-06ba4e2e9438', 'project41', true);
INSERT INTO art_ping.project_employee VALUES ('185baf97-6733-4389-adfd-1a0b9113a750', 'c48d2aad-5c7f-4a26-8371-06ba4e2e9438', 'c015fe98-c89a-4f48-a784-fbc0111a03ea', false);
INSERT INTO art_ping.project_employee VALUES ('2a369e58-2b9b-4d4b-86d3-eb52d926e32b', 'c48d2aad-5c7f-4a26-8371-06ba4e2e9438', '287bdb46-2808-4bb6-9159-b9bcadb7f9aa', false);
INSERT INTO art_ping.project_employee VALUES ('4a8ac003-a9f8-4de4-89da-c3feace4ef8e', 'c48d2aad-5c7f-4a26-8371-06ba4e2e9438', 'f2ea8ba1-6d5a-4a1c-9f6c-5d1b7152e33a', false);
INSERT INTO art_ping.project_employee VALUES ('78c75bf2-82c2-4bee-af2c-d9fa96e495a9', 'c48d2aad-5c7f-4a26-8371-06ba4e2e9438', 'e5972d1b-7230-42db-9aa1-680c6576421a', false);
INSERT INTO art_ping.project_employee VALUES ('e6f9923c-746c-47fa-bac6-2e0d9c24b4c2', 'c48d2aad-5c7f-4a26-8371-06ba4e2e9438', '27ccbe89-6b69-470b-aaf2-c7171f6f805a', false);
INSERT INTO art_ping.project_employee VALUES ('8002525e-f7ee-4a3a-a82c-3a1443fdd306', 'c48d2aad-5c7f-4a26-8371-06ba4e2e9438', '2f4d0c07-8885-4053-bb24-5dde69432d8d', false);
INSERT INTO art_ping.project_employee VALUES ('9f4f369a-6c39-48d6-9c70-edb80f62e96f', 'c48d2aad-5c7f-4a26-8371-06ba4e2e9438', '579ad4d9-ce39-459c-bbf0-bc6064386cd9', false);
INSERT INTO art_ping.project_employee VALUES ('19b93986-1fe3-44c1-9d82-4ac410870cc3', 'c48d2aad-5c7f-4a26-8371-06ba4e2e9438', 'ccab5ede-90ec-45f9-a6c5-c14b0034032c', false);
INSERT INTO art_ping.project_employee VALUES ('d9562a27-b322-4be6-ad38-f8abf441a8f7', 'c48d2aad-5c7f-4a26-8371-06ba4e2e9438', '0012324d-6938-462e-86b1-b6e78d35d9e2', false);
INSERT INTO art_ping.project_employee VALUES ('2a953d08-8f2f-4c85-ab50-4292c8e6fd8b', 'c48d2aad-5c7f-4a26-8371-06ba4e2e9438', 'a7242506-b4ec-4e3a-887b-1d9d87c81e5e', false);
INSERT INTO art_ping.project_employee VALUES ('d529dc39-596c-4c73-bf06-9c2f5f6442f7', 'c48d2aad-5c7f-4a26-8371-06ba4e2e9438', 'b461a3ce-c839-42b2-8f14-96886d8f4f09', false);
INSERT INTO art_ping.project_employee VALUES ('0618eb21-4422-4548-9dad-cf4432da1e3d', 'c48d2aad-5c7f-4a26-8371-06ba4e2e9438', '78faa8a1-22d5-4f98-9fd2-31211f41c5ca', false);
INSERT INTO art_ping.project_employee VALUES ('468f5889-ec08-4a28-9885-8483a6bc744a', 'c48d2aad-5c7f-4a26-8371-06ba4e2e9438', '543f7bf5-07f6-463b-a2b3-57a909fabb86', false);
INSERT INTO art_ping.project_employee VALUES ('eff03f10-6a1c-4b77-8368-d041b2a4779d', 'c48d2aad-5c7f-4a26-8371-06ba4e2e9438', '540e0fff-5bd0-4a90-842d-05fb29ab9e44', false);
INSERT INTO art_ping.project_employee VALUES ('5a08139a-2724-4c42-b87c-3ce78b21c465', 'c48d2aad-5c7f-4a26-8371-06ba4e2e9438', '8e8bcccb-9ba6-4207-8c01-85599e7b5290', false);
INSERT INTO art_ping.project VALUES ('45dd9ead-9cd2-44ee-a9b0-988e3754ef26', 'project42', true);
INSERT INTO art_ping.project_employee VALUES ('5fbe27d7-acb9-4316-b7c7-26aba4f93c56', '45dd9ead-9cd2-44ee-a9b0-988e3754ef26', '579ad4d9-ce39-459c-bbf0-bc6064386cd9', false);
INSERT INTO art_ping.project_employee VALUES ('c774072e-82ec-4676-905d-c40c2f777fa2', '45dd9ead-9cd2-44ee-a9b0-988e3754ef26', 'c90c1514-118d-4c02-a022-cb8f65b703b8', false);
INSERT INTO art_ping.project_employee VALUES ('c20ed79c-b474-400a-9ccb-3afe241b1a7a', '45dd9ead-9cd2-44ee-a9b0-988e3754ef26', 'e6b66764-9b4c-453a-b94a-ded325a61809', false);
INSERT INTO art_ping.project_employee VALUES ('202b9cf8-0ee4-4bbe-b7b5-02b1388084db', '45dd9ead-9cd2-44ee-a9b0-988e3754ef26', 'b822ea78-5404-4d32-8f73-0f26cb8a459e', false);
INSERT INTO art_ping.project_employee VALUES ('98211b97-e5a6-4122-bd4e-0eecaf732b7e', '45dd9ead-9cd2-44ee-a9b0-988e3754ef26', '67098364-3f5b-4ca9-b972-6ba74eba9bd8', false);
INSERT INTO art_ping.project_employee VALUES ('9e23990a-a69a-4b79-8b7d-9a312cb20e6f', '45dd9ead-9cd2-44ee-a9b0-988e3754ef26', '03fa441f-0c56-4993-8348-e201b8609721', false);
INSERT INTO art_ping.project_employee VALUES ('81bc8165-30d7-457c-bd56-d115963da627', '45dd9ead-9cd2-44ee-a9b0-988e3754ef26', 'ab56e4fa-0d6c-489c-94d3-5b7dc276e3bf', false);
INSERT INTO art_ping.project VALUES ('bae06bb0-63c9-40d8-ace2-f65d7e020611', 'project43', true);
INSERT INTO art_ping.project_employee VALUES ('c89d70be-84f0-4d58-b601-48e29aa2d7fc', 'bae06bb0-63c9-40d8-ace2-f65d7e020611', 'b3fa6705-7a65-48c7-a569-6c71afde850c', false);
INSERT INTO art_ping.project_employee VALUES ('09b3623b-f3ff-48f7-a070-914edb61eca3', 'bae06bb0-63c9-40d8-ace2-f65d7e020611', 'edbec007-0b9d-47ee-9cb6-a8e2893e3f40', false);
INSERT INTO art_ping.project_employee VALUES ('5558138e-84e0-429f-91f9-86287bc0a5a3', 'bae06bb0-63c9-40d8-ace2-f65d7e020611', '7f7f02df-4264-4040-ba9b-b0dff5f3b822', false);
INSERT INTO art_ping.project_employee VALUES ('f7f68407-f647-472e-88d5-903abe30ea2c', 'bae06bb0-63c9-40d8-ace2-f65d7e020611', 'd8235bf0-6cb4-40c4-bcff-fce23ed0f8ab', false);
INSERT INTO art_ping.project_employee VALUES ('865a10e2-4c26-4e1c-984e-bec1951102e3', 'bae06bb0-63c9-40d8-ace2-f65d7e020611', '842f34d1-cdc8-42ad-9468-3c5a31205e56', false);
INSERT INTO art_ping.project_employee VALUES ('93a66deb-957e-4d7d-859e-f1067bacfdbc', 'bae06bb0-63c9-40d8-ace2-f65d7e020611', '9e8e4e86-7d83-4115-af93-76a8126878ca', false);
INSERT INTO art_ping.project_employee VALUES ('69bd3421-4c35-4e6c-a62b-a579b8953365', 'bae06bb0-63c9-40d8-ace2-f65d7e020611', 'dcd7d596-0014-4d32-b3fb-d41fe32db9b0', false);
INSERT INTO art_ping.project_employee VALUES ('6faf5a88-b00c-4859-b12f-b97b3375a007', 'bae06bb0-63c9-40d8-ace2-f65d7e020611', 'db6cfd2c-6c25-4e9a-83aa-cd8ae2f47e5b', false);
INSERT INTO art_ping.project_employee VALUES ('e993e626-f0ce-4327-bfaf-be551ef1c615', 'bae06bb0-63c9-40d8-ace2-f65d7e020611', '4136b392-dfaf-42a2-a803-bb148c5d738e', false);
INSERT INTO art_ping.project VALUES ('0aaa553f-7219-4338-bb0c-5b99651da566', 'project44', true);
INSERT INTO art_ping.project_employee VALUES ('6b875087-f9e2-4991-8a91-c45f72f34f29', '0aaa553f-7219-4338-bb0c-5b99651da566', '039a657d-7795-4c77-b8a1-f817bf0af5a3', false);
INSERT INTO art_ping.project_employee VALUES ('fd6320e1-4666-4177-be50-e7a13b25d989', '0aaa553f-7219-4338-bb0c-5b99651da566', '3a1cee63-504c-468f-a9ec-08f7d3288079', false);
INSERT INTO art_ping.project_employee VALUES ('c905c0d1-4fd0-4bb4-b88f-179f63fea789', '0aaa553f-7219-4338-bb0c-5b99651da566', '19b2ef4e-cba1-4081-8ac5-a39d91c885c2', false);
INSERT INTO art_ping.project VALUES ('06394e4f-26fc-4f8f-89d7-96dc214e1c86', 'project45', true);
INSERT INTO art_ping.project_employee VALUES ('29e796a3-80fa-4e47-b318-3fd9a3d73c07', '06394e4f-26fc-4f8f-89d7-96dc214e1c86', '469ad035-138e-4ed1-8a41-c2cdd929c11a', false);
INSERT INTO art_ping.project_employee VALUES ('9eb853e9-9089-4275-8e28-c99a49724d4b', '06394e4f-26fc-4f8f-89d7-96dc214e1c86', 'c015fe98-c89a-4f48-a784-fbc0111a03ea', false);
INSERT INTO art_ping.project_employee VALUES ('4977ddd9-1e51-42fd-8792-8ad5251f452e', '06394e4f-26fc-4f8f-89d7-96dc214e1c86', '9ba04272-ae67-4d5d-918a-7dc77c4f1526', false);
INSERT INTO art_ping.project_employee VALUES ('30248672-617e-4a80-8ba4-774fe99a0eac', '06394e4f-26fc-4f8f-89d7-96dc214e1c86', '35e9c910-a703-4e55-868a-6349b2932c2e', false);
INSERT INTO art_ping.project_employee VALUES ('2d000e6d-9010-4811-9fea-1697e54994d3', '06394e4f-26fc-4f8f-89d7-96dc214e1c86', '7f7f02df-4264-4040-ba9b-b0dff5f3b822', false);
INSERT INTO art_ping.project_employee VALUES ('98997b56-5be7-4ec0-a8d4-5ed1f7e20262', '06394e4f-26fc-4f8f-89d7-96dc214e1c86', '3237697f-4825-4b39-82d4-363dcb46f4f7', false);
INSERT INTO art_ping.project_employee VALUES ('fdc18f97-74e9-4e52-ab55-d2bc43aacb1e', '06394e4f-26fc-4f8f-89d7-96dc214e1c86', 'f2ea8ba1-6d5a-4a1c-9f6c-5d1b7152e33a', false);
INSERT INTO art_ping.project_employee VALUES ('e774dfc4-fa85-4ece-aec3-ebca201dd28a', '06394e4f-26fc-4f8f-89d7-96dc214e1c86', '40bf09a0-3331-4752-9542-97396ed2067c', false);
INSERT INTO art_ping.project_employee VALUES ('a10d06b5-cf13-41d2-a4c4-c902986e95d6', '06394e4f-26fc-4f8f-89d7-96dc214e1c86', 'cd7c3636-983d-4772-a6a2-190b60419c5d', false);
INSERT INTO art_ping.project_employee VALUES ('c02a2a18-5c36-4b98-a3bf-d8e56efe723d', '06394e4f-26fc-4f8f-89d7-96dc214e1c86', '04c1638e-bf5b-461f-b8d3-f1e46ff36e32', false);
INSERT INTO art_ping.project_employee VALUES ('245e6f16-3082-4772-b4f4-9249478d0cba', '06394e4f-26fc-4f8f-89d7-96dc214e1c86', 'be4a84fb-dcfb-484c-9e59-6ec2c03ab595', false);
INSERT INTO art_ping.project VALUES ('c59c2fac-17f1-4ebe-b011-7540c2cbc6b1', 'project46', true);
INSERT INTO art_ping.project_employee VALUES ('bcdfafec-f865-4fa8-88a4-fda56bc6fc52', 'c59c2fac-17f1-4ebe-b011-7540c2cbc6b1', 'f68c9b8b-a2e5-4509-9aab-88f5bb6a7a70', false);
INSERT INTO art_ping.project_employee VALUES ('7003da44-b59e-4871-b920-2ea6c211caec', 'c59c2fac-17f1-4ebe-b011-7540c2cbc6b1', '287bdb46-2808-4bb6-9159-b9bcadb7f9aa', false);
INSERT INTO art_ping.project_employee VALUES ('5b17e5ab-c676-4d91-9163-ad321ecbdf09', 'c59c2fac-17f1-4ebe-b011-7540c2cbc6b1', '9ba04272-ae67-4d5d-918a-7dc77c4f1526', false);
INSERT INTO art_ping.project_employee VALUES ('f0021319-b347-4ec9-a0c3-9bcbefbaa289', 'c59c2fac-17f1-4ebe-b011-7540c2cbc6b1', '6cd5df54-a26a-4566-b9ab-526fa2734844', false);
INSERT INTO art_ping.project_employee VALUES ('eff7f41a-126b-40a4-a0b1-66da90190e73', 'c59c2fac-17f1-4ebe-b011-7540c2cbc6b1', 'f2ea8ba1-6d5a-4a1c-9f6c-5d1b7152e33a', false);
INSERT INTO art_ping.project_employee VALUES ('a14df8d7-a854-4e8d-af99-cfec14d51c16', 'c59c2fac-17f1-4ebe-b011-7540c2cbc6b1', 'f6a4faa4-2382-4314-b096-41bb5cc149f6', false);
INSERT INTO art_ping.project_employee VALUES ('c83d5109-f003-4642-8cee-f39dbcfbedda', 'c59c2fac-17f1-4ebe-b011-7540c2cbc6b1', '703df4e6-31a6-42bd-98c8-03f227671bd5', false);
INSERT INTO art_ping.project_employee VALUES ('a8d9706d-20f4-41b7-b125-6c9db556c64c', 'c59c2fac-17f1-4ebe-b011-7540c2cbc6b1', '7f1b2eac-41b0-4fbc-92d0-0b85a563306b', false);
INSERT INTO art_ping.project_employee VALUES ('cc399c38-a7fd-4b5d-9efd-fc2163a9bfbb', 'c59c2fac-17f1-4ebe-b011-7540c2cbc6b1', 'ab56e4fa-0d6c-489c-94d3-5b7dc276e3bf', false);
INSERT INTO art_ping.project_employee VALUES ('bf79dad6-edb1-44a5-bbb6-856b717e1447', 'c59c2fac-17f1-4ebe-b011-7540c2cbc6b1', 'c540caab-411e-4aac-9f41-6294390f3c58', false);
INSERT INTO art_ping.project_employee VALUES ('1680c556-67fb-46d7-a071-02d246f5c062', 'c59c2fac-17f1-4ebe-b011-7540c2cbc6b1', 'abb7e688-bd8d-4aa6-9eed-5450de8bc222', false);
INSERT INTO art_ping.project_employee VALUES ('91d6063b-3b94-4e4d-80d8-82d09f24a85d', 'c59c2fac-17f1-4ebe-b011-7540c2cbc6b1', 'd8a55535-6da6-45e7-a100-1413c7c52f6d', false);
INSERT INTO art_ping.project_employee VALUES ('4238080a-9342-40d1-b839-c6813d2184e8', 'c59c2fac-17f1-4ebe-b011-7540c2cbc6b1', 'e53df53d-5cdd-413e-8606-289626360a05', false);
INSERT INTO art_ping.project_employee VALUES ('181ec270-babf-4509-9343-492f03b19b44', 'c59c2fac-17f1-4ebe-b011-7540c2cbc6b1', '84f9873e-cac9-467a-b5f5-5cf2383ec72c', false);
INSERT INTO art_ping.project_employee VALUES ('08e08b97-a97a-4bdd-8508-74402163f49c', 'c59c2fac-17f1-4ebe-b011-7540c2cbc6b1', '6949b072-5157-4d9c-8bfa-ac1ad6e0a3c2', false);
INSERT INTO art_ping.project_employee VALUES ('4b1d1d91-7fc0-4f6d-82b3-b3e60587a46a', 'c59c2fac-17f1-4ebe-b011-7540c2cbc6b1', 'c5f2ad86-5440-4a19-a53f-60fd90dd693f', false);
INSERT INTO art_ping.project_employee VALUES ('970f5147-5fba-4045-af41-deed04637a21', 'c59c2fac-17f1-4ebe-b011-7540c2cbc6b1', '3a1cee63-504c-468f-a9ec-08f7d3288079', false);
INSERT INTO art_ping.project_employee VALUES ('6ae2ff03-35a5-4e5f-a077-89ab88e8c052', 'c59c2fac-17f1-4ebe-b011-7540c2cbc6b1', '5db0bab2-7d5a-4f71-91f4-dda3804e123f', false);
INSERT INTO art_ping.project VALUES ('59017357-47be-44a0-868f-78dbae5bd4b2', 'project47', true);
INSERT INTO art_ping.project_employee VALUES ('f6d30fbf-4d8a-40bb-8cba-638f6862b8ea', '59017357-47be-44a0-868f-78dbae5bd4b2', 'd46d9c33-a620-4c1b-8e28-4d347c1dc84e', false);
INSERT INTO art_ping.project_employee VALUES ('3a06b305-10d0-4798-b29b-db1f36be8f23', '59017357-47be-44a0-868f-78dbae5bd4b2', 'ff6cd514-030b-4dce-9bb8-c6027800b66a', false);
INSERT INTO art_ping.project_employee VALUES ('118fda74-1cc1-4fb0-9b2e-8fd5ed84caa1', '59017357-47be-44a0-868f-78dbae5bd4b2', 'b31b7a99-146d-44c8-8aa3-f55fae2cd77f', false);
INSERT INTO art_ping.project_employee VALUES ('32127ba4-d2fd-4f22-a10b-faa23f6f25df', '59017357-47be-44a0-868f-78dbae5bd4b2', 'da9a3888-66b6-490f-940f-c8080ddf34f0', false);
INSERT INTO art_ping.project_employee VALUES ('3cd0c340-b1e8-4d94-900e-0fae06221492', '59017357-47be-44a0-868f-78dbae5bd4b2', '5956d2ed-5ef1-4583-85a6-e096b3eabbe7', false);
INSERT INTO art_ping.project_employee VALUES ('85bb8288-271f-4ec2-8df7-2479c7b8cc8d', '59017357-47be-44a0-868f-78dbae5bd4b2', '9b33d0fa-6e3b-4239-88fb-62e283a1ceff', false);
INSERT INTO art_ping.project_employee VALUES ('4ab6272a-7c0b-405b-b6f0-cb14b2a4fe79', '59017357-47be-44a0-868f-78dbae5bd4b2', '41cfd1b0-cc08-4dce-a5be-82b58b374970', false);
INSERT INTO art_ping.project_employee VALUES ('06602e73-05e1-4cb7-ab37-2edfddf5081f', '59017357-47be-44a0-868f-78dbae5bd4b2', 'd61aae5c-d16a-4864-b56c-d96c04c226e0', false);
INSERT INTO art_ping.project_employee VALUES ('47b02058-6406-4858-925b-34d5f23ca4b1', '59017357-47be-44a0-868f-78dbae5bd4b2', '2dbf058b-4c77-43c6-9a8e-d178fdcae437', false);
INSERT INTO art_ping.project_employee VALUES ('792e0c5c-ec7c-4cfb-800a-86432943a5e3', '59017357-47be-44a0-868f-78dbae5bd4b2', '35e9c910-a703-4e55-868a-6349b2932c2e', false);
INSERT INTO art_ping.project_employee VALUES ('a07538d1-3e64-4f5e-95a9-96297c65e46a', '59017357-47be-44a0-868f-78dbae5bd4b2', '9526ec9f-3f38-48bc-b017-7ad1c1e701b9', false);
INSERT INTO art_ping.project_employee VALUES ('60566fad-6dcf-4e75-be52-a6d93419c30c', '59017357-47be-44a0-868f-78dbae5bd4b2', '48abdbe1-8aaf-44d3-8071-cfbc0f9a904f', false);
INSERT INTO art_ping.project_employee VALUES ('6d86ae20-7182-4246-83d9-d68c452449d7', '59017357-47be-44a0-868f-78dbae5bd4b2', 'e1ea0ed8-80c2-43a3-97a2-2ad2e596e614', false);
INSERT INTO art_ping.project_employee VALUES ('2f70d834-8626-4bc7-b5d3-a08d5c557e2e', '59017357-47be-44a0-868f-78dbae5bd4b2', '543f7bf5-07f6-463b-a2b3-57a909fabb86', false);
INSERT INTO art_ping.project_employee VALUES ('738be66f-209d-4e6c-88ac-11cb4e325898', '59017357-47be-44a0-868f-78dbae5bd4b2', '8ee3c4a7-58ac-41bf-bbfe-56efd2e3f71a', false);
INSERT INTO art_ping.project_employee VALUES ('90442568-c416-48b7-9d14-7d438764edd5', '59017357-47be-44a0-868f-78dbae5bd4b2', 'b5131a17-901d-4a2a-90b0-53586b3fc53e', false);
INSERT INTO art_ping.project_employee VALUES ('d9b6884f-c539-4921-8f86-aa07d31e3499', '59017357-47be-44a0-868f-78dbae5bd4b2', 'f8983a7a-fc5f-4ddc-aaa2-b5e75b472253', false);
INSERT INTO art_ping.project VALUES ('ce2aa7d8-c0f2-4173-9fd1-f38f766950e2', 'project48', true);
INSERT INTO art_ping.project_employee VALUES ('4374abc5-83c7-46c5-9ad1-394944222bc4', 'ce2aa7d8-c0f2-4173-9fd1-f38f766950e2', 'e908edfa-7f9c-4192-8e44-3392b3d15019', false);
INSERT INTO art_ping.project_employee VALUES ('64a39c22-a6e5-40e4-927f-71f65c946380', 'ce2aa7d8-c0f2-4173-9fd1-f38f766950e2', 'b6fc1ef7-15f5-4215-8b5d-b346697d4d66', false);
INSERT INTO art_ping.project_employee VALUES ('bc965286-b4f1-4ec0-b22f-129360554ccb', 'ce2aa7d8-c0f2-4173-9fd1-f38f766950e2', 'c5f2ad86-5440-4a19-a53f-60fd90dd693f', false);
INSERT INTO art_ping.project_employee VALUES ('1f57850e-ed0e-44b3-adf6-c823f62d276a', 'ce2aa7d8-c0f2-4173-9fd1-f38f766950e2', '3a1cee63-504c-468f-a9ec-08f7d3288079', false);
INSERT INTO art_ping.project_employee VALUES ('021ae707-883d-4702-9923-ecfe5fa80ca2', 'ce2aa7d8-c0f2-4173-9fd1-f38f766950e2', 'a9190978-5c24-44a5-a2c4-75739f690ee7', false);
INSERT INTO art_ping.project_employee VALUES ('eca3089c-89a9-4e19-aac5-bb29e81ffe9b', 'ce2aa7d8-c0f2-4173-9fd1-f38f766950e2', '95fdbcff-3bcd-432c-b94c-1253010246fb', false);
INSERT INTO art_ping.project_employee VALUES ('5930c428-35b8-4961-a962-a8b22da7c7b0', 'ce2aa7d8-c0f2-4173-9fd1-f38f766950e2', 'b9b3d71b-2925-4ad9-93d0-603b6ce5c447', false);
INSERT INTO art_ping.project_employee VALUES ('66c6b408-3c35-403c-94c1-af332b01fede', 'ce2aa7d8-c0f2-4173-9fd1-f38f766950e2', '5956d2ed-5ef1-4583-85a6-e096b3eabbe7', false);
INSERT INTO art_ping.project_employee VALUES ('9fed8030-5deb-4685-9776-1703e41b8727', 'ce2aa7d8-c0f2-4173-9fd1-f38f766950e2', 'b729d9e5-33eb-4dbf-ac6a-809af5fcbd2d', false);
INSERT INTO art_ping.project_employee VALUES ('c396751b-0570-4273-ac99-69b8746d5e3e', 'ce2aa7d8-c0f2-4173-9fd1-f38f766950e2', '3cc460d6-ae56-46b0-b03b-9731103c9ed5', false);
INSERT INTO art_ping.project VALUES ('2e5f64c4-56ef-4c3e-acc1-ae8becf40116', 'project49', true);
INSERT INTO art_ping.project_employee VALUES ('87557695-5a7b-40a6-a10f-65aa4d6184e6', '2e5f64c4-56ef-4c3e-acc1-ae8becf40116', '54d1c74f-b264-4801-9fe3-7b52da677b00', false);
INSERT INTO art_ping.project_employee VALUES ('7a7430ea-b003-4041-a1da-e9ce143ebb45', '2e5f64c4-56ef-4c3e-acc1-ae8becf40116', '6cd5df54-a26a-4566-b9ab-526fa2734844', false);
INSERT INTO art_ping.project_employee VALUES ('af2c8b26-4869-4407-bb53-1d30341c4e8a', '2e5f64c4-56ef-4c3e-acc1-ae8becf40116', '9a06c2e5-08ac-46c4-9452-e42e0fb76b0f', false);
INSERT INTO art_ping.project_employee VALUES ('43886909-3552-4a89-9f2e-7296a3479713', '2e5f64c4-56ef-4c3e-acc1-ae8becf40116', '8a2c1ea1-9f31-45fd-bf8a-d5e909471c37', false);
INSERT INTO art_ping.project_employee VALUES ('6fbf5dfd-cbf3-4449-aa20-2aa86332ef11', '2e5f64c4-56ef-4c3e-acc1-ae8becf40116', '2b982cd4-e5b9-460f-a7c1-962af2391722', false);
INSERT INTO art_ping.project_employee VALUES ('b255b898-e7f4-4735-b994-8e47850c6639', '2e5f64c4-56ef-4c3e-acc1-ae8becf40116', 'cb792447-9bb3-4866-8870-854fe255e726', false);
INSERT INTO art_ping.project_employee VALUES ('2ba6763d-528e-4152-9490-de4a45e8208f', '2e5f64c4-56ef-4c3e-acc1-ae8becf40116', 'e262c579-6802-472a-ac75-d488ea8256fa', false);
INSERT INTO art_ping.project VALUES ('81622ae7-1bca-4483-b851-14465addb757', 'project50', true);
INSERT INTO art_ping.project_employee VALUES ('5b2179ff-2e63-493c-867d-8a9e79f54c10', '81622ae7-1bca-4483-b851-14465addb757', '35b382d1-5b5b-4236-8366-556130d63523', false);
INSERT INTO art_ping.project_employee VALUES ('30fd17a0-1e2a-45d9-a384-b86823e4f27a', '81622ae7-1bca-4483-b851-14465addb757', '0d07c6be-33d7-4849-b55b-6625d87427d5', false);
INSERT INTO art_ping.project_employee VALUES ('292710fb-1889-4d54-ad9b-5445d76fa95c', '81622ae7-1bca-4483-b851-14465addb757', '02cc8562-7969-43ae-a855-896bda20f602', false);
INSERT INTO art_ping.project_employee VALUES ('6906c92c-75fd-4bd3-a82f-391940e2579b', '81622ae7-1bca-4483-b851-14465addb757', 'aa2122ff-82f3-4c14-ba60-eab3016bd411', false);
INSERT INTO art_ping.project_employee VALUES ('6b755f4d-d68a-40b8-8b9c-3a25aa85af54', '81622ae7-1bca-4483-b851-14465addb757', '1b31f41e-8764-42e1-a0a1-5ae42459ad76', false);
INSERT INTO art_ping.project_employee VALUES ('48cb440f-519a-4c96-93c0-5eeeb45d5daf', '81622ae7-1bca-4483-b851-14465addb757', '9b33d0fa-6e3b-4239-88fb-62e283a1ceff', false);
INSERT INTO art_ping.project VALUES ('2a9fbb01-4cfa-4d13-a2d3-a55ac332d4d2', 'project51', true);
INSERT INTO art_ping.project_employee VALUES ('fa1e9d5c-5729-4135-8d52-fb3f4fc47c89', '2a9fbb01-4cfa-4d13-a2d3-a55ac332d4d2', 'd8235bf0-6cb4-40c4-bcff-fce23ed0f8ab', false);
INSERT INTO art_ping.project_employee VALUES ('13d6f262-d607-4389-b453-0dbc36633a07', '2a9fbb01-4cfa-4d13-a2d3-a55ac332d4d2', '0a32321e-9946-4440-895f-8dab26e8bc8e', false);
INSERT INTO art_ping.project_employee VALUES ('648ce1ee-489c-4241-b393-069019a129d9', '2a9fbb01-4cfa-4d13-a2d3-a55ac332d4d2', 'ff6cd514-030b-4dce-9bb8-c6027800b66a', false);
INSERT INTO art_ping.project_employee VALUES ('801ce18b-ec91-4839-add1-5ccbd1bcc344', '2a9fbb01-4cfa-4d13-a2d3-a55ac332d4d2', 'a7b43dbf-9e55-47ff-b635-3eaaa83976ab', false);
INSERT INTO art_ping.project_employee VALUES ('296156ba-9ecf-4295-9137-96437607d9b4', '2a9fbb01-4cfa-4d13-a2d3-a55ac332d4d2', '03bd88d1-01fd-4196-9869-a66e3c7f5d50', false);
INSERT INTO art_ping.project_employee VALUES ('880d7d5d-59e0-4f58-a834-989ea83ef2dd', '2a9fbb01-4cfa-4d13-a2d3-a55ac332d4d2', '4eb70aff-a3e3-41ed-ae45-cfec802d1044', false);
INSERT INTO art_ping.project VALUES ('b45a3c60-54a8-4a04-be48-19161dca4e38', 'project52', true);
INSERT INTO art_ping.project_employee VALUES ('9a208ebb-5d03-4fa3-9220-16811e20fd0d', 'b45a3c60-54a8-4a04-be48-19161dca4e38', 'cea1074e-12e6-4fe6-b872-88c56302025d', false);
INSERT INTO art_ping.project_employee VALUES ('05fce4cc-feb1-47b5-915c-692864e34c41', 'b45a3c60-54a8-4a04-be48-19161dca4e38', 'dd028c8b-d720-4875-933f-d1b016aa800a', false);
INSERT INTO art_ping.project_employee VALUES ('96565af0-e1a3-4454-8294-1144f5a53171', 'b45a3c60-54a8-4a04-be48-19161dca4e38', 'c180ae1b-fc61-4d49-990b-d7cb600e844a', false);
INSERT INTO art_ping.project_employee VALUES ('79ab0c81-4ee7-4258-a2ab-732553cd6e8c', 'b45a3c60-54a8-4a04-be48-19161dca4e38', 'ff6cd514-030b-4dce-9bb8-c6027800b66a', false);
INSERT INTO art_ping.project_employee VALUES ('9500e7b3-bd84-4222-9636-ae0ea01f01ce', 'b45a3c60-54a8-4a04-be48-19161dca4e38', '705eacd0-2b9b-471b-af28-f7aebaa5c8d9', false);
INSERT INTO art_ping.project_employee VALUES ('2d95ebe2-6e07-4602-af08-13b33815c1f9', 'b45a3c60-54a8-4a04-be48-19161dca4e38', 'b729d9e5-33eb-4dbf-ac6a-809af5fcbd2d', false);
INSERT INTO art_ping.project_employee VALUES ('a665caad-dd2d-40b4-bd7a-7cf0474479ce', 'b45a3c60-54a8-4a04-be48-19161dca4e38', '695ced66-b71b-44b8-9cea-36e7bbb792af', false);
INSERT INTO art_ping.project_employee VALUES ('22b3a770-1043-41be-9ed6-3727fc8fe7eb', 'b45a3c60-54a8-4a04-be48-19161dca4e38', 'e2dc7495-ec2d-459d-9620-15275e99377f', false);
INSERT INTO art_ping.project_employee VALUES ('7bcdbebb-2ac9-4b6d-95d2-3b5a78c1c440', 'b45a3c60-54a8-4a04-be48-19161dca4e38', 'e1ea0ed8-80c2-43a3-97a2-2ad2e596e614', false);
INSERT INTO art_ping.project_employee VALUES ('23075370-1da7-415a-8a7b-bbe8f234dd9c', 'b45a3c60-54a8-4a04-be48-19161dca4e38', 'd777d6d3-aac0-43b9-94fb-147f00e1cb50', false);
INSERT INTO art_ping.project_employee VALUES ('6149f22e-ed79-4bdc-927e-09f282a95cbc', 'b45a3c60-54a8-4a04-be48-19161dca4e38', '8779a71a-5d0c-48e2-8428-3718440ca45e', false);
INSERT INTO art_ping.project_employee VALUES ('85f51799-3221-4d0e-9d4b-4c0f837f4953', 'b45a3c60-54a8-4a04-be48-19161dca4e38', '82f36dff-c692-447e-8e33-535e5813245f', false);
INSERT INTO art_ping.project_employee VALUES ('9da676cb-aef5-4b7c-b06e-017fbf375c89', 'b45a3c60-54a8-4a04-be48-19161dca4e38', '4d22d09f-b030-4274-a1a1-6acb3969d0c7', false);
INSERT INTO art_ping.project VALUES ('8ff08620-5e67-424c-99a5-e0097f0285ed', 'project53', true);
INSERT INTO art_ping.project_employee VALUES ('9e6ef2e9-8259-4492-87ca-f545166888d3', '8ff08620-5e67-424c-99a5-e0097f0285ed', '54d1c74f-b264-4801-9fe3-7b52da677b00', false);
INSERT INTO art_ping.project_employee VALUES ('1d0524ff-888c-4af7-9c4f-d51a937e8507', '8ff08620-5e67-424c-99a5-e0097f0285ed', '34758c18-8793-49ed-ba1b-03563ab4c9ac', false);
INSERT INTO art_ping.project_employee VALUES ('9b537584-5873-4063-b68a-f1d706e49cf3', '8ff08620-5e67-424c-99a5-e0097f0285ed', '9b199c54-97d9-4aa7-b356-4bb553a31c1f', false);
INSERT INTO art_ping.project_employee VALUES ('fa37a5e4-9c11-4176-9996-5bbb4b2121eb', '8ff08620-5e67-424c-99a5-e0097f0285ed', '79cc4504-acfd-40a9-8343-0da714742ed1', false);
INSERT INTO art_ping.project_employee VALUES ('47103e0a-88b3-4cea-9f65-6d9055604e8e', '8ff08620-5e67-424c-99a5-e0097f0285ed', '97d4e815-ae13-4d16-89ee-a41a068c08f5', false);
INSERT INTO art_ping.project_employee VALUES ('2d3bdd2d-d07f-4016-be64-0baa73557589', '8ff08620-5e67-424c-99a5-e0097f0285ed', '3a1cee63-504c-468f-a9ec-08f7d3288079', false);
INSERT INTO art_ping.project_employee VALUES ('eee4c769-80d4-428a-8206-b826a3ccfc7b', '8ff08620-5e67-424c-99a5-e0097f0285ed', '78d3c6fc-9ec2-4d5e-8837-634ba205e97b', false);
INSERT INTO art_ping.project_employee VALUES ('cd4028aa-5236-4923-84c9-7307ab258877', '8ff08620-5e67-424c-99a5-e0097f0285ed', 'db6cfd2c-6c25-4e9a-83aa-cd8ae2f47e5b', false);
INSERT INTO art_ping.project_employee VALUES ('11e4b6e9-175e-40bd-b90b-975e3ff40886', '8ff08620-5e67-424c-99a5-e0097f0285ed', 'e8da034a-a818-4519-ab3c-df5b45526744', false);
INSERT INTO art_ping.project_employee VALUES ('28d1e47c-2fff-49ed-bce5-f81e2a80fb29', '8ff08620-5e67-424c-99a5-e0097f0285ed', '9b8e086a-79c4-4945-8b9b-121fc5c0f1da', false);
INSERT INTO art_ping.project_employee VALUES ('8053f771-4bf4-4c4f-a410-a555dcf6f849', '8ff08620-5e67-424c-99a5-e0097f0285ed', 'ac3c940c-231c-4f2d-a74c-7503bb1887c6', false);
INSERT INTO art_ping.project VALUES ('df896506-09d7-4b1f-b126-ffd2d1954627', 'project54', true);
INSERT INTO art_ping.project_employee VALUES ('c383bf3d-439e-4389-b17e-e1394cb4d5b6', 'df896506-09d7-4b1f-b126-ffd2d1954627', 'edbec007-0b9d-47ee-9cb6-a8e2893e3f40', false);
INSERT INTO art_ping.project_employee VALUES ('e4a3b46f-55c9-4f3f-98f7-9dff9d8cd390', 'df896506-09d7-4b1f-b126-ffd2d1954627', 'f91e4bda-8d4b-4d47-9499-1a228005438e', false);
INSERT INTO art_ping.project_employee VALUES ('5c38681f-3809-4072-b45c-7260bc686aee', 'df896506-09d7-4b1f-b126-ffd2d1954627', '9b199c54-97d9-4aa7-b356-4bb553a31c1f', false);
INSERT INTO art_ping.project_employee VALUES ('a9673958-77a8-4464-8e92-927afd3d3a21', 'df896506-09d7-4b1f-b126-ffd2d1954627', '79cc4504-acfd-40a9-8343-0da714742ed1', false);
INSERT INTO art_ping.project_employee VALUES ('d99c5388-e179-4cfa-8c79-5665bdd5161c', 'df896506-09d7-4b1f-b126-ffd2d1954627', 'aa2122ff-82f3-4c14-ba60-eab3016bd411', false);
INSERT INTO art_ping.project_employee VALUES ('89c31de2-c0f2-4f0f-a8ef-1aff45d2babb', 'df896506-09d7-4b1f-b126-ffd2d1954627', 'be4a84fb-dcfb-484c-9e59-6ec2c03ab595', false);
INSERT INTO art_ping.project_employee VALUES ('90a4bcd1-dab8-436d-8eee-b6bbac56e5dd', 'df896506-09d7-4b1f-b126-ffd2d1954627', 'b3fa6705-7a65-48c7-a569-6c71afde850c', false);
INSERT INTO art_ping.project_employee VALUES ('9313a6a8-1385-467a-9de9-da689bfd7fd9', 'df896506-09d7-4b1f-b126-ffd2d1954627', '8f3778ba-4d68-4b8c-9390-223b249e02c7', false);
INSERT INTO art_ping.project_employee VALUES ('96169e2d-a1ea-481a-9589-d47f997cb1b1', 'df896506-09d7-4b1f-b126-ffd2d1954627', 'e53df53d-5cdd-413e-8606-289626360a05', false);
INSERT INTO art_ping.project_employee VALUES ('9fe00a5b-f34d-4b84-a62c-5b1b26ed44b0', 'df896506-09d7-4b1f-b126-ffd2d1954627', '15bba202-c20a-4a9f-8b7b-d254c4b076b1', false);
INSERT INTO art_ping.project_employee VALUES ('63f40019-8d5e-4f38-9918-064359440d9e', 'df896506-09d7-4b1f-b126-ffd2d1954627', '8ee3c4a7-58ac-41bf-bbfe-56efd2e3f71a', false);
INSERT INTO art_ping.project_employee VALUES ('0f555e92-0bd7-47b4-af2c-bb4b1c7ed347', 'df896506-09d7-4b1f-b126-ffd2d1954627', '1b31f41e-8764-42e1-a0a1-5ae42459ad76', false);
INSERT INTO art_ping.project_employee VALUES ('6cdd8b41-2926-4608-ba54-b9d7fb021771', 'df896506-09d7-4b1f-b126-ffd2d1954627', 'b3b03389-d44a-45db-beca-28573ca0d074', false);
INSERT INTO art_ping.project_employee VALUES ('d4900167-c1be-47cf-86e2-40f53b4ee372', 'df896506-09d7-4b1f-b126-ffd2d1954627', '4bc50c83-c697-4833-91bc-ef9593abc022', false);
INSERT INTO art_ping.project VALUES ('f2b7b191-a1f8-4606-9948-6975aa649cf4', 'project55', true);
INSERT INTO art_ping.project_employee VALUES ('2ef6c115-ca5f-4659-8a07-c9fc7616be04', 'f2b7b191-a1f8-4606-9948-6975aa649cf4', 'a000626e-6682-4627-a6fa-0085a5e5af74', false);
INSERT INTO art_ping.project_employee VALUES ('46761d44-7f44-40f5-9052-074391546c4e', 'f2b7b191-a1f8-4606-9948-6975aa649cf4', '8b1fa245-7c54-4fba-a76d-5fb65be1bfb2', false);
INSERT INTO art_ping.project_employee VALUES ('085f5586-9f1c-4b5b-a7e8-03c89cfaec75', 'f2b7b191-a1f8-4606-9948-6975aa649cf4', '7f7f02df-4264-4040-ba9b-b0dff5f3b822', false);
INSERT INTO art_ping.project_employee VALUES ('02e7e27e-d71e-4ab8-862b-e44910bba85b', 'f2b7b191-a1f8-4606-9948-6975aa649cf4', '15b12267-a20e-437c-97b3-1b578dce50af', false);
INSERT INTO art_ping.project_employee VALUES ('33f7a90c-f429-4154-99bb-1ef1e47af08b', 'f2b7b191-a1f8-4606-9948-6975aa649cf4', '2b982cd4-e5b9-460f-a7c1-962af2391722', false);
INSERT INTO art_ping.project_employee VALUES ('d81159eb-9e09-4327-82b5-feb88862ec85', 'f2b7b191-a1f8-4606-9948-6975aa649cf4', '7d7b27db-3dd7-40f0-940e-40fd23583ae0', false);
INSERT INTO art_ping.project_employee VALUES ('d6850b7d-9ab4-444a-9a27-b04974abfe77', 'f2b7b191-a1f8-4606-9948-6975aa649cf4', '703df4e6-31a6-42bd-98c8-03f227671bd5', false);
INSERT INTO art_ping.project_employee VALUES ('241c02c5-0a1c-473b-96dc-60fb4cf55037', 'f2b7b191-a1f8-4606-9948-6975aa649cf4', '13d6b506-b013-47ce-984b-1aa82664a859', false);
INSERT INTO art_ping.project_employee VALUES ('4f01f3d0-4816-483e-b673-d45ed0b9cfc6', 'f2b7b191-a1f8-4606-9948-6975aa649cf4', '6beb736f-c2f9-4b54-a9e5-de76dab5e416', false);
INSERT INTO art_ping.project VALUES ('ea77fdff-7bc6-4f70-9041-f980dd0ee8c0', 'project56', true);
INSERT INTO art_ping.project_employee VALUES ('f7888682-8d6d-47eb-bd92-14efbdf5e245', 'ea77fdff-7bc6-4f70-9041-f980dd0ee8c0', 'c90c1514-118d-4c02-a022-cb8f65b703b8', false);
INSERT INTO art_ping.project_employee VALUES ('bdcc0fd6-3fbf-419a-af05-91c8f29d837b', 'ea77fdff-7bc6-4f70-9041-f980dd0ee8c0', '20c28b24-697e-4cfb-ac1e-6f1b2d2de3de', false);
INSERT INTO art_ping.project_employee VALUES ('551c8ab6-f677-4387-9c0d-784a6bca3eee', 'ea77fdff-7bc6-4f70-9041-f980dd0ee8c0', 'b6fc1ef7-15f5-4215-8b5d-b346697d4d66', false);
INSERT INTO art_ping.project_employee VALUES ('8cb3f9c4-a8b4-468d-bfc1-e796f78316e7', 'ea77fdff-7bc6-4f70-9041-f980dd0ee8c0', '903a3ea2-a47f-4f02-ae1f-8a36f2bcc94d', false);
INSERT INTO art_ping.project_employee VALUES ('d8932813-84fb-4267-a210-d196aa5f0ede', 'ea77fdff-7bc6-4f70-9041-f980dd0ee8c0', '19d1efb8-ee88-4363-959d-03669db4d466', false);
INSERT INTO art_ping.project_employee VALUES ('17eb2ea1-e011-4fa6-83cd-eced4fa79e71', 'ea77fdff-7bc6-4f70-9041-f980dd0ee8c0', '4b618720-fc2b-450e-b5aa-7e6a457f9188', false);
INSERT INTO art_ping.project_employee VALUES ('611e4205-c563-4a12-98db-1c6d717b84c2', 'ea77fdff-7bc6-4f70-9041-f980dd0ee8c0', '3dd12a35-b0bc-4712-9820-1867ff4b7b56', false);
INSERT INTO art_ping.project_employee VALUES ('6bf544c8-6eb8-4142-a330-40656ac78ce8', 'ea77fdff-7bc6-4f70-9041-f980dd0ee8c0', '8b218105-ea4a-4d23-8af4-dd4ec4986545', false);
INSERT INTO art_ping.project_employee VALUES ('6c38544a-2591-4414-8d28-7b9e8bb40728', 'ea77fdff-7bc6-4f70-9041-f980dd0ee8c0', 'b3fa6705-7a65-48c7-a569-6c71afde850c', false);
INSERT INTO art_ping.project_employee VALUES ('f40bd1b8-5a6c-442f-a911-03ebf989152a', 'ea77fdff-7bc6-4f70-9041-f980dd0ee8c0', '48abdbe1-8aaf-44d3-8071-cfbc0f9a904f', false);
INSERT INTO art_ping.project_employee VALUES ('d4892c32-8d56-4cf6-b6b3-628ebb7a2540', 'ea77fdff-7bc6-4f70-9041-f980dd0ee8c0', '3a59ad8e-4d52-442e-a860-dc5cd2d2d9cb', false);
INSERT INTO art_ping.project_employee VALUES ('c23e24de-14cf-425c-9ee2-cb4b161e21ef', 'ea77fdff-7bc6-4f70-9041-f980dd0ee8c0', 'e1bdea22-2992-489c-b20f-decfe60d28b9', false);
INSERT INTO art_ping.project_employee VALUES ('686256ed-0e42-4541-bab4-7f4a23c7d8a0', 'ea77fdff-7bc6-4f70-9041-f980dd0ee8c0', '3fe6a415-e23f-4902-bf19-9f1fd98db8a2', false);
INSERT INTO art_ping.project_employee VALUES ('81451c62-1e9f-438e-9f7a-57bc0b58e873', 'ea77fdff-7bc6-4f70-9041-f980dd0ee8c0', '40bf09a0-3331-4752-9542-97396ed2067c', false);
INSERT INTO art_ping.project_employee VALUES ('f631904f-1083-4d9a-94e4-73526cd42431', 'ea77fdff-7bc6-4f70-9041-f980dd0ee8c0', 'c6fd483d-15b1-40ac-940f-2f648ca78d5f', false);
INSERT INTO art_ping.project_employee VALUES ('8300905f-ca7b-4b8e-b46c-77fbb22ae945', 'ea77fdff-7bc6-4f70-9041-f980dd0ee8c0', '8949e26c-f25d-41f8-995a-f41b22bb9670', false);
INSERT INTO art_ping.project_employee VALUES ('f9c76550-fd13-4b77-99aa-2d88c68cf5e1', 'ea77fdff-7bc6-4f70-9041-f980dd0ee8c0', '464ae57e-8993-4cf7-87b6-fc41331b5de0', false);
INSERT INTO art_ping.project_employee VALUES ('7ab14ad4-c678-4dee-81a4-3d25c8c1fad9', 'ea77fdff-7bc6-4f70-9041-f980dd0ee8c0', '1b31f41e-8764-42e1-a0a1-5ae42459ad76', false);
INSERT INTO art_ping.project VALUES ('7aa3bd41-92fe-4022-8f8d-9394354f087a', 'project57', true);
INSERT INTO art_ping.project_employee VALUES ('31db4e5c-0820-4590-adfd-7a217598b4ce', '7aa3bd41-92fe-4022-8f8d-9394354f087a', '74cc180f-b211-4f22-92ac-3213eeccb369', false);
INSERT INTO art_ping.project_employee VALUES ('32fa3ad1-72bc-4221-bc8b-68d3623835fc', '7aa3bd41-92fe-4022-8f8d-9394354f087a', '93f4e756-2150-4de8-b311-5742ba03a70e', false);
INSERT INTO art_ping.project_employee VALUES ('b4d79c0b-e768-45ba-bd37-fba5c62808d7', '7aa3bd41-92fe-4022-8f8d-9394354f087a', 'b6fc1ef7-15f5-4215-8b5d-b346697d4d66', false);
INSERT INTO art_ping.project_employee VALUES ('583f4987-82e7-4dd5-877f-15c460c1e8c7', '7aa3bd41-92fe-4022-8f8d-9394354f087a', 'b229245e-89c7-4bc9-99a0-c6bf47fc5316', false);
INSERT INTO art_ping.project_employee VALUES ('06e72808-0685-4f52-9422-b71228cef29c', '7aa3bd41-92fe-4022-8f8d-9394354f087a', '73dc5ea9-b359-4737-8529-11f0ba856f7a', false);
INSERT INTO art_ping.project_employee VALUES ('0f45396a-1552-40a9-a13f-2cbcb9eef835', '7aa3bd41-92fe-4022-8f8d-9394354f087a', '6788fe9e-0b6d-4091-9d2d-b7b395b0d6b9', false);
INSERT INTO art_ping.project_employee VALUES ('ed3dab79-0d52-4b62-a55a-be887013916e', '7aa3bd41-92fe-4022-8f8d-9394354f087a', 'f63c7ea4-43e8-4279-8d79-67d9e0e39c66', false);
INSERT INTO art_ping.project_employee VALUES ('9063813a-217b-4b9c-aa1f-a5b1ac07fe74', '7aa3bd41-92fe-4022-8f8d-9394354f087a', '2f4d0c07-8885-4053-bb24-5dde69432d8d', false);
INSERT INTO art_ping.project VALUES ('a3e62ec2-ce5b-46f2-8e1d-0bd1262c7e30', 'project58', true);
INSERT INTO art_ping.project_employee VALUES ('81f23f03-7282-4c9d-afe3-a3f71a0d572a', 'a3e62ec2-ce5b-46f2-8e1d-0bd1262c7e30', 'c015fe98-c89a-4f48-a784-fbc0111a03ea', false);
INSERT INTO art_ping.project_employee VALUES ('aeaaf161-87a1-4b67-9dbc-b3f90c9f0f35', 'a3e62ec2-ce5b-46f2-8e1d-0bd1262c7e30', 'b2cb052c-5cd3-47c7-ad21-1f72c33135c8', false);
INSERT INTO art_ping.project_employee VALUES ('db982e34-5d4d-45b6-8cc5-83655fa2aff6', 'a3e62ec2-ce5b-46f2-8e1d-0bd1262c7e30', 'cb53f907-5eb3-469c-9923-27ce1f5e789c', false);
INSERT INTO art_ping.project_employee VALUES ('987f6fb7-bb22-4a97-996d-edcfe0f97532', 'a3e62ec2-ce5b-46f2-8e1d-0bd1262c7e30', 'd8a55535-6da6-45e7-a100-1413c7c52f6d', false);
INSERT INTO art_ping.project_employee VALUES ('ddfbf611-d698-435c-bc94-69dd44d9b9ec', 'a3e62ec2-ce5b-46f2-8e1d-0bd1262c7e30', '3a0f78e5-a19d-47c8-8efa-be56fb97b7d4', false);
INSERT INTO art_ping.project_employee VALUES ('33ab426a-e624-4861-a41a-53f77b91d740', 'a3e62ec2-ce5b-46f2-8e1d-0bd1262c7e30', '51092587-faec-4445-aecb-d59208fb07c5', false);
INSERT INTO art_ping.project_employee VALUES ('4c44a5b5-3242-4232-86e6-61a232631b6b', 'a3e62ec2-ce5b-46f2-8e1d-0bd1262c7e30', 'ff6cd514-030b-4dce-9bb8-c6027800b66a', false);
INSERT INTO art_ping.project_employee VALUES ('05941188-7636-4475-8331-10fa3697cd8f', 'a3e62ec2-ce5b-46f2-8e1d-0bd1262c7e30', 'db6cfd2c-6c25-4e9a-83aa-cd8ae2f47e5b', false);
INSERT INTO art_ping.project_employee VALUES ('9710736b-c4a9-4199-a0e1-1f1964073e10', 'a3e62ec2-ce5b-46f2-8e1d-0bd1262c7e30', 'cd7c3636-983d-4772-a6a2-190b60419c5d', false);
INSERT INTO art_ping.project_employee VALUES ('789b2cde-3984-4ac6-bfc3-f46dfbf6bfe8', 'a3e62ec2-ce5b-46f2-8e1d-0bd1262c7e30', 'b3b03389-d44a-45db-beca-28573ca0d074', false);
INSERT INTO art_ping.project_employee VALUES ('0fb5eadd-bcc1-4c73-955c-85f3e63c57c8', 'a3e62ec2-ce5b-46f2-8e1d-0bd1262c7e30', '03fa441f-0c56-4993-8348-e201b8609721', false);
INSERT INTO art_ping.project_employee VALUES ('eb99c8f3-be6c-4c2e-918a-040ba8e56c10', 'a3e62ec2-ce5b-46f2-8e1d-0bd1262c7e30', '9a679ffe-ccaa-4bcf-b290-839628b4596e', false);
INSERT INTO art_ping.project VALUES ('f12bc9ae-3813-466b-b647-87224d493a9b', 'project59', true);
INSERT INTO art_ping.project_employee VALUES ('1fd20d01-5602-4154-91f0-a677dfc19f4b', 'f12bc9ae-3813-466b-b647-87224d493a9b', '9cd3b747-99f4-4d7d-b20e-5bf11f1fdc2f', false);
INSERT INTO art_ping.project_employee VALUES ('f4150a9c-744a-4178-886c-4e5ef4b234b7', 'f12bc9ae-3813-466b-b647-87224d493a9b', '801e201f-8630-4b6a-ac3d-24cd64a44d85', false);
INSERT INTO art_ping.project_employee VALUES ('edd3e7fe-60df-4f3b-9f5b-df40dbb92a07', 'f12bc9ae-3813-466b-b647-87224d493a9b', '195cf61d-97d8-4578-a11a-6c29165d15e8', false);
INSERT INTO art_ping.project_employee VALUES ('25a71b52-0eba-43de-a176-5b71993da901', 'f12bc9ae-3813-466b-b647-87224d493a9b', '0a32321e-9946-4440-895f-8dab26e8bc8e', false);
INSERT INTO art_ping.project_employee VALUES ('b9aee992-1f78-405e-8f89-e1b164e4578e', 'f12bc9ae-3813-466b-b647-87224d493a9b', 'ee440af7-8f43-4607-96af-7d2552158e42', false);
INSERT INTO art_ping.project_employee VALUES ('e1f80a2a-0568-4a59-beba-5a78ec672e53', 'f12bc9ae-3813-466b-b647-87224d493a9b', 'fc6e81f8-e1fd-4d04-b378-3aa9eb3d961a', false);
INSERT INTO art_ping.project_employee VALUES ('fe373435-e989-41fb-94a7-ba84aa2df804', 'f12bc9ae-3813-466b-b647-87224d493a9b', '3b97c970-cd85-45ef-aa21-ab7728252a64', false);
INSERT INTO art_ping.project_employee VALUES ('feca57db-b843-48cb-995f-7cbdc706f6f2', 'f12bc9ae-3813-466b-b647-87224d493a9b', '8ee3c4a7-58ac-41bf-bbfe-56efd2e3f71a', false);
INSERT INTO art_ping.project_employee VALUES ('87f28a71-977c-48b4-9877-c9c9ceecb91d', 'f12bc9ae-3813-466b-b647-87224d493a9b', '33a091cc-41fc-4e79-bca9-a365574a3d31', false);
INSERT INTO art_ping.project_employee VALUES ('e2b3fb22-abcf-4c4f-bf96-1f320824d83c', 'f12bc9ae-3813-466b-b647-87224d493a9b', '7f1b2eac-41b0-4fbc-92d0-0b85a563306b', false);
INSERT INTO art_ping.project VALUES ('a9f79251-d6ca-464d-919c-13cc74c26af7', 'project60', true);
INSERT INTO art_ping.project_employee VALUES ('94ed883b-9085-43e3-a56d-b4b2afa92c33', 'a9f79251-d6ca-464d-919c-13cc74c26af7', '93f4e756-2150-4de8-b311-5742ba03a70e', false);
INSERT INTO art_ping.project_employee VALUES ('b8d0266b-68dc-4ea1-a826-747e71b4dc25', 'a9f79251-d6ca-464d-919c-13cc74c26af7', '79cc4504-acfd-40a9-8343-0da714742ed1', false);
INSERT INTO art_ping.project_employee VALUES ('8ca52b87-9db0-489a-a280-11637ad5723e', 'a9f79251-d6ca-464d-919c-13cc74c26af7', '7d7b27db-3dd7-40f0-940e-40fd23583ae0', false);
INSERT INTO art_ping.project VALUES ('59f515fd-ad7e-4e10-ab3b-0a18d6199e1b', 'project61', true);
INSERT INTO art_ping.project_employee VALUES ('b3885360-6cd1-4536-b870-0d3787aab362', '59f515fd-ad7e-4e10-ab3b-0a18d6199e1b', 'dcb84d47-8c0a-475e-a903-a7ea3331b111', false);
INSERT INTO art_ping.project_employee VALUES ('3f4be81b-fe37-485f-ac29-2eb9f0285e55', '59f515fd-ad7e-4e10-ab3b-0a18d6199e1b', '97d4e815-ae13-4d16-89ee-a41a068c08f5', false);
INSERT INTO art_ping.project_employee VALUES ('79d69a8c-4bb7-4ebd-b3d0-193fef91422f', '59f515fd-ad7e-4e10-ab3b-0a18d6199e1b', 'b729d9e5-33eb-4dbf-ac6a-809af5fcbd2d', false);
INSERT INTO art_ping.project VALUES ('6915fd40-af24-42bd-8d13-d9350eda76b5', 'project62', true);
INSERT INTO art_ping.project_employee VALUES ('6cac7190-6096-4d10-b6b5-ce62836e5cb5', '6915fd40-af24-42bd-8d13-d9350eda76b5', '4467c931-7c5b-4458-b5e8-ae6c4a45b2e2', false);
INSERT INTO art_ping.project_employee VALUES ('7f734050-d5e8-464b-a56c-7a695aa5d2e2', '6915fd40-af24-42bd-8d13-d9350eda76b5', '78faa8a1-22d5-4f98-9fd2-31211f41c5ca', false);
INSERT INTO art_ping.project_employee VALUES ('4cc4ebb9-71e9-4a1b-8ab0-499fb5e9d6bf', '6915fd40-af24-42bd-8d13-d9350eda76b5', 'ccc5823e-a619-4982-bf72-0e61feff6f92', false);
INSERT INTO art_ping.project_employee VALUES ('1603cf4d-651b-42ba-ac3a-cf80a9012da5', '6915fd40-af24-42bd-8d13-d9350eda76b5', '6788fe9e-0b6d-4091-9d2d-b7b395b0d6b9', false);
INSERT INTO art_ping.project_employee VALUES ('37f1c4a6-421e-4de4-a0c0-f5fb2dfe24fa', '6915fd40-af24-42bd-8d13-d9350eda76b5', '3b97c970-cd85-45ef-aa21-ab7728252a64', false);
INSERT INTO art_ping.project_employee VALUES ('31e85b04-fe1d-4ef7-bb94-96459cf4f15a', '6915fd40-af24-42bd-8d13-d9350eda76b5', 'a30139ef-6739-445e-90e1-38cad8d50293', false);
INSERT INTO art_ping.project VALUES ('6e679b34-16a4-4243-b2d5-e240853bea3b', 'project63', true);
INSERT INTO art_ping.project_employee VALUES ('04320282-8b35-4fa1-895e-e8747cd6c09e', '6e679b34-16a4-4243-b2d5-e240853bea3b', '6363bc74-87d5-43d3-8a9b-75351223cb96', false);
INSERT INTO art_ping.project_employee VALUES ('9c33f3f7-88c5-47d7-b8c9-cadd3794f8f2', '6e679b34-16a4-4243-b2d5-e240853bea3b', 'f91e4bda-8d4b-4d47-9499-1a228005438e', false);
INSERT INTO art_ping.project_employee VALUES ('95e90488-e18f-46c1-99e2-9ff163ce74d9', '6e679b34-16a4-4243-b2d5-e240853bea3b', '5b8db2a7-25ee-42d2-bf6c-e7ae8b81945f', false);
INSERT INTO art_ping.project_employee VALUES ('dfcba2b4-e3c9-447f-bf5e-7e7345836f7e', '6e679b34-16a4-4243-b2d5-e240853bea3b', '0fbe8cf2-d827-4419-9dd8-41685f088e9e', false);
INSERT INTO art_ping.project_employee VALUES ('eac78230-d1c9-4dbc-ac41-abcd82aa933c', '6e679b34-16a4-4243-b2d5-e240853bea3b', 'cd7c3636-983d-4772-a6a2-190b60419c5d', false);
INSERT INTO art_ping.project_employee VALUES ('744ac27f-eb61-4e01-9329-fd9c2a3b8264', '6e679b34-16a4-4243-b2d5-e240853bea3b', '189d8dc4-e125-4bb9-84d9-80d44ede46cc', false);
INSERT INTO art_ping.project_employee VALUES ('572e7ad5-b909-4878-b93d-dfc1e767c2d9', '6e679b34-16a4-4243-b2d5-e240853bea3b', '0d07c6be-33d7-4849-b55b-6625d87427d5', false);
INSERT INTO art_ping.project_employee VALUES ('b472a51b-de21-4a60-b09a-c4d5a54c0f90', '6e679b34-16a4-4243-b2d5-e240853bea3b', 'fe3f9740-b04f-4506-8cc5-ca3eb38d4804', false);
INSERT INTO art_ping.project_employee VALUES ('e962df58-c86d-4dce-920b-8ef482637c81', '6e679b34-16a4-4243-b2d5-e240853bea3b', '8d4a039e-f3dd-40e4-9fc2-67e88735598f', false);
INSERT INTO art_ping.project_employee VALUES ('35ec2c0f-029c-44df-97de-10f65ec41c6c', '6e679b34-16a4-4243-b2d5-e240853bea3b', '84f9873e-cac9-467a-b5f5-5cf2383ec72c', false);
INSERT INTO art_ping.project_employee VALUES ('696c8481-f5f9-457f-9143-0cdcdf27e1c8', '6e679b34-16a4-4243-b2d5-e240853bea3b', '25dc240f-ad93-4633-a08b-67880ef1e89f', false);
INSERT INTO art_ping.project_employee VALUES ('e33c2fd8-298b-4ad6-9943-57147f0a9ad1', '6e679b34-16a4-4243-b2d5-e240853bea3b', 'd2abec78-041a-4237-a04b-afe32191b1ce', false);
INSERT INTO art_ping.project_employee VALUES ('0cea8f63-44c1-4e63-8dce-ed383550b37d', '6e679b34-16a4-4243-b2d5-e240853bea3b', '9016fc64-56c6-4250-a83e-c7a780948e87', false);
INSERT INTO art_ping.project VALUES ('1dac5d80-bc0a-44aa-b5e0-dfdc8d29f2fe', 'project64', true);
INSERT INTO art_ping.project_employee VALUES ('9d5ad61c-fe21-4fa6-aed2-d21879e710f7', '1dac5d80-bc0a-44aa-b5e0-dfdc8d29f2fe', 'd5f6b3e4-9a75-44a8-bee4-85dfa16754c5', false);
INSERT INTO art_ping.project_employee VALUES ('b3d2f2f1-a803-42e8-8e29-2d72c580b646', '1dac5d80-bc0a-44aa-b5e0-dfdc8d29f2fe', 'f10ea80a-52d0-4a17-bc85-99bfcd58f680', false);
INSERT INTO art_ping.project_employee VALUES ('f7ac6961-676b-4a66-8b64-203000dd931e', '1dac5d80-bc0a-44aa-b5e0-dfdc8d29f2fe', 'dcd7d596-0014-4d32-b3fb-d41fe32db9b0', false);
INSERT INTO art_ping.project_employee VALUES ('f9aae9fb-786d-4a16-9f94-d0e8823cfcd0', '1dac5d80-bc0a-44aa-b5e0-dfdc8d29f2fe', 'bdcbc5a8-1bcc-40de-918c-83a380dcf069', false);
INSERT INTO art_ping.project VALUES ('d9859add-1bdf-4be4-b3df-21bd3c9127c2', 'project65', true);
INSERT INTO art_ping.project_employee VALUES ('46ffe8f1-fcf1-4f64-a954-80be2c01e7a2', 'd9859add-1bdf-4be4-b3df-21bd3c9127c2', 'c90c1514-118d-4c02-a022-cb8f65b703b8', false);
INSERT INTO art_ping.project_employee VALUES ('0222b1f5-3c27-480f-931c-128da47e8934', 'd9859add-1bdf-4be4-b3df-21bd3c9127c2', 'abb7e688-bd8d-4aa6-9eed-5450de8bc222', false);
INSERT INTO art_ping.project_employee VALUES ('c6325cab-49f4-4070-af9e-8cffa7827598', 'd9859add-1bdf-4be4-b3df-21bd3c9127c2', 'f63c7ea4-43e8-4279-8d79-67d9e0e39c66', false);
INSERT INTO art_ping.project_employee VALUES ('197eaea0-999f-4019-942f-de0c094ea44c', 'd9859add-1bdf-4be4-b3df-21bd3c9127c2', '017ad935-59c4-4d22-ab4b-27edc7a33b43', false);
INSERT INTO art_ping.project_employee VALUES ('4dcfeda1-4529-4745-a0ee-8cf8b2b768e3', 'd9859add-1bdf-4be4-b3df-21bd3c9127c2', '5ee9532f-300a-475a-b3f2-ec459eb14e9b', false);
INSERT INTO art_ping.project_employee VALUES ('80f8c1ec-fb5a-4d13-8827-1758e1367863', 'd9859add-1bdf-4be4-b3df-21bd3c9127c2', '04c1638e-bf5b-461f-b8d3-f1e46ff36e32', false);
INSERT INTO art_ping.project_employee VALUES ('956070f3-bd64-438b-b14d-718c153f3ce4', 'd9859add-1bdf-4be4-b3df-21bd3c9127c2', '03fa441f-0c56-4993-8348-e201b8609721', false);
INSERT INTO art_ping.project VALUES ('ce158b81-a975-4d4d-b672-ac1d4f59b84b', 'project66', true);
INSERT INTO art_ping.project_employee VALUES ('0f042058-5886-4d2b-8aac-44a5916fd07e', 'ce158b81-a975-4d4d-b672-ac1d4f59b84b', 'b8c026a7-e397-42bb-8a2f-a31dc4d63993', false);
INSERT INTO art_ping.project_employee VALUES ('8887b59c-c797-4b3b-911d-fa57dcf35f38', 'ce158b81-a975-4d4d-b672-ac1d4f59b84b', '2bce4499-9f91-4b28-9e53-892559f60dbb', false);
INSERT INTO art_ping.project_employee VALUES ('de1260f8-565a-4a43-bff5-5ea47f22f157', 'ce158b81-a975-4d4d-b672-ac1d4f59b84b', '4b618720-fc2b-450e-b5aa-7e6a457f9188', false);
INSERT INTO art_ping.project_employee VALUES ('85c66e0d-412e-4a9c-a49f-4abf7cb5899c', 'ce158b81-a975-4d4d-b672-ac1d4f59b84b', 'a9190978-5c24-44a5-a2c4-75739f690ee7', false);
INSERT INTO art_ping.project_employee VALUES ('bc868396-13ab-4e52-8d02-2f75b0ef4a6b', 'ce158b81-a975-4d4d-b672-ac1d4f59b84b', '5ea6a810-7e9f-40d8-aa64-88aadd392bd6', false);
INSERT INTO art_ping.project_employee VALUES ('3beb5175-0b87-41ce-9a19-a61cf4aa7d95', 'ce158b81-a975-4d4d-b672-ac1d4f59b84b', '7d7b27db-3dd7-40f0-940e-40fd23583ae0', false);
INSERT INTO art_ping.project_employee VALUES ('8beafb8e-b448-465a-b8d4-082bbcdb423b', 'ce158b81-a975-4d4d-b672-ac1d4f59b84b', '0f919dc6-1f1c-4e66-b4c1-31bbe6ae25d3', false);
INSERT INTO art_ping.project_employee VALUES ('0c4d0dde-99ae-4843-b646-e8997be4f20a', 'ce158b81-a975-4d4d-b672-ac1d4f59b84b', 'f10ea80a-52d0-4a17-bc85-99bfcd58f680', false);
INSERT INTO art_ping.project_employee VALUES ('2b5f646c-2b73-44aa-8699-be0fb9a8ccf3', 'ce158b81-a975-4d4d-b672-ac1d4f59b84b', 'fead7538-4a8d-41e9-ab89-b924c4432a13', false);
INSERT INTO art_ping.project_employee VALUES ('ba72befd-ad66-47d5-a050-ebb29c18d5d2', 'ce158b81-a975-4d4d-b672-ac1d4f59b84b', 'b9b3d71b-2925-4ad9-93d0-603b6ce5c447', false);
INSERT INTO art_ping.project_employee VALUES ('3479b914-5168-4c67-88f9-08a26f43755e', 'ce158b81-a975-4d4d-b672-ac1d4f59b84b', '5ef53952-2c57-4e86-abdd-a884a667cdc0', false);
INSERT INTO art_ping.project_employee VALUES ('224a69c3-45f4-44ba-b4f9-99edb4549c57', 'ce158b81-a975-4d4d-b672-ac1d4f59b84b', '9dcaf691-4d1a-4934-90eb-bdab583f413f', false);
INSERT INTO art_ping.project_employee VALUES ('c312ab26-14a1-47cf-85df-24036b7ea0f5', 'ce158b81-a975-4d4d-b672-ac1d4f59b84b', 'b3b03389-d44a-45db-beca-28573ca0d074', false);
INSERT INTO art_ping.project_employee VALUES ('fdb96361-aa51-4e75-b065-956b00d7ee3c', 'ce158b81-a975-4d4d-b672-ac1d4f59b84b', '8c778e78-17dd-47ff-81d9-8c550d9e7cb3', false);
INSERT INTO art_ping.project_employee VALUES ('59ce46e0-aecf-41c1-aa00-afbbc66e1550', 'ce158b81-a975-4d4d-b672-ac1d4f59b84b', '180ec0b3-23d5-47d0-966b-09f5f5dbb6af', false);
INSERT INTO art_ping.project VALUES ('a606eb9a-ee0c-426f-b945-892eb9079636', 'project67', true);
INSERT INTO art_ping.project_employee VALUES ('a9589afc-ff51-4220-afbd-3461ba67935c', 'a606eb9a-ee0c-426f-b945-892eb9079636', 'c015fe98-c89a-4f48-a784-fbc0111a03ea', false);
INSERT INTO art_ping.project_employee VALUES ('e41b7467-7a38-43f4-8399-e6071262c389', 'a606eb9a-ee0c-426f-b945-892eb9079636', '78d6445f-7299-4012-9a65-a5799a0fe2fb', false);
INSERT INTO art_ping.project_employee VALUES ('b78d3f83-be81-4a84-8a82-8d475d09223d', 'a606eb9a-ee0c-426f-b945-892eb9079636', '039a657d-7795-4c77-b8a1-f817bf0af5a3', false);
INSERT INTO art_ping.project_employee VALUES ('0310fd93-6ddd-46ab-89cf-c89b29431da4', 'a606eb9a-ee0c-426f-b945-892eb9079636', '19d1efb8-ee88-4363-959d-03669db4d466', false);
INSERT INTO art_ping.project_employee VALUES ('81a83179-8fa3-4f91-8382-e38d2b1b4620', 'a606eb9a-ee0c-426f-b945-892eb9079636', 'e53df53d-5cdd-413e-8606-289626360a05', false);
INSERT INTO art_ping.project_employee VALUES ('ca241fef-e901-4864-94f1-df5697efbb4f', 'a606eb9a-ee0c-426f-b945-892eb9079636', '842f34d1-cdc8-42ad-9468-3c5a31205e56', false);
INSERT INTO art_ping.project_employee VALUES ('b3b79c6a-691e-4eaf-8678-7d5c4bac49dd', 'a606eb9a-ee0c-426f-b945-892eb9079636', '9591c510-dd28-4ecc-a62c-0ad37b30e650', false);
INSERT INTO art_ping.project_employee VALUES ('1678092a-087d-4bc3-ba46-bc4ff89aec71', 'a606eb9a-ee0c-426f-b945-892eb9079636', '70d0ef25-cd5a-4744-aee0-8eb0fe24f88f', false);
INSERT INTO art_ping.project_employee VALUES ('173635de-5b23-4199-877d-6644cee36851', 'a606eb9a-ee0c-426f-b945-892eb9079636', 'c3b680a8-20bb-4195-a56b-761167f0a5e2', false);
INSERT INTO art_ping.project_employee VALUES ('f60f448a-c595-4e75-8a87-e4b0482729f3', 'a606eb9a-ee0c-426f-b945-892eb9079636', 'aa2122ff-82f3-4c14-ba60-eab3016bd411', false);
INSERT INTO art_ping.project_employee VALUES ('d4dde92b-7ae5-4a73-8110-6e95efabb260', 'a606eb9a-ee0c-426f-b945-892eb9079636', '8f548657-24aa-491e-b516-1d75024c24c4', false);
INSERT INTO art_ping.project_employee VALUES ('86ad194d-9be4-4f8c-b983-382a270d1538', 'a606eb9a-ee0c-426f-b945-892eb9079636', '180ec0b3-23d5-47d0-966b-09f5f5dbb6af', false);
INSERT INTO art_ping.project VALUES ('04eac500-9a46-4d07-811c-419ebddfa135', 'project68', true);
INSERT INTO art_ping.project_employee VALUES ('766c0e7d-e7b8-4438-b294-25e467dd3140', '04eac500-9a46-4d07-811c-419ebddfa135', '9815abd0-739b-4684-b4e0-23d71d2e4c3b', false);
INSERT INTO art_ping.project_employee VALUES ('8fe3bd95-5778-480a-9d4a-a3284f2e8901', '04eac500-9a46-4d07-811c-419ebddfa135', '19d1efb8-ee88-4363-959d-03669db4d466', false);
INSERT INTO art_ping.project_employee VALUES ('967f0f91-51dc-4cda-b588-70c380eeb014', '04eac500-9a46-4d07-811c-419ebddfa135', '086bed16-e93d-48ab-a454-743bcc8def53', false);
INSERT INTO art_ping.project_employee VALUES ('8468e1cf-6605-4672-86c1-3e537f7d5513', '04eac500-9a46-4d07-811c-419ebddfa135', 'c9318c7a-1d92-4bf8-ad4d-5863ad613bec', false);
INSERT INTO art_ping.project_employee VALUES ('0d6dc774-cccf-49eb-a9c0-5581bf026d22', '04eac500-9a46-4d07-811c-419ebddfa135', '705eacd0-2b9b-471b-af28-f7aebaa5c8d9', false);
INSERT INTO art_ping.project_employee VALUES ('0db81fdf-b70e-4920-9c71-523ceb0a2e1a', '04eac500-9a46-4d07-811c-419ebddfa135', '0c821e0c-2b09-4292-be75-7b83ab2d548a', false);
INSERT INTO art_ping.project_employee VALUES ('e3fbb5ef-9f7f-4e9f-8900-8bd1bcad96a1', '04eac500-9a46-4d07-811c-419ebddfa135', '33a091cc-41fc-4e79-bca9-a365574a3d31', false);
INSERT INTO art_ping.project_employee VALUES ('1a67a94c-3871-43f8-805f-54611a9485b2', '04eac500-9a46-4d07-811c-419ebddfa135', 'd61aae5c-d16a-4864-b56c-d96c04c226e0', false);
INSERT INTO art_ping.project_employee VALUES ('6c1009a3-302b-4718-bac8-ea872be1cda3', '04eac500-9a46-4d07-811c-419ebddfa135', '9795ad06-4fce-43b3-98ed-a4f4159d8198', false);
INSERT INTO art_ping.project_employee VALUES ('afe8ee78-b054-4240-bc9f-70a95ca83e7e', '04eac500-9a46-4d07-811c-419ebddfa135', '6881a055-7ba2-4676-ba07-89c1890a3a00', false);
INSERT INTO art_ping.project_employee VALUES ('eafc5cb7-f002-4d45-811b-a1975b0fc93c', '04eac500-9a46-4d07-811c-419ebddfa135', 'e1bdea22-2992-489c-b20f-decfe60d28b9', false);
INSERT INTO art_ping.project_employee VALUES ('d4c4cfb7-4991-4085-aab4-52c739c11c36', '04eac500-9a46-4d07-811c-419ebddfa135', '0f919dc6-1f1c-4e66-b4c1-31bbe6ae25d3', false);
INSERT INTO art_ping.project_employee VALUES ('e4e86eb9-1adc-4ca2-9bc1-91b50465af90', '04eac500-9a46-4d07-811c-419ebddfa135', 'e262c579-6802-472a-ac75-d488ea8256fa', false);
INSERT INTO art_ping.project VALUES ('23480bfe-b1ff-4bed-bfcc-349dd218295f', 'project69', true);
INSERT INTO art_ping.project_employee VALUES ('380dd310-19ed-4af5-b295-ff995c29beae', '23480bfe-b1ff-4bed-bfcc-349dd218295f', 'b2cb052c-5cd3-47c7-ad21-1f72c33135c8', false);
INSERT INTO art_ping.project_employee VALUES ('4cb5a45e-026c-4605-964e-d91b7c85db6a', '23480bfe-b1ff-4bed-bfcc-349dd218295f', '8415afe4-bdac-4f3e-abf1-a5c30947e033', false);
INSERT INTO art_ping.project_employee VALUES ('6748c1df-d387-486c-8d3f-ae9001158d8b', '23480bfe-b1ff-4bed-bfcc-349dd218295f', '1eff4c81-5cbf-471c-87f3-73095daddfb8', false);
INSERT INTO art_ping.project_employee VALUES ('fe642a4d-9dbb-4062-8b25-34061200f017', '23480bfe-b1ff-4bed-bfcc-349dd218295f', '659edb95-e5c1-4799-a100-83604d912969', false);
INSERT INTO art_ping.project_employee VALUES ('effd5203-afd6-4418-9471-58772e42828f', '23480bfe-b1ff-4bed-bfcc-349dd218295f', '6788fe9e-0b6d-4091-9d2d-b7b395b0d6b9', false);
INSERT INTO art_ping.project_employee VALUES ('b943e56d-758c-49ad-867c-07010e664087', '23480bfe-b1ff-4bed-bfcc-349dd218295f', '59528bd9-5caf-4f96-9662-01f2ce5303ee', false);
INSERT INTO art_ping.project_employee VALUES ('1bf3873c-09b0-4ab1-af16-da9b1ed649d4', '23480bfe-b1ff-4bed-bfcc-349dd218295f', 'f10ea80a-52d0-4a17-bc85-99bfcd58f680', false);
INSERT INTO art_ping.project_employee VALUES ('3d7fed1f-5ba5-4a8d-8f2e-15d7054fa609', '23480bfe-b1ff-4bed-bfcc-349dd218295f', '03bd88d1-01fd-4196-9869-a66e3c7f5d50', false);
INSERT INTO art_ping.project_employee VALUES ('afba8627-364d-4fd9-908a-a41f13a99707', '23480bfe-b1ff-4bed-bfcc-349dd218295f', '17622583-a55a-4f34-8148-ef2ec9a41ea5', false);
INSERT INTO art_ping.project_employee VALUES ('0ef05932-8e0c-4634-89e0-45214f704246', '23480bfe-b1ff-4bed-bfcc-349dd218295f', '0d79771d-9394-4c50-9646-19a665f1cb35', false);
INSERT INTO art_ping.project_employee VALUES ('66c13ec4-df84-4935-b520-ee3ba392b598', '23480bfe-b1ff-4bed-bfcc-349dd218295f', '4136b392-dfaf-42a2-a803-bb148c5d738e', false);
INSERT INTO art_ping.project_employee VALUES ('65136b2e-f9ad-473e-aae2-5d583ce9df87', '23480bfe-b1ff-4bed-bfcc-349dd218295f', 'ab56e4fa-0d6c-489c-94d3-5b7dc276e3bf', false);
INSERT INTO art_ping.project VALUES ('787c9440-4700-45e0-ac74-2442c5c9489e', 'project70', true);
INSERT INTO art_ping.project_employee VALUES ('64807f5f-ccd6-45e7-b5b7-8c8c6d4a1da4', '787c9440-4700-45e0-ac74-2442c5c9489e', 'b0c4cc3f-9f15-416f-aa45-5e2d41ddc671', false);
INSERT INTO art_ping.project_employee VALUES ('3978bdc9-9dbf-42e4-9759-a47bd412f8ab', '787c9440-4700-45e0-ac74-2442c5c9489e', '93f4e756-2150-4de8-b311-5742ba03a70e', false);
INSERT INTO art_ping.project_employee VALUES ('fee46959-b3e0-4cdf-8d37-379ff0938f6c', '787c9440-4700-45e0-ac74-2442c5c9489e', '157bf713-ca0b-4b28-a463-b239600d6db9', false);
INSERT INTO art_ping.project_employee VALUES ('58a9e20f-86e3-4803-bc97-af9d7679ae8f', '787c9440-4700-45e0-ac74-2442c5c9489e', 'e2dc7495-ec2d-459d-9620-15275e99377f', false);
INSERT INTO art_ping.project VALUES ('debad88f-ee34-4f78-b190-862521b6ba9c', 'project71', true);
INSERT INTO art_ping.project_employee VALUES ('4c9faf57-8c52-4cd1-8949-cb6e825bf80c', 'debad88f-ee34-4f78-b190-862521b6ba9c', 'b8c026a7-e397-42bb-8a2f-a31dc4d63993', false);
INSERT INTO art_ping.project_employee VALUES ('587d0c8c-992f-4985-bdfe-b42d3126fd17', 'debad88f-ee34-4f78-b190-862521b6ba9c', '0a32321e-9946-4440-895f-8dab26e8bc8e', false);
INSERT INTO art_ping.project_employee VALUES ('17c35da0-6caf-45e8-9baf-a7465482b87a', 'debad88f-ee34-4f78-b190-862521b6ba9c', '9591c510-dd28-4ecc-a62c-0ad37b30e650', false);
INSERT INTO art_ping.project_employee VALUES ('7e9bdf30-140b-471e-ad14-7fb03fed17b6', 'debad88f-ee34-4f78-b190-862521b6ba9c', 'cb313ea8-de1d-4276-b126-cac2dd2e005b', false);
INSERT INTO art_ping.project_employee VALUES ('1ffa1a7c-21e7-4790-af52-33930feff2e7', 'debad88f-ee34-4f78-b190-862521b6ba9c', '67098364-3f5b-4ca9-b972-6ba74eba9bd8', false);
INSERT INTO art_ping.project_employee VALUES ('13ec9108-6dd0-4ace-8226-142445765388', 'debad88f-ee34-4f78-b190-862521b6ba9c', 'fe3f9740-b04f-4506-8cc5-ca3eb38d4804', false);
INSERT INTO art_ping.project_employee VALUES ('5910f374-b470-4931-b897-8ac23fd84a12', 'debad88f-ee34-4f78-b190-862521b6ba9c', '0a016578-3d13-455f-b13a-520c1d515805', false);
INSERT INTO art_ping.project_employee VALUES ('73112299-e8b9-4ae5-bce6-78339c8c0c44', 'debad88f-ee34-4f78-b190-862521b6ba9c', '157bf713-ca0b-4b28-a463-b239600d6db9', false);
INSERT INTO art_ping.project_employee VALUES ('2bf6560c-0fcc-40da-bb52-bcd67ec0f148', 'debad88f-ee34-4f78-b190-862521b6ba9c', '15bba202-c20a-4a9f-8b7b-d254c4b076b1', false);
INSERT INTO art_ping.project_employee VALUES ('8191d935-2c83-4e73-a9d8-d6944c6b773b', 'debad88f-ee34-4f78-b190-862521b6ba9c', 'f294e255-0c6e-4bee-8f10-afa1172d08f4', false);
INSERT INTO art_ping.project_employee VALUES ('0c8fa837-d42f-41a2-a4b5-691bdabdc700', 'debad88f-ee34-4f78-b190-862521b6ba9c', 'b5131a17-901d-4a2a-90b0-53586b3fc53e', false);
INSERT INTO art_ping.project_employee VALUES ('f5d161bf-dbb9-4cd9-8718-31c796d709c3', 'debad88f-ee34-4f78-b190-862521b6ba9c', 'dcd7d596-0014-4d32-b3fb-d41fe32db9b0', false);
INSERT INTO art_ping.project_employee VALUES ('888862e9-f907-4826-94d3-0561b9785755', 'debad88f-ee34-4f78-b190-862521b6ba9c', '4185fbf6-b027-4de1-972a-b82b272178aa', false);
INSERT INTO art_ping.project_employee VALUES ('18861993-0a33-4fb3-a912-0e941e9e1fc4', 'debad88f-ee34-4f78-b190-862521b6ba9c', 'e26704e1-f069-4968-84e7-91b6277fd221', false);
INSERT INTO art_ping.project_employee VALUES ('9faa6d92-de82-440b-bcb5-b43bb8b3a49b', 'debad88f-ee34-4f78-b190-862521b6ba9c', 'f8983a7a-fc5f-4ddc-aaa2-b5e75b472253', false);
INSERT INTO art_ping.project_employee VALUES ('9c55fcbd-506a-4662-b8b9-ee93a7c78e69', 'debad88f-ee34-4f78-b190-862521b6ba9c', '797bdf2a-70f1-4d51-ae75-f1998c189404', false);
INSERT INTO art_ping.project VALUES ('ac44a1d5-e435-48fb-8ba6-e95bf7542d84', 'project72', true);
INSERT INTO art_ping.project_employee VALUES ('1679e699-4736-4d58-8461-0f67b26453d1', 'ac44a1d5-e435-48fb-8ba6-e95bf7542d84', 'b0c4cc3f-9f15-416f-aa45-5e2d41ddc671', false);
INSERT INTO art_ping.project_employee VALUES ('fcd0e302-2b7b-42a5-adf2-dfcd1a700699', 'ac44a1d5-e435-48fb-8ba6-e95bf7542d84', '0a32321e-9946-4440-895f-8dab26e8bc8e', false);
INSERT INTO art_ping.project_employee VALUES ('79f82aa8-9b34-4779-a1c4-f58ad0e8bcc9', 'ac44a1d5-e435-48fb-8ba6-e95bf7542d84', '97d4e815-ae13-4d16-89ee-a41a068c08f5', false);
INSERT INTO art_ping.project_employee VALUES ('7025aff5-644b-4612-b46b-c8d81da96b3a', 'ac44a1d5-e435-48fb-8ba6-e95bf7542d84', '5a9b6125-02bc-4c94-872b-cff8f59bf804', false);
INSERT INTO art_ping.project_employee VALUES ('965ab820-2bcd-4e2e-8ce0-951530118745', 'ac44a1d5-e435-48fb-8ba6-e95bf7542d84', '9e8e4e86-7d83-4115-af93-76a8126878ca', false);
INSERT INTO art_ping.project_employee VALUES ('bd753d33-fb92-46a5-b567-9cc51ece6fcf', 'ac44a1d5-e435-48fb-8ba6-e95bf7542d84', 'b822ea78-5404-4d32-8f73-0f26cb8a459e', false);
INSERT INTO art_ping.project_employee VALUES ('d0d6cdbb-7381-484a-bb5b-7af0401c7243', 'ac44a1d5-e435-48fb-8ba6-e95bf7542d84', 'bdcbc5a8-1bcc-40de-918c-83a380dcf069', false);
INSERT INTO art_ping.project_employee VALUES ('ee4bdb73-3c5c-4791-872c-955c2b79ff23', 'ac44a1d5-e435-48fb-8ba6-e95bf7542d84', '797bdf2a-70f1-4d51-ae75-f1998c189404', false);
INSERT INTO art_ping.project VALUES ('8ebc5fb2-bc2c-4195-9bab-5678c2349335', 'project73', true);
INSERT INTO art_ping.project_employee VALUES ('1192ecd1-d75b-415b-8dd9-d4ecfc75bad7', '8ebc5fb2-bc2c-4195-9bab-5678c2349335', '78d6445f-7299-4012-9a65-a5799a0fe2fb', false);
INSERT INTO art_ping.project_employee VALUES ('62efae66-869c-4945-a7e0-b030514e7db8', '8ebc5fb2-bc2c-4195-9bab-5678c2349335', '748d2171-c83b-49d6-9f31-6c56614a38fd', false);
INSERT INTO art_ping.project_employee VALUES ('919673b7-6f76-4197-8e78-a0b11560e123', '8ebc5fb2-bc2c-4195-9bab-5678c2349335', 'dd028c8b-d720-4875-933f-d1b016aa800a', false);
INSERT INTO art_ping.project_employee VALUES ('d7665a5e-e0cb-4b66-bad3-835818e0b74b', '8ebc5fb2-bc2c-4195-9bab-5678c2349335', 'dcb84d47-8c0a-475e-a903-a7ea3331b111', false);
INSERT INTO art_ping.project_employee VALUES ('8071d0ef-a878-4813-88eb-1169e796baa0', '8ebc5fb2-bc2c-4195-9bab-5678c2349335', 'a9190978-5c24-44a5-a2c4-75739f690ee7', false);
INSERT INTO art_ping.project_employee VALUES ('7c502668-aaad-4fb7-8ee1-284621a611e4', '8ebc5fb2-bc2c-4195-9bab-5678c2349335', 'da677ce4-a7e2-44c7-b94f-cb7ec2e309f8', false);
INSERT INTO art_ping.project_employee VALUES ('79d46fd1-c0cf-4231-88aa-a2d93253c21e', '8ebc5fb2-bc2c-4195-9bab-5678c2349335', '13d6b506-b013-47ce-984b-1aa82664a859', false);
INSERT INTO art_ping.project_employee VALUES ('899aa198-1398-4021-8507-abeb1b0a28f0', '8ebc5fb2-bc2c-4195-9bab-5678c2349335', '9d9f3d27-6f7d-44b4-b90e-29ea9b70cd71', false);
INSERT INTO art_ping.project_employee VALUES ('12f7d872-73a8-474e-b415-4a649c6cdc75', '8ebc5fb2-bc2c-4195-9bab-5678c2349335', 'b461a3ce-c839-42b2-8f14-96886d8f4f09', false);
INSERT INTO art_ping.project_employee VALUES ('e6a925ca-75d7-4098-949f-e002bf77b16c', '8ebc5fb2-bc2c-4195-9bab-5678c2349335', '4b1bba58-6eb5-49c7-a863-fa902dcac55c', false);
INSERT INTO art_ping.project_employee VALUES ('35cf6593-b4ac-4179-9476-2e5e1b8870d6', '8ebc5fb2-bc2c-4195-9bab-5678c2349335', 'e26704e1-f069-4968-84e7-91b6277fd221', false);
INSERT INTO art_ping.project_employee VALUES ('82fd8281-1868-4b0c-ba9e-d1a458605409', '8ebc5fb2-bc2c-4195-9bab-5678c2349335', '56516503-f170-4f1b-8b04-7f4936684e8b', false);
INSERT INTO art_ping.project_employee VALUES ('2f699da1-4269-400c-b55d-664919866bb0', '8ebc5fb2-bc2c-4195-9bab-5678c2349335', '71825d81-7080-4395-85db-0677974028fb', false);
INSERT INTO art_ping.project_employee VALUES ('982b00a3-e5c0-4f9a-8917-1622e9b81ce1', '8ebc5fb2-bc2c-4195-9bab-5678c2349335', '9b8e086a-79c4-4945-8b9b-121fc5c0f1da', false);
INSERT INTO art_ping.project_employee VALUES ('ca8e06bc-5035-474e-a1d2-ac8047ff36bc', '8ebc5fb2-bc2c-4195-9bab-5678c2349335', '4d22d09f-b030-4274-a1a1-6acb3969d0c7', false);
INSERT INTO art_ping.project VALUES ('cb6a806c-134b-492c-b5ea-1141041671f5', 'project74', true);
INSERT INTO art_ping.project_employee VALUES ('b6cdab77-4243-4c59-94f0-0dea79145cee', 'cb6a806c-134b-492c-b5ea-1141041671f5', '8b1fa245-7c54-4fba-a76d-5fb65be1bfb2', false);
INSERT INTO art_ping.project_employee VALUES ('bf9a00b3-552a-4123-9080-5c39b02273b2', 'cb6a806c-134b-492c-b5ea-1141041671f5', 'f91e4bda-8d4b-4d47-9499-1a228005438e', false);
INSERT INTO art_ping.project_employee VALUES ('de3ffe76-7418-4df6-994d-1b07c13d819e', 'cb6a806c-134b-492c-b5ea-1141041671f5', '73dc5ea9-b359-4737-8529-11f0ba856f7a', false);
INSERT INTO art_ping.project_employee VALUES ('9c462b2d-aacb-4cac-9d4f-4d61d83e58c9', 'cb6a806c-134b-492c-b5ea-1141041671f5', '40bf09a0-3331-4752-9542-97396ed2067c', false);
INSERT INTO art_ping.project_employee VALUES ('96549925-b7a2-48fd-9322-e33d8efa85b0', 'cb6a806c-134b-492c-b5ea-1141041671f5', 'ee440af7-8f43-4607-96af-7d2552158e42', false);
INSERT INTO art_ping.project_employee VALUES ('3ae56faf-de74-49cc-bd09-4f0960d47b80', 'cb6a806c-134b-492c-b5ea-1141041671f5', '3663a6e6-7ce4-4afe-b9a0-7174100643e7', false);
INSERT INTO art_ping.project_employee VALUES ('ec067b47-0ad2-4e0b-97ff-d377fd1cd5fb', 'cb6a806c-134b-492c-b5ea-1141041671f5', '9b8e086a-79c4-4945-8b9b-121fc5c0f1da', false);
INSERT INTO art_ping.project_employee VALUES ('d4fa0e7a-855b-4a74-8a08-0ada97dcc9b9', 'cb6a806c-134b-492c-b5ea-1141041671f5', '00636c47-fad1-42c8-8853-829ed78353d8', false);
INSERT INTO art_ping.project VALUES ('d8bf560f-f40d-4112-8498-4b26639f5253', 'project75', true);
INSERT INTO art_ping.project_employee VALUES ('ec2ac139-82ce-4a3f-8288-5d6dcd7eca31', 'd8bf560f-f40d-4112-8498-4b26639f5253', '20c28b24-697e-4cfb-ac1e-6f1b2d2de3de', false);
INSERT INTO art_ping.project_employee VALUES ('ad9ec00a-3973-45ad-a42e-60830872865f', 'd8bf560f-f40d-4112-8498-4b26639f5253', '8539b154-bcdd-46bd-9129-d8204964a577', false);
INSERT INTO art_ping.project_employee VALUES ('fd081694-5c8b-4a1b-a746-d509c61a8e87', 'd8bf560f-f40d-4112-8498-4b26639f5253', '4b618720-fc2b-450e-b5aa-7e6a457f9188', false);
INSERT INTO art_ping.project_employee VALUES ('a8a3806a-4a4f-4099-b22f-bf0484201438', 'd8bf560f-f40d-4112-8498-4b26639f5253', 'fb5df13e-3aa0-4da4-b802-e31db07680ec', false);
INSERT INTO art_ping.project_employee VALUES ('a1e7e6e7-ad54-4c3f-a17e-4b08db83eef1', 'd8bf560f-f40d-4112-8498-4b26639f5253', 'c3b680a8-20bb-4195-a56b-761167f0a5e2', false);
INSERT INTO art_ping.project_employee VALUES ('7fb57913-70a8-4156-a1b3-7e984147e1e6', 'd8bf560f-f40d-4112-8498-4b26639f5253', '5ea6a810-7e9f-40d8-aa64-88aadd392bd6', false);
INSERT INTO art_ping.project_employee VALUES ('bb6b6b4a-c95d-4a72-adbd-9b50db5674c2', 'd8bf560f-f40d-4112-8498-4b26639f5253', '0c821e0c-2b09-4292-be75-7b83ab2d548a', false);
INSERT INTO art_ping.project_employee VALUES ('66442de6-6287-4154-9670-9978c3158a2a', 'd8bf560f-f40d-4112-8498-4b26639f5253', '17622583-a55a-4f34-8148-ef2ec9a41ea5', false);
INSERT INTO art_ping.project_employee VALUES ('c3ea1130-ad7e-48b9-a04c-8fc2adee38f0', 'd8bf560f-f40d-4112-8498-4b26639f5253', '3a59ad8e-4d52-442e-a860-dc5cd2d2d9cb', false);
INSERT INTO art_ping.project_employee VALUES ('74fc2c8f-bec0-4d57-8323-6250d8c46e3e', 'd8bf560f-f40d-4112-8498-4b26639f5253', '40bf09a0-3331-4752-9542-97396ed2067c', false);
INSERT INTO art_ping.project_employee VALUES ('38382b30-6385-4f45-835e-a8f9fa9926b6', 'd8bf560f-f40d-4112-8498-4b26639f5253', 'a7b43dbf-9e55-47ff-b635-3eaaa83976ab', false);
INSERT INTO art_ping.project_employee VALUES ('05d467c3-3d7e-4ece-b4b5-238be4d49346', 'd8bf560f-f40d-4112-8498-4b26639f5253', '180ec0b3-23d5-47d0-966b-09f5f5dbb6af', false);
INSERT INTO art_ping.project_employee VALUES ('a047ca8c-ee30-42bd-ad73-10acaf19a2c1', 'd8bf560f-f40d-4112-8498-4b26639f5253', 'dddddd51-a076-494c-bed6-854476f58359', false);
INSERT INTO art_ping.project VALUES ('bd56eaae-dcb4-4113-b448-7c68650a9007', 'project76', true);
INSERT INTO art_ping.project_employee VALUES ('9595be81-2748-4bba-b872-9803262267f1', 'bd56eaae-dcb4-4113-b448-7c68650a9007', 'c015fe98-c89a-4f48-a784-fbc0111a03ea', false);
INSERT INTO art_ping.project_employee VALUES ('6a1779d7-4219-402c-b7e1-fe737fb81685', 'bd56eaae-dcb4-4113-b448-7c68650a9007', '0012324d-6938-462e-86b1-b6e78d35d9e2', false);
INSERT INTO art_ping.project_employee VALUES ('6c3373f0-4610-4954-83e2-c893f83b1579', 'bd56eaae-dcb4-4113-b448-7c68650a9007', 'c90c1514-118d-4c02-a022-cb8f65b703b8', false);
INSERT INTO art_ping.project_employee VALUES ('7383df06-08c5-46a5-b55b-e89647301791', 'bd56eaae-dcb4-4113-b448-7c68650a9007', 'fa20c090-d6e7-4a1f-96e8-351d412e2705', false);
INSERT INTO art_ping.project_employee VALUES ('8c009402-dd79-441f-ba9d-b87c013e6d4c', 'bd56eaae-dcb4-4113-b448-7c68650a9007', '3a0f78e5-a19d-47c8-8efa-be56fb97b7d4', false);
INSERT INTO art_ping.project_employee VALUES ('5ec15f15-38eb-4247-97e7-be7e2ded03d1', 'bd56eaae-dcb4-4113-b448-7c68650a9007', '0ad2eacd-3cc2-46ad-8308-f3e90ca9ecc8', false);
INSERT INTO art_ping.project_employee VALUES ('d4bc3acc-184a-495f-b681-9a1f291e7526', 'bd56eaae-dcb4-4113-b448-7c68650a9007', '25dc240f-ad93-4633-a08b-67880ef1e89f', false);
INSERT INTO art_ping.project_employee VALUES ('deac7623-62c0-4c63-933f-03cf0f4b9a05', 'bd56eaae-dcb4-4113-b448-7c68650a9007', '2867255e-1e35-4f77-9ac8-5867f9ae15df', false);
INSERT INTO art_ping.project_employee VALUES ('95e6cc78-6bbe-49cd-b58a-d9f2156b5b8c', 'bd56eaae-dcb4-4113-b448-7c68650a9007', '3b97c970-cd85-45ef-aa21-ab7728252a64', false);
INSERT INTO art_ping.project_employee VALUES ('cd23c289-6faf-41d8-9667-2e8bf9724bdc', 'bd56eaae-dcb4-4113-b448-7c68650a9007', '017ad935-59c4-4d22-ab4b-27edc7a33b43', false);
INSERT INTO art_ping.project_employee VALUES ('1ca05528-9f8b-4f45-a610-e7fa5b65f106', 'bd56eaae-dcb4-4113-b448-7c68650a9007', '2f4d0c07-8885-4053-bb24-5dde69432d8d', false);
INSERT INTO art_ping.project VALUES ('55c69bc1-4c8d-4416-bf1a-7d8afbc210d0', 'project77', true);
INSERT INTO art_ping.project_employee VALUES ('c4f8786b-55a3-48a5-96f4-cb364f45c0ca', '55c69bc1-4c8d-4416-bf1a-7d8afbc210d0', '6363bc74-87d5-43d3-8a9b-75351223cb96', false);
INSERT INTO art_ping.project_employee VALUES ('686971e0-088d-4cb2-9d02-714e9ae4d76d', '55c69bc1-4c8d-4416-bf1a-7d8afbc210d0', '33a20cde-c2af-4afd-9e78-351a71c6865f', false);
INSERT INTO art_ping.project_employee VALUES ('0790fd99-25bf-494c-a1d8-f0ac8440a3f7', '55c69bc1-4c8d-4416-bf1a-7d8afbc210d0', 'd8235bf0-6cb4-40c4-bcff-fce23ed0f8ab', false);
INSERT INTO art_ping.project_employee VALUES ('b35e0421-801a-4d38-a81e-2fa3c82d6e11', '55c69bc1-4c8d-4416-bf1a-7d8afbc210d0', '17622583-a55a-4f34-8148-ef2ec9a41ea5', false);
INSERT INTO art_ping.project_employee VALUES ('f1598f1c-4970-4965-8bf0-814dcbd2e16a', '55c69bc1-4c8d-4416-bf1a-7d8afbc210d0', '3663a6e6-7ce4-4afe-b9a0-7174100643e7', false);
INSERT INTO art_ping.project_employee VALUES ('a0fc6c6d-a71f-47cd-823f-edb9e011578c', '55c69bc1-4c8d-4416-bf1a-7d8afbc210d0', '50fdbdbe-cd9f-43c4-a5d6-5739de4e047a', false);
INSERT INTO art_ping.project_employee VALUES ('64cbb488-ccae-4a90-89d7-4efb98a59871', '55c69bc1-4c8d-4416-bf1a-7d8afbc210d0', 'da677ce4-a7e2-44c7-b94f-cb7ec2e309f8', false);
INSERT INTO art_ping.project_employee VALUES ('93d1338c-38b1-4ba4-83ac-a014b2c5a189', '55c69bc1-4c8d-4416-bf1a-7d8afbc210d0', '63fc2908-a7d8-4f1b-afd5-be04c4cedac5', false);
INSERT INTO art_ping.project_employee VALUES ('6c714034-b69b-4906-a3e2-0e36ea622e21', '55c69bc1-4c8d-4416-bf1a-7d8afbc210d0', '8b218105-ea4a-4d23-8af4-dd4ec4986545', false);
INSERT INTO art_ping.project_employee VALUES ('e1193b5e-7089-4bca-a14b-0a75afd47de7', '55c69bc1-4c8d-4416-bf1a-7d8afbc210d0', 'be4a84fb-dcfb-484c-9e59-6ec2c03ab595', false);
INSERT INTO art_ping.project_employee VALUES ('e8aeec3c-06d3-4744-b784-8051ebd2cc5e', '55c69bc1-4c8d-4416-bf1a-7d8afbc210d0', '36e2d929-919b-43c3-a4cc-d28911382b29', false);
INSERT INTO art_ping.project_employee VALUES ('d81222df-c3ed-4c5a-bbe2-60dcf6c2800e', '55c69bc1-4c8d-4416-bf1a-7d8afbc210d0', 'fa20c090-d6e7-4a1f-96e8-351d412e2705', false);
INSERT INTO art_ping.project_employee VALUES ('a2b3254e-2a9d-4327-bf07-d13b3bbed361', '55c69bc1-4c8d-4416-bf1a-7d8afbc210d0', 'ee18821c-2fac-45b7-93ce-d2c6f213b7a2', false);
INSERT INTO art_ping.project_employee VALUES ('de96296c-fcfb-493d-9f73-0f4fc2d088b2', '55c69bc1-4c8d-4416-bf1a-7d8afbc210d0', '83ac73a9-b34e-48ea-be0d-87c562931615', false);
INSERT INTO art_ping.project_employee VALUES ('dbe43c6a-c065-457e-804b-c9b27240a987', '55c69bc1-4c8d-4416-bf1a-7d8afbc210d0', 'e53df53d-5cdd-413e-8606-289626360a05', false);
INSERT INTO art_ping.project_employee VALUES ('cde22180-e170-4bd9-aa56-a2ef6d0773eb', '55c69bc1-4c8d-4416-bf1a-7d8afbc210d0', '1b31f41e-8764-42e1-a0a1-5ae42459ad76', false);
INSERT INTO art_ping.project_employee VALUES ('7785a6f1-10bd-44d4-ba00-e9f7db47c067', '55c69bc1-4c8d-4416-bf1a-7d8afbc210d0', '797bdf2a-70f1-4d51-ae75-f1998c189404', false);
INSERT INTO art_ping.project VALUES ('aed8e720-ba4b-4cbd-8c1c-bb96b000c098', 'project78', true);
INSERT INTO art_ping.project_employee VALUES ('cea6f544-19b2-40cb-bfce-cab50c888e30', 'aed8e720-ba4b-4cbd-8c1c-bb96b000c098', '579ad4d9-ce39-459c-bbf0-bc6064386cd9', false);
INSERT INTO art_ping.project_employee VALUES ('14e4faa9-efd6-40ed-968a-2d703ed7c77a', 'aed8e720-ba4b-4cbd-8c1c-bb96b000c098', 'fe3f9740-b04f-4506-8cc5-ca3eb38d4804', false);
INSERT INTO art_ping.project_employee VALUES ('0cdfa701-51e7-4e0b-b9cc-b82c7d423b33', 'aed8e720-ba4b-4cbd-8c1c-bb96b000c098', '35b382d1-5b5b-4236-8366-556130d63523', false);
INSERT INTO art_ping.project_employee VALUES ('5d385b14-1b44-45cb-aabe-f57c55a7ab71', 'aed8e720-ba4b-4cbd-8c1c-bb96b000c098', 'e1ea0ed8-80c2-43a3-97a2-2ad2e596e614', false);
INSERT INTO art_ping.project_employee VALUES ('4ba7223e-e6c5-4afd-81e3-f91bed5404c1', 'aed8e720-ba4b-4cbd-8c1c-bb96b000c098', '6949b072-5157-4d9c-8bfa-ac1ad6e0a3c2', false);
INSERT INTO art_ping.project_employee VALUES ('773c1dc6-a174-42bf-8cff-7ada7713de1b', 'aed8e720-ba4b-4cbd-8c1c-bb96b000c098', '66e5b65b-8df7-4a31-8579-88043437f7db', false);
INSERT INTO art_ping.project_employee VALUES ('96994594-303f-424e-bc69-eaf17f907ccf', 'aed8e720-ba4b-4cbd-8c1c-bb96b000c098', 'b3b03389-d44a-45db-beca-28573ca0d074', false);
INSERT INTO art_ping.project_employee VALUES ('00d185a4-66b6-4c74-ab5a-1881da5368fb', 'aed8e720-ba4b-4cbd-8c1c-bb96b000c098', '82f36dff-c692-447e-8e33-535e5813245f', false);
INSERT INTO art_ping.project_employee VALUES ('3a7faa2f-a411-4125-a5e1-1fcf875f4755', 'aed8e720-ba4b-4cbd-8c1c-bb96b000c098', 'f65d8360-4cab-450e-b411-9e4dac49acbb', false);
INSERT INTO art_ping.project_employee VALUES ('0dcb0f5b-9aed-41a6-96e1-0894e6573121', 'aed8e720-ba4b-4cbd-8c1c-bb96b000c098', '12ccec95-be0d-40d8-a321-0184bb0feb4d', false);
INSERT INTO art_ping.project VALUES ('0ae323e8-108b-40f6-ba0b-9fa298fe83de', 'project79', true);
INSERT INTO art_ping.project_employee VALUES ('5f588e37-1cf2-4943-9934-03831dd94694', '0ae323e8-108b-40f6-ba0b-9fa298fe83de', '6b594298-35f0-426e-8e52-94565eb771a4', false);
INSERT INTO art_ping.project_employee VALUES ('402904bf-c51d-4be1-b423-392bfa7a28ff', '0ae323e8-108b-40f6-ba0b-9fa298fe83de', '20c28b24-697e-4cfb-ac1e-6f1b2d2de3de', false);
INSERT INTO art_ping.project_employee VALUES ('c7279922-859b-4857-961d-7a8e76eeb49f', '0ae323e8-108b-40f6-ba0b-9fa298fe83de', '3b5c4fc0-b5da-41bd-b03d-036a4931de21', false);
INSERT INTO art_ping.project_employee VALUES ('9a8dd588-471a-4a9a-8cf4-69b8512fcde2', '0ae323e8-108b-40f6-ba0b-9fa298fe83de', 'f2843e33-cc28-43d9-8d4c-6d214adb89b6', false);
INSERT INTO art_ping.project_employee VALUES ('3f84df8b-5e24-43d1-a18d-a9c7708cf898', '0ae323e8-108b-40f6-ba0b-9fa298fe83de', 'cb313ea8-de1d-4276-b126-cac2dd2e005b', false);
INSERT INTO art_ping.project_employee VALUES ('8b1b7311-e46c-40aa-a096-394ef0b75389', '0ae323e8-108b-40f6-ba0b-9fa298fe83de', 'aa2122ff-82f3-4c14-ba60-eab3016bd411', false);
INSERT INTO art_ping.project_employee VALUES ('e491064b-1184-4518-b951-ba08822d1738', '0ae323e8-108b-40f6-ba0b-9fa298fe83de', '6cf2506e-1085-420b-9252-851e9917bd80', false);
INSERT INTO art_ping.project_employee VALUES ('2abcb142-9317-4c19-85c4-d4d0951c2311', '0ae323e8-108b-40f6-ba0b-9fa298fe83de', 'ae2182b4-101d-4037-9ab1-7de9bdd32b9d', false);
INSERT INTO art_ping.project_employee VALUES ('09ed8543-a027-4472-b211-647fabb348ac', '0ae323e8-108b-40f6-ba0b-9fa298fe83de', '5651389c-fe71-4121-9b36-1d228b3f0ca7', false);
INSERT INTO art_ping.project_employee VALUES ('17de9e62-2649-4d10-8199-b5f8c6cbb9d7', '0ae323e8-108b-40f6-ba0b-9fa298fe83de', 'ccab5ede-90ec-45f9-a6c5-c14b0034032c', false);
INSERT INTO art_ping.project_employee VALUES ('2a1fdf9d-8c87-4ff4-891a-83d814a09bdb', '0ae323e8-108b-40f6-ba0b-9fa298fe83de', 'e908edfa-7f9c-4192-8e44-3392b3d15019', false);
INSERT INTO art_ping.project_employee VALUES ('d2c7976d-301c-4ed9-ab88-e35eb0489534', '0ae323e8-108b-40f6-ba0b-9fa298fe83de', '84f9873e-cac9-467a-b5f5-5cf2383ec72c', false);
INSERT INTO art_ping.project_employee VALUES ('d8cdc5a2-df57-447b-894c-e8fcad4fea0a', '0ae323e8-108b-40f6-ba0b-9fa298fe83de', 'c6fd483d-15b1-40ac-940f-2f648ca78d5f', false);
INSERT INTO art_ping.project_employee VALUES ('3ab30630-c1fc-4ab7-a1ed-5417fbca25f6', '0ae323e8-108b-40f6-ba0b-9fa298fe83de', '8ee3c4a7-58ac-41bf-bbfe-56efd2e3f71a', false);
INSERT INTO art_ping.project_employee VALUES ('dec65f2b-9446-4c68-a727-5a401c9e44f1', '0ae323e8-108b-40f6-ba0b-9fa298fe83de', 'fead7538-4a8d-41e9-ab89-b924c4432a13', false);
INSERT INTO art_ping.project_employee VALUES ('86d5b0f3-127f-40fc-a61b-0610e818d3ec', '0ae323e8-108b-40f6-ba0b-9fa298fe83de', '9e8e4e86-7d83-4115-af93-76a8126878ca', false);
INSERT INTO art_ping.project_employee VALUES ('af7dd624-1d42-46b2-9955-2bedcbc03e4e', '0ae323e8-108b-40f6-ba0b-9fa298fe83de', '180ec0b3-23d5-47d0-966b-09f5f5dbb6af', false);
INSERT INTO art_ping.project_employee VALUES ('743af1ab-1845-429f-92e9-752818be8998', '0ae323e8-108b-40f6-ba0b-9fa298fe83de', '797bdf2a-70f1-4d51-ae75-f1998c189404', false);
INSERT INTO art_ping.project VALUES ('390f937c-d1c0-4306-acc7-4e49c32c575f', 'project80', true);
INSERT INTO art_ping.project_employee VALUES ('38d1d197-6cff-432a-96bd-520a0c2a081b', '390f937c-d1c0-4306-acc7-4e49c32c575f', 'd777d6d3-aac0-43b9-94fb-147f00e1cb50', false);
INSERT INTO art_ping.project_employee VALUES ('a94c5dee-63ca-42f6-a092-3a2cb87a17d9', '390f937c-d1c0-4306-acc7-4e49c32c575f', '6b594298-35f0-426e-8e52-94565eb771a4', false);
INSERT INTO art_ping.project_employee VALUES ('e034dde7-02bf-4032-80b5-6010a82854d5', '390f937c-d1c0-4306-acc7-4e49c32c575f', '02cc8562-7969-43ae-a855-896bda20f602', false);
INSERT INTO art_ping.project_employee VALUES ('02fc0a12-bd55-4956-93c9-ea57e12f205b', '390f937c-d1c0-4306-acc7-4e49c32c575f', '705eacd0-2b9b-471b-af28-f7aebaa5c8d9', false);
INSERT INTO art_ping.project_employee VALUES ('1fb7c34c-b037-4ce0-8c9f-896ea8a0055d', '390f937c-d1c0-4306-acc7-4e49c32c575f', 'fead7538-4a8d-41e9-ab89-b924c4432a13', false);
INSERT INTO art_ping.project_employee VALUES ('4dfeee6f-ca42-4d93-83ca-c4c57cbbb29a', '390f937c-d1c0-4306-acc7-4e49c32c575f', 'cd7c3636-983d-4772-a6a2-190b60419c5d', false);
INSERT INTO art_ping.project_employee VALUES ('a46bd3a0-ecb7-4144-ba2e-a2b337ca3456', '390f937c-d1c0-4306-acc7-4e49c32c575f', 'c1e36d5f-8a85-4b87-aa10-47996d010346', false);
INSERT INTO art_ping.project_employee VALUES ('12028837-5cf9-4ebb-98d3-0f39b69302c4', '390f937c-d1c0-4306-acc7-4e49c32c575f', '19b2ef4e-cba1-4081-8ac5-a39d91c885c2', false);
INSERT INTO art_ping.project VALUES ('dd58a14e-95ed-427d-ba64-22e8e08f1da4', 'project81', true);
INSERT INTO art_ping.project_employee VALUES ('74f26869-aebf-4f06-a00e-6bd2c93ae708', 'dd58a14e-95ed-427d-ba64-22e8e08f1da4', 'b0c4cc3f-9f15-416f-aa45-5e2d41ddc671', false);
INSERT INTO art_ping.project_employee VALUES ('e66f3c46-be86-4b23-a55b-319e88945fe9', 'dd58a14e-95ed-427d-ba64-22e8e08f1da4', 'b2710513-c31f-4bf0-bc4c-e0b5f89ed939', false);
INSERT INTO art_ping.project_employee VALUES ('f7a2db3d-32de-4605-97ea-55a8499360e2', 'dd58a14e-95ed-427d-ba64-22e8e08f1da4', '9815abd0-739b-4684-b4e0-23d71d2e4c3b', false);
INSERT INTO art_ping.project_employee VALUES ('445f16f3-947d-4139-908c-19ce573ba8c3', 'dd58a14e-95ed-427d-ba64-22e8e08f1da4', 'e5972d1b-7230-42db-9aa1-680c6576421a', false);
INSERT INTO art_ping.project_employee VALUES ('e04a43f2-329d-4099-9393-1e98ed1a4d2f', 'dd58a14e-95ed-427d-ba64-22e8e08f1da4', 'f2ea8ba1-6d5a-4a1c-9f6c-5d1b7152e33a', false);
INSERT INTO art_ping.project_employee VALUES ('bc98e6db-83c1-45d6-8a6e-907684502a1f', 'dd58a14e-95ed-427d-ba64-22e8e08f1da4', 'f2843e33-cc28-43d9-8d4c-6d214adb89b6', false);
INSERT INTO art_ping.project_employee VALUES ('abbb3139-462d-4245-9bc8-cbeaefbfb168', 'dd58a14e-95ed-427d-ba64-22e8e08f1da4', '02cc8562-7969-43ae-a855-896bda20f602', false);
INSERT INTO art_ping.project_employee VALUES ('d4246191-822f-46a1-bbb9-276c9ea5b302', 'dd58a14e-95ed-427d-ba64-22e8e08f1da4', '695ced66-b71b-44b8-9cea-36e7bbb792af', false);
INSERT INTO art_ping.project_employee VALUES ('84e67bdf-b08b-4f88-b0d4-24ca88771f62', 'dd58a14e-95ed-427d-ba64-22e8e08f1da4', 'ae2182b4-101d-4037-9ab1-7de9bdd32b9d', false);
INSERT INTO art_ping.project_employee VALUES ('4448ed99-ef1f-43b3-9a14-52a2a363d7ec', 'dd58a14e-95ed-427d-ba64-22e8e08f1da4', 'ab56e4fa-0d6c-489c-94d3-5b7dc276e3bf', false);
INSERT INTO art_ping.project_employee VALUES ('edea65ad-eacb-4449-92b2-b0474887e087', 'dd58a14e-95ed-427d-ba64-22e8e08f1da4', '579ad4d9-ce39-459c-bbf0-bc6064386cd9', false);
INSERT INTO art_ping.project_employee VALUES ('f7e9f6d9-fb8c-4239-8a71-e9ee40e90eaa', 'dd58a14e-95ed-427d-ba64-22e8e08f1da4', '74cc180f-b211-4f22-92ac-3213eeccb369', false);
INSERT INTO art_ping.project_employee VALUES ('31ba3c54-a341-4339-918d-937eb3cb7d58', 'dd58a14e-95ed-427d-ba64-22e8e08f1da4', 'd8a55535-6da6-45e7-a100-1413c7c52f6d', false);
INSERT INTO art_ping.project_employee VALUES ('651ed18a-6d93-40bb-a60a-930edcd153b2', 'dd58a14e-95ed-427d-ba64-22e8e08f1da4', '6949b072-5157-4d9c-8bfa-ac1ad6e0a3c2', false);
INSERT INTO art_ping.project_employee VALUES ('b6ce6824-4bbd-4723-9d4d-10f5083eeb12', 'dd58a14e-95ed-427d-ba64-22e8e08f1da4', '84f9873e-cac9-467a-b5f5-5cf2383ec72c', false);
INSERT INTO art_ping.project_employee VALUES ('04b2bf95-b3a7-4947-a90b-88e13e210751', 'dd58a14e-95ed-427d-ba64-22e8e08f1da4', '51092587-faec-4445-aecb-d59208fb07c5', false);
INSERT INTO art_ping.project_employee VALUES ('e64f6dec-d825-4b57-bcc4-013086884095', 'dd58a14e-95ed-427d-ba64-22e8e08f1da4', '5fff669d-f260-46f6-988f-5f03f8b8a045', false);
INSERT INTO art_ping.project_employee VALUES ('8598afb3-3cd5-46c4-a3bb-a2373f3e7e3b', 'dd58a14e-95ed-427d-ba64-22e8e08f1da4', 'f10ea80a-52d0-4a17-bc85-99bfcd58f680', false);
INSERT INTO art_ping.project_employee VALUES ('38a2fe0c-5029-4b7e-b8d3-31abda464129', 'dd58a14e-95ed-427d-ba64-22e8e08f1da4', '3cc460d6-ae56-46b0-b03b-9731103c9ed5', false);
INSERT INTO art_ping.project VALUES ('1325920e-a742-4e47-8d1f-4020acd4e14b', 'project82', true);
INSERT INTO art_ping.project_employee VALUES ('8b056d4d-1b28-4fa6-b90c-a160bef3ebb6', '1325920e-a742-4e47-8d1f-4020acd4e14b', 'b3fa6705-7a65-48c7-a569-6c71afde850c', false);
INSERT INTO art_ping.project_employee VALUES ('25b35e72-556a-41ab-9cdc-2dd96f8718c9', '1325920e-a742-4e47-8d1f-4020acd4e14b', 'b8c026a7-e397-42bb-8a2f-a31dc4d63993', false);
INSERT INTO art_ping.project_employee VALUES ('c8e1cc16-8e5d-4869-b35d-17d76063a960', '1325920e-a742-4e47-8d1f-4020acd4e14b', 'a7242506-b4ec-4e3a-887b-1d9d87c81e5e', false);
INSERT INTO art_ping.project_employee VALUES ('d3584dec-75db-4a5c-9476-43d05e7b1c37', '1325920e-a742-4e47-8d1f-4020acd4e14b', 'b229245e-89c7-4bc9-99a0-c6bf47fc5316', false);
INSERT INTO art_ping.project_employee VALUES ('552e601a-3f2f-46a1-b73e-91244467ae5e', '1325920e-a742-4e47-8d1f-4020acd4e14b', '71e411a1-8cd4-4fcd-af2d-9b05916f7b15', false);
INSERT INTO art_ping.project_employee VALUES ('48356ed9-273c-4fb7-b1d4-749152d78fad', '1325920e-a742-4e47-8d1f-4020acd4e14b', 'e5972d1b-7230-42db-9aa1-680c6576421a', false);
INSERT INTO art_ping.project_employee VALUES ('d1cd9a5c-9758-4d38-80be-fadaac4cd8a7', '1325920e-a742-4e47-8d1f-4020acd4e14b', '79cc4504-acfd-40a9-8343-0da714742ed1', false);
INSERT INTO art_ping.project_employee VALUES ('4efcf4d1-0930-4588-a750-0edd6fc697e4', '1325920e-a742-4e47-8d1f-4020acd4e14b', '78faa8a1-22d5-4f98-9fd2-31211f41c5ca', false);
INSERT INTO art_ping.project_employee VALUES ('7f7a1412-8350-45f8-aa64-7504267df11a', '1325920e-a742-4e47-8d1f-4020acd4e14b', '17622583-a55a-4f34-8148-ef2ec9a41ea5', false);
INSERT INTO art_ping.project_employee VALUES ('1e9e4611-e116-49d9-b325-c6e00b826b66', '1325920e-a742-4e47-8d1f-4020acd4e14b', 'dddddd51-a076-494c-bed6-854476f58359', false);
INSERT INTO art_ping.project_employee VALUES ('35448746-fa1d-4a68-a526-54e26ea55e83', '1325920e-a742-4e47-8d1f-4020acd4e14b', '00636c47-fad1-42c8-8853-829ed78353d8', false);
INSERT INTO art_ping.project VALUES ('450c312e-3d73-41ef-9456-e49f968b107a', 'project83', true);
INSERT INTO art_ping.project_employee VALUES ('5717009c-9d67-40f1-b847-4ab701e2d13e', '450c312e-3d73-41ef-9456-e49f968b107a', 'f68c9b8b-a2e5-4509-9aab-88f5bb6a7a70', false);
INSERT INTO art_ping.project_employee VALUES ('ede21982-f7fe-4237-9218-b810337f783d', '450c312e-3d73-41ef-9456-e49f968b107a', 'b6fc1ef7-15f5-4215-8b5d-b346697d4d66', false);
INSERT INTO art_ping.project_employee VALUES ('b9e31332-aaf5-4c65-9c9f-7c797cabbaea', '450c312e-3d73-41ef-9456-e49f968b107a', '659edb95-e5c1-4799-a100-83604d912969', false);
INSERT INTO art_ping.project_employee VALUES ('55021849-a795-4087-b719-09d475c8c3fa', '450c312e-3d73-41ef-9456-e49f968b107a', '3237697f-4825-4b39-82d4-363dcb46f4f7', false);
INSERT INTO art_ping.project_employee VALUES ('1984e351-951d-4875-8bfa-2fa4c5fbc069', '450c312e-3d73-41ef-9456-e49f968b107a', '703df4e6-31a6-42bd-98c8-03f227671bd5', false);
INSERT INTO art_ping.project_employee VALUES ('77f0f2ed-56ba-4ccd-ab69-1b9da141d86a', '450c312e-3d73-41ef-9456-e49f968b107a', '63fc2908-a7d8-4f1b-afd5-be04c4cedac5', false);
INSERT INTO art_ping.project_employee VALUES ('87dd2918-7ff1-4e55-9e6d-2d5806985025', '450c312e-3d73-41ef-9456-e49f968b107a', 'be4a84fb-dcfb-484c-9e59-6ec2c03ab595', false);
INSERT INTO art_ping.project_employee VALUES ('59761ec0-2152-45b7-8fd5-7a880444c8fd', '450c312e-3d73-41ef-9456-e49f968b107a', 'ccab5ede-90ec-45f9-a6c5-c14b0034032c', false);
INSERT INTO art_ping.project_employee VALUES ('58c3c88e-4216-4acc-b6bf-73bf942eb6e6', '450c312e-3d73-41ef-9456-e49f968b107a', 'fa20c090-d6e7-4a1f-96e8-351d412e2705', false);
INSERT INTO art_ping.project_employee VALUES ('771c486a-f985-41eb-928c-82ea4ae1a566', '450c312e-3d73-41ef-9456-e49f968b107a', 'd777d6d3-aac0-43b9-94fb-147f00e1cb50', false);
INSERT INTO art_ping.project_employee VALUES ('6d9319fe-861f-4406-8eda-72ce2e63f093', '450c312e-3d73-41ef-9456-e49f968b107a', 'ee18821c-2fac-45b7-93ce-d2c6f213b7a2', false);
INSERT INTO art_ping.project_employee VALUES ('eb3a16f8-f296-44b6-806c-afc7cdcb2e8e', '450c312e-3d73-41ef-9456-e49f968b107a', 'cb53f907-5eb3-469c-9923-27ce1f5e789c', false);
INSERT INTO art_ping.project_employee VALUES ('19f75a82-e448-4595-bbd2-00bdf00b47d9', '450c312e-3d73-41ef-9456-e49f968b107a', '03bd88d1-01fd-4196-9869-a66e3c7f5d50', false);
INSERT INTO art_ping.project VALUES ('0d251712-569e-47ad-acb3-558fed487c0f', 'project84', true);
INSERT INTO art_ping.project_employee VALUES ('cdddeb80-e0b6-4c4c-baa5-d8e0f8c61b8c', '0d251712-569e-47ad-acb3-558fed487c0f', '287bdb46-2808-4bb6-9159-b9bcadb7f9aa', false);
INSERT INTO art_ping.project_employee VALUES ('1a5d797d-6511-4382-a738-8762199b89a2', '0d251712-569e-47ad-acb3-558fed487c0f', '7f7f02df-4264-4040-ba9b-b0dff5f3b822', false);
INSERT INTO art_ping.project_employee VALUES ('771ff2eb-4a8f-474f-994c-1b4af434907c', '0d251712-569e-47ad-acb3-558fed487c0f', 'ee18821c-2fac-45b7-93ce-d2c6f213b7a2', false);
INSERT INTO art_ping.project_employee VALUES ('8faa3285-3a3d-4ed6-bd98-e11de075bc90', '0d251712-569e-47ad-acb3-558fed487c0f', 'f91e4bda-8d4b-4d47-9499-1a228005438e', false);
INSERT INTO art_ping.project_employee VALUES ('3464644d-ced0-4c13-ac44-988423eb78ad', '0d251712-569e-47ad-acb3-558fed487c0f', '5b8db2a7-25ee-42d2-bf6c-e7ae8b81945f', false);
INSERT INTO art_ping.project_employee VALUES ('d8cea097-9d13-449b-bf89-e9e209399fcb', '0d251712-569e-47ad-acb3-558fed487c0f', '086bed16-e93d-48ab-a454-743bcc8def53', false);
INSERT INTO art_ping.project_employee VALUES ('6050dbb8-3f63-44cb-a71e-7f9c37ec5f40', '0d251712-569e-47ad-acb3-558fed487c0f', 'f2843e33-cc28-43d9-8d4c-6d214adb89b6', false);
INSERT INTO art_ping.project_employee VALUES ('787290fd-273f-456b-b2cc-c4a5bbb911c0', '0d251712-569e-47ad-acb3-558fed487c0f', 'c8bd3956-7976-4fc6-b067-f8e3742811c5', false);
INSERT INTO art_ping.project_employee VALUES ('bc2532a8-ff0d-4b7f-a392-00ac3077af16', '0d251712-569e-47ad-acb3-558fed487c0f', 'e262c579-6802-472a-ac75-d488ea8256fa', false);
INSERT INTO art_ping.project_employee VALUES ('028441f2-5a17-4bb5-8a41-a0c586f6d350', '0d251712-569e-47ad-acb3-558fed487c0f', '84de20f0-9398-4d14-b0c6-6472b6820cc9', false);
INSERT INTO art_ping.project_employee VALUES ('d2098525-d0d2-4726-8995-e714019afc27', '0d251712-569e-47ad-acb3-558fed487c0f', '12ccec95-be0d-40d8-a321-0184bb0feb4d', false);
INSERT INTO art_ping.project_employee VALUES ('ef42fece-6d78-4e43-a6d2-73c7ccd1d349', '0d251712-569e-47ad-acb3-558fed487c0f', '797bdf2a-70f1-4d51-ae75-f1998c189404', false);
INSERT INTO art_ping.project VALUES ('9e041740-5690-4f25-8e52-13d3592dfa50', 'project85', true);
INSERT INTO art_ping.project_employee VALUES ('72257a05-4906-45b0-8a8c-d16cf3877bf2', '9e041740-5690-4f25-8e52-13d3592dfa50', '6363bc74-87d5-43d3-8a9b-75351223cb96', false);
INSERT INTO art_ping.project_employee VALUES ('b9ce66da-a7e6-423e-816a-dfb9cbc53fe8', '9e041740-5690-4f25-8e52-13d3592dfa50', '0a32321e-9946-4440-895f-8dab26e8bc8e', false);
INSERT INTO art_ping.project_employee VALUES ('7c8ba3b8-25f3-4f46-8e6e-98800e52353b', '9e041740-5690-4f25-8e52-13d3592dfa50', '0ad2eacd-3cc2-46ad-8308-f3e90ca9ecc8', false);
INSERT INTO art_ping.project_employee VALUES ('d9e34ff7-9209-4aa4-b172-4a5d02b41fb0', '9e041740-5690-4f25-8e52-13d3592dfa50', 'f6a4faa4-2382-4314-b096-41bb5cc149f6', false);
INSERT INTO art_ping.project_employee VALUES ('a7dd426c-f9bf-4b28-993d-732a3c15925f', '9e041740-5690-4f25-8e52-13d3592dfa50', '0b6b3701-f0ce-4283-a73a-bfd154a94671', false);
INSERT INTO art_ping.project_employee VALUES ('f3e3ede0-9fa3-4d0a-9ce7-94127fd926b5', '9e041740-5690-4f25-8e52-13d3592dfa50', 'da9a3888-66b6-490f-940f-c8080ddf34f0', false);
INSERT INTO art_ping.project_employee VALUES ('a9487b99-4dae-4a4d-b0f6-9b52bc18b460', '9e041740-5690-4f25-8e52-13d3592dfa50', 'af3b32a0-df8c-432f-88a9-cdfeec2f2331', false);
INSERT INTO art_ping.project_employee VALUES ('123d8886-ceb9-43ee-9238-4fd92bd0e53f', '9e041740-5690-4f25-8e52-13d3592dfa50', '9526ec9f-3f38-48bc-b017-7ad1c1e701b9', false);
INSERT INTO art_ping.project_employee VALUES ('5980ec50-897f-447c-b75f-4d63087514e5', '9e041740-5690-4f25-8e52-13d3592dfa50', '59baddcc-919b-45c9-aeb1-c96cc4669483', false);
INSERT INTO art_ping.project_employee VALUES ('3e37d51d-164a-4c23-837d-96d1626de091', '9e041740-5690-4f25-8e52-13d3592dfa50', '149d7ba5-7f25-4b0f-b6a6-1f051640184c', false);
INSERT INTO art_ping.project_employee VALUES ('ff029f5e-83cb-4ed9-aafa-bdd79c7d99d1', '9e041740-5690-4f25-8e52-13d3592dfa50', '448cde14-417e-4a81-811b-97f60537e967', false);
INSERT INTO art_ping.project_employee VALUES ('1a5b1d1b-5dda-4cee-bf34-ae64bcf04212', '9e041740-5690-4f25-8e52-13d3592dfa50', '75bca82a-fe34-425a-a230-6a38050796e1', false);
INSERT INTO art_ping.project_employee VALUES ('2ad9bc3c-6990-4738-82a9-52cd4831df87', '9e041740-5690-4f25-8e52-13d3592dfa50', '9b8e086a-79c4-4945-8b9b-121fc5c0f1da', false);
INSERT INTO art_ping.project VALUES ('3d604106-b77d-41a7-b172-f77423fd29f3', 'project86', true);
INSERT INTO art_ping.project_employee VALUES ('7174eac0-2fe4-4f3c-be51-c9fa9f19de6c', '3d604106-b77d-41a7-b172-f77423fd29f3', '1eff4c81-5cbf-471c-87f3-73095daddfb8', false);
INSERT INTO art_ping.project_employee VALUES ('d85c8de1-c46f-4dfb-8f64-2265bd6b7782', '3d604106-b77d-41a7-b172-f77423fd29f3', '659edb95-e5c1-4799-a100-83604d912969', false);
INSERT INTO art_ping.project_employee VALUES ('528581ae-87a3-4702-92f1-d84e83a634b6', '3d604106-b77d-41a7-b172-f77423fd29f3', 'a9190978-5c24-44a5-a2c4-75739f690ee7', false);
INSERT INTO art_ping.project_employee VALUES ('edfe3972-e047-455a-b8e6-fb35474889e3', '3d604106-b77d-41a7-b172-f77423fd29f3', 'da9a3888-66b6-490f-940f-c8080ddf34f0', false);
INSERT INTO art_ping.project_employee VALUES ('75f5fc46-872c-4366-9641-af523fad832d', '3d604106-b77d-41a7-b172-f77423fd29f3', '50fdbdbe-cd9f-43c4-a5d6-5739de4e047a', false);
INSERT INTO art_ping.project_employee VALUES ('16ba678e-a1c0-4af8-9170-35796a36cc9a', '3d604106-b77d-41a7-b172-f77423fd29f3', 'be4a84fb-dcfb-484c-9e59-6ec2c03ab595', false);
INSERT INTO art_ping.project_employee VALUES ('5c26e845-7ab9-415b-8ddb-eac4a67513cf', '3d604106-b77d-41a7-b172-f77423fd29f3', '186f1015-7e57-44c7-81c1-6d64057462e6', false);
INSERT INTO art_ping.project_employee VALUES ('c34caf9a-9a89-4fd9-9a8a-edb5d73b1e4e', '3d604106-b77d-41a7-b172-f77423fd29f3', '2dbf058b-4c77-43c6-9a8e-d178fdcae437', false);
INSERT INTO art_ping.project_employee VALUES ('dd6efa66-390e-4781-a595-a793c4e2abb2', '3d604106-b77d-41a7-b172-f77423fd29f3', 'af3b32a0-df8c-432f-88a9-cdfeec2f2331', false);
INSERT INTO art_ping.project_employee VALUES ('88546d55-231c-4d94-b280-da0d43de2c8b', '3d604106-b77d-41a7-b172-f77423fd29f3', 'cb53f907-5eb3-469c-9923-27ce1f5e789c', false);
INSERT INTO art_ping.project_employee VALUES ('c7c99bb8-1d7e-431d-bbca-34f83377834d', '3d604106-b77d-41a7-b172-f77423fd29f3', '25dc240f-ad93-4633-a08b-67880ef1e89f', false);
INSERT INTO art_ping.project_employee VALUES ('730a550d-400f-471a-84e1-6e49db971c50', '3d604106-b77d-41a7-b172-f77423fd29f3', 'cbee8fe4-4285-4dd7-a761-5845eac12471', false);
INSERT INTO art_ping.project_employee VALUES ('3225727e-f402-411f-bfcc-01a1a593adcf', '3d604106-b77d-41a7-b172-f77423fd29f3', '448cde14-417e-4a81-811b-97f60537e967', false);
INSERT INTO art_ping.project_employee VALUES ('317d17d9-d64b-4a2f-a1b7-f01eb44e108f', '3d604106-b77d-41a7-b172-f77423fd29f3', '95fdbcff-3bcd-432c-b94c-1253010246fb', false);
INSERT INTO art_ping.project_employee VALUES ('0f5a5eb4-30a2-441b-b6b0-23b424fece01', '3d604106-b77d-41a7-b172-f77423fd29f3', 'dfc03a25-ec14-47a4-a7d4-21d215d16eee', false);
INSERT INTO art_ping.project_employee VALUES ('dbcf1d0f-1135-4eee-a396-5fb871574d80', '3d604106-b77d-41a7-b172-f77423fd29f3', '4bc50c83-c697-4833-91bc-ef9593abc022', false);
INSERT INTO art_ping.project_employee VALUES ('05f0678d-c155-4f67-82cb-8f6f94d2866b', '3d604106-b77d-41a7-b172-f77423fd29f3', '9a679ffe-ccaa-4bcf-b290-839628b4596e', false);
INSERT INTO art_ping.project VALUES ('6df796fb-fd07-482e-8d6b-84bdc51b9412', 'project87', true);
INSERT INTO art_ping.project_employee VALUES ('033f5111-ca3e-4bcc-9832-1f8c55201b68', '6df796fb-fd07-482e-8d6b-84bdc51b9412', 'f68c9b8b-a2e5-4509-9aab-88f5bb6a7a70', false);
INSERT INTO art_ping.project_employee VALUES ('d6e297c1-1c25-43b3-bc57-7184b9e60e88', '6df796fb-fd07-482e-8d6b-84bdc51b9412', 'b6fc1ef7-15f5-4215-8b5d-b346697d4d66', false);
INSERT INTO art_ping.project_employee VALUES ('4a26b9e0-498a-4895-b85e-19fe56e50053', '6df796fb-fd07-482e-8d6b-84bdc51b9412', '3237697f-4825-4b39-82d4-363dcb46f4f7', false);
INSERT INTO art_ping.project_employee VALUES ('ba27c014-bd39-4bca-82ba-7eb6e6493a90', '6df796fb-fd07-482e-8d6b-84bdc51b9412', 'cb792447-9bb3-4866-8870-854fe255e726', false);
INSERT INTO art_ping.project_employee VALUES ('90032294-9ad4-4589-a0f2-4aabede92a8d', '6df796fb-fd07-482e-8d6b-84bdc51b9412', 'aa2122ff-82f3-4c14-ba60-eab3016bd411', false);
INSERT INTO art_ping.project_employee VALUES ('a6a520ab-746d-4b94-86f4-ba228e3a4080', '6df796fb-fd07-482e-8d6b-84bdc51b9412', '84de20f0-9398-4d14-b0c6-6472b6820cc9', false);
INSERT INTO art_ping.project_employee VALUES ('22c1fbcc-d49d-4966-baf6-6e4fab8ef502', '6df796fb-fd07-482e-8d6b-84bdc51b9412', '2f4d0c07-8885-4053-bb24-5dde69432d8d', false);
INSERT INTO art_ping.project_employee VALUES ('736830eb-92a5-48ee-bd02-a8246671cfe4', '6df796fb-fd07-482e-8d6b-84bdc51b9412', '189d8dc4-e125-4bb9-84d9-80d44ede46cc', false);
INSERT INTO art_ping.project_employee VALUES ('c05c09a9-dfa5-49ef-ac1e-505d175fa5ed', '6df796fb-fd07-482e-8d6b-84bdc51b9412', '579ad4d9-ce39-459c-bbf0-bc6064386cd9', false);
INSERT INTO art_ping.project_employee VALUES ('ae17b65b-f5ff-4b20-bbf0-e838d2cf75f2', '6df796fb-fd07-482e-8d6b-84bdc51b9412', 'abb7e688-bd8d-4aa6-9eed-5450de8bc222', false);
INSERT INTO art_ping.project_employee VALUES ('be6c7471-8966-435c-b11b-c9d78ec2437c', '6df796fb-fd07-482e-8d6b-84bdc51b9412', 'a7242506-b4ec-4e3a-887b-1d9d87c81e5e', false);
INSERT INTO art_ping.project_employee VALUES ('7f646bfc-efca-4824-80e2-4a9305fb50d9', '6df796fb-fd07-482e-8d6b-84bdc51b9412', '40bf09a0-3331-4752-9542-97396ed2067c', false);
INSERT INTO art_ping.project_employee VALUES ('c1cb9e20-ceea-48ee-b13f-6fd07e9b5f12', '6df796fb-fd07-482e-8d6b-84bdc51b9412', '4eb70aff-a3e3-41ed-ae45-cfec802d1044', false);
INSERT INTO art_ping.project_employee VALUES ('67547c67-8f3d-4d35-8e64-0db985f33f03', '6df796fb-fd07-482e-8d6b-84bdc51b9412', '71825d81-7080-4395-85db-0677974028fb', false);
INSERT INTO art_ping.project_employee VALUES ('9af315bc-b85b-4796-a7aa-98ee1fb33f6e', '6df796fb-fd07-482e-8d6b-84bdc51b9412', 'e262c579-6802-472a-ac75-d488ea8256fa', false);
INSERT INTO art_ping.project_employee VALUES ('d716e6bc-a103-411d-87ef-fa563d0b2880', '6df796fb-fd07-482e-8d6b-84bdc51b9412', '0f7973aa-478f-49a4-8468-8480e53348f5', false);
INSERT INTO art_ping.project_employee VALUES ('2f88c70e-e60b-42ac-8e26-5e078c94b48c', '6df796fb-fd07-482e-8d6b-84bdc51b9412', '4d22d09f-b030-4274-a1a1-6acb3969d0c7', false);
INSERT INTO art_ping.project VALUES ('c2163c71-63bb-4299-83f3-9b80eee29b7e', 'project88', true);
INSERT INTO art_ping.project_employee VALUES ('a53629b0-64fc-47bf-9672-19776724b2c7', 'c2163c71-63bb-4299-83f3-9b80eee29b7e', '15b12267-a20e-437c-97b3-1b578dce50af', false);
INSERT INTO art_ping.project_employee VALUES ('e747ce02-f619-46ef-be4a-156b1598c85d', 'c2163c71-63bb-4299-83f3-9b80eee29b7e', 'e5972d1b-7230-42db-9aa1-680c6576421a', false);
INSERT INTO art_ping.project_employee VALUES ('39d4e63d-0d92-41dc-89b0-dc3df9e4fa44', 'c2163c71-63bb-4299-83f3-9b80eee29b7e', '6788fe9e-0b6d-4091-9d2d-b7b395b0d6b9', false);
INSERT INTO art_ping.project_employee VALUES ('3e3414fe-839d-4a86-a86d-053b30e246d2', 'c2163c71-63bb-4299-83f3-9b80eee29b7e', 'fc6e81f8-e1fd-4d04-b378-3aa9eb3d961a', false);
INSERT INTO art_ping.project_employee VALUES ('b9fdd31c-4791-406c-8981-22db5bfcd361', 'c2163c71-63bb-4299-83f3-9b80eee29b7e', '705eacd0-2b9b-471b-af28-f7aebaa5c8d9', false);
INSERT INTO art_ping.project_employee VALUES ('aa9be36d-15b3-402b-bb8a-fd73db199a27', 'c2163c71-63bb-4299-83f3-9b80eee29b7e', '2908a3a2-867c-40ca-999f-af8e27ea2cd2', false);
INSERT INTO art_ping.project_employee VALUES ('85097ea7-5b6a-42c9-9e69-a8a011b6797f', 'c2163c71-63bb-4299-83f3-9b80eee29b7e', 'be4a84fb-dcfb-484c-9e59-6ec2c03ab595', false);
INSERT INTO art_ping.project_employee VALUES ('105ea29f-7a7a-4d5b-b35a-f758a089da73', 'c2163c71-63bb-4299-83f3-9b80eee29b7e', '6beb736f-c2f9-4b54-a9e5-de76dab5e416', false);
INSERT INTO art_ping.project_employee VALUES ('b4e92253-6d4d-4779-a2f8-4e64d607c061', 'c2163c71-63bb-4299-83f3-9b80eee29b7e', '305804cb-4401-4585-b0a1-6cf519174104', false);
INSERT INTO art_ping.project_employee VALUES ('52226efa-f7a3-4557-9d94-8377a441a59f', 'c2163c71-63bb-4299-83f3-9b80eee29b7e', '34758c18-8793-49ed-ba1b-03563ab4c9ac', false);
INSERT INTO art_ping.project_employee VALUES ('3d718230-8c06-4a55-bc01-3e1eba232389', 'c2163c71-63bb-4299-83f3-9b80eee29b7e', '6224d9c8-2988-4b5b-b9da-9ddc1d521a32', false);
INSERT INTO art_ping.project_employee VALUES ('d8046bf2-54e1-4048-bf17-310615043ef1', 'c2163c71-63bb-4299-83f3-9b80eee29b7e', 'd8a55535-6da6-45e7-a100-1413c7c52f6d', false);
INSERT INTO art_ping.project_employee VALUES ('bc410119-deec-4a48-b7d7-1416bbc4d37c', 'c2163c71-63bb-4299-83f3-9b80eee29b7e', '9dcaf691-4d1a-4934-90eb-bdab583f413f', false);
INSERT INTO art_ping.project_employee VALUES ('a6c5d09f-66e3-4232-a20c-6596cec12262', 'c2163c71-63bb-4299-83f3-9b80eee29b7e', '180ec0b3-23d5-47d0-966b-09f5f5dbb6af', false);
INSERT INTO art_ping.project_employee VALUES ('99aa7287-8984-4eba-9ed2-daa13069bc97', 'c2163c71-63bb-4299-83f3-9b80eee29b7e', '8ad0648e-a4b8-46ba-9c8d-b940cfbc5c08', false);
INSERT INTO art_ping.project_employee VALUES ('4e2691bd-c01c-4388-961d-37a62cb92291', 'c2163c71-63bb-4299-83f3-9b80eee29b7e', '82f36dff-c692-447e-8e33-535e5813245f', false);
INSERT INTO art_ping.project VALUES ('85b48dc4-dcec-43cb-8196-15539dc7e6b4', 'project89', true);
INSERT INTO art_ping.project_employee VALUES ('2bb1f156-15af-4954-9376-52891075cd05', '85b48dc4-dcec-43cb-8196-15539dc7e6b4', '52eccd6b-45bf-46b2-9aa9-34d83fb0331b', false);
INSERT INTO art_ping.project_employee VALUES ('1789610b-5fd7-4ce0-bc21-63543de18207', '85b48dc4-dcec-43cb-8196-15539dc7e6b4', '0d878bc5-1550-4162-b0c2-37ef0a86734e', false);
INSERT INTO art_ping.project_employee VALUES ('6ab42913-2e9c-427f-9e6b-19a12bcb01a3', '85b48dc4-dcec-43cb-8196-15539dc7e6b4', '79cc4504-acfd-40a9-8343-0da714742ed1', false);
INSERT INTO art_ping.project_employee VALUES ('e7b27ac5-188c-4d62-9934-c432f3a99a35', '85b48dc4-dcec-43cb-8196-15539dc7e6b4', 'cb313ea8-de1d-4276-b126-cac2dd2e005b', false);
INSERT INTO art_ping.project_employee VALUES ('776e9a95-3dfa-4a19-a78c-a7ca19f2c0d6', '85b48dc4-dcec-43cb-8196-15539dc7e6b4', '17622583-a55a-4f34-8148-ef2ec9a41ea5', false);
INSERT INTO art_ping.project_employee VALUES ('01e088b6-e021-49ff-9c3c-6849c725dd8c', '85b48dc4-dcec-43cb-8196-15539dc7e6b4', '2908a3a2-867c-40ca-999f-af8e27ea2cd2', false);
INSERT INTO art_ping.project_employee VALUES ('7f54d422-13a2-4ba3-bb23-f77d863eb384', '85b48dc4-dcec-43cb-8196-15539dc7e6b4', '305804cb-4401-4585-b0a1-6cf519174104', false);
INSERT INTO art_ping.project_employee VALUES ('f1521c92-8c73-4014-82e6-95580d05cb46', '85b48dc4-dcec-43cb-8196-15539dc7e6b4', '797cdf14-fa24-4f54-988d-ea0063cfc947', false);
INSERT INTO art_ping.project_employee VALUES ('2d5d31b5-4aa2-4637-a2ac-08db91e59f1b', '85b48dc4-dcec-43cb-8196-15539dc7e6b4', 'ee18821c-2fac-45b7-93ce-d2c6f213b7a2', false);
INSERT INTO art_ping.project_employee VALUES ('f6b338fd-b67a-4a2a-ae87-1f32720fb75c', '85b48dc4-dcec-43cb-8196-15539dc7e6b4', 'cb53f907-5eb3-469c-9923-27ce1f5e789c', false);
INSERT INTO art_ping.project_employee VALUES ('2f7bbfeb-9dc8-44af-9d51-7baf71069918', '85b48dc4-dcec-43cb-8196-15539dc7e6b4', 'b461a3ce-c839-42b2-8f14-96886d8f4f09', false);
INSERT INTO art_ping.project_employee VALUES ('8ac6d890-4f43-4e77-8c7c-1ecd90969d76', '85b48dc4-dcec-43cb-8196-15539dc7e6b4', '25dc240f-ad93-4633-a08b-67880ef1e89f', false);
INSERT INTO art_ping.project_employee VALUES ('9af5edf6-0456-4862-b85f-1f3537dcc3f6', '85b48dc4-dcec-43cb-8196-15539dc7e6b4', '5ef53952-2c57-4e86-abdd-a884a667cdc0', false);
INSERT INTO art_ping.project_employee VALUES ('280c27a5-5e42-4344-a5e2-bebf33b5e0c1', '85b48dc4-dcec-43cb-8196-15539dc7e6b4', '8f548657-24aa-491e-b516-1d75024c24c4', false);
INSERT INTO art_ping.project_employee VALUES ('e2d08378-d31c-45d7-9f64-38d5490f3b0e', '85b48dc4-dcec-43cb-8196-15539dc7e6b4', '8c778e78-17dd-47ff-81d9-8c550d9e7cb3', false);
INSERT INTO art_ping.project VALUES ('32fcf324-a1d3-4047-9ced-97ae0a8db153', 'project90', true);
INSERT INTO art_ping.project_employee VALUES ('f34413bd-5137-42bf-9a59-0de61e595ca8', '32fcf324-a1d3-4047-9ced-97ae0a8db153', '8b38ba9e-39ac-4584-a949-c6fb9f258806', false);
INSERT INTO art_ping.project_employee VALUES ('09d9d37b-93ca-4427-b219-6cdf07550656', '32fcf324-a1d3-4047-9ced-97ae0a8db153', '34758c18-8793-49ed-ba1b-03563ab4c9ac', false);
INSERT INTO art_ping.project_employee VALUES ('97bb9b90-b32a-41d0-a238-15094df6a2dd', '32fcf324-a1d3-4047-9ced-97ae0a8db153', '659edb95-e5c1-4799-a100-83604d912969', false);
INSERT INTO art_ping.project_employee VALUES ('b45c0833-1ece-441a-8168-fe82c68d50ff', '32fcf324-a1d3-4047-9ced-97ae0a8db153', '20ea6750-716b-43fa-8414-d17288ad211e', false);
INSERT INTO art_ping.project_employee VALUES ('b0399055-e916-468e-ad5a-6055842ca945', '32fcf324-a1d3-4047-9ced-97ae0a8db153', 'e1bdea22-2992-489c-b20f-decfe60d28b9', false);
INSERT INTO art_ping.project_employee VALUES ('b8d25ead-9a3e-49f2-b6b9-0a2cc7046488', '32fcf324-a1d3-4047-9ced-97ae0a8db153', '19d1efb8-ee88-4363-959d-03669db4d466', false);
INSERT INTO art_ping.project_employee VALUES ('2f40f157-64bd-46ed-ad61-869abd7a8bcd', '32fcf324-a1d3-4047-9ced-97ae0a8db153', 'fb5df13e-3aa0-4da4-b802-e31db07680ec', false);
INSERT INTO art_ping.project_employee VALUES ('9dba568a-e4c4-4967-9370-b2cc8aadd9d6', '32fcf324-a1d3-4047-9ced-97ae0a8db153', 'aa2122ff-82f3-4c14-ba60-eab3016bd411', false);
INSERT INTO art_ping.project_employee VALUES ('bab37fc7-a49e-409c-be80-228f035e2386', '32fcf324-a1d3-4047-9ced-97ae0a8db153', 'b729d9e5-33eb-4dbf-ac6a-809af5fcbd2d', false);
INSERT INTO art_ping.project_employee VALUES ('7b0b8df3-8d9a-4f79-9d18-abd9b2a90e9b', '32fcf324-a1d3-4047-9ced-97ae0a8db153', '8c778e78-17dd-47ff-81d9-8c550d9e7cb3', false);
INSERT INTO art_ping.project VALUES ('d45fb8f0-0229-4cc1-9684-6e322eba0b32', 'project91', true);
INSERT INTO art_ping.project_employee VALUES ('99d10919-1999-45a9-9f70-cfb4866b1bd4', 'd45fb8f0-0229-4cc1-9684-6e322eba0b32', '6cd5df54-a26a-4566-b9ab-526fa2734844', false);
INSERT INTO art_ping.project_employee VALUES ('f3838a75-83f0-4075-b15c-1c49c1f707d6', 'd45fb8f0-0229-4cc1-9684-6e322eba0b32', '73dc5ea9-b359-4737-8529-11f0ba856f7a', false);
INSERT INTO art_ping.project_employee VALUES ('3793b049-c98a-4508-9483-365dcc83ba17', 'd45fb8f0-0229-4cc1-9684-6e322eba0b32', 'ee440af7-8f43-4607-96af-7d2552158e42', false);
INSERT INTO art_ping.project_employee VALUES ('23965ec6-d962-4b9c-9453-83433dd74bc9', 'd45fb8f0-0229-4cc1-9684-6e322eba0b32', '4b618720-fc2b-450e-b5aa-7e6a457f9188', false);
INSERT INTO art_ping.project_employee VALUES ('3e4e026b-9276-4619-9988-5a2ac8888edf', 'd45fb8f0-0229-4cc1-9684-6e322eba0b32', '40decd60-151e-4ad7-8a75-44a1f4483905', false);
INSERT INTO art_ping.project_employee VALUES ('1d3ce12d-93bc-41d6-82c1-2649e3807e96', 'd45fb8f0-0229-4cc1-9684-6e322eba0b32', 'd61aae5c-d16a-4864-b56c-d96c04c226e0', false);
INSERT INTO art_ping.project_employee VALUES ('95446613-11db-4026-ae07-cbbf4ea7426f', 'd45fb8f0-0229-4cc1-9684-6e322eba0b32', '34758c18-8793-49ed-ba1b-03563ab4c9ac', false);
INSERT INTO art_ping.project_employee VALUES ('0994e4b9-eded-4d1e-b8b9-ab968086e550', 'd45fb8f0-0229-4cc1-9684-6e322eba0b32', '07aa3b36-5dbe-4e2d-bd9c-2c10de4fe31c', false);
INSERT INTO art_ping.project_employee VALUES ('d705dba5-7e2b-4995-ba8d-9f2516cd2d97', 'd45fb8f0-0229-4cc1-9684-6e322eba0b32', 'd777d6d3-aac0-43b9-94fb-147f00e1cb50', false);
INSERT INTO art_ping.project_employee VALUES ('8806d10c-5e23-46b7-9b62-04ae245da76f', 'd45fb8f0-0229-4cc1-9684-6e322eba0b32', '7f7f02df-4264-4040-ba9b-b0dff5f3b822', false);
INSERT INTO art_ping.project_employee VALUES ('a4a68252-8a29-4bc2-a8d6-b4e50df139cd', 'd45fb8f0-0229-4cc1-9684-6e322eba0b32', 'f63c7ea4-43e8-4279-8d79-67d9e0e39c66', false);
INSERT INTO art_ping.project_employee VALUES ('f448dfd0-9e7a-4e34-a90f-b76d2dd73e4f', 'd45fb8f0-0229-4cc1-9684-6e322eba0b32', '5ef53952-2c57-4e86-abdd-a884a667cdc0', false);
INSERT INTO art_ping.project_employee VALUES ('5e273941-5358-4815-b3bd-196a24b38900', 'd45fb8f0-0229-4cc1-9684-6e322eba0b32', '82f36dff-c692-447e-8e33-535e5813245f', false);
INSERT INTO art_ping.project_employee VALUES ('fb4d098e-9a66-4379-ba67-12585815c0c2', 'd45fb8f0-0229-4cc1-9684-6e322eba0b32', '4525153b-7d9b-4dc3-b4cf-6ffc64f39c28', false);
INSERT INTO art_ping.project VALUES ('9cc329f6-424e-47f7-896c-bb925f1379fa', 'project92', true);
INSERT INTO art_ping.project_employee VALUES ('60a33dfb-0d7b-41fb-a5f7-acee192d1711', '9cc329f6-424e-47f7-896c-bb925f1379fa', 'a7242506-b4ec-4e3a-887b-1d9d87c81e5e', false);
INSERT INTO art_ping.project_employee VALUES ('096adfea-bbe1-41bd-a567-5a2fe590099c', '9cc329f6-424e-47f7-896c-bb925f1379fa', '3fe6a415-e23f-4902-bf19-9f1fd98db8a2', false);
INSERT INTO art_ping.project_employee VALUES ('7bc84925-a89e-4297-b871-f89c633bedd1', '9cc329f6-424e-47f7-896c-bb925f1379fa', '15bba202-c20a-4a9f-8b7b-d254c4b076b1', false);
INSERT INTO art_ping.project_employee VALUES ('9f0d33fe-9047-4ef3-9c2c-c621031eac0b', '9cc329f6-424e-47f7-896c-bb925f1379fa', 'b3363893-a62d-4c5c-9097-85f825e233ab', false);
INSERT INTO art_ping.project_employee VALUES ('5a9778fa-21f1-42cd-a4b8-80df3942c32f', '9cc329f6-424e-47f7-896c-bb925f1379fa', 'a7b43dbf-9e55-47ff-b635-3eaaa83976ab', false);
INSERT INTO art_ping.project_employee VALUES ('c2af2306-f456-42d5-ba4a-d305742d9af7', '9cc329f6-424e-47f7-896c-bb925f1379fa', 'db6cfd2c-6c25-4e9a-83aa-cd8ae2f47e5b', false);
INSERT INTO art_ping.project_employee VALUES ('656f6eb2-eba8-418a-af7a-465461a727a0', '9cc329f6-424e-47f7-896c-bb925f1379fa', '8c778e78-17dd-47ff-81d9-8c550d9e7cb3', false);
INSERT INTO art_ping.project_employee VALUES ('0bf826df-9103-4dcf-8305-43c8a99d154d', '9cc329f6-424e-47f7-896c-bb925f1379fa', '4bc50c83-c697-4833-91bc-ef9593abc022', false);
INSERT INTO art_ping.project_employee VALUES ('9e3759ba-dad8-4070-850a-863d7392a37f', '9cc329f6-424e-47f7-896c-bb925f1379fa', '03fa441f-0c56-4993-8348-e201b8609721', false);
INSERT INTO art_ping.project_employee VALUES ('97654542-3a7e-41a8-a538-aee86d9815ce', '9cc329f6-424e-47f7-896c-bb925f1379fa', 'e2dc7495-ec2d-459d-9620-15275e99377f', false);
INSERT INTO art_ping.project VALUES ('fde329a6-ddd3-440a-af37-0d6b64f07b35', 'project93', true);
INSERT INTO art_ping.project_employee VALUES ('3861b0f1-7ba8-484a-88d4-0a9a6811a9b0', 'fde329a6-ddd3-440a-af37-0d6b64f07b35', '8b38ba9e-39ac-4584-a949-c6fb9f258806', false);
INSERT INTO art_ping.project_employee VALUES ('1dc59b50-749c-4794-a9e2-623d59f69d6d', 'fde329a6-ddd3-440a-af37-0d6b64f07b35', '36e2d929-919b-43c3-a4cc-d28911382b29', false);
INSERT INTO art_ping.project_employee VALUES ('b72a25a1-ca96-4851-8e26-950af1e72085', 'fde329a6-ddd3-440a-af37-0d6b64f07b35', '0012324d-6938-462e-86b1-b6e78d35d9e2', false);
INSERT INTO art_ping.project_employee VALUES ('a3a5905e-bdd4-420e-8091-468639f52288', 'fde329a6-ddd3-440a-af37-0d6b64f07b35', '842f34d1-cdc8-42ad-9468-3c5a31205e56', false);
INSERT INTO art_ping.project_employee VALUES ('d6077506-95dc-4ef4-a48f-297a3a333b1a', 'fde329a6-ddd3-440a-af37-0d6b64f07b35', 'e45aa7b9-acc5-4456-8b9c-1c9a5bb6944f', false);
INSERT INTO art_ping.project_employee VALUES ('5794ae74-bfb9-40b1-ab14-841a84f4eba1', 'fde329a6-ddd3-440a-af37-0d6b64f07b35', 'c8bd3956-7976-4fc6-b067-f8e3742811c5', false);
INSERT INTO art_ping.project_employee VALUES ('d6d1b57c-0f8b-47a0-bf31-099a18c6be8c', 'fde329a6-ddd3-440a-af37-0d6b64f07b35', 'b822ea78-5404-4d32-8f73-0f26cb8a459e', false);
INSERT INTO art_ping.project_employee VALUES ('bf7b2b85-362e-4ce5-861f-3496a5644c40', 'fde329a6-ddd3-440a-af37-0d6b64f07b35', 'dcd7d596-0014-4d32-b3fb-d41fe32db9b0', false);
INSERT INTO art_ping.project_employee VALUES ('76c0054e-e732-48fe-abdf-180c5bcdaa3c', 'fde329a6-ddd3-440a-af37-0d6b64f07b35', '7c2edd62-d898-4ddd-bc8f-91ae0cf6054d', false);
INSERT INTO art_ping.project_employee VALUES ('70a472f3-2b08-4939-b112-d212b5361c6d', 'fde329a6-ddd3-440a-af37-0d6b64f07b35', '4d22d09f-b030-4274-a1a1-6acb3969d0c7', false);
INSERT INTO art_ping.project VALUES ('7c56453b-4d8c-46e9-bb46-13a69d07f929', 'project94', true);
INSERT INTO art_ping.project_employee VALUES ('f91fdc24-f13a-4e69-9271-b758fa5076c9', '7c56453b-4d8c-46e9-bb46-13a69d07f929', '8b38ba9e-39ac-4584-a949-c6fb9f258806', false);
INSERT INTO art_ping.project_employee VALUES ('422f148a-e13e-4eac-94d3-9148686c9cd3', '7c56453b-4d8c-46e9-bb46-13a69d07f929', 'e5972d1b-7230-42db-9aa1-680c6576421a', false);
INSERT INTO art_ping.project_employee VALUES ('ab5ada9d-196c-4b7d-bf78-e20fb96c61c9', '7c56453b-4d8c-46e9-bb46-13a69d07f929', '25dc240f-ad93-4633-a08b-67880ef1e89f', false);
INSERT INTO art_ping.project_employee VALUES ('830cdef3-a829-4218-a910-73f8bca2a113', '7c56453b-4d8c-46e9-bb46-13a69d07f929', '3a1cee63-504c-468f-a9ec-08f7d3288079', false);
INSERT INTO art_ping.project_employee VALUES ('f8163979-8f9e-4f1f-b576-ea0074346846', '7c56453b-4d8c-46e9-bb46-13a69d07f929', 'a7b43dbf-9e55-47ff-b635-3eaaa83976ab', false);
INSERT INTO art_ping.project_employee VALUES ('ce88d979-ba18-4a4b-a7fc-873de7bc6106', '7c56453b-4d8c-46e9-bb46-13a69d07f929', 'b729d9e5-33eb-4dbf-ac6a-809af5fcbd2d', false);
INSERT INTO art_ping.project_employee VALUES ('4583c5f2-e3d5-4760-8078-1aa0f0b9e8df', '7c56453b-4d8c-46e9-bb46-13a69d07f929', '3663a6e6-7ce4-4afe-b9a0-7174100643e7', false);
INSERT INTO art_ping.project_employee VALUES ('224515f4-4963-4689-a84e-640ecba039b0', '7c56453b-4d8c-46e9-bb46-13a69d07f929', '4185fbf6-b027-4de1-972a-b82b272178aa', false);
INSERT INTO art_ping.project_employee VALUES ('878a86e6-fab9-45fa-99e0-b13a3ff21655', '7c56453b-4d8c-46e9-bb46-13a69d07f929', '3dd12a35-b0bc-4712-9820-1867ff4b7b56', false);
INSERT INTO art_ping.project_employee VALUES ('b8ffc4ec-e6a9-4cec-99b0-29a3da977083', '7c56453b-4d8c-46e9-bb46-13a69d07f929', '03fa441f-0c56-4993-8348-e201b8609721', false);
INSERT INTO art_ping.project_employee VALUES ('c4fa3199-496d-44b8-a9b6-59e340e91f27', '7c56453b-4d8c-46e9-bb46-13a69d07f929', 'ac3c940c-231c-4f2d-a74c-7503bb1887c6', false);
INSERT INTO art_ping.project VALUES ('68519e99-dbc5-48b6-9496-2c1a6ed49f17', 'project95', true);
INSERT INTO art_ping.project_employee VALUES ('253a7d29-a2cb-4768-9a99-e63c2109a5c4', '68519e99-dbc5-48b6-9496-2c1a6ed49f17', '579ad4d9-ce39-459c-bbf0-bc6064386cd9', false);
INSERT INTO art_ping.project_employee VALUES ('d1cbd6db-5f6a-46e1-b9c1-bff653a1aba3', '68519e99-dbc5-48b6-9496-2c1a6ed49f17', '8f3778ba-4d68-4b8c-9390-223b249e02c7', false);
INSERT INTO art_ping.project_employee VALUES ('aec0e4bb-de9e-4176-8020-f6c26eb4cb3d', '68519e99-dbc5-48b6-9496-2c1a6ed49f17', '6224d9c8-2988-4b5b-b9da-9ddc1d521a32', false);
INSERT INTO art_ping.project_employee VALUES ('3c804168-9fbf-4613-b001-38cfb0182473', '68519e99-dbc5-48b6-9496-2c1a6ed49f17', '83ac73a9-b34e-48ea-be0d-87c562931615', false);
INSERT INTO art_ping.project_employee VALUES ('79ce8654-7fe6-43d0-99a2-44d9b32252e8', '68519e99-dbc5-48b6-9496-2c1a6ed49f17', 'c9318c7a-1d92-4bf8-ad4d-5863ad613bec', false);
INSERT INTO art_ping.project_employee VALUES ('fd6a2307-a686-41e8-a59d-69cc6db9e5d4', '68519e99-dbc5-48b6-9496-2c1a6ed49f17', '0c821e0c-2b09-4292-be75-7b83ab2d548a', false);
INSERT INTO art_ping.project_employee VALUES ('b10f25ca-cc75-46d4-8c68-8a5ea65aa132', '68519e99-dbc5-48b6-9496-2c1a6ed49f17', 'b729d9e5-33eb-4dbf-ac6a-809af5fcbd2d', false);
INSERT INTO art_ping.project_employee VALUES ('dc1a2afc-1792-4b4f-bc90-2194c4e0c2a9', '68519e99-dbc5-48b6-9496-2c1a6ed49f17', '4525153b-7d9b-4dc3-b4cf-6ffc64f39c28', false);
INSERT INTO art_ping.project_employee VALUES ('4d7a2af9-093f-4381-a5ba-592f09e7daf4', '68519e99-dbc5-48b6-9496-2c1a6ed49f17', '189d8dc4-e125-4bb9-84d9-80d44ede46cc', false);
INSERT INTO art_ping.project_employee VALUES ('22539492-06f6-4719-bbe2-fd3e87e079e2', '68519e99-dbc5-48b6-9496-2c1a6ed49f17', '6beb736f-c2f9-4b54-a9e5-de76dab5e416', false);
INSERT INTO art_ping.project VALUES ('dd736906-bbf6-4250-9208-eedca5f32b4f', 'project96', true);
INSERT INTO art_ping.project_employee VALUES ('fadab489-1008-4a0f-a1bf-1d937c53c4e2', 'dd736906-bbf6-4250-9208-eedca5f32b4f', '33a20cde-c2af-4afd-9e78-351a71c6865f', false);
INSERT INTO art_ping.project_employee VALUES ('504646ee-6608-4caf-ab44-eab4ac172b56', 'dd736906-bbf6-4250-9208-eedca5f32b4f', 'cea1074e-12e6-4fe6-b872-88c56302025d', false);
INSERT INTO art_ping.project_employee VALUES ('bb36cef3-7adf-4953-94bb-d667d3dd5986', 'dd736906-bbf6-4250-9208-eedca5f32b4f', '2b982cd4-e5b9-460f-a7c1-962af2391722', false);
INSERT INTO art_ping.project_employee VALUES ('824fa77d-ac0b-44d2-a83f-453b94cde76d', 'dd736906-bbf6-4250-9208-eedca5f32b4f', '3b97c970-cd85-45ef-aa21-ab7728252a64', false);
INSERT INTO art_ping.project_employee VALUES ('56fba818-b255-4482-b95f-099064db9256', 'dd736906-bbf6-4250-9208-eedca5f32b4f', 'ae2182b4-101d-4037-9ab1-7de9bdd32b9d', false);
INSERT INTO art_ping.project_employee VALUES ('618b876d-89e1-46f9-bf7a-d4889b5f02bf', 'dd736906-bbf6-4250-9208-eedca5f32b4f', 'ab56e4fa-0d6c-489c-94d3-5b7dc276e3bf', false);
INSERT INTO art_ping.project_employee VALUES ('1d09e0e3-3d89-4542-b498-41be2f97da11', 'dd736906-bbf6-4250-9208-eedca5f32b4f', '2dbf058b-4c77-43c6-9a8e-d178fdcae437', false);
INSERT INTO art_ping.project_employee VALUES ('5b1c023a-a75a-43bb-8e19-f63398699334', 'dd736906-bbf6-4250-9208-eedca5f32b4f', '9d9f3d27-6f7d-44b4-b90e-29ea9b70cd71', false);
INSERT INTO art_ping.project_employee VALUES ('f7221bff-7b25-48ea-b75e-4ef252cb5507', 'dd736906-bbf6-4250-9208-eedca5f32b4f', '0a016578-3d13-455f-b13a-520c1d515805', false);
INSERT INTO art_ping.project_employee VALUES ('dff5faba-624a-4569-ad5b-12717371a6f2', 'dd736906-bbf6-4250-9208-eedca5f32b4f', 'abb7e688-bd8d-4aa6-9eed-5450de8bc222', false);
INSERT INTO art_ping.project_employee VALUES ('1259d067-15a8-4c7d-b406-906672bf5e9c', 'dd736906-bbf6-4250-9208-eedca5f32b4f', '84f9873e-cac9-467a-b5f5-5cf2383ec72c', false);
INSERT INTO art_ping.project_employee VALUES ('0b665b17-0caf-4434-932e-e470f4d52080', 'dd736906-bbf6-4250-9208-eedca5f32b4f', '84ab89ab-1097-4316-8aee-fbc91c705cf4', false);
INSERT INTO art_ping.project_employee VALUES ('5bd9a392-d9de-454c-9c38-b2198f20a98c', 'dd736906-bbf6-4250-9208-eedca5f32b4f', '8ee3c4a7-58ac-41bf-bbfe-56efd2e3f71a', false);
INSERT INTO art_ping.project_employee VALUES ('49135f5d-3fd2-4432-bc4a-b744ab63ca77', 'dd736906-bbf6-4250-9208-eedca5f32b4f', '464ae57e-8993-4cf7-87b6-fc41331b5de0', false);
INSERT INTO art_ping.project_employee VALUES ('9c51f65b-5aed-45d2-86b0-ff4abfae5fc5', 'dd736906-bbf6-4250-9208-eedca5f32b4f', 'e262c579-6802-472a-ac75-d488ea8256fa', false);
INSERT INTO art_ping.project_employee VALUES ('9f3a9e81-b170-4176-bced-1edf10f51dfa', 'dd736906-bbf6-4250-9208-eedca5f32b4f', 'c018b9fa-a313-4b9d-845e-f8bf6764cb90', false);
INSERT INTO art_ping.project VALUES ('04c533be-0cdc-4895-8a7e-7ee49db06978', 'project97', true);
INSERT INTO art_ping.project_employee VALUES ('6dfa3b08-97a8-458b-b1e8-27217a83b5d9', '04c533be-0cdc-4895-8a7e-7ee49db06978', '0d878bc5-1550-4162-b0c2-37ef0a86734e', false);
INSERT INTO art_ping.project_employee VALUES ('df4f0d8f-9c46-48c2-94fe-97d49d8ebee2', '04c533be-0cdc-4895-8a7e-7ee49db06978', 'fc6e81f8-e1fd-4d04-b378-3aa9eb3d961a', false);
INSERT INTO art_ping.project_employee VALUES ('d18f9fcd-4838-45ef-97a7-e41ce2e7bb02', '04c533be-0cdc-4895-8a7e-7ee49db06978', '695ced66-b71b-44b8-9cea-36e7bbb792af', false);
INSERT INTO art_ping.project_employee VALUES ('687841fa-8907-4cec-9bad-32df60c617c8', '04c533be-0cdc-4895-8a7e-7ee49db06978', '50fdbdbe-cd9f-43c4-a5d6-5739de4e047a', false);
INSERT INTO art_ping.project_employee VALUES ('0835d6e9-89d2-4bfa-bcb6-395c6fdd381c', '04c533be-0cdc-4895-8a7e-7ee49db06978', '7c2edd62-d898-4ddd-bc8f-91ae0cf6054d', false);
INSERT INTO art_ping.project_employee VALUES ('b067f1dc-c880-43d1-bca5-bb3348a237e3', '04c533be-0cdc-4895-8a7e-7ee49db06978', '8d4a039e-f3dd-40e4-9fc2-67e88735598f', false);
INSERT INTO art_ping.project_employee VALUES ('576a1185-2870-4620-8ee0-9119f710763e', '04c533be-0cdc-4895-8a7e-7ee49db06978', '3fe6a415-e23f-4902-bf19-9f1fd98db8a2', false);
INSERT INTO art_ping.project_employee VALUES ('ba2b47f8-c419-4b1d-aacc-59e5aa892934', '04c533be-0cdc-4895-8a7e-7ee49db06978', 'd8a55535-6da6-45e7-a100-1413c7c52f6d', false);
INSERT INTO art_ping.project_employee VALUES ('7169c73e-f44f-4eaf-9ad6-a1e083943baf', '04c533be-0cdc-4895-8a7e-7ee49db06978', '6881a055-7ba2-4676-ba07-89c1890a3a00', false);
INSERT INTO art_ping.project_employee VALUES ('2e4c8b8c-3280-4683-adf9-eb74e8dd0b65', '04c533be-0cdc-4895-8a7e-7ee49db06978', '97d4e815-ae13-4d16-89ee-a41a068c08f5', false);
INSERT INTO art_ping.project_employee VALUES ('e6ef121a-f6b7-421b-a427-0ade58c97fee', '04c533be-0cdc-4895-8a7e-7ee49db06978', '1409dba6-641a-4960-aedb-2b39cebf08de', false);
INSERT INTO art_ping.project_employee VALUES ('b2d5a0ce-fba3-434e-9e6c-85e9a5344d10', '04c533be-0cdc-4895-8a7e-7ee49db06978', 'f294e255-0c6e-4bee-8f10-afa1172d08f4', false);
INSERT INTO art_ping.project_employee VALUES ('dbc0aa37-d407-4792-914d-8fedcaed5e95', '04c533be-0cdc-4895-8a7e-7ee49db06978', 'a7b43dbf-9e55-47ff-b635-3eaaa83976ab', false);
INSERT INTO art_ping.project_employee VALUES ('e0acc4f9-e404-43ae-be16-6df787c8bc1a', '04c533be-0cdc-4895-8a7e-7ee49db06978', '9dcaf691-4d1a-4934-90eb-bdab583f413f', false);
INSERT INTO art_ping.project_employee VALUES ('e698f64e-80ab-49ea-a84e-ab03c9e89cbb', '04c533be-0cdc-4895-8a7e-7ee49db06978', '1b31f41e-8764-42e1-a0a1-5ae42459ad76', false);
INSERT INTO art_ping.project_employee VALUES ('cfff8010-6311-4a2f-9e77-63b248f29c16', '04c533be-0cdc-4895-8a7e-7ee49db06978', 'e26704e1-f069-4968-84e7-91b6277fd221', false);
INSERT INTO art_ping.project_employee VALUES ('cbdcc3fc-9c21-4610-8e00-9f2f298f2ee3', '04c533be-0cdc-4895-8a7e-7ee49db06978', '8e8bcccb-9ba6-4207-8c01-85599e7b5290', false);
INSERT INTO art_ping.project_employee VALUES ('e7268981-2152-44fb-b8e0-31e7a35c5d64', '04c533be-0cdc-4895-8a7e-7ee49db06978', '9a679ffe-ccaa-4bcf-b290-839628b4596e', false);
INSERT INTO art_ping.project VALUES ('c2c4332e-8075-4da2-abb4-65fab9d3eafd', 'project98', true);
INSERT INTO art_ping.project_employee VALUES ('4639d0ef-dd5d-4399-bf52-d5161e14650e', 'c2c4332e-8075-4da2-abb4-65fab9d3eafd', '2b982cd4-e5b9-460f-a7c1-962af2391722', false);
INSERT INTO art_ping.project_employee VALUES ('e969ff75-59eb-470e-a5f3-d050939ff40f', 'c2c4332e-8075-4da2-abb4-65fab9d3eafd', 'c1e36d5f-8a85-4b87-aa10-47996d010346', false);
INSERT INTO art_ping.project_employee VALUES ('85f5b9a4-7a16-491d-8c69-479184f6f3c4', 'c2c4332e-8075-4da2-abb4-65fab9d3eafd', 'e2dc7495-ec2d-459d-9620-15275e99377f', false);
INSERT INTO art_ping.project_employee VALUES ('5ea93798-7ca0-4970-b07d-9d74bdccad04', 'c2c4332e-8075-4da2-abb4-65fab9d3eafd', '12ccec95-be0d-40d8-a321-0184bb0feb4d', false);
INSERT INTO art_ping.project VALUES ('af2dbf6d-33a5-45ea-83e7-7ab23e262e48', 'project99', true);
INSERT INTO art_ping.project_employee VALUES ('81285c01-c2c6-448f-a999-9adfede257d0', 'af2dbf6d-33a5-45ea-83e7-7ab23e262e48', 'c015fe98-c89a-4f48-a784-fbc0111a03ea', false);
INSERT INTO art_ping.project_employee VALUES ('dbfe81e1-0162-4bcf-a2b4-826d56d1f0d5', 'af2dbf6d-33a5-45ea-83e7-7ab23e262e48', '20ea6750-716b-43fa-8414-d17288ad211e', false);
INSERT INTO art_ping.project_employee VALUES ('3ef8e4ea-b02b-47e7-a79b-3404afb17785', 'af2dbf6d-33a5-45ea-83e7-7ab23e262e48', 'c180ae1b-fc61-4d49-990b-d7cb600e844a', false);
INSERT INTO art_ping.project_employee VALUES ('d2052c15-2d0b-47df-8a43-1035afdfebdf', 'af2dbf6d-33a5-45ea-83e7-7ab23e262e48', 'f6a4faa4-2382-4314-b096-41bb5cc149f6', false);
INSERT INTO art_ping.project_employee VALUES ('a2ebdf2d-155c-45d2-8351-12b83801242f', 'af2dbf6d-33a5-45ea-83e7-7ab23e262e48', '3663a6e6-7ce4-4afe-b9a0-7174100643e7', false);
INSERT INTO art_ping.project_employee VALUES ('bbe46b0a-b28e-4674-91a4-faf655268403', 'af2dbf6d-33a5-45ea-83e7-7ab23e262e48', '17622583-a55a-4f34-8148-ef2ec9a41ea5', false);
INSERT INTO art_ping.project_employee VALUES ('bb8dd5c6-9485-49f3-b498-8af813f23ef8', 'af2dbf6d-33a5-45ea-83e7-7ab23e262e48', '27ccbe89-6b69-470b-aaf2-c7171f6f805a', false);
INSERT INTO art_ping.project_employee VALUES ('980f723c-68f9-42a9-84ac-ed636da110cd', 'af2dbf6d-33a5-45ea-83e7-7ab23e262e48', '6cf0f201-a643-4c41-9bb6-297b8c1f18b0', false);
INSERT INTO art_ping.project_employee VALUES ('0271c90b-20ef-4bcb-9b07-6e5133e28dca', 'af2dbf6d-33a5-45ea-83e7-7ab23e262e48', '4467c931-7c5b-4458-b5e8-ae6c4a45b2e2', false);
INSERT INTO art_ping.project_employee VALUES ('2e14b633-4b23-429c-8512-a23a128e6e7f', 'af2dbf6d-33a5-45ea-83e7-7ab23e262e48', '25dc240f-ad93-4633-a08b-67880ef1e89f', false);
INSERT INTO art_ping.project_employee VALUES ('c4aec69b-2592-4ad1-8546-599bb7b36e86', 'af2dbf6d-33a5-45ea-83e7-7ab23e262e48', '15bba202-c20a-4a9f-8b7b-d254c4b076b1', false);
INSERT INTO art_ping.project_employee VALUES ('7bd8c0aa-c6ae-4d70-a689-63f035ce9886', 'af2dbf6d-33a5-45ea-83e7-7ab23e262e48', 'f63c7ea4-43e8-4279-8d79-67d9e0e39c66', false);
INSERT INTO art_ping.project_employee VALUES ('7d1669a4-8fb1-4e4b-9b14-2c3f86f450c8', 'af2dbf6d-33a5-45ea-83e7-7ab23e262e48', '5ee9532f-300a-475a-b3f2-ec459eb14e9b', false);
INSERT INTO art_ping.project_employee VALUES ('f9b24ee5-b21c-4510-824d-bd247e38bcef', 'af2dbf6d-33a5-45ea-83e7-7ab23e262e48', '35a5935f-ff01-413d-987e-38829b9e35d8', false);
INSERT INTO art_ping.project VALUES ('208d07cb-1267-4e16-b691-e333f3610c21', 'project100', true);
INSERT INTO art_ping.project_employee VALUES ('5fabf910-010b-4e27-aff7-0639b52a6c8c', '208d07cb-1267-4e16-b691-e333f3610c21', '6224d9c8-2988-4b5b-b9da-9ddc1d521a32', false);
INSERT INTO art_ping.project_employee VALUES ('18695f7c-a37d-4ffc-9d6e-186256cfd137', '208d07cb-1267-4e16-b691-e333f3610c21', '33bb851b-af14-41e7-9546-c771e67cc2a2', false);
INSERT INTO art_ping.project_employee VALUES ('c53ef3ac-bcb2-4edb-8168-6618d1fd6fca', '208d07cb-1267-4e16-b691-e333f3610c21', '540e0fff-5bd0-4a90-842d-05fb29ab9e44', false);
INSERT INTO art_ping.project_employee VALUES ('c5b337a3-1e41-45d9-b4ed-a9677923e8ce', '208d07cb-1267-4e16-b691-e333f3610c21', '19b2ef4e-cba1-4081-8ac5-a39d91c885c2', false);
INSERT INTO art_ping.project_employee VALUES ('1f98400e-cdde-4591-9944-fffe6dd4ad9a', '208d07cb-1267-4e16-b691-e333f3610c21', 'f8983a7a-fc5f-4ddc-aaa2-b5e75b472253', false);
INSERT INTO art_ping.project VALUES ('ac48a8f9-df35-469b-9aa6-5fed86d39e70', 'project101', true);
INSERT INTO art_ping.project_employee VALUES ('5b54681b-dda2-4c7a-9f5d-f2fcd60b28ff', 'ac48a8f9-df35-469b-9aa6-5fed86d39e70', 'abb7e688-bd8d-4aa6-9eed-5450de8bc222', false);
INSERT INTO art_ping.project_employee VALUES ('94774232-e7d0-425a-b988-41d028584a56', 'ac48a8f9-df35-469b-9aa6-5fed86d39e70', '7996b9e7-2d2b-40c1-832f-62eb11b14899', false);
INSERT INTO art_ping.project_employee VALUES ('afbd9322-8d62-40da-85df-5fda34dbbcf8', 'ac48a8f9-df35-469b-9aa6-5fed86d39e70', '9591c510-dd28-4ecc-a62c-0ad37b30e650', false);
INSERT INTO art_ping.project_employee VALUES ('027b671c-8e1b-4728-9bb1-fe977f820164', 'ac48a8f9-df35-469b-9aa6-5fed86d39e70', 'b9b3d71b-2925-4ad9-93d0-603b6ce5c447', false);
INSERT INTO art_ping.project_employee VALUES ('07f82a13-e42b-43ed-b98d-8563fe0a4c2d', 'ac48a8f9-df35-469b-9aa6-5fed86d39e70', '0c821e0c-2b09-4292-be75-7b83ab2d548a', false);
INSERT INTO art_ping.project_employee VALUES ('0b91bcf8-8576-48b0-b594-ee5f62c8d126', 'ac48a8f9-df35-469b-9aa6-5fed86d39e70', '5ea6a810-7e9f-40d8-aa64-88aadd392bd6', false);
INSERT INTO art_ping.project_employee VALUES ('24ff8a30-1f99-4aee-9620-90aeaa484e8e', 'ac48a8f9-df35-469b-9aa6-5fed86d39e70', '703df4e6-31a6-42bd-98c8-03f227671bd5', false);
INSERT INTO art_ping.project_employee VALUES ('41089031-b9d9-402b-864a-bced7255b4df', 'ac48a8f9-df35-469b-9aa6-5fed86d39e70', 'a30139ef-6739-445e-90e1-38cad8d50293', false);
INSERT INTO art_ping.project_employee VALUES ('1319c707-73ef-42b8-b276-dcd17fc7bc57', 'ac48a8f9-df35-469b-9aa6-5fed86d39e70', '8f60ac08-a513-4329-b2b2-db18aed20066', false);
INSERT INTO art_ping.project_employee VALUES ('a4c1ac7a-b1a4-4ef7-babc-d9219437de7a', 'ac48a8f9-df35-469b-9aa6-5fed86d39e70', 'dddddd51-a076-494c-bed6-854476f58359', false);
INSERT INTO art_ping.project VALUES ('5c700560-80ac-4148-9f8b-af9460df69f5', 'project102', true);
INSERT INTO art_ping.project_employee VALUES ('95ff0a17-56cb-4f8a-a20b-cd9699633944', '5c700560-80ac-4148-9f8b-af9460df69f5', '5b8db2a7-25ee-42d2-bf6c-e7ae8b81945f', false);
INSERT INTO art_ping.project_employee VALUES ('2f0a55ab-dadb-4509-bc56-3aabb01d66db', '5c700560-80ac-4148-9f8b-af9460df69f5', 'ee440af7-8f43-4607-96af-7d2552158e42', false);
INSERT INTO art_ping.project_employee VALUES ('724dc65a-7072-429f-be2c-115aa972e234', '5c700560-80ac-4148-9f8b-af9460df69f5', '4b618720-fc2b-450e-b5aa-7e6a457f9188', false);
INSERT INTO art_ping.project_employee VALUES ('d4f3f7af-de36-459c-8c73-0017fa1a873e', '5c700560-80ac-4148-9f8b-af9460df69f5', '5956d2ed-5ef1-4583-85a6-e096b3eabbe7', false);
INSERT INTO art_ping.project_employee VALUES ('5c3f1503-d42f-4024-8feb-a7efb0832482', '5c700560-80ac-4148-9f8b-af9460df69f5', 'cd7c3636-983d-4772-a6a2-190b60419c5d', false);
INSERT INTO art_ping.project_employee VALUES ('54e51a40-0bcc-459f-8366-1ead5696d85c', '5c700560-80ac-4148-9f8b-af9460df69f5', '63fc2908-a7d8-4f1b-afd5-be04c4cedac5', false);
INSERT INTO art_ping.project_employee VALUES ('3e6a496d-baf2-4615-a022-a97fbb3aea02', '5c700560-80ac-4148-9f8b-af9460df69f5', '07aa3b36-5dbe-4e2d-bd9c-2c10de4fe31c', false);
INSERT INTO art_ping.project_employee VALUES ('c39ae3cc-c43f-4eeb-9dde-80015379ee55', '5c700560-80ac-4148-9f8b-af9460df69f5', 'f63c7ea4-43e8-4279-8d79-67d9e0e39c66', false);
INSERT INTO art_ping.project_employee VALUES ('0fa60d5b-3293-4cd3-ac1c-cbf9c01ede7f', '5c700560-80ac-4148-9f8b-af9460df69f5', '53614077-53a2-451e-9a55-acabc538a8ea', false);
INSERT INTO art_ping.project_employee VALUES ('ab30ab29-55d7-4ead-9fc8-da18acd6b7a2', '5c700560-80ac-4148-9f8b-af9460df69f5', '8c778e78-17dd-47ff-81d9-8c550d9e7cb3', false);
INSERT INTO art_ping.project_employee VALUES ('e2746bd1-ec43-4085-9008-8558a39ecd23', '5c700560-80ac-4148-9f8b-af9460df69f5', '4eb70aff-a3e3-41ed-ae45-cfec802d1044', false);
INSERT INTO art_ping.project_employee VALUES ('6f9ae4e6-9589-427d-8e45-d59d4e4dbaf5', '5c700560-80ac-4148-9f8b-af9460df69f5', 'e262c579-6802-472a-ac75-d488ea8256fa', false);
INSERT INTO art_ping.project_employee VALUES ('9dbc6a80-5727-4417-8a9c-7b0530b1f473', '5c700560-80ac-4148-9f8b-af9460df69f5', '8e8bcccb-9ba6-4207-8c01-85599e7b5290', false);
INSERT INTO art_ping.project VALUES ('78c85d76-c1cc-4fa8-94c5-74a93d6bd76e', 'project103', true);
INSERT INTO art_ping.project_employee VALUES ('b7fa994f-14af-4a6a-820a-aedad14e734d', '78c85d76-c1cc-4fa8-94c5-74a93d6bd76e', '454cef13-92b0-4e56-87d9-18c3c57c92b2', false);
INSERT INTO art_ping.project_employee VALUES ('8879b1a7-1ddf-4e97-a669-ddf1eb6eaac8', '78c85d76-c1cc-4fa8-94c5-74a93d6bd76e', 'b0c4cc3f-9f15-416f-aa45-5e2d41ddc671', false);
INSERT INTO art_ping.project_employee VALUES ('0dab1fe6-7026-4219-a5b6-a4638433fee3', '78c85d76-c1cc-4fa8-94c5-74a93d6bd76e', '135dff97-b4e1-466b-a9d4-d4453590aa84', false);
INSERT INTO art_ping.project_employee VALUES ('28bff291-6c49-4334-a5fb-83013578a27f', '78c85d76-c1cc-4fa8-94c5-74a93d6bd76e', '659edb95-e5c1-4799-a100-83604d912969', false);
INSERT INTO art_ping.project_employee VALUES ('5ae7f0dd-5106-4a8c-afab-51afe697dfcf', '78c85d76-c1cc-4fa8-94c5-74a93d6bd76e', '5a9b6125-02bc-4c94-872b-cff8f59bf804', false);
INSERT INTO art_ping.project_employee VALUES ('7dcc7727-11dc-4d17-bb9d-392762ad8b13', '78c85d76-c1cc-4fa8-94c5-74a93d6bd76e', '8e2fa457-7a9d-4d54-b2db-9f397833c25b', false);
INSERT INTO art_ping.project_employee VALUES ('f88e4581-7bca-4a8f-90f7-74e0493e8ff6', '78c85d76-c1cc-4fa8-94c5-74a93d6bd76e', 'dcd7d596-0014-4d32-b3fb-d41fe32db9b0', false);
INSERT INTO art_ping.project_employee VALUES ('64bebf9d-d330-45a1-b021-8dd126528b95', '78c85d76-c1cc-4fa8-94c5-74a93d6bd76e', '4185fbf6-b027-4de1-972a-b82b272178aa', false);
INSERT INTO art_ping.project VALUES ('71ee80ea-80d5-482a-a18f-638f004d235a', 'project104', true);
INSERT INTO art_ping.project_employee VALUES ('ee60336e-3f85-4424-8597-924c4eedf0cc', '71ee80ea-80d5-482a-a18f-638f004d235a', '93f4e756-2150-4de8-b311-5742ba03a70e', false);
INSERT INTO art_ping.project_employee VALUES ('a4b56f55-f6b7-46db-a2f3-c84659eec79b', '71ee80ea-80d5-482a-a18f-638f004d235a', '9815abd0-739b-4684-b4e0-23d71d2e4c3b', false);
INSERT INTO art_ping.project_employee VALUES ('b0048bc8-b0b1-4612-b129-335170f69ee3', '71ee80ea-80d5-482a-a18f-638f004d235a', '9591c510-dd28-4ecc-a62c-0ad37b30e650', false);
INSERT INTO art_ping.project_employee VALUES ('b6f0ae7a-d1f1-4894-a4aa-b5cc954f8ca5', '71ee80ea-80d5-482a-a18f-638f004d235a', '8e2fa457-7a9d-4d54-b2db-9f397833c25b', false);
INSERT INTO art_ping.project_employee VALUES ('d3e7a068-e094-45cd-ad75-8621527c29dd', '71ee80ea-80d5-482a-a18f-638f004d235a', '66e5b65b-8df7-4a31-8579-88043437f7db', false);
INSERT INTO art_ping.project_employee VALUES ('9ec10e66-d5e7-4c1f-91aa-18e4e8dfc2ac', '71ee80ea-80d5-482a-a18f-638f004d235a', 'b729d9e5-33eb-4dbf-ac6a-809af5fcbd2d', false);
INSERT INTO art_ping.project_employee VALUES ('d36105bb-bcea-417d-8d68-094246f014d0', '71ee80ea-80d5-482a-a18f-638f004d235a', 'e2dc7495-ec2d-459d-9620-15275e99377f', false);
INSERT INTO art_ping.project_employee VALUES ('c417003b-2122-4497-95fc-0049597a6bbe', '71ee80ea-80d5-482a-a18f-638f004d235a', '34758c18-8793-49ed-ba1b-03563ab4c9ac', false);
INSERT INTO art_ping.project_employee VALUES ('e989dd08-e754-43a2-b998-39632844caec', '71ee80ea-80d5-482a-a18f-638f004d235a', 'b461a3ce-c839-42b2-8f14-96886d8f4f09', false);
INSERT INTO art_ping.project_employee VALUES ('c6eebd9e-8352-4d90-a08c-3597bb00d8ef', '71ee80ea-80d5-482a-a18f-638f004d235a', '6949b072-5157-4d9c-8bfa-ac1ad6e0a3c2', false);
INSERT INTO art_ping.project_employee VALUES ('726f36ed-4368-4e03-bfec-4cce51027df4', '71ee80ea-80d5-482a-a18f-638f004d235a', '8949e26c-f25d-41f8-995a-f41b22bb9670', false);
INSERT INTO art_ping.project_employee VALUES ('3396666b-a5fa-4e0d-9976-b4aca22f0054', '71ee80ea-80d5-482a-a18f-638f004d235a', 'e45aa7b9-acc5-4456-8b9c-1c9a5bb6944f', false);
INSERT INTO art_ping.project_employee VALUES ('d3c1627c-f1ea-419a-96c5-19234645c7fa', '71ee80ea-80d5-482a-a18f-638f004d235a', 'f10ea80a-52d0-4a17-bc85-99bfcd58f680', false);
INSERT INTO art_ping.project_employee VALUES ('273dbe33-8103-40ba-80fd-701dd67915f1', '71ee80ea-80d5-482a-a18f-638f004d235a', '464ae57e-8993-4cf7-87b6-fc41331b5de0', false);
INSERT INTO art_ping.project_employee VALUES ('53089045-4bf0-4dd2-a47e-246f888422aa', '71ee80ea-80d5-482a-a18f-638f004d235a', 'bdcbc5a8-1bcc-40de-918c-83a380dcf069', false);
INSERT INTO art_ping.project_employee VALUES ('62eb0edf-8bcf-47ab-8f99-4215dfdaabcf', '71ee80ea-80d5-482a-a18f-638f004d235a', 'dfc03a25-ec14-47a4-a7d4-21d215d16eee', false);
INSERT INTO art_ping.project_employee VALUES ('4a253b3d-2e92-4384-8cb4-199c02d0c0e7', '71ee80ea-80d5-482a-a18f-638f004d235a', '4525153b-7d9b-4dc3-b4cf-6ffc64f39c28', false);
INSERT INTO art_ping.project VALUES ('65867333-4c59-4493-8385-767f91b33f99', 'project105', true);
INSERT INTO art_ping.project_employee VALUES ('064f20b0-3c26-417e-bed0-01592486fea5', '65867333-4c59-4493-8385-767f91b33f99', '93f4e756-2150-4de8-b311-5742ba03a70e', false);
INSERT INTO art_ping.project_employee VALUES ('c87fed4c-6381-4f88-a32a-a09579e13043', '65867333-4c59-4493-8385-767f91b33f99', '52eccd6b-45bf-46b2-9aa9-34d83fb0331b', false);
INSERT INTO art_ping.project_employee VALUES ('ce63dbd9-e351-44e0-8a04-59fbc3e610f4', '65867333-4c59-4493-8385-767f91b33f99', '195cf61d-97d8-4578-a11a-6c29165d15e8', false);
INSERT INTO art_ping.project_employee VALUES ('cf07da1c-6e7a-411b-9d52-f3c74cd82a7c', '65867333-4c59-4493-8385-767f91b33f99', '7624cdba-4646-456c-b188-ab9c6dc455b1', false);
INSERT INTO art_ping.project_employee VALUES ('01a3d535-cf67-4d45-9eb1-ded53314c2ae', '65867333-4c59-4493-8385-767f91b33f99', '8ee3c4a7-58ac-41bf-bbfe-56efd2e3f71a', false);
INSERT INTO art_ping.project_employee VALUES ('bb4d96ea-42f6-459a-ae7f-dbea40c75d73', '65867333-4c59-4493-8385-767f91b33f99', 'dfc03a25-ec14-47a4-a7d4-21d215d16eee', false);
INSERT INTO art_ping.project_employee VALUES ('c0e54046-4f59-4f2d-809f-3cd7b75aefa6', '65867333-4c59-4493-8385-767f91b33f99', '180ec0b3-23d5-47d0-966b-09f5f5dbb6af', false);
INSERT INTO art_ping.project_employee VALUES ('e9d4b5d9-1c4f-4964-a69d-ca4c167f9435', '65867333-4c59-4493-8385-767f91b33f99', '7f1b2eac-41b0-4fbc-92d0-0b85a563306b', false);
INSERT INTO art_ping.project_employee VALUES ('ccd2d0a9-73b5-43c4-9fa5-268cb15642b5', '65867333-4c59-4493-8385-767f91b33f99', '56516503-f170-4f1b-8b04-7f4936684e8b', false);
INSERT INTO art_ping.project_employee VALUES ('aa961f87-f601-4899-8692-7119f815cfd1', '65867333-4c59-4493-8385-767f91b33f99', 'd61aae5c-d16a-4864-b56c-d96c04c226e0', false);
INSERT INTO art_ping.project VALUES ('32386e22-ea78-45fa-b1e8-7a49bbe66987', 'project106', true);
INSERT INTO art_ping.project_employee VALUES ('0e13687f-2735-40c3-8e8e-aa90c5326a53', '32386e22-ea78-45fa-b1e8-7a49bbe66987', 'a000626e-6682-4627-a6fa-0085a5e5af74', false);
INSERT INTO art_ping.project_employee VALUES ('5791b382-d83a-4518-91c4-57ed9f6b0844', '32386e22-ea78-45fa-b1e8-7a49bbe66987', '565e4cb8-57d7-4db8-b895-c675568040f6', false);
INSERT INTO art_ping.project_employee VALUES ('69524ae4-f193-442d-901e-25870d0b4c66', '32386e22-ea78-45fa-b1e8-7a49bbe66987', 'cea1074e-12e6-4fe6-b872-88c56302025d', false);
INSERT INTO art_ping.project_employee VALUES ('0f77404e-0bd1-46d9-82af-0486bb4b9ff4', '32386e22-ea78-45fa-b1e8-7a49bbe66987', '3a0f78e5-a19d-47c8-8efa-be56fb97b7d4', false);
INSERT INTO art_ping.project_employee VALUES ('62c22fb2-7f04-47b3-9d80-8dd73ae1f73d', '32386e22-ea78-45fa-b1e8-7a49bbe66987', 'fc6e81f8-e1fd-4d04-b378-3aa9eb3d961a', false);
INSERT INTO art_ping.project_employee VALUES ('e91bc67e-d436-4d92-a144-b8efc1a86383', '32386e22-ea78-45fa-b1e8-7a49bbe66987', 'b822ea78-5404-4d32-8f73-0f26cb8a459e', false);
INSERT INTO art_ping.project_employee VALUES ('435ac232-f126-45f4-8724-c6a442ab1440', '32386e22-ea78-45fa-b1e8-7a49bbe66987', '5956d2ed-5ef1-4583-85a6-e096b3eabbe7', false);
INSERT INTO art_ping.project_employee VALUES ('4896498a-3633-4af4-ba62-5d5bbedb4e46', '32386e22-ea78-45fa-b1e8-7a49bbe66987', 'da9a3888-66b6-490f-940f-c8080ddf34f0', false);
INSERT INTO art_ping.project_employee VALUES ('0ccd844b-f80a-487d-923c-57ecdaff66b3', '32386e22-ea78-45fa-b1e8-7a49bbe66987', '6cf0f201-a643-4c41-9bb6-297b8c1f18b0', false);
INSERT INTO art_ping.project_employee VALUES ('39af4fe4-4b83-442a-ad27-9bb844f9ea94', '32386e22-ea78-45fa-b1e8-7a49bbe66987', '454cef13-92b0-4e56-87d9-18c3c57c92b2', false);
INSERT INTO art_ping.project_employee VALUES ('6ac7b4c8-75c9-4ac5-87e2-a3d851c4cd36', '32386e22-ea78-45fa-b1e8-7a49bbe66987', '6224d9c8-2988-4b5b-b9da-9ddc1d521a32', false);
INSERT INTO art_ping.project_employee VALUES ('544e3ead-8aae-4550-8de4-2766bc920d1c', '32386e22-ea78-45fa-b1e8-7a49bbe66987', 'd8a55535-6da6-45e7-a100-1413c7c52f6d', false);
INSERT INTO art_ping.project_employee VALUES ('755f1eb2-a1b0-4551-a7ef-acbcb9fa5b58', '32386e22-ea78-45fa-b1e8-7a49bbe66987', '7d7b27db-3dd7-40f0-940e-40fd23583ae0', false);
INSERT INTO art_ping.project_employee VALUES ('577fddbf-ae13-496c-a4dc-dcbcd5482431', '32386e22-ea78-45fa-b1e8-7a49bbe66987', '2c89f475-cb7f-4ecc-a9b4-4c991f190f47', false);
INSERT INTO art_ping.project_employee VALUES ('1887529a-aa1c-45ce-b1e0-4d37d462f91f', '32386e22-ea78-45fa-b1e8-7a49bbe66987', '53614077-53a2-451e-9a55-acabc538a8ea', false);
INSERT INTO art_ping.project_employee VALUES ('088abf0d-dab0-4a93-b177-2e3ba3c4febf', '32386e22-ea78-45fa-b1e8-7a49bbe66987', 'f294e255-0c6e-4bee-8f10-afa1172d08f4', false);
INSERT INTO art_ping.project_employee VALUES ('aab71bfb-fcfa-4c6e-8d65-69251e640842', '32386e22-ea78-45fa-b1e8-7a49bbe66987', '4d22d09f-b030-4274-a1a1-6acb3969d0c7', false);
INSERT INTO art_ping.project VALUES ('dd43fce3-53ea-4fcc-b7e2-ca7108128be4', 'project107', true);
INSERT INTO art_ping.project_employee VALUES ('807afa60-39f2-45da-b932-5120e50d4a90', 'dd43fce3-53ea-4fcc-b7e2-ca7108128be4', 'c90c1514-118d-4c02-a022-cb8f65b703b8', false);
INSERT INTO art_ping.project_employee VALUES ('ff726117-9c59-4215-9cf9-087500b9ad3f', 'dd43fce3-53ea-4fcc-b7e2-ca7108128be4', 'b2710513-c31f-4bf0-bc4c-e0b5f89ed939', false);
INSERT INTO art_ping.project_employee VALUES ('8e6545e3-44a2-40e1-9b34-287bab6b1a87', 'dd43fce3-53ea-4fcc-b7e2-ca7108128be4', '3b97c970-cd85-45ef-aa21-ab7728252a64', false);
INSERT INTO art_ping.project_employee VALUES ('70b6aad3-03ef-41d6-866e-f4104bd38ac0', 'dd43fce3-53ea-4fcc-b7e2-ca7108128be4', '2bce4499-9f91-4b28-9e53-892559f60dbb', false);
INSERT INTO art_ping.project_employee VALUES ('4c95e6a6-94a8-4d85-b484-473a5ab85a49', 'dd43fce3-53ea-4fcc-b7e2-ca7108128be4', '02cc8562-7969-43ae-a855-896bda20f602', false);
INSERT INTO art_ping.project_employee VALUES ('98db50d1-d8f8-4651-aa23-ea4b82fcf426', 'dd43fce3-53ea-4fcc-b7e2-ca7108128be4', 'fb5df13e-3aa0-4da4-b802-e31db07680ec', false);
INSERT INTO art_ping.project_employee VALUES ('786dac1a-91fd-4799-ba8e-f0a605138550', 'dd43fce3-53ea-4fcc-b7e2-ca7108128be4', '017ad935-59c4-4d22-ab4b-27edc7a33b43', false);
INSERT INTO art_ping.project_employee VALUES ('71e259a4-5fe2-42b4-9517-da0bc3b48946', 'dd43fce3-53ea-4fcc-b7e2-ca7108128be4', '0fbe8cf2-d827-4419-9dd8-41685f088e9e', false);
INSERT INTO art_ping.project_employee VALUES ('3a988dea-930b-4e6e-a542-9aaa2adac103', 'dd43fce3-53ea-4fcc-b7e2-ca7108128be4', '0d79771d-9394-4c50-9646-19a665f1cb35', false);
INSERT INTO art_ping.project_employee VALUES ('f30f1c35-6a40-440c-a2d5-8f40162f741e', 'dd43fce3-53ea-4fcc-b7e2-ca7108128be4', '703df4e6-31a6-42bd-98c8-03f227671bd5', false);
INSERT INTO art_ping.project_employee VALUES ('e5060148-241d-40f2-96d7-5e1b35d91942', 'dd43fce3-53ea-4fcc-b7e2-ca7108128be4', '8b218105-ea4a-4d23-8af4-dd4ec4986545', false);
INSERT INTO art_ping.project_employee VALUES ('211b2015-d568-44b0-abcf-bea3581fdbe1', 'dd43fce3-53ea-4fcc-b7e2-ca7108128be4', '0a016578-3d13-455f-b13a-520c1d515805', false);
INSERT INTO art_ping.project_employee VALUES ('37449263-36f6-4ac2-90c9-0829d9202ce3', 'dd43fce3-53ea-4fcc-b7e2-ca7108128be4', '149d7ba5-7f25-4b0f-b6a6-1f051640184c', false);
INSERT INTO art_ping.project_employee VALUES ('f49c4b7b-c59c-43f1-94bc-cdf1fa61aa40', 'dd43fce3-53ea-4fcc-b7e2-ca7108128be4', '1bfc94a1-8dc7-4011-9a80-bd44335bb913', false);
INSERT INTO art_ping.project_employee VALUES ('dfdf18a4-11bf-4fe2-9f17-3e6b082cd2dc', 'dd43fce3-53ea-4fcc-b7e2-ca7108128be4', '1c9d7270-072b-466e-b5ed-7487d5fecb98', false);
INSERT INTO art_ping.project_employee VALUES ('2d36a547-36b5-4072-92dd-b55396aeeb35', 'dd43fce3-53ea-4fcc-b7e2-ca7108128be4', '8779a71a-5d0c-48e2-8428-3718440ca45e', false);
INSERT INTO art_ping.project_employee VALUES ('95ab081d-9bc9-4401-beef-866cafb118b4', 'dd43fce3-53ea-4fcc-b7e2-ca7108128be4', 'fead7538-4a8d-41e9-ab89-b924c4432a13', false);
INSERT INTO art_ping.project_employee VALUES ('77710835-a39c-46d4-b2d2-9ae18c627b30', 'dd43fce3-53ea-4fcc-b7e2-ca7108128be4', 'f8983a7a-fc5f-4ddc-aaa2-b5e75b472253', false);
INSERT INTO art_ping.project VALUES ('07bbb783-a36c-40a4-94f1-23d12d9d803e', 'project108', true);
INSERT INTO art_ping.project_employee VALUES ('9d507236-9ded-4861-97b5-db55f42c72be', '07bbb783-a36c-40a4-94f1-23d12d9d803e', '74cc180f-b211-4f22-92ac-3213eeccb369', false);
INSERT INTO art_ping.project_employee VALUES ('25033506-983a-41ee-be20-ee838c2cf177', '07bbb783-a36c-40a4-94f1-23d12d9d803e', '0012324d-6938-462e-86b1-b6e78d35d9e2', false);
INSERT INTO art_ping.project_employee VALUES ('5d43f003-6018-4eea-a2ed-9af183d6d6d4', '07bbb783-a36c-40a4-94f1-23d12d9d803e', 'abb7e688-bd8d-4aa6-9eed-5450de8bc222', false);
INSERT INTO art_ping.project_employee VALUES ('fe3e15a4-ad20-4d8a-88ee-2944c1e09f57', '07bbb783-a36c-40a4-94f1-23d12d9d803e', '6881a055-7ba2-4676-ba07-89c1890a3a00', false);
INSERT INTO art_ping.project_employee VALUES ('867c4561-b8e3-40eb-ad73-1ce892973a35', '07bbb783-a36c-40a4-94f1-23d12d9d803e', '5b8db2a7-25ee-42d2-bf6c-e7ae8b81945f', false);
INSERT INTO art_ping.project_employee VALUES ('e7505c92-4e2a-45df-803d-ed11c4d831e2', '07bbb783-a36c-40a4-94f1-23d12d9d803e', '8e2fa457-7a9d-4d54-b2db-9f397833c25b', false);
INSERT INTO art_ping.project_employee VALUES ('e858cf28-05f7-41e0-84ef-300b348dba5f', '07bbb783-a36c-40a4-94f1-23d12d9d803e', '9016fc64-56c6-4250-a83e-c7a780948e87', false);
INSERT INTO art_ping.project_employee VALUES ('e3e06599-665f-4773-acf3-bdea2865c672', '07bbb783-a36c-40a4-94f1-23d12d9d803e', '33a091cc-41fc-4e79-bca9-a365574a3d31', false);
INSERT INTO art_ping.project_employee VALUES ('96f7d91d-43f9-44d7-904b-6aed5303735d', '07bbb783-a36c-40a4-94f1-23d12d9d803e', '00636c47-fad1-42c8-8853-829ed78353d8', false);
INSERT INTO art_ping.project VALUES ('9a098a2c-c54b-4306-8460-8b5b806d66e2', 'project109', true);
INSERT INTO art_ping.project_employee VALUES ('67336ec6-db69-42e9-8762-79c90ee22063', '9a098a2c-c54b-4306-8460-8b5b806d66e2', 'fe3f9740-b04f-4506-8cc5-ca3eb38d4804', false);
INSERT INTO art_ping.project_employee VALUES ('d4206583-3629-4a9c-aa10-b304d2a57f51', '9a098a2c-c54b-4306-8460-8b5b806d66e2', 'e53df53d-5cdd-413e-8606-289626360a05', false);
INSERT INTO art_ping.project_employee VALUES ('fd9fb942-9145-4efb-b2cd-6d281113101f', '9a098a2c-c54b-4306-8460-8b5b806d66e2', '79cc4504-acfd-40a9-8343-0da714742ed1', false);
INSERT INTO art_ping.project_employee VALUES ('4e45e06c-f4dd-4ff9-b615-31940ae08555', '9a098a2c-c54b-4306-8460-8b5b806d66e2', 'cb313ea8-de1d-4276-b126-cac2dd2e005b', false);
INSERT INTO art_ping.project_employee VALUES ('28a916e0-912d-4b96-bf95-d7aab236732b', '9a098a2c-c54b-4306-8460-8b5b806d66e2', '695ced66-b71b-44b8-9cea-36e7bbb792af', false);
INSERT INTO art_ping.project_employee VALUES ('799263b2-c9ca-4d8e-94d9-045e5e85607e', '9a098a2c-c54b-4306-8460-8b5b806d66e2', '8b218105-ea4a-4d23-8af4-dd4ec4986545', false);
INSERT INTO art_ping.project VALUES ('26c33c52-7c4e-48ea-9dce-770c3af7b600', 'project110', true);
INSERT INTO art_ping.project_employee VALUES ('a3e89862-3968-4760-b4a7-e635b43c78d0', '26c33c52-7c4e-48ea-9dce-770c3af7b600', 'c015fe98-c89a-4f48-a784-fbc0111a03ea', false);
INSERT INTO art_ping.project_employee VALUES ('b4f45641-3a7d-41b7-8fcd-564398d7d151', '26c33c52-7c4e-48ea-9dce-770c3af7b600', '51155bd1-fd9e-42ea-a6be-f2365652b6a1', false);
INSERT INTO art_ping.project_employee VALUES ('f592bda7-2820-4599-a6b4-a90a26594651', '26c33c52-7c4e-48ea-9dce-770c3af7b600', '15b12267-a20e-437c-97b3-1b578dce50af', false);
INSERT INTO art_ping.project_employee VALUES ('cd1b5f2e-a0b2-45e4-90bf-f3137056b31e', '26c33c52-7c4e-48ea-9dce-770c3af7b600', '801e201f-8630-4b6a-ac3d-24cd64a44d85', false);
INSERT INTO art_ping.project_employee VALUES ('b4756908-78c5-49d4-905d-a0bc924e3d56', '26c33c52-7c4e-48ea-9dce-770c3af7b600', 'c180ae1b-fc61-4d49-990b-d7cb600e844a', false);
INSERT INTO art_ping.project_employee VALUES ('b3fa6b5c-c35d-4671-b9cb-de01986d9099', '26c33c52-7c4e-48ea-9dce-770c3af7b600', '2908a3a2-867c-40ca-999f-af8e27ea2cd2', false);
INSERT INTO art_ping.project_employee VALUES ('818e2dee-c3f4-45a6-8310-8d0ea004715c', '26c33c52-7c4e-48ea-9dce-770c3af7b600', '7c2edd62-d898-4ddd-bc8f-91ae0cf6054d', false);
INSERT INTO art_ping.project_employee VALUES ('613aab6d-cf26-4d49-b573-22fbcf042467', '26c33c52-7c4e-48ea-9dce-770c3af7b600', '5651389c-fe71-4121-9b36-1d228b3f0ca7', false);
INSERT INTO art_ping.project_employee VALUES ('254c2141-5520-4edd-b5d7-114319aff1af', '26c33c52-7c4e-48ea-9dce-770c3af7b600', '2f4d0c07-8885-4053-bb24-5dde69432d8d', false);
INSERT INTO art_ping.project_employee VALUES ('0e8c3747-595d-44cf-a9dc-19367ebeb152', '26c33c52-7c4e-48ea-9dce-770c3af7b600', '6cf0f201-a643-4c41-9bb6-297b8c1f18b0', false);
INSERT INTO art_ping.project_employee VALUES ('af1dd723-b8dc-4f71-af9a-cc2a09c21e44', '26c33c52-7c4e-48ea-9dce-770c3af7b600', 'b461a3ce-c839-42b2-8f14-96886d8f4f09', false);
INSERT INTO art_ping.project_employee VALUES ('fb2c10d7-840c-44b0-aa80-a82b9f74ecc5', '26c33c52-7c4e-48ea-9dce-770c3af7b600', 'e6b66764-9b4c-453a-b94a-ded325a61809', false);
INSERT INTO art_ping.project_employee VALUES ('b873bf5a-66cb-4f6f-91e2-dcb496310dcb', '26c33c52-7c4e-48ea-9dce-770c3af7b600', '53614077-53a2-451e-9a55-acabc538a8ea', false);
INSERT INTO art_ping.project_employee VALUES ('936c96e5-7407-41a9-9106-34e2e6c45cd1', '26c33c52-7c4e-48ea-9dce-770c3af7b600', '8779a71a-5d0c-48e2-8428-3718440ca45e', false);
INSERT INTO art_ping.project_employee VALUES ('cc13f894-13e9-41a7-85d7-84f2c7ab5970', '26c33c52-7c4e-48ea-9dce-770c3af7b600', '5ee9532f-300a-475a-b3f2-ec459eb14e9b', false);
INSERT INTO art_ping.project_employee VALUES ('ce88dbe6-d8b0-4c72-ad7a-e41f923a41e7', '26c33c52-7c4e-48ea-9dce-770c3af7b600', '56516503-f170-4f1b-8b04-7f4936684e8b', false);
INSERT INTO art_ping.project_employee VALUES ('c35de550-71b2-41ab-923c-fbb514bed3be', '26c33c52-7c4e-48ea-9dce-770c3af7b600', '71825d81-7080-4395-85db-0677974028fb', false);
INSERT INTO art_ping.project_employee VALUES ('970023cc-a9c3-46b7-b7b4-69a36f9696eb', '26c33c52-7c4e-48ea-9dce-770c3af7b600', '8e8bcccb-9ba6-4207-8c01-85599e7b5290', false);
INSERT INTO art_ping.project_employee VALUES ('47190a52-32d1-42ab-b4bb-42698646d70b', '26c33c52-7c4e-48ea-9dce-770c3af7b600', 'dddddd51-a076-494c-bed6-854476f58359', false);
INSERT INTO art_ping.project VALUES ('c12132a9-9861-4a7a-8003-df12cd362261', 'project111', true);
INSERT INTO art_ping.project_employee VALUES ('af3bd80e-099d-4423-b21d-05c4fd0cbd23', 'c12132a9-9861-4a7a-8003-df12cd362261', '20c28b24-697e-4cfb-ac1e-6f1b2d2de3de', false);
INSERT INTO art_ping.project_employee VALUES ('8a8bf119-4f7b-4297-81bc-478f3abc3961', 'c12132a9-9861-4a7a-8003-df12cd362261', '472da417-bf5d-4905-b707-73744c3e44eb', false);
INSERT INTO art_ping.project_employee VALUES ('44a16b5f-584f-451b-b452-8ea51e4a31a1', 'c12132a9-9861-4a7a-8003-df12cd362261', '7996b9e7-2d2b-40c1-832f-62eb11b14899', false);
INSERT INTO art_ping.project_employee VALUES ('bc9dfdd4-016a-4fd4-b3f1-8e7a6dab300c', 'c12132a9-9861-4a7a-8003-df12cd362261', '50fdbdbe-cd9f-43c4-a5d6-5739de4e047a', false);
INSERT INTO art_ping.project VALUES ('58153463-10f8-4498-a8a3-ab7749ac6780', 'project112', true);
INSERT INTO art_ping.project_employee VALUES ('57dec8f9-1659-4ab1-b11e-a9358a56b750', '58153463-10f8-4498-a8a3-ab7749ac6780', '6363bc74-87d5-43d3-8a9b-75351223cb96', false);
INSERT INTO art_ping.project_employee VALUES ('27ff419d-19dd-4d98-910d-2791011677e4', '58153463-10f8-4498-a8a3-ab7749ac6780', '84ab89ab-1097-4316-8aee-fbc91c705cf4', false);
INSERT INTO art_ping.project_employee VALUES ('f0141b1e-9477-4f9b-86f9-3f9078ad5069', '58153463-10f8-4498-a8a3-ab7749ac6780', '95fdbcff-3bcd-432c-b94c-1253010246fb', false);
INSERT INTO art_ping.project_employee VALUES ('58bf13e7-872c-43ff-a305-22500a072ede', '58153463-10f8-4498-a8a3-ab7749ac6780', '4525153b-7d9b-4dc3-b4cf-6ffc64f39c28', false);
INSERT INTO art_ping.project VALUES ('5f005ff7-716c-431a-9d80-466c2ad0b238', 'project113', true);
INSERT INTO art_ping.project_employee VALUES ('4163e55f-12f2-432f-9c15-fe848f7f01c6', '5f005ff7-716c-431a-9d80-466c2ad0b238', '6363bc74-87d5-43d3-8a9b-75351223cb96', false);
INSERT INTO art_ping.project_employee VALUES ('ded645b8-2e92-4003-bfb8-96554b1bcbe1', '5f005ff7-716c-431a-9d80-466c2ad0b238', '35e9c910-a703-4e55-868a-6349b2932c2e', false);
INSERT INTO art_ping.project_employee VALUES ('b4607dc5-34e6-4565-8528-5f14a8e715cd', '5f005ff7-716c-431a-9d80-466c2ad0b238', '51155bd1-fd9e-42ea-a6be-f2365652b6a1', false);
INSERT INTO art_ping.project_employee VALUES ('eca6360d-6056-456d-84fc-249278693632', '5f005ff7-716c-431a-9d80-466c2ad0b238', '6949b072-5157-4d9c-8bfa-ac1ad6e0a3c2', false);
INSERT INTO art_ping.project_employee VALUES ('da52229d-619f-460f-b223-8758c37e6d53', '5f005ff7-716c-431a-9d80-466c2ad0b238', '5b8db2a7-25ee-42d2-bf6c-e7ae8b81945f', false);
INSERT INTO art_ping.project_employee VALUES ('c04dab14-5cc6-4ad0-8002-a5c38cfa8047', '5f005ff7-716c-431a-9d80-466c2ad0b238', '5fff669d-f260-46f6-988f-5f03f8b8a045', false);
INSERT INTO art_ping.project_employee VALUES ('3830ed3a-88c2-4e37-a1fc-0ac09f1649df', '5f005ff7-716c-431a-9d80-466c2ad0b238', '5ea6a810-7e9f-40d8-aa64-88aadd392bd6', false);
INSERT INTO art_ping.project_employee VALUES ('ff81f36e-754e-4733-b715-bc0b1402cc24', '5f005ff7-716c-431a-9d80-466c2ad0b238', '703df4e6-31a6-42bd-98c8-03f227671bd5', false);
INSERT INTO art_ping.project_employee VALUES ('7a998a96-8760-4dac-bba0-406c6883be4a', '5f005ff7-716c-431a-9d80-466c2ad0b238', '41cfd1b0-cc08-4dce-a5be-82b58b374970', false);
INSERT INTO art_ping.project VALUES ('c9bcad30-e09c-4390-9231-eb41ed2d136f', 'project114', true);
INSERT INTO art_ping.project_employee VALUES ('e35adb88-94e7-4e24-b38c-773c0bc678a7', 'c9bcad30-e09c-4390-9231-eb41ed2d136f', '78d6445f-7299-4012-9a65-a5799a0fe2fb', false);
INSERT INTO art_ping.project_employee VALUES ('774cc788-aefd-45de-bfbe-8be0918e90dd', 'c9bcad30-e09c-4390-9231-eb41ed2d136f', '135dff97-b4e1-466b-a9d4-d4453590aa84', false);
INSERT INTO art_ping.project_employee VALUES ('7563d8a8-a22f-4fc3-a428-ab4f5ef0be22', 'c9bcad30-e09c-4390-9231-eb41ed2d136f', 'd46d9c33-a620-4c1b-8e28-4d347c1dc84e', false);
INSERT INTO art_ping.project_employee VALUES ('4acda7b0-95cc-46a2-801c-ee0ff2d441f8', 'c9bcad30-e09c-4390-9231-eb41ed2d136f', 'b729d9e5-33eb-4dbf-ac6a-809af5fcbd2d', false);
INSERT INTO art_ping.project_employee VALUES ('f459b937-6917-490c-9350-494dc84c3cf2', 'c9bcad30-e09c-4390-9231-eb41ed2d136f', '5956d2ed-5ef1-4583-85a6-e096b3eabbe7', false);
INSERT INTO art_ping.project_employee VALUES ('49a4d611-0ad4-475e-ab36-073435ea3988', 'c9bcad30-e09c-4390-9231-eb41ed2d136f', '3dd12a35-b0bc-4712-9820-1867ff4b7b56', false);
INSERT INTO art_ping.project_employee VALUES ('9a8707de-a117-40ee-9d8e-1f641b83e647', 'c9bcad30-e09c-4390-9231-eb41ed2d136f', 'c46f7ec4-99b2-4db6-8f0e-7dd16fb40b62', false);
INSERT INTO art_ping.project_employee VALUES ('4f51ae9c-84ef-46b0-9feb-98c555721240', 'c9bcad30-e09c-4390-9231-eb41ed2d136f', '2dbf058b-4c77-43c6-9a8e-d178fdcae437', false);
INSERT INTO art_ping.project_employee VALUES ('5f6c4722-0b4a-4dd7-ae2e-2b73665971b6', 'c9bcad30-e09c-4390-9231-eb41ed2d136f', '35e9c910-a703-4e55-868a-6349b2932c2e', false);
INSERT INTO art_ping.project_employee VALUES ('beec7724-f541-4afb-9119-f7ff9d79fd13', 'c9bcad30-e09c-4390-9231-eb41ed2d136f', '36e2d929-919b-43c3-a4cc-d28911382b29', false);
INSERT INTO art_ping.project_employee VALUES ('89bff68e-c47b-4db4-b038-32d960d136fe', 'c9bcad30-e09c-4390-9231-eb41ed2d136f', '4467c931-7c5b-4458-b5e8-ae6c4a45b2e2', false);
INSERT INTO art_ping.project_employee VALUES ('e441bfb8-f940-4840-a63c-82c4679db7f5', 'c9bcad30-e09c-4390-9231-eb41ed2d136f', '7f7f02df-4264-4040-ba9b-b0dff5f3b822', false);
INSERT INTO art_ping.project_employee VALUES ('47d94f92-0f9d-44a8-a11f-574f2d741731', 'c9bcad30-e09c-4390-9231-eb41ed2d136f', '3a59ad8e-4d52-442e-a860-dc5cd2d2d9cb', false);
INSERT INTO art_ping.project_employee VALUES ('90cad1e9-9e44-4760-9ab2-367138e87e7c', 'c9bcad30-e09c-4390-9231-eb41ed2d136f', 'a30139ef-6739-445e-90e1-38cad8d50293', false);
INSERT INTO art_ping.project_employee VALUES ('72ceb038-0250-41bd-9890-6b489fb9d79d', 'c9bcad30-e09c-4390-9231-eb41ed2d136f', '11777966-a5da-419b-a222-1697e06d1a75', false);
INSERT INTO art_ping.project VALUES ('8ffe636f-26b4-416a-9e67-8fbebf12b499', 'project115', true);
INSERT INTO art_ping.project_employee VALUES ('a05ca1a1-01a0-449f-9a41-0fdc3708942f', '8ffe636f-26b4-416a-9e67-8fbebf12b499', '135dff97-b4e1-466b-a9d4-d4453590aa84', false);
INSERT INTO art_ping.project_employee VALUES ('bcc6d772-500d-43aa-b0be-b90ac5aaadae', '8ffe636f-26b4-416a-9e67-8fbebf12b499', '0ad2eacd-3cc2-46ad-8308-f3e90ca9ecc8', false);
INSERT INTO art_ping.project_employee VALUES ('bbc8e737-6ea6-408f-95eb-25af76f701ad', '8ffe636f-26b4-416a-9e67-8fbebf12b499', 'ff6cd514-030b-4dce-9bb8-c6027800b66a', false);
INSERT INTO art_ping.project_employee VALUES ('e83123d6-96e9-42f2-aaeb-40fd7eec997d', '8ffe636f-26b4-416a-9e67-8fbebf12b499', 'ee440af7-8f43-4607-96af-7d2552158e42', false);
INSERT INTO art_ping.project_employee VALUES ('2970f11e-2417-49e3-94e3-9cc54e08c626', '8ffe636f-26b4-416a-9e67-8fbebf12b499', 'dcb84d47-8c0a-475e-a903-a7ea3331b111', false);
INSERT INTO art_ping.project_employee VALUES ('05969e0f-30d5-4191-a699-49671d0de137', '8ffe636f-26b4-416a-9e67-8fbebf12b499', '705eacd0-2b9b-471b-af28-f7aebaa5c8d9', false);
INSERT INTO art_ping.project_employee VALUES ('23cf3317-90ef-4f63-80b0-2cffa18761ee', '8ffe636f-26b4-416a-9e67-8fbebf12b499', 'e1093ad9-2342-4019-9ed6-9fd6e15c210f', false);
INSERT INTO art_ping.project_employee VALUES ('a04f240e-d2af-4574-a121-981766069711', '8ffe636f-26b4-416a-9e67-8fbebf12b499', 'b461a3ce-c839-42b2-8f14-96886d8f4f09', false);
INSERT INTO art_ping.project_employee VALUES ('14f14b91-97e8-40eb-937d-f38c04c8121a', '8ffe636f-26b4-416a-9e67-8fbebf12b499', 'e6b66764-9b4c-453a-b94a-ded325a61809', false);
INSERT INTO art_ping.project_employee VALUES ('fffc486d-e620-4a2f-b70b-01ddb5f317d5', '8ffe636f-26b4-416a-9e67-8fbebf12b499', '464ae57e-8993-4cf7-87b6-fc41331b5de0', false);
INSERT INTO art_ping.project_employee VALUES ('cded9c35-00b1-45fc-be14-a33e69d32bd5', '8ffe636f-26b4-416a-9e67-8fbebf12b499', 'dcd7d596-0014-4d32-b3fb-d41fe32db9b0', false);
INSERT INTO art_ping.project_employee VALUES ('5dc8bf4e-229c-4435-8a7c-3f7be71f5e53', '8ffe636f-26b4-416a-9e67-8fbebf12b499', '4136b392-dfaf-42a2-a803-bb148c5d738e', false);
INSERT INTO art_ping.project_employee VALUES ('409f5513-6a4a-4e8e-8ae6-928e41f0f05f', '8ffe636f-26b4-416a-9e67-8fbebf12b499', 'e26704e1-f069-4968-84e7-91b6277fd221', false);
INSERT INTO art_ping.project_employee VALUES ('035f5240-a876-4940-8a97-365e1a1fd5b4', '8ffe636f-26b4-416a-9e67-8fbebf12b499', '4d22d09f-b030-4274-a1a1-6acb3969d0c7', false);
INSERT INTO art_ping.project VALUES ('e85a3e67-05c8-4dd0-9bb3-4bf811f2f6bf', 'project116', true);
INSERT INTO art_ping.project_employee VALUES ('1adb4507-9ac5-4d9e-8217-616fe875ae86', 'e85a3e67-05c8-4dd0-9bb3-4bf811f2f6bf', 'a66493be-8679-4abc-83ff-3499b8b18a5a', false);
INSERT INTO art_ping.project_employee VALUES ('85c7ab2d-2b6c-46da-ae4b-3e47267e271f', 'e85a3e67-05c8-4dd0-9bb3-4bf811f2f6bf', 'edbec007-0b9d-47ee-9cb6-a8e2893e3f40', false);
INSERT INTO art_ping.project_employee VALUES ('fc3f1077-639e-4001-862d-4617a302e053', 'e85a3e67-05c8-4dd0-9bb3-4bf811f2f6bf', '52eccd6b-45bf-46b2-9aa9-34d83fb0331b', false);
INSERT INTO art_ping.project_employee VALUES ('9fd649b3-1d7c-4c7d-83f3-dc3d8370ba19', 'e85a3e67-05c8-4dd0-9bb3-4bf811f2f6bf', 'd46d9c33-a620-4c1b-8e28-4d347c1dc84e', false);
INSERT INTO art_ping.project_employee VALUES ('a976341e-ad6e-4112-aa46-1460e96afb30', 'e85a3e67-05c8-4dd0-9bb3-4bf811f2f6bf', 'e5972d1b-7230-42db-9aa1-680c6576421a', false);
INSERT INTO art_ping.project_employee VALUES ('67259a50-e7a5-4d0a-b830-7e960ebf99de', 'e85a3e67-05c8-4dd0-9bb3-4bf811f2f6bf', '8f60ac08-a513-4329-b2b2-db18aed20066', false);
INSERT INTO art_ping.project_employee VALUES ('bfe3df8a-51b2-4f6c-9a3e-c9673b18adb5', 'e85a3e67-05c8-4dd0-9bb3-4bf811f2f6bf', '6beb736f-c2f9-4b54-a9e5-de76dab5e416', false);
INSERT INTO art_ping.project_employee VALUES ('8f66d3fe-c01d-4155-a50a-ff9191d6b575', 'e85a3e67-05c8-4dd0-9bb3-4bf811f2f6bf', '2dbf058b-4c77-43c6-9a8e-d178fdcae437', false);
INSERT INTO art_ping.project_employee VALUES ('ea484c43-cf60-4b03-b275-e96d20603a83', 'e85a3e67-05c8-4dd0-9bb3-4bf811f2f6bf', '35e9c910-a703-4e55-868a-6349b2932c2e', false);
INSERT INTO art_ping.project_employee VALUES ('1698bd9d-a8f4-40cc-94cd-734e99001f37', 'e85a3e67-05c8-4dd0-9bb3-4bf811f2f6bf', '9cd3b747-99f4-4d7d-b20e-5bf11f1fdc2f', false);
INSERT INTO art_ping.project_employee VALUES ('142bbd0d-03e9-4da6-8f9e-6784967580e1', 'e85a3e67-05c8-4dd0-9bb3-4bf811f2f6bf', '07aa3b36-5dbe-4e2d-bd9c-2c10de4fe31c', false);
INSERT INTO art_ping.project_employee VALUES ('f45ea9a1-ff8e-485d-88f7-545e5ca8e930', 'e85a3e67-05c8-4dd0-9bb3-4bf811f2f6bf', '0a016578-3d13-455f-b13a-520c1d515805', false);
INSERT INTO art_ping.project_employee VALUES ('9a70f855-c1f5-49b2-9848-c413b99486dc', 'e85a3e67-05c8-4dd0-9bb3-4bf811f2f6bf', 'ee18821c-2fac-45b7-93ce-d2c6f213b7a2', false);
INSERT INTO art_ping.project_employee VALUES ('ff5a7ccf-492d-4918-a228-3199805e2079', 'e85a3e67-05c8-4dd0-9bb3-4bf811f2f6bf', 'b461a3ce-c839-42b2-8f14-96886d8f4f09', false);
INSERT INTO art_ping.project_employee VALUES ('1ab1dc7e-4b68-4f91-9b9f-6ef91162fa3f', 'e85a3e67-05c8-4dd0-9bb3-4bf811f2f6bf', 'e53df53d-5cdd-413e-8606-289626360a05', false);
INSERT INTO art_ping.project_employee VALUES ('ab514903-1c9a-4590-a451-298eb97eccd5', 'e85a3e67-05c8-4dd0-9bb3-4bf811f2f6bf', 'db6cfd2c-6c25-4e9a-83aa-cd8ae2f47e5b', false);
INSERT INTO art_ping.project_employee VALUES ('affa7b7f-fa99-4d4b-b23f-71a16dbb2746', 'e85a3e67-05c8-4dd0-9bb3-4bf811f2f6bf', '8c778e78-17dd-47ff-81d9-8c550d9e7cb3', false);
INSERT INTO art_ping.project_employee VALUES ('6cd978b7-70b3-4c39-b0e9-d5cb78eba10f', 'e85a3e67-05c8-4dd0-9bb3-4bf811f2f6bf', '180ec0b3-23d5-47d0-966b-09f5f5dbb6af', false);
INSERT INTO art_ping.project VALUES ('5f64e784-6621-47bb-8bbb-17d0a731b03e', 'project117', true);
INSERT INTO art_ping.project_employee VALUES ('877ff251-6bd3-4432-b531-3b9a3b8549c0', '5f64e784-6621-47bb-8bbb-17d0a731b03e', 'b2cb052c-5cd3-47c7-ad21-1f72c33135c8', false);
INSERT INTO art_ping.project_employee VALUES ('08c113a9-fcbb-4d7b-a997-39340451c26c', '5f64e784-6621-47bb-8bbb-17d0a731b03e', 'edbec007-0b9d-47ee-9cb6-a8e2893e3f40', false);
INSERT INTO art_ping.project_employee VALUES ('4dbbe18f-8550-4077-aa89-73203afa972c', '5f64e784-6621-47bb-8bbb-17d0a731b03e', '8d4a039e-f3dd-40e4-9fc2-67e88735598f', false);
INSERT INTO art_ping.project_employee VALUES ('9015b16f-fe91-46e2-8ae3-e7ae1eb21441', '5f64e784-6621-47bb-8bbb-17d0a731b03e', '7996b9e7-2d2b-40c1-832f-62eb11b14899', false);
INSERT INTO art_ping.project_employee VALUES ('6fab8ec7-db4a-4dfa-a46a-d4c067ab63e6', '5f64e784-6621-47bb-8bbb-17d0a731b03e', '8e2fa457-7a9d-4d54-b2db-9f397833c25b', false);
INSERT INTO art_ping.project_employee VALUES ('f0d707b0-53b2-4bc9-9ae2-59c10f9de3b9', '5f64e784-6621-47bb-8bbb-17d0a731b03e', '56516503-f170-4f1b-8b04-7f4936684e8b', false);
INSERT INTO art_ping.project_employee VALUES ('c9a3d35f-b3a6-4798-ae02-9d4eb1e7b836', '5f64e784-6621-47bb-8bbb-17d0a731b03e', 'ac3c940c-231c-4f2d-a74c-7503bb1887c6', false);
INSERT INTO art_ping.project VALUES ('c16df1ee-4213-404c-8b48-98d7ad186a82', 'project118', true);
INSERT INTO art_ping.project_employee VALUES ('eaf7d2fd-4c4a-4ae4-b3cb-4ec810429fe6', 'c16df1ee-4213-404c-8b48-98d7ad186a82', 'edbec007-0b9d-47ee-9cb6-a8e2893e3f40', false);
INSERT INTO art_ping.project_employee VALUES ('14a61cc6-7e16-4e09-badb-8f0d2c3d1103', 'c16df1ee-4213-404c-8b48-98d7ad186a82', 'b2710513-c31f-4bf0-bc4c-e0b5f89ed939', false);
INSERT INTO art_ping.project_employee VALUES ('34bd9b0a-023a-4c7f-96b3-938c0f2ad210', 'c16df1ee-4213-404c-8b48-98d7ad186a82', 'cea1074e-12e6-4fe6-b872-88c56302025d', false);
INSERT INTO art_ping.project_employee VALUES ('f373cc68-064f-45ac-9686-294fb0e10d32', 'c16df1ee-4213-404c-8b48-98d7ad186a82', '565e4cb8-57d7-4db8-b895-c675568040f6', false);
INSERT INTO art_ping.project_employee VALUES ('532599f1-f403-407f-8960-513b3bbf791f', 'c16df1ee-4213-404c-8b48-98d7ad186a82', 'f91e4bda-8d4b-4d47-9499-1a228005438e', false);
INSERT INTO art_ping.project_employee VALUES ('1375a83e-15e7-428a-886c-2a62626ffb26', 'c16df1ee-4213-404c-8b48-98d7ad186a82', '2bce4499-9f91-4b28-9e53-892559f60dbb', false);
INSERT INTO art_ping.project_employee VALUES ('8b793526-9f68-4658-94a5-dfb4410d3ed6', 'c16df1ee-4213-404c-8b48-98d7ad186a82', '40decd60-151e-4ad7-8a75-44a1f4483905', false);
INSERT INTO art_ping.project_employee VALUES ('34e5870f-eb4a-40a6-b7a5-c2d23662e351', 'c16df1ee-4213-404c-8b48-98d7ad186a82', '5651389c-fe71-4121-9b36-1d228b3f0ca7', false);
INSERT INTO art_ping.project_employee VALUES ('0d42062c-7097-405f-817d-42e1bb129ec5', 'c16df1ee-4213-404c-8b48-98d7ad186a82', '6082c2d2-fa22-4c0b-b577-44c65009575c', false);
INSERT INTO art_ping.project_employee VALUES ('9e44d29d-533c-4581-af4e-307869eee1e6', 'c16df1ee-4213-404c-8b48-98d7ad186a82', '71e411a1-8cd4-4fcd-af2d-9b05916f7b15', false);
INSERT INTO art_ping.project_employee VALUES ('e39c0785-7134-41aa-ba13-486c285defd5', 'c16df1ee-4213-404c-8b48-98d7ad186a82', '35b57b32-3cd9-487f-9e75-f32ee5ea10fd', false);
INSERT INTO art_ping.project_employee VALUES ('1d69b760-f1a7-461f-9b23-a216ca1a0858', 'c16df1ee-4213-404c-8b48-98d7ad186a82', '4b1bba58-6eb5-49c7-a863-fa902dcac55c', false);
INSERT INTO art_ping.project_employee VALUES ('cb534e2c-4901-41c3-a03d-44eafb5abcad', 'c16df1ee-4213-404c-8b48-98d7ad186a82', '97d4e815-ae13-4d16-89ee-a41a068c08f5', false);
INSERT INTO art_ping.project_employee VALUES ('ee033972-381c-48ea-8f24-a2394eff2f93', 'c16df1ee-4213-404c-8b48-98d7ad186a82', '2c89f475-cb7f-4ecc-a9b4-4c991f190f47', false);
INSERT INTO art_ping.project_employee VALUES ('99b64c71-dab1-4002-b427-504c95868f82', 'c16df1ee-4213-404c-8b48-98d7ad186a82', 'fead7538-4a8d-41e9-ab89-b924c4432a13', false);
INSERT INTO art_ping.project VALUES ('6b0f7618-6e42-415f-b7b0-084d61e89e3a', 'project119', true);
INSERT INTO art_ping.project_employee VALUES ('dfbe87d5-c94e-4fc0-b2a3-14ae6b991a51', '6b0f7618-6e42-415f-b7b0-084d61e89e3a', '472da417-bf5d-4905-b707-73744c3e44eb', false);
INSERT INTO art_ping.project_employee VALUES ('97d7f99e-8eb7-4be9-9d60-ed0718beb469', '6b0f7618-6e42-415f-b7b0-084d61e89e3a', 'cb53f907-5eb3-469c-9923-27ce1f5e789c', false);
INSERT INTO art_ping.project_employee VALUES ('68b2e9a3-d3d3-4b5d-accc-a544607b2a0c', '6b0f7618-6e42-415f-b7b0-084d61e89e3a', '19d1efb8-ee88-4363-959d-03669db4d466', false);
INSERT INTO art_ping.project_employee VALUES ('50c10ab2-50f9-43ae-a464-9223154d7a54', '6b0f7618-6e42-415f-b7b0-084d61e89e3a', '543f7bf5-07f6-463b-a2b3-57a909fabb86', false);
INSERT INTO art_ping.project_employee VALUES ('b91b69ac-0143-4f57-bc8d-5b3d2fa4a5bb', '6b0f7618-6e42-415f-b7b0-084d61e89e3a', '0ad2eacd-3cc2-46ad-8308-f3e90ca9ecc8', false);
INSERT INTO art_ping.project_employee VALUES ('0c4e84eb-959f-40d4-8c6c-bd6c3ff783f7', '6b0f7618-6e42-415f-b7b0-084d61e89e3a', '2867255e-1e35-4f77-9ac8-5867f9ae15df', false);
INSERT INTO art_ping.project_employee VALUES ('a7a0771c-ef27-47c4-b251-ba49203ae7b2', '6b0f7618-6e42-415f-b7b0-084d61e89e3a', '448cde14-417e-4a81-811b-97f60537e967', false);
INSERT INTO art_ping.project_employee VALUES ('4a382c0c-aadd-4a27-86f8-7e8b712bdcda', '6b0f7618-6e42-415f-b7b0-084d61e89e3a', '8779a71a-5d0c-48e2-8428-3718440ca45e', false);
INSERT INTO art_ping.project_employee VALUES ('0482ba17-3b7f-4ed7-96f1-e1b3f6a3a423', '6b0f7618-6e42-415f-b7b0-084d61e89e3a', '6cf2506e-1085-420b-9252-851e9917bd80', false);
INSERT INTO art_ping.project_employee VALUES ('b98a331c-bec6-41e1-9b5d-d29af400b5b2', '6b0f7618-6e42-415f-b7b0-084d61e89e3a', '2908a3a2-867c-40ca-999f-af8e27ea2cd2', false);
INSERT INTO art_ping.project_employee VALUES ('caa890b6-ed8b-4eda-8c7e-4006a8553dbb', '6b0f7618-6e42-415f-b7b0-084d61e89e3a', 'e26704e1-f069-4968-84e7-91b6277fd221', false);
INSERT INTO art_ping.project_employee VALUES ('5e42c05d-8da5-4733-a446-3f25dab41241', '6b0f7618-6e42-415f-b7b0-084d61e89e3a', '2dbf058b-4c77-43c6-9a8e-d178fdcae437', false);
INSERT INTO art_ping.project VALUES ('e7b492b2-2818-4bd1-bf30-74390f78c663', 'project120', true);
INSERT INTO art_ping.project_employee VALUES ('82b9f125-c719-489b-b089-a602098f4dd9', 'e7b492b2-2818-4bd1-bf30-74390f78c663', '903a3ea2-a47f-4f02-ae1f-8a36f2bcc94d', false);
INSERT INTO art_ping.project_employee VALUES ('072da090-9fed-46ed-8137-d144f88bc726', 'e7b492b2-2818-4bd1-bf30-74390f78c663', '03bd88d1-01fd-4196-9869-a66e3c7f5d50', false);
INSERT INTO art_ping.project_employee VALUES ('6a8f7a53-fe3c-494c-9fcf-dffe82ccd97b', 'e7b492b2-2818-4bd1-bf30-74390f78c663', '1b31f41e-8764-42e1-a0a1-5ae42459ad76', false);
INSERT INTO art_ping.project_employee VALUES ('f62da62f-47e3-45f7-a2cd-feb32652e067', 'e7b492b2-2818-4bd1-bf30-74390f78c663', '40decd60-151e-4ad7-8a75-44a1f4483905', false);
INSERT INTO art_ping.project_employee VALUES ('77d895d6-bf3e-4cb5-a2a3-f2fa561ed7f3', 'e7b492b2-2818-4bd1-bf30-74390f78c663', '8b218105-ea4a-4d23-8af4-dd4ec4986545', false);
INSERT INTO art_ping.project VALUES ('f0df83fe-9fc6-430c-a81d-7bbb43948140', 'project121', true);
INSERT INTO art_ping.project_employee VALUES ('c834620d-5468-4008-9ef2-fb79a9124779', 'f0df83fe-9fc6-430c-a81d-7bbb43948140', '6cd5df54-a26a-4566-b9ab-526fa2734844', false);
INSERT INTO art_ping.project_employee VALUES ('e635083d-3444-481c-a26b-99d2311e1498', 'f0df83fe-9fc6-430c-a81d-7bbb43948140', 'b2710513-c31f-4bf0-bc4c-e0b5f89ed939', false);
INSERT INTO art_ping.project_employee VALUES ('cc05f791-ee0f-4cb6-b936-6eec624ff27b', 'f0df83fe-9fc6-430c-a81d-7bbb43948140', '35b57b32-3cd9-487f-9e75-f32ee5ea10fd', false);
INSERT INTO art_ping.project_employee VALUES ('3e2ed61a-5142-443d-9a0b-4ede4ceceb32', 'f0df83fe-9fc6-430c-a81d-7bbb43948140', '7c2edd62-d898-4ddd-bc8f-91ae0cf6054d', false);
INSERT INTO art_ping.project VALUES ('8f4ae31a-389a-4ed5-9c21-3b99be5f7a0f', 'project122', true);
INSERT INTO art_ping.project_employee VALUES ('41f854c5-7a40-4141-9ea0-882ab86e5b52', '8f4ae31a-389a-4ed5-9c21-3b99be5f7a0f', '1bfc94a1-8dc7-4011-9a80-bd44335bb913', false);
INSERT INTO art_ping.project_employee VALUES ('22efa1cb-4941-413a-a513-3cb957651df5', '8f4ae31a-389a-4ed5-9c21-3b99be5f7a0f', '0f919dc6-1f1c-4e66-b4c1-31bbe6ae25d3', false);
INSERT INTO art_ping.project_employee VALUES ('25e87e09-58df-4e7e-b0c2-b4c92aab4062', '8f4ae31a-389a-4ed5-9c21-3b99be5f7a0f', '50fdbdbe-cd9f-43c4-a5d6-5739de4e047a', false);
INSERT INTO art_ping.project_employee VALUES ('f2e3d2dd-a566-4c36-ba71-cc479ae93833', '8f4ae31a-389a-4ed5-9c21-3b99be5f7a0f', '82f36dff-c692-447e-8e33-535e5813245f', false);
INSERT INTO art_ping.project_employee VALUES ('222f152d-34ff-40ab-a0ca-9863df265dc0', '8f4ae31a-389a-4ed5-9c21-3b99be5f7a0f', 'e2dc7495-ec2d-459d-9620-15275e99377f', false);
INSERT INTO art_ping.project_employee VALUES ('89f59d53-648c-4ca1-a995-02d9b6359a0a', '8f4ae31a-389a-4ed5-9c21-3b99be5f7a0f', '9a679ffe-ccaa-4bcf-b290-839628b4596e', false);
INSERT INTO art_ping.project VALUES ('9dfe894a-97ec-40a1-b776-b4b646261fa1', 'project123', true);
INSERT INTO art_ping.project_employee VALUES ('5c366d46-d999-4bfc-a786-4540d6224c8c', '9dfe894a-97ec-40a1-b776-b4b646261fa1', '20ea6750-716b-43fa-8414-d17288ad211e', false);
INSERT INTO art_ping.project_employee VALUES ('c1b68504-06f5-4645-80cb-f7b342aa7e1e', '9dfe894a-97ec-40a1-b776-b4b646261fa1', 'd8a55535-6da6-45e7-a100-1413c7c52f6d', false);
INSERT INTO art_ping.project_employee VALUES ('a847550a-6d02-4e3c-a7c1-6c5e0af96f96', '9dfe894a-97ec-40a1-b776-b4b646261fa1', '02cc8562-7969-43ae-a855-896bda20f602', false);
INSERT INTO art_ping.project_employee VALUES ('63554326-7796-4f40-ac87-a5a21e9fc148', '9dfe894a-97ec-40a1-b776-b4b646261fa1', '8f548657-24aa-491e-b516-1d75024c24c4', false);
INSERT INTO art_ping.project_employee VALUES ('9e53bd3d-d5fc-48bd-96a8-be25af392324', '9dfe894a-97ec-40a1-b776-b4b646261fa1', 'db6cfd2c-6c25-4e9a-83aa-cd8ae2f47e5b', false);
INSERT INTO art_ping.project_employee VALUES ('7b7606a6-9078-4935-8c84-e4fda26c3390', '9dfe894a-97ec-40a1-b776-b4b646261fa1', 'b729d9e5-33eb-4dbf-ac6a-809af5fcbd2d', false);
INSERT INTO art_ping.project_employee VALUES ('640ba577-60fd-4aa5-a50d-7f0f8cde9824', '9dfe894a-97ec-40a1-b776-b4b646261fa1', '4136b392-dfaf-42a2-a803-bb148c5d738e', false);
INSERT INTO art_ping.project_employee VALUES ('00fe5711-ab64-413e-8d09-04023641cc87', '9dfe894a-97ec-40a1-b776-b4b646261fa1', '76d07a1b-3570-4419-afaa-1f67b3388406', false);
INSERT INTO art_ping.project_employee VALUES ('737c3d75-6f71-407b-98d9-8d57cd7d6bc8', '9dfe894a-97ec-40a1-b776-b4b646261fa1', 'e262c579-6802-472a-ac75-d488ea8256fa', false);
INSERT INTO art_ping.project_employee VALUES ('5e6f658b-988b-49b8-b434-6aa108f2db92', '9dfe894a-97ec-40a1-b776-b4b646261fa1', '50fdbdbe-cd9f-43c4-a5d6-5739de4e047a', false);
INSERT INTO art_ping.project_employee VALUES ('62e29ce7-995a-4f8c-8315-e05458e7d1a9', '9dfe894a-97ec-40a1-b776-b4b646261fa1', 'ab56e4fa-0d6c-489c-94d3-5b7dc276e3bf', false);
INSERT INTO art_ping.project VALUES ('7feb3117-934c-4d18-bc8f-b3c4e4497093', 'project124', true);
INSERT INTO art_ping.project_employee VALUES ('c3872bb9-5058-4b16-9aef-daa8b0be3525', '7feb3117-934c-4d18-bc8f-b3c4e4497093', '748d2171-c83b-49d6-9f31-6c56614a38fd', false);
INSERT INTO art_ping.project_employee VALUES ('0d1f6fd5-806f-4bef-aab3-f55666c54e6a', '7feb3117-934c-4d18-bc8f-b3c4e4497093', '659edb95-e5c1-4799-a100-83604d912969', false);
INSERT INTO art_ping.project_employee VALUES ('ea6bdecd-b198-4cc4-b510-fb07668bbd9c', '7feb3117-934c-4d18-bc8f-b3c4e4497093', 'b31b7a99-146d-44c8-8aa3-f55fae2cd77f', false);
INSERT INTO art_ping.project_employee VALUES ('7d7f573e-9751-4521-aed4-22903b9cea7d', '7feb3117-934c-4d18-bc8f-b3c4e4497093', 'aa2122ff-82f3-4c14-ba60-eab3016bd411', false);
INSERT INTO art_ping.project_employee VALUES ('19c1f645-2915-4904-a217-3f0719acbf87', '7feb3117-934c-4d18-bc8f-b3c4e4497093', 'cd7c3636-983d-4772-a6a2-190b60419c5d', false);
INSERT INTO art_ping.project_employee VALUES ('0dbaddcd-bdb8-4b33-8fd8-b59ea52e38a8', '7feb3117-934c-4d18-bc8f-b3c4e4497093', '7c2edd62-d898-4ddd-bc8f-91ae0cf6054d', false);
INSERT INTO art_ping.project_employee VALUES ('1e536fac-7a6a-4d1c-a342-6a3f200da217', '7feb3117-934c-4d18-bc8f-b3c4e4497093', '71e411a1-8cd4-4fcd-af2d-9b05916f7b15', false);
INSERT INTO art_ping.project_employee VALUES ('de1e2d81-8440-4d1f-9ec5-9d5e2dda71f8', '7feb3117-934c-4d18-bc8f-b3c4e4497093', '8ee3c4a7-58ac-41bf-bbfe-56efd2e3f71a', false);
INSERT INTO art_ping.project_employee VALUES ('8cdf2b91-c497-40bd-93ff-9341b6e7cc90', '7feb3117-934c-4d18-bc8f-b3c4e4497093', '95fdbcff-3bcd-432c-b94c-1253010246fb', false);
INSERT INTO art_ping.project_employee VALUES ('4ac550bb-2656-4fdb-a6c6-b7db2dd7134f', '7feb3117-934c-4d18-bc8f-b3c4e4497093', '1b31f41e-8764-42e1-a0a1-5ae42459ad76', false);
INSERT INTO art_ping.project_employee VALUES ('fbab15d6-476e-4b36-9ec3-9072544ffc86', '7feb3117-934c-4d18-bc8f-b3c4e4497093', 'c1e36d5f-8a85-4b87-aa10-47996d010346', false);
INSERT INTO art_ping.project_employee VALUES ('e474162f-e3ef-443e-a639-5b146d587269', '7feb3117-934c-4d18-bc8f-b3c4e4497093', 'e26704e1-f069-4968-84e7-91b6277fd221', false);
INSERT INTO art_ping.project_employee VALUES ('ab29c8ce-056a-4395-a444-e4722793865c', '7feb3117-934c-4d18-bc8f-b3c4e4497093', '8ad0648e-a4b8-46ba-9c8d-b940cfbc5c08', false);
INSERT INTO art_ping.project_employee VALUES ('363090f9-bb23-4c06-85d9-4c8b5cdbfcf5', '7feb3117-934c-4d18-bc8f-b3c4e4497093', '8e8bcccb-9ba6-4207-8c01-85599e7b5290', false);
INSERT INTO art_ping.project VALUES ('642ea015-64b3-4b07-81bd-11b1eb472c7e', 'project125', true);
INSERT INTO art_ping.project_employee VALUES ('2ca7d61a-b6c7-4f45-a707-49d44fa77b49', '642ea015-64b3-4b07-81bd-11b1eb472c7e', '135dff97-b4e1-466b-a9d4-d4453590aa84', false);
INSERT INTO art_ping.project_employee VALUES ('c9a3bd5c-cc81-48f9-b87d-0e63c834b427', '642ea015-64b3-4b07-81bd-11b1eb472c7e', '797cdf14-fa24-4f54-988d-ea0063cfc947', false);
INSERT INTO art_ping.project_employee VALUES ('e355061d-2e24-4742-8cf3-3621fcbe10b8', '642ea015-64b3-4b07-81bd-11b1eb472c7e', '903a3ea2-a47f-4f02-ae1f-8a36f2bcc94d', false);
INSERT INTO art_ping.project_employee VALUES ('afb719d3-edb7-4c79-a38e-a14e142ba55e', '642ea015-64b3-4b07-81bd-11b1eb472c7e', 'a9190978-5c24-44a5-a2c4-75739f690ee7', false);
INSERT INTO art_ping.project_employee VALUES ('dcdfdef8-b95e-4f29-aa91-5903f596f13e', '642ea015-64b3-4b07-81bd-11b1eb472c7e', '66e5b65b-8df7-4a31-8579-88043437f7db', false);
INSERT INTO art_ping.project_employee VALUES ('ee0bffdc-b77b-4f7f-9ad6-756f8db7cac2', '642ea015-64b3-4b07-81bd-11b1eb472c7e', '8e2fa457-7a9d-4d54-b2db-9f397833c25b', false);
INSERT INTO art_ping.project_employee VALUES ('7fbdb88d-9dce-4446-858d-ca4b88d1360e', '642ea015-64b3-4b07-81bd-11b1eb472c7e', 'f294e255-0c6e-4bee-8f10-afa1172d08f4', false);
INSERT INTO art_ping.project_employee VALUES ('c99ed660-c4a8-4f77-9591-7b00995a3339', '642ea015-64b3-4b07-81bd-11b1eb472c7e', '27ccbe89-6b69-470b-aaf2-c7171f6f805a', false);
INSERT INTO art_ping.project VALUES ('2d409133-dfb1-45e1-a265-9092b03127e7', 'project126', true);
INSERT INTO art_ping.project_employee VALUES ('1b9f2db2-1cf2-4f99-ab26-da13e1f9cffa', '2d409133-dfb1-45e1-a265-9092b03127e7', '659edb95-e5c1-4799-a100-83604d912969', false);
INSERT INTO art_ping.project_employee VALUES ('0546c62a-c55c-40f5-9c03-f4556111c64c', '2d409133-dfb1-45e1-a265-9092b03127e7', '2b982cd4-e5b9-460f-a7c1-962af2391722', false);
INSERT INTO art_ping.project_employee VALUES ('1163e549-b9c6-4ea6-b280-ac961c30a912', '2d409133-dfb1-45e1-a265-9092b03127e7', '79cc4504-acfd-40a9-8343-0da714742ed1', false);
INSERT INTO art_ping.project_employee VALUES ('a4ae82dd-d51e-489c-9ccc-08d774f7f36e', '2d409133-dfb1-45e1-a265-9092b03127e7', 'dcb84d47-8c0a-475e-a903-a7ea3331b111', false);
INSERT INTO art_ping.project_employee VALUES ('632ffbf0-4863-46a3-9cb4-88a8ea435d39', '2d409133-dfb1-45e1-a265-9092b03127e7', '33a091cc-41fc-4e79-bca9-a365574a3d31', false);
INSERT INTO art_ping.project_employee VALUES ('3f572acf-3cea-4bed-997d-67dc27c5266b', '2d409133-dfb1-45e1-a265-9092b03127e7', '186f1015-7e57-44c7-81c1-6d64057462e6', false);
INSERT INTO art_ping.project_employee VALUES ('bfff512e-442f-4bf8-9c1f-6f8e19899753', '2d409133-dfb1-45e1-a265-9092b03127e7', '797bdf2a-70f1-4d51-ae75-f1998c189404', false);
INSERT INTO art_ping.project VALUES ('4e6a02bf-423b-43f3-9f78-67c4c0be8632', 'project127', true);
INSERT INTO art_ping.project_employee VALUES ('88838ea7-9843-4137-b35c-e42ab1c74f48', '4e6a02bf-423b-43f3-9f78-67c4c0be8632', '469ad035-138e-4ed1-8a41-c2cdd929c11a', false);
INSERT INTO art_ping.project_employee VALUES ('f65359e7-ac8b-400f-89f4-356674c2cdcb', '4e6a02bf-423b-43f3-9f78-67c4c0be8632', '565e4cb8-57d7-4db8-b895-c675568040f6', false);
INSERT INTO art_ping.project_employee VALUES ('cf08d85b-6853-42b0-92d6-43dbea2abadb', '4e6a02bf-423b-43f3-9f78-67c4c0be8632', 'f91e4bda-8d4b-4d47-9499-1a228005438e', false);
INSERT INTO art_ping.project_employee VALUES ('f49ac007-b146-476b-843a-490d99989cb4', '4e6a02bf-423b-43f3-9f78-67c4c0be8632', '73dc5ea9-b359-4737-8529-11f0ba856f7a', false);
INSERT INTO art_ping.project_employee VALUES ('34b12c5e-d330-4b1c-82e5-70655437e2d9', '4e6a02bf-423b-43f3-9f78-67c4c0be8632', '8e2fa457-7a9d-4d54-b2db-9f397833c25b', false);
INSERT INTO art_ping.project_employee VALUES ('2c4f65c7-475c-4750-9a21-b4bc18c3b92c', '4e6a02bf-423b-43f3-9f78-67c4c0be8632', 'aa2122ff-82f3-4c14-ba60-eab3016bd411', false);
INSERT INTO art_ping.project_employee VALUES ('0119ea99-29b2-4e63-a31a-4a3e3080c51a', '4e6a02bf-423b-43f3-9f78-67c4c0be8632', 'c46f7ec4-99b2-4db6-8f0e-7dd16fb40b62', false);
INSERT INTO art_ping.project_employee VALUES ('6aa45b4d-49f5-4971-9e00-f1cf7119c6eb', '4e6a02bf-423b-43f3-9f78-67c4c0be8632', 'e1093ad9-2342-4019-9ed6-9fd6e15c210f', false);
INSERT INTO art_ping.project_employee VALUES ('3a7d9331-6183-49b1-baaf-aa04c527cdb6', '4e6a02bf-423b-43f3-9f78-67c4c0be8632', 'e908edfa-7f9c-4192-8e44-3392b3d15019', false);
INSERT INTO art_ping.project_employee VALUES ('8e5fb91d-8125-4e29-87c4-f5fc6332a594', '4e6a02bf-423b-43f3-9f78-67c4c0be8632', '3a59ad8e-4d52-442e-a860-dc5cd2d2d9cb', false);
INSERT INTO art_ping.project_employee VALUES ('70beae87-5a27-4669-89e6-98e98e2eb3d6', '4e6a02bf-423b-43f3-9f78-67c4c0be8632', '97d4e815-ae13-4d16-89ee-a41a068c08f5', false);
INSERT INTO art_ping.project_employee VALUES ('5bba5e1e-f29f-4799-91dc-14a53e1ac555', '4e6a02bf-423b-43f3-9f78-67c4c0be8632', 'dcd7d596-0014-4d32-b3fb-d41fe32db9b0', false);
INSERT INTO art_ping.project_employee VALUES ('bda590d3-c5ce-4d96-b90d-68a1f5988351', '4e6a02bf-423b-43f3-9f78-67c4c0be8632', '1b31f41e-8764-42e1-a0a1-5ae42459ad76', false);
INSERT INTO art_ping.project_employee VALUES ('14f3ba83-7afa-46e3-b2b7-0ace5e474582', '4e6a02bf-423b-43f3-9f78-67c4c0be8632', '4136b392-dfaf-42a2-a803-bb148c5d738e', false);
INSERT INTO art_ping.project_employee VALUES ('137e0fe9-5c86-4ba6-ac64-5551e3d02092', '4e6a02bf-423b-43f3-9f78-67c4c0be8632', '8e8bcccb-9ba6-4207-8c01-85599e7b5290', false);
INSERT INTO art_ping.project VALUES ('3ac465ac-5add-4d2f-8e33-9a222c09587d', 'project128', true);
INSERT INTO art_ping.project_employee VALUES ('5f095882-9061-450c-8d8b-ee0938ce68ae', '3ac465ac-5add-4d2f-8e33-9a222c09587d', 'a66493be-8679-4abc-83ff-3499b8b18a5a', false);
INSERT INTO art_ping.project_employee VALUES ('159c17d6-3ac5-4af4-b4c2-1fd0be9d2547', '3ac465ac-5add-4d2f-8e33-9a222c09587d', '659edb95-e5c1-4799-a100-83604d912969', false);
INSERT INTO art_ping.project_employee VALUES ('9e3ee6e9-f665-4e9b-b9b0-bd56e908d948', '3ac465ac-5add-4d2f-8e33-9a222c09587d', 'd8235bf0-6cb4-40c4-bcff-fce23ed0f8ab', false);
INSERT INTO art_ping.project_employee VALUES ('c0e16803-ed8b-4b11-9d66-dc911e7e23a8', '3ac465ac-5add-4d2f-8e33-9a222c09587d', 'e6b66764-9b4c-453a-b94a-ded325a61809', false);
INSERT INTO art_ping.project_employee VALUES ('d9d4d6b8-c823-4cf8-b420-87a378185101', '3ac465ac-5add-4d2f-8e33-9a222c09587d', 'b31b7a99-146d-44c8-8aa3-f55fae2cd77f', false);
INSERT INTO art_ping.project_employee VALUES ('c23aa59f-6e43-4f13-9def-91f52caa125e', '3ac465ac-5add-4d2f-8e33-9a222c09587d', 'f10ea80a-52d0-4a17-bc85-99bfcd58f680', false);
INSERT INTO art_ping.project_employee VALUES ('a453a400-43b3-4b1d-875f-baaf499d022a', '3ac465ac-5add-4d2f-8e33-9a222c09587d', '180ec0b3-23d5-47d0-966b-09f5f5dbb6af', false);
INSERT INTO art_ping.project_employee VALUES ('85101abb-434d-4514-b2f6-96da0bf13b1e', '3ac465ac-5add-4d2f-8e33-9a222c09587d', '9b8e086a-79c4-4945-8b9b-121fc5c0f1da', false);
INSERT INTO art_ping.project_employee VALUES ('a1d818d5-0937-4d49-873a-e5b7623a32e4', '3ac465ac-5add-4d2f-8e33-9a222c09587d', '5db0bab2-7d5a-4f71-91f4-dda3804e123f', false);
INSERT INTO art_ping.project VALUES ('df4ca083-f281-40be-849c-02582f52239c', 'project129', true);
INSERT INTO art_ping.project_employee VALUES ('86d7e4bc-9ebf-41c2-932c-87cd69e105b5', 'df4ca083-f281-40be-849c-02582f52239c', 'e5972d1b-7230-42db-9aa1-680c6576421a', false);
INSERT INTO art_ping.project_employee VALUES ('d7d2226e-9954-4183-8ac3-b2b1b9ddede4', 'df4ca083-f281-40be-849c-02582f52239c', 'ff6cd514-030b-4dce-9bb8-c6027800b66a', false);
INSERT INTO art_ping.project_employee VALUES ('e0c16089-3ccf-416b-8de4-8ed66a2347a2', 'df4ca083-f281-40be-849c-02582f52239c', '78d3c6fc-9ec2-4d5e-8837-634ba205e97b', false);
INSERT INTO art_ping.project_employee VALUES ('2cfb2410-1c66-4b23-8984-5f497ac927aa', 'df4ca083-f281-40be-849c-02582f52239c', '9526ec9f-3f38-48bc-b017-7ad1c1e701b9', false);
INSERT INTO art_ping.project_employee VALUES ('128c1ae8-fae6-4766-b2f3-bc7c03f21762', 'df4ca083-f281-40be-849c-02582f52239c', '9d9f3d27-6f7d-44b4-b90e-29ea9b70cd71', false);
INSERT INTO art_ping.project_employee VALUES ('f78fff9e-7a45-45ee-b08f-74b64e115e31', 'df4ca083-f281-40be-849c-02582f52239c', 'cb53f907-5eb3-469c-9923-27ce1f5e789c', false);
INSERT INTO art_ping.project_employee VALUES ('8c8bd195-9e63-4650-8f56-7440981af57c', 'df4ca083-f281-40be-849c-02582f52239c', '8d4a039e-f3dd-40e4-9fc2-67e88735598f', false);
INSERT INTO art_ping.project_employee VALUES ('6d128620-5167-4128-a2cf-8bfd53be1c00', 'df4ca083-f281-40be-849c-02582f52239c', '2c89f475-cb7f-4ecc-a9b4-4c991f190f47', false);
INSERT INTO art_ping.project_employee VALUES ('988530f5-243b-4d45-a8a9-b2b8a0c37d70', 'df4ca083-f281-40be-849c-02582f52239c', '5a9b6125-02bc-4c94-872b-cff8f59bf804', false);
INSERT INTO art_ping.project_employee VALUES ('0c78db5e-2a80-4990-895d-2a3fd1e3ada1', 'df4ca083-f281-40be-849c-02582f52239c', '7996b9e7-2d2b-40c1-832f-62eb11b14899', false);
INSERT INTO art_ping.project_employee VALUES ('c6f76b08-0c71-4316-ac05-fd4459ec8c00', 'df4ca083-f281-40be-849c-02582f52239c', 'a7b43dbf-9e55-47ff-b635-3eaaa83976ab', false);
INSERT INTO art_ping.project_employee VALUES ('38353e6d-5709-4690-b4ef-9955e0112ed5', 'df4ca083-f281-40be-849c-02582f52239c', '0f7973aa-478f-49a4-8468-8480e53348f5', false);
INSERT INTO art_ping.project_employee VALUES ('ecb0faa6-5b07-4dbb-95a3-eb3e819217df', 'df4ca083-f281-40be-849c-02582f52239c', '9a679ffe-ccaa-4bcf-b290-839628b4596e', false);
INSERT INTO art_ping.project VALUES ('a1b180e0-3b01-496f-894c-718eade64b1c', 'project130', true);
INSERT INTO art_ping.project_employee VALUES ('2e436c37-6c93-42a5-ac9a-aa17158e1f06', 'a1b180e0-3b01-496f-894c-718eade64b1c', '74cc180f-b211-4f22-92ac-3213eeccb369', false);
INSERT INTO art_ping.project_employee VALUES ('12c11c35-1e3e-4d74-86b3-12436d469085', 'a1b180e0-3b01-496f-894c-718eade64b1c', '801e201f-8630-4b6a-ac3d-24cd64a44d85', false);
INSERT INTO art_ping.project_employee VALUES ('186bb373-992d-4dab-bb7c-eb7608ce15f5', 'a1b180e0-3b01-496f-894c-718eade64b1c', '19d1efb8-ee88-4363-959d-03669db4d466', false);
INSERT INTO art_ping.project_employee VALUES ('18e4f2ca-9474-41d1-84d8-20ec613b4962', 'a1b180e0-3b01-496f-894c-718eade64b1c', 'd8a55535-6da6-45e7-a100-1413c7c52f6d', false);
INSERT INTO art_ping.project_employee VALUES ('f6fcc3b4-56bc-4bea-b8c9-3394d2c624c7', 'a1b180e0-3b01-496f-894c-718eade64b1c', '543f7bf5-07f6-463b-a2b3-57a909fabb86', false);
INSERT INTO art_ping.project_employee VALUES ('f9f350dd-927f-4c45-a02a-cae09affab69', 'a1b180e0-3b01-496f-894c-718eade64b1c', '157bf713-ca0b-4b28-a463-b239600d6db9', false);
INSERT INTO art_ping.project_employee VALUES ('e30efad7-542b-466f-bbc5-7ae80bf08103', 'a1b180e0-3b01-496f-894c-718eade64b1c', 'ccc5823e-a619-4982-bf72-0e61feff6f92', false);
INSERT INTO art_ping.project_employee VALUES ('3dec1181-e98a-4bbb-bf5f-98b875923e04', 'a1b180e0-3b01-496f-894c-718eade64b1c', 'a7b43dbf-9e55-47ff-b635-3eaaa83976ab', false);
INSERT INTO art_ping.project_employee VALUES ('28478417-cb27-4896-bdbb-ccce6d74660f', 'a1b180e0-3b01-496f-894c-718eade64b1c', '5ef53952-2c57-4e86-abdd-a884a667cdc0', false);
INSERT INTO art_ping.project_employee VALUES ('089e668e-c01c-486a-9fb5-6c4e0d55ed77', 'a1b180e0-3b01-496f-894c-718eade64b1c', '4eb70aff-a3e3-41ed-ae45-cfec802d1044', false);
INSERT INTO art_ping.project_employee VALUES ('392144ed-206b-4261-870d-052d0c2a98da', 'a1b180e0-3b01-496f-894c-718eade64b1c', '9a679ffe-ccaa-4bcf-b290-839628b4596e', false);
INSERT INTO art_ping.project VALUES ('a59f98f3-16f4-41c6-bb4e-c17b18e1d3ad', 'project131', true);
INSERT INTO art_ping.project_employee VALUES ('14442275-81fc-4e8c-801f-ca064537e268', 'a59f98f3-16f4-41c6-bb4e-c17b18e1d3ad', '54d1c74f-b264-4801-9fe3-7b52da677b00', false);
INSERT INTO art_ping.project_employee VALUES ('cc94f7a1-377f-414c-9d5f-b5b9374172cf', 'a59f98f3-16f4-41c6-bb4e-c17b18e1d3ad', 'a6429b57-4091-4204-915a-a4a8049a3da6', false);
INSERT INTO art_ping.project_employee VALUES ('f5f8e4fb-f022-4a56-b5fe-a447dc2989fb', 'a59f98f3-16f4-41c6-bb4e-c17b18e1d3ad', 'c8bd3956-7976-4fc6-b067-f8e3742811c5', false);
INSERT INTO art_ping.project_employee VALUES ('d75c1f5c-74a4-4bf0-a032-705e89d7f0be', 'a59f98f3-16f4-41c6-bb4e-c17b18e1d3ad', 'a30139ef-6739-445e-90e1-38cad8d50293', false);
INSERT INTO art_ping.project VALUES ('8c72b71b-2f2e-42cd-9b1f-3c7a1ebb51fd', 'project132', true);
INSERT INTO art_ping.project_employee VALUES ('11b03f33-869a-42e1-94a4-0a07b5f7505e', '8c72b71b-2f2e-42cd-9b1f-3c7a1ebb51fd', '51155bd1-fd9e-42ea-a6be-f2365652b6a1', false);
INSERT INTO art_ping.project_employee VALUES ('ae521da0-825c-4faa-b6c3-cc65d784e893', '8c72b71b-2f2e-42cd-9b1f-3c7a1ebb51fd', '9815abd0-739b-4684-b4e0-23d71d2e4c3b', false);
INSERT INTO art_ping.project_employee VALUES ('b8d86071-35a4-4898-8119-9af38e8cb3c9', '8c72b71b-2f2e-42cd-9b1f-3c7a1ebb51fd', '0ad2eacd-3cc2-46ad-8308-f3e90ca9ecc8', false);
INSERT INTO art_ping.project_employee VALUES ('84d30d2d-5ac4-4156-95a0-edd5025b0343', '8c72b71b-2f2e-42cd-9b1f-3c7a1ebb51fd', 'b3363893-a62d-4c5c-9097-85f825e233ab', false);
INSERT INTO art_ping.project_employee VALUES ('f95552a8-cbdc-45af-ac8e-0301053ad9c5', '8c72b71b-2f2e-42cd-9b1f-3c7a1ebb51fd', 'cb792447-9bb3-4866-8870-854fe255e726', false);
INSERT INTO art_ping.project_employee VALUES ('01472f8f-2535-44d1-8762-de5d9c88e715', '8c72b71b-2f2e-42cd-9b1f-3c7a1ebb51fd', '017ad935-59c4-4d22-ab4b-27edc7a33b43', false);
INSERT INTO art_ping.project_employee VALUES ('f0686e99-7830-48ab-abb0-03f8272193bf', '8c72b71b-2f2e-42cd-9b1f-3c7a1ebb51fd', '66e5b65b-8df7-4a31-8579-88043437f7db', false);
INSERT INTO art_ping.project_employee VALUES ('d2a536ff-5994-43d3-866b-d74c444c376a', '8c72b71b-2f2e-42cd-9b1f-3c7a1ebb51fd', '0fbe8cf2-d827-4419-9dd8-41685f088e9e', false);
INSERT INTO art_ping.project_employee VALUES ('358d9c81-8c76-4014-a809-88f09dcfa44f', '8c72b71b-2f2e-42cd-9b1f-3c7a1ebb51fd', '33a091cc-41fc-4e79-bca9-a365574a3d31', false);
INSERT INTO art_ping.project_employee VALUES ('1fde48a5-1824-4d58-bf4f-54ca0a2c9cf4', '8c72b71b-2f2e-42cd-9b1f-3c7a1ebb51fd', 'e1093ad9-2342-4019-9ed6-9fd6e15c210f', false);
INSERT INTO art_ping.project_employee VALUES ('8335c7e2-b363-43b8-9616-f0f4abeba015', '8c72b71b-2f2e-42cd-9b1f-3c7a1ebb51fd', '63fc2908-a7d8-4f1b-afd5-be04c4cedac5', false);
INSERT INTO art_ping.project_employee VALUES ('264977e2-a9e1-4c10-a9c5-ba44e7065408', '8c72b71b-2f2e-42cd-9b1f-3c7a1ebb51fd', '305804cb-4401-4585-b0a1-6cf519174104', false);
INSERT INTO art_ping.project_employee VALUES ('8e9b5810-c92c-4fc8-9d18-0b562aa9a210', '8c72b71b-2f2e-42cd-9b1f-3c7a1ebb51fd', 'e51bf89d-1f27-4eb3-8bfe-394afe3761f2', false);
INSERT INTO art_ping.project_employee VALUES ('89a7b397-1b7d-4989-95a6-574494dc3964', '8c72b71b-2f2e-42cd-9b1f-3c7a1ebb51fd', 'dcd7d596-0014-4d32-b3fb-d41fe32db9b0', false);
INSERT INTO art_ping.project_employee VALUES ('e3a77eee-b89d-45a9-b776-d7f22ef8a596', '8c72b71b-2f2e-42cd-9b1f-3c7a1ebb51fd', 'b3b03389-d44a-45db-beca-28573ca0d074', false);
INSERT INTO art_ping.project_employee VALUES ('4b720306-0663-42f8-9b33-cb43ed1f94c8', '8c72b71b-2f2e-42cd-9b1f-3c7a1ebb51fd', '4185fbf6-b027-4de1-972a-b82b272178aa', false);
INSERT INTO art_ping.project VALUES ('db88c95e-8178-447d-9f8c-71275f81c5c2', 'project133', true);
INSERT INTO art_ping.project_employee VALUES ('11615da7-b552-4d1d-8415-d1c38bcae4ca', 'db88c95e-8178-447d-9f8c-71275f81c5c2', 'f68c9b8b-a2e5-4509-9aab-88f5bb6a7a70', false);
INSERT INTO art_ping.project_employee VALUES ('f6d40103-8f8a-453d-9903-d581b34901f3', 'db88c95e-8178-447d-9f8c-71275f81c5c2', 'd8235bf0-6cb4-40c4-bcff-fce23ed0f8ab', false);
INSERT INTO art_ping.project_employee VALUES ('792fad01-53db-4d14-8a93-b960ac7c7e13', 'db88c95e-8178-447d-9f8c-71275f81c5c2', 'c1e36d5f-8a85-4b87-aa10-47996d010346', false);
INSERT INTO art_ping.project VALUES ('5751e114-2381-43fc-88e5-ed83f51120a8', 'project134', true);
INSERT INTO art_ping.project_employee VALUES ('78df2a0c-2bf8-4903-aec4-75fb50b9a404', '5751e114-2381-43fc-88e5-ed83f51120a8', 'abb7e688-bd8d-4aa6-9eed-5450de8bc222', false);
INSERT INTO art_ping.project_employee VALUES ('56e0874b-77bd-4fb9-864f-c36a0a528df8', '5751e114-2381-43fc-88e5-ed83f51120a8', '1eff4c81-5cbf-471c-87f3-73095daddfb8', false);
INSERT INTO art_ping.project_employee VALUES ('d04ddcf1-5150-4403-90bc-9e20c730b9e5', '5751e114-2381-43fc-88e5-ed83f51120a8', '3fe6a415-e23f-4902-bf19-9f1fd98db8a2', false);
INSERT INTO art_ping.project_employee VALUES ('3519733f-ca81-4688-b226-437938f14c10', '5751e114-2381-43fc-88e5-ed83f51120a8', 'd8a55535-6da6-45e7-a100-1413c7c52f6d', false);
INSERT INTO art_ping.project_employee VALUES ('322a1f26-045a-4214-9684-9de4dc9cab98', '5751e114-2381-43fc-88e5-ed83f51120a8', 'e6b66764-9b4c-453a-b94a-ded325a61809', false);
INSERT INTO art_ping.project_employee VALUES ('138aa929-ea89-487e-a973-061845db0a97', '5751e114-2381-43fc-88e5-ed83f51120a8', '25dc240f-ad93-4633-a08b-67880ef1e89f', false);
INSERT INTO art_ping.project_employee VALUES ('d2574613-2b9e-4dde-a459-85190c92d88a', '5751e114-2381-43fc-88e5-ed83f51120a8', 'e45aa7b9-acc5-4456-8b9c-1c9a5bb6944f', false);
INSERT INTO art_ping.project_employee VALUES ('56eb513c-1882-4702-b11f-436e5494e4f2', '5751e114-2381-43fc-88e5-ed83f51120a8', '53614077-53a2-451e-9a55-acabc538a8ea', false);
INSERT INTO art_ping.project_employee VALUES ('337deec3-fe4f-403e-868a-bc548d62b667', '5751e114-2381-43fc-88e5-ed83f51120a8', 'db6cfd2c-6c25-4e9a-83aa-cd8ae2f47e5b', false);
INSERT INTO art_ping.project_employee VALUES ('982b7693-7c95-438a-a55a-9c0cbf1c7176', '5751e114-2381-43fc-88e5-ed83f51120a8', '67098364-3f5b-4ca9-b972-6ba74eba9bd8', false);
INSERT INTO art_ping.project_employee VALUES ('3db945bb-cefd-4545-988c-118af4c00353', '5751e114-2381-43fc-88e5-ed83f51120a8', '82f36dff-c692-447e-8e33-535e5813245f', false);
INSERT INTO art_ping.project_employee VALUES ('5f1858ba-d744-46b9-a72e-414a1a80213d', '5751e114-2381-43fc-88e5-ed83f51120a8', '0f7973aa-478f-49a4-8468-8480e53348f5', false);
INSERT INTO art_ping.project VALUES ('c94cf76f-7ab8-4cac-9f07-b3d8218dc1cb', 'project135', true);
INSERT INTO art_ping.project_employee VALUES ('2186e6da-34d8-44c1-b124-7df8c441a2d6', 'c94cf76f-7ab8-4cac-9f07-b3d8218dc1cb', 'bf849790-d679-4ad8-9d77-b3d13216f656', false);
INSERT INTO art_ping.project_employee VALUES ('6da748ba-4d5f-425f-8705-6d92e5b36209', 'c94cf76f-7ab8-4cac-9f07-b3d8218dc1cb', '20ea6750-716b-43fa-8414-d17288ad211e', false);
INSERT INTO art_ping.project_employee VALUES ('22553e86-e21e-4c9f-9484-fcfec60512ba', 'c94cf76f-7ab8-4cac-9f07-b3d8218dc1cb', '0a32321e-9946-4440-895f-8dab26e8bc8e', false);
INSERT INTO art_ping.project_employee VALUES ('4ad05c60-820c-40c9-b6c4-fb1ac812b9e5', 'c94cf76f-7ab8-4cac-9f07-b3d8218dc1cb', 'e5972d1b-7230-42db-9aa1-680c6576421a', false);
INSERT INTO art_ping.project_employee VALUES ('b0c7b6ee-0bf8-4c18-aa4f-6abdeb3dac1f', 'c94cf76f-7ab8-4cac-9f07-b3d8218dc1cb', '7624cdba-4646-456c-b188-ab9c6dc455b1', false);
INSERT INTO art_ping.project_employee VALUES ('e0b1eb24-5db1-4042-a7aa-57017d25c899', 'c94cf76f-7ab8-4cac-9f07-b3d8218dc1cb', 'ee440af7-8f43-4607-96af-7d2552158e42', false);
INSERT INTO art_ping.project_employee VALUES ('4e44de25-4c57-47bf-8442-ae1072709e20', 'c94cf76f-7ab8-4cac-9f07-b3d8218dc1cb', '4b618720-fc2b-450e-b5aa-7e6a457f9188', false);
INSERT INTO art_ping.project_employee VALUES ('82c749a9-f63e-4163-94c9-e7fb7330f3b7', 'c94cf76f-7ab8-4cac-9f07-b3d8218dc1cb', '66e5b65b-8df7-4a31-8579-88043437f7db', false);
INSERT INTO art_ping.project_employee VALUES ('5207ead8-b715-41b5-b2ed-8ba90e2a896c', 'c94cf76f-7ab8-4cac-9f07-b3d8218dc1cb', '0d79771d-9394-4c50-9646-19a665f1cb35', false);
INSERT INTO art_ping.project_employee VALUES ('52566cd8-1361-493c-b290-6613d194724b', 'c94cf76f-7ab8-4cac-9f07-b3d8218dc1cb', '50fdbdbe-cd9f-43c4-a5d6-5739de4e047a', false);
INSERT INTO art_ping.project_employee VALUES ('5795723f-9c2e-4165-925c-67543a41aecf', 'c94cf76f-7ab8-4cac-9f07-b3d8218dc1cb', '7c2edd62-d898-4ddd-bc8f-91ae0cf6054d', false);
INSERT INTO art_ping.project_employee VALUES ('464a911a-1621-4302-a658-37f48d0f8aef', 'c94cf76f-7ab8-4cac-9f07-b3d8218dc1cb', '6949b072-5157-4d9c-8bfa-ac1ad6e0a3c2', false);
INSERT INTO art_ping.project_employee VALUES ('517a9ad7-a7ee-4851-85ee-8817a343a586', 'c94cf76f-7ab8-4cac-9f07-b3d8218dc1cb', '157bf713-ca0b-4b28-a463-b239600d6db9', false);
INSERT INTO art_ping.project_employee VALUES ('1c89e367-af92-480b-8745-4445ef564f07', 'c94cf76f-7ab8-4cac-9f07-b3d8218dc1cb', '7996b9e7-2d2b-40c1-832f-62eb11b14899', false);
INSERT INTO art_ping.project_employee VALUES ('d96d95ad-05aa-489e-bd01-319b46c96946', 'c94cf76f-7ab8-4cac-9f07-b3d8218dc1cb', 'b9b3d71b-2925-4ad9-93d0-603b6ce5c447', false);
INSERT INTO art_ping.project VALUES ('4305f528-42de-468c-8c11-2dc43cf75344', 'project136', true);
INSERT INTO art_ping.project_employee VALUES ('3b86ebe7-1942-4640-b8df-eb5545595611', '4305f528-42de-468c-8c11-2dc43cf75344', '6224d9c8-2988-4b5b-b9da-9ddc1d521a32', false);
INSERT INTO art_ping.project_employee VALUES ('dd8fe012-2da5-4884-a579-ce53f0ba648f', '4305f528-42de-468c-8c11-2dc43cf75344', '83ac73a9-b34e-48ea-be0d-87c562931615', false);
INSERT INTO art_ping.project_employee VALUES ('66231fd6-e386-400c-ab97-e9c190bc3328', '4305f528-42de-468c-8c11-2dc43cf75344', 'd8a55535-6da6-45e7-a100-1413c7c52f6d', false);
INSERT INTO art_ping.project_employee VALUES ('1f87a647-ff14-48c4-926a-66db917135c8', '4305f528-42de-468c-8c11-2dc43cf75344', '8779a71a-5d0c-48e2-8428-3718440ca45e', false);
INSERT INTO art_ping.project_employee VALUES ('356a2a8b-23f0-4533-821b-1b244511b1c6', '4305f528-42de-468c-8c11-2dc43cf75344', '95fdbcff-3bcd-432c-b94c-1253010246fb', false);
INSERT INTO art_ping.project_employee VALUES ('974a4278-0cdf-4f5c-948e-9f5fbf3e91f0', '4305f528-42de-468c-8c11-2dc43cf75344', '4bc50c83-c697-4833-91bc-ef9593abc022', false);
INSERT INTO art_ping.project_employee VALUES ('bb49624c-cd82-4f00-924a-49e7661f7421', '4305f528-42de-468c-8c11-2dc43cf75344', 'd0d35692-5ae8-4dc5-9c90-b75c222a6b4a', false);
INSERT INTO art_ping.project VALUES ('ec1c1882-619e-4911-8e33-3cfce347d029', 'project137', true);
INSERT INTO art_ping.project_employee VALUES ('e9a6071e-8f10-4473-9347-119b454d91f0', 'ec1c1882-619e-4911-8e33-3cfce347d029', '8415afe4-bdac-4f3e-abf1-a5c30947e033', false);
INSERT INTO art_ping.project_employee VALUES ('7eabaf06-a9c3-4d1d-ba7f-a213a3d1799a', 'ec1c1882-619e-4911-8e33-3cfce347d029', 'a6429b57-4091-4204-915a-a4a8049a3da6', false);
INSERT INTO art_ping.project_employee VALUES ('f250ff89-cbf6-4d89-96eb-3e2bb4080504', 'ec1c1882-619e-4911-8e33-3cfce347d029', '086bed16-e93d-48ab-a454-743bcc8def53', false);
INSERT INTO art_ping.project_employee VALUES ('312b3115-8cf9-41e2-ada0-25cc61b74e21', 'ec1c1882-619e-4911-8e33-3cfce347d029', 'f10ea80a-52d0-4a17-bc85-99bfcd58f680', false);
INSERT INTO art_ping.project_employee VALUES ('d024a317-8f7c-4ce1-a8f8-8743aefe9a7a', 'ec1c1882-619e-4911-8e33-3cfce347d029', '9e8e4e86-7d83-4115-af93-76a8126878ca', false);
INSERT INTO art_ping.project_employee VALUES ('458fe935-f154-4732-bf98-a4612118b4e2', 'ec1c1882-619e-4911-8e33-3cfce347d029', '8f60ac08-a513-4329-b2b2-db18aed20066', false);
INSERT INTO art_ping.project_employee VALUES ('59d39ff5-f9b2-4664-9eec-80e6696fb1a2', 'ec1c1882-619e-4911-8e33-3cfce347d029', 'e2dc7495-ec2d-459d-9620-15275e99377f', false);
INSERT INTO art_ping.project_employee VALUES ('5296c76b-564e-44dc-bd5b-04e4b350ee87', 'ec1c1882-619e-4911-8e33-3cfce347d029', '305804cb-4401-4585-b0a1-6cf519174104', false);
INSERT INTO art_ping.project_employee VALUES ('ebc2d867-63ca-43cc-8359-609dbec4bc32', 'ec1c1882-619e-4911-8e33-3cfce347d029', '4d22d09f-b030-4274-a1a1-6acb3969d0c7', false);
INSERT INTO art_ping.project VALUES ('cd034744-97a9-42d4-9f17-69a103be8ef8', 'project138', true);
INSERT INTO art_ping.project_employee VALUES ('030e51ab-a966-4b8f-8e54-8b7841c70d51', 'cd034744-97a9-42d4-9f17-69a103be8ef8', '0012324d-6938-462e-86b1-b6e78d35d9e2', false);
INSERT INTO art_ping.project_employee VALUES ('dda7fd46-0517-4b23-b91c-82564dd15e70', 'cd034744-97a9-42d4-9f17-69a103be8ef8', 'bf849790-d679-4ad8-9d77-b3d13216f656', false);
INSERT INTO art_ping.project_employee VALUES ('66650001-c01d-450e-80dd-89d16ee26699', 'cd034744-97a9-42d4-9f17-69a103be8ef8', '1eff4c81-5cbf-471c-87f3-73095daddfb8', false);
INSERT INTO art_ping.project_employee VALUES ('608e69cc-7f5b-42e8-81fd-80ce0d0af241', 'cd034744-97a9-42d4-9f17-69a103be8ef8', '5b8db2a7-25ee-42d2-bf6c-e7ae8b81945f', false);
INSERT INTO art_ping.project_employee VALUES ('8ed9c37b-a55c-481d-a0b6-c7a48025e890', 'cd034744-97a9-42d4-9f17-69a103be8ef8', 'dcb84d47-8c0a-475e-a903-a7ea3331b111', false);
INSERT INTO art_ping.project_employee VALUES ('7b6825a2-24ce-412e-b52d-7283eac6a880', 'cd034744-97a9-42d4-9f17-69a103be8ef8', '705eacd0-2b9b-471b-af28-f7aebaa5c8d9', false);
INSERT INTO art_ping.project_employee VALUES ('473f8054-625b-4046-a6a7-145cb8b8b032', 'cd034744-97a9-42d4-9f17-69a103be8ef8', '464ae57e-8993-4cf7-87b6-fc41331b5de0', false);
INSERT INTO art_ping.project_employee VALUES ('9b5413ae-f03b-4196-a7da-3fef7d294490', 'cd034744-97a9-42d4-9f17-69a103be8ef8', '0fbe8cf2-d827-4419-9dd8-41685f088e9e', false);
INSERT INTO art_ping.project_employee VALUES ('ac79e118-f0f4-41eb-bd57-e999f7f0fdcb', 'cd034744-97a9-42d4-9f17-69a103be8ef8', '9dcaf691-4d1a-4934-90eb-bdab583f413f', false);
INSERT INTO art_ping.project_employee VALUES ('802f9a03-d264-448d-b606-f476a064b30e', 'cd034744-97a9-42d4-9f17-69a103be8ef8', 'e262c579-6802-472a-ac75-d488ea8256fa', false);
INSERT INTO art_ping.project VALUES ('a6102a83-eb9d-4356-a816-b0f2971e6399', 'project139', true);
INSERT INTO art_ping.project_employee VALUES ('ed481311-4a54-4e8d-a0cb-748994cb15d6', 'a6102a83-eb9d-4356-a816-b0f2971e6399', '83ac73a9-b34e-48ea-be0d-87c562931615', false);
INSERT INTO art_ping.project_employee VALUES ('1645e4da-029b-44a2-8e19-23c5a48c344e', 'a6102a83-eb9d-4356-a816-b0f2971e6399', 'da9a3888-66b6-490f-940f-c8080ddf34f0', false);
INSERT INTO art_ping.project_employee VALUES ('602808df-95b9-48aa-a6a2-baf4349467cd', 'a6102a83-eb9d-4356-a816-b0f2971e6399', '180ec0b3-23d5-47d0-966b-09f5f5dbb6af', false);
INSERT INTO art_ping.project_employee VALUES ('2f6c9ed7-fce5-4a85-810a-63ba0eef4bc8', 'a6102a83-eb9d-4356-a816-b0f2971e6399', '7f1b2eac-41b0-4fbc-92d0-0b85a563306b', false);
INSERT INTO art_ping.project_employee VALUES ('68902929-848b-46c9-92b9-416827540382', 'a6102a83-eb9d-4356-a816-b0f2971e6399', '8e8bcccb-9ba6-4207-8c01-85599e7b5290', false);
INSERT INTO art_ping.project VALUES ('123737b9-2912-49e0-b7e1-fed174289c87', 'project140', true);
INSERT INTO art_ping.project_employee VALUES ('eb7a8fb7-e431-42fd-a2c3-952a9a82d6e8', '123737b9-2912-49e0-b7e1-fed174289c87', '287bdb46-2808-4bb6-9159-b9bcadb7f9aa', false);
INSERT INTO art_ping.project_employee VALUES ('9fdf3d8f-fe70-475d-ab25-61e1406d4118', '123737b9-2912-49e0-b7e1-fed174289c87', 'e908edfa-7f9c-4192-8e44-3392b3d15019', false);
INSERT INTO art_ping.project_employee VALUES ('88f38f79-ce2e-4ef3-83ca-25ada9790587', '123737b9-2912-49e0-b7e1-fed174289c87', '9cd3b747-99f4-4d7d-b20e-5bf11f1fdc2f', false);
INSERT INTO art_ping.project_employee VALUES ('061e2dbc-bb19-46f3-8b1f-523be8fd62a7', '123737b9-2912-49e0-b7e1-fed174289c87', '659edb95-e5c1-4799-a100-83604d912969', false);
INSERT INTO art_ping.project_employee VALUES ('791860d4-e3b6-4e92-9210-acbdd03f537a', '123737b9-2912-49e0-b7e1-fed174289c87', '63fc2908-a7d8-4f1b-afd5-be04c4cedac5', false);
INSERT INTO art_ping.project_employee VALUES ('72a99601-5133-44c0-a29d-c1cf53e43d96', '123737b9-2912-49e0-b7e1-fed174289c87', '35a5935f-ff01-413d-987e-38829b9e35d8', false);
INSERT INTO art_ping.project VALUES ('b4061fba-514c-4bf4-9143-e274efbc0db6', 'project141', true);
INSERT INTO art_ping.project_employee VALUES ('54f9bb60-07d9-4944-bdc9-727bf7fee600', 'b4061fba-514c-4bf4-9143-e274efbc0db6', '9795ad06-4fce-43b3-98ed-a4f4159d8198', false);
INSERT INTO art_ping.project_employee VALUES ('241db07e-54ce-4028-8b80-f0658b5d2524', 'b4061fba-514c-4bf4-9143-e274efbc0db6', '4467c931-7c5b-4458-b5e8-ae6c4a45b2e2', false);
INSERT INTO art_ping.project_employee VALUES ('9ce73dbd-b779-440b-9f38-6afd46e60559', 'b4061fba-514c-4bf4-9143-e274efbc0db6', 'f2ea8ba1-6d5a-4a1c-9f6c-5d1b7152e33a', false);
INSERT INTO art_ping.project_employee VALUES ('36958959-d6fa-4dc4-87aa-aec1a96edf9e', 'b4061fba-514c-4bf4-9143-e274efbc0db6', 'fc6e81f8-e1fd-4d04-b378-3aa9eb3d961a', false);
INSERT INTO art_ping.project_employee VALUES ('313c17b7-935a-4b9d-a7cf-b5cbb08760be', 'b4061fba-514c-4bf4-9143-e274efbc0db6', '02cc8562-7969-43ae-a855-896bda20f602', false);
INSERT INTO art_ping.project_employee VALUES ('e005d07e-0993-47c5-99c8-2a2c697b0616', 'b4061fba-514c-4bf4-9143-e274efbc0db6', '0b6b3701-f0ce-4283-a73a-bfd154a94671', false);
INSERT INTO art_ping.project_employee VALUES ('8449c49b-e0cb-4cd7-9739-1564de9c8908', 'b4061fba-514c-4bf4-9143-e274efbc0db6', 'b729d9e5-33eb-4dbf-ac6a-809af5fcbd2d', false);
INSERT INTO art_ping.project_employee VALUES ('1d8fafc1-c9d6-479a-903a-fd9c7071ca6a', 'b4061fba-514c-4bf4-9143-e274efbc0db6', '703df4e6-31a6-42bd-98c8-03f227671bd5', false);
INSERT INTO art_ping.project_employee VALUES ('8f4d493c-6de0-4d44-8c5a-9154778a8895', 'b4061fba-514c-4bf4-9143-e274efbc0db6', '3dd12a35-b0bc-4712-9820-1867ff4b7b56', false);
INSERT INTO art_ping.project VALUES ('97a211b2-3731-4aa6-acb6-b04fb64f7790', 'project142', true);
INSERT INTO art_ping.project_employee VALUES ('05f7e7e0-35f8-463a-b57a-123830ade0a6', '97a211b2-3731-4aa6-acb6-b04fb64f7790', '0012324d-6938-462e-86b1-b6e78d35d9e2', false);
INSERT INTO art_ping.project_employee VALUES ('9cc7e5e2-d391-4748-a375-a6b2359a5647', '97a211b2-3731-4aa6-acb6-b04fb64f7790', '6224d9c8-2988-4b5b-b9da-9ddc1d521a32', false);
INSERT INTO art_ping.project_employee VALUES ('97d6d3a4-95ec-4113-87b1-2e60608fb395', '97a211b2-3731-4aa6-acb6-b04fb64f7790', '2c89f475-cb7f-4ecc-a9b4-4c991f190f47', false);
INSERT INTO art_ping.project_employee VALUES ('ab50bd99-3fd0-4ac9-813e-81d4ca5c6a2c', '97a211b2-3731-4aa6-acb6-b04fb64f7790', '8ee3c4a7-58ac-41bf-bbfe-56efd2e3f71a', false);
INSERT INTO art_ping.project_employee VALUES ('54aaf271-99fb-4f3f-9e66-0ef228c204fb', '97a211b2-3731-4aa6-acb6-b04fb64f7790', '3b97c970-cd85-45ef-aa21-ab7728252a64', false);
INSERT INTO art_ping.project_employee VALUES ('cf875051-fd68-4003-96b8-4e8250d02cdb', '97a211b2-3731-4aa6-acb6-b04fb64f7790', '8779a71a-5d0c-48e2-8428-3718440ca45e', false);
INSERT INTO art_ping.project_employee VALUES ('c0730a71-96ab-40a1-a98e-d2d2a78ce6a8', '97a211b2-3731-4aa6-acb6-b04fb64f7790', '5ef53952-2c57-4e86-abdd-a884a667cdc0', false);
INSERT INTO art_ping.project_employee VALUES ('dd187327-30a8-4755-9365-d75d2fadf77f', '97a211b2-3731-4aa6-acb6-b04fb64f7790', '5ea6a810-7e9f-40d8-aa64-88aadd392bd6', false);
INSERT INTO art_ping.project_employee VALUES ('5c1febd9-b464-423f-be58-1b0b492ebccb', '97a211b2-3731-4aa6-acb6-b04fb64f7790', '0d79771d-9394-4c50-9646-19a665f1cb35', false);
INSERT INTO art_ping.project_employee VALUES ('b443795f-9138-4c82-9257-6d29efed51a3', '97a211b2-3731-4aa6-acb6-b04fb64f7790', '11777966-a5da-419b-a222-1697e06d1a75', false);
INSERT INTO art_ping.project VALUES ('1e918c9c-ae10-4a03-85dd-a6298cbbe1dc', 'project143', true);
INSERT INTO art_ping.project_employee VALUES ('3cd0790e-1048-4413-ba78-6d5b3bdedb86', '1e918c9c-ae10-4a03-85dd-a6298cbbe1dc', '8b38ba9e-39ac-4584-a949-c6fb9f258806', false);
INSERT INTO art_ping.project_employee VALUES ('86fd08c8-7a38-4b3e-afbb-e3b6e4eb2976', '1e918c9c-ae10-4a03-85dd-a6298cbbe1dc', '35b382d1-5b5b-4236-8366-556130d63523', false);
INSERT INTO art_ping.project_employee VALUES ('5e843bed-f164-45e4-bfc3-9d005d5da1c0', '1e918c9c-ae10-4a03-85dd-a6298cbbe1dc', 'a66493be-8679-4abc-83ff-3499b8b18a5a', false);
INSERT INTO art_ping.project_employee VALUES ('71257e11-044e-48d1-9e74-924f7fa18b73', '1e918c9c-ae10-4a03-85dd-a6298cbbe1dc', '135dff97-b4e1-466b-a9d4-d4453590aa84', false);
INSERT INTO art_ping.project_employee VALUES ('327807f6-625b-46c3-8d4e-0e5c2ea2a17a', '1e918c9c-ae10-4a03-85dd-a6298cbbe1dc', '3a0f78e5-a19d-47c8-8efa-be56fb97b7d4', false);
INSERT INTO art_ping.project_employee VALUES ('908c3053-a254-49f0-9b10-d9aa1b4c3fd3', '1e918c9c-ae10-4a03-85dd-a6298cbbe1dc', '0fbe8cf2-d827-4419-9dd8-41685f088e9e', false);
INSERT INTO art_ping.project_employee VALUES ('36d7efbb-127f-4713-a862-25d4d852d65c', '1e918c9c-ae10-4a03-85dd-a6298cbbe1dc', 'cd7c3636-983d-4772-a6a2-190b60419c5d', false);
INSERT INTO art_ping.project_employee VALUES ('7acddb3c-7f8c-4e52-987a-9fd3a249df16', '1e918c9c-ae10-4a03-85dd-a6298cbbe1dc', 'b729d9e5-33eb-4dbf-ac6a-809af5fcbd2d', false);
INSERT INTO art_ping.project_employee VALUES ('3ae2d5e9-48c2-4b1f-bc8e-ba98b77ae699', '1e918c9c-ae10-4a03-85dd-a6298cbbe1dc', '186f1015-7e57-44c7-81c1-6d64057462e6', false);
INSERT INTO art_ping.project_employee VALUES ('61cae69b-8be2-4683-8b6f-35055ad9188c', '1e918c9c-ae10-4a03-85dd-a6298cbbe1dc', '0012324d-6938-462e-86b1-b6e78d35d9e2', false);
INSERT INTO art_ping.project_employee VALUES ('b8043980-a60d-458a-955e-e08c3e580daf', '1e918c9c-ae10-4a03-85dd-a6298cbbe1dc', '9cd3b747-99f4-4d7d-b20e-5bf11f1fdc2f', false);
INSERT INTO art_ping.project_employee VALUES ('fc65af30-4228-4d1f-81db-372bd0f608e4', '1e918c9c-ae10-4a03-85dd-a6298cbbe1dc', 'ccab5ede-90ec-45f9-a6c5-c14b0034032c', false);
INSERT INTO art_ping.project_employee VALUES ('40c932f8-80c4-42ed-b62e-1c306cd98b5c', '1e918c9c-ae10-4a03-85dd-a6298cbbe1dc', '0a016578-3d13-455f-b13a-520c1d515805', false);
INSERT INTO art_ping.project_employee VALUES ('9f00f4c6-f978-4e00-8975-1f8e6a065192', '1e918c9c-ae10-4a03-85dd-a6298cbbe1dc', '6082c2d2-fa22-4c0b-b577-44c65009575c', false);
INSERT INTO art_ping.project_employee VALUES ('586d4df3-1a04-4b37-bebb-fe3db6692b19', '1e918c9c-ae10-4a03-85dd-a6298cbbe1dc', '71e411a1-8cd4-4fcd-af2d-9b05916f7b15', false);
INSERT INTO art_ping.project_employee VALUES ('2bef3042-d746-4547-a15d-03d7255efcf5', '1e918c9c-ae10-4a03-85dd-a6298cbbe1dc', 'c8bd3956-7976-4fc6-b067-f8e3742811c5', false);
INSERT INTO art_ping.project_employee VALUES ('493050c4-0ba3-4a61-bfdd-4c94a6458bbb', '1e918c9c-ae10-4a03-85dd-a6298cbbe1dc', '59528bd9-5caf-4f96-9662-01f2ce5303ee', false);
INSERT INTO art_ping.project_employee VALUES ('ce6d2afe-8a59-49a6-a8fa-7dabc1ac2459', '1e918c9c-ae10-4a03-85dd-a6298cbbe1dc', '03bd88d1-01fd-4196-9869-a66e3c7f5d50', false);
INSERT INTO art_ping.project_employee VALUES ('c6f053c8-9445-41e4-836e-38872823408b', '1e918c9c-ae10-4a03-85dd-a6298cbbe1dc', '19b2ef4e-cba1-4081-8ac5-a39d91c885c2', false);
INSERT INTO art_ping.project VALUES ('619cddb9-a42d-4c56-bc70-3cd8dccc7af0', 'project144', true);
INSERT INTO art_ping.project_employee VALUES ('80f296fd-49f5-421a-bfd5-253440175a4f', '619cddb9-a42d-4c56-bc70-3cd8dccc7af0', '0d878bc5-1550-4162-b0c2-37ef0a86734e', false);
INSERT INTO art_ping.project_employee VALUES ('856d2b46-4f79-4b65-b710-a50309700c65', '619cddb9-a42d-4c56-bc70-3cd8dccc7af0', '6788fe9e-0b6d-4091-9d2d-b7b395b0d6b9', false);
INSERT INTO art_ping.project_employee VALUES ('4782b85c-fdba-4c1e-9709-3528c802d634', '619cddb9-a42d-4c56-bc70-3cd8dccc7af0', '15bba202-c20a-4a9f-8b7b-d254c4b076b1', false);
INSERT INTO art_ping.project VALUES ('88b5239f-0db9-48f4-b23a-7f5588314473', 'project145', true);
INSERT INTO art_ping.project_employee VALUES ('34c52813-556a-41f2-b852-ce68e0f9a0a0', '88b5239f-0db9-48f4-b23a-7f5588314473', 'e1ea0ed8-80c2-43a3-97a2-2ad2e596e614', false);
INSERT INTO art_ping.project_employee VALUES ('88a6e7f9-6bfa-404f-9a77-3e5a00c3d90a', '88b5239f-0db9-48f4-b23a-7f5588314473', '51092587-faec-4445-aecb-d59208fb07c5', false);
INSERT INTO art_ping.project_employee VALUES ('ac7c7b74-42d7-4d60-9eb6-a6fd7a14f539', '88b5239f-0db9-48f4-b23a-7f5588314473', '79cc4504-acfd-40a9-8343-0da714742ed1', false);
INSERT INTO art_ping.project_employee VALUES ('e1b43092-be43-4941-bd16-db229afa1a29', '88b5239f-0db9-48f4-b23a-7f5588314473', 'ac3c940c-231c-4f2d-a74c-7503bb1887c6', false);
INSERT INTO art_ping.project VALUES ('8945b0fe-aa7a-4b37-b57e-21ef1789dbbe', 'project146', true);
INSERT INTO art_ping.project_employee VALUES ('200e6b95-3c1f-4f60-a97a-f2c328edb3df', '8945b0fe-aa7a-4b37-b57e-21ef1789dbbe', 'abb7e688-bd8d-4aa6-9eed-5450de8bc222', false);
INSERT INTO art_ping.project_employee VALUES ('c43e5813-6414-4813-ba5a-3bc387ce51f7', '8945b0fe-aa7a-4b37-b57e-21ef1789dbbe', '78faa8a1-22d5-4f98-9fd2-31211f41c5ca', false);
INSERT INTO art_ping.project_employee VALUES ('118e1966-5d3c-4e48-b5d4-42862c591681', '8945b0fe-aa7a-4b37-b57e-21ef1789dbbe', '3b97c970-cd85-45ef-aa21-ab7728252a64', false);
INSERT INTO art_ping.project_employee VALUES ('961b07e5-5964-4e8a-940f-7e4773b6ad0a', '8945b0fe-aa7a-4b37-b57e-21ef1789dbbe', 'b5131a17-901d-4a2a-90b0-53586b3fc53e', false);
INSERT INTO art_ping.project_employee VALUES ('d2c64e2b-a0d0-4d45-9094-f145dbca09bb', '8945b0fe-aa7a-4b37-b57e-21ef1789dbbe', '464ae57e-8993-4cf7-87b6-fc41331b5de0', false);
INSERT INTO art_ping.project_employee VALUES ('09e753ab-b25e-484e-bb72-d86172b1c4ec', '8945b0fe-aa7a-4b37-b57e-21ef1789dbbe', '1b31f41e-8764-42e1-a0a1-5ae42459ad76', false);
INSERT INTO art_ping.project VALUES ('833a870e-acc5-4965-aef2-c01fa3473824', 'project147', true);
INSERT INTO art_ping.project_employee VALUES ('470515bc-d98f-4147-9fce-03362a9b19ce', '833a870e-acc5-4965-aef2-c01fa3473824', '469ad035-138e-4ed1-8a41-c2cdd929c11a', false);
INSERT INTO art_ping.project_employee VALUES ('74b77da7-271b-4568-ac72-8fe6eb0ea348', '833a870e-acc5-4965-aef2-c01fa3473824', '3b5c4fc0-b5da-41bd-b03d-036a4931de21', false);
INSERT INTO art_ping.project_employee VALUES ('bf4d3619-5231-42b8-ba39-11f1625c2e5d', '833a870e-acc5-4965-aef2-c01fa3473824', '7624cdba-4646-456c-b188-ab9c6dc455b1', false);
INSERT INTO art_ping.project_employee VALUES ('cd64be1a-5a34-43c8-9bc3-e37134097370', '833a870e-acc5-4965-aef2-c01fa3473824', 'a9190978-5c24-44a5-a2c4-75739f690ee7', false);
INSERT INTO art_ping.project_employee VALUES ('2c186e75-10ab-4d91-a4f5-bca58cbbea5c', '833a870e-acc5-4965-aef2-c01fa3473824', '0c821e0c-2b09-4292-be75-7b83ab2d548a', false);
INSERT INTO art_ping.project_employee VALUES ('e49c1a22-c3e4-4e6b-9cce-7a52d0650c7c', '833a870e-acc5-4965-aef2-c01fa3473824', '50fdbdbe-cd9f-43c4-a5d6-5739de4e047a', false);
INSERT INTO art_ping.project_employee VALUES ('bd39bd0e-23cc-436e-8881-b3dafbbf207c', '833a870e-acc5-4965-aef2-c01fa3473824', '00636c47-fad1-42c8-8853-829ed78353d8', false);
INSERT INTO art_ping.project_employee VALUES ('c2675869-e969-4b64-8496-a605e541c0b0', '833a870e-acc5-4965-aef2-c01fa3473824', '8b218105-ea4a-4d23-8af4-dd4ec4986545', false);
INSERT INTO art_ping.project_employee VALUES ('74ccf819-9fd0-4b73-9f16-441bbcb28f33', '833a870e-acc5-4965-aef2-c01fa3473824', 'be4a84fb-dcfb-484c-9e59-6ec2c03ab595', false);
INSERT INTO art_ping.project_employee VALUES ('e2dc6b6d-7fdc-4e31-869c-acd792d0fb40', '833a870e-acc5-4965-aef2-c01fa3473824', '7f7f02df-4264-4040-ba9b-b0dff5f3b822', false);
INSERT INTO art_ping.project_employee VALUES ('71467ac4-7c2b-44dc-8b9c-5f134c9d8c6e', '833a870e-acc5-4965-aef2-c01fa3473824', 'b229245e-89c7-4bc9-99a0-c6bf47fc5316', false);
INSERT INTO art_ping.project_employee VALUES ('4a0abc94-519b-4c59-b53f-08112579c46d', '833a870e-acc5-4965-aef2-c01fa3473824', 'e53df53d-5cdd-413e-8606-289626360a05', false);
INSERT INTO art_ping.project_employee VALUES ('e3831bf8-f471-48c1-bf8f-ab98c9e4a31e', '833a870e-acc5-4965-aef2-c01fa3473824', '6881a055-7ba2-4676-ba07-89c1890a3a00', false);
INSERT INTO art_ping.project_employee VALUES ('943cba92-5d52-4853-82f7-0c69269fb345', '833a870e-acc5-4965-aef2-c01fa3473824', 'b9b3d71b-2925-4ad9-93d0-603b6ce5c447', false);
INSERT INTO art_ping.project_employee VALUES ('f32ceda9-6bc5-47d6-a796-cf8c613fb1ec', '833a870e-acc5-4965-aef2-c01fa3473824', '180ec0b3-23d5-47d0-966b-09f5f5dbb6af', false);
INSERT INTO art_ping.project_employee VALUES ('4d24a098-4c9b-4f0b-9b93-e088ff646bd4', '833a870e-acc5-4965-aef2-c01fa3473824', '4185fbf6-b027-4de1-972a-b82b272178aa', false);
INSERT INTO art_ping.project_employee VALUES ('fec04f1c-61ca-4756-8c90-443d29bea8b5', '833a870e-acc5-4965-aef2-c01fa3473824', '8e8bcccb-9ba6-4207-8c01-85599e7b5290', false);
INSERT INTO art_ping.project VALUES ('c1737dee-1386-427a-8cb4-0f7ac27dd551', 'project148', true);
INSERT INTO art_ping.project_employee VALUES ('ee23dbd1-0a16-474d-86dc-c68301dfe272', 'c1737dee-1386-427a-8cb4-0f7ac27dd551', 'f68c9b8b-a2e5-4509-9aab-88f5bb6a7a70', false);
INSERT INTO art_ping.project_employee VALUES ('224a416d-e943-4a4d-902b-aefc0f371659', 'c1737dee-1386-427a-8cb4-0f7ac27dd551', '287bdb46-2808-4bb6-9159-b9bcadb7f9aa', false);
INSERT INTO art_ping.project_employee VALUES ('26673013-9b38-47c6-b578-6177a204f9f7', 'c1737dee-1386-427a-8cb4-0f7ac27dd551', '78d6445f-7299-4012-9a65-a5799a0fe2fb', false);
INSERT INTO art_ping.project_employee VALUES ('9713aa41-65d4-46c8-bc8a-8b1940aac04e', 'c1737dee-1386-427a-8cb4-0f7ac27dd551', '73dc5ea9-b359-4737-8529-11f0ba856f7a', false);
INSERT INTO art_ping.project_employee VALUES ('74d36d3b-6a8f-442c-be48-4227b6f9454b', 'c1737dee-1386-427a-8cb4-0f7ac27dd551', 'fb5df13e-3aa0-4da4-b802-e31db07680ec', false);
INSERT INTO art_ping.project_employee VALUES ('1981ffb3-7dfe-451b-9941-b31c9219da35', 'c1737dee-1386-427a-8cb4-0f7ac27dd551', '8e2fa457-7a9d-4d54-b2db-9f397833c25b', false);
INSERT INTO art_ping.project_employee VALUES ('a93fedfd-05a1-4c03-943e-52680e8976dc', 'c1737dee-1386-427a-8cb4-0f7ac27dd551', 'd0d35692-5ae8-4dc5-9c90-b75c222a6b4a', false);
INSERT INTO art_ping.project_employee VALUES ('74e125d2-4eea-4934-9e5a-e66136242e19', 'c1737dee-1386-427a-8cb4-0f7ac27dd551', '3a59ad8e-4d52-442e-a860-dc5cd2d2d9cb', false);
INSERT INTO art_ping.project_employee VALUES ('8726d29c-1678-437b-8dae-b7453530296b', 'c1737dee-1386-427a-8cb4-0f7ac27dd551', 'd5f6b3e4-9a75-44a8-bee4-85dfa16754c5', false);
INSERT INTO art_ping.project_employee VALUES ('f930ce0b-690c-46ad-a38e-c20b0356530c', 'c1737dee-1386-427a-8cb4-0f7ac27dd551', '25dc240f-ad93-4633-a08b-67880ef1e89f', false);
INSERT INTO art_ping.project_employee VALUES ('ba480b03-ca43-4b9d-84f1-321c33ca8802', 'c1737dee-1386-427a-8cb4-0f7ac27dd551', '7d7b27db-3dd7-40f0-940e-40fd23583ae0', false);
INSERT INTO art_ping.project_employee VALUES ('00772f38-7b51-48af-805d-00d68c155a7a', 'c1737dee-1386-427a-8cb4-0f7ac27dd551', 'db6cfd2c-6c25-4e9a-83aa-cd8ae2f47e5b', false);
INSERT INTO art_ping.project_employee VALUES ('83a3f969-2bb3-4594-8f06-5e69be4f3db5', 'c1737dee-1386-427a-8cb4-0f7ac27dd551', '19b2ef4e-cba1-4081-8ac5-a39d91c885c2', false);
INSERT INTO art_ping.project_employee VALUES ('1c3f7669-c1a9-4bec-9ff6-f8107de91128', 'c1737dee-1386-427a-8cb4-0f7ac27dd551', '4d22d09f-b030-4274-a1a1-6acb3969d0c7', false);
INSERT INTO art_ping.project_employee VALUES ('c1706107-ca7c-4d5c-9afc-be6022dabf2b', 'c1737dee-1386-427a-8cb4-0f7ac27dd551', 'e94eaf5e-e5b2-4db0-be81-ec0a0972d75e', false);
INSERT INTO art_ping.project VALUES ('1f6729d4-b281-42ba-b7e4-021f6a31c06d', 'project149', true);
INSERT INTO art_ping.project_employee VALUES ('35303cab-c27b-4813-a2fd-da00f23c10c9', '1f6729d4-b281-42ba-b7e4-021f6a31c06d', '74cc180f-b211-4f22-92ac-3213eeccb369', false);
INSERT INTO art_ping.project_employee VALUES ('b3f2693a-3d41-4f6e-ae7a-44e38f267daf', '1f6729d4-b281-42ba-b7e4-021f6a31c06d', '9d9f3d27-6f7d-44b4-b90e-29ea9b70cd71', false);
INSERT INTO art_ping.project_employee VALUES ('165839ed-3383-40dd-8c97-84a2356fccfa', '1f6729d4-b281-42ba-b7e4-021f6a31c06d', 'fa20c090-d6e7-4a1f-96e8-351d412e2705', false);
INSERT INTO art_ping.project_employee VALUES ('f5cdca1a-f809-4f2b-985c-3ef15d181526', '1f6729d4-b281-42ba-b7e4-021f6a31c06d', 'e1ea0ed8-80c2-43a3-97a2-2ad2e596e614', false);
INSERT INTO art_ping.project_employee VALUES ('4556d3c3-9da5-4067-bb64-2e06bd48371c', '1f6729d4-b281-42ba-b7e4-021f6a31c06d', '9b199c54-97d9-4aa7-b356-4bb553a31c1f', false);
INSERT INTO art_ping.project_employee VALUES ('b777b308-38f6-4726-b979-f80fdb84883f', '1f6729d4-b281-42ba-b7e4-021f6a31c06d', 'ae2182b4-101d-4037-9ab1-7de9bdd32b9d', false);
INSERT INTO art_ping.project_employee VALUES ('257aeeb1-1d2b-4968-9090-3289e9ad9fc4', '1f6729d4-b281-42ba-b7e4-021f6a31c06d', '13d6b506-b013-47ce-984b-1aa82664a859', false);
UPDATE art_ping.employee SET asc_project_name = 'project12', desc_project_name = 'project92', asc_role_name = '', desc_role_name = '' WHERE id = 'a7242506-b4ec-4e3a-887b-1d9d87c81e5e';
UPDATE art_ping.employee SET asc_project_name = 'project11', desc_project_name = 'project90', asc_role_name = ' ', desc_role_name = '' WHERE id = 'e1bdea22-2992-489c-b20f-decfe60d28b9';
UPDATE art_ping.employee SET asc_project_name = 'project108', desc_project_name = 'project93', asc_role_name = '', desc_role_name = '' WHERE id = '0012324d-6938-462e-86b1-b6e78d35d9e2';
UPDATE art_ping.employee SET asc_project_name = 'project37', desc_project_name = 'project65', asc_role_name = '', desc_role_name = '' WHERE id = '04c1638e-bf5b-461f-b8d3-f1e46ff36e32';
UPDATE art_ping.employee SET asc_project_name = 'project35', desc_project_name = 'project97', asc_role_name = ' ', desc_role_name = '' WHERE id = '1409dba6-641a-4960-aedb-2b39cebf08de';
UPDATE art_ping.employee SET asc_project_name = 'project101', desc_project_name = 'project82', asc_role_name = '', desc_role_name = '' WHERE id = 'dddddd51-a076-494c-bed6-854476f58359';
UPDATE art_ping.employee SET asc_project_name = 'project31', desc_project_name = 'project9', asc_role_name = '', desc_role_name = '' WHERE id = '6b594298-35f0-426e-8e52-94565eb771a4';
UPDATE art_ping.employee SET asc_project_name = 'project19', desc_project_name = 'project7', asc_role_name = '', desc_role_name = '' WHERE id = '9b33d0fa-6e3b-4239-88fb-62e283a1ceff';
UPDATE art_ping.employee SET asc_project_name = 'project100', desc_project_name = 'project95', asc_role_name = '', desc_role_name = '' WHERE id = '6224d9c8-2988-4b5b-b9da-9ddc1d521a32';
UPDATE art_ping.employee SET asc_project_name = 'project1', desc_project_name = 'project17', asc_role_name = '   ', desc_role_name = '' WHERE id = '454cef13-92b0-4e56-87d9-18c3c57c92b2';
UPDATE art_ping.employee SET asc_project_name = 'project143', desc_project_name = 'project69', asc_role_name = ' ', desc_role_name = '' WHERE id = '59528bd9-5caf-4f96-9662-01f2ce5303ee';
UPDATE art_ping.employee SET asc_project_name = 'project101', desc_project_name = 'project71', asc_role_name = '', desc_role_name = '' WHERE id = '9591c510-dd28-4ecc-a62c-0ad37b30e650';
UPDATE art_ping.employee SET asc_project_name = 'project78', desc_project_name = 'project78', asc_role_name = ' ', desc_role_name = '' WHERE id = 'f65d8360-4cab-450e-b411-9e4dac49acbb';
UPDATE art_ping.employee SET asc_project_name = 'project132', desc_project_name = 'project87', asc_role_name = '   ', desc_role_name = '' WHERE id = 'cb792447-9bb3-4866-8870-854fe255e726';
UPDATE art_ping.employee SET asc_project_name = 'project24', desc_project_name = 'project96', asc_role_name = '', desc_role_name = '' WHERE id = '33a20cde-c2af-4afd-9e78-351a71c6865f';
UPDATE art_ping.employee SET asc_project_name = 'project109', desc_project_name = 'project9', asc_role_name = '', desc_role_name = '' WHERE id = 'e53df53d-5cdd-413e-8606-289626360a05';
UPDATE art_ping.employee SET asc_project_name = 'project106', desc_project_name = 'project93', asc_role_name = '   ', desc_role_name = '' WHERE id = '4d22d09f-b030-4274-a1a1-6acb3969d0c7';
UPDATE art_ping.employee SET asc_project_name = 'project105', desc_project_name = 'project88', asc_role_name = '   ', desc_role_name = '' WHERE id = '180ec0b3-23d5-47d0-966b-09f5f5dbb6af';
UPDATE art_ping.employee SET asc_project_name = 'project1', desc_project_name = 'project95', asc_role_name = '', desc_role_name = '' WHERE id = '83ac73a9-b34e-48ea-be0d-87c562931615';
UPDATE art_ping.employee SET asc_project_name = 'project135', desc_project_name = 'project138', asc_role_name = '', desc_role_name = '' WHERE id = 'bf849790-d679-4ad8-9d77-b3d13216f656';
UPDATE art_ping.employee SET asc_project_name = 'project105', desc_project_name = 'project73', asc_role_name = '   ', desc_role_name = '' WHERE id = '56516503-f170-4f1b-8b04-7f4936684e8b';
UPDATE art_ping.employee SET asc_project_name = 'project107', desc_project_name = 'project63', asc_role_name = '', desc_role_name = '' WHERE id = '0fbe8cf2-d827-4419-9dd8-41685f088e9e';
UPDATE art_ping.employee SET asc_project_name = 'project101', desc_project_name = 'project96', asc_role_name = '', desc_role_name = '' WHERE id = 'abb7e688-bd8d-4aa6-9eed-5450de8bc222';
UPDATE art_ping.employee SET asc_project_name = 'project114', desc_project_name = 'project36', asc_role_name = ' ', desc_role_name = '' WHERE id = 'c46f7ec4-99b2-4db6-8f0e-7dd16fb40b62';
UPDATE art_ping.employee SET asc_project_name = 'project127', desc_project_name = 'project91', asc_role_name = '   ', desc_role_name = '' WHERE id = '73dc5ea9-b359-4737-8529-11f0ba856f7a';
UPDATE art_ping.employee SET asc_project_name = 'project10', desc_project_name = 'project78', asc_role_name = '', desc_role_name = '' WHERE id = '35b382d1-5b5b-4236-8366-556130d63523';
UPDATE art_ping.employee SET asc_project_name = 'project110', desc_project_name = 'project9', asc_role_name = '   ', desc_role_name = '' WHERE id = '801e201f-8630-4b6a-ac3d-24cd64a44d85';
UPDATE art_ping.employee SET asc_project_name = 'project106', desc_project_name = 'project93', asc_role_name = '', desc_role_name = '' WHERE id = 'b822ea78-5404-4d32-8f73-0f26cb8a459e';
UPDATE art_ping.employee SET asc_project_name = 'project1', desc_project_name = 'project47', asc_role_name = ' ', desc_role_name = '' WHERE id = 'b31b7a99-146d-44c8-8aa3-f55fae2cd77f';
UPDATE art_ping.employee SET asc_project_name = 'project10', desc_project_name = 'project97', asc_role_name = '   ', desc_role_name = '' WHERE id = 'e26704e1-f069-4968-84e7-91b6277fd221';
UPDATE art_ping.employee SET asc_project_name = 'project104', desc_project_name = 'project56', asc_role_name = ' ', desc_role_name = '' WHERE id = '8949e26c-f25d-41f8-995a-f41b22bb9670';
UPDATE art_ping.employee SET asc_project_name = 'project0', desc_project_name = 'project81', asc_role_name = '', desc_role_name = '' WHERE id = '74cc180f-b211-4f22-92ac-3213eeccb369';
UPDATE art_ping.employee SET asc_project_name = 'project100', desc_project_name = 'project41', asc_role_name = ' ', desc_role_name = '' WHERE id = '540e0fff-5bd0-4a90-842d-05fb29ab9e44';
UPDATE art_ping.employee SET asc_project_name = 'project103', desc_project_name = 'project81', asc_role_name = '   ', desc_role_name = '' WHERE id = 'b0c4cc3f-9f15-416f-aa45-5e2d41ddc671';
UPDATE art_ping.employee SET asc_project_name = 'project110', desc_project_name = 'project79', asc_role_name = '', desc_role_name = '' WHERE id = '5651389c-fe71-4121-9b36-1d228b3f0ca7';
UPDATE art_ping.employee SET asc_project_name = 'project124', desc_project_name = 'project90', asc_role_name = '', desc_role_name = '' WHERE id = 'aa2122ff-82f3-4c14-ba60-eab3016bd411';
UPDATE art_ping.employee SET asc_project_name = 'project104', desc_project_name = 'project96', asc_role_name = '   ', desc_role_name = '' WHERE id = '464ae57e-8993-4cf7-87b6-fc41331b5de0';
UPDATE art_ping.employee SET asc_project_name = 'project84', desc_project_name = 'project87', asc_role_name = '   ', desc_role_name = '' WHERE id = '84de20f0-9398-4d14-b0c6-6472b6820cc9';
UPDATE art_ping.employee SET asc_project_name = 'project105', desc_project_name = 'project89', asc_role_name = '   ', desc_role_name = '' WHERE id = '52eccd6b-45bf-46b2-9aa9-34d83fb0331b';
UPDATE art_ping.employee SET asc_project_name = 'project107', desc_project_name = 'project96', asc_role_name = '', desc_role_name = '' WHERE id = '3b97c970-cd85-45ef-aa21-ab7728252a64';
UPDATE art_ping.employee SET asc_project_name = 'project145', desc_project_name = 'project81', asc_role_name = '', desc_role_name = '' WHERE id = '51092587-faec-4445-aecb-d59208fb07c5';
UPDATE art_ping.employee SET asc_project_name = 'project1', desc_project_name = 'project83', asc_role_name = '', desc_role_name = '' WHERE id = 'fa20c090-d6e7-4a1f-96e8-351d412e2705';
UPDATE art_ping.employee SET asc_project_name = 'project107', desc_project_name = 'project122', asc_role_name = '', desc_role_name = '' WHERE id = '1bfc94a1-8dc7-4011-9a80-bd44335bb913';
UPDATE art_ping.employee SET asc_project_name = 'project5', desc_project_name = 'project95', asc_role_name = '', desc_role_name = '' WHERE id = '8f3778ba-4d68-4b8c-9390-223b249e02c7';
UPDATE art_ping.employee SET asc_project_name = 'project115', desc_project_name = 'project26', asc_role_name = '', desc_role_name = '' WHERE id = 'e1093ad9-2342-4019-9ed6-9fd6e15c210f';
UPDATE art_ping.employee SET asc_project_name = 'project129', desc_project_name = 'project87', asc_role_name = ' ', desc_role_name = '' WHERE id = '0f7973aa-478f-49a4-8468-8480e53348f5';
UPDATE art_ping.employee SET asc_project_name = 'project119', desc_project_name = 'project76', asc_role_name = ' ', desc_role_name = '' WHERE id = '2867255e-1e35-4f77-9ac8-5867f9ae15df';
UPDATE art_ping.employee SET asc_project_name = 'project12', desc_project_name = 'project92', asc_role_name = '   ', desc_role_name = '' WHERE id = '4bc50c83-c697-4833-91bc-ef9593abc022';
UPDATE art_ping.employee SET asc_project_name = 'project107', desc_project_name = 'project80', asc_role_name = ' ', desc_role_name = '' WHERE id = 'fead7538-4a8d-41e9-ab89-b924c4432a13';
UPDATE art_ping.employee SET asc_project_name = 'project108', desc_project_name = 'project97', asc_role_name = '   ', desc_role_name = '' WHERE id = '6881a055-7ba2-4676-ba07-89c1890a3a00';
UPDATE art_ping.employee SET asc_project_name = 'project11', desc_project_name = 'project84', asc_role_name = '', desc_role_name = '' WHERE id = 'f2843e33-cc28-43d9-8d4c-6d214adb89b6';
UPDATE art_ping.employee SET asc_project_name = 'project48', desc_project_name = 'project87', asc_role_name = '   ', desc_role_name = '' WHERE id = 'b6fc1ef7-15f5-4215-8b5d-b346697d4d66';
UPDATE art_ping.employee SET asc_project_name = 'project122', desc_project_name = 'project97', asc_role_name = '   ', desc_role_name = '' WHERE id = '9a679ffe-ccaa-4bcf-b290-839628b4596e';
UPDATE art_ping.employee SET asc_project_name = 'project85', desc_project_name = 'project85', asc_role_name = ' ', desc_role_name = '' WHERE id = '59baddcc-919b-45c9-aeb1-c96cc4669483';
UPDATE art_ping.employee SET asc_project_name = 'project107', desc_project_name = 'project7', asc_role_name = '   ', desc_role_name = '' WHERE id = '8779a71a-5d0c-48e2-8428-3718440ca45e';
UPDATE art_ping.employee SET asc_project_name = 'project126', desc_project_name = 'project98', asc_role_name = ' ', desc_role_name = '' WHERE id = '2b982cd4-e5b9-460f-a7c1-962af2391722';
UPDATE art_ping.employee SET asc_project_name = 'project101', desc_project_name = 'project62', asc_role_name = '', desc_role_name = '' WHERE id = 'a30139ef-6739-445e-90e1-38cad8d50293';
UPDATE art_ping.employee SET asc_project_name = 'project110', desc_project_name = 'project89', asc_role_name = '', desc_role_name = '' WHERE id = '2908a3a2-867c-40ca-999f-af8e27ea2cd2';
UPDATE art_ping.employee SET asc_project_name = 'project1', desc_project_name = 'project75', asc_role_name = ' ', desc_role_name = '' WHERE id = 'c3b680a8-20bb-4195-a56b-761167f0a5e2';
UPDATE art_ping.employee SET asc_project_name = 'project111', desc_project_name = 'project79', asc_role_name = '', desc_role_name = '' WHERE id = '20c28b24-697e-4cfb-ac1e-6f1b2d2de3de';
UPDATE art_ping.employee SET asc_project_name = 'project10', desc_project_name = 'project68', asc_role_name = '   ', desc_role_name = '' WHERE id = '9795ad06-4fce-43b3-98ed-a4f4159d8198';
UPDATE art_ping.employee SET asc_project_name = 'project149', desc_project_name = 'project9', asc_role_name = '', desc_role_name = '' WHERE id = '9b199c54-97d9-4aa7-b356-4bb553a31c1f';
UPDATE art_ping.employee SET asc_project_name = 'project10', desc_project_name = 'project96', asc_role_name = '', desc_role_name = '' WHERE id = '2dbf058b-4c77-43c6-9a8e-d178fdcae437';
UPDATE art_ping.employee SET asc_project_name = 'project103', desc_project_name = 'project90', asc_role_name = '', desc_role_name = '' WHERE id = '659edb95-e5c1-4799-a100-83604d912969';
UPDATE art_ping.employee SET asc_project_name = 'project10', desc_project_name = 'project46', asc_role_name = '   ', desc_role_name = '' WHERE id = 'c540caab-411e-4aac-9f41-6294390f3c58';
UPDATE art_ping.employee SET asc_project_name = 'project0', desc_project_name = 'project78', asc_role_name = '   ', desc_role_name = '' WHERE id = 'e1ea0ed8-80c2-43a3-97a2-2ad2e596e614';
UPDATE art_ping.employee SET asc_project_name = 'project114', desc_project_name = 'project5', asc_role_name = '   ', desc_role_name = '' WHERE id = 'd46d9c33-a620-4c1b-8e28-4d347c1dc84e';
UPDATE art_ping.employee SET asc_project_name = 'project108', desc_project_name = 'project82', asc_role_name = '', desc_role_name = '' WHERE id = '00636c47-fad1-42c8-8853-829ed78353d8';
UPDATE art_ping.employee SET asc_project_name = 'project0', desc_project_name = 'project86', asc_role_name = '', desc_role_name = '' WHERE id = 'dfc03a25-ec14-47a4-a7d4-21d215d16eee';
UPDATE art_ping.employee SET asc_project_name = 'project110', desc_project_name = 'project99', asc_role_name = '   ', desc_role_name = '' WHERE id = '5ee9532f-300a-475a-b3f2-ec459eb14e9b';
UPDATE art_ping.employee SET asc_project_name = 'project146', desc_project_name = 'project82', asc_role_name = '', desc_role_name = '' WHERE id = '78faa8a1-22d5-4f98-9fd2-31211f41c5ca';
UPDATE art_ping.employee SET asc_project_name = 'project42', desc_project_name = 'project94', asc_role_name = '', desc_role_name = '' WHERE id = '03fa441f-0c56-4993-8348-e201b8609721';
UPDATE art_ping.employee SET asc_project_name = 'project147', desc_project_name = 'project79', asc_role_name = '', desc_role_name = '' WHERE id = '3b5c4fc0-b5da-41bd-b03d-036a4931de21';
UPDATE art_ping.employee SET asc_project_name = 'project33', desc_project_name = 'project53', asc_role_name = '   ', desc_role_name = '' WHERE id = 'e8da034a-a818-4519-ab3c-df5b45526744';
UPDATE art_ping.employee SET asc_project_name = 'project129', desc_project_name = 'project97', asc_role_name = '', desc_role_name = '' WHERE id = 'a7b43dbf-9e55-47ff-b635-3eaaa83976ab';
UPDATE art_ping.employee SET asc_project_name = 'project10', desc_project_name = 'project99', asc_role_name = '   ', desc_role_name = '' WHERE id = '25dc240f-ad93-4633-a08b-67880ef1e89f';
UPDATE art_ping.employee SET asc_project_name = 'project107', desc_project_name = 'project107', asc_role_name = ' ', desc_role_name = '' WHERE id = '1c9d7270-072b-466e-b5ed-7487d5fecb98';
UPDATE art_ping.employee SET asc_project_name = 'project106', desc_project_name = 'project97', asc_role_name = '   ', desc_role_name = '' WHERE id = 'f294e255-0c6e-4bee-8f10-afa1172d08f4';
UPDATE art_ping.employee SET asc_project_name = 'project104', desc_project_name = 'project93', asc_role_name = '', desc_role_name = '' WHERE id = 'e45aa7b9-acc5-4456-8b9c-1c9a5bb6944f';
UPDATE art_ping.employee SET asc_project_name = 'project100', desc_project_name = 'project71', asc_role_name = '', desc_role_name = '' WHERE id = 'f8983a7a-fc5f-4ddc-aaa2-b5e75b472253';
UPDATE art_ping.employee SET asc_project_name = 'project105', desc_project_name = 'project7', asc_role_name = '   ', desc_role_name = '' WHERE id = '7f1b2eac-41b0-4fbc-92d0-0b85a563306b';
UPDATE art_ping.employee SET asc_project_name = 'project107', desc_project_name = 'project81', asc_role_name = '   ', desc_role_name = '' WHERE id = '02cc8562-7969-43ae-a855-896bda20f602';
UPDATE art_ping.employee SET asc_project_name = 'project0', desc_project_name = 'project80', asc_role_name = '', desc_role_name = '' WHERE id = '19b2ef4e-cba1-4081-8ac5-a39d91c885c2';
UPDATE art_ping.employee SET asc_project_name = 'project115', desc_project_name = 'project88', asc_role_name = ' ', desc_role_name = '' WHERE id = '705eacd0-2b9b-471b-af28-f7aebaa5c8d9';
UPDATE art_ping.employee SET asc_project_name = 'project32', desc_project_name = 'project67', asc_role_name = '', desc_role_name = '' WHERE id = '039a657d-7795-4c77-b8a1-f817bf0af5a3';
UPDATE art_ping.employee SET asc_project_name = 'project127', desc_project_name = 'project79', asc_role_name = '', desc_role_name = '' WHERE id = 'e908edfa-7f9c-4192-8e44-3392b3d15019';
UPDATE art_ping.employee SET asc_project_name = 'project38', desc_project_name = 'project38', asc_role_name = '   ', desc_role_name = '' WHERE id = 'b9061b48-6319-4fef-a10c-d2cfa17e9af9';
UPDATE art_ping.employee SET asc_project_name = 'project114', desc_project_name = 'project94', asc_role_name = '', desc_role_name = '' WHERE id = '3dd12a35-b0bc-4712-9820-1867ff4b7b56';
UPDATE art_ping.employee SET asc_project_name = 'project118', desc_project_name = 'project97', asc_role_name = '', desc_role_name = '' WHERE id = '97d4e815-ae13-4d16-89ee-a41a068c08f5';
UPDATE art_ping.employee SET asc_project_name = 'project102', desc_project_name = 'project84', asc_role_name = '', desc_role_name = '' WHERE id = '5b8db2a7-25ee-42d2-bf6c-e7ae8b81945f';
UPDATE art_ping.employee SET asc_project_name = 'project124', desc_project_name = 'project88', asc_role_name = ' ', desc_role_name = '' WHERE id = '8ad0648e-a4b8-46ba-9c8d-b940cfbc5c08';
UPDATE art_ping.employee SET asc_project_name = 'project119', desc_project_name = 'project90', asc_role_name = '   ', desc_role_name = '' WHERE id = '19d1efb8-ee88-4363-959d-03669db4d466';
UPDATE art_ping.employee SET asc_project_name = 'project148', desc_project_name = 'project64', asc_role_name = '', desc_role_name = '' WHERE id = 'd5f6b3e4-9a75-44a8-bee4-85dfa16754c5';
UPDATE art_ping.employee SET asc_project_name = 'project106', desc_project_name = 'project55', asc_role_name = '', desc_role_name = '' WHERE id = 'a000626e-6682-4627-a6fa-0085a5e5af74';
UPDATE art_ping.employee SET asc_project_name = 'project118', desc_project_name = 'project73', asc_role_name = '   ', desc_role_name = '' WHERE id = '4b1bba58-6eb5-49c7-a863-fa902dcac55c';
UPDATE art_ping.employee SET asc_project_name = 'project116', desc_project_name = 'project92', asc_role_name = '', desc_role_name = '' WHERE id = 'db6cfd2c-6c25-4e9a-83aa-cd8ae2f47e5b';
UPDATE art_ping.employee SET asc_project_name = 'project18', desc_project_name = 'project49', asc_role_name = '', desc_role_name = '' WHERE id = '8a2c1ea1-9f31-45fd-bf8a-d5e909471c37';
UPDATE art_ping.employee SET asc_project_name = 'project128', desc_project_name = 'project77', asc_role_name = '', desc_role_name = '' WHERE id = 'd8235bf0-6cb4-40c4-bcff-fce23ed0f8ab';
UPDATE art_ping.employee SET asc_project_name = 'project22', desc_project_name = 'project82', asc_role_name = ' ', desc_role_name = '' WHERE id = 'b8c026a7-e397-42bb-8a2f-a31dc4d63993';
UPDATE art_ping.employee SET asc_project_name = 'project116', desc_project_name = 'project59', asc_role_name = ' ', desc_role_name = '' WHERE id = '9cd3b747-99f4-4d7d-b20e-5bf11f1fdc2f';
UPDATE art_ping.employee SET asc_project_name = 'project63', desc_project_name = 'project63', asc_role_name = '', desc_role_name = '' WHERE id = 'd2abec78-041a-4237-a04b-afe32191b1ce';
UPDATE art_ping.employee SET asc_project_name = 'project123', desc_project_name = 'project96', asc_role_name = '   ', desc_role_name = '' WHERE id = 'ab56e4fa-0d6c-489c-94d3-5b7dc276e3bf';
UPDATE art_ping.employee SET asc_project_name = 'project105', desc_project_name = 'project18', asc_role_name = ' ', desc_role_name = '' WHERE id = '7624cdba-4646-456c-b188-ab9c6dc455b1';
UPDATE art_ping.employee SET asc_project_name = 'project11', desc_project_name = 'project86', asc_role_name = '', desc_role_name = '' WHERE id = '1eff4c81-5cbf-471c-87f3-73095daddfb8';
UPDATE art_ping.employee SET asc_project_name = 'project102', desc_project_name = 'project99', asc_role_name = '', desc_role_name = '' WHERE id = 'f63c7ea4-43e8-4279-8d79-67d9e0e39c66';
UPDATE art_ping.employee SET asc_project_name = 'project109', desc_project_name = 'project78', asc_role_name = ' ', desc_role_name = '' WHERE id = 'fe3f9740-b04f-4506-8cc5-ca3eb38d4804';
UPDATE art_ping.employee SET asc_project_name = 'project104', desc_project_name = 'project78', asc_role_name = '', desc_role_name = '' WHERE id = '66e5b65b-8df7-4a31-8579-88043437f7db';
UPDATE art_ping.employee SET asc_project_name = 'project1', desc_project_name = 'project92', asc_role_name = '', desc_role_name = '' WHERE id = '8c778e78-17dd-47ff-81d9-8c550d9e7cb3';
UPDATE art_ping.employee SET asc_project_name = 'project104', desc_project_name = 'project81', asc_role_name = '', desc_role_name = '' WHERE id = '6949b072-5157-4d9c-8bfa-ac1ad6e0a3c2';
UPDATE art_ping.employee SET asc_project_name = 'project107', desc_project_name = 'project76', asc_role_name = '   ', desc_role_name = '' WHERE id = 'c90c1514-118d-4c02-a022-cb8f65b703b8';
UPDATE art_ping.employee SET asc_project_name = 'project11', desc_project_name = 'project68', asc_role_name = '', desc_role_name = '' WHERE id = '0f919dc6-1f1c-4e66-b4c1-31bbe6ae25d3';
UPDATE art_ping.employee SET asc_project_name = 'project100', desc_project_name = 'project4', asc_role_name = '   ', desc_role_name = '' WHERE id = '33bb851b-af14-41e7-9546-c771e67cc2a2';
UPDATE art_ping.employee SET asc_project_name = 'project10', desc_project_name = 'project93', asc_role_name = '', desc_role_name = '' WHERE id = '842f34d1-cdc8-42ad-9468-3c5a31205e56';
UPDATE art_ping.employee SET asc_project_name = 'project10', desc_project_name = 'project21', asc_role_name = ' ', desc_role_name = '' WHERE id = 'a66493be-8679-4abc-83ff-3499b8b18a5a';
UPDATE art_ping.employee SET asc_project_name = 'project140', desc_project_name = 'project99', asc_role_name = '', desc_role_name = '' WHERE id = '35a5935f-ff01-413d-987e-38829b9e35d8';
UPDATE art_ping.employee SET asc_project_name = 'project116', desc_project_name = 'project54', asc_role_name = ' ', desc_role_name = '' WHERE id = 'edbec007-0b9d-47ee-9cb6-a8e2893e3f40';
UPDATE art_ping.employee SET asc_project_name = 'project115', desc_project_name = 'project85', asc_role_name = '', desc_role_name = '' WHERE id = '0ad2eacd-3cc2-46ad-8308-f3e90ca9ecc8';
UPDATE art_ping.employee SET asc_project_name = 'project1', desc_project_name = 'project7', asc_role_name = '   ', desc_role_name = '' WHERE id = '135dff97-b4e1-466b-a9d4-d4453590aa84';
UPDATE art_ping.employee SET asc_project_name = 'project114', desc_project_name = 'project73', asc_role_name = '', desc_role_name = '' WHERE id = '78d6445f-7299-4012-9a65-a5799a0fe2fb';
UPDATE art_ping.employee SET asc_project_name = 'project107', desc_project_name = 'project76', asc_role_name = '', desc_role_name = '' WHERE id = '017ad935-59c4-4d22-ab4b-27edc7a33b43';
UPDATE art_ping.employee SET asc_project_name = 'project10', desc_project_name = 'project35', asc_role_name = '', desc_role_name = '' WHERE id = '472da417-bf5d-4905-b707-73744c3e44eb';
UPDATE art_ping.employee SET asc_project_name = 'project134', desc_project_name = 'project71', asc_role_name = '', desc_role_name = '' WHERE id = '67098364-3f5b-4ca9-b972-6ba74eba9bd8';
UPDATE art_ping.employee SET asc_project_name = 'project103', desc_project_name = 'project94', asc_role_name = '   ', desc_role_name = '' WHERE id = '4185fbf6-b027-4de1-972a-b82b272178aa';
UPDATE art_ping.employee SET asc_project_name = 'project104', desc_project_name = 'project98', asc_role_name = '   ', desc_role_name = '' WHERE id = 'e2dc7495-ec2d-459d-9620-15275e99377f';
UPDATE art_ping.employee SET asc_project_name = 'project121', desc_project_name = 'project91', asc_role_name = '   ', desc_role_name = '' WHERE id = '6cd5df54-a26a-4566-b9ab-526fa2734844';
UPDATE art_ping.employee SET asc_project_name = 'project141', desc_project_name = 'project81', asc_role_name = '   ', desc_role_name = '' WHERE id = 'f2ea8ba1-6d5a-4a1c-9f6c-5d1b7152e33a';
UPDATE art_ping.employee SET asc_project_name = 'project126', desc_project_name = 'project86', asc_role_name = '   ', desc_role_name = '' WHERE id = '186f1015-7e57-44c7-81c1-6d64057462e6';
UPDATE art_ping.employee SET asc_project_name = 'project143', desc_project_name = 'project94', asc_role_name = ' ', desc_role_name = '' WHERE id = '8b38ba9e-39ac-4584-a949-c6fb9f258806';
UPDATE art_ping.employee SET asc_project_name = 'project10', desc_project_name = 'project39', asc_role_name = '   ', desc_role_name = '' WHERE id = '054c17e6-ee5a-4058-ba0f-32a4c47f0f3f';
UPDATE art_ping.employee SET asc_project_name = 'project115', desc_project_name = 'project69', asc_role_name = '', desc_role_name = '' WHERE id = '4136b392-dfaf-42a2-a803-bb148c5d738e';
UPDATE art_ping.employee SET asc_project_name = 'project101', desc_project_name = 'project75', asc_role_name = '', desc_role_name = '' WHERE id = '5ea6a810-7e9f-40d8-aa64-88aadd392bd6';
UPDATE art_ping.employee SET asc_project_name = 'project124', desc_project_name = 'project73', asc_role_name = '', desc_role_name = '' WHERE id = '748d2171-c83b-49d6-9f31-6c56614a38fd';
UPDATE art_ping.employee SET asc_project_name = 'project10', desc_project_name = 'project53', asc_role_name = '', desc_role_name = '' WHERE id = '78d3c6fc-9ec2-4d5e-8837-634ba205e97b';
UPDATE art_ping.employee SET asc_project_name = 'project120', desc_project_name = 'project97', asc_role_name = '   ', desc_role_name = '' WHERE id = '1b31f41e-8764-42e1-a0a1-5ae42459ad76';
UPDATE art_ping.employee SET asc_project_name = 'project0', desc_project_name = 'project21', asc_role_name = '', desc_role_name = '' WHERE id = '2c89f475-cb7f-4ecc-a9b4-4c991f190f47';
UPDATE art_ping.employee SET asc_project_name = 'project102', desc_project_name = 'project91', asc_role_name = '   ', desc_role_name = '' WHERE id = '07aa3b36-5dbe-4e2d-bd9c-2c10de4fe31c';
UPDATE art_ping.employee SET asc_project_name = 'project109', desc_project_name = 'project89', asc_role_name = ' ', desc_role_name = '' WHERE id = '79cc4504-acfd-40a9-8343-0da714742ed1';
UPDATE art_ping.employee SET asc_project_name = 'project116', desc_project_name = 'project94', asc_role_name = '', desc_role_name = '' WHERE id = 'e5972d1b-7230-42db-9aa1-680c6576421a';
UPDATE art_ping.employee SET asc_project_name = 'project0', desc_project_name = 'project96', asc_role_name = '', desc_role_name = '' WHERE id = '9d9f3d27-6f7d-44b4-b90e-29ea9b70cd71';
UPDATE art_ping.employee SET asc_project_name = 'project114', desc_project_name = 'project30', asc_role_name = '   ', desc_role_name = '' WHERE id = '11777966-a5da-419b-a222-1697e06d1a75';
UPDATE art_ping.employee SET asc_project_name = 'project102', desc_project_name = 'project97', asc_role_name = '', desc_role_name = '' WHERE id = '8e8bcccb-9ba6-4207-8c01-85599e7b5290';
UPDATE art_ping.employee SET asc_project_name = 'project12', desc_project_name = 'project95', asc_role_name = '', desc_role_name = '' WHERE id = '579ad4d9-ce39-459c-bbf0-bc6064386cd9';
UPDATE art_ping.employee SET asc_project_name = 'null', desc_project_name = 'null', asc_role_name = '', desc_role_name = '' WHERE id = '51a29037-c8d5-4651-b6d6-07ba63a0beea';
UPDATE art_ping.employee SET asc_project_name = 'project132', desc_project_name = 'project92', asc_role_name = '', desc_role_name = '' WHERE id = 'b3363893-a62d-4c5c-9097-85f825e233ab';
UPDATE art_ping.employee SET asc_project_name = 'project68', desc_project_name = 'project95', asc_role_name = '', desc_role_name = '' WHERE id = 'c9318c7a-1d92-4bf8-ad4d-5863ad613bec';
UPDATE art_ping.employee SET asc_project_name = 'project106', desc_project_name = 'project127', asc_role_name = '', desc_role_name = '' WHERE id = '565e4cb8-57d7-4db8-b895-c675568040f6';
UPDATE art_ping.employee SET asc_project_name = 'project104', desc_project_name = 'project91', asc_role_name = '', desc_role_name = '' WHERE id = '34758c18-8793-49ed-ba1b-03563ab4c9ac';
UPDATE art_ping.employee SET asc_project_name = 'project123', desc_project_name = 'project89', asc_role_name = '', desc_role_name = '' WHERE id = '8f548657-24aa-491e-b516-1d75024c24c4';
UPDATE art_ping.employee SET asc_project_name = 'project141', desc_project_name = 'project85', asc_role_name = '', desc_role_name = '' WHERE id = '0b6b3701-f0ce-4283-a73a-bfd154a94671';
UPDATE art_ping.employee SET asc_project_name = 'project104', desc_project_name = 'project81', asc_role_name = '   ', desc_role_name = '' WHERE id = '9815abd0-739b-4684-b4e0-23d71d2e4c3b';
UPDATE art_ping.employee SET asc_project_name = 'project119', desc_project_name = 'project47', asc_role_name = '', desc_role_name = '' WHERE id = '543f7bf5-07f6-463b-a2b3-57a909fabb86';
UPDATE art_ping.employee SET asc_project_name = 'project10', desc_project_name = 'project91', asc_role_name = '', desc_role_name = '' WHERE id = '7f7f02df-4264-4040-ba9b-b0dff5f3b822';
UPDATE art_ping.employee SET asc_project_name = 'project1', desc_project_name = 'project56', asc_role_name = '', desc_role_name = '' WHERE id = '903a3ea2-a47f-4f02-ae1f-8a36f2bcc94d';
UPDATE art_ping.employee SET asc_project_name = 'project122', desc_project_name = 'project91', asc_role_name = ' ', desc_role_name = '' WHERE id = '82f36dff-c692-447e-8e33-535e5813245f';
UPDATE art_ping.employee SET asc_project_name = 'project16', desc_project_name = 'project99', asc_role_name = '', desc_role_name = '' WHERE id = '17622583-a55a-4f34-8148-ef2ec9a41ea5';
UPDATE art_ping.employee SET asc_project_name = 'project1', desc_project_name = 'project91', asc_role_name = '   ', desc_role_name = '' WHERE id = 'd61aae5c-d16a-4864-b56c-d96c04c226e0';
UPDATE art_ping.employee SET asc_project_name = 'project110', desc_project_name = 'project6', asc_role_name = '', desc_role_name = '' WHERE id = '51155bd1-fd9e-42ea-a6be-f2365652b6a1';
UPDATE art_ping.employee SET asc_project_name = 'project102', desc_project_name = 'project96', asc_role_name = '', desc_role_name = '' WHERE id = 'e262c579-6802-472a-ac75-d488ea8256fa';
UPDATE art_ping.employee SET asc_project_name = 'project12', desc_project_name = 'project83', asc_role_name = ' ', desc_role_name = '' WHERE id = 'ccab5ede-90ec-45f9-a6c5-c14b0034032c';
UPDATE art_ping.employee SET asc_project_name = 'project108', desc_project_name = 'project63', asc_role_name = ' ', desc_role_name = '' WHERE id = '9016fc64-56c6-4250-a83e-c7a780948e87';
UPDATE art_ping.employee SET asc_project_name = 'project101', desc_project_name = 'project137', asc_role_name = '', desc_role_name = '' WHERE id = '8f60ac08-a513-4329-b2b2-db18aed20066';
UPDATE art_ping.employee SET asc_project_name = 'project74', desc_project_name = 'project99', asc_role_name = '', desc_role_name = '' WHERE id = '3663a6e6-7ce4-4afe-b9a0-7174100643e7';
UPDATE art_ping.employee SET asc_project_name = 'project110', desc_project_name = 'project88', asc_role_name = '', desc_role_name = '' WHERE id = '15b12267-a20e-437c-97b3-1b578dce50af';
UPDATE art_ping.employee SET asc_project_name = 'project129', desc_project_name = 'project85', asc_role_name = '', desc_role_name = '' WHERE id = '9526ec9f-3f38-48bc-b017-7ad1c1e701b9';
UPDATE art_ping.employee SET asc_project_name = 'project128', desc_project_name = 'project85', asc_role_name = '', desc_role_name = '' WHERE id = '9b8e086a-79c4-4945-8b9b-121fc5c0f1da';
UPDATE art_ping.employee SET asc_project_name = 'project140', desc_project_name = 'project84', asc_role_name = '', desc_role_name = '' WHERE id = '287bdb46-2808-4bb6-9159-b9bcadb7f9aa';
UPDATE art_ping.employee SET asc_project_name = 'project107', desc_project_name = 'project77', asc_role_name = '', desc_role_name = '' WHERE id = '8b218105-ea4a-4d23-8af4-dd4ec4986545';
UPDATE art_ping.employee SET asc_project_name = 'project24', desc_project_name = 'project75', asc_role_name = '   ', desc_role_name = '' WHERE id = '8539b154-bcdd-46bd-9129-d8204964a577';
UPDATE art_ping.employee SET asc_project_name = 'project131', desc_project_name = 'project27', asc_role_name = '', desc_role_name = '' WHERE id = 'a6429b57-4091-4204-915a-a4a8049a3da6';
UPDATE art_ping.employee SET asc_project_name = 'project85', desc_project_name = 'project86', asc_role_name = ' ', desc_role_name = '' WHERE id = 'af3b32a0-df8c-432f-88a9-cdfeec2f2331';
UPDATE art_ping.employee SET asc_project_name = 'project137', desc_project_name = 'project69', asc_role_name = ' ', desc_role_name = '' WHERE id = '8415afe4-bdac-4f3e-abf1-a5c30947e033';
UPDATE art_ping.employee SET asc_project_name = 'project1', desc_project_name = 'project94', asc_role_name = '', desc_role_name = '' WHERE id = 'ac3c940c-231c-4f2d-a74c-7503bb1887c6';
UPDATE art_ping.employee SET asc_project_name = 'project102', desc_project_name = 'project91', asc_role_name = '   ', desc_role_name = '' WHERE id = '4b618720-fc2b-450e-b5aa-7e6a457f9188';
UPDATE art_ping.employee SET asc_project_name = 'project56', desc_project_name = 'project79', asc_role_name = '', desc_role_name = '' WHERE id = 'c6fd483d-15b1-40ac-940f-2f648ca78d5f';
UPDATE art_ping.employee SET asc_project_name = 'project107', desc_project_name = 'project69', asc_role_name = '   ', desc_role_name = '' WHERE id = '0d79771d-9394-4c50-9646-19a665f1cb35';
UPDATE art_ping.employee SET asc_project_name = 'project133', desc_project_name = 'project87', asc_role_name = '', desc_role_name = '' WHERE id = 'f68c9b8b-a2e5-4509-9aab-88f5bb6a7a70';
UPDATE art_ping.employee SET asc_project_name = 'project126', desc_project_name = 'project84', asc_role_name = '', desc_role_name = '' WHERE id = '797bdf2a-70f1-4d51-ae75-f1998c189404';
UPDATE art_ping.employee SET asc_project_name = 'project112', desc_project_name = 'project96', asc_role_name = '', desc_role_name = '' WHERE id = '84ab89ab-1097-4316-8aee-fbc91c705cf4';
UPDATE art_ping.employee SET asc_project_name = 'project149', desc_project_name = 'project73', asc_role_name = '', desc_role_name = '' WHERE id = '13d6b506-b013-47ce-984b-1aa82664a859';
UPDATE art_ping.employee SET asc_project_name = 'project21', desc_project_name = 'project77', asc_role_name = '', desc_role_name = '' WHERE id = 'da677ce4-a7e2-44c7-b94f-cb7ec2e309f8';
UPDATE art_ping.employee SET asc_project_name = 'project112', desc_project_name = 'project85', asc_role_name = '   ', desc_role_name = '' WHERE id = '6363bc74-87d5-43d3-8a9b-75351223cb96';
UPDATE art_ping.employee SET asc_project_name = 'project16', desc_project_name = 'project94', asc_role_name = '   ', desc_role_name = '' WHERE id = '3a1cee63-504c-468f-a9ec-08f7d3288079';
UPDATE art_ping.employee SET asc_project_name = 'project146', desc_project_name = 'project71', asc_role_name = '   ', desc_role_name = '' WHERE id = 'b5131a17-901d-4a2a-90b0-53586b3fc53e';
UPDATE art_ping.employee SET asc_project_name = 'project131', desc_project_name = 'project53', asc_role_name = ' ', desc_role_name = '' WHERE id = '54d1c74f-b264-4801-9fe3-7b52da677b00';
UPDATE art_ping.employee SET asc_project_name = 'project110', desc_project_name = 'project42', asc_role_name = ' ', desc_role_name = '' WHERE id = 'e6b66764-9b4c-453a-b94a-ded325a61809';
UPDATE art_ping.employee SET asc_project_name = 'project1', desc_project_name = 'project99', asc_role_name = ' ', desc_role_name = '' WHERE id = '20ea6750-716b-43fa-8414-d17288ad211e';
UPDATE art_ping.employee SET asc_project_name = 'project113', desc_project_name = 'project81', asc_role_name = '', desc_role_name = '' WHERE id = '5fff669d-f260-46f6-988f-5f03f8b8a045';
UPDATE art_ping.employee SET asc_project_name = 'project130', desc_project_name = 'project62', asc_role_name = '   ', desc_role_name = '' WHERE id = 'ccc5823e-a619-4982-bf72-0e61feff6f92';
UPDATE art_ping.employee SET asc_project_name = 'project125', desc_project_name = 'project89', asc_role_name = '', desc_role_name = '' WHERE id = '797cdf14-fa24-4f54-988d-ea0063cfc947';
UPDATE art_ping.employee SET asc_project_name = 'project107', desc_project_name = 'project90', asc_role_name = '', desc_role_name = '' WHERE id = 'fb5df13e-3aa0-4da4-b802-e31db07680ec';
UPDATE art_ping.employee SET asc_project_name = 'project123', desc_project_name = 'project30', asc_role_name = ' ', desc_role_name = '' WHERE id = '76d07a1b-3570-4419-afaa-1f67b3388406';
UPDATE art_ping.employee SET asc_project_name = 'project114', desc_project_name = 'project93', asc_role_name = ' ', desc_role_name = '' WHERE id = '36e2d929-919b-43c3-a4cc-d28911382b29';
UPDATE art_ping.employee SET asc_project_name = 'project0', desc_project_name = 'project49', asc_role_name = ' ', desc_role_name = '' WHERE id = '9a06c2e5-08ac-46c4-9452-e42e0fb76b0f';
UPDATE art_ping.employee SET asc_project_name = 'project10', desc_project_name = 'project96', asc_role_name = '   ', desc_role_name = '' WHERE id = '8ee3c4a7-58ac-41bf-bbfe-56efd2e3f71a';
UPDATE art_ping.employee SET asc_project_name = 'project106', desc_project_name = 'project97', asc_role_name = '', desc_role_name = '' WHERE id = 'fc6e81f8-e1fd-4d04-b378-3aa9eb3d961a';
UPDATE art_ping.employee SET asc_project_name = 'project110', desc_project_name = 'project97', asc_role_name = '   ', desc_role_name = '' WHERE id = '7c2edd62-d898-4ddd-bc8f-91ae0cf6054d';
UPDATE art_ping.employee SET asc_project_name = 'project109', desc_project_name = 'project97', asc_role_name = '', desc_role_name = '' WHERE id = '695ced66-b71b-44b8-9cea-36e7bbb792af';
UPDATE art_ping.employee SET asc_project_name = 'project11', desc_project_name = 'project73', asc_role_name = '   ', desc_role_name = '' WHERE id = 'dd028c8b-d720-4875-933f-d1b016aa800a';
UPDATE art_ping.employee SET asc_project_name = 'project106', desc_project_name = 'project99', asc_role_name = '', desc_role_name = '' WHERE id = '6cf0f201-a643-4c41-9bb6-297b8c1f18b0';
UPDATE art_ping.employee SET asc_project_name = 'project106', desc_project_name = 'project86', asc_role_name = '', desc_role_name = '' WHERE id = 'da9a3888-66b6-490f-940f-c8080ddf34f0';
UPDATE art_ping.employee SET asc_project_name = 'project10', desc_project_name = 'project86', asc_role_name = '   ', desc_role_name = '' WHERE id = 'cbee8fe4-4285-4dd7-a761-5845eac12471';
UPDATE art_ping.employee SET asc_project_name = 'project103', desc_project_name = 'project37', asc_role_name = '', desc_role_name = '' WHERE id = '8e2fa457-7a9d-4d54-b2db-9f397833c25b';
UPDATE art_ping.employee SET asc_project_name = 'project106', desc_project_name = 'project7', asc_role_name = '', desc_role_name = '' WHERE id = '7d7b27db-3dd7-40f0-940e-40fd23583ae0';
UPDATE art_ping.employee SET asc_project_name = 'project117', desc_project_name = 'project97', asc_role_name = '', desc_role_name = '' WHERE id = '8d4a039e-f3dd-40e4-9fc2-67e88735598f';
UPDATE art_ping.employee SET asc_project_name = 'project48', desc_project_name = 'project81', asc_role_name = '', desc_role_name = '' WHERE id = '3cc460d6-ae56-46b0-b03b-9731103c9ed5';
UPDATE art_ping.employee SET asc_project_name = 'project12', desc_project_name = 'project91', asc_role_name = '', desc_role_name = '' WHERE id = '5ef53952-2c57-4e86-abdd-a884a667cdc0';
UPDATE art_ping.employee SET asc_project_name = 'project118', desc_project_name = 'project91', asc_role_name = ' ', desc_role_name = '' WHERE id = '40decd60-151e-4ad7-8a75-44a1f4483905';
UPDATE art_ping.employee SET asc_project_name = 'project101', desc_project_name = 'project66', asc_role_name = ' ', desc_role_name = '' WHERE id = 'b9b3d71b-2925-4ad9-93d0-603b6ce5c447';
UPDATE art_ping.employee SET asc_project_name = 'project107', desc_project_name = 'project96', asc_role_name = '   ', desc_role_name = '' WHERE id = '0a016578-3d13-455f-b13a-520c1d515805';
UPDATE art_ping.employee SET asc_project_name = 'project46', desc_project_name = 'project99', asc_role_name = '', desc_role_name = '' WHERE id = 'f6a4faa4-2382-4314-b096-41bb5cc149f6';
UPDATE art_ping.employee SET asc_project_name = 'project106', desc_project_name = 'project96', asc_role_name = '', desc_role_name = '' WHERE id = 'cea1074e-12e6-4fe6-b872-88c56302025d';
UPDATE art_ping.employee SET asc_project_name = 'project119', desc_project_name = 'project79', asc_role_name = '   ', desc_role_name = '' WHERE id = '6cf2506e-1085-420b-9252-851e9917bd80';
UPDATE art_ping.employee SET asc_project_name = 'project104', desc_project_name = 'project70', asc_role_name = '', desc_role_name = '' WHERE id = '93f4e756-2150-4de8-b311-5742ba03a70e';
UPDATE art_ping.employee SET asc_project_name = 'project103', desc_project_name = 'project93', asc_role_name = ' ', desc_role_name = '' WHERE id = 'dcd7d596-0014-4d32-b3fb-d41fe32db9b0';
UPDATE art_ping.employee SET asc_project_name = 'project16', desc_project_name = 'project87', asc_role_name = '   ', desc_role_name = '' WHERE id = '3237697f-4825-4b39-82d4-363dcb46f4f7';
UPDATE art_ping.employee SET asc_project_name = 'project47', desc_project_name = 'project56', asc_role_name = ' ', desc_role_name = '' WHERE id = '48abdbe1-8aaf-44d3-8071-cfbc0f9a904f';
UPDATE art_ping.employee SET asc_project_name = 'project144', desc_project_name = 'project97', asc_role_name = '', desc_role_name = '' WHERE id = '0d878bc5-1550-4162-b0c2-37ef0a86734e';
UPDATE art_ping.employee SET asc_project_name = 'project103', desc_project_name = 'project72', asc_role_name = '   ', desc_role_name = '' WHERE id = '5a9b6125-02bc-4c94-872b-cff8f59bf804';
UPDATE art_ping.employee SET asc_project_name = 'project111', desc_project_name = 'project97', asc_role_name = '', desc_role_name = '' WHERE id = '50fdbdbe-cd9f-43c4-a5d6-5739de4e047a';
UPDATE art_ping.employee SET asc_project_name = 'project11', desc_project_name = 'project48', asc_role_name = '   ', desc_role_name = '' WHERE id = 'c5f2ad86-5440-4a19-a53f-60fd90dd693f';
UPDATE art_ping.employee SET asc_project_name = 'project10', desc_project_name = 'project95', asc_role_name = '', desc_role_name = '' WHERE id = '6beb736f-c2f9-4b54-a9e5-de76dab5e416';
UPDATE art_ping.employee SET asc_project_name = 'project117', desc_project_name = 'project69', asc_role_name = '   ', desc_role_name = '' WHERE id = 'b2cb052c-5cd3-47c7-ad21-1f72c33135c8';
UPDATE art_ping.employee SET asc_project_name = 'project1', desc_project_name = 'project95', asc_role_name = '   ', desc_role_name = '' WHERE id = '4525153b-7d9b-4dc3-b4cf-6ffc64f39c28';
UPDATE art_ping.employee SET asc_project_name = 'project125', desc_project_name = 'project86', asc_role_name = '', desc_role_name = '' WHERE id = 'a9190978-5c24-44a5-a2c4-75739f690ee7';
UPDATE art_ping.employee SET asc_project_name = 'project104', desc_project_name = 'project89', asc_role_name = '   ', desc_role_name = '' WHERE id = 'b461a3ce-c839-42b2-8f14-96886d8f4f09';
UPDATE art_ping.employee SET asc_project_name = 'project110', desc_project_name = 'project87', asc_role_name = '', desc_role_name = '' WHERE id = '2f4d0c07-8885-4053-bb24-5dde69432d8d';
UPDATE art_ping.employee SET asc_project_name = 'project23', desc_project_name = 'project74', asc_role_name = '', desc_role_name = '' WHERE id = '8b1fa245-7c54-4fba-a76d-5fb65be1bfb2';
UPDATE art_ping.employee SET asc_project_name = 'project116', desc_project_name = 'project89', asc_role_name = '', desc_role_name = '' WHERE id = 'ee18821c-2fac-45b7-93ce-d2c6f213b7a2';
UPDATE art_ping.employee SET asc_project_name = 'project132', desc_project_name = 'project89', asc_role_name = ' ', desc_role_name = '' WHERE id = '305804cb-4401-4585-b0a1-6cf519174104';
UPDATE art_ping.employee SET asc_project_name = 'project144', desc_project_name = 'project9', asc_role_name = '', desc_role_name = '' WHERE id = '6788fe9e-0b6d-4091-9d2d-b7b395b0d6b9';
UPDATE art_ping.employee SET asc_project_name = 'project11', desc_project_name = 'project87', asc_role_name = '', desc_role_name = '' WHERE id = '71825d81-7080-4395-85db-0677974028fb';
UPDATE art_ping.employee SET asc_project_name = 'project110', desc_project_name = 'project99', asc_role_name = ' ', desc_role_name = '' WHERE id = 'c015fe98-c89a-4f48-a784-fbc0111a03ea';
UPDATE art_ping.employee SET asc_project_name = 'project113', desc_project_name = 'project47', asc_role_name = ' ', desc_role_name = '' WHERE id = '41cfd1b0-cc08-4dce-a5be-82b58b374970';
UPDATE art_ping.employee SET asc_project_name = 'project148', desc_project_name = 'project4', asc_role_name = ' ', desc_role_name = '' WHERE id = 'e94eaf5e-e5b2-4db0-be81-ec0a0972d75e';
UPDATE art_ping.employee SET asc_project_name = 'project114', desc_project_name = 'project75', asc_role_name = '', desc_role_name = '' WHERE id = '3a59ad8e-4d52-442e-a860-dc5cd2d2d9cb';
UPDATE art_ping.employee SET asc_project_name = 'project17', desc_project_name = 'project85', asc_role_name = '', desc_role_name = '' WHERE id = '75bca82a-fe34-425a-a230-6a38050796e1';
UPDATE art_ping.employee SET asc_project_name = 'project12', desc_project_name = 'project96', asc_role_name = '', desc_role_name = '' WHERE id = '84f9873e-cac9-467a-b5f5-5cf2383ec72c';
UPDATE art_ping.employee SET asc_project_name = 'project45', desc_project_name = 'project87', asc_role_name = '   ', desc_role_name = '' WHERE id = '40bf09a0-3331-4752-9542-97396ed2067c';
UPDATE art_ping.employee SET asc_project_name = 'project0', desc_project_name = 'project95', asc_role_name = ' ', desc_role_name = '' WHERE id = '0c821e0c-2b09-4292-be75-7b83ab2d548a';
UPDATE art_ping.employee SET asc_project_name = 'project27', desc_project_name = 'project98', asc_role_name = '   ', desc_role_name = '' WHERE id = '12ccec95-be0d-40d8-a321-0184bb0feb4d';
UPDATE art_ping.employee SET asc_project_name = 'project105', desc_project_name = 'project59', asc_role_name = '', desc_role_name = '' WHERE id = '195cf61d-97d8-4578-a11a-6c29165d15e8';
UPDATE art_ping.employee SET asc_project_name = 'project135', desc_project_name = 'project85', asc_role_name = '', desc_role_name = '' WHERE id = '0a32321e-9946-4440-895f-8dab26e8bc8e';
UPDATE art_ping.employee SET asc_project_name = 'project112', desc_project_name = 'project86', asc_role_name = '', desc_role_name = '' WHERE id = '95fdbcff-3bcd-432c-b94c-1253010246fb';
UPDATE art_ping.employee SET asc_project_name = 'project101', desc_project_name = 'project7', asc_role_name = '', desc_role_name = '' WHERE id = '7996b9e7-2d2b-40c1-832f-62eb11b14899';
UPDATE art_ping.employee SET asc_project_name = 'project132', desc_project_name = 'project78', asc_role_name = '   ', desc_role_name = '' WHERE id = 'b3b03389-d44a-45db-beca-28573ca0d074';
UPDATE art_ping.employee SET asc_project_name = 'project108', desc_project_name = 'project68', asc_role_name = '', desc_role_name = '' WHERE id = '33a091cc-41fc-4e79-bca9-a365574a3d31';
UPDATE art_ping.employee SET asc_project_name = 'project127', desc_project_name = 'project45', asc_role_name = '', desc_role_name = '' WHERE id = '469ad035-138e-4ed1-8a41-c2cdd929c11a';
UPDATE art_ping.employee SET asc_project_name = 'project128', desc_project_name = 'project46', asc_role_name = '', desc_role_name = '' WHERE id = '5db0bab2-7d5a-4f71-91f4-dda3804e123f';
UPDATE art_ping.employee SET asc_project_name = 'project138', desc_project_name = 'project97', asc_role_name = '   ', desc_role_name = '' WHERE id = '9dcaf691-4d1a-4934-90eb-bdab583f413f';
UPDATE art_ping.employee SET asc_project_name = 'project106', desc_project_name = 'project76', asc_role_name = '', desc_role_name = '' WHERE id = '3a0f78e5-a19d-47c8-8efa-be56fb97b7d4';
UPDATE art_ping.employee SET asc_project_name = 'project13', desc_project_name = 'project71', asc_role_name = '', desc_role_name = '' WHERE id = '157bf713-ca0b-4b28-a463-b239600d6db9';
UPDATE art_ping.employee SET asc_project_name = 'project27', desc_project_name = 'project96', asc_role_name = '', desc_role_name = '' WHERE id = 'c018b9fa-a313-4b9d-845e-f8bf6764cb90';
UPDATE art_ping.employee SET asc_project_name = 'project102', desc_project_name = 'project48', asc_role_name = '', desc_role_name = '' WHERE id = '5956d2ed-5ef1-4583-85a6-e096b3eabbe7';
UPDATE art_ping.employee SET asc_project_name = 'project131', desc_project_name = 'project93', asc_role_name = '', desc_role_name = '' WHERE id = 'c8bd3956-7976-4fc6-b067-f8e3742811c5';
UPDATE art_ping.employee SET asc_project_name = 'project149', desc_project_name = 'project96', asc_role_name = ' ', desc_role_name = '' WHERE id = 'ae2182b4-101d-4037-9ab1-7de9bdd32b9d';
UPDATE art_ping.employee SET asc_project_name = 'project10', desc_project_name = 'project84', asc_role_name = ' ', desc_role_name = '' WHERE id = 'f91e4bda-8d4b-4d47-9499-1a228005438e';
UPDATE art_ping.employee SET asc_project_name = 'project11', desc_project_name = 'project47', asc_role_name = ' ', desc_role_name = '' WHERE id = '35e9c910-a703-4e55-868a-6349b2932c2e';
UPDATE art_ping.employee SET asc_project_name = 'project104', desc_project_name = 'project95', asc_role_name = '', desc_role_name = '' WHERE id = 'b729d9e5-33eb-4dbf-ac6a-809af5fcbd2d';
UPDATE art_ping.employee SET asc_project_name = 'project115', desc_project_name = 'project58', asc_role_name = '', desc_role_name = '' WHERE id = 'ff6cd514-030b-4dce-9bb8-c6027800b66a';
UPDATE art_ping.employee SET asc_project_name = 'project11', desc_project_name = 'project99', asc_role_name = '   ', desc_role_name = '' WHERE id = '4467c931-7c5b-4458-b5e8-ae6c4a45b2e2';
UPDATE art_ping.employee SET asc_project_name = 'project102', desc_project_name = 'project87', asc_role_name = '   ', desc_role_name = '' WHERE id = '4eb70aff-a3e3-41ed-ae45-cfec802d1044';
UPDATE art_ping.employee SET asc_project_name = 'project22', desc_project_name = 'project91', asc_role_name = '', desc_role_name = '' WHERE id = 'd777d6d3-aac0-43b9-94fb-147f00e1cb50';
UPDATE art_ping.employee SET asc_project_name = 'project110', desc_project_name = 'project99', asc_role_name = '', desc_role_name = '' WHERE id = 'c180ae1b-fc61-4d49-990b-d7cb600e844a';
UPDATE art_ping.employee SET asc_project_name = 'project136', desc_project_name = 'project34', asc_role_name = '   ', desc_role_name = '' WHERE id = 'd0d35692-5ae8-4dc5-9c90-b75c222a6b4a';
UPDATE art_ping.employee SET asc_project_name = 'project109', desc_project_name = 'project89', asc_role_name = '', desc_role_name = '' WHERE id = 'cb313ea8-de1d-4276-b126-cac2dd2e005b';
UPDATE art_ping.employee SET asc_project_name = 'project125', desc_project_name = 'project99', asc_role_name = '', desc_role_name = '' WHERE id = '27ccbe89-6b69-470b-aaf2-c7171f6f805a';
UPDATE art_ping.employee SET asc_project_name = 'project19', desc_project_name = 'project95', asc_role_name = '', desc_role_name = '' WHERE id = '189d8dc4-e125-4bb9-84d9-80d44ede46cc';
UPDATE art_ping.employee SET asc_project_name = 'project107', desc_project_name = 'project85', asc_role_name = '', desc_role_name = '' WHERE id = '149d7ba5-7f25-4b0f-b6a6-1f051640184c';
UPDATE art_ping.employee SET asc_project_name = 'project102', desc_project_name = 'project91', asc_role_name = '   ', desc_role_name = '' WHERE id = 'ee440af7-8f43-4607-96af-7d2552158e42';
UPDATE art_ping.employee SET asc_project_name = 'project10', desc_project_name = 'project34', asc_role_name = ' ', desc_role_name = '' WHERE id = '6841e389-611a-4268-bbb1-7aa0a6049894';
UPDATE art_ping.employee SET asc_project_name = 'project134', desc_project_name = 'project97', asc_role_name = '   ', desc_role_name = '' WHERE id = '3fe6a415-e23f-4902-bf19-9f1fd98db8a2';
UPDATE art_ping.employee SET asc_project_name = 'project118', desc_project_name = 'project38', asc_role_name = '', desc_role_name = '' WHERE id = '35b57b32-3cd9-487f-9e75-f32ee5ea10fd';
UPDATE art_ping.employee SET asc_project_name = 'project102', desc_project_name = 'project80', asc_role_name = '', desc_role_name = '' WHERE id = 'cd7c3636-983d-4772-a6a2-190b60419c5d';
UPDATE art_ping.employee SET asc_project_name = 'project101', desc_project_name = 'project83', asc_role_name = '   ', desc_role_name = '' WHERE id = '703df4e6-31a6-42bd-98c8-03f227671bd5';
UPDATE art_ping.employee SET asc_project_name = 'project16', desc_project_name = 'project3', asc_role_name = '', desc_role_name = '' WHERE id = '0f75c8b9-a63f-4ca9-a328-f1d738e670cc';
UPDATE art_ping.employee SET asc_project_name = 'project132', desc_project_name = 'project7', asc_role_name = '   ', desc_role_name = '' WHERE id = 'e51bf89d-1f27-4eb3-8bfe-394afe3761f2';
UPDATE art_ping.employee SET asc_project_name = 'project120', desc_project_name = 'project83', asc_role_name = '   ', desc_role_name = '' WHERE id = '03bd88d1-01fd-4196-9869-a66e3c7f5d50';
UPDATE art_ping.employee SET asc_project_name = 'project119', desc_project_name = 'project89', asc_role_name = '   ', desc_role_name = '' WHERE id = 'cb53f907-5eb3-469c-9923-27ce1f5e789c';
UPDATE art_ping.employee SET asc_project_name = 'project102', desc_project_name = 'project83', asc_role_name = ' ', desc_role_name = '' WHERE id = '63fc2908-a7d8-4f1b-afd5-be04c4cedac5';
UPDATE art_ping.employee SET asc_project_name = 'project104', desc_project_name = 'project9', asc_role_name = '   ', desc_role_name = '' WHERE id = 'bdcbc5a8-1bcc-40de-918c-83a380dcf069';
UPDATE art_ping.employee SET asc_project_name = 'project144', desc_project_name = 'project99', asc_role_name = ' ', desc_role_name = '' WHERE id = '15bba202-c20a-4a9f-8b7b-d254c4b076b1';
UPDATE art_ping.employee SET asc_project_name = 'project1', desc_project_name = 'project143', asc_role_name = '', desc_role_name = '' WHERE id = '6082c2d2-fa22-4c0b-b577-44c65009575c';
UPDATE art_ping.employee SET asc_project_name = 'project107', desc_project_name = 'project81', asc_role_name = '', desc_role_name = '' WHERE id = 'b2710513-c31f-4bf0-bc4c-e0b5f89ed939';
UPDATE art_ping.employee SET asc_project_name = 'project147', desc_project_name = 'project82', asc_role_name = '   ', desc_role_name = '' WHERE id = 'b229245e-89c7-4bc9-99a0-c6bf47fc5316';
UPDATE art_ping.employee SET asc_project_name = 'project16', desc_project_name = 'project67', asc_role_name = ' ', desc_role_name = '' WHERE id = '70d0ef25-cd5a-4744-aee0-8eb0fe24f88f';
UPDATE art_ping.employee SET asc_project_name = 'project102', desc_project_name = 'project39', asc_role_name = '', desc_role_name = '' WHERE id = '53614077-53a2-451e-9a55-acabc538a8ea';
UPDATE art_ping.employee SET asc_project_name = 'project1', desc_project_name = 'project73', asc_role_name = '', desc_role_name = '' WHERE id = 'dcb84d47-8c0a-475e-a903-a7ea3331b111';
UPDATE art_ping.employee SET asc_project_name = 'project147', desc_project_name = 'project88', asc_role_name = '   ', desc_role_name = '' WHERE id = 'be4a84fb-dcfb-484c-9e59-6ec2c03ab595';
UPDATE art_ping.employee SET asc_project_name = 'project107', desc_project_name = 'project66', asc_role_name = '', desc_role_name = '' WHERE id = '2bce4499-9f91-4b28-9e53-892559f60dbb';
UPDATE art_ping.employee SET asc_project_name = 'project50', desc_project_name = 'project63', asc_role_name = ' ', desc_role_name = '' WHERE id = '0d07c6be-33d7-4849-b55b-6625d87427d5';
UPDATE art_ping.employee SET asc_project_name = 'project137', desc_project_name = 'project84', asc_role_name = '', desc_role_name = '' WHERE id = '086bed16-e93d-48ab-a454-743bcc8def53';
UPDATE art_ping.employee SET asc_project_name = 'project25', desc_project_name = 'project46', asc_role_name = '', desc_role_name = '' WHERE id = '9ba04272-ae67-4d5d-918a-7dc77c4f1526';
UPDATE art_ping.employee SET asc_project_name = 'project43', desc_project_name = 'project82', asc_role_name = '', desc_role_name = '' WHERE id = 'b3fa6705-7a65-48c7-a569-6c71afde850c';
UPDATE art_ping.employee SET asc_project_name = 'project119', desc_project_name = 'project86', asc_role_name = '   ', desc_role_name = '' WHERE id = '448cde14-417e-4a81-811b-97f60537e967';
UPDATE art_ping.employee SET asc_project_name = 'project1', desc_project_name = 'project81', asc_role_name = '', desc_role_name = '' WHERE id = 'f10ea80a-52d0-4a17-bc85-99bfcd58f680';
UPDATE art_ping.employee SET asc_project_name = 'project118', desc_project_name = 'project82', asc_role_name = '', desc_role_name = '' WHERE id = '71e411a1-8cd4-4fcd-af2d-9b05916f7b15';
UPDATE art_ping.employee SET asc_project_name = 'project106', desc_project_name = 'project97', asc_role_name = '   ', desc_role_name = '' WHERE id = 'd8a55535-6da6-45e7-a100-1413c7c52f6d';
UPDATE art_ping.employee SET asc_project_name = 'project1', desc_project_name = 'project79', asc_role_name = '', desc_role_name = '' WHERE id = '9e8e4e86-7d83-4115-af93-76a8126878ca';
UPDATE art_ping.employee SET asc_project_name = 'project124', desc_project_name = 'project98', asc_role_name = '   ', desc_role_name = '' WHERE id = 'c1e36d5f-8a85-4b87-aa10-47996d010346';
UPDATE art_ping.employee SET asc_project_name = 'null', desc_project_name = 'null', asc_role_name = '   ', desc_role_name = '' WHERE id = '0fd172e1-f8a1-472b-b6b4-cb956e9c9e4e';
